asset__id,asset__asset_code,asset__name,asset__asset_type,asset__subtype,asset__district,asset__owner,asset__status,asset__identity_status,asset__built_year,asset__design_life_years,asset__material,asset__condition,asset__source_id,asset__confidence_score,asset__is_estimated,asset__created_at,asset__updated_at,target__health_score,target__risk_score,target__risk_class,target__rul_years,target__label_status,dam_barrage_feature_snapshots__evidence_count,dam_barrage_feature_snapshots__asset_name,dam_barrage_feature_snapshots__asset_type,dam_barrage_feature_snapshots__feature_version,dam_barrage_feature_snapshots__static_features,dam_barrage_feature_snapshots__hydrology_features,dam_barrage_feature_snapshots__has_direct_hydrology,dam_barrage_feature_snapshots__generated_at,asset_hydrology_source_matches__evidence_count,asset_engineering_evidence_normalized__evidence_count,asset_engineering_evidence_normalized__asset_name,asset_engineering_evidence_normalized__asset_type,asset_engineering_evidence_normalized__document_id,asset_engineering_evidence_normalized__source_id,asset_engineering_evidence_normalized__evidence_id,asset_engineering_evidence_normalized__completion_year,asset_engineering_evidence_normalized__commencement_year,asset_engineering_evidence_normalized__dam_height_m,asset_engineering_evidence_normalized__dam_length_m,asset_engineering_evidence_normalized__dam_volume_source_value,asset_engineering_evidence_normalized__gate_count,asset_engineering_evidence_normalized__gate_size_raw,asset_engineering_evidence_normalized__gate_type,asset_engineering_evidence_normalized__design_flood_source_value,asset_engineering_evidence_normalized__spillway_capacity_source_value,asset_engineering_evidence_normalized__spillway_level_m,asset_engineering_evidence_normalized__spillway_length_m,asset_engineering_evidence_normalized__spillway_type,asset_engineering_evidence_normalized__river_name,asset_engineering_evidence_normalized__dam_type,asset_engineering_evidence_normalized__seismic_zone,asset_engineering_evidence_normalized__registry_status,asset_engineering_evidence_normalized__nrld_no,asset_engineering_evidence_normalized__structure_code,asset_engineering_evidence_normalized__nearest_city,asset_engineering_evidence_normalized__operating_agency,asset_engineering_evidence_normalized__age_years,asset_engineering_evidence_normalized__engineering_fields_available,asset_engineering_evidence_normalized__engineering_completeness,asset_engineering_evidence_normalized__has_direct_hydrology,asset_engineering_evidence_normalized__authority_level,asset_engineering_evidence_normalized__origin,asset_engineering_evidence_normalized__quality_flag,asset_engineering_evidence_normalized__confidence_score,asset_engineering_evidence_normalized__updated_at,official_evidence__evidence_count,official_evidence__document_id,official_evidence__source_id,official_evidence__evidence_type,official_evidence__field_name,official_evidence__numeric_value,official_evidence__text_value,official_evidence__unit,official_evidence__rating_system,official_evidence__observed_at,official_evidence__valid_from,official_evidence__valid_to,official_evidence__authority_level,official_evidence__origin,official_evidence__quality_flag,official_evidence__confidence_score,official_evidence__is_official,official_evidence__is_derived,official_evidence__is_synthetic,official_evidence__processing_method,official_evidence__extraction_metadata,official_evidence__created_at,official_evidence__updated_at,environment_observations__evidence_count
3,AP_DAM_00002,Polavaram Project,dam,multipurpose_dam,Eluru,Water Resources Department,ACTIVE,NEEDS_VERIFICATION,,,concrete,FAIR,1,0.35,True,2026-08-26T15:31:16.267444+00:00,2026-08-29T14:45:46.967391+00:00,,,,,NO_REAL_STRUCTURAL_LABEL,1,Polavaram Project,dam,ap_dam_barrage_state_v1,"{""origin"": ""GOVERNMENT_DERIVED_MIRROR"", ""nrld_no"": null, ""dam_type"": null, ""age_years"": null, ""gate_type"": null, ""built_year"": null, ""gate_count"": null, ""river_name"": ""Godavari"", ""dam_height_m"": null, ""dam_length_m"": null, ""quality_flag"": ""SOURCE_PRESERVED"", ""seismic_zone"": ""Seismic Zone-III"", ""spillway_type"": null, ""structure_code"": ""D06328"", ""authority_level"": ""B2"", ""completion_year"": null, ""registry_status"": ""Under Construction"", ""spillway_level_m"": null, ""commencement_year"": null, ""spillway_length_m"": null, ""dam_volume_source_value"": null, ""engineering_completeness"": 0.2, ""design_flood_source_value"": null, ""engineering_fields_available"": 2.0, ""engineering_source_confidence"": 0.8, ""spillway_capacity_source_value"": null}",{},False,2026-09-03T04:52:14.819262+00:00,0,1,Polavaram Project,dam,1,103,118,,,,,,,,,,,,,,Godavari,,Seismic Zone-III,Under Construction,,D06328,,"WRD, Govt of AP",,2,0.2,False,B2,GOVERNMENT_DERIVED_MIRROR,SOURCE_PRESERVED,0.8,2026-09-03T04:45:38.976858+00:00,1,1,103,ASSET_REGISTRY,wris_registry_record,,Polavaram Dam,,,,,,B2,GOVERNMENT_DERIVED_MIRROR,SOURCE_PRESERVED,0.8,False,False,False,AP state filter + external ID + spatial/name resolution,"{""geometry"": {""type"": ""Point"", ""coordinates"": [81.67168766, 17.28745269]}, ""properties"": {""class"": ""CLASS 3"", ""state"": ""AP"", ""bacode"": ""03"", ""dtcode"": ""East Godavari"", ""dam_vol"": null, ""dm_name"": ""Polavaram Dam"", ""dm_type"": null, ""nrld_no"": null, ""rivcode"": ""Godavari"", ""dm_ncity"": null, ""objectid"": 4587, ""strucode"": ""D06328"", ""dm_cmn_yr"": null, ""dm_cmp_yr"": null, ""dm_coment"": null, ""dm_height"": null, ""dm_length"": null, ""dm_status"": ""Under Construction"", ""dm_gate_no"": null, ""dm_gate_sz"": null, ""dm_flod_des"": null, ""dm_gt_ungtd"": null, ""dm_mod_oper"": null, ""dm_ses_zone"": ""Seismic Zone-III"", ""dm_spil_cap"": null, ""dm_spil_lev"": null, ""dm_gate_type"": null, ""dm_sluice_sz"": null, ""dm_spil_leng"": null, ""dm_spil_type"": null, ""dm_cn_gate_no"": null, ""dm_ener_dissp"": null, ""dm_inst_inter"": null, ""dm_perliament"": ""Araku"", ""dm_ph_gate_no"": null, ""dm_instru_embed"": null, ""dm_oper_main_age"": ""WRD, Govt of AP"", ""dm_sluice_purpose"": null, ""dm_inst_inter_ager"": null, ""dm_no_river_sluice"": null}}",2026-08-29T14:45:46.967391+00:00,2026-08-29T14:45:46.967391+00:00,3
5,AP_DAM_NWDP_AP01VH0059,Srisailam Project (N.S.R.S.P),dam,reservoir_dam,Nandyal,,ACTIVE,VERIFIED,1984,,,,4,1.0,False,2026-08-27T02:15:45.657494+00:00,2026-08-30T03:45:04.644176+00:00,,,,,NO_REAL_STRUCTURAL_LABEL,1,Srisailam Project (N.S.R.S.P),dam,ap_dam_barrage_state_v1,"{""origin"": null, ""nrld_no"": null, ""dam_type"": null, ""age_years"": null, ""gate_type"": null, ""built_year"": 1984.0, ""gate_count"": null, ""river_name"": null, ""dam_height_m"": null, ""dam_length_m"": null, ""quality_flag"": null, ""seismic_zone"": null, ""spillway_type"": null, ""structure_code"": null, ""authority_level"": null, ""completion_year"": null, ""registry_status"": null, ""spillway_level_m"": null, ""commencement_year"": null, ""spillway_length_m"": null, ""dam_volume_source_value"": null, ""engineering_completeness"": null, ""design_flood_source_value"": null, ""engineering_fields_available"": null, ""engineering_source_confidence"": null, ""spillway_capacity_source_value"": null}",{},False,2026-09-03T04:52:14.819262+00:00,0,0,,,,,,,,,,,,,,,,,,,,,,,,,,,,,,,,,,,,1,3,100,DAM_SAFETY_GOVERNANCE,emergency_action_plan_status,,PREPARED_AND_SUBMITTED_TO_CWC,,,,,,A1,OBSERVED,OFFICIAL_DOCUMENT,0.95,True,False,False,CWC_DRIP_TC3_EXPLICIT_STATEMENT,{},2026-08-29T16:05:33.687671+00:00,2026-08-29T16:05:33.687671+00:00,364
7,AP_DAM_NWDP_AP01MH0011,Upper Pennar,dam,reservoir_dam,Sri Sathya Sai,Irrg.& CAD Dept.,ACTIVE,VERIFIED,1958,,,,4,1.0,False,2026-08-27T16:12:16.450607+00:00,2026-08-29T14:45:46.967391+00:00,,,,,NO_REAL_STRUCTURAL_LABEL,1,Upper Pennar,dam,ap_dam_barrage_state_v1,"{""origin"": ""GOVERNMENT_DERIVED_MIRROR"", ""nrld_no"": ""AP01MH0011"", ""dam_type"": ""TE"", ""age_years"": 67.0, ""gate_type"": ""LG"", ""built_year"": 1958.0, ""gate_count"": 8.0, ""river_name"": ""Pennar"", ""dam_height_m"": 16.74, ""dam_length_m"": 3505.0, ""quality_flag"": ""SOURCE_PRESERVED"", ""seismic_zone"": ""Seismic Zone-II"", ""spillway_type"": ""OG"", ""structure_code"": ""D02365"", ""authority_level"": ""B2"", ""completion_year"": 1959.0, ""registry_status"": ""Completed"", ""spillway_level_m"": 526.39, ""commencement_year"": null, ""spillway_length_m"": null, ""dam_volume_source_value"": 594.0, ""engineering_completeness"": 1.0, ""design_flood_source_value"": 3398.0, ""engineering_fields_available"": 10.0, ""engineering_source_confidence"": 0.8, ""spillway_capacity_source_value"": 3398.0}","{""manual_daily_reservoir_storage_mcm"": {""max"": 50.68, ""min"": 0.0, ""std"": 10.771314756237837, ""mean"": 5.438056770985669, ""count"": 6838, ""latest"": 0.14, ""latest_zscore"": -0.4918672317060906, ""freshness_days"": 214.8696142734259}, ""manual_daily_reservoir_water_level_m"": {""max"": 538.8864, ""min"": 0.0, ""std"": 204.58808125189324, ""mean"": 430.8349394434045, ""count"": 6838, ""latest"": 526.3896, ""latest_zscore"": 0.46705878451905775, ""freshness_days"": 551.8696142734259}}",True,2026-09-03T04:52:14.819262+00:00,3,1,Upper Pennar,dam,1,103,48,1959,,16.74,3505.0,594.0,8,12.19 x 4.88,LG,3398.0,3398.0,526.39,,OG,Pennar,TE,Seismic Zone-II,Completed,AP01MH0011,D02365,Dharmavaram,Irrg.& CAD Dept.,67.0,10,1.0,True,B2,GOVERNMENT_DERIVED_MIRROR,SOURCE_PRESERVED,0.8,2026-09-03T04:45:38.976858+00:00,1,1,103,ASSET_REGISTRY,wris_registry_record,,Upper Pennar Dam,,,,,,B2,GOVERNMENT_DERIVED_MIRROR,SOURCE_PRESERVED,0.8,False,False,False,AP state filter + external ID + spatial/name resolution,"{""geometry"": {""type"": ""Point"", ""coordinates"": [77.35415767, 14.33671722]}, ""properties"": {""class"": ""Class 1"", ""state"": ""AP"", ""bacode"": ""09"", ""dtcode"": ""Anantapur"", ""dam_vol"": ""594"", ""dm_name"": ""Upper Pennar Dam"", ""dm_type"": ""TE"", ""nrld_no"": ""AP01MH0011"", ""rivcode"": ""Pennar"", ""dm_ncity"": ""Dharmavaram"", ""objectid"": 1717, ""strucode"": ""D02365"", ""dm_cmn_yr"": null, ""dm_cmp_yr"": ""1959"", ""dm_coment"": null, ""dm_height"": ""16.74"", ""dm_length"": ""3505"", ""dm_status"": ""Completed"", ""dm_gate_no"": 8, ""dm_gate_sz"": ""12.19 x 4.88"", ""dm_flod_des"": ""3398"", ""dm_gt_ungtd"": null, ""dm_mod_oper"": null, ""dm_ses_zone"": ""Seismic Zone-II"", ""dm_spil_cap"": 3398.0, ""dm_spil_lev"": 526.39, ""dm_gate_type"": ""LG"", ""dm_sluice_sz"": null, ""dm_spil_leng"": null, ""dm_spil_type"": ""OG"", ""dm_cn_gate_no"": null, ""dm_ener_dissp"": null, ""dm_inst_inter"": null, ""dm_perliament"": ""Hindupur"", ""dm_ph_gate_no"": null, ""dm_instru_embed"": null, ""dm_oper_main_age"": ""Irrg.& CAD Dept."", ""dm_sluice_purpose"": null, ""dm_inst_inter_ager"": null, ""dm_no_river_sluice"": null}}",2026-08-29T14:45:46.967391+00:00,2026-08-29T14:45:46.967391+00:00,4
8,AP_DAM_NWDP_AP01HH0040,Kalyani Dam,dam,reservoir_dam,Tirupati,TTD,ACTIVE,VERIFIED,1977,,,,4,1.0,False,2026-08-27T16:12:16.450607+00:00,2026-08-29T14:45:46.967391+00:00,,,,,NO_REAL_STRUCTURAL_LABEL,1,Kalyani Dam,dam,ap_dam_barrage_state_v1,"{""origin"": ""GOVERNMENT_DERIVED_MIRROR"", ""nrld_no"": ""AP01HH0040"", ""dam_type"": ""TE + PG"", ""age_years"": 49.0, ""gate_type"": ""RD"", ""built_year"": 1977.0, ""gate_count"": 3.0, ""river_name"": ""Kalyani"", ""dam_height_m"": 36.0, ""dam_length_m"": 500.0, ""quality_flag"": ""SOURCE_PRESERVED"", ""seismic_zone"": ""Seismic Zone-III"", ""spillway_type"": null, ""structure_code"": ""D03636"", ""authority_level"": ""B2"", ""completion_year"": 1977.0, ""registry_status"": ""Completed"", ""spillway_level_m"": 266.70080437, ""commencement_year"": null, ""spillway_length_m"": null, ""dam_volume_source_value"": null, ""engineering_completeness"": 1.0, ""design_flood_source_value"": 1342.0, ""engineering_fields_available"": 10.0, ""engineering_source_confidence"": 0.8, ""spillway_capacity_source_value"": 1614.0}","{""manual_daily_reservoir_storage_mcm"": {""max"": 118.216, ""min"": 0.1141, ""std"": 7.4835108039429326, ""mean"": 9.475015793357935, ""count"": 6775, ""latest"": 16.072, ""latest_zscore"": 0.8815360035514651, ""freshness_days"": 201.8696142734259}, ""manual_daily_reservoir_water_level_m"": {""max"": 274.137127, ""min"": 253.243073, ""std"": 6.459129099424242, ""mean"": 263.9463386402538, ""count"": 6777, ""latest"": 269.961364, ""latest_zscore"": 0.9312440217803274, ""freshness_days"": 201.8696142734259}}",True,2026-09-03T04:52:14.819262+00:00,4,1,Kalyani Dam,dam,1,103,76,1977,,36.0,500.0,,3,12.192 x 7.62,RD,1342.0,1614.0,266.70080437,,,Kalyani,TE + PG,Seismic Zone-III,Completed,AP01HH0040,D03636,Chandragiri,TTD,49.0,10,1.0,True,B2,GOVERNMENT_DERIVED_MIRROR,SOURCE_PRESERVED,0.8,2026-09-03T04:45:38.976858+00:00,1,1,103,ASSET_REGISTRY,wris_registry_record,,Kalyani Dam,,,,,,B2,GOVERNMENT_DERIVED_MIRROR,SOURCE_PRESERVED,0.8,False,False,False,AP state filter + external ID + spatial/name resolution,"{""geometry"": {""type"": ""Point"", ""coordinates"": [79.26928378, 13.65754768]}, ""properties"": {""class"": ""CLASS 3"", ""state"": ""AP"", ""bacode"": ""17"", ""dtcode"": ""Chittoor"", ""dam_vol"": null, ""dm_name"": ""Kalyani Dam"", ""dm_type"": ""TE + PG"", ""nrld_no"": ""AP01HH0040"", ""rivcode"": ""Kalyani"", ""dm_ncity"": ""Chandragiri"", ""objectid"": 2740, ""strucode"": ""D03636"", ""dm_cmn_yr"": null, ""dm_cmp_yr"": ""1977"", ""dm_coment"": null, ""dm_height"": ""36"", ""dm_length"": ""500"", ""dm_status"": ""Completed"", ""dm_gate_no"": 3, ""dm_gate_sz"": ""12.192 x 7.62"", ""dm_flod_des"": ""1342"", ""dm_gt_ungtd"": null, ""dm_mod_oper"": null, ""dm_ses_zone"": ""Seismic Zone-III"", ""dm_spil_cap"": 1614.0, ""dm_spil_lev"": 266.70080437, ""dm_gate_type"": ""RD"", ""dm_sluice_sz"": null, ""dm_spil_leng"": null, ""dm_spil_type"": null, ""dm_cn_gate_no"": null, ""dm_ener_dissp"": null, ""dm_inst_inter"": null, ""dm_perliament"": ""Tirupati"", ""dm_ph_gate_no"": null, ""dm_instru_embed"": null, ""dm_oper_main_age"": ""TTD"", ""dm_sluice_purpose"": null, ""dm_inst_inter_ager"": null, ""dm_no_river_sluice"": null}}",2026-08-29T14:45:46.967391+00:00,2026-08-29T14:45:46.967391+00:00,4
9,AP_DAM_NWDP_AP01HH0049,Pedderu,dam,reservoir_dam,Annamayya,Irrg.& CAD Dept.,ACTIVE,VERIFIED,1980,,,,4,1.0,False,2026-08-27T16:12:16.450607+00:00,2026-08-29T14:45:46.967391+00:00,,,,,NO_REAL_STRUCTURAL_LABEL,1,Pedderu,dam,ap_dam_barrage_state_v1,"{""origin"": ""GOVERNMENT_DERIVED_MIRROR"", ""nrld_no"": ""AP01HH0049"", ""dam_type"": ""TE"", ""age_years"": 46.0, ""gate_type"": ""UG"", ""built_year"": 1980.0, ""gate_count"": 42.0, ""river_name"": ""Pedderu"", ""dam_height_m"": 35.0, ""dam_length_m"": 590.0, ""quality_flag"": ""SOURCE_PRESERVED"", ""seismic_zone"": ""Seismic Zone-II"", ""spillway_type"": null, ""structure_code"": ""D02213"", ""authority_level"": ""B2"", ""completion_year"": 1980.0, ""registry_status"": ""Completed"", ""spillway_level_m"": 481.5, ""commencement_year"": null, ""spillway_length_m"": null, ""dam_volume_source_value"": 122.0, ""engineering_completeness"": 1.0, ""design_flood_source_value"": 3172.0, ""engineering_fields_available"": 10.0, ""engineering_source_confidence"": 0.8, ""spillway_capacity_source_value"": 3172.0}","{""manual_daily_reservoir_storage_mcm"": {""max"": 15.7612, ""min"": 0.8649, ""std"": 5.362906294693757, ""mean"": 6.357770911743252, ""count"": 6855, ""latest"": 13.0631, ""latest_zscore"": 1.2503162874375096, ""freshness_days"": 126.86961427342592}, ""manual_daily_reservoir_water_level_m"": {""max"": 482.299988, ""min"": 143.734538, ""std"": 131.88416574175892, ""mean"": 406.3492032116873, ""count"": 8659, ""latest"": 479.75, ""latest_zscore"": 0.5565550373350964, ""freshness_days"": 126.86961427342592}}",True,2026-09-03T04:52:14.819262+00:00,4,1,Pedderu,dam,1,103,27,1980,,35.0,590.0,122.0,42,,UG,3172.0,3172.0,481.5,,,Pedderu,TE,Seismic Zone-II,Completed,AP01HH0049,D02213,Madanapalle,Irrg.& CAD Dept.,46.0,10,1.0,True,B2,GOVERNMENT_DERIVED_MIRROR,SOURCE_PRESERVED,0.8,2026-09-03T04:45:38.976858+00:00,1,1,103,ASSET_REGISTRY,wris_registry_record,,Pedderu Dam,,,,,,B2,GOVERNMENT_DERIVED_MIRROR,SOURCE_PRESERVED,0.8,False,False,False,AP state filter + external ID + spatial/name resolution,"{""geometry"": {""type"": ""Point"", ""coordinates"": [78.37051646, 13.88436385]}, ""properties"": {""class"": ""Class 2"", ""state"": ""AP"", ""bacode"": ""09"", ""dtcode"": ""Chittoor"", ""dam_vol"": ""122"", ""dm_name"": ""Pedderu Dam"", ""dm_type"": ""TE"", ""nrld_no"": ""AP01HH0049"", ""rivcode"": ""Pedderu"", ""dm_ncity"": ""Madanapalle"", ""objectid"": 1453, ""strucode"": ""D02213"", ""dm_cmn_yr"": null, ""dm_cmp_yr"": ""1980"", ""dm_coment"": null, ""dm_height"": ""35"", ""dm_length"": ""590"", ""dm_status"": ""Completed"", ""dm_gate_no"": 42, ""dm_gate_sz"": null, ""dm_flod_des"": ""3172"", ""dm_gt_ungtd"": ""UG"", ""dm_mod_oper"": null, ""dm_ses_zone"": ""Seismic Zone-II"", ""dm_spil_cap"": 3172.0, ""dm_spil_lev"": 481.5, ""dm_gate_type"": ""UG"", ""dm_sluice_sz"": null, ""dm_spil_leng"": null, ""dm_spil_type"": null, ""dm_cn_gate_no"": null, ""dm_ener_dissp"": null, ""dm_inst_inter"": null, ""dm_perliament"": ""Rajampet"", ""dm_ph_gate_no"": null, ""dm_instru_embed"": null, ""dm_oper_main_age"": ""Irrg.& CAD Dept."", ""dm_sluice_purpose"": null, ""dm_inst_inter_ager"": null, ""dm_no_river_sluice"": null}}",2026-08-29T14:45:46.967391+00:00,2026-08-29T14:45:46.967391+00:00,5
10,AP_DAM_NWDP_AP01MH0074,Yogi Vemana (Maddileru) Reservoir,dam,reservoir_dam,Sri Sathya Sai,,ACTIVE,VERIFIED,2001,,,,4,1.0,False,2026-08-27T16:12:16.450607+00:00,2026-08-28T02:37:24.519767+00:00,,,,,NO_REAL_STRUCTURAL_LABEL,1,Yogi Vemana (Maddileru) Reservoir,dam,ap_dam_barrage_state_v1,"{""origin"": null, ""nrld_no"": null, ""dam_type"": null, ""age_years"": null, ""gate_type"": null, ""built_year"": 2001.0, ""gate_count"": null, ""river_name"": null, ""dam_height_m"": null, ""dam_length_m"": null, ""quality_flag"": null, ""seismic_zone"": null, ""spillway_type"": null, ""structure_code"": null, ""authority_level"": null, ""completion_year"": null, ""registry_status"": null, ""spillway_level_m"": null, ""commencement_year"": null, ""spillway_length_m"": null, ""dam_volume_source_value"": null, ""engineering_completeness"": null, ""design_flood_source_value"": null, ""engineering_fields_available"": null, ""engineering_source_confidence"": null, ""spillway_capacity_source_value"": null}",{},False,2026-09-03T04:52:14.819262+00:00,0,0,,,,,,,,,,,,,,,,,,,,,,,,,,,,,,,,,,,,0,,,,,,,,,,,,,,,,,,,,,,,2
11,AP_DAM_NWDP_AP01MH0135,Mallemadugu,dam,reservoir_dam,Tirupati,Irrg.& CAD Dept.,ACTIVE,VERIFIED,1990,,,,4,1.0,False,2026-08-27T16:12:16.450607+00:00,2026-08-29T14:45:46.967391+00:00,,,,,NO_REAL_STRUCTURAL_LABEL,1,Mallemadugu,dam,ap_dam_barrage_state_v1,"{""origin"": ""GOVERNMENT_DERIVED_MIRROR"", ""nrld_no"": ""AP01MH0135"", ""dam_type"": ""TE"", ""age_years"": 67.0, ""gate_type"": null, ""built_year"": 1990.0, ""gate_count"": 15.0, ""river_name"": ""Konakalva and Rallakalva"", ""dam_height_m"": 15.0, ""dam_length_m"": 1334.0, ""quality_flag"": ""SOURCE_PRESERVED"", ""seismic_zone"": ""Seismic Zone-III"", ""spillway_type"": null, ""structure_code"": ""D02157"", ""authority_level"": ""B2"", ""completion_year"": 1959.0, ""registry_status"": ""Completed"", ""spillway_level_m"": 108.81, ""commencement_year"": null, ""spillway_length_m"": null, ""dam_volume_source_value"": null, ""engineering_completeness"": 1.0, ""design_flood_source_value"": 2458.0, ""engineering_fields_available"": 10.0, ""engineering_source_confidence"": 0.8, ""spillway_capacity_source_value"": 2458.0}","{""manual_daily_reservoir_storage_mcm"": {""max"": 6.384, ""min"": 0.0, ""std"": 1.5681052446539028, ""mean"": 1.1938200942146326, ""count"": 6793, ""latest"": 1.12, ""latest_zscore"": -0.047075981963777824, ""freshness_days"": 186.86961427342592}, ""manual_daily_reservoir_water_level_m"": {""max"": 112.684564, ""min"": 0.0, ""std"": 38.189715347744794, ""mean"": 92.07584235732156, ""count"": 6795, ""latest"": 108.5088, ""latest_zscore"": 0.4302979871162837, ""freshness_days"": 186.86961427342592}}",True,2026-09-03T04:52:14.819262+00:00,4,1,Mallemadugu,dam,1,103,21,1959,,15.0,1334.0,,15,,,2458.0,2458.0,108.81,,,Konakalva and Rallakalva,TE,Seismic Zone-III,Completed,AP01MH0135,D02157,Chandragiri,Irrg.& CAD Dept.,67.0,10,1.0,True,B2,GOVERNMENT_DERIVED_MIRROR,SOURCE_PRESERVED,0.8,2026-09-03T04:45:38.976858+00:00,1,1,103,ASSET_REGISTRY,wris_registry_record,,Mallimadugu Dam,,,,,,B2,GOVERNMENT_DERIVED_MIRROR,SOURCE_PRESERVED,0.8,False,False,False,AP state filter + external ID + spatial/name resolution,"{""geometry"": {""type"": ""Point"", ""coordinates"": [79.52777867, 13.68081728]}, ""properties"": {""class"": ""CLASS 3"", ""state"": ""AP"", ""bacode"": ""17"", ""dtcode"": ""Chittoor"", ""dam_vol"": null, ""dm_name"": ""Mallimadugu Dam"", ""dm_type"": ""TE"", ""nrld_no"": ""AP01MH0135"", ""rivcode"": ""Konakalva and Rallakalva"", ""dm_ncity"": ""Chandragiri"", ""objectid"": 1397, ""strucode"": ""D02157"", ""dm_cmn_yr"": null, ""dm_cmp_yr"": ""1959"", ""dm_coment"": null, ""dm_height"": ""15"", ""dm_length"": ""1334"", ""dm_status"": ""Completed"", ""dm_gate_no"": 15, ""dm_gate_sz"": null, ""dm_flod_des"": ""2458"", ""dm_gt_ungtd"": null, ""dm_mod_oper"": null, ""dm_ses_zone"": ""Seismic Zone-III"", ""dm_spil_cap"": 2458.0, ""dm_spil_lev"": 108.81, ""dm_gate_type"": null, ""dm_sluice_sz"": null, ""dm_spil_leng"": null, ""dm_spil_type"": null, ""dm_cn_gate_no"": null, ""dm_ener_dissp"": null, ""dm_inst_inter"": null, ""dm_perliament"": ""Tirupati"", ""dm_ph_gate_no"": null, ""dm_instru_embed"": null, ""dm_oper_main_age"": ""Irrg.& CAD Dept."", ""dm_sluice_purpose"": null, ""dm_inst_inter_ager"": null, ""dm_no_river_sluice"": null}}",2026-08-29T14:45:46.967391+00:00,2026-08-29T14:45:46.967391+00:00,2
22,AP_DAM_WRIS_D00569,Chitravathi Dam,dam,TE,Y.S.R.,,UNKNOWN,CANDIDATE,,,,,103,0.8,False,2026-08-29T14:45:46.967391+00:00,2026-08-29T14:45:46.967391+00:00,,,,,NO_REAL_STRUCTURAL_LABEL,1,Chitravathi Dam,dam,ap_dam_barrage_state_v1,"{""origin"": ""GOVERNMENT_DERIVED_MIRROR"", ""nrld_no"": null, ""dam_type"": ""TE"", ""age_years"": null, ""gate_type"": null, ""built_year"": null, ""gate_count"": null, ""river_name"": ""Chitravathi"", ""dam_height_m"": null, ""dam_length_m"": null, ""quality_flag"": ""SOURCE_PRESERVED"", ""seismic_zone"": ""Seismic Zone-II"", ""spillway_type"": null, ""structure_code"": ""D00569"", ""authority_level"": ""B2"", ""completion_year"": null, ""registry_status"": null, ""spillway_level_m"": 289.35, ""commencement_year"": null, ""spillway_length_m"": null, ""dam_volume_source_value"": null, ""engineering_completeness"": 0.5, ""design_flood_source_value"": 28.32, ""engineering_fields_available"": 5.0, ""engineering_source_confidence"": 0.8, ""spillway_capacity_source_value"": null}",{},False,2026-09-03T04:52:14.819262+00:00,0,1,Chitravathi Dam,dam,1,103,1,,,,,,,,,28.32,,289.35,,,Chitravathi,TE,Seismic Zone-II,,,D00569,Pulivendla,,,5,0.5,False,B2,GOVERNMENT_DERIVED_MIRROR,SOURCE_PRESERVED,0.8,2026-09-03T04:45:38.976858+00:00,1,1,103,ASSET_REGISTRY,wris_registry_record,,Chitravathi Dam,,,,,,B2,GOVERNMENT_DERIVED_MIRROR,SOURCE_PRESERVED,0.8,False,False,False,AP state filter + external ID + spatial/name resolution,"{""geometry"": {""type"": ""Point"", ""coordinates"": [77.95875023, 14.56189482]}, ""properties"": {""class"": ""CLASS 3"", ""state"": ""AP"", ""bacode"": ""09"", ""dtcode"": ""Y.S.R."", ""dam_vol"": null, ""dm_name"": ""Chitravathi Dam"", ""dm_type"": ""TE"", ""nrld_no"": null, ""rivcode"": ""Chitravathi"", ""dm_ncity"": ""Pulivendla"", ""objectid"": 219, ""strucode"": ""D00569"", ""dm_cmn_yr"": null, ""dm_cmp_yr"": null, ""dm_coment"": null, ""dm_height"": null, ""dm_length"": null, ""dm_status"": null, ""dm_gate_no"": null, ""dm_gate_sz"": null, ""dm_flod_des"": ""28.32"", ""dm_gt_ungtd"": null, ""dm_mod_oper"": null, ""dm_ses_zone"": ""Seismic Zone-II"", ""dm_spil_cap"": null, ""dm_spil_lev"": 289.35, ""dm_gate_type"": null, ""dm_sluice_sz"": null, ""dm_spil_leng"": null, ""dm_spil_type"": null, ""dm_cn_gate_no"": null, ""dm_ener_dissp"": null, ""dm_inst_inter"": null, ""dm_perliament"": ""Kadapa"", ""dm_ph_gate_no"": null, ""dm_instru_embed"": null, ""dm_oper_main_age"": null, ""dm_sluice_purpose"": null, ""dm_inst_inter_ager"": null, ""dm_no_river_sluice"": null}}",2026-08-29T14:45:46.967391+00:00,2026-08-29T14:45:46.967391+00:00,3
23,AP_DAM_WRIS_D00587,Gundlakamma Dam,dam,,Prakasam,,UNKNOWN,CANDIDATE,,,,,103,0.8,False,2026-08-29T14:45:46.967391+00:00,2026-08-29T14:45:46.967391+00:00,,,,,NO_REAL_STRUCTURAL_LABEL,1,Gundlakamma Dam,dam,ap_dam_barrage_state_v1,"{""origin"": ""GOVERNMENT_DERIVED_MIRROR"", ""nrld_no"": null, ""dam_type"": null, ""age_years"": null, ""gate_type"": null, ""built_year"": null, ""gate_count"": null, ""river_name"": ""Gundlakamma"", ""dam_height_m"": null, ""dam_length_m"": null, ""quality_flag"": ""SOURCE_PRESERVED"", ""seismic_zone"": ""Seismic Zone-III"", ""spillway_type"": null, ""structure_code"": ""D00587"", ""authority_level"": ""B2"", ""completion_year"": null, ""registry_status"": null, ""spillway_level_m"": 16.38, ""commencement_year"": null, ""spillway_length_m"": null, ""dam_volume_source_value"": null, ""engineering_completeness"": 0.3, ""design_flood_source_value"": null, ""engineering_fields_available"": 3.0, ""engineering_source_confidence"": 0.8, ""spillway_capacity_source_value"": null}",{},False,2026-09-03T04:52:14.819262+00:00,0,1,Gundlakamma Dam,dam,1,103,2,,,,,,,,,,,16.38,,,Gundlakamma,,Seismic Zone-III,,,D00587,Addanki,,,3,0.3,False,B2,GOVERNMENT_DERIVED_MIRROR,SOURCE_PRESERVED,0.8,2026-09-03T04:45:38.976858+00:00,1,1,103,ASSET_REGISTRY,wris_registry_record,,Gundlakamma Dam,,,,,,B2,GOVERNMENT_DERIVED_MIRROR,SOURCE_PRESERVED,0.8,False,False,False,AP state filter + external ID + spatial/name resolution,"{""geometry"": {""type"": ""Point"", ""coordinates"": [79.98661493, 15.66088434]}, ""properties"": {""class"": ""CLASS 3"", ""state"": ""AP"", ""bacode"": ""16"", ""dtcode"": ""Prakasam"", ""dam_vol"": null, ""dm_name"": ""Gundlakamma Dam"", ""dm_type"": null, ""nrld_no"": null, ""rivcode"": ""Gundlakamma"", ""dm_ncity"": ""Addanki"", ""objectid"": 220, ""strucode"": ""D00587"", ""dm_cmn_yr"": null, ""dm_cmp_yr"": null, ""dm_coment"": null, ""dm_height"": null, ""dm_length"": null, ""dm_status"": null, ""dm_gate_no"": null, ""dm_gate_sz"": null, ""dm_flod_des"": null, ""dm_gt_ungtd"": null, ""dm_mod_oper"": null, ""dm_ses_zone"": ""Seismic Zone-III"", ""dm_spil_cap"": null, ""dm_spil_lev"": 16.38, ""dm_gate_type"": null, ""dm_sluice_sz"": null, ""dm_spil_leng"": null, ""dm_spil_type"": null, ""dm_cn_gate_no"": null, ""dm_ener_dissp"": null, ""dm_inst_inter"": null, ""dm_perliament"": ""Bapatla"", ""dm_ph_gate_no"": null, ""dm_instru_embed"": null, ""dm_oper_main_age"": null, ""dm_sluice_purpose"": null, ""dm_inst_inter_ager"": null, ""dm_no_river_sluice"": null}}",2026-08-29T14:45:46.967391+00:00,2026-08-29T14:45:46.967391+00:00,3
24,AP_DAM_WRIS_AP01MH0058,Mylavaram Dam,dam,TE + PG,Y.S.R.,Irrg.& CAD Dept.,ACTIVE,CANDIDATE,1983,,,,103,0.8,False,2026-08-29T14:45:46.967391+00:00,2026-08-29T14:45:46.967391+00:00,,,,,NO_REAL_STRUCTURAL_LABEL,1,Mylavaram Dam,dam,ap_dam_barrage_state_v1,"{""origin"": ""GOVERNMENT_DERIVED_MIRROR"", ""nrld_no"": ""AP01MH0058"", ""dam_type"": ""TE + PG"", ""age_years"": 43.0, ""gate_type"": ""RD"", ""built_year"": 1983.0, ""gate_count"": 13.0, ""river_name"": ""Pennar"", ""dam_height_m"": 24.0, ""dam_length_m"": 2850.0, ""quality_flag"": ""SOURCE_PRESERVED"", ""seismic_zone"": ""Seismic Zone-II"", ""spillway_type"": null, ""structure_code"": ""D00686"", ""authority_level"": ""B2"", ""completion_year"": 1983.0, ""registry_status"": ""Completed"", ""spillway_level_m"": 194.0, ""commencement_year"": null, ""spillway_length_m"": null, ""dam_volume_source_value"": 1524.0, ""engineering_completeness"": 1.0, ""design_flood_source_value"": 8180.0, ""engineering_fields_available"": 10.0, ""engineering_source_confidence"": 0.8, ""spillway_capacity_source_value"": 8190.0}",{},False,2026-09-03T04:52:14.819262+00:00,0,1,Mylavaram Dam,dam,1,103,3,1983,,24.0,2850.0,1524.0,13,13.00 x12.20 x8.65,RD,8180.0,8190.0,194.0,,,Pennar,TE + PG,Seismic Zone-II,Completed,AP01MH0058,D00686,Jammalamadugu,Irrg.& CAD Dept.,43.0,10,1.0,False,B2,GOVERNMENT_DERIVED_MIRROR,SOURCE_PRESERVED,0.8,2026-09-03T04:45:38.976858+00:00,1,1,103,ASSET_REGISTRY,wris_registry_record,,Mylavaram Dam,,,,,,B2,GOVERNMENT_DERIVED_MIRROR,SOURCE_PRESERVED,0.8,False,False,False,AP state filter + external ID + spatial/name resolution,"{""geometry"": {""type"": ""Point"", ""coordinates"": [78.34061776, 14.84951961]}, ""properties"": {""class"": ""Class 2"", ""state"": ""AP"", ""bacode"": ""09"", ""dtcode"": ""Y.S.R."", ""dam_vol"": ""1524"", ""dm_name"": ""Mylavaram Dam"", ""dm_type"": ""TE + PG"", ""nrld_no"": ""AP01MH0058"", ""rivcode"": ""Pennar"", ""dm_ncity"": ""Jammalamadugu"", ""objectid"": 614, ""strucode"": ""D00686"", ""dm_cmn_yr"": null, ""dm_cmp_yr"": ""1983"", ""dm_coment"": null, ""dm_height"": ""24"", ""dm_length"": ""2850"", ""dm_status"": ""Completed"", ""dm_gate_no"": 13, ""dm_gate_sz"": ""13.00 x12.20 x8.65"", ""dm_flod_des"": ""8180"", ""dm_gt_ungtd"": null, ""dm_mod_oper"": null, ""dm_ses_zone"": ""Seismic Zone-II"", ""dm_spil_cap"": 8190.0, ""dm_spil_lev"": 194.0, ""dm_gate_type"": ""RD"", ""dm_sluice_sz"": null, ""dm_spil_leng"": null, ""dm_spil_type"": null, ""dm_cn_gate_no"": null, ""dm_ener_dissp"": null, ""dm_inst_inter"": null, ""dm_perliament"": ""Kadapa"", ""dm_ph_gate_no"": null, ""dm_instru_embed"": null, ""dm_oper_main_age"": ""Irrg.& CAD Dept."", ""dm_sluice_purpose"": null, ""dm_inst_inter_ager"": null, ""dm_no_river_sluice"": null}}",2026-08-29T14:45:46.967391+00:00,2026-08-29T14:45:46.967391+00:00,3
25,AP_DAM_WRIS_D00719,Kanigiri Dam,dam,TE,Sri Potti Sriramulu Nellore,,ACTIVE,CANDIDATE,,,,,103,0.8,False,2026-08-29T14:45:46.967391+00:00,2026-08-29T14:45:46.967391+00:00,,,,,NO_REAL_STRUCTURAL_LABEL,1,Kanigiri Dam,dam,ap_dam_barrage_state_v1,"{""origin"": ""GOVERNMENT_DERIVED_MIRROR"", ""nrld_no"": null, ""dam_type"": ""TE"", ""age_years"": null, ""gate_type"": null, ""built_year"": null, ""gate_count"": null, ""river_name"": ""Pennar"", ""dam_height_m"": 10.278, ""dam_length_m"": 10000.0, ""quality_flag"": ""SOURCE_PRESERVED"", ""seismic_zone"": ""Seismic Zone-III"", ""spillway_type"": null, ""structure_code"": ""D00719"", ""authority_level"": ""B2"", ""completion_year"": null, ""registry_status"": ""Completed"", ""spillway_level_m"": null, ""commencement_year"": null, ""spillway_length_m"": null, ""dam_volume_source_value"": null, ""engineering_completeness"": 0.5, ""design_flood_source_value"": null, ""engineering_fields_available"": 5.0, ""engineering_source_confidence"": 0.8, ""spillway_capacity_source_value"": null}",{},False,2026-09-03T04:52:14.819262+00:00,0,1,Kanigiri Dam,dam,1,103,4,,,10.278,10000.0,,,,,,,,,,Pennar,TE,Seismic Zone-III,Completed,,D00719,Kovvur,,,5,0.5,False,B2,GOVERNMENT_DERIVED_MIRROR,SOURCE_PRESERVED,0.8,2026-09-03T04:45:38.976858+00:00,1,1,103,ASSET_REGISTRY,wris_registry_record,,Kanigiri Dam,,,,,,B2,GOVERNMENT_DERIVED_MIRROR,SOURCE_PRESERVED,0.8,False,False,False,AP state filter + external ID + spatial/name resolution,"{""geometry"": {""type"": ""Point"", ""coordinates"": [79.853524, 14.54733101]}, ""properties"": {""class"": ""Class 2"", ""state"": ""AP"", ""bacode"": ""09"", ""dtcode"": ""Sri Potti Sriramulu Nellore"", ""dam_vol"": null, ""dm_name"": ""Kanigiri Dam"", ""dm_type"": ""TE"", ""nrld_no"": null, ""rivcode"": ""Pennar"", ""dm_ncity"": ""Kovvur"", ""objectid"": 617, ""strucode"": ""D00719"", ""dm_cmn_yr"": null, ""dm_cmp_yr"": null, ""dm_coment"": ""GCS is in Mcft"", ""dm_height"": ""10.278"", ""dm_length"": ""10000"", ""dm_status"": ""Completed"", ""dm_gate_no"": null, ""dm_gate_sz"": null, ""dm_flod_des"": null, ""dm_gt_ungtd"": null, ""dm_mod_oper"": null, ""dm_ses_zone"": ""Seismic Zone-III"", ""dm_spil_cap"": null, ""dm_spil_lev"": null, ""dm_gate_type"": null, ""dm_sluice_sz"": null, ""dm_spil_leng"": null, ""dm_spil_type"": null, ""dm_cn_gate_no"": null, ""dm_ener_dissp"": null, ""dm_inst_inter"": null, ""dm_perliament"": ""Nellore"", ""dm_ph_gate_no"": null, ""dm_instru_embed"": null, ""dm_oper_main_age"": null, ""dm_sluice_purpose"": null, ""dm_inst_inter_ager"": null, ""dm_no_river_sluice"": null}}",2026-08-29T14:45:46.967391+00:00,2026-08-29T14:45:46.967391+00:00,0
26,AP_DAM_WRIS_D00721,Nellore Dam,dam,,Sri Potti Sriramulu Nellore,,ACTIVE,CANDIDATE,,,,,103,0.8,False,2026-08-29T14:45:46.967391+00:00,2026-08-29T14:45:46.967391+00:00,,,,,NO_REAL_STRUCTURAL_LABEL,1,Nellore Dam,dam,ap_dam_barrage_state_v1,"{""origin"": ""GOVERNMENT_DERIVED_MIRROR"", ""nrld_no"": null, ""dam_type"": null, ""age_years"": null, ""gate_type"": null, ""built_year"": null, ""gate_count"": null, ""river_name"": ""Pennar"", ""dam_height_m"": null, ""dam_length_m"": 621.71, ""quality_flag"": ""SOURCE_PRESERVED"", ""seismic_zone"": ""Seismic Zone-III"", ""spillway_type"": null, ""structure_code"": ""D00721"", ""authority_level"": ""B2"", ""completion_year"": null, ""registry_status"": ""Completed"", ""spillway_level_m"": null, ""commencement_year"": null, ""spillway_length_m"": null, ""dam_volume_source_value"": null, ""engineering_completeness"": 0.3, ""design_flood_source_value"": null, ""engineering_fields_available"": 3.0, ""engineering_source_confidence"": 0.8, ""spillway_capacity_source_value"": null}",{},False,2026-09-03T04:52:14.819262+00:00,0,1,Nellore Dam,dam,1,103,5,,,,621.71,,,,,,,,,,Pennar,,Seismic Zone-III,Completed,,D00721,Nellore,,,3,0.3,False,B2,GOVERNMENT_DERIVED_MIRROR,SOURCE_PRESERVED,0.8,2026-09-03T04:45:38.976858+00:00,1,1,103,ASSET_REGISTRY,wris_registry_record,,Nellore Dam,,,,,,B2,GOVERNMENT_DERIVED_MIRROR,SOURCE_PRESERVED,0.8,False,False,False,AP state filter + external ID + spatial/name resolution,"{""geometry"": {""type"": ""Point"", ""coordinates"": [79.95560153, 14.45153115]}, ""properties"": {""class"": ""CLASS 3"", ""state"": ""AP"", ""bacode"": ""09"", ""dtcode"": ""Sri Potti Sriramulu Nellore"", ""dam_vol"": null, ""dm_name"": ""Nellore Dam"", ""dm_type"": null, ""nrld_no"": null, ""rivcode"": ""Pennar"", ""dm_ncity"": ""Nellore"", ""objectid"": 618, ""strucode"": ""D00721"", ""dm_cmn_yr"": null, ""dm_cmp_yr"": null, ""dm_coment"": null, ""dm_height"": null, ""dm_length"": ""621.71"", ""dm_status"": ""Completed"", ""dm_gate_no"": null, ""dm_gate_sz"": null, ""dm_flod_des"": null, ""dm_gt_ungtd"": null, ""dm_mod_oper"": null, ""dm_ses_zone"": ""Seismic Zone-III"", ""dm_spil_cap"": null, ""dm_spil_lev"": null, ""dm_gate_type"": null, ""dm_sluice_sz"": null, ""dm_spil_leng"": null, ""dm_spil_type"": null, ""dm_cn_gate_no"": null, ""dm_ener_dissp"": null, ""dm_inst_inter"": null, ""dm_perliament"": ""Nellore"", ""dm_ph_gate_no"": null, ""dm_instru_embed"": null, ""dm_oper_main_age"": null, ""dm_sluice_purpose"": null, ""dm_inst_inter_ager"": null, ""dm_no_river_sluice"": null}}",2026-08-29T14:45:46.967391+00:00,2026-08-29T14:45:46.967391+00:00,0
27,AP_DAM_WRIS_AP01HH0062,Somasila Dam,dam,TE,Sri Potti Sriramulu Nellore,Irrg.& CAD Dept.,ACTIVE,CANDIDATE,1986,,,,103,0.8,False,2026-08-29T14:45:46.967391+00:00,2026-08-29T14:45:46.967391+00:00,,,,,NO_REAL_STRUCTURAL_LABEL,1,Somasila Dam,dam,ap_dam_barrage_state_v1,"{""origin"": ""GOVERNMENT_DERIVED_MIRROR"", ""nrld_no"": ""AP01HH0062"", ""dam_type"": ""TE"", ""age_years"": 40.0, ""gate_type"": ""RD"", ""built_year"": 1986.0, ""gate_count"": 12.0, ""river_name"": ""Pennar"", ""dam_height_m"": 39.0, ""dam_length_m"": 352.0, ""quality_flag"": ""SOURCE_PRESERVED"", ""seismic_zone"": ""Seismic Zone-II"", ""spillway_type"": ""OG"", ""structure_code"": ""D00750"", ""authority_level"": ""B2"", ""completion_year"": 1986.0, ""registry_status"": ""Completed"", ""spillway_level_m"": 86.868, ""commencement_year"": null, ""spillway_length_m"": 236.21, ""dam_volume_source_value"": 1875.0, ""engineering_completeness"": 1.0, ""design_flood_source_value"": 22375.0, ""engineering_fields_available"": 10.0, ""engineering_source_confidence"": 0.8, ""spillway_capacity_source_value"": 22375.0}",{},False,2026-09-03T04:52:14.819262+00:00,0,1,Somasila Dam,dam,1,103,6,1986,,39.0,352.0,1875.0,12,15.24x14.168,RD,22375.0,22375.0,86.868,236.21,OG,Pennar,TE,Seismic Zone-II,Completed,AP01HH0062,D00750,Atmakur,Irrg.& CAD Dept.,40.0,10,1.0,False,B2,GOVERNMENT_DERIVED_MIRROR,SOURCE_PRESERVED,0.8,2026-09-03T04:45:38.976858+00:00,1,1,103,ASSET_REGISTRY,wris_registry_record,,Somasila Dam,,,,,,B2,GOVERNMENT_DERIVED_MIRROR,SOURCE_PRESERVED,0.8,False,False,False,AP state filter + external ID + spatial/name resolution,"{""geometry"": {""type"": ""Point"", ""coordinates"": [79.30578834, 14.48810983]}, ""properties"": {""class"": ""Class 2"", ""state"": ""AP"", ""bacode"": ""09"", ""dtcode"": ""Sri Potti Sriramulu Nellore"", ""dam_vol"": ""1875"", ""dm_name"": ""Somasila Dam"", ""dm_type"": ""TE"", ""nrld_no"": ""AP01HH0062"", ""rivcode"": ""Pennar"", ""dm_ncity"": ""Atmakur"", ""objectid"": 623, ""strucode"": ""D00750"", ""dm_cmn_yr"": null, ""dm_cmp_yr"": ""1986"", ""dm_coment"": ""Cultivable: 8650 Ha."", ""dm_height"": ""39"", ""dm_length"": ""352"", ""dm_status"": ""Completed"", ""dm_gate_no"": 12, ""dm_gate_sz"": ""15.24x14.168"", ""dm_flod_des"": ""22375"", ""dm_gt_ungtd"": null, ""dm_mod_oper"": null, ""dm_ses_zone"": ""Seismic Zone-II"", ""dm_spil_cap"": 22375.0, ""dm_spil_lev"": 86.868, ""dm_gate_type"": ""RD"", ""dm_sluice_sz"": null, ""dm_spil_leng"": ""236.21"", ""dm_spil_type"": ""OG"", ""dm_cn_gate_no"": null, ""dm_ener_dissp"": null, ""dm_inst_inter"": null, ""dm_perliament"": ""Nellore"", ""dm_ph_gate_no"": null, ""dm_instru_embed"": null, ""dm_oper_main_age"": ""Irrg.& CAD Dept."", ""dm_sluice_purpose"": null, ""dm_inst_inter_ager"": null, ""dm_no_river_sluice"": null}}",2026-08-29T14:45:46.967391+00:00,2026-08-29T14:45:46.967391+00:00,3
28,AP_DAM_WRIS_AP01HH0130,Gorakallu Dam,dam,TE + PG,Kurnool,Irrg.& CAD Dept.,CONSTRUCTION,CANDIDATE,,,,,103,0.8,False,2026-08-29T14:45:46.967391+00:00,2026-08-29T14:45:46.967391+00:00,,,,,NO_REAL_STRUCTURAL_LABEL,1,Gorakallu Dam,dam,ap_dam_barrage_state_v1,"{""origin"": ""GOVERNMENT_DERIVED_MIRROR"", ""nrld_no"": ""AP01HH0130"", ""dam_type"": ""TE + PG"", ""age_years"": null, ""gate_type"": null, ""built_year"": null, ""gate_count"": 7.0, ""river_name"": ""Mallama selavagu"", ""dam_height_m"": 48.5, ""dam_length_m"": 1731.0, ""quality_flag"": ""SOURCE_PRESERVED"", ""seismic_zone"": ""Seismic Zone-II"", ""spillway_type"": null, ""structure_code"": ""D00934"", ""authority_level"": ""B2"", ""completion_year"": null, ""registry_status"": ""Under Construction"", ""spillway_level_m"": 257.4, ""commencement_year"": null, ""spillway_length_m"": null, ""dam_volume_source_value"": null, ""engineering_completeness"": 0.8, ""design_flood_source_value"": null, ""engineering_fields_available"": 8.0, ""engineering_source_confidence"": 0.8, ""spillway_capacity_source_value"": 848.0}",{},False,2026-09-03T04:52:14.819262+00:00,0,1,Gorakallu Dam,dam,1,103,7,,,48.5,1731.0,,7,9 x 3.6,,,848.0,257.4,,,Mallama selavagu,TE + PG,Seismic Zone-II,Under Construction,AP01HH0130,D00934,Nandyal,Irrg.& CAD Dept.,,8,0.8,False,B2,GOVERNMENT_DERIVED_MIRROR,SOURCE_PRESERVED,0.8,2026-09-03T04:45:38.976858+00:00,1,1,103,ASSET_REGISTRY,wris_registry_record,,Gorakallu Dam,,,,,,B2,GOVERNMENT_DERIVED_MIRROR,SOURCE_PRESERVED,0.8,False,False,False,AP state filter + external ID + spatial/name resolution,"{""geometry"": {""type"": ""Point"", ""coordinates"": [78.40330932, 15.57006907]}, ""properties"": {""class"": ""Class 2"", ""state"": ""AP"", ""bacode"": ""09"", ""dtcode"": ""Kurnool"", ""dam_vol"": null, ""dm_name"": ""Gorakallu Dam"", ""dm_type"": ""TE + PG"", ""nrld_no"": ""AP01HH0130"", ""rivcode"": ""Mallama selavagu"", ""dm_ncity"": ""Nandyal"", ""objectid"": 710, ""strucode"": ""D00934"", ""dm_cmn_yr"": null, ""dm_cmp_yr"": null, ""dm_coment"": null, ""dm_height"": ""48.5"", ""dm_length"": ""1731"", ""dm_status"": ""Under Construction"", ""dm_gate_no"": 7, ""dm_gate_sz"": ""9 x 3.6"", ""dm_flod_des"": null, ""dm_gt_ungtd"": null, ""dm_mod_oper"": null, ""dm_ses_zone"": ""Seismic Zone-II"", ""dm_spil_cap"": 848.0, ""dm_spil_lev"": 257.4, ""dm_gate_type"": null, ""dm_sluice_sz"": null, ""dm_spil_leng"": null, ""dm_spil_type"": null, ""dm_cn_gate_no"": null, ""dm_ener_dissp"": null, ""dm_inst_inter"": null, ""dm_perliament"": ""Nandyal"", ""dm_ph_gate_no"": null, ""dm_instru_embed"": null, ""dm_oper_main_age"": ""Irrg.& CAD Dept."", ""dm_sluice_purpose"": null, ""dm_inst_inter_ager"": null, ""dm_no_river_sluice"": null}}",2026-08-29T14:45:46.967391+00:00,2026-08-29T14:45:46.967391+00:00,0
29,AP_DAM_WRIS_D00963,"Paleru ,Owk Dam",dam,TE,Kurnool,,ACTIVE,CANDIDATE,1946,,,,103,0.8,False,2026-08-29T14:45:46.967391+00:00,2026-08-29T14:45:46.967391+00:00,,,,,NO_REAL_STRUCTURAL_LABEL,1,"Paleru ,Owk Dam",dam,ap_dam_barrage_state_v1,"{""origin"": ""GOVERNMENT_DERIVED_MIRROR"", ""nrld_no"": null, ""dam_type"": ""TE"", ""age_years"": 80.0, ""gate_type"": null, ""built_year"": 1946.0, ""gate_count"": 5.0, ""river_name"": ""Paleru"", ""dam_height_m"": 10.15, ""dam_length_m"": 622.0, ""quality_flag"": ""SOURCE_PRESERVED"", ""seismic_zone"": ""Seismic Zone-II"", ""spillway_type"": null, ""structure_code"": ""D00963"", ""authority_level"": ""B2"", ""completion_year"": 1946.0, ""registry_status"": ""Completed"", ""spillway_level_m"": 222.15, ""commencement_year"": null, ""spillway_length_m"": null, ""dam_volume_source_value"": null, ""engineering_completeness"": 0.8, ""design_flood_source_value"": null, ""engineering_fields_available"": 8.0, ""engineering_source_confidence"": 0.8, ""spillway_capacity_source_value"": null}",{},False,2026-09-03T04:52:14.819262+00:00,0,1,"Paleru ,Owk Dam",dam,1,103,8,1946,,10.15,622.0,,5,12.2 x 5.2,,,,222.15,,,Paleru,TE,Seismic Zone-II,Completed,,D00963,Banganapalle,,80.0,8,0.8,False,B2,GOVERNMENT_DERIVED_MIRROR,SOURCE_PRESERVED,0.8,2026-09-03T04:45:38.976858+00:00,1,1,103,ASSET_REGISTRY,wris_registry_record,,"Paleru ,Owk Dam",,,,,,B2,GOVERNMENT_DERIVED_MIRROR,SOURCE_PRESERVED,0.8,False,False,False,AP state filter + external ID + spatial/name resolution,"{""geometry"": {""type"": ""Point"", ""coordinates"": [78.0970444, 15.18621995]}, ""properties"": {""class"": ""CLASS 3"", ""state"": ""AP"", ""bacode"": ""09"", ""dtcode"": ""Kurnool"", ""dam_vol"": null, ""dm_name"": ""Paleru ,Owk Dam"", ""dm_type"": ""TE"", ""nrld_no"": null, ""rivcode"": ""Paleru"", ""dm_ncity"": ""Banganapalle"", ""objectid"": 711, ""strucode"": ""D00963"", ""dm_cmn_yr"": null, ""dm_cmp_yr"": ""1946"", ""dm_coment"": null, ""dm_height"": ""10.15"", ""dm_length"": ""622"", ""dm_status"": ""Completed"", ""dm_gate_no"": 5, ""dm_gate_sz"": ""12.2 x 5.2"", ""dm_flod_des"": null, ""dm_gt_ungtd"": null, ""dm_mod_oper"": null, ""dm_ses_zone"": ""Seismic Zone-II"", ""dm_spil_cap"": null, ""dm_spil_lev"": 222.15, ""dm_gate_type"": null, ""dm_sluice_sz"": null, ""dm_spil_leng"": null, ""dm_spil_type"": null, ""dm_cn_gate_no"": null, ""dm_ener_dissp"": null, ""dm_inst_inter"": null, ""dm_perliament"": ""Nandyal"", ""dm_ph_gate_no"": null, ""dm_instru_embed"": null, ""dm_oper_main_age"": null, ""dm_sluice_purpose"": null, ""dm_inst_inter_ager"": null, ""dm_no_river_sluice"": null}}",2026-08-29T14:45:46.967391+00:00,2026-08-29T14:45:46.967391+00:00,0
30,AP_DAM_WRIS_D01824,Veligonda Dam,dam,TE,Prakasam,,UNKNOWN,CANDIDATE,,,,,103,0.8,False,2026-08-29T14:45:46.967391+00:00,2026-08-29T14:45:46.967391+00:00,,,,,NO_REAL_STRUCTURAL_LABEL,1,Veligonda Dam,dam,ap_dam_barrage_state_v1,"{""origin"": ""GOVERNMENT_DERIVED_MIRROR"", ""nrld_no"": null, ""dam_type"": ""TE"", ""age_years"": null, ""gate_type"": null, ""built_year"": null, ""gate_count"": null, ""river_name"": ""Krishna"", ""dam_height_m"": null, ""dam_length_m"": null, ""quality_flag"": ""SOURCE_PRESERVED"", ""seismic_zone"": ""Seismic Zone-II"", ""spillway_type"": null, ""structure_code"": ""D01824"", ""authority_level"": ""B2"", ""completion_year"": null, ""registry_status"": null, ""spillway_level_m"": null, ""commencement_year"": null, ""spillway_length_m"": null, ""dam_volume_source_value"": null, ""engineering_completeness"": 0.3, ""design_flood_source_value"": null, ""engineering_fields_available"": 3.0, ""engineering_source_confidence"": 0.8, ""spillway_capacity_source_value"": null}",{},False,2026-09-03T04:52:14.819262+00:00,0,1,Veligonda Dam,dam,1,103,9,,,,,,,,,,,,,,Krishna,TE,Seismic Zone-II,,,D01824,Markapur,,,3,0.3,False,B2,GOVERNMENT_DERIVED_MIRROR,SOURCE_PRESERVED,0.8,2026-09-03T04:45:38.976858+00:00,1,1,103,ASSET_REGISTRY,wris_registry_record,,Veligonda Dam,,,,,,B2,GOVERNMENT_DERIVED_MIRROR,SOURCE_PRESERVED,0.8,False,False,False,AP state filter + external ID + spatial/name resolution,"{""geometry"": {""type"": ""Point"", ""coordinates"": [79.18046396, 15.76750386]}, ""properties"": {""class"": ""CLASS 3"", ""state"": ""AP"", ""bacode"": ""16"", ""dtcode"": ""Prakasam"", ""dam_vol"": null, ""dm_name"": ""Veligonda Dam"", ""dm_type"": ""TE"", ""nrld_no"": null, ""rivcode"": ""Krishna"", ""dm_ncity"": ""Markapur"", ""objectid"": 1113, ""strucode"": ""D01824"", ""dm_cmn_yr"": null, ""dm_cmp_yr"": null, ""dm_coment"": ""Patta land 4120 Ha Govt. land 1918 Ha"", ""dm_height"": null, ""dm_length"": null, ""dm_status"": null, ""dm_gate_no"": null, ""dm_gate_sz"": null, ""dm_flod_des"": null, ""dm_gt_ungtd"": null, ""dm_mod_oper"": null, ""dm_ses_zone"": ""Seismic Zone-II"", ""dm_spil_cap"": null, ""dm_spil_lev"": null, ""dm_gate_type"": null, ""dm_sluice_sz"": null, ""dm_spil_leng"": null, ""dm_spil_type"": null, ""dm_cn_gate_no"": null, ""dm_ener_dissp"": null, ""dm_inst_inter"": null, ""dm_perliament"": ""Ongole"", ""dm_ph_gate_no"": null, ""dm_instru_embed"": null, ""dm_oper_main_age"": null, ""dm_sluice_purpose"": null, ""dm_inst_inter_ager"": null, ""dm_no_river_sluice"": null}}",2026-08-29T14:45:46.967391+00:00,2026-08-29T14:45:46.967391+00:00,0
31,AP_DAM_WRIS_AP01HH0149,Yeleru Dam,dam,TE + PG,East Godavari,Irrg.& CAD Dept.,ACTIVE,CANDIDATE,1991,,,,103,0.8,False,2026-08-29T14:45:46.967391+00:00,2026-08-29T14:45:46.967391+00:00,,,,,NO_REAL_STRUCTURAL_LABEL,1,Yeleru Dam,dam,ap_dam_barrage_state_v1,"{""origin"": ""GOVERNMENT_DERIVED_MIRROR"", ""nrld_no"": ""AP01HH0149"", ""dam_type"": ""TE + PG"", ""age_years"": 35.0, ""gate_type"": ""OT"", ""built_year"": 1991.0, ""gate_count"": 10.0, ""river_name"": ""Eleru"", ""dam_height_m"": 43.0, ""dam_length_m"": 2544.0, ""quality_flag"": ""SOURCE_PRESERVED"", ""seismic_zone"": ""Seismic Zone-II"", ""spillway_type"": ""OG"", ""structure_code"": ""D01830"", ""authority_level"": ""B2"", ""completion_year"": 1991.0, ""registry_status"": ""Completed"", ""spillway_level_m"": 76.56, ""commencement_year"": null, ""spillway_length_m"": 150.0, ""dam_volume_source_value"": 5080.0, ""engineering_completeness"": 1.0, ""design_flood_source_value"": 8070.0, ""engineering_fields_available"": 10.0, ""engineering_source_confidence"": 0.8, ""spillway_capacity_source_value"": 8070.0}",{},False,2026-09-03T04:52:14.819262+00:00,0,1,Yeleru Dam,dam,1,103,10,1991,,43.0,2544.0,5080.0,10,12x10,OT,8070.0,8070.0,76.56,150.0,OG,Eleru,TE + PG,Seismic Zone-II,Completed,AP01HH0149,D01830,Ellavaram,Irrg.& CAD Dept.,35.0,10,1.0,False,B2,GOVERNMENT_DERIVED_MIRROR,SOURCE_PRESERVED,0.8,2026-09-03T04:45:38.976858+00:00,1,1,103,ASSET_REGISTRY,wris_registry_record,,Yeleru Dam,,,,,,B2,GOVERNMENT_DERIVED_MIRROR,SOURCE_PRESERVED,0.8,False,False,False,AP state filter + external ID + spatial/name resolution,"{""geometry"": {""type"": ""Point"", ""coordinates"": [82.0956831, 17.30791881]}, ""properties"": {""class"": ""Class 2"", ""state"": ""AP"", ""bacode"": ""16"", ""dtcode"": ""East Godavari"", ""dam_vol"": ""5080"", ""dm_name"": ""Yeleru Dam"", ""dm_type"": ""TE + PG"", ""nrld_no"": ""AP01HH0149"", ""rivcode"": ""Eleru"", ""dm_ncity"": ""Ellavaram"", ""objectid"": 1117, ""strucode"": ""D01830"", ""dm_cmn_yr"": null, ""dm_cmp_yr"": ""1991"", ""dm_coment"": ""5 fully and 5 partially"", ""dm_height"": ""43"", ""dm_length"": ""2544"", ""dm_status"": ""Completed"", ""dm_gate_no"": 10, ""dm_gate_sz"": ""12x10"", ""dm_flod_des"": ""8070"", ""dm_gt_ungtd"": null, ""dm_mod_oper"": null, ""dm_ses_zone"": ""Seismic Zone-II"", ""dm_spil_cap"": 8070.0, ""dm_spil_lev"": 76.56, ""dm_gate_type"": ""OT"", ""dm_sluice_sz"": null, ""dm_spil_leng"": ""150"", ""dm_spil_type"": ""OG"", ""dm_cn_gate_no"": null, ""dm_ener_dissp"": null, ""dm_inst_inter"": null, ""dm_perliament"": ""Kakinada"", ""dm_ph_gate_no"": null, ""dm_instru_embed"": null, ""dm_oper_main_age"": ""Irrg.& CAD Dept."", ""dm_sluice_purpose"": null, ""dm_inst_inter_ager"": null, ""dm_no_river_sluice"": null}}",2026-08-29T14:45:46.967391+00:00,2026-08-29T14:45:46.967391+00:00,3
32,AP_DAM_WRIS_AP01MH0072,Andhra Dam,dam,TE,Vizianagaram,Irrg.& CAD Dept.,ACTIVE,CANDIDATE,1998,,,,103,0.8,False,2026-08-29T14:45:46.967391+00:00,2026-08-29T14:45:46.967391+00:00,,,,,NO_REAL_STRUCTURAL_LABEL,1,Andhra Dam,dam,ap_dam_barrage_state_v1,"{""origin"": ""GOVERNMENT_DERIVED_MIRROR"", ""nrld_no"": ""AP01MH0072"", ""dam_type"": ""TE"", ""age_years"": 28.0, ""gate_type"": ""RD"", ""built_year"": 1998.0, ""gate_count"": 4.0, ""river_name"": ""Champavathi"", ""dam_height_m"": 22.0, ""dam_length_m"": 1890.0, ""quality_flag"": ""SOURCE_PRESERVED"", ""seismic_zone"": ""Seismic Zone-II"", ""spillway_type"": null, ""structure_code"": ""D01848"", ""authority_level"": ""B2"", ""completion_year"": 1998.0, ""registry_status"": ""Completed"", ""spillway_level_m"": 138.5, ""commencement_year"": null, ""spillway_length_m"": null, ""dam_volume_source_value"": null, ""engineering_completeness"": 1.0, ""design_flood_source_value"": 1189.3074465, ""engineering_fields_available"": 10.0, ""engineering_source_confidence"": 0.8, ""spillway_capacity_source_value"": 910.0}",{},False,2026-09-03T04:52:14.819262+00:00,0,1,Andhra Dam,dam,1,103,11,1998,,22.0,1890.0,,4,10.0 x 7.50,RD,1189.3074465,910.0,138.5,,,Champavathi,TE,Seismic Zone-II,Completed,AP01MH0072,D01848,Gajapatinagaram,Irrg.& CAD Dept.,28.0,10,1.0,False,B2,GOVERNMENT_DERIVED_MIRROR,SOURCE_PRESERVED,0.8,2026-09-03T04:45:38.976858+00:00,1,1,103,ASSET_REGISTRY,wris_registry_record,,Andhra Dam,,,,,,B2,GOVERNMENT_DERIVED_MIRROR,SOURCE_PRESERVED,0.8,False,False,False,AP state filter + external ID + spatial/name resolution,"{""geometry"": {""type"": ""Point"", ""coordinates"": [83.19757541, 18.34265174]}, ""properties"": {""class"": ""Class 2"", ""state"": ""AP"", ""bacode"": ""16"", ""dtcode"": ""Vizianagaram"", ""dam_vol"": null, ""dm_name"": ""Andhra Dam"", ""dm_type"": ""TE"", ""nrld_no"": ""AP01MH0072"", ""rivcode"": ""Champavathi"", ""dm_ncity"": ""Gajapatinagaram"", ""objectid"": 1126, ""strucode"": ""D01848"", ""dm_cmn_yr"": null, ""dm_cmp_yr"": ""1998"", ""dm_coment"": null, ""dm_height"": ""22"", ""dm_length"": ""1890"", ""dm_status"": ""Completed"", ""dm_gate_no"": 4, ""dm_gate_sz"": ""10.0 x 7.50"", ""dm_flod_des"": ""1189.3074465"", ""dm_gt_ungtd"": null, ""dm_mod_oper"": null, ""dm_ses_zone"": ""Seismic Zone-II"", ""dm_spil_cap"": 910.0, ""dm_spil_lev"": 138.5, ""dm_gate_type"": ""RD"", ""dm_sluice_sz"": null, ""dm_spil_leng"": null, ""dm_spil_type"": null, ""dm_cn_gate_no"": null, ""dm_ener_dissp"": null, ""dm_inst_inter"": null, ""dm_perliament"": ""Araku"", ""dm_ph_gate_no"": null, ""dm_instru_embed"": null, ""dm_oper_main_age"": ""Irrg.& CAD Dept."", ""dm_sluice_purpose"": null, ""dm_inst_inter_ager"": null, ""dm_no_river_sluice"": null}}",2026-08-29T14:45:46.967391+00:00,2026-08-29T14:45:46.967391+00:00,3
33,AP_DAM_WRIS_AP01MH0129,Cheyyeru / Annamayya Dam,dam,TE,Y.S.R.,Irrg.& CAD Dept.,ACTIVE,CANDIDATE,2003,,,,103,0.8,False,2026-08-29T14:45:46.967391+00:00,2026-08-29T14:45:46.967391+00:00,,,,,NO_REAL_STRUCTURAL_LABEL,1,Cheyyeru / Annamayya Dam,dam,ap_dam_barrage_state_v1,"{""origin"": ""GOVERNMENT_DERIVED_MIRROR"", ""nrld_no"": ""AP01MH0129"", ""dam_type"": ""TE"", ""age_years"": 23.0, ""gate_type"": ""RD"", ""built_year"": 2003.0, ""gate_count"": 5.0, ""river_name"": ""Cheyyeru"", ""dam_height_m"": 25.0, ""dam_length_m"": 409.0, ""quality_flag"": ""SOURCE_PRESERVED"", ""seismic_zone"": ""Seismic Zone-II"", ""spillway_type"": ""OG"", ""structure_code"": ""D01855"", ""authority_level"": ""B2"", ""completion_year"": 2003.0, ""registry_status"": ""Completed"", ""spillway_level_m"": 189.6, ""commencement_year"": null, ""spillway_length_m"": 90.25, ""dam_volume_source_value"": 653.0, ""engineering_completeness"": 1.0, ""design_flood_source_value"": 6795.0, ""engineering_fields_available"": 10.0, ""engineering_source_confidence"": 0.8, ""spillway_capacity_source_value"": 8069.0}",{},False,2026-09-03T04:52:14.819262+00:00,0,1,Cheyyeru / Annamayya Dam,dam,1,103,12,2003,,25.0,409.0,653.0,5,13.75 x 14,RD,6795.0,8069.0,189.6,90.25,OG,Cheyyeru,TE,Seismic Zone-II,Completed,AP01MH0129,D01855,Rajampet,Irrg.& CAD Dept.,23.0,10,1.0,False,B2,GOVERNMENT_DERIVED_MIRROR,SOURCE_PRESERVED,0.8,2026-09-03T04:45:38.976858+00:00,1,1,103,ASSET_REGISTRY,wris_registry_record,,Cheyyeru / Annamayya Dam,,,,,,B2,GOVERNMENT_DERIVED_MIRROR,SOURCE_PRESERVED,0.8,False,False,False,AP state filter + external ID + spatial/name resolution,"{""geometry"": {""type"": ""Point"", ""coordinates"": [79.01755427, 14.21376072]}, ""properties"": {""class"": ""Class 2"", ""state"": ""AP"", ""bacode"": ""09"", ""dtcode"": ""Y.S.R."", ""dam_vol"": ""653"", ""dm_name"": ""Cheyyeru / Annamayya Dam"", ""dm_type"": ""TE"", ""nrld_no"": ""AP01MH0129"", ""rivcode"": ""Cheyyeru"", ""dm_ncity"": ""Rajampet"", ""objectid"": 1131, ""strucode"": ""D01855"", ""dm_cmn_yr"": null, ""dm_cmp_yr"": ""2003"", ""dm_coment"": ""6795 cumecs/2.40 lakh cusecs (100 years), 8069 cumecs/2.85 lakh cusecs (200 years)"", ""dm_height"": ""25"", ""dm_length"": ""409"", ""dm_status"": ""Completed"", ""dm_gate_no"": 5, ""dm_gate_sz"": ""13.75 x 14"", ""dm_flod_des"": ""6795"", ""dm_gt_ungtd"": null, ""dm_mod_oper"": null, ""dm_ses_zone"": ""Seismic Zone-II"", ""dm_spil_cap"": 8069.0, ""dm_spil_lev"": 189.6, ""dm_gate_type"": ""RD"", ""dm_sluice_sz"": null, ""dm_spil_leng"": ""90.25"", ""dm_spil_type"": ""OG"", ""dm_cn_gate_no"": null, ""dm_ener_dissp"": null, ""dm_inst_inter"": null, ""dm_perliament"": ""Rajampet"", ""dm_ph_gate_no"": null, ""dm_instru_embed"": null, ""dm_oper_main_age"": ""Irrg.& CAD Dept."", ""dm_sluice_purpose"": null, ""dm_inst_inter_ager"": null, ""dm_no_river_sluice"": null}}",2026-08-29T14:45:46.967391+00:00,2026-08-29T14:45:46.967391+00:00,0
34,AP_DAM_WRIS_AP01MH0021,Arniar Dam,dam,TE,Chittoor,Irrg.& CAD Dept.,ACTIVE,CANDIDATE,1958,,,,103,0.8,False,2026-08-29T14:45:46.967391+00:00,2026-08-29T14:45:46.967391+00:00,,,,,NO_REAL_STRUCTURAL_LABEL,1,Arniar Dam,dam,ap_dam_barrage_state_v1,"{""origin"": ""GOVERNMENT_DERIVED_MIRROR"", ""nrld_no"": ""AP01MH0021"", ""dam_type"": ""TE"", ""age_years"": 68.0, ""gate_type"": ""LG"", ""built_year"": 1958.0, ""gate_count"": 3.0, ""river_name"": ""Araniar"", ""dam_height_m"": 15.0, ""dam_length_m"": 3600.0, ""quality_flag"": ""SOURCE_PRESERVED"", ""seismic_zone"": ""Seismic Zone-III"", ""spillway_type"": ""OG"", ""structure_code"": ""D01858"", ""authority_level"": ""B2"", ""completion_year"": 1958.0, ""registry_status"": ""Completed"", ""spillway_level_m"": 76.2, ""commencement_year"": null, ""spillway_length_m"": null, ""dam_volume_source_value"": null, ""engineering_completeness"": 1.0, ""design_flood_source_value"": 863.67, ""engineering_fields_available"": 10.0, ""engineering_source_confidence"": 0.8, ""spillway_capacity_source_value"": 863.67}","{""manual_daily_reservoir_storage_mcm"": {""max"": 51.6832, ""min"": 0.0, ""std"": 15.468391245380875, ""mean"": 15.647033138893267, ""count"": 6343, ""latest"": 16.7138, ""latest_zscore"": 0.06896430560775263, ""freshness_days"": 702.8696142734259}, ""manual_daily_reservoir_water_level_m"": {""max"": 799.61229, ""min"": 0.0, ""std"": 18.644072666745412, ""mean"": 78.0698878411682, ""count"": 6403, ""latest"": 82.1436, ""latest_zscore"": 0.21849904962545583, ""freshness_days"": 702.8696142734259}}",True,2026-09-03T04:52:14.819262+00:00,2,1,Arniar Dam,dam,1,103,13,1958,,15.0,3600.0,,3,9.15 x 3.20,LG,863.67,863.67,76.2,,OG,Araniar,TE,Seismic Zone-III,Completed,AP01MH0021,D01858,Satyavedu,Irrg.& CAD Dept.,68.0,10,1.0,True,B2,GOVERNMENT_DERIVED_MIRROR,SOURCE_PRESERVED,0.8,2026-09-03T04:45:38.976858+00:00,1,1,103,ASSET_REGISTRY,wris_registry_record,,Arniar Dam,,,,,,B2,GOVERNMENT_DERIVED_MIRROR,SOURCE_PRESERVED,0.8,False,False,False,AP state filter + external ID + spatial/name resolution,"{""geometry"": {""type"": ""Point"", ""coordinates"": [79.74269111, 13.41694978]}, ""properties"": {""class"": ""Class 2"", ""state"": ""AP"", ""bacode"": ""17"", ""dtcode"": ""Chittoor"", ""dam_vol"": null, ""dm_name"": ""Arniar Dam"", ""dm_type"": ""TE"", ""nrld_no"": ""AP01MH0021"", ""rivcode"": ""Araniar"", ""dm_ncity"": ""Satyavedu"", ""objectid"": 1134, ""strucode"": ""D01858"", ""dm_cmn_yr"": null, ""dm_cmp_yr"": ""1958"", ""dm_coment"": null, ""dm_height"": ""15"", ""dm_length"": ""3600"", ""dm_status"": ""Completed"", ""dm_gate_no"": 3, ""dm_gate_sz"": ""9.15 x 3.20"", ""dm_flod_des"": ""863.67"", ""dm_gt_ungtd"": null, ""dm_mod_oper"": null, ""dm_ses_zone"": ""Seismic Zone-III"", ""dm_spil_cap"": 863.67, ""dm_spil_lev"": 76.2, ""dm_gate_type"": ""LG"", ""dm_sluice_sz"": null, ""dm_spil_leng"": null, ""dm_spil_type"": ""OG"", ""dm_cn_gate_no"": null, ""dm_ener_dissp"": null, ""dm_inst_inter"": null, ""dm_perliament"": ""Tirupati"", ""dm_ph_gate_no"": null, ""dm_instru_embed"": null, ""dm_oper_main_age"": ""Irrg.& CAD Dept."", ""dm_sluice_purpose"": null, ""dm_inst_inter_ager"": null, ""dm_no_river_sluice"": null}}",2026-08-29T14:45:46.967391+00:00,2026-08-29T14:45:46.967391+00:00,3
35,AP_DAM_WRIS_AP01HH0127,Bahuda Dam,dam,TE,Chittoor,Irrg.& CAD Dept.,ACTIVE,CANDIDATE,1974,,,,103,0.8,False,2026-08-29T14:45:46.967391+00:00,2026-08-29T14:45:46.967391+00:00,,,,,NO_REAL_STRUCTURAL_LABEL,1,Bahuda Dam,dam,ap_dam_barrage_state_v1,"{""origin"": ""GOVERNMENT_DERIVED_MIRROR"", ""nrld_no"": ""AP01HH0127"", ""dam_type"": ""TE"", ""age_years"": 52.0, ""gate_type"": ""LG"", ""built_year"": 1974.0, ""gate_count"": 6.0, ""river_name"": ""Bahuda"", ""dam_height_m"": 31.77, ""dam_length_m"": 792.48, ""quality_flag"": ""SOURCE_PRESERVED"", ""seismic_zone"": ""Seismic Zone-II"", ""spillway_type"": null, ""structure_code"": ""D01861"", ""authority_level"": ""B2"", ""completion_year"": 1974.0, ""registry_status"": ""Completed"", ""spillway_level_m"": 611.7, ""commencement_year"": null, ""spillway_length_m"": null, ""dam_volume_source_value"": null, ""engineering_completeness"": 1.0, ""design_flood_source_value"": 849.5, ""engineering_fields_available"": 10.0, ""engineering_source_confidence"": 0.8, ""spillway_capacity_source_value"": 849.5}","{""manual_daily_reservoir_storage_mcm"": {""max"": 11.144, ""min"": 0.0, ""std"": 3.4810371138519978, ""mean"": 2.9798290842283777, ""count"": 7076, ""latest"": 6.1698, ""latest_zscore"": 0.9163852068907444, ""freshness_days"": 126.86961427342592}, ""manual_daily_reservoir_water_level_m"": {""max"": 614.172, ""min"": 0.0, ""std"": 59.62107794216993, ""mean"": 601.0964421074949, ""count"": 6391, ""latest"": 611.093527, ""latest_zscore"": 0.16767702358890357, ""freshness_days"": 125.86961427342592}}",True,2026-09-03T04:52:14.819262+00:00,4,1,Bahuda Dam,dam,1,103,14,1974,,31.77,792.48,,6,125.192 x 2.438,LG,849.5,849.5,611.7,,,Bahuda,TE,Seismic Zone-II,Completed,AP01HH0127,D01861,Madanapalle,Irrg.& CAD Dept.,52.0,10,1.0,True,B2,GOVERNMENT_DERIVED_MIRROR,SOURCE_PRESERVED,0.8,2026-09-03T04:45:38.976858+00:00,1,1,103,ASSET_REGISTRY,wris_registry_record,,Bahuda Dam,,,,,,B2,GOVERNMENT_DERIVED_MIRROR,SOURCE_PRESERVED,0.8,False,False,False,AP state filter + external ID + spatial/name resolution,"{""geometry"": {""type"": ""Point"", ""coordinates"": [78.62877169, 13.55934796]}, ""properties"": {""class"": ""Class 2"", ""state"": ""AP"", ""bacode"": ""09"", ""dtcode"": ""Chittoor"", ""dam_vol"": null, ""dm_name"": ""Bahuda Dam"", ""dm_type"": ""TE"", ""nrld_no"": ""AP01HH0127"", ""rivcode"": ""Bahuda"", ""dm_ncity"": ""Madanapalle"", ""objectid"": 1136, ""strucode"": ""D01861"", ""dm_cmn_yr"": null, ""dm_cmp_yr"": ""1974"", ""dm_coment"": null, ""dm_height"": ""31.77"", ""dm_length"": ""792.48"", ""dm_status"": ""Completed"", ""dm_gate_no"": 6, ""dm_gate_sz"": ""125.192 x 2.438"", ""dm_flod_des"": ""849.5"", ""dm_gt_ungtd"": null, ""dm_mod_oper"": null, ""dm_ses_zone"": ""Seismic Zone-II"", ""dm_spil_cap"": 849.5, ""dm_spil_lev"": 611.7, ""dm_gate_type"": ""LG"", ""dm_sluice_sz"": null, ""dm_spil_leng"": null, ""dm_spil_type"": null, ""dm_cn_gate_no"": null, ""dm_ener_dissp"": null, ""dm_inst_inter"": null, ""dm_perliament"": ""Rajampet"", ""dm_ph_gate_no"": null, ""dm_instru_embed"": null, ""dm_oper_main_age"": ""Irrg.& CAD Dept."", ""dm_sluice_purpose"": null, ""dm_inst_inter_ager"": null, ""dm_no_river_sluice"": null}}",2026-08-29T14:45:46.967391+00:00,2026-08-29T14:45:46.967391+00:00,5
36,AP_DAM_WRIS_AP01MH0018,Bhairavanithippa Dam,dam,TE,Anantapur,Irrg.& CAD Dept.,ACTIVE,CANDIDATE,1961,,,,103,0.8,False,2026-08-29T14:45:46.967391+00:00,2026-08-29T14:45:46.967391+00:00,,,,,NO_REAL_STRUCTURAL_LABEL,1,Bhairavanithippa Dam,dam,ap_dam_barrage_state_v1,"{""origin"": ""GOVERNMENT_DERIVED_MIRROR"", ""nrld_no"": ""AP01MH0018"", ""dam_type"": ""TE"", ""age_years"": 65.0, ""gate_type"": ""LG"", ""built_year"": 1961.0, ""gate_count"": 12.0, ""river_name"": ""Pedda Hagari(Vedavathi) River"", ""dam_height_m"": 20.0, ""dam_length_m"": 2235.0, ""quality_flag"": ""SOURCE_PRESERVED"", ""seismic_zone"": ""Seismic Zone-II"", ""spillway_type"": ""OG"", ""structure_code"": ""D01875"", ""authority_level"": ""B2"", ""completion_year"": 1961.0, ""registry_status"": ""Completed"", ""spillway_level_m"": 499.89, ""commencement_year"": null, ""spillway_length_m"": null, ""dam_volume_source_value"": null, ""engineering_completeness"": 1.0, ""design_flood_source_value"": 3635.0, ""engineering_fields_available"": 10.0, ""engineering_source_confidence"": 0.8, ""spillway_capacity_source_value"": 3635.0}","{""manual_daily_reservoir_storage_mcm"": {""max"": 57.3065, ""min"": 0.0, ""std"": 16.069056597616097, ""mean"": 13.103231588107324, ""count"": 6895, ""latest"": 10.696, ""latest_zscore"": -0.14980540851816065, ""freshness_days"": 125.86961427342592}, ""manual_daily_reservoir_water_level_m"": {""max"": 5015.371486, ""min"": 0.0, ""std"": 183.7565407050144, ""mean"": 461.36555041070653, ""count"": 6893, ""latest"": 500.3292, ""latest_zscore"": 0.2120395249050867, ""freshness_days"": 125.86961427342592}}",True,2026-09-03T04:52:14.819262+00:00,4,1,Bhairavanithippa Dam,dam,1,103,15,1961,,20.0,2235.0,,12,12.192 x 4.572,LG,3635.0,3635.0,499.89,,OG,Pedda Hagari(Vedavathi) River,TE,Seismic Zone-II,Completed,AP01MH0018,D01875,Rayadurg,Irrg.& CAD Dept.,65.0,10,1.0,True,B2,GOVERNMENT_DERIVED_MIRROR,SOURCE_PRESERVED,0.8,2026-09-03T04:45:38.976858+00:00,1,1,103,ASSET_REGISTRY,wris_registry_record,,Bhairavanithippa Dam,,,,,,B2,GOVERNMENT_DERIVED_MIRROR,SOURCE_PRESERVED,0.8,False,False,False,AP state filter + external ID + spatial/name resolution,"{""geometry"": {""type"": ""Point"", ""coordinates"": [76.83914118, 14.53801688]}, ""properties"": {""class"": ""Class 2"", ""state"": ""AP"", ""bacode"": ""04"", ""dtcode"": ""Anantapur"", ""dam_vol"": null, ""dm_name"": ""Bhairavanithippa Dam"", ""dm_type"": ""TE"", ""nrld_no"": ""AP01MH0018"", ""rivcode"": ""Pedda Hagari(Vedavathi) River"", ""dm_ncity"": ""Rayadurg"", ""objectid"": 1142, ""strucode"": ""D01875"", ""dm_cmn_yr"": null, ""dm_cmp_yr"": ""1961"", ""dm_coment"": null, ""dm_height"": ""20"", ""dm_length"": ""2235"", ""dm_status"": ""Completed"", ""dm_gate_no"": 12, ""dm_gate_sz"": ""12.192 x 4.572"", ""dm_flod_des"": ""3635"", ""dm_gt_ungtd"": null, ""dm_mod_oper"": null, ""dm_ses_zone"": ""Seismic Zone-II"", ""dm_spil_cap"": 3635.0, ""dm_spil_lev"": 499.89, ""dm_gate_type"": ""LG"", ""dm_sluice_sz"": null, ""dm_spil_leng"": null, ""dm_spil_type"": ""OG"", ""dm_cn_gate_no"": null, ""dm_ener_dissp"": null, ""dm_inst_inter"": null, ""dm_perliament"": ""Anantapur"", ""dm_ph_gate_no"": null, ""dm_instru_embed"": null, ""dm_oper_main_age"": ""Irrg.& CAD Dept."", ""dm_sluice_purpose"": null, ""dm_inst_inter_ager"": null, ""dm_no_river_sluice"": null}}",2026-08-29T14:45:46.967391+00:00,2026-08-29T14:45:46.967391+00:00,2
37,AP_DAM_WRIS_D01879,Bhupathipalem Dam,dam,,East Godavari,,ACTIVE,CANDIDATE,,,,,103,0.8,False,2026-08-29T14:45:46.967391+00:00,2026-08-29T14:45:46.967391+00:00,,,,,NO_REAL_STRUCTURAL_LABEL,1,Bhupathipalem Dam,dam,ap_dam_barrage_state_v1,"{""origin"": ""GOVERNMENT_DERIVED_MIRROR"", ""nrld_no"": null, ""dam_type"": null, ""age_years"": null, ""gate_type"": null, ""built_year"": null, ""gate_count"": 5.0, ""river_name"": ""Seethapallivagu"", ""dam_height_m"": null, ""dam_length_m"": 748.0, ""quality_flag"": ""SOURCE_PRESERVED"", ""seismic_zone"": ""Seismic Zone-II"", ""spillway_type"": null, ""structure_code"": ""D01879"", ""authority_level"": ""B2"", ""completion_year"": null, ""registry_status"": ""Completed"", ""spillway_level_m"": 196.5, ""commencement_year"": null, ""spillway_length_m"": 66.0, ""dam_volume_source_value"": null, ""engineering_completeness"": 0.7, ""design_flood_source_value"": 1642.0, ""engineering_fields_available"": 7.0, ""engineering_source_confidence"": 0.8, ""spillway_capacity_source_value"": 1642.0}",{},False,2026-09-03T04:52:14.819262+00:00,0,1,Bhupathipalem Dam,dam,1,103,16,,,,748.0,,5,1.2 x 2.0,,1642.0,1642.0,196.5,66.0,,Seethapallivagu,,Seismic Zone-II,Completed,,D01879,Rampa Chodavaram,,,7,0.7,False,B2,GOVERNMENT_DERIVED_MIRROR,SOURCE_PRESERVED,0.8,2026-09-03T04:45:38.976858+00:00,1,1,103,ASSET_REGISTRY,wris_registry_record,,Bhupathipalem Dam,,,,,,B2,GOVERNMENT_DERIVED_MIRROR,SOURCE_PRESERVED,0.8,False,False,False,AP state filter + external ID + spatial/name resolution,"{""geometry"": {""type"": ""Point"", ""coordinates"": [81.76549352, 17.44681795]}, ""properties"": {""class"": ""CLASS 3"", ""state"": ""AP"", ""bacode"": ""03"", ""dtcode"": ""East Godavari"", ""dam_vol"": null, ""dm_name"": ""Bhupathipalem Dam"", ""dm_type"": null, ""nrld_no"": null, ""rivcode"": ""Seethapallivagu"", ""dm_ncity"": ""Rampa Chodavaram"", ""objectid"": 1146, ""strucode"": ""D01879"", ""dm_cmn_yr"": null, ""dm_cmp_yr"": null, ""dm_coment"": null, ""dm_height"": null, ""dm_length"": ""748"", ""dm_status"": ""Completed"", ""dm_gate_no"": 5, ""dm_gate_sz"": ""1.2 x 2.0"", ""dm_flod_des"": ""1642"", ""dm_gt_ungtd"": null, ""dm_mod_oper"": null, ""dm_ses_zone"": ""Seismic Zone-II"", ""dm_spil_cap"": 1642.0, ""dm_spil_lev"": 196.5, ""dm_gate_type"": null, ""dm_sluice_sz"": null, ""dm_spil_leng"": ""66"", ""dm_spil_type"": null, ""dm_cn_gate_no"": null, ""dm_ener_dissp"": null, ""dm_inst_inter"": null, ""dm_perliament"": ""Araku"", ""dm_ph_gate_no"": null, ""dm_instru_embed"": null, ""dm_oper_main_age"": null, ""dm_sluice_purpose"": null, ""dm_inst_inter_ager"": null, ""dm_no_river_sluice"": null}}",2026-08-29T14:45:46.967391+00:00,2026-08-29T14:45:46.967391+00:00,0
38,AP_DAM_WRIS_AP01MH0073,Buggavanka Dam,dam,TE + PG,Y.S.R.,Irrg.& CAD Dept.,ACTIVE,CANDIDATE,1998,,,,103,0.8,False,2026-08-29T14:45:46.967391+00:00,2026-08-29T14:45:46.967391+00:00,,,,,NO_REAL_STRUCTURAL_LABEL,1,Buggavanka Dam,dam,ap_dam_barrage_state_v1,"{""origin"": ""GOVERNMENT_DERIVED_MIRROR"", ""nrld_no"": ""AP01MH0073"", ""dam_type"": ""TE + PG"", ""age_years"": 28.0, ""gate_type"": ""RD"", ""built_year"": 1998.0, ""gate_count"": 4.0, ""river_name"": ""Buggavanka"", ""dam_height_m"": 26.0, ""dam_length_m"": 2060.0, ""quality_flag"": ""SOURCE_PRESERVED"", ""seismic_zone"": ""Seismic Zone-II"", ""spillway_type"": ""OG"", ""structure_code"": ""D01888"", ""authority_level"": ""B2"", ""completion_year"": 1998.0, ""registry_status"": ""Completed"", ""spillway_level_m"": 180.0, ""commencement_year"": null, ""spillway_length_m"": null, ""dam_volume_source_value"": 747.0, ""engineering_completeness"": 1.0, ""design_flood_source_value"": 929.0, ""engineering_fields_available"": 10.0, ""engineering_source_confidence"": 0.8, ""spillway_capacity_source_value"": 926.0}",{},False,2026-09-03T04:52:14.819262+00:00,0,1,Buggavanka Dam,dam,1,103,17,1998,,26.0,2060.0,747.0,4,12x6,RD,929.0,926.0,180.0,,OG,Buggavanka,TE + PG,Seismic Zone-II,Completed,AP01MH0073,D01888,Cuddapah,Irrg.& CAD Dept.,28.0,10,1.0,False,B2,GOVERNMENT_DERIVED_MIRROR,SOURCE_PRESERVED,0.8,2026-09-03T04:45:38.976858+00:00,1,1,103,ASSET_REGISTRY,wris_registry_record,,Buggavanka Dam,,,,,,B2,GOVERNMENT_DERIVED_MIRROR,SOURCE_PRESERVED,0.8,False,False,False,AP state filter + external ID + spatial/name resolution,"{""geometry"": {""type"": ""Point"", ""coordinates"": [78.83565042, 14.40017137]}, ""properties"": {""class"": ""Class 2"", ""state"": ""AP"", ""bacode"": ""09"", ""dtcode"": ""Y.S.R."", ""dam_vol"": ""747"", ""dm_name"": ""Buggavanka Dam"", ""dm_type"": ""TE + PG"", ""nrld_no"": ""AP01MH0073"", ""rivcode"": ""Buggavanka"", ""dm_ncity"": ""Cuddapah"", ""objectid"": 1154, ""strucode"": ""D01888"", ""dm_cmn_yr"": null, ""dm_cmp_yr"": ""1998"", ""dm_coment"": null, ""dm_height"": ""26"", ""dm_length"": ""2060"", ""dm_status"": ""Completed"", ""dm_gate_no"": 4, ""dm_gate_sz"": ""12x6"", ""dm_flod_des"": ""929"", ""dm_gt_ungtd"": null, ""dm_mod_oper"": null, ""dm_ses_zone"": ""Seismic Zone-II"", ""dm_spil_cap"": 926.0, ""dm_spil_lev"": 180.0, ""dm_gate_type"": ""RD"", ""dm_sluice_sz"": null, ""dm_spil_leng"": null, ""dm_spil_type"": ""OG"", ""dm_cn_gate_no"": null, ""dm_ener_dissp"": null, ""dm_inst_inter"": null, ""dm_perliament"": ""Kadapa"", ""dm_ph_gate_no"": null, ""dm_instru_embed"": null, ""dm_oper_main_age"": ""Irrg.& CAD Dept."", ""dm_sluice_purpose"": null, ""dm_inst_inter_ager"": null, ""dm_no_river_sluice"": null}}",2026-08-29T14:45:46.967391+00:00,2026-08-29T14:45:46.967391+00:00,3
39,AP_DAM_WRIS_AP01MH0026,Chinnarayaswamy Gudi /Chennaraya Dam,dam,TE,Anantapur,Irrg.& CAD Dept.,ACTIVE,CANDIDATE,1969,,,,103,0.8,False,2026-08-29T14:45:46.967391+00:00,2026-08-29T14:45:46.967391+00:00,,,,,NO_REAL_STRUCTURAL_LABEL,1,Chinnarayaswamy Gudi /Chennaraya Dam,dam,ap_dam_barrage_state_v1,"{""origin"": ""GOVERNMENT_DERIVED_MIRROR"", ""nrld_no"": ""AP01MH0026"", ""dam_type"": ""TE"", ""age_years"": 57.0, ""gate_type"": ""LG"", ""built_year"": 1969.0, ""gate_count"": null, ""river_name"": ""Papagni"", ""dam_height_m"": 15.0, ""dam_length_m"": 465.0, ""quality_flag"": ""SOURCE_PRESERVED"", ""seismic_zone"": ""Seismic Zone-II"", ""spillway_type"": null, ""structure_code"": ""D01908"", ""authority_level"": ""B2"", ""completion_year"": 1969.0, ""registry_status"": ""Completed"", ""spillway_level_m"": 582.77935766, ""commencement_year"": null, ""spillway_length_m"": null, ""dam_volume_source_value"": null, ""engineering_completeness"": 0.9, ""design_flood_source_value"": 897.64, ""engineering_fields_available"": 9.0, ""engineering_source_confidence"": 0.8, ""spillway_capacity_source_value"": 897.64}",{},False,2026-09-03T04:52:14.819262+00:00,0,1,Chinnarayaswamy Gudi /Chennaraya Dam,dam,1,103,18,1969,,15.0,465.0,,,,LG,897.64,897.64,582.77935766,,,Papagni,TE,Seismic Zone-II,Completed,AP01MH0026,D01908,Kadiri,Irrg.& CAD Dept.,57.0,9,0.9,False,B2,GOVERNMENT_DERIVED_MIRROR,SOURCE_PRESERVED,0.8,2026-09-03T04:45:38.976858+00:00,1,1,103,ASSET_REGISTRY,wris_registry_record,,Chinnarayaswamy Gudi /Chennaraya Dam,,,,,,B2,GOVERNMENT_DERIVED_MIRROR,SOURCE_PRESERVED,0.8,False,False,False,AP state filter + external ID + spatial/name resolution,"{""geometry"": {""type"": ""Point"", ""coordinates"": [78.17947277, 13.86161573]}, ""properties"": {""class"": ""CLASS 3"", ""state"": ""AP"", ""bacode"": ""09"", ""dtcode"": ""Anantapur"", ""dam_vol"": null, ""dm_name"": ""Chinnarayaswamy Gudi /Chennaraya Dam"", ""dm_type"": ""TE"", ""nrld_no"": ""AP01MH0026"", ""rivcode"": ""Papagni"", ""dm_ncity"": ""Kadiri"", ""objectid"": 1167, ""strucode"": ""D01908"", ""dm_cmn_yr"": null, ""dm_cmp_yr"": ""1969"", ""dm_coment"": ""Vertical gates of sixe 40'x15' Scour vents 2 no.s of size 14'-6\""x5'6\"" between Ch 382 mts to 392 mts"", ""dm_height"": ""15"", ""dm_length"": ""465"", ""dm_status"": ""Completed"", ""dm_gate_no"": null, ""dm_gate_sz"": null, ""dm_flod_des"": ""897.64"", ""dm_gt_ungtd"": null, ""dm_mod_oper"": null, ""dm_ses_zone"": ""Seismic Zone-II"", ""dm_spil_cap"": 897.64, ""dm_spil_lev"": 582.77935766, ""dm_gate_type"": ""LG"", ""dm_sluice_sz"": null, ""dm_spil_leng"": null, ""dm_spil_type"": null, ""dm_cn_gate_no"": null, ""dm_ener_dissp"": null, ""dm_inst_inter"": null, ""dm_perliament"": ""Hindupur"", ""dm_ph_gate_no"": null, ""dm_instru_embed"": null, ""dm_oper_main_age"": ""Irrg.& CAD Dept."", ""dm_sluice_purpose"": null, ""dm_inst_inter_ager"": null, ""dm_no_river_sluice"": null}}",2026-08-29T14:45:46.967391+00:00,2026-08-29T14:45:46.967391+00:00,0
40,AP_DAM_WRIS_AP01MH0001,Cumbum Dam,dam,TE,Prakasam,Irrg.& CAD Dept.,ACTIVE,CANDIDATE,,,,,103,0.8,False,2026-08-29T14:45:46.967391+00:00,2026-08-29T14:45:46.967391+00:00,,,,,NO_REAL_STRUCTURAL_LABEL,1,Cumbum Dam,dam,ap_dam_barrage_state_v1,"{""origin"": ""GOVERNMENT_DERIVED_MIRROR"", ""nrld_no"": ""AP01MH0001"", ""dam_type"": ""TE"", ""age_years"": null, ""gate_type"": null, ""built_year"": null, ""gate_count"": null, ""river_name"": ""Gundlakamma & Jampaleru"", ""dam_height_m"": 15.38, ""dam_length_m"": 295.65, ""quality_flag"": ""SOURCE_PRESERVED"", ""seismic_zone"": ""Seismic Zone-II"", ""spillway_type"": null, ""structure_code"": ""D01915"", ""authority_level"": ""B2"", ""completion_year"": null, ""registry_status"": ""Completed"", ""spillway_level_m"": null, ""commencement_year"": null, ""spillway_length_m"": null, ""dam_volume_source_value"": null, ""engineering_completeness"": 0.7, ""design_flood_source_value"": 112.72, ""engineering_fields_available"": 7.0, ""engineering_source_confidence"": 0.8, ""spillway_capacity_source_value"": 113.0}",{},False,2026-09-03T04:52:14.819262+00:00,0,1,Cumbum Dam,dam,1,103,19,,,15.38,295.65,,,,,112.72,113.0,,,,Gundlakamma & Jampaleru,TE,Seismic Zone-II,Completed,AP01MH0001,D01915,Giddalur,Irrg.& CAD Dept.,,7,0.7,False,B2,GOVERNMENT_DERIVED_MIRROR,SOURCE_PRESERVED,0.8,2026-09-03T04:45:38.976858+00:00,1,1,103,ASSET_REGISTRY,wris_registry_record,,Cumbum Dam,,,,,,B2,GOVERNMENT_DERIVED_MIRROR,SOURCE_PRESERVED,0.8,False,False,False,AP state filter + external ID + spatial/name resolution,"{""geometry"": {""type"": ""Point"", ""coordinates"": [79.08129862, 15.57613043]}, ""properties"": {""class"": ""Class 2"", ""state"": ""AP"", ""bacode"": ""16"", ""dtcode"": ""Prakasam"", ""dam_vol"": null, ""dm_name"": ""Cumbum Dam"", ""dm_type"": ""TE"", ""nrld_no"": ""AP01MH0001"", ""rivcode"": ""Gundlakamma & Jampaleru"", ""dm_ncity"": ""Giddalur"", ""objectid"": 1172, ""strucode"": ""D01915"", ""dm_cmn_yr"": null, ""dm_cmp_yr"": null, ""dm_coment"": null, ""dm_height"": ""15.38"", ""dm_length"": ""295.65"", ""dm_status"": ""Completed"", ""dm_gate_no"": null, ""dm_gate_sz"": null, ""dm_flod_des"": ""112.72"", ""dm_gt_ungtd"": null, ""dm_mod_oper"": null, ""dm_ses_zone"": ""Seismic Zone-II"", ""dm_spil_cap"": 113.0, ""dm_spil_lev"": null, ""dm_gate_type"": null, ""dm_sluice_sz"": null, ""dm_spil_leng"": null, ""dm_spil_type"": null, ""dm_cn_gate_no"": null, ""dm_ener_dissp"": null, ""dm_inst_inter"": null, ""dm_perliament"": ""Ongole"", ""dm_ph_gate_no"": null, ""dm_instru_embed"": null, ""dm_oper_main_age"": ""Irrg.& CAD Dept."", ""dm_sluice_purpose"": null, ""dm_inst_inter_ager"": null, ""dm_no_river_sluice"": null}}",2026-08-29T14:45:46.967391+00:00,2026-08-29T14:45:46.967391+00:00,0
41,AP_DAM_WRIS_D01773,Ahobilam / Penna Ahobilam (Dr. K.S.P.A.B.R.) Dam,dam,TE,Anantapur,,ACTIVE,CANDIDATE,1994,,,,103,0.8,False,2026-08-29T14:45:46.967391+00:00,2026-08-29T14:45:46.967391+00:00,,,,,NO_REAL_STRUCTURAL_LABEL,1,Ahobilam / Penna Ahobilam (Dr. K.S.P.A.B.R.) Dam,dam,ap_dam_barrage_state_v1,"{""origin"": ""GOVERNMENT_DERIVED_MIRROR"", ""nrld_no"": null, ""dam_type"": ""TE"", ""age_years"": 32.0, ""gate_type"": ""RD"", ""built_year"": 1994.0, ""gate_count"": 7.0, ""river_name"": ""Pennar"", ""dam_height_m"": 46.0, ""dam_length_m"": 2060.0, ""quality_flag"": ""SOURCE_PRESERVED"", ""seismic_zone"": ""Seismic Zone-II"", ""spillway_type"": null, ""structure_code"": ""D01773"", ""authority_level"": ""B2"", ""completion_year"": 1994.0, ""registry_status"": ""Completed"", ""spillway_level_m"": 423.0, ""commencement_year"": null, ""spillway_length_m"": 103.54, ""dam_volume_source_value"": 865.0, ""engineering_completeness"": 1.0, ""design_flood_source_value"": 4596.0, ""engineering_fields_available"": 10.0, ""engineering_source_confidence"": 0.8, ""spillway_capacity_source_value"": 4662.0}",{},False,2026-09-03T04:52:14.819262+00:00,0,1,Ahobilam / Penna Ahobilam (Dr. K.S.P.A.B.R.) Dam,dam,1,103,20,1994,,46.0,2060.0,865.0,7,12.20 x 8.65,RD,4596.0,4662.0,423.0,103.54,,Pennar,TE,Seismic Zone-II,Completed,,D01773,Rayadurg,,32.0,10,1.0,False,B2,GOVERNMENT_DERIVED_MIRROR,SOURCE_PRESERVED,0.8,2026-09-03T04:45:38.976858+00:00,1,1,103,ASSET_REGISTRY,wris_registry_record,,Ahobilam / Penna Ahobilam (Dr. K.S.P.A.B.R.) Dam,,,,,,B2,GOVERNMENT_DERIVED_MIRROR,SOURCE_PRESERVED,0.8,False,False,False,AP state filter + external ID + spatial/name resolution,"{""geometry"": {""type"": ""Point"", ""coordinates"": [77.29862207, 14.79085399]}, ""properties"": {""class"": ""Class 2"", ""state"": ""AP"", ""bacode"": ""09"", ""dtcode"": ""Anantapur"", ""dam_vol"": ""865"", ""dm_name"": ""Ahobilam / Penna Ahobilam (Dr. K.S.P.A.B.R.) Dam"", ""dm_type"": ""TE"", ""nrld_no"": null, ""rivcode"": ""Pennar"", ""dm_ncity"": ""Rayadurg"", ""objectid"": 1240, ""strucode"": ""D01773"", ""dm_cmn_yr"": null, ""dm_cmp_yr"": ""1994"", ""dm_coment"": null, ""dm_height"": ""46"", ""dm_length"": ""2060"", ""dm_status"": ""Completed"", ""dm_gate_no"": 7, ""dm_gate_sz"": ""12.20 x 8.65"", ""dm_flod_des"": ""4596"", ""dm_gt_ungtd"": null, ""dm_mod_oper"": null, ""dm_ses_zone"": ""Seismic Zone-II"", ""dm_spil_cap"": 4662.0, ""dm_spil_lev"": 423.0, ""dm_gate_type"": ""RD"", ""dm_sluice_sz"": null, ""dm_spil_leng"": ""103.54"", ""dm_spil_type"": null, ""dm_cn_gate_no"": null, ""dm_ener_dissp"": null, ""dm_inst_inter"": null, ""dm_perliament"": ""Anantapur"", ""dm_ph_gate_no"": null, ""dm_instru_embed"": null, ""dm_oper_main_age"": null, ""dm_sluice_purpose"": null, ""dm_inst_inter_ager"": null, ""dm_no_river_sluice"": null}}",2026-08-29T14:45:46.967391+00:00,2026-08-29T14:45:46.967391+00:00,3
42,AP_DAM_WRIS_AP01MH0004,Mopadu Dam,dam,TE,Prakasam,Irrg.& CAD Dept.,ACTIVE,CANDIDATE,1921,,,,103,0.8,False,2026-08-29T14:45:46.967391+00:00,2026-08-29T14:45:46.967391+00:00,,,,,NO_REAL_STRUCTURAL_LABEL,1,Mopadu Dam,dam,ap_dam_barrage_state_v1,"{""origin"": ""GOVERNMENT_DERIVED_MIRROR"", ""nrld_no"": ""AP01MH0004"", ""dam_type"": ""TE"", ""age_years"": 105.0, ""gate_type"": ""OT"", ""built_year"": 1921.0, ""gate_count"": null, ""river_name"": ""Manneru"", ""dam_height_m"": 28.0, ""dam_length_m"": 2630.0, ""quality_flag"": ""SOURCE_PRESERVED"", ""seismic_zone"": ""Seismic Zone-II"", ""spillway_type"": null, ""structure_code"": ""D02184"", ""authority_level"": ""B2"", ""completion_year"": 1921.0, ""registry_status"": ""Completed"", ""spillway_level_m"": 110.15, ""commencement_year"": null, ""spillway_length_m"": 1670.0, ""dam_volume_source_value"": 401.0, ""engineering_completeness"": 0.9, ""design_flood_source_value"": 1922.0, ""engineering_fields_available"": 9.0, ""engineering_source_confidence"": 0.8, ""spillway_capacity_source_value"": 1923.0}",{},False,2026-09-03T04:52:14.819262+00:00,0,1,Mopadu Dam,dam,1,103,22,1921,,28.0,2630.0,401.0,,457 x 1.35,OT,1922.0,1923.0,110.15,1670.0,,Manneru,TE,Seismic Zone-II,Completed,AP01MH0004,D02184,Kanigiri,Irrg.& CAD Dept.,105.0,9,0.9,False,B2,GOVERNMENT_DERIVED_MIRROR,SOURCE_PRESERVED,0.8,2026-09-03T04:45:38.976858+00:00,1,1,103,ASSET_REGISTRY,wris_registry_record,,Mopadu Dam,,,,,,B2,GOVERNMENT_DERIVED_MIRROR,SOURCE_PRESERVED,0.8,False,False,False,AP state filter + external ID + spatial/name resolution,"{""geometry"": {""type"": ""Point"", ""coordinates"": [79.48193501, 15.1062066]}, ""properties"": {""class"": ""Class 2"", ""state"": ""AP"", ""bacode"": ""16"", ""dtcode"": ""Prakasam"", ""dam_vol"": ""401"", ""dm_name"": ""Mopadu Dam"", ""dm_type"": ""TE"", ""nrld_no"": ""AP01MH0004"", ""rivcode"": ""Manneru"", ""dm_ncity"": ""Kanigiri"", ""objectid"": 1417, ""strucode"": ""D02184"", ""dm_cmn_yr"": null, ""dm_cmp_yr"": ""1921"", ""dm_coment"": ""Gates are Existing B.C Weir size"", ""dm_height"": ""28"", ""dm_length"": ""2630"", ""dm_status"": ""Completed"", ""dm_gate_no"": null, ""dm_gate_sz"": ""457 x 1.35"", ""dm_flod_des"": ""1922"", ""dm_gt_ungtd"": null, ""dm_mod_oper"": null, ""dm_ses_zone"": ""Seismic Zone-II"", ""dm_spil_cap"": 1923.0, ""dm_spil_lev"": 110.15, ""dm_gate_type"": ""OT"", ""dm_sluice_sz"": null, ""dm_spil_leng"": ""1670"", ""dm_spil_type"": null, ""dm_cn_gate_no"": null, ""dm_ener_dissp"": null, ""dm_inst_inter"": null, ""dm_perliament"": ""Ongole"", ""dm_ph_gate_no"": null, ""dm_instru_embed"": null, ""dm_oper_main_age"": ""Irrg.& CAD Dept."", ""dm_sluice_purpose"": null, ""dm_inst_inter_ager"": null, ""dm_no_river_sluice"": null}}",2026-08-29T14:45:46.967391+00:00,2026-08-29T14:45:46.967391+00:00,0
43,AP_DAM_WRIS_AP01HH0137,Musurumilli /Musurmilli Dam,dam,TE + PG,East Godavari,Irrg.& CAD Dept.,CONSTRUCTION,CANDIDATE,,,,,103,0.8,False,2026-08-29T14:45:46.967391+00:00,2026-08-29T14:45:46.967391+00:00,,,,,NO_REAL_STRUCTURAL_LABEL,1,Musurumilli /Musurmilli Dam,dam,ap_dam_barrage_state_v1,"{""origin"": ""GOVERNMENT_DERIVED_MIRROR"", ""nrld_no"": ""AP01HH0137"", ""dam_type"": ""TE + PG"", ""age_years"": null, ""gate_type"": ""OT"", ""built_year"": null, ""gate_count"": 7.0, ""river_name"": ""Seethapallivagu"", ""dam_height_m"": 33.0, ""dam_length_m"": 1040.0, ""quality_flag"": ""SOURCE_PRESERVED"", ""seismic_zone"": ""Seismic Zone-II"", ""spillway_type"": ""OG"", ""structure_code"": ""D02195"", ""authority_level"": ""B2"", ""completion_year"": null, ""registry_status"": ""Under Construction"", ""spillway_level_m"": 115.5, ""commencement_year"": null, ""spillway_length_m"": 86.5, ""dam_volume_source_value"": null, ""engineering_completeness"": 0.9, ""design_flood_source_value"": 2944.0, ""engineering_fields_available"": 9.0, ""engineering_source_confidence"": 0.8, ""spillway_capacity_source_value"": 2944.0}",{},False,2026-09-03T04:52:14.819262+00:00,0,1,Musurumilli /Musurmilli Dam,dam,1,103,23,,,33.0,1040.0,,7,10  x 7.5,OT,2944.0,2944.0,115.5,86.5,OG,Seethapallivagu,TE + PG,Seismic Zone-II,Under Construction,AP01HH0137,D02195,Rampa Chodavaram,Irrg.& CAD Dept.,,9,0.9,False,B2,GOVERNMENT_DERIVED_MIRROR,SOURCE_PRESERVED,0.8,2026-09-03T04:45:38.976858+00:00,1,1,103,ASSET_REGISTRY,wris_registry_record,,Musurumilli /Musurmilli Dam,,,,,,B2,GOVERNMENT_DERIVED_MIRROR,SOURCE_PRESERVED,0.8,False,False,False,AP state filter + external ID + spatial/name resolution,"{""geometry"": {""type"": ""Point"", ""coordinates"": [81.76728038, 17.38000725]}, ""properties"": {""class"": ""CLASS 3"", ""state"": ""AP"", ""bacode"": ""03"", ""dtcode"": ""East Godavari"", ""dam_vol"": null, ""dm_name"": ""Musurumilli /Musurmilli Dam"", ""dm_type"": ""TE + PG"", ""nrld_no"": ""AP01HH0137"", ""rivcode"": ""Seethapallivagu"", ""dm_ncity"": ""Rampa Chodavaram"", ""objectid"": 1424, ""strucode"": ""D02195"", ""dm_cmn_yr"": null, ""dm_cmp_yr"": null, ""dm_coment"": null, ""dm_height"": ""33"", ""dm_length"": ""1040"", ""dm_status"": ""Under Construction"", ""dm_gate_no"": 7, ""dm_gate_sz"": ""10  x 7.5"", ""dm_flod_des"": ""2944"", ""dm_gt_ungtd"": null, ""dm_mod_oper"": null, ""dm_ses_zone"": ""Seismic Zone-II"", ""dm_spil_cap"": 2944.0, ""dm_spil_lev"": 115.5, ""dm_gate_type"": ""OT"", ""dm_sluice_sz"": null, ""dm_spil_leng"": ""86.5"", ""dm_spil_type"": ""OG"", ""dm_cn_gate_no"": null, ""dm_ener_dissp"": null, ""dm_inst_inter"": null, ""dm_perliament"": ""Araku"", ""dm_ph_gate_no"": null, ""dm_instru_embed"": null, ""dm_oper_main_age"": ""Irrg.& CAD Dept."", ""dm_sluice_purpose"": null, ""dm_inst_inter_ager"": null, ""dm_no_river_sluice"": null}}",2026-08-29T14:45:46.967391+00:00,2026-08-29T14:45:46.967391+00:00,0
44,AP_DAM_WRIS_D02198,Narayanapuram Dam,dam,,Srikakulam,,UNKNOWN,CANDIDATE,,,,,103,0.8,False,2026-08-29T14:45:46.967391+00:00,2026-08-29T14:45:46.967391+00:00,,,,,NO_REAL_STRUCTURAL_LABEL,1,Narayanapuram Dam,dam,ap_dam_barrage_state_v1,"{""origin"": ""GOVERNMENT_DERIVED_MIRROR"", ""nrld_no"": null, ""dam_type"": null, ""age_years"": null, ""gate_type"": null, ""built_year"": null, ""gate_count"": null, ""river_name"": ""Nagavali"", ""dam_height_m"": null, ""dam_length_m"": null, ""quality_flag"": ""SOURCE_PRESERVED"", ""seismic_zone"": ""Seismic Zone-II"", ""spillway_type"": null, ""structure_code"": ""D02198"", ""authority_level"": ""B2"", ""completion_year"": null, ""registry_status"": null, ""spillway_level_m"": null, ""commencement_year"": null, ""spillway_length_m"": null, ""dam_volume_source_value"": null, ""engineering_completeness"": 0.2, ""design_flood_source_value"": null, ""engineering_fields_available"": 2.0, ""engineering_source_confidence"": 0.8, ""spillway_capacity_source_value"": null}",{},False,2026-09-03T04:52:14.819262+00:00,0,1,Narayanapuram Dam,dam,1,103,24,,,,,,,,,,,,,,Nagavali,,Seismic Zone-II,,,D02198,Palakonda,,,2,0.2,False,B2,GOVERNMENT_DERIVED_MIRROR,SOURCE_PRESERVED,0.8,2026-09-03T04:45:38.976858+00:00,1,1,103,ASSET_REGISTRY,wris_registry_record,,Narayanapuram Dam,,,,,,B2,GOVERNMENT_DERIVED_MIRROR,SOURCE_PRESERVED,0.8,False,False,False,AP state filter + external ID + spatial/name resolution,"{""geometry"": {""type"": ""Point"", ""coordinates"": [83.80960236, 18.48674298]}, ""properties"": {""class"": ""CLASS 3"", ""state"": ""AP"", ""bacode"": ""16"", ""dtcode"": ""Srikakulam"", ""dam_vol"": null, ""dm_name"": ""Narayanapuram Dam"", ""dm_type"": null, ""nrld_no"": null, ""rivcode"": ""Nagavali"", ""dm_ncity"": ""Palakonda"", ""objectid"": 1427, ""strucode"": ""D02198"", ""dm_cmn_yr"": null, ""dm_cmp_yr"": null, ""dm_coment"": null, ""dm_height"": null, ""dm_length"": null, ""dm_status"": null, ""dm_gate_no"": null, ""dm_gate_sz"": null, ""dm_flod_des"": null, ""dm_gt_ungtd"": null, ""dm_mod_oper"": null, ""dm_ses_zone"": ""Seismic Zone-II"", ""dm_spil_cap"": null, ""dm_spil_lev"": null, ""dm_gate_type"": null, ""dm_sluice_sz"": null, ""dm_spil_leng"": null, ""dm_spil_type"": null, ""dm_cn_gate_no"": null, ""dm_ener_dissp"": null, ""dm_inst_inter"": null, ""dm_perliament"": ""Vizianagaram"", ""dm_ph_gate_no"": null, ""dm_instru_embed"": null, ""dm_oper_main_age"": null, ""dm_sluice_purpose"": null, ""dm_inst_inter_ager"": null, ""dm_no_river_sluice"": null}}",2026-08-29T14:45:46.967391+00:00,2026-08-29T14:45:46.967391+00:00,0
45,AP_DAM_WRIS_AP01MH0046,Pampa Dam,dam,TE + PG,East Godavari,Irrg.& CAD Dept.,ACTIVE,CANDIDATE,1969,,,,103,0.8,False,2026-08-29T14:45:46.967391+00:00,2026-08-29T14:45:46.967391+00:00,,,,,NO_REAL_STRUCTURAL_LABEL,1,Pampa Dam,dam,ap_dam_barrage_state_v1,"{""origin"": ""GOVERNMENT_DERIVED_MIRROR"", ""nrld_no"": ""AP01MH0046"", ""dam_type"": ""TE + PG"", ""age_years"": 57.0, ""gate_type"": ""LG"", ""built_year"": 1969.0, ""gate_count"": 5.0, ""river_name"": ""Pampa"", ""dam_height_m"": 15.0, ""dam_length_m"": 1128.0, ""quality_flag"": ""SOURCE_PRESERVED"", ""seismic_zone"": ""Seismic Zone-II"", ""spillway_type"": ""OG"", ""structure_code"": ""D02204"", ""authority_level"": ""B2"", ""completion_year"": 1969.0, ""registry_status"": ""Completed"", ""spillway_level_m"": 26.82, ""commencement_year"": 1964.0, ""spillway_length_m"": null, ""dam_volume_source_value"": null, ""engineering_completeness"": 1.0, ""design_flood_source_value"": 1400.0, ""engineering_fields_available"": 10.0, ""engineering_source_confidence"": 0.8, ""spillway_capacity_source_value"": 1400.0}",{},False,2026-09-03T04:52:14.819262+00:00,0,1,Pampa Dam,dam,1,103,25,1969,1964,15.0,1128.0,,5,12.2 x 5.33,LG,1400.0,1400.0,26.82,,OG,Pampa,TE + PG,Seismic Zone-II,Completed,AP01MH0046,D02204,Prathipadu,Irrg.& CAD Dept.,57.0,10,1.0,False,B2,GOVERNMENT_DERIVED_MIRROR,SOURCE_PRESERVED,0.8,2026-09-03T04:45:38.976858+00:00,1,1,103,ASSET_REGISTRY,wris_registry_record,,Pampa Dam,,,,,,B2,GOVERNMENT_DERIVED_MIRROR,SOURCE_PRESERVED,0.8,False,False,False,AP state filter + external ID + spatial/name resolution,"{""geometry"": {""type"": ""Point"", ""coordinates"": [82.40752984, 17.28731254]}, ""properties"": {""class"": ""Class 2"", ""state"": ""AP"", ""bacode"": ""16"", ""dtcode"": ""East Godavari"", ""dam_vol"": null, ""dm_name"": ""Pampa Dam"", ""dm_type"": ""TE + PG"", ""nrld_no"": ""AP01MH0046"", ""rivcode"": ""Pampa"", ""dm_ncity"": ""Prathipadu"", ""objectid"": 1448, ""strucode"": ""D02204"", ""dm_cmn_yr"": ""1964"", ""dm_cmp_yr"": ""1969"", ""dm_coment"": null, ""dm_height"": ""15"", ""dm_length"": ""1128"", ""dm_status"": ""Completed"", ""dm_gate_no"": 5, ""dm_gate_sz"": ""12.2 x 5.33"", ""dm_flod_des"": ""1400"", ""dm_gt_ungtd"": null, ""dm_mod_oper"": null, ""dm_ses_zone"": ""Seismic Zone-II"", ""dm_spil_cap"": 1400.0, ""dm_spil_lev"": 26.82, ""dm_gate_type"": ""LG"", ""dm_sluice_sz"": null, ""dm_spil_leng"": null, ""dm_spil_type"": ""OG"", ""dm_cn_gate_no"": null, ""dm_ener_dissp"": null, ""dm_inst_inter"": null, ""dm_perliament"": ""Kakinada"", ""dm_ph_gate_no"": null, ""dm_instru_embed"": null, ""dm_oper_main_age"": ""Irrg.& CAD Dept."", ""dm_sluice_purpose"": null, ""dm_inst_inter_ager"": null, ""dm_no_river_sluice"": null}}",2026-08-29T14:45:46.967391+00:00,2026-08-29T14:45:46.967391+00:00,0
46,AP_DAM_WRIS_AP01MH0140,Peddagedda Dam,dam,TE,Vizianagaram,Irrg.& CAD Dept.,CONSTRUCTION,CANDIDATE,,,,,103,0.8,False,2026-08-29T14:45:46.967391+00:00,2026-08-29T14:45:46.967391+00:00,,,,,NO_REAL_STRUCTURAL_LABEL,1,Peddagedda Dam,dam,ap_dam_barrage_state_v1,"{""origin"": ""GOVERNMENT_DERIVED_MIRROR"", ""nrld_no"": ""AP01MH0140"", ""dam_type"": ""TE"", ""age_years"": null, ""gate_type"": ""RD"", ""built_year"": null, ""gate_count"": 3.0, ""river_name"": ""Peddagedda"", ""dam_height_m"": 24.0, ""dam_length_m"": 2430.0, ""quality_flag"": ""SOURCE_PRESERVED"", ""seismic_zone"": ""Seismic Zone-II"", ""spillway_type"": ""OG"", ""structure_code"": ""D02205"", ""authority_level"": ""B2"", ""completion_year"": null, ""registry_status"": ""Under Construction"", ""spillway_level_m"": 207.0, ""commencement_year"": null, ""spillway_length_m"": 36.0, ""dam_volume_source_value"": null, ""engineering_completeness"": 0.9, ""design_flood_source_value"": 1395.0, ""engineering_fields_available"": 9.0, ""engineering_source_confidence"": 0.8, ""spillway_capacity_source_value"": 1395.0}",{},False,2026-09-03T04:52:14.819262+00:00,0,1,Peddagedda Dam,dam,1,103,26,,,24.0,2430.0,,3,12 x 8,RD,1395.0,1395.0,207.0,36.0,OG,Peddagedda,TE,Seismic Zone-II,Under Construction,AP01MH0140,D02205,Salur,Irrg.& CAD Dept.,,9,0.9,False,B2,GOVERNMENT_DERIVED_MIRROR,SOURCE_PRESERVED,0.8,2026-09-03T04:45:38.976858+00:00,1,1,103,ASSET_REGISTRY,wris_registry_record,,Peddagedda Dam,,,,,,B2,GOVERNMENT_DERIVED_MIRROR,SOURCE_PRESERVED,0.8,False,False,False,AP state filter + external ID + spatial/name resolution,"{""geometry"": {""type"": ""Point"", ""coordinates"": [83.11297336, 18.47038458]}, ""properties"": {""class"": ""Class 2"", ""state"": ""AP"", ""bacode"": ""16"", ""dtcode"": ""Vizianagaram"", ""dam_vol"": null, ""dm_name"": ""Peddagedda Dam"", ""dm_type"": ""TE"", ""nrld_no"": ""AP01MH0140"", ""rivcode"": ""Peddagedda"", ""dm_ncity"": ""Salur"", ""objectid"": 1449, ""strucode"": ""D02205"", ""dm_cmn_yr"": null, ""dm_cmp_yr"": null, ""dm_coment"": null, ""dm_height"": ""24"", ""dm_length"": ""2430"", ""dm_status"": ""Under Construction"", ""dm_gate_no"": 3, ""dm_gate_sz"": ""12 x 8"", ""dm_flod_des"": ""1395"", ""dm_gt_ungtd"": null, ""dm_mod_oper"": null, ""dm_ses_zone"": ""Seismic Zone-II"", ""dm_spil_cap"": 1395.0, ""dm_spil_lev"": 207.0, ""dm_gate_type"": ""RD"", ""dm_sluice_sz"": null, ""dm_spil_leng"": ""36"", ""dm_spil_type"": ""OG"", ""dm_cn_gate_no"": null, ""dm_ener_dissp"": null, ""dm_inst_inter"": null, ""dm_perliament"": ""Araku"", ""dm_ph_gate_no"": null, ""dm_instru_embed"": null, ""dm_oper_main_age"": ""Irrg.& CAD Dept."", ""dm_sluice_purpose"": null, ""dm_inst_inter_ager"": null, ""dm_no_river_sluice"": null}}",2026-08-29T14:45:46.967391+00:00,2026-08-29T14:45:46.967391+00:00,0
47,AP_DAM_WRIS_AP01MH0016,Pincha Dam,dam,TE + PG,Y.S.R.,Irrg.& CAD Dept.,ACTIVE,CANDIDATE,1960,,,,103,0.8,False,2026-08-29T14:45:46.967391+00:00,2026-08-29T14:45:46.967391+00:00,,,,,NO_REAL_STRUCTURAL_LABEL,1,Pincha Dam,dam,ap_dam_barrage_state_v1,"{""origin"": ""GOVERNMENT_DERIVED_MIRROR"", ""nrld_no"": ""AP01MH0016"", ""dam_type"": ""TE + PG"", ""age_years"": 66.0, ""gate_type"": ""LG"", ""built_year"": 1960.0, ""gate_count"": 3.0, ""river_name"": ""Pincha"", ""dam_height_m"": 21.0, ""dam_length_m"": 486.0, ""quality_flag"": ""SOURCE_PRESERVED"", ""seismic_zone"": ""Seismic Zone-II"", ""spillway_type"": null, ""structure_code"": ""D02216"", ""authority_level"": ""B2"", ""completion_year"": 1960.0, ""registry_status"": ""Completed"", ""spillway_level_m"": 297.26, ""commencement_year"": null, ""spillway_length_m"": null, ""dam_volume_source_value"": 150.0, ""engineering_completeness"": 1.0, ""design_flood_source_value"": 1643.0, ""engineering_fields_available"": 10.0, ""engineering_source_confidence"": 0.8, ""spillway_capacity_source_value"": 1644.0}",{},False,2026-09-03T04:52:14.819262+00:00,0,1,Pincha Dam,dam,1,103,28,1960,,21.0,486.0,150.0,3,12.2 x 4.57,LG,1643.0,1644.0,297.26,,,Pincha,TE + PG,Seismic Zone-II,Completed,AP01MH0016,D02216,Rayachoti,Irrg.& CAD Dept.,66.0,10,1.0,False,B2,GOVERNMENT_DERIVED_MIRROR,SOURCE_PRESERVED,0.8,2026-09-03T04:45:38.976858+00:00,1,1,103,ASSET_REGISTRY,wris_registry_record,,Pincha Dam,,,,,,B2,GOVERNMENT_DERIVED_MIRROR,SOURCE_PRESERVED,0.8,False,False,False,AP state filter + external ID + spatial/name resolution,"{""geometry"": {""type"": ""Point"", ""coordinates"": [78.99995959, 13.90914116]}, ""properties"": {""class"": ""CLASS 3"", ""state"": ""AP"", ""bacode"": ""09"", ""dtcode"": ""Y.S.R."", ""dam_vol"": ""150"", ""dm_name"": ""Pincha Dam"", ""dm_type"": ""TE + PG"", ""nrld_no"": ""AP01MH0016"", ""rivcode"": ""Pincha"", ""dm_ncity"": ""Rayachoti"", ""objectid"": 1455, ""strucode"": ""D02216"", ""dm_cmn_yr"": null, ""dm_cmp_yr"": ""1960"", ""dm_coment"": null, ""dm_height"": ""21"", ""dm_length"": ""486"", ""dm_status"": ""Completed"", ""dm_gate_no"": 3, ""dm_gate_sz"": ""12.2 x 4.57"", ""dm_flod_des"": ""1643"", ""dm_gt_ungtd"": null, ""dm_mod_oper"": null, ""dm_ses_zone"": ""Seismic Zone-II"", ""dm_spil_cap"": 1644.0, ""dm_spil_lev"": 297.26, ""dm_gate_type"": ""LG"", ""dm_sluice_sz"": null, ""dm_spil_leng"": null, ""dm_spil_type"": null, ""dm_cn_gate_no"": null, ""dm_ener_dissp"": null, ""dm_inst_inter"": null, ""dm_perliament"": ""Rajampet"", ""dm_ph_gate_no"": null, ""dm_instru_embed"": null, ""dm_oper_main_age"": ""Irrg.& CAD Dept."", ""dm_sluice_purpose"": null, ""dm_inst_inter_ager"": null, ""dm_no_river_sluice"": null}}",2026-08-29T14:45:46.967391+00:00,2026-08-29T14:45:46.967391+00:00,0
48,AP_DAM_WRIS_AP01MH0047,Gajuladinne (Sanjeevaiah Sagar) Dam,dam,TE,Kurnool,Irrg.& CAD Dept.,ACTIVE,CANDIDATE,1979,,,,103,0.8,False,2026-08-29T14:45:46.967391+00:00,2026-08-29T14:45:46.967391+00:00,,,,,NO_REAL_STRUCTURAL_LABEL,1,Gajuladinne (Sanjeevaiah Sagar) Dam,dam,ap_dam_barrage_state_v1,"{""origin"": ""GOVERNMENT_DERIVED_MIRROR"", ""nrld_no"": ""AP01MH0047"", ""dam_type"": ""TE"", ""age_years"": 47.0, ""gate_type"": ""LG"", ""built_year"": 1979.0, ""gate_count"": 6.0, ""river_name"": ""Handri"", ""dam_height_m"": 19.0, ""dam_length_m"": 4400.0, ""quality_flag"": ""SOURCE_PRESERVED"", ""seismic_zone"": ""Seismic Zone-II"", ""spillway_type"": ""OG"", ""structure_code"": ""D01946"", ""authority_level"": ""B2"", ""completion_year"": 1979.0, ""registry_status"": ""Completed"", ""spillway_level_m"": 371.0, ""commencement_year"": null, ""spillway_length_m"": null, ""dam_volume_source_value"": null, ""engineering_completeness"": 1.0, ""design_flood_source_value"": 2265.0, ""engineering_fields_available"": 10.0, ""engineering_source_confidence"": 0.8, ""spillway_capacity_source_value"": 2267.0}",{},False,2026-09-03T04:52:14.819262+00:00,0,1,Gajuladinne (Sanjeevaiah Sagar) Dam,dam,1,103,29,1979,,19.0,4400.0,,6,12 x 7.35,LG,2265.0,2267.0,371.0,,OG,Handri,TE,Seismic Zone-II,Completed,AP01MH0047,D01946,Pattikonda,Irrg.& CAD Dept.,47.0,10,1.0,False,B2,GOVERNMENT_DERIVED_MIRROR,SOURCE_PRESERVED,0.8,2026-09-03T04:45:38.976858+00:00,1,1,103,ASSET_REGISTRY,wris_registry_record,,Gajuladinne (Sanjeevaiah Sagar) Dam,,,,,,B2,GOVERNMENT_DERIVED_MIRROR,SOURCE_PRESERVED,0.8,False,False,False,AP state filter + external ID + spatial/name resolution,"{""geometry"": {""type"": ""Point"", ""coordinates"": [77.6196078, 15.69345933]}, ""properties"": {""class"": ""Class 2"", ""state"": ""AP"", ""bacode"": ""04"", ""dtcode"": ""Kurnool"", ""dam_vol"": null, ""dm_name"": ""Gajuladinne (Sanjeevaiah Sagar) Dam"", ""dm_type"": ""TE"", ""nrld_no"": ""AP01MH0047"", ""rivcode"": ""Handri"", ""dm_ncity"": ""Pattikonda"", ""objectid"": 1459, ""strucode"": ""D01946"", ""dm_cmn_yr"": null, ""dm_cmp_yr"": ""1979"", ""dm_coment"": null, ""dm_height"": ""19"", ""dm_length"": ""4400"", ""dm_status"": ""Completed"", ""dm_gate_no"": 6, ""dm_gate_sz"": ""12 x 7.35"", ""dm_flod_des"": ""2265"", ""dm_gt_ungtd"": null, ""dm_mod_oper"": null, ""dm_ses_zone"": ""Seismic Zone-II"", ""dm_spil_cap"": 2267.0, ""dm_spil_lev"": 371.0, ""dm_gate_type"": ""LG"", ""dm_sluice_sz"": null, ""dm_spil_leng"": null, ""dm_spil_type"": ""OG"", ""dm_cn_gate_no"": null, ""dm_ener_dissp"": null, ""dm_inst_inter"": null, ""dm_perliament"": ""Kurnool"", ""dm_ph_gate_no"": null, ""dm_instru_embed"": null, ""dm_oper_main_age"": ""Irrg.& CAD Dept."", ""dm_sluice_purpose"": null, ""dm_inst_inter_ager"": null, ""dm_no_river_sluice"": null}}",2026-08-29T14:45:46.967391+00:00,2026-08-29T14:45:46.967391+00:00,3
49,AP_DAM_WRIS_AP01MH0063,Gandipalem /Pcr Gandipalem Dam,dam,TE + PG,Sri Potti Sriramulu Nellore,Irrg.& CAD Dept.,ACTIVE,CANDIDATE,1981,,,,103,0.8,False,2026-08-29T14:45:46.967391+00:00,2026-08-29T14:45:46.967391+00:00,,,,,NO_REAL_STRUCTURAL_LABEL,1,Gandipalem /Pcr Gandipalem Dam,dam,ap_dam_barrage_state_v1,"{""origin"": ""GOVERNMENT_DERIVED_MIRROR"", ""nrld_no"": ""AP01MH0063"", ""dam_type"": ""TE + PG"", ""age_years"": 45.0, ""gate_type"": ""LG"", ""built_year"": 1981.0, ""gate_count"": 4.0, ""river_name"": ""Pillaperu"", ""dam_height_m"": 21.0, ""dam_length_m"": 388.0, ""quality_flag"": ""SOURCE_PRESERVED"", ""seismic_zone"": ""Seismic Zone-II"", ""spillway_type"": ""OG"", ""structure_code"": ""D01951"", ""authority_level"": ""B2"", ""completion_year"": 1981.0, ""registry_status"": ""Completed"", ""spillway_level_m"": 140.21, ""commencement_year"": null, ""spillway_length_m"": null, ""dam_volume_source_value"": 815.0, ""engineering_completeness"": 1.0, ""design_flood_source_value"": 1656.5353718, ""engineering_fields_available"": 10.0, ""engineering_source_confidence"": 0.8, ""spillway_capacity_source_value"": 1658.0}",{},False,2026-09-03T04:52:14.819262+00:00,0,1,Gandipalem /Pcr Gandipalem Dam,dam,1,103,30,1981,,21.0,388.0,815.0,4,12.2 x 7.9,LG,1656.5353718,1658.0,140.21,,OG,Pillaperu,TE + PG,Seismic Zone-II,Completed,AP01MH0063,D01951,Udayagiri,Irrg.& CAD Dept.,45.0,10,1.0,False,B2,GOVERNMENT_DERIVED_MIRROR,SOURCE_PRESERVED,0.8,2026-09-03T04:45:38.976858+00:00,1,1,103,ASSET_REGISTRY,wris_registry_record,,Gandipalem /Pcr Gandipalem Dam,,,,,,B2,GOVERNMENT_DERIVED_MIRROR,SOURCE_PRESERVED,0.8,False,False,False,AP state filter + external ID + spatial/name resolution,"{""geometry"": {""type"": ""Point"", ""coordinates"": [79.29765101, 14.99069647]}, ""properties"": {""class"": ""Class 2"", ""state"": ""AP"", ""bacode"": ""16"", ""dtcode"": ""Sri Potti Sriramulu Nellore"", ""dam_vol"": ""815"", ""dm_name"": ""Gandipalem /Pcr Gandipalem Dam"", ""dm_type"": ""TE + PG"", ""nrld_no"": ""AP01MH0063"", ""rivcode"": ""Pillaperu"", ""dm_ncity"": ""Udayagiri"", ""objectid"": 1460, ""strucode"": ""D01951"", ""dm_cmn_yr"": null, ""dm_cmp_yr"": ""1981"", ""dm_coment"": ""Patta = 2177 acres, Government = 160 acres\nTotal = 2337 acres Affected villages No's - 4 Chodapalli, Ganepalli, Krishnampalli, Jettivaripalli"", ""dm_height"": ""21"", ""dm_length"": ""388"", ""dm_status"": ""Completed"", ""dm_gate_no"": 4, ""dm_gate_sz"": ""12.2 x 7.9"", ""dm_flod_des"": ""1656.5353718"", ""dm_gt_ungtd"": null, ""dm_mod_oper"": null, ""dm_ses_zone"": ""Seismic Zone-II"", ""dm_spil_cap"": 1658.0, ""dm_spil_lev"": 140.21, ""dm_gate_type"": ""LG"", ""dm_sluice_sz"": null, ""dm_spil_leng"": null, ""dm_spil_type"": ""OG"", ""dm_cn_gate_no"": null, ""dm_ener_dissp"": null, ""dm_inst_inter"": null, ""dm_perliament"": ""Nellore"", ""dm_ph_gate_no"": null, ""dm_instru_embed"": null, ""dm_oper_main_age"": ""Irrg.& CAD Dept."", ""dm_sluice_purpose"": null, ""dm_inst_inter_ager"": null, ""dm_no_river_sluice"": null}}",2026-08-29T14:45:46.967391+00:00,2026-08-29T14:45:46.967391+00:00,0
50,AP_DAM_WRIS_AP01MH0053,Raiwada Dam,dam,TE,Visakhapatnam,Irrg.& CAD Dept.,ACTIVE,CANDIDATE,1981,,,,103,0.8,False,2026-08-29T14:45:46.967391+00:00,2026-08-29T14:45:46.967391+00:00,,,,,NO_REAL_STRUCTURAL_LABEL,1,Raiwada Dam,dam,ap_dam_barrage_state_v1,"{""origin"": ""GOVERNMENT_DERIVED_MIRROR"", ""nrld_no"": ""AP01MH0053"", ""dam_type"": ""TE"", ""age_years"": 45.0, ""gate_type"": ""LG"", ""built_year"": 1981.0, ""gate_count"": 10.0, ""river_name"": ""Sarada"", ""dam_height_m"": 28.0, ""dam_length_m"": 5750.0, ""quality_flag"": ""SOURCE_PRESERVED"", ""seismic_zone"": ""Seismic Zone-II"", ""spillway_type"": ""OG"", ""structure_code"": ""D02223"", ""authority_level"": ""B2"", ""completion_year"": 1981.0, ""registry_status"": ""Completed"", ""spillway_level_m"": 110.0, ""commencement_year"": null, ""spillway_length_m"": null, ""dam_volume_source_value"": 2360.0, ""engineering_completeness"": 1.0, ""design_flood_source_value"": 1897.2285455, ""engineering_fields_available"": 10.0, ""engineering_source_confidence"": 0.8, ""spillway_capacity_source_value"": 1897.0}",{},False,2026-09-03T04:52:14.819262+00:00,0,1,Raiwada Dam,dam,1,103,31,1981,,28.0,5750.0,2360.0,10,12.20x4.20,LG,1897.2285455,1897.0,110.0,,OG,Sarada,TE,Seismic Zone-II,Completed,AP01MH0053,D02223,Chodavaram,Irrg.& CAD Dept.,45.0,10,1.0,False,B2,GOVERNMENT_DERIVED_MIRROR,SOURCE_PRESERVED,0.8,2026-09-03T04:45:38.976858+00:00,1,1,103,ASSET_REGISTRY,wris_registry_record,,Raiwada Dam,,,,,,B2,GOVERNMENT_DERIVED_MIRROR,SOURCE_PRESERVED,0.8,False,False,False,AP state filter + external ID + spatial/name resolution,"{""geometry"": {""type"": ""Point"", ""coordinates"": [82.96579849, 18.00663975]}, ""properties"": {""class"": ""Class 2"", ""state"": ""AP"", ""bacode"": ""16"", ""dtcode"": ""Visakhapatnam"", ""dam_vol"": ""2360"", ""dm_name"": ""Raiwada Dam"", ""dm_type"": ""TE"", ""nrld_no"": ""AP01MH0053"", ""rivcode"": ""Sarada"", ""dm_ncity"": ""Chodavaram"", ""objectid"": 1476, ""strucode"": ""D02223"", ""dm_cmn_yr"": null, ""dm_cmp_yr"": ""1981"", ""dm_coment"": null, ""dm_height"": ""28"", ""dm_length"": ""5750"", ""dm_status"": ""Completed"", ""dm_gate_no"": 10, ""dm_gate_sz"": ""12.20x4.20"", ""dm_flod_des"": ""1897.2285455"", ""dm_gt_ungtd"": null, ""dm_mod_oper"": null, ""dm_ses_zone"": ""Seismic Zone-II"", ""dm_spil_cap"": 1897.0, ""dm_spil_lev"": 110.0, ""dm_gate_type"": ""LG"", ""dm_sluice_sz"": null, ""dm_spil_leng"": null, ""dm_spil_type"": ""OG"", ""dm_cn_gate_no"": null, ""dm_ener_dissp"": null, ""dm_inst_inter"": null, ""dm_perliament"": ""Araku"", ""dm_ph_gate_no"": null, ""dm_instru_embed"": null, ""dm_oper_main_age"": ""Irrg.& CAD Dept."", ""dm_sluice_purpose"": null, ""dm_inst_inter_ager"": null, ""dm_no_river_sluice"": null}}",2026-08-29T14:45:46.967391+00:00,2026-08-29T14:45:46.967391+00:00,0
51,AP_DAM_WRIS_AP01LH0013,Rallapadu Dam,dam,TE,Prakasam,Irrg.& CAD Dept.,ACTIVE,CANDIDATE,1958,,,,103,0.8,False,2026-08-29T14:45:46.967391+00:00,2026-08-29T14:45:46.967391+00:00,,,,,NO_REAL_STRUCTURAL_LABEL,1,Rallapadu Dam,dam,ap_dam_barrage_state_v1,"{""origin"": ""GOVERNMENT_DERIVED_MIRROR"", ""nrld_no"": ""AP01LH0013"", ""dam_type"": ""TE"", ""age_years"": 68.0, ""gate_type"": ""RD"", ""built_year"": 1958.0, ""gate_count"": 15.0, ""river_name"": ""Manneru"", ""dam_height_m"": 13.85, ""dam_length_m"": 2951.0, ""quality_flag"": ""SOURCE_PRESERVED"", ""seismic_zone"": ""Seismic Zone-III"", ""spillway_type"": ""OG"", ""structure_code"": ""D02227"", ""authority_level"": ""B2"", ""completion_year"": 1958.0, ""registry_status"": ""Completed"", ""spillway_level_m"": 115.0, ""commencement_year"": 1950.0, ""spillway_length_m"": null, ""dam_volume_source_value"": null, ""engineering_completeness"": 1.0, ""design_flood_source_value"": 7943.1579001, ""engineering_fields_available"": 10.0, ""engineering_source_confidence"": 0.8, ""spillway_capacity_source_value"": 3426.0}",{},False,2026-09-03T04:52:14.819262+00:00,0,1,Rallapadu Dam,dam,1,103,32,1958,1950,13.85,2951.0,,15,10 -12.19 x 4.57 and 5 -12.19 x 7.62,RD,7943.1579001,3426.0,115.0,,OG,Manneru,TE,Seismic Zone-III,Completed,AP01LH0013,D02227,Kandukur,Irrg.& CAD Dept.,68.0,10,1.0,False,B2,GOVERNMENT_DERIVED_MIRROR,SOURCE_PRESERVED,0.8,2026-09-03T04:45:38.976858+00:00,1,1,103,ASSET_REGISTRY,wris_registry_record,,Rallapadu Dam,,,,,,B2,GOVERNMENT_DERIVED_MIRROR,SOURCE_PRESERVED,0.8,False,False,False,AP state filter + external ID + spatial/name resolution,"{""geometry"": {""type"": ""Point"", ""coordinates"": [79.71923441, 15.05547117]}, ""properties"": {""class"": ""Class 2"", ""state"": ""AP"", ""bacode"": ""16"", ""dtcode"": ""Prakasam"", ""dam_vol"": null, ""dm_name"": ""Rallapadu Dam"", ""dm_type"": ""TE"", ""nrld_no"": ""AP01LH0013"", ""rivcode"": ""Manneru"", ""dm_ncity"": ""Kandukur"", ""objectid"": 1478, ""strucode"": ""D02227"", ""dm_cmn_yr"": ""1950"", ""dm_cmp_yr"": ""1958"", ""dm_coment"": null, ""dm_height"": ""13.85"", ""dm_length"": ""2951"", ""dm_status"": ""Completed"", ""dm_gate_no"": 15, ""dm_gate_sz"": ""10 -12.19 x 4.57 and 5 -12.19 x 7.62"", ""dm_flod_des"": ""7943.1579001"", ""dm_gt_ungtd"": null, ""dm_mod_oper"": null, ""dm_ses_zone"": ""Seismic Zone-III"", ""dm_spil_cap"": 3426.0, ""dm_spil_lev"": 115.0, ""dm_gate_type"": ""RD"", ""dm_sluice_sz"": null, ""dm_spil_leng"": null, ""dm_spil_type"": ""OG"", ""dm_cn_gate_no"": null, ""dm_ener_dissp"": null, ""dm_inst_inter"": null, ""dm_perliament"": ""Nellore"", ""dm_ph_gate_no"": null, ""dm_instru_embed"": null, ""dm_oper_main_age"": ""Irrg.& CAD Dept."", ""dm_sluice_purpose"": null, ""dm_inst_inter_ager"": null, ""dm_no_river_sluice"": null}}",2026-08-29T14:45:46.967391+00:00,2026-08-29T14:45:46.967391+00:00,0
52,AP_DAM_WRIS_AP01HH0064,Jalleru Dam,dam,TE + PG,West Godavari,Irrg.& CAD Dept.,ACTIVE,CANDIDATE,1992,,,,103,0.8,False,2026-08-29T14:45:46.967391+00:00,2026-08-29T14:45:46.967391+00:00,,,,,NO_REAL_STRUCTURAL_LABEL,1,Jalleru Dam,dam,ap_dam_barrage_state_v1,"{""origin"": ""GOVERNMENT_DERIVED_MIRROR"", ""nrld_no"": ""AP01HH0064"", ""dam_type"": ""TE + PG"", ""age_years"": 34.0, ""gate_type"": ""RD"", ""built_year"": 1992.0, ""gate_count"": null, ""river_name"": ""Jalleru"", ""dam_height_m"": 31.42, ""dam_length_m"": 1790.0, ""quality_flag"": ""SOURCE_PRESERVED"", ""seismic_zone"": ""Seismic Zone-III"", ""spillway_type"": null, ""structure_code"": ""D01964"", ""authority_level"": ""B2"", ""completion_year"": 1992.0, ""registry_status"": ""Completed"", ""spillway_level_m"": 210.6, ""commencement_year"": null, ""spillway_length_m"": null, ""dam_volume_source_value"": 1069.0, ""engineering_completeness"": 0.9, ""design_flood_source_value"": 339.8, ""engineering_fields_available"": 9.0, ""engineering_source_confidence"": 0.8, ""spillway_capacity_source_value"": 348.0}",{},False,2026-09-03T04:52:14.819262+00:00,0,1,Jalleru Dam,dam,1,103,33,1992,,31.42,1790.0,1069.0,,12.00 x 7.20,RD,339.8,348.0,210.6,,,Jalleru,TE + PG,Seismic Zone-III,Completed,AP01HH0064,D01964,Polavaram,Irrg.& CAD Dept.,34.0,9,0.9,False,B2,GOVERNMENT_DERIVED_MIRROR,SOURCE_PRESERVED,0.8,2026-09-03T04:45:38.976858+00:00,1,1,103,ASSET_REGISTRY,wris_registry_record,,Jalleru Dam,,,,,,B2,GOVERNMENT_DERIVED_MIRROR,SOURCE_PRESERVED,0.8,False,False,False,AP state filter + external ID + spatial/name resolution,"{""geometry"": {""type"": ""Point"", ""coordinates"": [81.34574665, 17.29000348]}, ""properties"": {""class"": ""Class 2"", ""state"": ""AP"", ""bacode"": ""16"", ""dtcode"": ""West Godavari"", ""dam_vol"": ""1069"", ""dm_name"": ""Jalleru Dam"", ""dm_type"": ""TE + PG"", ""nrld_no"": ""AP01HH0064"", ""rivcode"": ""Jalleru"", ""dm_ncity"": ""Polavaram"", ""objectid"": 1494, ""strucode"": ""D01964"", ""dm_cmn_yr"": null, ""dm_cmp_yr"": ""1992"", ""dm_coment"": null, ""dm_height"": ""31.42"", ""dm_length"": ""1790"", ""dm_status"": ""Completed"", ""dm_gate_no"": null, ""dm_gate_sz"": ""12.00 x 7.20"", ""dm_flod_des"": ""339.8"", ""dm_gt_ungtd"": null, ""dm_mod_oper"": null, ""dm_ses_zone"": ""Seismic Zone-III"", ""dm_spil_cap"": 348.0, ""dm_spil_lev"": 210.6, ""dm_gate_type"": ""RD"", ""dm_sluice_sz"": null, ""dm_spil_leng"": null, ""dm_spil_type"": null, ""dm_cn_gate_no"": null, ""dm_ener_dissp"": null, ""dm_inst_inter"": null, ""dm_perliament"": ""Eluru"", ""dm_ph_gate_no"": null, ""dm_instru_embed"": null, ""dm_oper_main_age"": ""Irrg.& CAD Dept."", ""dm_sluice_purpose"": null, ""dm_inst_inter_ager"": null, ""dm_no_river_sluice"": null}}",2026-08-29T14:45:46.967391+00:00,2026-08-29T14:45:46.967391+00:00,3
53,AP_DAM_WRIS_AP01HH0132,Jhanjhavathi / Janjavathi Dam,dam,TE,Vizianagaram,Irrg.& CAD Dept.,ACTIVE,CANDIDATE,,,,,103,0.8,False,2026-08-29T14:45:46.967391+00:00,2026-08-29T14:45:46.967391+00:00,,,,,NO_REAL_STRUCTURAL_LABEL,1,Jhanjhavathi / Janjavathi Dam,dam,ap_dam_barrage_state_v1,"{""origin"": ""GOVERNMENT_DERIVED_MIRROR"", ""nrld_no"": ""AP01HH0132"", ""dam_type"": ""TE"", ""age_years"": null, ""gate_type"": ""RD"", ""built_year"": null, ""gate_count"": 6.0, ""river_name"": ""Svarnamukhi Gomula"", ""dam_height_m"": 34.0, ""dam_length_m"": 4370.0, ""quality_flag"": ""SOURCE_PRESERVED"", ""seismic_zone"": ""Seismic Zone-II"", ""spillway_type"": null, ""structure_code"": ""D01971"", ""authority_level"": ""B2"", ""completion_year"": null, ""registry_status"": ""Completed"", ""spillway_level_m"": 135.2, ""commencement_year"": null, ""spillway_length_m"": 89.5, ""dam_volume_source_value"": 2919.0, ""engineering_completeness"": 0.9, ""design_flood_source_value"": 6200.0, ""engineering_fields_available"": 9.0, ""engineering_source_confidence"": 0.8, ""spillway_capacity_source_value"": 3398.0}",{},False,2026-09-03T04:52:14.819262+00:00,0,1,Jhanjhavathi / Janjavathi Dam,dam,1,103,34,,,34.0,4370.0,2919.0,6,12  x 11,RD,6200.0,3398.0,135.2,89.5,,Svarnamukhi Gomula,TE,Seismic Zone-II,Completed,AP01HH0132,D01971,Parvathipuram,Irrg.& CAD Dept.,,9,0.9,False,B2,GOVERNMENT_DERIVED_MIRROR,SOURCE_PRESERVED,0.8,2026-09-03T04:45:38.976858+00:00,1,1,103,ASSET_REGISTRY,wris_registry_record,,Jhanjhavathi / Janjavathi Dam,,,,,,B2,GOVERNMENT_DERIVED_MIRROR,SOURCE_PRESERVED,0.8,False,False,False,AP state filter + external ID + spatial/name resolution,"{""geometry"": {""type"": ""Point"", ""coordinates"": [83.43455871, 18.86274443]}, ""properties"": {""class"": ""Class 2"", ""state"": ""AP"", ""bacode"": ""16"", ""dtcode"": ""Vizianagaram"", ""dam_vol"": ""2919"", ""dm_name"": ""Jhanjhavathi / Janjavathi Dam"", ""dm_type"": ""TE"", ""nrld_no"": ""AP01HH0132"", ""rivcode"": ""Svarnamukhi Gomula"", ""dm_ncity"": ""Parvathipuram"", ""objectid"": 1495, ""strucode"": ""D01971"", ""dm_cmn_yr"": null, ""dm_cmp_yr"": null, ""dm_coment"": null, ""dm_height"": ""34"", ""dm_length"": ""4370"", ""dm_status"": ""Completed"", ""dm_gate_no"": 6, ""dm_gate_sz"": ""12  x 11"", ""dm_flod_des"": ""6200"", ""dm_gt_ungtd"": null, ""dm_mod_oper"": null, ""dm_ses_zone"": ""Seismic Zone-II"", ""dm_spil_cap"": 3398.0, ""dm_spil_lev"": 135.2, ""dm_gate_type"": ""RD"", ""dm_sluice_sz"": null, ""dm_spil_leng"": ""89.5"", ""dm_spil_type"": null, ""dm_cn_gate_no"": null, ""dm_ener_dissp"": null, ""dm_inst_inter"": null, ""dm_perliament"": ""Araku"", ""dm_ph_gate_no"": null, ""dm_instru_embed"": null, ""dm_oper_main_age"": ""Irrg.& CAD Dept."", ""dm_sluice_purpose"": null, ""dm_inst_inter_ager"": null, ""dm_no_river_sluice"": null}}",2026-08-29T14:45:46.967391+00:00,2026-08-29T14:45:46.967391+00:00,0
54,AP_DAM_WRIS_AP01MH0015,Kalangi Dam,dam,TE,Chittoor,Irrg.& CAD Dept.,ACTIVE,CANDIDATE,1960,,,,103,0.8,False,2026-08-29T14:45:46.967391+00:00,2026-08-29T14:45:46.967391+00:00,,,,,NO_REAL_STRUCTURAL_LABEL,1,Kalangi Dam,dam,ap_dam_barrage_state_v1,"{""origin"": ""GOVERNMENT_DERIVED_MIRROR"", ""nrld_no"": ""AP01MH0015"", ""dam_type"": ""TE"", ""age_years"": 66.0, ""gate_type"": ""RD"", ""built_year"": 1960.0, ""gate_count"": 3.0, ""river_name"": ""Kalangi"", ""dam_height_m"": 18.0, ""dam_length_m"": 3977.0, ""quality_flag"": ""SOURCE_PRESERVED"", ""seismic_zone"": ""Seismic Zone-III"", ""spillway_type"": null, ""structure_code"": ""D01989"", ""authority_level"": ""B2"", ""completion_year"": 1960.0, ""registry_status"": ""Completed"", ""spillway_level_m"": null, ""commencement_year"": null, ""spillway_length_m"": 506.0, ""dam_volume_source_value"": null, ""engineering_completeness"": 0.9, ""design_flood_source_value"": 1387.5253542, ""engineering_fields_available"": 9.0, ""engineering_source_confidence"": 0.8, ""spillway_capacity_source_value"": 1389.0}","{""manual_daily_reservoir_storage_mcm"": {""max"": 10.08, ""min"": 0.0, ""std"": 1.8597833799288694, ""mean"": 1.4490476241080918, ""count"": 6587, ""latest"": 0.2632, ""latest_zscore"": -0.6376267456231631, ""freshness_days"": 702.8696142734259}, ""manual_daily_reservoir_water_level_m"": {""max"": 88.6968, ""min"": 0.0, ""std"": 21.587384221133497, ""mean"": 55.11904949320241, ""count"": 6620, ""latest"": 64.251841, ""latest_zscore"": 0.42306151654339014, ""freshness_days"": 520.8696142734259}}",True,2026-09-03T04:52:14.819262+00:00,2,1,Kalangi Dam,dam,1,103,35,1960,,18.0,3977.0,,3,12.91 x 7.62,RD,1387.5253542,1389.0,,506.0,,Kalangi,TE,Seismic Zone-III,Completed,AP01MH0015,D01989,Sri Kalahasti,Irrg.& CAD Dept.,66.0,9,0.9,True,B2,GOVERNMENT_DERIVED_MIRROR,SOURCE_PRESERVED,0.8,2026-09-03T04:45:38.976858+00:00,1,1,103,ASSET_REGISTRY,wris_registry_record,,Kalangi Dam,,,,,,B2,GOVERNMENT_DERIVED_MIRROR,SOURCE_PRESERVED,0.8,False,False,False,AP state filter + external ID + spatial/name resolution,"{""geometry"": {""type"": ""Point"", ""coordinates"": [79.79502307, 13.60794554]}, ""properties"": {""class"": ""CLASS 3"", ""state"": ""AP"", ""bacode"": ""17"", ""dtcode"": ""Chittoor"", ""dam_vol"": null, ""dm_name"": ""Kalangi Dam"", ""dm_type"": ""TE"", ""nrld_no"": ""AP01MH0015"", ""rivcode"": ""Kalangi"", ""dm_ncity"": ""Sri Kalahasti"", ""objectid"": 1497, ""strucode"": ""D01989"", ""dm_cmn_yr"": null, ""dm_cmp_yr"": ""1960"", ""dm_coment"": null, ""dm_height"": ""18"", ""dm_length"": ""3977"", ""dm_status"": ""Completed"", ""dm_gate_no"": 3, ""dm_gate_sz"": ""12.91 x 7.62"", ""dm_flod_des"": ""1387.5253542"", ""dm_gt_ungtd"": null, ""dm_mod_oper"": null, ""dm_ses_zone"": ""Seismic Zone-III"", ""dm_spil_cap"": 1389.0, ""dm_spil_lev"": null, ""dm_gate_type"": ""RD"", ""dm_sluice_sz"": null, ""dm_spil_leng"": ""506"", ""dm_spil_type"": null, ""dm_cn_gate_no"": null, ""dm_ener_dissp"": null, ""dm_inst_inter"": null, ""dm_perliament"": ""Tirupati"", ""dm_ph_gate_no"": null, ""dm_instru_embed"": null, ""dm_oper_main_age"": ""Irrg.& CAD Dept."", ""dm_sluice_purpose"": null, ""dm_inst_inter_ager"": null, ""dm_no_river_sluice"": null}}",2026-08-29T14:45:46.967391+00:00,2026-08-29T14:45:46.967391+00:00,3
55,AP_DAM_WRIS_AP01MH0056,Konam Dam,dam,TE,Visakhapatnam,Irrg.& CAD Dept.,ACTIVE,CANDIDATE,1980,,,,103,0.8,False,2026-08-29T14:45:46.967391+00:00,2026-08-29T14:45:46.967391+00:00,,,,,NO_REAL_STRUCTURAL_LABEL,1,Konam Dam,dam,ap_dam_barrage_state_v1,"{""origin"": ""GOVERNMENT_DERIVED_MIRROR"", ""nrld_no"": ""AP01MH0056"", ""dam_type"": ""TE"", ""age_years"": 46.0, ""gate_type"": ""LG"", ""built_year"": 1980.0, ""gate_count"": 3.0, ""river_name"": ""Pedol"", ""dam_height_m"": 23.0, ""dam_length_m"": 339.0, ""quality_flag"": ""SOURCE_PRESERVED"", ""seismic_zone"": ""Seismic Zone-II"", ""spillway_type"": ""OG"", ""structure_code"": ""D02025"", ""authority_level"": ""B2"", ""completion_year"": 1980.0, ""registry_status"": ""Completed"", ""spillway_level_m"": 95.25, ""commencement_year"": null, ""spillway_length_m"": 296.0, ""dam_volume_source_value"": 267.0, ""engineering_completeness"": 1.0, ""design_flood_source_value"": 1245.9411344, ""engineering_fields_available"": 10.0, ""engineering_source_confidence"": 0.8, ""spillway_capacity_source_value"": 1260.0}",{},False,2026-09-03T04:52:14.819262+00:00,0,1,Konam Dam,dam,1,103,36,1980,,23.0,339.0,267.0,3,12.2 x 6,LG,1245.9411344,1260.0,95.25,296.0,OG,Pedol,TE,Seismic Zone-II,Completed,AP01MH0056,D02025,Chodavaram,Irrg.& CAD Dept.,46.0,10,1.0,False,B2,GOVERNMENT_DERIVED_MIRROR,SOURCE_PRESERVED,0.8,2026-09-03T04:45:38.976858+00:00,1,1,103,ASSET_REGISTRY,wris_registry_record,,Konam Dam,,,,,,B2,GOVERNMENT_DERIVED_MIRROR,SOURCE_PRESERVED,0.8,False,False,False,AP state filter + external ID + spatial/name resolution,"{""geometry"": {""type"": ""Point"", ""coordinates"": [82.85416886, 17.96612358]}, ""properties"": {""class"": ""Class 2"", ""state"": ""AP"", ""bacode"": ""16"", ""dtcode"": ""Visakhapatnam"", ""dam_vol"": ""267"", ""dm_name"": ""Konam Dam"", ""dm_type"": ""TE"", ""nrld_no"": ""AP01MH0056"", ""rivcode"": ""Pedol"", ""dm_ncity"": ""Chodavaram"", ""objectid"": 1500, ""strucode"": ""D02025"", ""dm_cmn_yr"": null, ""dm_cmp_yr"": ""1980"", ""dm_coment"": null, ""dm_height"": ""23"", ""dm_length"": ""339"", ""dm_status"": ""Completed"", ""dm_gate_no"": 3, ""dm_gate_sz"": ""12.2 x 6"", ""dm_flod_des"": ""1245.9411344"", ""dm_gt_ungtd"": null, ""dm_mod_oper"": null, ""dm_ses_zone"": ""Seismic Zone-II"", ""dm_spil_cap"": 1260.0, ""dm_spil_lev"": 95.25, ""dm_gate_type"": ""LG"", ""dm_sluice_sz"": null, ""dm_spil_leng"": ""296"", ""dm_spil_type"": ""OG"", ""dm_cn_gate_no"": null, ""dm_ener_dissp"": null, ""dm_inst_inter"": null, ""dm_perliament"": ""Anakapalli"", ""dm_ph_gate_no"": null, ""dm_instru_embed"": null, ""dm_oper_main_age"": ""Irrg.& CAD Dept."", ""dm_sluice_purpose"": null, ""dm_inst_inter_ager"": null, ""dm_no_river_sluice"": null}}",2026-08-29T14:45:46.967391+00:00,2026-08-29T14:45:46.967391+00:00,0
56,AP_DAM_WRIS_D02041,Kovvadakalva Dam,dam,TE,West Godavari,,ACTIVE,CANDIDATE,2004,,,,103,0.8,False,2026-08-29T14:45:46.967391+00:00,2026-08-29T14:45:46.967391+00:00,,,,,NO_REAL_STRUCTURAL_LABEL,1,Kovvadakalva Dam,dam,ap_dam_barrage_state_v1,"{""origin"": ""GOVERNMENT_DERIVED_MIRROR"", ""nrld_no"": null, ""dam_type"": ""TE"", ""age_years"": 22.0, ""gate_type"": ""RD"", ""built_year"": 2004.0, ""gate_count"": 3.0, ""river_name"": ""Kovvada kalva"", ""dam_height_m"": 22.04, ""dam_length_m"": 1630.0, ""quality_flag"": ""SOURCE_PRESERVED"", ""seismic_zone"": ""Seismic Zone-III"", ""spillway_type"": null, ""structure_code"": ""D02041"", ""authority_level"": ""B2"", ""completion_year"": 2004.0, ""registry_status"": ""Completed"", ""spillway_level_m"": 84.5, ""commencement_year"": null, ""spillway_length_m"": 35.5, ""dam_volume_source_value"": null, ""engineering_completeness"": 1.0, ""design_flood_source_value"": 17.84810675, ""engineering_fields_available"": 10.0, ""engineering_source_confidence"": 0.8, ""spillway_capacity_source_value"": 630.0}",{},False,2026-09-03T04:52:14.819262+00:00,0,1,Kovvadakalva Dam,dam,1,103,37,2004,,22.04,1630.0,,3,10.00  x 6.00,RD,17.84810675,630.0,84.5,35.5,,Kovvada kalva,TE,Seismic Zone-III,Completed,,D02041,Polavaram,,22.0,10,1.0,False,B2,GOVERNMENT_DERIVED_MIRROR,SOURCE_PRESERVED,0.8,2026-09-03T04:45:38.976858+00:00,1,1,103,ASSET_REGISTRY,wris_registry_record,,Kovvadakalva Dam,,,,,,B2,GOVERNMENT_DERIVED_MIRROR,SOURCE_PRESERVED,0.8,False,False,False,AP state filter + external ID + spatial/name resolution,"{""geometry"": {""type"": ""Point"", ""coordinates"": [81.5079656, 17.19816059]}, ""properties"": {""class"": ""Class 2"", ""state"": ""AP"", ""bacode"": ""03"", ""dtcode"": ""West Godavari"", ""dam_vol"": null, ""dm_name"": ""Kovvadakalva Dam"", ""dm_type"": ""TE"", ""nrld_no"": null, ""rivcode"": ""Kovvada kalva"", ""dm_ncity"": ""Polavaram"", ""objectid"": 1503, ""strucode"": ""D02041"", ""dm_cmn_yr"": null, ""dm_cmp_yr"": ""2004"", ""dm_coment"": ""dam purpose for industrial also. Patta land: 208.00 ha; poramboke land: 39.00 ha"", ""dm_height"": ""22.04"", ""dm_length"": ""1630"", ""dm_status"": ""Completed"", ""dm_gate_no"": 3, ""dm_gate_sz"": ""10.00  x 6.00"", ""dm_flod_des"": ""17.84810675"", ""dm_gt_ungtd"": null, ""dm_mod_oper"": null, ""dm_ses_zone"": ""Seismic Zone-III"", ""dm_spil_cap"": 630.0, ""dm_spil_lev"": 84.5, ""dm_gate_type"": ""RD"", ""dm_sluice_sz"": null, ""dm_spil_leng"": ""35.5"", ""dm_spil_type"": null, ""dm_cn_gate_no"": null, ""dm_ener_dissp"": null, ""dm_inst_inter"": null, ""dm_perliament"": ""Eluru"", ""dm_ph_gate_no"": null, ""dm_instru_embed"": null, ""dm_oper_main_age"": null, ""dm_sluice_purpose"": null, ""dm_inst_inter_ager"": null, ""dm_no_river_sluice"": null}}",2026-08-29T14:45:46.967391+00:00,2026-08-29T14:45:46.967391+00:00,3
57,AP_DAM_WRIS_AP01MH0052,Krishnapuram (Chittor) Dam,dam,TE,Chittoor,Irrg.& CAD Dept.,ACTIVE,CANDIDATE,1981,,,,103,0.8,False,2026-08-29T14:45:46.967391+00:00,2026-08-29T14:45:46.967391+00:00,,,,,NO_REAL_STRUCTURAL_LABEL,1,Krishnapuram (Chittor) Dam,dam,ap_dam_barrage_state_v1,"{""origin"": ""GOVERNMENT_DERIVED_MIRROR"", ""nrld_no"": ""AP01MH0052"", ""dam_type"": ""TE"", ""age_years"": 45.0, ""gate_type"": ""LG"", ""built_year"": 1981.0, ""gate_count"": 3.0, ""river_name"": ""Kaulasthali"", ""dam_height_m"": 21.0, ""dam_length_m"": 488.0, ""quality_flag"": ""SOURCE_PRESERVED"", ""seismic_zone"": ""Seismic Zone-III"", ""spillway_type"": ""OG"", ""structure_code"": ""D02050"", ""authority_level"": ""B2"", ""completion_year"": 1981.0, ""registry_status"": ""Completed"", ""spillway_level_m"": 207.0, ""commencement_year"": null, ""spillway_length_m"": null, ""dam_volume_source_value"": 380.0, ""engineering_completeness"": 1.0, ""design_flood_source_value"": 1069.0, ""engineering_fields_available"": 10.0, ""engineering_source_confidence"": 0.8, ""spillway_capacity_source_value"": 1077.0}",{},False,2026-09-03T04:52:14.819262+00:00,0,1,Krishnapuram (Chittor) Dam,dam,1,103,38,1981,,21.0,488.0,380.0,3,12.20x6.10,LG,1069.0,1077.0,207.0,,OG,Kaulasthali,TE,Seismic Zone-III,Completed,AP01MH0052,D02050,Puttur,Irrg.& CAD Dept.,45.0,10,1.0,False,B2,GOVERNMENT_DERIVED_MIRROR,SOURCE_PRESERVED,0.8,2026-09-03T04:45:38.976858+00:00,1,1,103,ASSET_REGISTRY,wris_registry_record,,Krishnapuram (Chittor) Dam,,,,,,B2,GOVERNMENT_DERIVED_MIRROR,SOURCE_PRESERVED,0.8,False,False,False,AP state filter + external ID + spatial/name resolution,"{""geometry"": {""type"": ""Point"", ""coordinates"": [79.35319891, 13.36900447]}, ""properties"": {""class"": ""CLASS 3"", ""state"": ""AP"", ""bacode"": ""17"", ""dtcode"": ""Chittoor"", ""dam_vol"": ""380"", ""dm_name"": ""Krishnapuram (Chittor) Dam"", ""dm_type"": ""TE"", ""nrld_no"": ""AP01MH0052"", ""rivcode"": ""Kaulasthali"", ""dm_ncity"": ""Puttur"", ""objectid"": 1504, ""strucode"": ""D02050"", ""dm_cmn_yr"": null, ""dm_cmp_yr"": ""1981"", ""dm_coment"": null, ""dm_height"": ""21"", ""dm_length"": ""488"", ""dm_status"": ""Completed"", ""dm_gate_no"": 3, ""dm_gate_sz"": ""12.20x6.10"", ""dm_flod_des"": ""1069"", ""dm_gt_ungtd"": null, ""dm_mod_oper"": null, ""dm_ses_zone"": ""Seismic Zone-III"", ""dm_spil_cap"": 1077.0, ""dm_spil_lev"": 207.0, ""dm_gate_type"": ""LG"", ""dm_sluice_sz"": null, ""dm_spil_leng"": null, ""dm_spil_type"": ""OG"", ""dm_cn_gate_no"": null, ""dm_ener_dissp"": null, ""dm_inst_inter"": null, ""dm_perliament"": ""Chittoor"", ""dm_ph_gate_no"": null, ""dm_instru_embed"": null, ""dm_oper_main_age"": ""Irrg.& CAD Dept."", ""dm_sluice_purpose"": null, ""dm_inst_inter_ager"": null, ""dm_no_river_sluice"": null}}",2026-08-29T14:45:46.967391+00:00,2026-08-29T14:45:46.967391+00:00,3
58,AP_DAM_WRIS_D02086,Lower Sagileru Dam,dam,TE,Y.S.R.,,ACTIVE,CANDIDATE,1959,,,,103,0.8,False,2026-08-29T14:45:46.967391+00:00,2026-08-29T14:45:46.967391+00:00,,,,,NO_REAL_STRUCTURAL_LABEL,1,Lower Sagileru Dam,dam,ap_dam_barrage_state_v1,"{""origin"": ""GOVERNMENT_DERIVED_MIRROR"", ""nrld_no"": null, ""dam_type"": ""TE"", ""age_years"": 67.0, ""gate_type"": ""LG"", ""built_year"": 1959.0, ""gate_count"": 5.0, ""river_name"": ""Sagileru"", ""dam_height_m"": 22.91, ""dam_length_m"": 1905.0, ""quality_flag"": ""SOURCE_PRESERVED"", ""seismic_zone"": ""Seismic Zone-II"", ""spillway_type"": ""OG"", ""structure_code"": ""D02086"", ""authority_level"": ""B2"", ""completion_year"": 1959.0, ""registry_status"": ""Completed"", ""spillway_level_m"": 151.49, ""commencement_year"": null, ""spillway_length_m"": 70.7, ""dam_volume_source_value"": null, ""engineering_completeness"": 0.9, ""design_flood_source_value"": 123.46143968, ""engineering_fields_available"": 9.0, ""engineering_source_confidence"": 0.8, ""spillway_capacity_source_value"": null}",{},False,2026-09-03T04:52:14.819262+00:00,0,1,Lower Sagileru Dam,dam,1,103,39,1959,,22.91,1905.0,,5,12.20x5.49,LG,123.46143968,,151.49,70.7,OG,Sagileru,TE,Seismic Zone-II,Completed,,D02086,Badvel,,67.0,9,0.9,False,B2,GOVERNMENT_DERIVED_MIRROR,SOURCE_PRESERVED,0.8,2026-09-03T04:45:38.976858+00:00,1,1,103,ASSET_REGISTRY,wris_registry_record,,Lower Sagileru Dam,,,,,,B2,GOVERNMENT_DERIVED_MIRROR,SOURCE_PRESERVED,0.8,False,False,False,AP state filter + external ID + spatial/name resolution,"{""geometry"": {""type"": ""Point"", ""coordinates"": [78.94818736, 14.95356084]}, ""properties"": {""class"": ""CLASS 3"", ""state"": ""AP"", ""bacode"": ""09"", ""dtcode"": ""Y.S.R."", ""dam_vol"": null, ""dm_name"": ""Lower Sagileru Dam"", ""dm_type"": ""TE"", ""nrld_no"": null, ""rivcode"": ""Sagileru"", ""dm_ncity"": ""Badvel"", ""objectid"": 1508, ""strucode"": ""D02086"", ""dm_cmn_yr"": null, ""dm_cmp_yr"": ""1959"", ""dm_coment"": null, ""dm_height"": ""22.91"", ""dm_length"": ""1905"", ""dm_status"": ""Completed"", ""dm_gate_no"": 5, ""dm_gate_sz"": ""12.20x5.49"", ""dm_flod_des"": ""123.46143968"", ""dm_gt_ungtd"": null, ""dm_mod_oper"": null, ""dm_ses_zone"": ""Seismic Zone-II"", ""dm_spil_cap"": null, ""dm_spil_lev"": 151.49, ""dm_gate_type"": ""LG"", ""dm_sluice_sz"": null, ""dm_spil_leng"": ""70.7"", ""dm_spil_type"": ""OG"", ""dm_cn_gate_no"": null, ""dm_ener_dissp"": null, ""dm_inst_inter"": null, ""dm_perliament"": ""Kadapa"", ""dm_ph_gate_no"": null, ""dm_instru_embed"": null, ""dm_oper_main_age"": null, ""dm_sluice_purpose"": null, ""dm_inst_inter_ager"": null, ""dm_no_river_sluice"": null}}",2026-08-29T14:45:46.967391+00:00,2026-08-29T14:45:46.967391+00:00,3
59,AP_DAM_WRIS_AP01MH0078,Maddigedda Dam,dam,TE,East Godavari,Irrg.& CAD Dept.,ACTIVE,CANDIDATE,1981,,,,103,0.8,False,2026-08-29T14:45:46.967391+00:00,2026-08-29T14:45:46.967391+00:00,,,,,NO_REAL_STRUCTURAL_LABEL,1,Maddigedda Dam,dam,ap_dam_barrage_state_v1,"{""origin"": ""GOVERNMENT_DERIVED_MIRROR"", ""nrld_no"": ""AP01MH0078"", ""dam_type"": ""TE"", ""age_years"": 45.0, ""gate_type"": ""LG"", ""built_year"": 1981.0, ""gate_count"": 4.0, ""river_name"": ""Janjhavathi"", ""dam_height_m"": 27.0, ""dam_length_m"": 862.0, ""quality_flag"": ""SOURCE_PRESERVED"", ""seismic_zone"": ""Seismic Zone-II"", ""spillway_type"": null, ""structure_code"": ""D02109"", ""authority_level"": ""B2"", ""completion_year"": 1981.0, ""registry_status"": ""Completed"", ""spillway_level_m"": 183.5, ""commencement_year"": null, ""spillway_length_m"": null, ""dam_volume_source_value"": 526.0, ""engineering_completeness"": 1.0, ""design_flood_source_value"": 962.77269475, ""engineering_fields_available"": 10.0, ""engineering_source_confidence"": 0.8, ""spillway_capacity_source_value"": 969.0}",{},False,2026-09-03T04:52:14.819262+00:00,0,1,Maddigedda Dam,dam,1,103,40,1981,,27.0,862.0,526.0,4,12.0x4.5,LG,962.77269475,969.0,183.5,,,Janjhavathi,TE,Seismic Zone-II,Completed,AP01MH0078,D02109,Ellavaram,Irrg.& CAD Dept.,45.0,10,1.0,False,B2,GOVERNMENT_DERIVED_MIRROR,SOURCE_PRESERVED,0.8,2026-09-03T04:45:38.976858+00:00,1,1,103,ASSET_REGISTRY,wris_registry_record,,Maddigedda Dam,,,,,,B2,GOVERNMENT_DERIVED_MIRROR,SOURCE_PRESERVED,0.8,False,False,False,AP state filter + external ID + spatial/name resolution,"{""geometry"": {""type"": ""Point"", ""coordinates"": [82.01205806, 17.48579608]}, ""properties"": {""class"": ""Class 2"", ""state"": ""AP"", ""bacode"": ""16"", ""dtcode"": ""East Godavari"", ""dam_vol"": ""526"", ""dm_name"": ""Maddigedda Dam"", ""dm_type"": ""TE"", ""nrld_no"": ""AP01MH0078"", ""rivcode"": ""Janjhavathi"", ""dm_ncity"": ""Ellavaram"", ""objectid"": 1509, ""strucode"": ""D02109"", ""dm_cmn_yr"": null, ""dm_cmp_yr"": ""1981"", ""dm_coment"": null, ""dm_height"": ""27"", ""dm_length"": ""862"", ""dm_status"": ""Completed"", ""dm_gate_no"": 4, ""dm_gate_sz"": ""12.0x4.5"", ""dm_flod_des"": ""962.77269475"", ""dm_gt_ungtd"": null, ""dm_mod_oper"": null, ""dm_ses_zone"": ""Seismic Zone-II"", ""dm_spil_cap"": 969.0, ""dm_spil_lev"": 183.5, ""dm_gate_type"": ""LG"", ""dm_sluice_sz"": null, ""dm_spil_leng"": null, ""dm_spil_type"": null, ""dm_cn_gate_no"": null, ""dm_ener_dissp"": null, ""dm_inst_inter"": null, ""dm_perliament"": ""Araku"", ""dm_ph_gate_no"": null, ""dm_instru_embed"": null, ""dm_oper_main_age"": ""Irrg.& CAD Dept."", ""dm_sluice_purpose"": null, ""dm_inst_inter_ager"": null, ""dm_no_river_sluice"": null}}",2026-08-29T14:45:46.967391+00:00,2026-08-29T14:45:46.967391+00:00,0
60,AP_DAM_WRIS_AP01MH0075,Madduvalasa Dam,dam,TE,Srikakulam,Irrg.& CAD Dept.,ACTIVE,CANDIDATE,2002,,,,103,0.8,False,2026-08-29T14:45:46.967391+00:00,2026-08-29T14:45:46.967391+00:00,,,,,NO_REAL_STRUCTURAL_LABEL,1,Madduvalasa Dam,dam,ap_dam_barrage_state_v1,"{""origin"": ""GOVERNMENT_DERIVED_MIRROR"", ""nrld_no"": ""AP01MH0075"", ""dam_type"": ""TE"", ""age_years"": 24.0, ""gate_type"": ""RD"", ""built_year"": 2002.0, ""gate_count"": 11.0, ""river_name"": ""Maddigedda/Suvarnamukhi tributary of Nagavali"", ""dam_height_m"": 16.0, ""dam_length_m"": 2320.0, ""quality_flag"": ""SOURCE_PRESERVED"", ""seismic_zone"": ""Seismic Zone-II"", ""spillway_type"": ""OG"", ""structure_code"": ""D02113"", ""authority_level"": ""B2"", ""completion_year"": 2002.0, ""registry_status"": ""Completed"", ""spillway_level_m"": 57.37, ""commencement_year"": null, ""spillway_length_m"": 159.5, ""dam_volume_source_value"": 867.0, ""engineering_completeness"": 1.0, ""design_flood_source_value"": 5590.0, ""engineering_fields_available"": 10.0, ""engineering_source_confidence"": 0.8, ""spillway_capacity_source_value"": 5595.0}",{},False,2026-09-03T04:52:14.819262+00:00,0,1,Madduvalasa Dam,dam,1,103,41,2002,,16.0,2320.0,867.0,11,12.0 x 7.63,RD,5590.0,5595.0,57.37,159.5,OG,Maddigedda/Suvarnamukhi tributary of Nagavali,TE,Seismic Zone-II,Completed,AP01MH0075,D02113,Palakonda,Irrg.& CAD Dept.,24.0,10,1.0,False,B2,GOVERNMENT_DERIVED_MIRROR,SOURCE_PRESERVED,0.8,2026-09-03T04:45:38.976858+00:00,1,1,103,ASSET_REGISTRY,wris_registry_record,,Madduvalasa Dam,,,,,,B2,GOVERNMENT_DERIVED_MIRROR,SOURCE_PRESERVED,0.8,False,False,False,AP state filter + external ID + spatial/name resolution,"{""geometry"": {""type"": ""Point"", ""coordinates"": [83.61923487, 18.58732798]}, ""properties"": {""class"": ""Class 2"", ""state"": ""AP"", ""bacode"": ""16"", ""dtcode"": ""Srikakulam"", ""dam_vol"": ""867"", ""dm_name"": ""Madduvalasa Dam"", ""dm_type"": ""TE"", ""nrld_no"": ""AP01MH0075"", ""rivcode"": ""Maddigedda/Suvarnamukhi tributary of Nagavali"", ""dm_ncity"": ""Palakonda"", ""objectid"": 1510, ""strucode"": ""D02113"", ""dm_cmn_yr"": null, ""dm_cmp_yr"": ""2002"", ""dm_coment"": ""Villages affected: Fully - 5 Partially - 4 villages"", ""dm_height"": ""16"", ""dm_length"": ""2320"", ""dm_status"": ""Completed"", ""dm_gate_no"": 11, ""dm_gate_sz"": ""12.0 x 7.63"", ""dm_flod_des"": ""5590"", ""dm_gt_ungtd"": null, ""dm_mod_oper"": null, ""dm_ses_zone"": ""Seismic Zone-II"", ""dm_spil_cap"": 5595.0, ""dm_spil_lev"": 57.37, ""dm_gate_type"": ""RD"", ""dm_sluice_sz"": null, ""dm_spil_leng"": ""159.5"", ""dm_spil_type"": ""OG"", ""dm_cn_gate_no"": null, ""dm_ener_dissp"": null, ""dm_inst_inter"": null, ""dm_perliament"": ""Vizianagaram"", ""dm_ph_gate_no"": null, ""dm_instru_embed"": null, ""dm_oper_main_age"": ""Irrg.& CAD Dept."", ""dm_sluice_purpose"": null, ""dm_inst_inter_ager"": null, ""dm_no_river_sluice"": null}}",2026-08-29T14:45:46.967391+00:00,2026-08-29T14:45:46.967391+00:00,0
61,AP_DAM_WRIS_AP01MH0017,Siddalagandi Dam,dam,TE,Chittoor,Irrg.& CAD Dept.,ACTIVE,CANDIDATE,1959,,,,103,0.8,False,2026-08-29T14:45:46.967391+00:00,2026-08-29T14:45:46.967391+00:00,,,,,NO_REAL_STRUCTURAL_LABEL,1,Siddalagandi Dam,dam,ap_dam_barrage_state_v1,"{""origin"": ""GOVERNMENT_DERIVED_MIRROR"", ""nrld_no"": ""AP01MH0017"", ""dam_type"": ""TE"", ""age_years"": 67.0, ""gate_type"": ""UG"", ""built_year"": 1959.0, ""gate_count"": null, ""river_name"": ""Talakona"", ""dam_height_m"": 12.0, ""dam_length_m"": 1795.0, ""quality_flag"": ""SOURCE_PRESERVED"", ""seismic_zone"": ""Seismic Zone-III"", ""spillway_type"": null, ""structure_code"": ""D02244"", ""authority_level"": ""B2"", ""completion_year"": 1959.0, ""registry_status"": ""Completed"", ""spillway_level_m"": null, ""commencement_year"": null, ""spillway_length_m"": null, ""dam_volume_source_value"": null, ""engineering_completeness"": 0.8, ""design_flood_source_value"": 66.601217001, ""engineering_fields_available"": 8.0, ""engineering_source_confidence"": 0.8, ""spillway_capacity_source_value"": 67.0}",{},False,2026-09-03T04:52:14.819262+00:00,0,1,Siddalagandi Dam,dam,1,103,42,1959,,12.0,1795.0,,,,UG,66.601217001,67.0,,,,Talakona,TE,Seismic Zone-III,Completed,AP01MH0017,D02244,Vayalpad,Irrg.& CAD Dept.,67.0,8,0.8,False,B2,GOVERNMENT_DERIVED_MIRROR,SOURCE_PRESERVED,0.8,2026-09-03T04:45:38.976858+00:00,1,1,103,ASSET_REGISTRY,wris_registry_record,,Siddalagandi Dam,,,,,,B2,GOVERNMENT_DERIVED_MIRROR,SOURCE_PRESERVED,0.8,False,False,False,AP state filter + external ID + spatial/name resolution,"{""geometry"": {""type"": ""Point"", ""coordinates"": [79.13996135, 13.8314465]}, ""properties"": {""class"": ""CLASS 3"", ""state"": ""AP"", ""bacode"": ""09"", ""dtcode"": ""Chittoor"", ""dam_vol"": null, ""dm_name"": ""Siddalagandi Dam"", ""dm_type"": ""TE"", ""nrld_no"": ""AP01MH0017"", ""rivcode"": ""Talakona"", ""dm_ncity"": ""Vayalpad"", ""objectid"": 1653, ""strucode"": ""D02244"", ""dm_cmn_yr"": null, ""dm_cmp_yr"": ""1959"", ""dm_coment"": null, ""dm_height"": ""12"", ""dm_length"": ""1795"", ""dm_status"": ""Completed"", ""dm_gate_no"": null, ""dm_gate_sz"": null, ""dm_flod_des"": ""66.601217001"", ""dm_gt_ungtd"": ""UG"", ""dm_mod_oper"": null, ""dm_ses_zone"": ""Seismic Zone-III"", ""dm_spil_cap"": 67.0, ""dm_spil_lev"": null, ""dm_gate_type"": ""UG"", ""dm_sluice_sz"": null, ""dm_spil_leng"": null, ""dm_spil_type"": null, ""dm_cn_gate_no"": null, ""dm_ener_dissp"": null, ""dm_inst_inter"": null, ""dm_perliament"": ""Chittoor"", ""dm_ph_gate_no"": null, ""dm_instru_embed"": null, ""dm_oper_main_age"": ""Irrg.& CAD Dept."", ""dm_sluice_purpose"": null, ""dm_inst_inter_ager"": null, ""dm_no_river_sluice"": null}}",2026-08-29T14:45:46.967391+00:00,2026-08-29T14:45:46.967391+00:00,0
62,AP_DAM_WRIS_D02269,Surampalem Dam,dam,,East Godavari,,ACTIVE,CANDIDATE,,,,,103,0.8,False,2026-08-29T14:45:46.967391+00:00,2026-08-29T14:45:46.967391+00:00,,,,,NO_REAL_STRUCTURAL_LABEL,1,Surampalem Dam,dam,ap_dam_barrage_state_v1,"{""origin"": ""GOVERNMENT_DERIVED_MIRROR"", ""nrld_no"": null, ""dam_type"": null, ""age_years"": null, ""gate_type"": null, ""built_year"": null, ""gate_count"": null, ""river_name"": ""Burada Kalva"", ""dam_height_m"": null, ""dam_length_m"": null, ""quality_flag"": ""SOURCE_PRESERVED"", ""seismic_zone"": ""Seismic Zone-II"", ""spillway_type"": null, ""structure_code"": ""D02269"", ""authority_level"": ""B2"", ""completion_year"": null, ""registry_status"": ""Completed"", ""spillway_level_m"": null, ""commencement_year"": null, ""spillway_length_m"": null, ""dam_volume_source_value"": null, ""engineering_completeness"": 0.2, ""design_flood_source_value"": null, ""engineering_fields_available"": 2.0, ""engineering_source_confidence"": 0.8, ""spillway_capacity_source_value"": null}",{},False,2026-09-03T04:52:14.819262+00:00,0,1,Surampalem Dam,dam,1,103,43,,,,,,,,,,,,,,Burada Kalva,,Seismic Zone-II,Completed,,D02269,Ellavaram,,,2,0.2,False,B2,GOVERNMENT_DERIVED_MIRROR,SOURCE_PRESERVED,0.8,2026-09-03T04:45:38.976858+00:00,1,1,103,ASSET_REGISTRY,wris_registry_record,,Surampalem Dam,,,,,,B2,GOVERNMENT_DERIVED_MIRROR,SOURCE_PRESERVED,0.8,False,False,False,AP state filter + external ID + spatial/name resolution,"{""geometry"": {""type"": ""Point"", ""coordinates"": [81.90270192, 17.3361651]}, ""properties"": {""class"": ""CLASS 3"", ""state"": ""AP"", ""bacode"": ""03"", ""dtcode"": ""East Godavari"", ""dam_vol"": null, ""dm_name"": ""Surampalem Dam"", ""dm_type"": null, ""nrld_no"": null, ""rivcode"": ""Burada Kalva"", ""dm_ncity"": ""Ellavaram"", ""objectid"": 1656, ""strucode"": ""D02269"", ""dm_cmn_yr"": null, ""dm_cmp_yr"": null, ""dm_coment"": null, ""dm_height"": null, ""dm_length"": null, ""dm_status"": ""Completed"", ""dm_gate_no"": null, ""dm_gate_sz"": null, ""dm_flod_des"": null, ""dm_gt_ungtd"": null, ""dm_mod_oper"": null, ""dm_ses_zone"": ""Seismic Zone-II"", ""dm_spil_cap"": null, ""dm_spil_lev"": null, ""dm_gate_type"": null, ""dm_sluice_sz"": null, ""dm_spil_leng"": null, ""dm_spil_type"": null, ""dm_cn_gate_no"": null, ""dm_ener_dissp"": null, ""dm_inst_inter"": null, ""dm_perliament"": ""Araku"", ""dm_ph_gate_no"": null, ""dm_instru_embed"": null, ""dm_oper_main_age"": null, ""dm_sluice_purpose"": null, ""dm_inst_inter_ager"": null, ""dm_no_river_sluice"": null}}",2026-08-29T14:45:46.967391+00:00,2026-08-29T14:45:46.967391+00:00,0
63,AP_DAM_WRIS_D02317,Kumili Dam,dam,,Vizianagaram,,UNKNOWN,CANDIDATE,,,,,103,0.8,False,2026-08-29T14:45:46.967391+00:00,2026-08-29T14:45:46.967391+00:00,,,,,NO_REAL_STRUCTURAL_LABEL,1,Kumili Dam,dam,ap_dam_barrage_state_v1,"{""origin"": ""GOVERNMENT_DERIVED_MIRROR"", ""nrld_no"": null, ""dam_type"": null, ""age_years"": null, ""gate_type"": ""RD"", ""built_year"": null, ""gate_count"": 4.0, ""river_name"": ""Champavathi"", ""dam_height_m"": null, ""dam_length_m"": 8450.0, ""quality_flag"": ""SOURCE_PRESERVED"", ""seismic_zone"": ""Seismic Zone-II"", ""spillway_type"": ""OG"", ""structure_code"": ""D02317"", ""authority_level"": ""B2"", ""completion_year"": null, ""registry_status"": null, ""spillway_level_m"": null, ""commencement_year"": null, ""spillway_length_m"": null, ""dam_volume_source_value"": null, ""engineering_completeness"": 0.4, ""design_flood_source_value"": null, ""engineering_fields_available"": 4.0, ""engineering_source_confidence"": 0.8, ""spillway_capacity_source_value"": null}",{},False,2026-09-03T04:52:14.819262+00:00,0,1,Kumili Dam,dam,1,103,44,,,,8450.0,,4,6 x 6,RD,,,,,OG,Champavathi,,Seismic Zone-II,,,D02317,Puspatirega,,,4,0.4,False,B2,GOVERNMENT_DERIVED_MIRROR,SOURCE_PRESERVED,0.8,2026-09-03T04:45:38.976858+00:00,1,1,103,ASSET_REGISTRY,wris_registry_record,,Kumili Dam,,,,,,B2,GOVERNMENT_DERIVED_MIRROR,SOURCE_PRESERVED,0.8,False,False,False,AP state filter + external ID + spatial/name resolution,"{""geometry"": {""type"": ""Point"", ""coordinates"": [83.51407376, 18.12159194]}, ""properties"": {""class"": ""CLASS 3"", ""state"": ""AP"", ""bacode"": ""16"", ""dtcode"": ""Vizianagaram"", ""dam_vol"": null, ""dm_name"": ""Kumili Dam"", ""dm_type"": null, ""nrld_no"": null, ""rivcode"": ""Champavathi"", ""dm_ncity"": ""Puspatirega"", ""objectid"": 1711, ""strucode"": ""D02317"", ""dm_cmn_yr"": null, ""dm_cmp_yr"": null, ""dm_coment"": ""partially 7 villages are affected"", ""dm_height"": null, ""dm_length"": ""8450"", ""dm_status"": null, ""dm_gate_no"": 4, ""dm_gate_sz"": ""6 x 6"", ""dm_flod_des"": null, ""dm_gt_ungtd"": null, ""dm_mod_oper"": null, ""dm_ses_zone"": ""Seismic Zone-II"", ""dm_spil_cap"": null, ""dm_spil_lev"": null, ""dm_gate_type"": ""RD"", ""dm_sluice_sz"": null, ""dm_spil_leng"": null, ""dm_spil_type"": ""OG"", ""dm_cn_gate_no"": null, ""dm_ener_dissp"": null, ""dm_inst_inter"": null, ""dm_perliament"": ""Vizianagaram"", ""dm_ph_gate_no"": null, ""dm_instru_embed"": null, ""dm_oper_main_age"": null, ""dm_sluice_purpose"": null, ""dm_inst_inter_ager"": null, ""dm_no_river_sluice"": null}}",2026-08-29T14:45:46.967391+00:00,2026-08-29T14:45:46.967391+00:00,0
64,AP_DAM_WRIS_AP01MH0065,Thammileru Dam,dam,TE,Krishna,Irrg.& CAD Dept.,ACTIVE,CANDIDATE,1980,,,,103,0.8,False,2026-08-29T14:45:46.967391+00:00,2026-08-29T14:45:46.967391+00:00,,,,,NO_REAL_STRUCTURAL_LABEL,1,Thammileru Dam,dam,ap_dam_barrage_state_v1,"{""origin"": ""GOVERNMENT_DERIVED_MIRROR"", ""nrld_no"": ""AP01MH0065"", ""dam_type"": ""TE"", ""age_years"": 46.0, ""gate_type"": ""LG"", ""built_year"": 1980.0, ""gate_count"": 3.0, ""river_name"": ""Thammileru"", ""dam_height_m"": 23.25, ""dam_length_m"": 6400.0, ""quality_flag"": ""SOURCE_PRESERVED"", ""seismic_zone"": ""Seismic Zone-III"", ""spillway_type"": ""OG"", ""structure_code"": ""D02325"", ""authority_level"": ""B2"", ""completion_year"": 1980.0, ""registry_status"": ""Completed"", ""spillway_level_m"": 103.63231256, ""commencement_year"": 1969.0, ""spillway_length_m"": null, ""dam_volume_source_value"": 2549.0, ""engineering_completeness"": 1.0, ""design_flood_source_value"": 736.23794304, ""engineering_fields_available"": 10.0, ""engineering_source_confidence"": 0.8, ""spillway_capacity_source_value"": 736.0}",{},False,2026-09-03T04:52:14.819262+00:00,0,1,Thammileru Dam,dam,1,103,45,1980,1969,23.25,6400.0,2549.0,3,12.18  x 4.57,LG,736.23794304,736.0,103.63231256,,OG,Thammileru,TE,Seismic Zone-III,Completed,AP01MH0065,D02325,Tiruvuru,Irrg.& CAD Dept.,46.0,10,1.0,False,B2,GOVERNMENT_DERIVED_MIRROR,SOURCE_PRESERVED,0.8,2026-09-03T04:45:38.976858+00:00,1,1,103,ASSET_REGISTRY,wris_registry_record,,Thammileru Dam,,,,,,B2,GOVERNMENT_DERIVED_MIRROR,SOURCE_PRESERVED,0.8,False,False,False,AP state filter + external ID + spatial/name resolution,"{""geometry"": {""type"": ""Point"", ""coordinates"": [80.9240973, 17.00509972]}, ""properties"": {""class"": ""Class 2"", ""state"": ""AP"", ""bacode"": ""16"", ""dtcode"": ""Krishna"", ""dam_vol"": ""2549"", ""dm_name"": ""Thammileru Dam"", ""dm_type"": ""TE"", ""nrld_no"": ""AP01MH0065"", ""rivcode"": ""Thammileru"", ""dm_ncity"": ""Tiruvuru"", ""objectid"": 1712, ""strucode"": ""D02325"", ""dm_cmn_yr"": ""1969"", ""dm_cmp_yr"": ""1980"", ""dm_coment"": ""Private land 2199.42 acres, Government land. 1232.41 acres for Krishna District\nPrivate land 175.24 acres, Government land 623.40 acres for W.G.District Villages affected are 4 villages in Krishna District, 2 villages in W.G.District No. of families affe"", ""dm_height"": ""23.25"", ""dm_length"": ""6400"", ""dm_status"": ""Completed"", ""dm_gate_no"": 3, ""dm_gate_sz"": ""12.18  x 4.57"", ""dm_flod_des"": ""736.23794304"", ""dm_gt_ungtd"": null, ""dm_mod_oper"": null, ""dm_ses_zone"": ""Seismic Zone-III"", ""dm_spil_cap"": 736.0, ""dm_spil_lev"": 103.63231256, ""dm_gate_type"": ""LG"", ""dm_sluice_sz"": null, ""dm_spil_leng"": null, ""dm_spil_type"": ""OG"", ""dm_cn_gate_no"": null, ""dm_ener_dissp"": null, ""dm_inst_inter"": null, ""dm_perliament"": ""Eluru"", ""dm_ph_gate_no"": null, ""dm_instru_embed"": null, ""dm_oper_main_age"": ""Irrg.& CAD Dept."", ""dm_sluice_purpose"": null, ""dm_inst_inter_ager"": null, ""dm_no_river_sluice"": null}}",2026-08-29T14:45:46.967391+00:00,2026-08-29T14:45:46.967391+00:00,0
65,AP_DAM_WRIS_AP01HH0043,Thandava(Sri Raja Sagi Suryanarayana Raju (Srssr) Dam,dam,TE,Visakhapatnam,Irrg.& CAD Dept.,ACTIVE,CANDIDATE,1974,,,,103,0.8,False,2026-08-29T14:45:46.967391+00:00,2026-08-29T14:45:46.967391+00:00,,,,,NO_REAL_STRUCTURAL_LABEL,1,Thandava(Sri Raja Sagi Suryanarayana Raju (Srssr) Dam,dam,ap_dam_barrage_state_v1,"{""origin"": ""GOVERNMENT_DERIVED_MIRROR"", ""nrld_no"": ""AP01HH0043"", ""dam_type"": ""TE"", ""age_years"": 52.0, ""gate_type"": ""LG"", ""built_year"": 1974.0, ""gate_count"": 4.0, ""river_name"": ""Thandava"", ""dam_height_m"": 32.7, ""dam_length_m"": 201.0, ""quality_flag"": ""SOURCE_PRESERVED"", ""seismic_zone"": ""Seismic Zone-II"", ""spillway_type"": ""OG"", ""structure_code"": ""D02341"", ""authority_level"": ""B2"", ""completion_year"": 1974.0, ""registry_status"": ""Completed"", ""spillway_level_m"": 111.37, ""commencement_year"": null, ""spillway_length_m"": null, ""dam_volume_source_value"": 199.0, ""engineering_completeness"": 1.0, ""design_flood_source_value"": 2124.0, ""engineering_fields_available"": 10.0, ""engineering_source_confidence"": 0.8, ""spillway_capacity_source_value"": 1218.0}",{},False,2026-09-03T04:52:14.819262+00:00,0,1,Thandava(Sri Raja Sagi Suryanarayana Raju (Srssr) Dam,dam,1,103,46,1974,,32.7,201.0,199.0,4,,LG,2124.0,1218.0,111.37,,OG,Thandava,TE,Seismic Zone-II,Completed,AP01HH0043,D02341,Narsipatnam,Irrg.& CAD Dept.,52.0,10,1.0,False,B2,GOVERNMENT_DERIVED_MIRROR,SOURCE_PRESERVED,0.8,2026-09-03T04:45:38.976858+00:00,1,1,103,ASSET_REGISTRY,wris_registry_record,,Thandava(Sri Raja Sagi Suryanarayana Raju (Srssr) Dam,,,,,,B2,GOVERNMENT_DERIVED_MIRROR,SOURCE_PRESERVED,0.8,False,False,False,AP state filter + external ID + spatial/name resolution,"{""geometry"": {""type"": ""Point"", ""coordinates"": [82.46150758, 17.6213047]}, ""properties"": {""class"": ""Class 2"", ""state"": ""AP"", ""bacode"": ""16"", ""dtcode"": ""Visakhapatnam"", ""dam_vol"": ""199"", ""dm_name"": ""Thandava(Sri Raja Sagi Suryanarayana Raju (Srssr) Dam"", ""dm_type"": ""TE"", ""nrld_no"": ""AP01HH0043"", ""rivcode"": ""Thandava"", ""dm_ncity"": ""Narsipatnam"", ""objectid"": 1713, ""strucode"": ""D02341"", ""dm_cmn_yr"": null, ""dm_cmp_yr"": ""1974"", ""dm_coment"": null, ""dm_height"": ""32.7"", ""dm_length"": ""201"", ""dm_status"": ""Completed"", ""dm_gate_no"": 4, ""dm_gate_sz"": null, ""dm_flod_des"": ""2124"", ""dm_gt_ungtd"": null, ""dm_mod_oper"": null, ""dm_ses_zone"": ""Seismic Zone-II"", ""dm_spil_cap"": 1218.0, ""dm_spil_lev"": 111.37, ""dm_gate_type"": ""LG"", ""dm_sluice_sz"": null, ""dm_spil_leng"": null, ""dm_spil_type"": ""OG"", ""dm_cn_gate_no"": null, ""dm_ener_dissp"": null, ""dm_inst_inter"": null, ""dm_perliament"": ""Araku"", ""dm_ph_gate_no"": null, ""dm_instru_embed"": null, ""dm_oper_main_age"": ""Irrg.& CAD Dept."", ""dm_sluice_purpose"": null, ""dm_inst_inter_ager"": null, ""dm_no_river_sluice"": null}}",2026-08-29T14:45:46.967391+00:00,2026-08-29T14:45:46.967391+00:00,0
66,AP_DAM_WRIS_AP01HH0024,Thatipudi Dam,dam,TE + PG,Vizianagaram,Irrg.& CAD Dept.,ACTIVE,CANDIDATE,1968,,,,103,0.8,False,2026-08-29T14:45:46.967391+00:00,2026-08-29T14:45:46.967391+00:00,,,,,NO_REAL_STRUCTURAL_LABEL,1,Thatipudi Dam,dam,ap_dam_barrage_state_v1,"{""origin"": ""GOVERNMENT_DERIVED_MIRROR"", ""nrld_no"": ""AP01HH0024"", ""dam_type"": ""TE + PG"", ""age_years"": 58.0, ""gate_type"": ""LG"", ""built_year"": 1968.0, ""gate_count"": 4.0, ""river_name"": ""Gosthani"", ""dam_height_m"": 37.0, ""dam_length_m"": 585.0, ""quality_flag"": ""SOURCE_PRESERVED"", ""seismic_zone"": ""Seismic Zone-II"", ""spillway_type"": null, ""structure_code"": ""D02344"", ""authority_level"": ""B2"", ""completion_year"": 1968.0, ""registry_status"": ""Completed"", ""spillway_level_m"": 84.43, ""commencement_year"": null, ""spillway_length_m"": null, ""dam_volume_source_value"": null, ""engineering_completeness"": 1.0, ""design_flood_source_value"": 1401.6837762, ""engineering_fields_available"": 10.0, ""engineering_source_confidence"": 0.8, ""spillway_capacity_source_value"": 1513.0}",{},False,2026-09-03T04:52:14.819262+00:00,0,1,Thatipudi Dam,dam,1,103,47,1968,,37.0,585.0,,4,9.15 x 6.10,LG,1401.6837762,1513.0,84.43,,,Gosthani,TE + PG,Seismic Zone-II,Completed,AP01HH0024,D02344,Srungavarapukota,Irrg.& CAD Dept.,58.0,10,1.0,False,B2,GOVERNMENT_DERIVED_MIRROR,SOURCE_PRESERVED,0.8,2026-09-03T04:45:38.976858+00:00,1,1,103,ASSET_REGISTRY,wris_registry_record,,Thatipudi Dam,,,,,,B2,GOVERNMENT_DERIVED_MIRROR,SOURCE_PRESERVED,0.8,False,False,False,AP state filter + external ID + spatial/name resolution,"{""geometry"": {""type"": ""Point"", ""coordinates"": [83.19141839, 18.17217773]}, ""properties"": {""class"": ""Class 2"", ""state"": ""AP"", ""bacode"": ""16"", ""dtcode"": ""Vizianagaram"", ""dam_vol"": null, ""dm_name"": ""Thatipudi Dam"", ""dm_type"": ""TE + PG"", ""nrld_no"": ""AP01HH0024"", ""rivcode"": ""Gosthani"", ""dm_ncity"": ""Srungavarapukota"", ""objectid"": 1714, ""strucode"": ""D02344"", ""dm_cmn_yr"": null, ""dm_cmp_yr"": ""1968"", ""dm_coment"": ""Stony type gates"", ""dm_height"": ""37"", ""dm_length"": ""585"", ""dm_status"": ""Completed"", ""dm_gate_no"": 4, ""dm_gate_sz"": ""9.15 x 6.10"", ""dm_flod_des"": ""1401.6837762"", ""dm_gt_ungtd"": null, ""dm_mod_oper"": null, ""dm_ses_zone"": ""Seismic Zone-II"", ""dm_spil_cap"": 1513.0, ""dm_spil_lev"": 84.43, ""dm_gate_type"": ""LG"", ""dm_sluice_sz"": null, ""dm_spil_leng"": null, ""dm_spil_type"": null, ""dm_cn_gate_no"": null, ""dm_ener_dissp"": null, ""dm_inst_inter"": null, ""dm_perliament"": ""Visakhapatnam"", ""dm_ph_gate_no"": null, ""dm_instru_embed"": null, ""dm_oper_main_age"": ""Irrg.& CAD Dept."", ""dm_sluice_purpose"": null, ""dm_inst_inter_ager"": null, ""dm_no_river_sluice"": null}}",2026-08-29T14:45:46.967391+00:00,2026-08-29T14:45:46.967391+00:00,3
67,AP_DAM_WRIS_AP01MH0148,Varadaraja Swamy Gudi Dam,dam,TE,Kurnool,Irrg.& CAD Dept.,ACTIVE,CANDIDATE,2000,,,,103,0.8,False,2026-08-29T14:45:46.967391+00:00,2026-08-29T14:45:46.967391+00:00,,,,,NO_REAL_STRUCTURAL_LABEL,1,Varadaraja Swamy Gudi Dam,dam,ap_dam_barrage_state_v1,"{""origin"": ""GOVERNMENT_DERIVED_MIRROR"", ""nrld_no"": ""AP01MH0148"", ""dam_type"": ""TE"", ""age_years"": 26.0, ""gate_type"": ""RD"", ""built_year"": 2000.0, ""gate_count"": 4.0, ""river_name"": ""Munimadugulavagu"", ""dam_height_m"": 22.0, ""dam_length_m"": 588.0, ""quality_flag"": ""SOURCE_PRESERVED"", ""seismic_zone"": ""Seismic Zone-II"", ""spillway_type"": ""OG"", ""structure_code"": ""D02376"", ""authority_level"": ""B2"", ""completion_year"": 2000.0, ""registry_status"": ""Completed"", ""spillway_level_m"": 363.9, ""commencement_year"": null, ""spillway_length_m"": null, ""dam_volume_source_value"": null, ""engineering_completeness"": 1.0, ""design_flood_source_value"": 1025.0697515, ""engineering_fields_available"": 10.0, ""engineering_source_confidence"": 0.8, ""spillway_capacity_source_value"": 1025.0}",{},False,2026-09-03T04:52:14.819262+00:00,0,1,Varadaraja Swamy Gudi Dam,dam,1,103,49,2000,,22.0,588.0,,4,12.2 x 6.10,RD,1025.0697515,1025.0,363.9,,OG,Munimadugulavagu,TE,Seismic Zone-II,Completed,AP01MH0148,D02376,Atmakur,Irrg.& CAD Dept.,26.0,10,1.0,False,B2,GOVERNMENT_DERIVED_MIRROR,SOURCE_PRESERVED,0.8,2026-09-03T04:45:38.976858+00:00,1,1,103,ASSET_REGISTRY,wris_registry_record,,Varadaraja Swamy Gudi Dam,,,,,,B2,GOVERNMENT_DERIVED_MIRROR,SOURCE_PRESERVED,0.8,False,False,False,AP state filter + external ID + spatial/name resolution,"{""geometry"": {""type"": ""Point"", ""coordinates"": [78.64643698, 15.966995]}, ""properties"": {""class"": ""Class 2"", ""state"": ""AP"", ""bacode"": ""04"", ""dtcode"": ""Kurnool"", ""dam_vol"": null, ""dm_name"": ""Varadaraja Swamy Gudi Dam"", ""dm_type"": ""TE"", ""nrld_no"": ""AP01MH0148"", ""rivcode"": ""Munimadugulavagu"", ""dm_ncity"": ""Atmakur"", ""objectid"": 1718, ""strucode"": ""D02376"", ""dm_cmn_yr"": null, ""dm_cmp_yr"": ""2000"", ""dm_coment"": null, ""dm_height"": ""22"", ""dm_length"": ""588"", ""dm_status"": ""Completed"", ""dm_gate_no"": 4, ""dm_gate_sz"": ""12.2 x 6.10"", ""dm_flod_des"": ""1025.0697515"", ""dm_gt_ungtd"": null, ""dm_mod_oper"": null, ""dm_ses_zone"": ""Seismic Zone-II"", ""dm_spil_cap"": 1025.0, ""dm_spil_lev"": 363.9, ""dm_gate_type"": ""RD"", ""dm_sluice_sz"": null, ""dm_spil_leng"": null, ""dm_spil_type"": ""OG"", ""dm_cn_gate_no"": null, ""dm_ener_dissp"": null, ""dm_inst_inter"": null, ""dm_perliament"": ""Nandyal"", ""dm_ph_gate_no"": null, ""dm_instru_embed"": null, ""dm_oper_main_age"": ""Irrg.& CAD Dept."", ""dm_sluice_purpose"": null, ""dm_inst_inter_ager"": null, ""dm_no_river_sluice"": null}}",2026-08-29T14:45:46.967391+00:00,2026-08-29T14:45:46.967391+00:00,0
68,AP_DAM_WRIS_AP01MH0039,Varaha Dam,dam,TE,Visakhapatnam,Irrg.& CAD Dept.,ACTIVE,CANDIDATE,1975,,,,103,0.8,False,2026-08-29T14:45:46.967391+00:00,2026-08-29T14:45:46.967391+00:00,,,,,NO_REAL_STRUCTURAL_LABEL,1,Varaha Dam,dam,ap_dam_barrage_state_v1,"{""origin"": ""GOVERNMENT_DERIVED_MIRROR"", ""nrld_no"": ""AP01MH0039"", ""dam_type"": ""TE"", ""age_years"": 51.0, ""gate_type"": null, ""built_year"": 1975.0, ""gate_count"": 6.0, ""river_name"": ""Varaha"", ""dam_height_m"": 25.0, ""dam_length_m"": 1652.0, ""quality_flag"": ""SOURCE_PRESERVED"", ""seismic_zone"": ""Seismic Zone-II"", ""spillway_type"": null, ""structure_code"": ""D02383"", ""authority_level"": ""B2"", ""completion_year"": 1975.0, ""registry_status"": ""Completed"", ""spillway_level_m"": 138.329, ""commencement_year"": null, ""spillway_length_m"": null, ""dam_volume_source_value"": 1019.0, ""engineering_completeness"": 1.0, ""design_flood_source_value"": 523.29527644, ""engineering_fields_available"": 10.0, ""engineering_source_confidence"": 0.8, ""spillway_capacity_source_value"": 523.0}",{},False,2026-09-03T04:52:14.819262+00:00,0,1,Varaha Dam,dam,1,103,50,1975,,25.0,1652.0,1019.0,6,10.668 x 1.8288,,523.29527644,523.0,138.329,,,Varaha,TE,Seismic Zone-II,Completed,AP01MH0039,D02383,Chodavaram,Irrg.& CAD Dept.,51.0,10,1.0,False,B2,GOVERNMENT_DERIVED_MIRROR,SOURCE_PRESERVED,0.8,2026-09-03T04:45:38.976858+00:00,1,1,103,ASSET_REGISTRY,wris_registry_record,,Varaha Dam,,,,,,B2,GOVERNMENT_DERIVED_MIRROR,SOURCE_PRESERVED,0.8,False,False,False,AP state filter + external ID + spatial/name resolution,"{""geometry"": {""type"": ""Point"", ""coordinates"": [82.6755239, 17.81080941]}, ""properties"": {""class"": ""Class 2"", ""state"": ""AP"", ""bacode"": ""16"", ""dtcode"": ""Visakhapatnam"", ""dam_vol"": ""1019"", ""dm_name"": ""Varaha Dam"", ""dm_type"": ""TE"", ""nrld_no"": ""AP01MH0039"", ""rivcode"": ""Varaha"", ""dm_ncity"": ""Chodavaram"", ""objectid"": 1719, ""strucode"": ""D02383"", ""dm_cmn_yr"": null, ""dm_cmp_yr"": ""1975"", ""dm_coment"": null, ""dm_height"": ""25"", ""dm_length"": ""1652"", ""dm_status"": ""Completed"", ""dm_gate_no"": 6, ""dm_gate_sz"": ""10.668 x 1.8288"", ""dm_flod_des"": ""523.29527644"", ""dm_gt_ungtd"": null, ""dm_mod_oper"": null, ""dm_ses_zone"": ""Seismic Zone-II"", ""dm_spil_cap"": 523.0, ""dm_spil_lev"": 138.329, ""dm_gate_type"": null, ""dm_sluice_sz"": null, ""dm_spil_leng"": null, ""dm_spil_type"": null, ""dm_cn_gate_no"": null, ""dm_ener_dissp"": null, ""dm_inst_inter"": null, ""dm_perliament"": ""Anakapalli"", ""dm_ph_gate_no"": null, ""dm_instru_embed"": null, ""dm_oper_main_age"": ""Irrg.& CAD Dept."", ""dm_sluice_purpose"": null, ""dm_inst_inter_ager"": null, ""dm_no_river_sluice"": null}}",2026-08-29T14:45:46.967391+00:00,2026-08-29T14:45:46.967391+00:00,0
69,AP_DAM_WRIS_AP01HH0081,Veligallu Dam,dam,PG,Y.S.R.,Irrg.& CAD Dept.,ACTIVE,CANDIDATE,,,,,103,0.8,False,2026-08-29T14:45:46.967391+00:00,2026-08-29T14:45:46.967391+00:00,,,,,NO_REAL_STRUCTURAL_LABEL,1,Veligallu Dam,dam,ap_dam_barrage_state_v1,"{""origin"": ""GOVERNMENT_DERIVED_MIRROR"", ""nrld_no"": ""AP01HH0081"", ""dam_type"": ""PG"", ""age_years"": null, ""gate_type"": ""RD"", ""built_year"": null, ""gate_count"": 4.0, ""river_name"": ""Papagni"", ""dam_height_m"": 45.0, ""dam_length_m"": 810.0, ""quality_flag"": ""SOURCE_PRESERVED"", ""seismic_zone"": ""Seismic Zone-II"", ""spillway_type"": ""OG"", ""structure_code"": ""D02492"", ""authority_level"": ""B2"", ""completion_year"": null, ""registry_status"": ""Completed"", ""spillway_level_m"": 408.0, ""commencement_year"": null, ""spillway_length_m"": 72.0, ""dam_volume_source_value"": null, ""engineering_completeness"": 0.9, ""design_flood_source_value"": 4273.0, ""engineering_fields_available"": 9.0, ""engineering_source_confidence"": 0.8, ""spillway_capacity_source_value"": 4361.0}",{},False,2026-09-03T04:52:14.819262+00:00,0,1,Veligallu Dam,dam,1,103,51,,,45.0,810.0,,4,12.00x11.00,RD,4273.0,4361.0,408.0,72.0,OG,Papagni,PG,Seismic Zone-II,Completed,AP01HH0081,D02492,Rayachoti,Irrg.& CAD Dept.,,9,0.9,False,B2,GOVERNMENT_DERIVED_MIRROR,SOURCE_PRESERVED,0.8,2026-09-03T04:45:38.976858+00:00,1,1,103,ASSET_REGISTRY,wris_registry_record,,Veligallu Dam,,,,,,B2,GOVERNMENT_DERIVED_MIRROR,SOURCE_PRESERVED,0.8,False,False,False,AP state filter + external ID + spatial/name resolution,"{""geometry"": {""type"": ""Point"", ""coordinates"": [78.47679015, 14.03134324]}, ""properties"": {""class"": ""Class 2"", ""state"": ""AP"", ""bacode"": ""09"", ""dtcode"": ""Y.S.R."", ""dam_vol"": null, ""dm_name"": ""Veligallu Dam"", ""dm_type"": ""PG"", ""nrld_no"": ""AP01HH0081"", ""rivcode"": ""Papagni"", ""dm_ncity"": ""Rayachoti"", ""objectid"": 1721, ""strucode"": ""D02492"", ""dm_cmn_yr"": null, ""dm_cmp_yr"": null, ""dm_coment"": ""catchment area is 8874.68 sq.km/3428 sq km as in TAC/4846.00 sq km"", ""dm_height"": ""45"", ""dm_length"": ""810"", ""dm_status"": ""Completed"", ""dm_gate_no"": 4, ""dm_gate_sz"": ""12.00x11.00"", ""dm_flod_des"": ""4273"", ""dm_gt_ungtd"": null, ""dm_mod_oper"": null, ""dm_ses_zone"": ""Seismic Zone-II"", ""dm_spil_cap"": 4361.0, ""dm_spil_lev"": 408.0, ""dm_gate_type"": ""RD"", ""dm_sluice_sz"": null, ""dm_spil_leng"": ""72"", ""dm_spil_type"": ""OG"", ""dm_cn_gate_no"": null, ""dm_ener_dissp"": null, ""dm_inst_inter"": null, ""dm_perliament"": ""Rajampet"", ""dm_ph_gate_no"": null, ""dm_instru_embed"": null, ""dm_oper_main_age"": ""Irrg.& CAD Dept."", ""dm_sluice_purpose"": null, ""dm_inst_inter_ager"": null, ""dm_no_river_sluice"": null}}",2026-08-29T14:45:46.967391+00:00,2026-08-29T14:45:46.967391+00:00,3
70,AP_DAM_WRIS_AP01MH0069,Vengalaraya Sagar Dam,dam,TE,Vizianagaram,Irrg.& CAD Dept.,ACTIVE,CANDIDATE,1988,,,,103,0.8,False,2026-08-29T14:45:46.967391+00:00,2026-08-29T14:45:46.967391+00:00,,,,,NO_REAL_STRUCTURAL_LABEL,1,Vengalaraya Sagar Dam,dam,ap_dam_barrage_state_v1,"{""origin"": ""GOVERNMENT_DERIVED_MIRROR"", ""nrld_no"": ""AP01MH0069"", ""dam_type"": ""TE"", ""age_years"": 38.0, ""gate_type"": ""RD"", ""built_year"": 1988.0, ""gate_count"": 4.0, ""river_name"": ""Suvrnamukhi"", ""dam_height_m"": 21.0, ""dam_length_m"": 1765.0, ""quality_flag"": ""SOURCE_PRESERVED"", ""seismic_zone"": ""Seismic Zone-II"", ""spillway_type"": ""OG"", ""structure_code"": ""D02497"", ""authority_level"": ""B2"", ""completion_year"": 1988.0, ""registry_status"": ""Completed"", ""spillway_level_m"": 155.0, ""commencement_year"": null, ""spillway_length_m"": null, ""dam_volume_source_value"": 2707.0, ""engineering_completeness"": 1.0, ""design_flood_source_value"": 1416.0, ""engineering_fields_available"": 10.0, ""engineering_source_confidence"": 0.8, ""spillway_capacity_source_value"": 2455.0}",{},False,2026-09-03T04:52:14.819262+00:00,0,1,Vengalaraya Sagar Dam,dam,1,103,52,1988,,21.0,1765.0,2707.0,4,12 x 6,RD,1416.0,2455.0,155.0,,OG,Suvrnamukhi,TE,Seismic Zone-II,Completed,AP01MH0069,D02497,Salur,Irrg.& CAD Dept.,38.0,10,1.0,False,B2,GOVERNMENT_DERIVED_MIRROR,SOURCE_PRESERVED,0.8,2026-09-03T04:45:38.976858+00:00,1,1,103,ASSET_REGISTRY,wris_registry_record,,Vengalaraya Sagar Dam,,,,,,B2,GOVERNMENT_DERIVED_MIRROR,SOURCE_PRESERVED,0.8,False,False,False,AP state filter + external ID + spatial/name resolution,"{""geometry"": {""type"": ""Point"", ""coordinates"": [83.22158412, 18.62324116]}, ""properties"": {""class"": ""Class 2"", ""state"": ""AP"", ""bacode"": ""16"", ""dtcode"": ""Vizianagaram"", ""dam_vol"": ""2707"", ""dm_name"": ""Vengalaraya Sagar Dam"", ""dm_type"": ""TE"", ""nrld_no"": ""AP01MH0069"", ""rivcode"": ""Suvrnamukhi"", ""dm_ncity"": ""Salur"", ""objectid"": 1722, ""strucode"": ""D02497"", ""dm_cmn_yr"": null, ""dm_cmp_yr"": ""1988"", ""dm_coment"": null, ""dm_height"": ""21"", ""dm_length"": ""1765"", ""dm_status"": ""Completed"", ""dm_gate_no"": 4, ""dm_gate_sz"": ""12 x 6"", ""dm_flod_des"": ""1416"", ""dm_gt_ungtd"": null, ""dm_mod_oper"": null, ""dm_ses_zone"": ""Seismic Zone-II"", ""dm_spil_cap"": 2455.0, ""dm_spil_lev"": 155.0, ""dm_gate_type"": ""RD"", ""dm_sluice_sz"": null, ""dm_spil_leng"": null, ""dm_spil_type"": ""OG"", ""dm_cn_gate_no"": null, ""dm_ener_dissp"": null, ""dm_inst_inter"": null, ""dm_perliament"": ""Araku"", ""dm_ph_gate_no"": null, ""dm_instru_embed"": null, ""dm_oper_main_age"": ""Irrg.& CAD Dept."", ""dm_sluice_purpose"": null, ""dm_inst_inter_ager"": null, ""dm_no_river_sluice"": null}}",2026-08-29T14:45:46.967391+00:00,2026-08-29T14:45:46.967391+00:00,0
71,AP_DAM_WRIS_AP01MH0030,Vottigadda Dam,dam,TE,Vizianagaram,Irrg.& CAD Dept.,ACTIVE,CANDIDATE,1976,,,,103,0.8,False,2026-08-29T14:45:46.967391+00:00,2026-08-29T14:45:46.967391+00:00,,,,,NO_REAL_STRUCTURAL_LABEL,1,Vottigadda Dam,dam,ap_dam_barrage_state_v1,"{""origin"": ""GOVERNMENT_DERIVED_MIRROR"", ""nrld_no"": ""AP01MH0030"", ""dam_type"": ""TE"", ""age_years"": 50.0, ""gate_type"": ""LG"", ""built_year"": 1976.0, ""gate_count"": 4.0, ""river_name"": ""Nagavalli"", ""dam_height_m"": 27.0, ""dam_length_m"": 2152.0, ""quality_flag"": ""SOURCE_PRESERVED"", ""seismic_zone"": ""Seismic Zone-II"", ""spillway_type"": ""OG"", ""structure_code"": ""D02508"", ""authority_level"": ""B2"", ""completion_year"": 1976.0, ""registry_status"": ""Completed"", ""spillway_level_m"": 115.52, ""commencement_year"": 1963.0, ""spillway_length_m"": null, ""dam_volume_source_value"": 301.0, ""engineering_completeness"": 1.0, ""design_flood_source_value"": 1507.5887726, ""engineering_fields_available"": 10.0, ""engineering_source_confidence"": 0.8, ""spillway_capacity_source_value"": 1509.0}",{},False,2026-09-03T04:52:14.819262+00:00,0,1,Vottigadda Dam,dam,1,103,53,1976,1963,27.0,2152.0,301.0,4,12.4968 x 6.096,LG,1507.5887726,1509.0,115.52,,OG,Nagavalli,TE,Seismic Zone-II,Completed,AP01MH0030,D02508,Parvathipuram,Irrg.& CAD Dept.,50.0,10,1.0,False,B2,GOVERNMENT_DERIVED_MIRROR,SOURCE_PRESERVED,0.8,2026-09-03T04:45:38.976858+00:00,1,1,103,ASSET_REGISTRY,wris_registry_record,,Vottigadda Dam,,,,,,B2,GOVERNMENT_DERIVED_MIRROR,SOURCE_PRESERVED,0.8,False,False,False,AP state filter + external ID + spatial/name resolution,"{""geometry"": {""type"": ""Point"", ""coordinates"": [83.58814987, 18.83855824]}, ""properties"": {""class"": ""Class 2"", ""state"": ""AP"", ""bacode"": ""16"", ""dtcode"": ""Vizianagaram"", ""dam_vol"": ""301"", ""dm_name"": ""Vottigadda Dam"", ""dm_type"": ""TE"", ""nrld_no"": ""AP01MH0030"", ""rivcode"": ""Nagavalli"", ""dm_ncity"": ""Parvathipuram"", ""objectid"": 1723, ""strucode"": ""D02508"", ""dm_cmn_yr"": ""1963"", ""dm_cmp_yr"": ""1976"", ""dm_coment"": null, ""dm_height"": ""27"", ""dm_length"": ""2152"", ""dm_status"": ""Completed"", ""dm_gate_no"": 4, ""dm_gate_sz"": ""12.4968 x 6.096"", ""dm_flod_des"": ""1507.5887726"", ""dm_gt_ungtd"": null, ""dm_mod_oper"": null, ""dm_ses_zone"": ""Seismic Zone-II"", ""dm_spil_cap"": 1509.0, ""dm_spil_lev"": 115.52, ""dm_gate_type"": ""LG"", ""dm_sluice_sz"": null, ""dm_spil_leng"": null, ""dm_spil_type"": ""OG"", ""dm_cn_gate_no"": null, ""dm_ener_dissp"": null, ""dm_inst_inter"": null, ""dm_perliament"": ""Araku"", ""dm_ph_gate_no"": null, ""dm_instru_embed"": null, ""dm_oper_main_age"": ""Irrg.& CAD Dept."", ""dm_sluice_purpose"": null, ""dm_inst_inter_ager"": null, ""dm_no_river_sluice"": null}}",2026-08-29T14:45:46.967391+00:00,2026-08-29T14:45:46.967391+00:00,0
72,AP_DAM_WRIS_AP01MH0076,Yerrakalva Dam,dam,TE,West Godavari,Irrg.& CAD Dept.,ACTIVE,CANDIDATE,1988,,,,103,0.8,False,2026-08-29T14:45:46.967391+00:00,2026-08-29T14:45:46.967391+00:00,,,,,NO_REAL_STRUCTURAL_LABEL,1,Yerrakalva Dam,dam,ap_dam_barrage_state_v1,"{""origin"": ""GOVERNMENT_DERIVED_MIRROR"", ""nrld_no"": ""AP01MH0076"", ""dam_type"": ""TE"", ""age_years"": 38.0, ""gate_type"": ""LG"", ""built_year"": 1988.0, ""gate_count"": 4.0, ""river_name"": ""Yerrakalva"", ""dam_height_m"": 19.79, ""dam_length_m"": 2700.0, ""quality_flag"": ""SOURCE_PRESERVED"", ""seismic_zone"": ""Seismic Zone-III"", ""spillway_type"": ""OT"", ""structure_code"": ""D02647"", ""authority_level"": ""B2"", ""completion_year"": 1988.0, ""registry_status"": ""Completed"", ""spillway_level_m"": 78.5, ""commencement_year"": null, ""spillway_length_m"": null, ""dam_volume_source_value"": 1500.0, ""engineering_completeness"": 1.0, ""design_flood_source_value"": 1370.5352478, ""engineering_fields_available"": 10.0, ""engineering_source_confidence"": 0.8, ""spillway_capacity_source_value"": 1371.0}",{},False,2026-09-03T04:52:14.819262+00:00,0,1,Yerrakalva Dam,dam,1,103,54,1988,,19.79,2700.0,1500.0,4,12.00 x 5.00,LG,1370.5352478,1371.0,78.5,,OT,Yerrakalva,TE,Seismic Zone-III,Completed,AP01MH0076,D02647,Chintalapudi,Irrg.& CAD Dept.,38.0,10,1.0,False,B2,GOVERNMENT_DERIVED_MIRROR,SOURCE_PRESERVED,0.8,2026-09-03T04:45:38.976858+00:00,1,1,103,ASSET_REGISTRY,wris_registry_record,,Yerrakalva Dam,,,,,,B2,GOVERNMENT_DERIVED_MIRROR,SOURCE_PRESERVED,0.8,False,False,False,AP state filter + external ID + spatial/name resolution,"{""geometry"": {""type"": ""Point"", ""coordinates"": [81.25669309, 17.09982512]}, ""properties"": {""class"": ""Class 2"", ""state"": ""AP"", ""bacode"": ""16"", ""dtcode"": ""West Godavari"", ""dam_vol"": ""1500"", ""dm_name"": ""Yerrakalva Dam"", ""dm_type"": ""TE"", ""nrld_no"": ""AP01MH0076"", ""rivcode"": ""Yerrakalva"", ""dm_ncity"": ""Chintalapudi"", ""objectid"": 1885, ""strucode"": ""D02647"", ""dm_cmn_yr"": null, ""dm_cmp_yr"": ""1988"", ""dm_coment"": ""Glasis Type spillway"", ""dm_height"": ""19.79"", ""dm_length"": ""2700"", ""dm_status"": ""Completed"", ""dm_gate_no"": 4, ""dm_gate_sz"": ""12.00 x 5.00"", ""dm_flod_des"": ""1370.5352478"", ""dm_gt_ungtd"": null, ""dm_mod_oper"": null, ""dm_ses_zone"": ""Seismic Zone-III"", ""dm_spil_cap"": 1371.0, ""dm_spil_lev"": 78.5, ""dm_gate_type"": ""LG"", ""dm_sluice_sz"": null, ""dm_spil_leng"": null, ""dm_spil_type"": ""OT"", ""dm_cn_gate_no"": null, ""dm_ener_dissp"": null, ""dm_inst_inter"": null, ""dm_perliament"": ""Eluru"", ""dm_ph_gate_no"": null, ""dm_instru_embed"": null, ""dm_oper_main_age"": ""Irrg.& CAD Dept."", ""dm_sluice_purpose"": null, ""dm_inst_inter_ager"": null, ""dm_no_river_sluice"": null}}",2026-08-29T14:45:46.967391+00:00,2026-08-29T14:45:46.967391+00:00,0
73,AP_DAM_WRIS_AP01MH0074,Yogivemana Dam,dam,TE + PG,Anantapur,Irrg.& CAD Dept.,ACTIVE,CANDIDATE,2001,,,,103,0.8,False,2026-08-29T14:45:46.967391+00:00,2026-08-29T14:45:46.967391+00:00,,,,,NO_REAL_STRUCTURAL_LABEL,1,Yogivemana Dam,dam,ap_dam_barrage_state_v1,"{""origin"": ""GOVERNMENT_DERIVED_MIRROR"", ""nrld_no"": ""AP01MH0074"", ""dam_type"": ""TE + PG"", ""age_years"": 25.0, ""gate_type"": ""RD"", ""built_year"": 2001.0, ""gate_count"": 11.0, ""river_name"": ""Maddeleru River"", ""dam_height_m"": 29.46, ""dam_length_m"": 570.0, ""quality_flag"": ""SOURCE_PRESERVED"", ""seismic_zone"": ""Seismic Zone-II"", ""spillway_type"": ""OG"", ""structure_code"": ""D02659"", ""authority_level"": ""B2"", ""completion_year"": 2001.0, ""registry_status"": ""Completed"", ""spillway_level_m"": 377.0, ""commencement_year"": 1991.0, ""spillway_length_m"": null, ""dam_volume_source_value"": null, ""engineering_completeness"": 1.0, ""design_flood_source_value"": 100.38321185, ""engineering_fields_available"": 10.0, ""engineering_source_confidence"": 0.8, ""spillway_capacity_source_value"": 3545.0}","{""manual_daily_reservoir_storage_mcm"": {""max"": 23.156, ""min"": 4.172, ""std"": 4.547812460941936, ""mean"": 12.2736069241012, ""count"": 2253, ""latest"": 7.0, ""latest_zscore"": -1.1595919949190119, ""freshness_days"": 94.86961427342592}, ""manual_daily_reservoir_water_level_m"": {""max"": 536.441898, ""min"": 0.0, ""std"": 89.20717540514809, ""mean"": 357.4580031264417, ""count"": 2341, ""latest"": 376.790694, ""latest_zscore"": 0.21671676953962352, ""freshness_days"": 94.86961427342592}}",True,2026-09-03T04:52:14.819262+00:00,4,1,Yogivemana Dam,dam,1,103,55,2001,1991,29.46,570.0,,11,12x6,RD,100.38321185,3545.0,377.0,,OG,Maddeleru River,TE + PG,Seismic Zone-II,Completed,AP01MH0074,D02659,Kadiri,Irrg.& CAD Dept.,25.0,10,1.0,True,B2,GOVERNMENT_DERIVED_MIRROR,SOURCE_PRESERVED,0.8,2026-09-03T04:45:38.976858+00:00,1,1,103,ASSET_REGISTRY,wris_registry_record,,Yogivemana Dam,,,,,,B2,GOVERNMENT_DERIVED_MIRROR,SOURCE_PRESERVED,0.8,False,False,False,AP state filter + external ID + spatial/name resolution,"{""geometry"": {""type"": ""Point"", ""coordinates"": [78.05159158, 14.35822299]}, ""properties"": {""class"": ""Class 2"", ""state"": ""AP"", ""bacode"": ""09"", ""dtcode"": ""Anantapur"", ""dam_vol"": null, ""dm_name"": ""Yogivemana Dam"", ""dm_type"": ""TE + PG"", ""nrld_no"": ""AP01MH0074"", ""rivcode"": ""Maddeleru River"", ""dm_ncity"": ""Kadiri"", ""objectid"": 1887, ""strucode"": ""D02659"", ""dm_cmn_yr"": ""1991"", ""dm_cmp_yr"": ""2001"", ""dm_coment"": null, ""dm_height"": ""29.46"", ""dm_length"": ""570"", ""dm_status"": ""Completed"", ""dm_gate_no"": 11, ""dm_gate_sz"": ""12x6"", ""dm_flod_des"": ""100.38321185"", ""dm_gt_ungtd"": null, ""dm_mod_oper"": null, ""dm_ses_zone"": ""Seismic Zone-II"", ""dm_spil_cap"": 3545.0, ""dm_spil_lev"": 377.0, ""dm_gate_type"": ""RD"", ""dm_sluice_sz"": null, ""dm_spil_leng"": null, ""dm_spil_type"": ""OG"", ""dm_cn_gate_no"": null, ""dm_ener_dissp"": null, ""dm_inst_inter"": null, ""dm_perliament"": ""Hindupur"", ""dm_ph_gate_no"": null, ""dm_instru_embed"": null, ""dm_oper_main_age"": ""Irrg.& CAD Dept."", ""dm_sluice_purpose"": null, ""dm_inst_inter_ager"": null, ""dm_no_river_sluice"": null}}",2026-08-29T14:45:46.967391+00:00,2026-08-29T14:45:46.967391+00:00,0
74,AP_DAM_WRIS_AP01MH0022,Zurreru Dam,dam,TE,Kurnool,Irrg.& CAD Dept.,ACTIVE,CANDIDATE,1963,,,,103,0.8,False,2026-08-29T14:45:46.967391+00:00,2026-08-29T14:45:46.967391+00:00,,,,,NO_REAL_STRUCTURAL_LABEL,1,Zurreru Dam,dam,ap_dam_barrage_state_v1,"{""origin"": ""GOVERNMENT_DERIVED_MIRROR"", ""nrld_no"": ""AP01MH0022"", ""dam_type"": ""TE"", ""age_years"": 63.0, ""gate_type"": ""OT"", ""built_year"": 1963.0, ""gate_count"": 2.0, ""river_name"": ""Zurreru"", ""dam_height_m"": 16.0, ""dam_length_m"": 677.0, ""quality_flag"": ""SOURCE_PRESERVED"", ""seismic_zone"": ""Seismic Zone-II"", ""spillway_type"": null, ""structure_code"": ""D02661"", ""authority_level"": ""B2"", ""completion_year"": 1963.0, ""registry_status"": ""Completed"", ""spillway_level_m"": null, ""commencement_year"": null, ""spillway_length_m"": null, ""dam_volume_source_value"": 199.0, ""engineering_completeness"": 0.9, ""design_flood_source_value"": 589.83985975, ""engineering_fields_available"": 9.0, ""engineering_source_confidence"": 0.8, ""spillway_capacity_source_value"": 649.0}","{""manual_daily_reservoir_storage_mcm"": {""max"": 7.448, ""min"": 0.0, ""std"": 2.4012430544840773, ""mean"": 3.1937922960725076, ""count"": 2648, ""latest"": 1.6968, ""latest_zscore"": -0.6234238942521985, ""freshness_days"": 945.8696142734259}, ""manual_daily_reservoir_water_level_m"": {""max"": 2599.944, ""min"": 0.0, ""std"": 335.7174309691338, ""mean"": 391.4596675185857, ""count"": 4412, ""latest"": 258.561836, ""latest_zscore"": -0.39586217234816284, ""freshness_days"": 945.8696142734259}}",True,2026-09-03T04:52:14.819262+00:00,2,1,Zurreru Dam,dam,1,103,56,1963,,16.0,677.0,199.0,2,12.192 x 24.384,OT,589.83985975,649.0,,,,Zurreru,TE,Seismic Zone-II,Completed,AP01MH0022,D02661,Banganapalle,Irrg.& CAD Dept.,63.0,9,0.9,True,B2,GOVERNMENT_DERIVED_MIRROR,SOURCE_PRESERVED,0.8,2026-09-03T04:45:38.976858+00:00,1,1,103,ASSET_REGISTRY,wris_registry_record,,Zurreru Dam,,,,,,B2,GOVERNMENT_DERIVED_MIRROR,SOURCE_PRESERVED,0.8,False,False,False,AP state filter + external ID + spatial/name resolution,"{""geometry"": {""type"": ""Point"", ""coordinates"": [78.12610286, 15.32720653]}, ""properties"": {""class"": ""CLASS 3"", ""state"": ""AP"", ""bacode"": ""09"", ""dtcode"": ""Kurnool"", ""dam_vol"": ""199"", ""dm_name"": ""Zurreru Dam"", ""dm_type"": ""TE"", ""nrld_no"": ""AP01MH0022"", ""rivcode"": ""Zurreru"", ""dm_ncity"": ""Banganapalle"", ""objectid"": 1888, ""strucode"": ""D02661"", ""dm_cmn_yr"": null, ""dm_cmp_yr"": ""1963"", ""dm_coment"": ""Shutter type"", ""dm_height"": ""16"", ""dm_length"": ""677"", ""dm_status"": ""Completed"", ""dm_gate_no"": 2, ""dm_gate_sz"": ""12.192 x 24.384"", ""dm_flod_des"": ""589.83985975"", ""dm_gt_ungtd"": null, ""dm_mod_oper"": null, ""dm_ses_zone"": ""Seismic Zone-II"", ""dm_spil_cap"": 649.0, ""dm_spil_lev"": null, ""dm_gate_type"": ""OT"", ""dm_sluice_sz"": null, ""dm_spil_leng"": null, ""dm_spil_type"": null, ""dm_cn_gate_no"": null, ""dm_ener_dissp"": null, ""dm_inst_inter"": null, ""dm_perliament"": ""Nandyal"", ""dm_ph_gate_no"": null, ""dm_instru_embed"": null, ""dm_oper_main_age"": ""Irrg.& CAD Dept."", ""dm_sluice_purpose"": null, ""dm_inst_inter_ager"": null, ""dm_no_river_sluice"": null}}",2026-08-29T14:45:46.967391+00:00,2026-08-29T14:45:46.967391+00:00,0
75,AP_DAM_WRIS_D02672,Ghambiramgedda Dam,dam,TE,Visakhapatnam,,ACTIVE,CANDIDATE,1957,,,,103,0.8,False,2026-08-29T14:45:46.967391+00:00,2026-08-29T14:45:46.967391+00:00,,,,,NO_REAL_STRUCTURAL_LABEL,1,Ghambiramgedda Dam,dam,ap_dam_barrage_state_v1,"{""origin"": ""GOVERNMENT_DERIVED_MIRROR"", ""nrld_no"": null, ""dam_type"": ""TE"", ""age_years"": 69.0, ""gate_type"": null, ""built_year"": 1957.0, ""gate_count"": null, ""river_name"": ""Gambhiramgedda"", ""dam_height_m"": 13.0, ""dam_length_m"": 369.0, ""quality_flag"": ""SOURCE_PRESERVED"", ""seismic_zone"": ""Seismic Zone-II"", ""spillway_type"": null, ""structure_code"": ""D02672"", ""authority_level"": ""B2"", ""completion_year"": 1957.0, ""registry_status"": ""Completed"", ""spillway_level_m"": 37.49051307, ""commencement_year"": null, ""spillway_length_m"": null, ""dam_volume_source_value"": 173.0, ""engineering_completeness"": 0.9, ""design_flood_source_value"": 549.34677289, ""engineering_fields_available"": 9.0, ""engineering_source_confidence"": 0.8, ""spillway_capacity_source_value"": 550.0}",{},False,2026-09-03T04:52:14.819262+00:00,0,1,Ghambiramgedda Dam,dam,1,103,57,1957,,13.0,369.0,173.0,,,,549.34677289,550.0,37.49051307,,,Gambhiramgedda,TE,Seismic Zone-II,Completed,,D02672,Bhimunipatnam,,69.0,9,0.9,False,B2,GOVERNMENT_DERIVED_MIRROR,SOURCE_PRESERVED,0.8,2026-09-03T04:45:38.976858+00:00,1,1,103,ASSET_REGISTRY,wris_registry_record,,Ghambiramgedda Dam,,,,,,B2,GOVERNMENT_DERIVED_MIRROR,SOURCE_PRESERVED,0.8,False,False,False,AP state filter + external ID + spatial/name resolution,"{""geometry"": {""type"": ""Point"", ""coordinates"": [83.3522305, 17.87570318]}, ""properties"": {""class"": ""CLASS 3"", ""state"": ""AP"", ""bacode"": ""16"", ""dtcode"": ""Visakhapatnam"", ""dam_vol"": ""173"", ""dm_name"": ""Ghambiramgedda Dam"", ""dm_type"": ""TE"", ""nrld_no"": null, ""rivcode"": ""Gambhiramgedda"", ""dm_ncity"": ""Bhimunipatnam"", ""objectid"": 1889, ""strucode"": ""D02672"", ""dm_cmn_yr"": null, ""dm_cmp_yr"": ""1957"", ""dm_coment"": null, ""dm_height"": ""13"", ""dm_length"": ""369"", ""dm_status"": ""Completed"", ""dm_gate_no"": null, ""dm_gate_sz"": null, ""dm_flod_des"": ""549.34677289"", ""dm_gt_ungtd"": null, ""dm_mod_oper"": null, ""dm_ses_zone"": ""Seismic Zone-II"", ""dm_spil_cap"": 550.0, ""dm_spil_lev"": 37.49051307, ""dm_gate_type"": null, ""dm_sluice_sz"": null, ""dm_spil_leng"": null, ""dm_spil_type"": null, ""dm_cn_gate_no"": null, ""dm_ener_dissp"": null, ""dm_inst_inter"": null, ""dm_perliament"": ""Visakhapatnam"", ""dm_ph_gate_no"": null, ""dm_instru_embed"": null, ""dm_oper_main_age"": null, ""dm_sluice_purpose"": null, ""dm_inst_inter_ager"": null, ""dm_no_river_sluice"": null}}",2026-08-29T14:45:46.967391+00:00,2026-08-29T14:45:46.967391+00:00,0
76,AP_DAM_WRIS_AP01MH0010,Nakkalagandi Dam,dam,TE,Sri Potti Sriramulu Nellore,Irrg.& CAD Dept.,ACTIVE,CANDIDATE,1958,,,,103,0.8,False,2026-08-29T14:45:46.967391+00:00,2026-08-29T14:45:46.967391+00:00,,,,,NO_REAL_STRUCTURAL_LABEL,1,Nakkalagandi Dam,dam,ap_dam_barrage_state_v1,"{""origin"": ""GOVERNMENT_DERIVED_MIRROR"", ""nrld_no"": ""AP01MH0010"", ""dam_type"": ""TE"", ""age_years"": 68.0, ""gate_type"": null, ""built_year"": 1958.0, ""gate_count"": null, ""river_name"": ""Uppuvagu"", ""dam_height_m"": 15.0, ""dam_length_m"": 354.0, ""quality_flag"": ""SOURCE_PRESERVED"", ""seismic_zone"": ""Seismic Zone-II"", ""spillway_type"": null, ""structure_code"": ""D03220"", ""authority_level"": ""B2"", ""completion_year"": 1958.0, ""registry_status"": ""Completed"", ""spillway_level_m"": 113.39, ""commencement_year"": null, ""spillway_length_m"": null, ""dam_volume_source_value"": 875.0, ""engineering_completeness"": 0.9, ""design_flood_source_value"": 934.56, ""engineering_fields_available"": 9.0, ""engineering_source_confidence"": 0.8, ""spillway_capacity_source_value"": 340.0}",{},False,2026-09-03T04:52:14.819262+00:00,0,1,Nakkalagandi Dam,dam,1,103,58,1958,,15.0,354.0,875.0,,,,934.56,340.0,113.39,,,Uppuvagu,TE,Seismic Zone-II,Completed,AP01MH0010,D03220,Udayagiri,Irrg.& CAD Dept.,68.0,9,0.9,False,B2,GOVERNMENT_DERIVED_MIRROR,SOURCE_PRESERVED,0.8,2026-09-03T04:45:38.976858+00:00,1,1,103,ASSET_REGISTRY,wris_registry_record,,Nakkalagandi Dam,,,,,,B2,GOVERNMENT_DERIVED_MIRROR,SOURCE_PRESERVED,0.8,False,False,False,AP state filter + external ID + spatial/name resolution,"{""geometry"": {""type"": ""Point"", ""coordinates"": [79.37444669, 15.05772296]}, ""properties"": {""class"": ""CLASS 3"", ""state"": ""AP"", ""bacode"": ""16"", ""dtcode"": ""Sri Potti Sriramulu Nellore"", ""dam_vol"": ""875"", ""dm_name"": ""Nakkalagandi Dam"", ""dm_type"": ""TE"", ""nrld_no"": ""AP01MH0010"", ""rivcode"": ""Uppuvagu"", ""dm_ncity"": ""Udayagiri"", ""objectid"": 2015, ""strucode"": ""D03220"", ""dm_cmn_yr"": null, ""dm_cmp_yr"": ""1958"", ""dm_coment"": ""Total length of surplus weir: 100+60=160m"", ""dm_height"": ""15"", ""dm_length"": ""354"", ""dm_status"": ""Completed"", ""dm_gate_no"": null, ""dm_gate_sz"": null, ""dm_flod_des"": ""934.56"", ""dm_gt_ungtd"": null, ""dm_mod_oper"": null, ""dm_ses_zone"": ""Seismic Zone-II"", ""dm_spil_cap"": 340.0, ""dm_spil_lev"": 113.39, ""dm_gate_type"": null, ""dm_sluice_sz"": null, ""dm_spil_leng"": null, ""dm_spil_type"": null, ""dm_cn_gate_no"": null, ""dm_ener_dissp"": null, ""dm_inst_inter"": null, ""dm_perliament"": ""Nellore"", ""dm_ph_gate_no"": null, ""dm_instru_embed"": null, ""dm_oper_main_age"": ""Irrg.& CAD Dept."", ""dm_sluice_purpose"": null, ""dm_inst_inter_ager"": null, ""dm_no_river_sluice"": null}}",2026-08-29T14:45:46.967391+00:00,2026-08-29T14:45:46.967391+00:00,0
77,AP_DAM_WRIS_D03507,Gundlamotu Dam,dam,TE,Prakasam,,UNKNOWN,CANDIDATE,,,,,103,0.8,False,2026-08-29T14:45:46.967391+00:00,2026-08-29T14:45:46.967391+00:00,,,,,NO_REAL_STRUCTURAL_LABEL,1,Gundlamotu Dam,dam,ap_dam_barrage_state_v1,"{""origin"": ""GOVERNMENT_DERIVED_MIRROR"", ""nrld_no"": null, ""dam_type"": ""TE"", ""age_years"": null, ""gate_type"": ""OT"", ""built_year"": null, ""gate_count"": null, ""river_name"": null, ""dam_height_m"": 16.0, ""dam_length_m"": 605.0, ""quality_flag"": ""SOURCE_PRESERVED"", ""seismic_zone"": ""Seismic Zone-II"", ""spillway_type"": null, ""structure_code"": ""D03507"", ""authority_level"": ""B2"", ""completion_year"": null, ""registry_status"": null, ""spillway_level_m"": null, ""commencement_year"": null, ""spillway_length_m"": null, ""dam_volume_source_value"": null, ""engineering_completeness"": 0.5, ""design_flood_source_value"": null, ""engineering_fields_available"": 5.0, ""engineering_source_confidence"": 0.8, ""spillway_capacity_source_value"": 652.0}",{},False,2026-09-03T04:52:14.819262+00:00,0,1,Gundlamotu Dam,dam,1,103,59,,,16.0,605.0,,,,OT,,652.0,,,,,TE,Seismic Zone-II,,,D03507,Giddalur,,,5,0.5,False,B2,GOVERNMENT_DERIVED_MIRROR,SOURCE_PRESERVED,0.8,2026-09-03T04:45:38.976858+00:00,1,1,103,ASSET_REGISTRY,wris_registry_record,,Gundlamotu Dam,,,,,,B2,GOVERNMENT_DERIVED_MIRROR,SOURCE_PRESERVED,0.8,False,False,False,AP state filter + external ID + spatial/name resolution,"{""geometry"": {""type"": ""Point"", ""coordinates"": [78.81859319, 15.35489328]}, ""properties"": {""class"": ""CLASS 3"", ""state"": ""AP"", ""bacode"": ""09"", ""dtcode"": ""Prakasam"", ""dam_vol"": null, ""dm_name"": ""Gundlamotu Dam"", ""dm_type"": ""TE"", ""nrld_no"": null, ""rivcode"": null, ""dm_ncity"": ""Giddalur"", ""objectid"": 2237, ""strucode"": ""D03507"", ""dm_cmn_yr"": null, ""dm_cmp_yr"": null, ""dm_coment"": null, ""dm_height"": ""16"", ""dm_length"": ""605"", ""dm_status"": null, ""dm_gate_no"": null, ""dm_gate_sz"": null, ""dm_flod_des"": null, ""dm_gt_ungtd"": null, ""dm_mod_oper"": null, ""dm_ses_zone"": ""Seismic Zone-II"", ""dm_spil_cap"": 652.0, ""dm_spil_lev"": null, ""dm_gate_type"": ""OT"", ""dm_sluice_sz"": null, ""dm_spil_leng"": null, ""dm_spil_type"": null, ""dm_cn_gate_no"": null, ""dm_ener_dissp"": null, ""dm_inst_inter"": null, ""dm_perliament"": ""Ongole"", ""dm_ph_gate_no"": null, ""dm_instru_embed"": null, ""dm_oper_main_age"": null, ""dm_sluice_purpose"": null, ""dm_inst_inter_ager"": null, ""dm_no_river_sluice"": null}}",2026-08-29T14:45:46.967391+00:00,2026-08-29T14:45:46.967391+00:00,0
78,AP_DAM_WRIS_AP01LH0096,Haresamudram Big Dam,dam,TE,Anantapur,Irrg.& CAD Dept.,UNKNOWN,CANDIDATE,,,,,103,0.8,False,2026-08-29T14:45:46.967391+00:00,2026-08-29T14:45:46.967391+00:00,,,,,NO_REAL_STRUCTURAL_LABEL,1,Haresamudram Big Dam,dam,ap_dam_barrage_state_v1,"{""origin"": ""GOVERNMENT_DERIVED_MIRROR"", ""nrld_no"": ""AP01LH0096"", ""dam_type"": ""TE"", ""age_years"": null, ""gate_type"": ""LG"", ""built_year"": null, ""gate_count"": null, ""river_name"": null, ""dam_height_m"": 10.0, ""dam_length_m"": 1264.0, ""quality_flag"": ""SOURCE_PRESERVED"", ""seismic_zone"": ""Seismic Zone-II"", ""spillway_type"": null, ""structure_code"": ""D03517"", ""authority_level"": ""B2"", ""completion_year"": null, ""registry_status"": null, ""spillway_level_m"": null, ""commencement_year"": null, ""spillway_length_m"": null, ""dam_volume_source_value"": null, ""engineering_completeness"": 0.5, ""design_flood_source_value"": null, ""engineering_fields_available"": 5.0, ""engineering_source_confidence"": 0.8, ""spillway_capacity_source_value"": 206.0}",{},False,2026-09-03T04:52:14.819262+00:00,0,1,Haresamudram Big Dam,dam,1,103,60,,,10.0,1264.0,,,,LG,,206.0,,,,,TE,Seismic Zone-II,,AP01LH0096,D03517,Madakasira,Irrg.& CAD Dept.,,5,0.5,False,B2,GOVERNMENT_DERIVED_MIRROR,SOURCE_PRESERVED,0.8,2026-09-03T04:45:38.976858+00:00,1,1,103,ASSET_REGISTRY,wris_registry_record,,Haresamudram Big Dam,,,,,,B2,GOVERNMENT_DERIVED_MIRROR,SOURCE_PRESERVED,0.8,False,False,False,AP state filter + external ID + spatial/name resolution,"{""geometry"": {""type"": ""Point"", ""coordinates"": [77.29847333, 13.90717929]}, ""properties"": {""class"": ""CLASS 3"", ""state"": ""AP"", ""bacode"": ""09"", ""dtcode"": ""Anantapur"", ""dam_vol"": null, ""dm_name"": ""Haresamudram Big Dam"", ""dm_type"": ""TE"", ""nrld_no"": ""AP01LH0096"", ""rivcode"": null, ""dm_ncity"": ""Madakasira"", ""objectid"": 2245, ""strucode"": ""D03517"", ""dm_cmn_yr"": null, ""dm_cmp_yr"": null, ""dm_coment"": null, ""dm_height"": ""10"", ""dm_length"": ""1264"", ""dm_status"": null, ""dm_gate_no"": null, ""dm_gate_sz"": null, ""dm_flod_des"": null, ""dm_gt_ungtd"": null, ""dm_mod_oper"": null, ""dm_ses_zone"": ""Seismic Zone-II"", ""dm_spil_cap"": 206.0, ""dm_spil_lev"": null, ""dm_gate_type"": ""LG"", ""dm_sluice_sz"": null, ""dm_spil_leng"": null, ""dm_spil_type"": null, ""dm_cn_gate_no"": null, ""dm_ener_dissp"": null, ""dm_inst_inter"": null, ""dm_perliament"": ""Hindupur"", ""dm_ph_gate_no"": null, ""dm_instru_embed"": null, ""dm_oper_main_age"": ""Irrg.& CAD Dept."", ""dm_sluice_purpose"": null, ""dm_inst_inter_ager"": null, ""dm_no_river_sluice"": null}}",2026-08-29T14:45:46.967391+00:00,2026-08-29T14:45:46.967391+00:00,0
79,AP_DAM_WRIS_AP01_0131,Hiramandalam Dam,dam,TE + PG,Srikakulam,Irrg.& CAD Dept.,CONSTRUCTION,CANDIDATE,,,,,103,0.8,False,2026-08-29T14:45:46.967391+00:00,2026-08-29T14:45:46.967391+00:00,,,,,NO_REAL_STRUCTURAL_LABEL,1,Hiramandalam Dam,dam,ap_dam_barrage_state_v1,"{""origin"": ""GOVERNMENT_DERIVED_MIRROR"", ""nrld_no"": ""AP01**0131"", ""dam_type"": ""TE + PG"", ""age_years"": null, ""gate_type"": null, ""built_year"": null, ""gate_count"": null, ""river_name"": ""Vamsadhara"", ""dam_height_m"": null, ""dam_length_m"": 200.0, ""quality_flag"": ""SOURCE_PRESERVED"", ""seismic_zone"": ""Seismic Zone-II"", ""spillway_type"": null, ""structure_code"": ""D03520"", ""authority_level"": ""B2"", ""completion_year"": null, ""registry_status"": ""Under Construction"", ""spillway_level_m"": null, ""commencement_year"": null, ""spillway_length_m"": null, ""dam_volume_source_value"": null, ""engineering_completeness"": 0.5, ""design_flood_source_value"": null, ""engineering_fields_available"": 5.0, ""engineering_source_confidence"": 0.8, ""spillway_capacity_source_value"": 667.0}",{},False,2026-09-03T04:52:14.819262+00:00,0,1,Hiramandalam Dam,dam,1,103,61,,,,200.0,,,,,,667.0,,,,Vamsadhara,TE + PG,Seismic Zone-II,Under Construction,AP01**0131,D03520,Pathapatnam,Irrg.& CAD Dept.,,5,0.5,False,B2,GOVERNMENT_DERIVED_MIRROR,SOURCE_PRESERVED,0.8,2026-09-03T04:45:38.976858+00:00,1,1,103,ASSET_REGISTRY,wris_registry_record,,Hiramandalam Dam,,,,,,B2,GOVERNMENT_DERIVED_MIRROR,SOURCE_PRESERVED,0.8,False,False,False,AP state filter + external ID + spatial/name resolution,"{""geometry"": {""type"": ""Point"", ""coordinates"": [83.94647681, 18.66494367]}, ""properties"": {""class"": ""CLASS 3"", ""state"": ""AP"", ""bacode"": ""16"", ""dtcode"": ""Srikakulam"", ""dam_vol"": null, ""dm_name"": ""Hiramandalam Dam"", ""dm_type"": ""TE + PG"", ""nrld_no"": ""AP01**0131"", ""rivcode"": ""Vamsadhara"", ""dm_ncity"": ""Pathapatnam"", ""objectid"": 2247, ""strucode"": ""D03520"", ""dm_cmn_yr"": null, ""dm_cmp_yr"": null, ""dm_coment"": null, ""dm_height"": null, ""dm_length"": ""200"", ""dm_status"": ""Under Construction"", ""dm_gate_no"": null, ""dm_gate_sz"": null, ""dm_flod_des"": null, ""dm_gt_ungtd"": null, ""dm_mod_oper"": null, ""dm_ses_zone"": ""Seismic Zone-II"", ""dm_spil_cap"": 667.0, ""dm_spil_lev"": null, ""dm_gate_type"": null, ""dm_sluice_sz"": null, ""dm_spil_leng"": null, ""dm_spil_type"": null, ""dm_cn_gate_no"": null, ""dm_ener_dissp"": null, ""dm_inst_inter"": null, ""dm_perliament"": ""Srikakulam"", ""dm_ph_gate_no"": null, ""dm_instru_embed"": null, ""dm_oper_main_age"": ""Irrg.& CAD Dept."", ""dm_sluice_purpose"": null, ""dm_inst_inter_ager"": null, ""dm_no_river_sluice"": null}}",2026-08-29T14:45:46.967391+00:00,2026-08-29T14:45:46.967391+00:00,0
80,AP_DAM_WRIS_AP01LH0051,Jalakanur Dam,dam,TE,Kurnool,Irrg.& CAD Dept.,ACTIVE,CANDIDATE,1981,,,,103,0.8,False,2026-08-29T14:45:46.967391+00:00,2026-08-29T14:45:46.967391+00:00,,,,,NO_REAL_STRUCTURAL_LABEL,1,Jalakanur Dam,dam,ap_dam_barrage_state_v1,"{""origin"": ""GOVERNMENT_DERIVED_MIRROR"", ""nrld_no"": ""AP01LH0051"", ""dam_type"": ""TE"", ""age_years"": 45.0, ""gate_type"": null, ""built_year"": 1981.0, ""gate_count"": null, ""river_name"": ""Bodivagu"", ""dam_height_m"": 10.51, ""dam_length_m"": 7200.0, ""quality_flag"": ""SOURCE_PRESERVED"", ""seismic_zone"": ""Seismic Zone-II"", ""spillway_type"": null, ""structure_code"": ""D03566"", ""authority_level"": ""B2"", ""completion_year"": 1981.0, ""registry_status"": ""Completed"", ""spillway_level_m"": null, ""commencement_year"": null, ""spillway_length_m"": null, ""dam_volume_source_value"": null, ""engineering_completeness"": 0.7, ""design_flood_source_value"": null, ""engineering_fields_available"": 7.0, ""engineering_source_confidence"": 0.8, ""spillway_capacity_source_value"": 362.0}",{},False,2026-09-03T04:52:14.819262+00:00,0,1,Jalakanur Dam,dam,1,103,62,1981,,10.51,7200.0,,,,,,362.0,,,,Bodivagu,TE,Seismic Zone-II,Completed,AP01LH0051,D03566,Nandikotkur,Irrg.& CAD Dept.,45.0,7,0.7,False,B2,GOVERNMENT_DERIVED_MIRROR,SOURCE_PRESERVED,0.8,2026-09-03T04:45:38.976858+00:00,1,1,103,ASSET_REGISTRY,wris_registry_record,,Jalakanur Dam,,,,,,B2,GOVERNMENT_DERIVED_MIRROR,SOURCE_PRESERVED,0.8,False,False,False,AP state filter + external ID + spatial/name resolution,"{""geometry"": {""type"": ""Point"", ""coordinates"": [78.31117549, 15.72272933]}, ""properties"": {""class"": ""CLASS 3"", ""state"": ""AP"", ""bacode"": ""09"", ""dtcode"": ""Kurnool"", ""dam_vol"": null, ""dm_name"": ""Jalakanur Dam"", ""dm_type"": ""TE"", ""nrld_no"": ""AP01LH0051"", ""rivcode"": ""Bodivagu"", ""dm_ncity"": ""Nandikotkur"", ""objectid"": 2283, ""strucode"": ""D03566"", ""dm_cmn_yr"": null, ""dm_cmp_yr"": ""1981"", ""dm_coment"": null, ""dm_height"": ""10.51"", ""dm_length"": ""7200"", ""dm_status"": ""Completed"", ""dm_gate_no"": null, ""dm_gate_sz"": null, ""dm_flod_des"": null, ""dm_gt_ungtd"": null, ""dm_mod_oper"": null, ""dm_ses_zone"": ""Seismic Zone-II"", ""dm_spil_cap"": 362.0, ""dm_spil_lev"": null, ""dm_gate_type"": null, ""dm_sluice_sz"": null, ""dm_spil_leng"": null, ""dm_spil_type"": null, ""dm_cn_gate_no"": null, ""dm_ener_dissp"": null, ""dm_inst_inter"": null, ""dm_perliament"": ""Nandyal"", ""dm_ph_gate_no"": null, ""dm_instru_embed"": null, ""dm_oper_main_age"": ""Irrg.& CAD Dept."", ""dm_sluice_purpose"": null, ""dm_inst_inter_ager"": null, ""dm_no_river_sluice"": null}}",2026-08-29T14:45:46.967391+00:00,2026-08-29T14:45:46.967391+00:00,0
81,AP_DAM_WRIS_AP01LH0084,Akkapalem Dam,dam,TE,Krishna,Irrg.& CAD Dept.,UNKNOWN,CANDIDATE,,,,,103,0.8,False,2026-08-29T14:45:46.967391+00:00,2026-08-29T14:45:46.967391+00:00,,,,,NO_REAL_STRUCTURAL_LABEL,1,Akkapalem Dam,dam,ap_dam_barrage_state_v1,"{""origin"": ""GOVERNMENT_DERIVED_MIRROR"", ""nrld_no"": ""AP01LH0084"", ""dam_type"": ""TE"", ""age_years"": null, ""gate_type"": null, ""built_year"": null, ""gate_count"": null, ""river_name"": null, ""dam_height_m"": 11.1, ""dam_length_m"": 433.0, ""quality_flag"": ""SOURCE_PRESERVED"", ""seismic_zone"": ""Seismic Zone-III"", ""spillway_type"": null, ""structure_code"": ""D03322"", ""authority_level"": ""B2"", ""completion_year"": null, ""registry_status"": null, ""spillway_level_m"": null, ""commencement_year"": null, ""spillway_length_m"": null, ""dam_volume_source_value"": null, ""engineering_completeness"": 0.4, ""design_flood_source_value"": null, ""engineering_fields_available"": 4.0, ""engineering_source_confidence"": 0.8, ""spillway_capacity_source_value"": null}",{},False,2026-09-03T04:52:14.819262+00:00,0,1,Akkapalem Dam,dam,1,103,63,,,11.1,433.0,,,,,,,,,,,TE,Seismic Zone-III,,AP01LH0084,D03322,Tiruvuru,Irrg.& CAD Dept.,,4,0.4,False,B2,GOVERNMENT_DERIVED_MIRROR,SOURCE_PRESERVED,0.8,2026-09-03T04:45:38.976858+00:00,1,1,103,ASSET_REGISTRY,wris_registry_record,,Akkapalem Dam,,,,,,B2,GOVERNMENT_DERIVED_MIRROR,SOURCE_PRESERVED,0.8,False,False,False,AP state filter + external ID + spatial/name resolution,"{""geometry"": {""type"": ""Point"", ""coordinates"": [80.59027273, 17.13395618]}, ""properties"": {""class"": ""CLASS 3"", ""state"": ""AP"", ""bacode"": ""04"", ""dtcode"": ""Krishna"", ""dam_vol"": null, ""dm_name"": ""Akkapalem Dam"", ""dm_type"": ""TE"", ""nrld_no"": ""AP01LH0084"", ""rivcode"": null, ""dm_ncity"": ""Tiruvuru"", ""objectid"": 2414, ""strucode"": ""D03322"", ""dm_cmn_yr"": null, ""dm_cmp_yr"": null, ""dm_coment"": null, ""dm_height"": ""11.1"", ""dm_length"": ""433"", ""dm_status"": null, ""dm_gate_no"": null, ""dm_gate_sz"": null, ""dm_flod_des"": null, ""dm_gt_ungtd"": null, ""dm_mod_oper"": null, ""dm_ses_zone"": ""Seismic Zone-III"", ""dm_spil_cap"": null, ""dm_spil_lev"": null, ""dm_gate_type"": null, ""dm_sluice_sz"": null, ""dm_spil_leng"": null, ""dm_spil_type"": null, ""dm_cn_gate_no"": null, ""dm_ener_dissp"": null, ""dm_inst_inter"": null, ""dm_perliament"": ""Vijayawada"", ""dm_ph_gate_no"": null, ""dm_instru_embed"": null, ""dm_oper_main_age"": ""Irrg.& CAD Dept."", ""dm_sluice_purpose"": null, ""dm_inst_inter_ager"": null, ""dm_no_river_sluice"": null}}",2026-08-29T14:45:46.967391+00:00,2026-08-29T14:45:46.967391+00:00,0
82,AP_DAM_WRIS_AP01LH0085,Ananthasagarm Dam,dam,TE,Sri Potti Sriramulu Nellore,Irrg.& CAD Dept.,UNKNOWN,CANDIDATE,,,,,103,0.8,False,2026-08-29T14:45:46.967391+00:00,2026-08-29T14:45:46.967391+00:00,,,,,NO_REAL_STRUCTURAL_LABEL,1,Ananthasagarm Dam,dam,ap_dam_barrage_state_v1,"{""origin"": ""GOVERNMENT_DERIVED_MIRROR"", ""nrld_no"": ""AP01LH0085"", ""dam_type"": ""TE"", ""age_years"": null, ""gate_type"": null, ""built_year"": null, ""gate_count"": null, ""river_name"": ""Pennar"", ""dam_height_m"": 14.0, ""dam_length_m"": 3500.0, ""quality_flag"": ""SOURCE_PRESERVED"", ""seismic_zone"": ""Seismic Zone-II"", ""spillway_type"": null, ""structure_code"": ""D03338"", ""authority_level"": ""B2"", ""completion_year"": null, ""registry_status"": null, ""spillway_level_m"": null, ""commencement_year"": null, ""spillway_length_m"": null, ""dam_volume_source_value"": null, ""engineering_completeness"": 0.6, ""design_flood_source_value"": null, ""engineering_fields_available"": 6.0, ""engineering_source_confidence"": 0.8, ""spillway_capacity_source_value"": 339.0}",{},False,2026-09-03T04:52:14.819262+00:00,0,1,Ananthasagarm Dam,dam,1,103,64,,,14.0,3500.0,,,,,,339.0,,,,Pennar,TE,Seismic Zone-II,,AP01LH0085,D03338,Atmakur,Irrg.& CAD Dept.,,6,0.6,False,B2,GOVERNMENT_DERIVED_MIRROR,SOURCE_PRESERVED,0.8,2026-09-03T04:45:38.976858+00:00,1,1,103,ASSET_REGISTRY,wris_registry_record,,Ananthasagarm Dam,,,,,,B2,GOVERNMENT_DERIVED_MIRROR,SOURCE_PRESERVED,0.8,False,False,False,AP state filter + external ID + spatial/name resolution,"{""geometry"": {""type"": ""Point"", ""coordinates"": [79.38739583, 14.56027829]}, ""properties"": {""class"": ""CLASS 3"", ""state"": ""AP"", ""bacode"": ""09"", ""dtcode"": ""Sri Potti Sriramulu Nellore"", ""dam_vol"": null, ""dm_name"": ""Ananthasagarm Dam"", ""dm_type"": ""TE"", ""nrld_no"": ""AP01LH0085"", ""rivcode"": ""Pennar"", ""dm_ncity"": ""Atmakur"", ""objectid"": 2415, ""strucode"": ""D03338"", ""dm_cmn_yr"": null, ""dm_cmp_yr"": null, ""dm_coment"": null, ""dm_height"": ""14"", ""dm_length"": ""3500"", ""dm_status"": null, ""dm_gate_no"": null, ""dm_gate_sz"": null, ""dm_flod_des"": null, ""dm_gt_ungtd"": null, ""dm_mod_oper"": null, ""dm_ses_zone"": ""Seismic Zone-II"", ""dm_spil_cap"": 339.0, ""dm_spil_lev"": null, ""dm_gate_type"": null, ""dm_sluice_sz"": null, ""dm_spil_leng"": null, ""dm_spil_type"": null, ""dm_cn_gate_no"": null, ""dm_ener_dissp"": null, ""dm_inst_inter"": null, ""dm_perliament"": ""Nellore"", ""dm_ph_gate_no"": null, ""dm_instru_embed"": null, ""dm_oper_main_age"": ""Irrg.& CAD Dept."", ""dm_sluice_purpose"": null, ""dm_inst_inter_ager"": null, ""dm_no_river_sluice"": null}}",2026-08-29T14:45:46.967391+00:00,2026-08-29T14:45:46.967391+00:00,0
83,AP_DAM_WRIS_AP01HH0019,Buggavagu Dam,dam,TE,Guntur,Irrg.& CAD Dept.,ACTIVE,CANDIDATE,1961,,,,103,0.8,False,2026-08-29T14:45:46.967391+00:00,2026-08-29T14:45:46.967391+00:00,,,,,NO_REAL_STRUCTURAL_LABEL,1,Buggavagu Dam,dam,ap_dam_barrage_state_v1,"{""origin"": ""GOVERNMENT_DERIVED_MIRROR"", ""nrld_no"": ""AP01HH0019"", ""dam_type"": ""TE"", ""age_years"": 65.0, ""gate_type"": ""OT"", ""built_year"": 1961.0, ""gate_count"": 9.0, ""river_name"": ""Buggavagu"", ""dam_height_m"": 31.0, ""dam_length_m"": 2576.0, ""quality_flag"": ""SOURCE_PRESERVED"", ""seismic_zone"": ""Seismic Zone-II"", ""spillway_type"": null, ""structure_code"": ""D03378"", ""authority_level"": ""B2"", ""completion_year"": 1961.0, ""registry_status"": ""Completed"", ""spillway_level_m"": null, ""commencement_year"": null, ""spillway_length_m"": null, ""dam_volume_source_value"": 1983.0, ""engineering_completeness"": 0.8, ""design_flood_source_value"": null, ""engineering_fields_available"": 8.0, ""engineering_source_confidence"": 0.8, ""spillway_capacity_source_value"": 567.0}",{},False,2026-09-03T04:52:14.819262+00:00,0,1,Buggavagu Dam,dam,1,103,65,1961,,31.0,2576.0,1983.0,9,9.144 x 1.8288,OT,,567.0,,,,Buggavagu,TE,Seismic Zone-II,Completed,AP01HH0019,D03378,Guruzala,Irrg.& CAD Dept.,65.0,8,0.8,False,B2,GOVERNMENT_DERIVED_MIRROR,SOURCE_PRESERVED,0.8,2026-09-03T04:45:38.976858+00:00,1,1,103,ASSET_REGISTRY,wris_registry_record,,Buggavagu Dam,,,,,,B2,GOVERNMENT_DERIVED_MIRROR,SOURCE_PRESERVED,0.8,False,False,False,AP state filter + external ID + spatial/name resolution,"{""geometry"": {""type"": ""Point"", ""coordinates"": [79.53124211, 16.48199115]}, ""properties"": {""class"": ""CLASS 3"", ""state"": ""AP"", ""bacode"": ""04"", ""dtcode"": ""Guntur"", ""dam_vol"": ""1983"", ""dm_name"": ""Buggavagu Dam"", ""dm_type"": ""TE"", ""nrld_no"": ""AP01HH0019"", ""rivcode"": ""Buggavagu"", ""dm_ncity"": ""Guruzala"", ""objectid"": 2421, ""strucode"": ""D03378"", ""dm_cmn_yr"": null, ""dm_cmp_yr"": ""1961"", ""dm_coment"": ""Surplus regulator"", ""dm_height"": ""31"", ""dm_length"": ""2576"", ""dm_status"": ""Completed"", ""dm_gate_no"": 9, ""dm_gate_sz"": ""9.144 x 1.8288"", ""dm_flod_des"": null, ""dm_gt_ungtd"": null, ""dm_mod_oper"": null, ""dm_ses_zone"": ""Seismic Zone-II"", ""dm_spil_cap"": 567.0, ""dm_spil_lev"": null, ""dm_gate_type"": ""OT"", ""dm_sluice_sz"": null, ""dm_spil_leng"": null, ""dm_spil_type"": null, ""dm_cn_gate_no"": null, ""dm_ener_dissp"": null, ""dm_inst_inter"": null, ""dm_perliament"": ""Narasaraopet"", ""dm_ph_gate_no"": null, ""dm_instru_embed"": null, ""dm_oper_main_age"": ""Irrg.& CAD Dept."", ""dm_sluice_purpose"": null, ""dm_inst_inter_ager"": null, ""dm_no_river_sluice"": null}}",2026-08-29T14:45:46.967391+00:00,2026-08-29T14:45:46.967391+00:00,0
84,AP_DAM_WRIS_AP01LH0034,Bukkapatnam Dam,dam,TE,Anantapur,Irrg.& CAD Dept.,ACTIVE,CANDIDATE,1975,,,,103,0.8,False,2026-08-29T14:45:46.967391+00:00,2026-08-29T14:45:46.967391+00:00,,,,,NO_REAL_STRUCTURAL_LABEL,1,Bukkapatnam Dam,dam,ap_dam_barrage_state_v1,"{""origin"": ""GOVERNMENT_DERIVED_MIRROR"", ""nrld_no"": ""AP01LH0034"", ""dam_type"": ""TE"", ""age_years"": 51.0, ""gate_type"": null, ""built_year"": 1975.0, ""gate_count"": null, ""river_name"": null, ""dam_height_m"": 14.0, ""dam_length_m"": 6017.0, ""quality_flag"": ""SOURCE_PRESERVED"", ""seismic_zone"": ""Seismic Zone-II"", ""spillway_type"": null, ""structure_code"": ""D03381"", ""authority_level"": ""B2"", ""completion_year"": 1975.0, ""registry_status"": ""Completed"", ""spillway_level_m"": null, ""commencement_year"": null, ""spillway_length_m"": null, ""dam_volume_source_value"": null, ""engineering_completeness"": 0.6, ""design_flood_source_value"": null, ""engineering_fields_available"": 6.0, ""engineering_source_confidence"": 0.8, ""spillway_capacity_source_value"": 567.0}",{},False,2026-09-03T04:52:14.819262+00:00,0,1,Bukkapatnam Dam,dam,1,103,66,1975,,14.0,6017.0,,,,,,567.0,,,,,TE,Seismic Zone-II,Completed,AP01LH0034,D03381,Penukonda,Irrg.& CAD Dept.,51.0,6,0.6,False,B2,GOVERNMENT_DERIVED_MIRROR,SOURCE_PRESERVED,0.8,2026-09-03T04:45:38.976858+00:00,1,1,103,ASSET_REGISTRY,wris_registry_record,,Bukkapatnam Dam,,,,,,B2,GOVERNMENT_DERIVED_MIRROR,SOURCE_PRESERVED,0.8,False,False,False,AP state filter + external ID + spatial/name resolution,"{""geometry"": {""type"": ""Point"", ""coordinates"": [77.77219364, 14.18511928]}, ""properties"": {""class"": ""CLASS 3"", ""state"": ""AP"", ""bacode"": ""09"", ""dtcode"": ""Anantapur"", ""dam_vol"": null, ""dm_name"": ""Bukkapatnam Dam"", ""dm_type"": ""TE"", ""nrld_no"": ""AP01LH0034"", ""rivcode"": null, ""dm_ncity"": ""Penukonda"", ""objectid"": 2422, ""strucode"": ""D03381"", ""dm_cmn_yr"": null, ""dm_cmp_yr"": ""1975"", ""dm_coment"": null, ""dm_height"": ""14"", ""dm_length"": ""6017"", ""dm_status"": ""Completed"", ""dm_gate_no"": null, ""dm_gate_sz"": null, ""dm_flod_des"": null, ""dm_gt_ungtd"": null, ""dm_mod_oper"": null, ""dm_ses_zone"": ""Seismic Zone-II"", ""dm_spil_cap"": 567.0, ""dm_spil_lev"": null, ""dm_gate_type"": null, ""dm_sluice_sz"": null, ""dm_spil_leng"": null, ""dm_spil_type"": null, ""dm_cn_gate_no"": null, ""dm_ener_dissp"": null, ""dm_inst_inter"": null, ""dm_perliament"": ""Hindupur"", ""dm_ph_gate_no"": null, ""dm_instru_embed"": null, ""dm_oper_main_age"": ""Irrg.& CAD Dept."", ""dm_sluice_purpose"": null, ""dm_inst_inter_ager"": null, ""dm_no_river_sluice"": null}}",2026-08-29T14:45:46.967391+00:00,2026-08-29T14:45:46.967391+00:00,0
85,AP_DAM_WRIS_AP01MH0128,Chagallu Barrage Dam,dam,TE + PG,Anantapur,Irrg.& CAD Dept.,CONSTRUCTION,CANDIDATE,,,,,103,0.8,False,2026-08-29T14:45:46.967391+00:00,2026-08-29T14:45:46.967391+00:00,,,,,NO_REAL_STRUCTURAL_LABEL,1,Chagallu Barrage Dam,dam,ap_dam_barrage_state_v1,"{""origin"": ""GOVERNMENT_DERIVED_MIRROR"", ""nrld_no"": ""AP01MH0128"", ""dam_type"": ""TE + PG"", ""age_years"": null, ""gate_type"": null, ""built_year"": null, ""gate_count"": null, ""river_name"": ""Pennar"", ""dam_height_m"": 21.43, ""dam_length_m"": 291.5, ""quality_flag"": ""SOURCE_PRESERVED"", ""seismic_zone"": ""Seismic Zone-II"", ""spillway_type"": null, ""structure_code"": ""D03391"", ""authority_level"": ""B2"", ""completion_year"": null, ""registry_status"": ""Under Construction"", ""spillway_level_m"": null, ""commencement_year"": null, ""spillway_length_m"": null, ""dam_volume_source_value"": null, ""engineering_completeness"": 0.6, ""design_flood_source_value"": null, ""engineering_fields_available"": 6.0, ""engineering_source_confidence"": 0.8, ""spillway_capacity_source_value"": 9712.0}",{},False,2026-09-03T04:52:14.819262+00:00,0,1,Chagallu Barrage Dam,dam,1,103,67,,,21.43,291.5,,,,,,9712.0,,,,Pennar,TE + PG,Seismic Zone-II,Under Construction,AP01MH0128,D03391,Tadpatri,Irrg.& CAD Dept.,,6,0.6,False,B2,GOVERNMENT_DERIVED_MIRROR,SOURCE_PRESERVED,0.8,2026-09-03T04:45:38.976858+00:00,1,1,103,ASSET_REGISTRY,wris_registry_record,,Chagallu Barrage Dam,,,,,,B2,GOVERNMENT_DERIVED_MIRROR,SOURCE_PRESERVED,0.8,False,False,False,AP state filter + external ID + spatial/name resolution,"{""geometry"": {""type"": ""Point"", ""coordinates"": [77.82826904, 14.91831297]}, ""properties"": {""class"": ""CLASS 3"", ""state"": ""AP"", ""bacode"": ""09"", ""dtcode"": ""Anantapur"", ""dam_vol"": null, ""dm_name"": ""Chagallu Barrage Dam"", ""dm_type"": ""TE + PG"", ""nrld_no"": ""AP01MH0128"", ""rivcode"": ""Pennar"", ""dm_ncity"": ""Tadpatri"", ""objectid"": 2423, ""strucode"": ""D03391"", ""dm_cmn_yr"": null, ""dm_cmp_yr"": null, ""dm_coment"": null, ""dm_height"": ""21.43"", ""dm_length"": ""291.5"", ""dm_status"": ""Under Construction"", ""dm_gate_no"": null, ""dm_gate_sz"": null, ""dm_flod_des"": null, ""dm_gt_ungtd"": null, ""dm_mod_oper"": null, ""dm_ses_zone"": ""Seismic Zone-II"", ""dm_spil_cap"": 9712.0, ""dm_spil_lev"": null, ""dm_gate_type"": null, ""dm_sluice_sz"": null, ""dm_spil_leng"": null, ""dm_spil_type"": null, ""dm_cn_gate_no"": null, ""dm_ener_dissp"": null, ""dm_inst_inter"": null, ""dm_perliament"": ""Anantapur"", ""dm_ph_gate_no"": null, ""dm_instru_embed"": null, ""dm_oper_main_age"": ""Irrg.& CAD Dept."", ""dm_sluice_purpose"": null, ""dm_inst_inter_ager"": null, ""dm_no_river_sluice"": null}}",2026-08-29T14:45:46.967391+00:00,2026-08-29T14:45:46.967391+00:00,0
86,AP_DAM_WRIS_AP01LH0091,Chintakuntavagu Dam,dam,TE,Y.S.R.,Irrg.& CAD Dept.,UNKNOWN,CANDIDATE,,,,,103,0.8,False,2026-08-29T14:45:46.967391+00:00,2026-08-29T14:45:46.967391+00:00,,,,,NO_REAL_STRUCTURAL_LABEL,1,Chintakuntavagu Dam,dam,ap_dam_barrage_state_v1,"{""origin"": ""GOVERNMENT_DERIVED_MIRROR"", ""nrld_no"": ""AP01LH0091"", ""dam_type"": ""TE"", ""age_years"": null, ""gate_type"": null, ""built_year"": null, ""gate_count"": null, ""river_name"": ""Local Stream"", ""dam_height_m"": 13.0, ""dam_length_m"": 285.0, ""quality_flag"": ""SOURCE_PRESERVED"", ""seismic_zone"": ""Seismic Zone-II"", ""spillway_type"": null, ""structure_code"": ""D03411"", ""authority_level"": ""B2"", ""completion_year"": null, ""registry_status"": null, ""spillway_level_m"": null, ""commencement_year"": null, ""spillway_length_m"": null, ""dam_volume_source_value"": null, ""engineering_completeness"": 0.6, ""design_flood_source_value"": null, ""engineering_fields_available"": 6.0, ""engineering_source_confidence"": 0.8, ""spillway_capacity_source_value"": 66.0}",{},False,2026-09-03T04:52:14.819262+00:00,0,1,Chintakuntavagu Dam,dam,1,103,68,,,13.0,285.0,,,,,,66.0,,,,Local Stream,TE,Seismic Zone-II,,AP01LH0091,D03411,Jammalamadugu,Irrg.& CAD Dept.,,6,0.6,False,B2,GOVERNMENT_DERIVED_MIRROR,SOURCE_PRESERVED,0.8,2026-09-03T04:45:38.976858+00:00,1,1,103,ASSET_REGISTRY,wris_registry_record,,Chintakuntavagu Dam,,,,,,B2,GOVERNMENT_DERIVED_MIRROR,SOURCE_PRESERVED,0.8,False,False,False,AP state filter + external ID + spatial/name resolution,"{""geometry"": {""type"": ""Point"", ""coordinates"": [78.32099927, 14.69667139]}, ""properties"": {""class"": ""CLASS 3"", ""state"": ""AP"", ""bacode"": ""09"", ""dtcode"": ""Y.S.R."", ""dam_vol"": null, ""dm_name"": ""Chintakuntavagu Dam"", ""dm_type"": ""TE"", ""nrld_no"": ""AP01LH0091"", ""rivcode"": ""Local Stream"", ""dm_ncity"": ""Jammalamadugu"", ""objectid"": 2424, ""strucode"": ""D03411"", ""dm_cmn_yr"": null, ""dm_cmp_yr"": null, ""dm_coment"": null, ""dm_height"": ""13"", ""dm_length"": ""285"", ""dm_status"": null, ""dm_gate_no"": null, ""dm_gate_sz"": null, ""dm_flod_des"": null, ""dm_gt_ungtd"": null, ""dm_mod_oper"": null, ""dm_ses_zone"": ""Seismic Zone-II"", ""dm_spil_cap"": 66.0, ""dm_spil_lev"": null, ""dm_gate_type"": null, ""dm_sluice_sz"": null, ""dm_spil_leng"": null, ""dm_spil_type"": null, ""dm_cn_gate_no"": null, ""dm_ener_dissp"": null, ""dm_inst_inter"": null, ""dm_perliament"": ""Kadapa"", ""dm_ph_gate_no"": null, ""dm_instru_embed"": null, ""dm_oper_main_age"": ""Irrg.& CAD Dept."", ""dm_sluice_purpose"": null, ""dm_inst_inter_ager"": null, ""dm_no_river_sluice"": null}}",2026-08-29T14:45:46.967391+00:00,2026-08-29T14:45:46.967391+00:00,0
87,AP_DAM_WRIS_AP01LH0125,Dharmavaram Dam,dam,TE,Anantapur,Irrg.& CAD Dept.,UNKNOWN,CANDIDATE,,,,,103,0.8,False,2026-08-29T14:45:46.967391+00:00,2026-08-29T14:45:46.967391+00:00,,,,,NO_REAL_STRUCTURAL_LABEL,1,Dharmavaram Dam,dam,ap_dam_barrage_state_v1,"{""origin"": ""GOVERNMENT_DERIVED_MIRROR"", ""nrld_no"": ""AP01LH0125"", ""dam_type"": ""TE"", ""age_years"": null, ""gate_type"": null, ""built_year"": null, ""gate_count"": null, ""river_name"": null, ""dam_height_m"": 11.0, ""dam_length_m"": 6393.0, ""quality_flag"": ""SOURCE_PRESERVED"", ""seismic_zone"": ""Seismic Zone-II"", ""spillway_type"": null, ""structure_code"": ""D03453"", ""authority_level"": ""B2"", ""completion_year"": null, ""registry_status"": null, ""spillway_level_m"": null, ""commencement_year"": null, ""spillway_length_m"": null, ""dam_volume_source_value"": null, ""engineering_completeness"": 0.5, ""design_flood_source_value"": null, ""engineering_fields_available"": 5.0, ""engineering_source_confidence"": 0.8, ""spillway_capacity_source_value"": 27402.0}",{},False,2026-09-03T04:52:14.819262+00:00,0,1,Dharmavaram Dam,dam,1,103,69,,,11.0,6393.0,,,,,,27402.0,,,,,TE,Seismic Zone-II,,AP01LH0125,D03453,Dharmavaram,Irrg.& CAD Dept.,,5,0.5,False,B2,GOVERNMENT_DERIVED_MIRROR,SOURCE_PRESERVED,0.8,2026-09-03T04:45:38.976858+00:00,1,1,103,ASSET_REGISTRY,wris_registry_record,,Dharmavaram Dam,,,,,,B2,GOVERNMENT_DERIVED_MIRROR,SOURCE_PRESERVED,0.8,False,False,False,AP state filter + external ID + spatial/name resolution,"{""geometry"": {""type"": ""Point"", ""coordinates"": [77.74328411, 14.39855365]}, ""properties"": {""class"": ""CLASS 3"", ""state"": ""AP"", ""bacode"": ""09"", ""dtcode"": ""Anantapur"", ""dam_vol"": null, ""dm_name"": ""Dharmavaram Dam"", ""dm_type"": ""TE"", ""nrld_no"": ""AP01LH0125"", ""rivcode"": null, ""dm_ncity"": ""Dharmavaram"", ""objectid"": 2451, ""strucode"": ""D03453"", ""dm_cmn_yr"": null, ""dm_cmp_yr"": null, ""dm_coment"": null, ""dm_height"": ""11"", ""dm_length"": ""6393"", ""dm_status"": null, ""dm_gate_no"": null, ""dm_gate_sz"": null, ""dm_flod_des"": null, ""dm_gt_ungtd"": null, ""dm_mod_oper"": null, ""dm_ses_zone"": ""Seismic Zone-II"", ""dm_spil_cap"": 27402.0, ""dm_spil_lev"": null, ""dm_gate_type"": null, ""dm_sluice_sz"": null, ""dm_spil_leng"": null, ""dm_spil_type"": null, ""dm_cn_gate_no"": null, ""dm_ener_dissp"": null, ""dm_inst_inter"": null, ""dm_perliament"": ""Hindupur"", ""dm_ph_gate_no"": null, ""dm_instru_embed"": null, ""dm_oper_main_age"": ""Irrg.& CAD Dept."", ""dm_sluice_purpose"": null, ""dm_inst_inter_ager"": null, ""dm_no_river_sluice"": null}}",2026-08-29T14:45:46.967391+00:00,2026-08-29T14:45:46.967391+00:00,0
88,AP_DAM_WRIS_AP01HH0057,Donkarai ( S.H.E.S),dam,PG,Malkangiri,APGENCO,ACTIVE,CANDIDATE,1983,,,,103,0.8,False,2026-08-29T14:45:46.967391+00:00,2026-08-29T14:45:46.967391+00:00,,,,,NO_REAL_STRUCTURAL_LABEL,1,Donkarai ( S.H.E.S),dam,ap_dam_barrage_state_v1,"{""origin"": ""GOVERNMENT_DERIVED_MIRROR"", ""nrld_no"": ""AP01HH0057"", ""dam_type"": ""PG"", ""age_years"": 43.0, ""gate_type"": ""RD"", ""built_year"": 1983.0, ""gate_count"": 12.0, ""river_name"": ""Sileru"", ""dam_height_m"": 71.0, ""dam_length_m"": 1398.0, ""quality_flag"": ""SOURCE_PRESERVED"", ""seismic_zone"": ""Seismic Zone-II"", ""spillway_type"": null, ""structure_code"": ""D03456"", ""authority_level"": ""B2"", ""completion_year"": 1983.0, ""registry_status"": ""Completed"", ""spillway_level_m"": 303.88651652, ""commencement_year"": null, ""spillway_length_m"": 598.7, ""dam_volume_source_value"": 2038.0, ""engineering_completeness"": 1.0, ""design_flood_source_value"": 7850.0, ""engineering_fields_available"": 10.0, ""engineering_source_confidence"": 0.8, ""spillway_capacity_source_value"": 15593.0}",{},False,2026-09-03T04:52:14.819262+00:00,0,1,Donkarai ( S.H.E.S),dam,1,103,70,1983,,71.0,1398.0,2038.0,12,12.4968 x 12.4968,RD,7850.0,15593.0,303.88651652,598.7,,Sileru,PG,Seismic Zone-II,Completed,AP01HH0057,D03456,Malakanagiri,APGENCO,43.0,10,1.0,False,B2,GOVERNMENT_DERIVED_MIRROR,SOURCE_PRESERVED,0.8,2026-09-03T04:45:38.976858+00:00,1,1,103,ASSET_REGISTRY,wris_registry_record,,Donkarai ( S.H.E.S),,,,,,B2,GOVERNMENT_DERIVED_MIRROR,SOURCE_PRESERVED,0.8,False,False,False,AP state filter + external ID + spatial/name resolution,"{""geometry"": {""type"": ""Point"", ""coordinates"": [81.79511466, 17.93429283]}, ""properties"": {""class"": ""CLASS 3"", ""state"": ""AP"", ""bacode"": ""03"", ""dtcode"": ""Malkangiri"", ""dam_vol"": ""2038"", ""dm_name"": ""Donkarai ( S.H.E.S)"", ""dm_type"": ""PG"", ""nrld_no"": ""AP01HH0057"", ""rivcode"": ""Sileru"", ""dm_ncity"": ""Malakanagiri"", ""objectid"": 2452, ""strucode"": ""D03456"", ""dm_cmn_yr"": null, ""dm_cmp_yr"": ""1983"", ""dm_coment"": null, ""dm_height"": ""71"", ""dm_length"": ""1398"", ""dm_status"": ""Completed"", ""dm_gate_no"": 12, ""dm_gate_sz"": ""12.4968 x 12.4968"", ""dm_flod_des"": ""7850"", ""dm_gt_ungtd"": null, ""dm_mod_oper"": null, ""dm_ses_zone"": ""Seismic Zone-II"", ""dm_spil_cap"": 15593.0, ""dm_spil_lev"": 303.88651652, ""dm_gate_type"": ""RD"", ""dm_sluice_sz"": null, ""dm_spil_leng"": ""598.7"", ""dm_spil_type"": null, ""dm_cn_gate_no"": null, ""dm_ener_dissp"": null, ""dm_inst_inter"": null, ""dm_perliament"": ""Nabarangapur"", ""dm_ph_gate_no"": null, ""dm_instru_embed"": null, ""dm_oper_main_age"": ""APGENCO"", ""dm_sluice_purpose"": null, ""dm_inst_inter_ager"": null, ""dm_no_river_sluice"": null}}",2026-08-29T14:45:46.967391+00:00,2026-08-29T14:45:46.967391+00:00,3
89,AP_DAM_WRIS_TL47HH0060,Forebay Lower Sileru ( S.H.E.S) Dam,dam,TE,Khammam,APGENCO,ACTIVE,CANDIDATE,1978,,,,103,0.8,False,2026-08-29T14:45:46.967391+00:00,2026-08-29T14:45:46.967391+00:00,,,,,NO_REAL_STRUCTURAL_LABEL,1,Forebay Lower Sileru ( S.H.E.S) Dam,dam,ap_dam_barrage_state_v1,"{""origin"": ""GOVERNMENT_DERIVED_MIRROR"", ""nrld_no"": ""TL47HH0060"", ""dam_type"": ""TE"", ""age_years"": 48.0, ""gate_type"": ""OT"", ""built_year"": 1978.0, ""gate_count"": null, ""river_name"": ""Sileru"", ""dam_height_m"": 67.0, ""dam_length_m"": 548.0, ""quality_flag"": ""SOURCE_PRESERVED"", ""seismic_zone"": ""Seismic Zone-II"", ""spillway_type"": null, ""structure_code"": ""D03466"", ""authority_level"": ""B2"", ""completion_year"": 1978.0, ""registry_status"": ""Completed"", ""spillway_level_m"": 930.0, ""commencement_year"": null, ""spillway_length_m"": null, ""dam_volume_source_value"": 2669.0, ""engineering_completeness"": 0.8, ""design_flood_source_value"": 167.0, ""engineering_fields_available"": 8.0, ""engineering_source_confidence"": 0.8, ""spillway_capacity_source_value"": null}",{},False,2026-09-03T04:52:14.819262+00:00,0,1,Forebay Lower Sileru ( S.H.E.S) Dam,dam,1,103,71,1978,,67.0,548.0,2669.0,,,OT,167.0,,930.0,,,Sileru,TE,Seismic Zone-II,Completed,TL47HH0060,D03466,Bhadrachalam,APGENCO,48.0,8,0.8,False,B2,GOVERNMENT_DERIVED_MIRROR,SOURCE_PRESERVED,0.8,2026-09-03T04:45:38.976858+00:00,1,1,103,ASSET_REGISTRY,wris_registry_record,,Forebay Lower Sileru ( S.H.E.S) Dam,,,,,,B2,GOVERNMENT_DERIVED_MIRROR,SOURCE_PRESERVED,0.8,False,False,False,AP state filter + external ID + spatial/name resolution,"{""geometry"": {""type"": ""Point"", ""coordinates"": [81.70191883, 17.8651526]}, ""properties"": {""class"": ""CLASS 3"", ""state"": ""AP"", ""bacode"": ""03"", ""dtcode"": ""Khammam"", ""dam_vol"": ""2669"", ""dm_name"": ""Forebay Lower Sileru ( S.H.E.S) Dam"", ""dm_type"": ""TE"", ""nrld_no"": ""TL47HH0060"", ""rivcode"": ""Sileru"", ""dm_ncity"": ""Bhadrachalam"", ""objectid"": 2457, ""strucode"": ""D03466"", ""dm_cmn_yr"": null, ""dm_cmp_yr"": ""1978"", ""dm_coment"": null, ""dm_height"": ""67"", ""dm_length"": ""548"", ""dm_status"": ""Completed"", ""dm_gate_no"": null, ""dm_gate_sz"": null, ""dm_flod_des"": ""167"", ""dm_gt_ungtd"": null, ""dm_mod_oper"": null, ""dm_ses_zone"": ""Seismic Zone-II"", ""dm_spil_cap"": null, ""dm_spil_lev"": 930.0, ""dm_gate_type"": ""OT"", ""dm_sluice_sz"": null, ""dm_spil_leng"": null, ""dm_spil_type"": null, ""dm_cn_gate_no"": null, ""dm_ener_dissp"": null, ""dm_inst_inter"": null, ""dm_perliament"": ""Mahabubabad"", ""dm_ph_gate_no"": null, ""dm_instru_embed"": null, ""dm_oper_main_age"": ""APGENCO"", ""dm_sluice_purpose"": null, ""dm_inst_inter_ager"": null, ""dm_no_river_sluice"": null}}",2026-08-29T14:45:46.967391+00:00,2026-08-29T14:45:46.967391+00:00,0
90,AP_DAM_WRIS_AP01MH0092,Gandicheruvu (Dist-Prakasam) Dam,dam,TE,Prakasam,Irrg.& CAD Dept.,UNKNOWN,CANDIDATE,,,,,103,0.8,False,2026-08-29T14:45:46.967391+00:00,2026-08-29T14:45:46.967391+00:00,,,,,NO_REAL_STRUCTURAL_LABEL,1,Gandicheruvu (Dist-Prakasam) Dam,dam,ap_dam_barrage_state_v1,"{""origin"": ""GOVERNMENT_DERIVED_MIRROR"", ""nrld_no"": ""AP01MH0092"", ""dam_type"": ""TE"", ""age_years"": null, ""gate_type"": ""OT"", ""built_year"": null, ""gate_count"": null, ""river_name"": null, ""dam_height_m"": 26.69, ""dam_length_m"": 240.0, ""quality_flag"": ""SOURCE_PRESERVED"", ""seismic_zone"": ""Seismic Zone-II"", ""spillway_type"": null, ""structure_code"": ""D03474"", ""authority_level"": ""B2"", ""completion_year"": null, ""registry_status"": null, ""spillway_level_m"": null, ""commencement_year"": null, ""spillway_length_m"": null, ""dam_volume_source_value"": null, ""engineering_completeness"": 0.5, ""design_flood_source_value"": null, ""engineering_fields_available"": 5.0, ""engineering_source_confidence"": 0.8, ""spillway_capacity_source_value"": 255.0}",{},False,2026-09-03T04:52:14.819262+00:00,0,1,Gandicheruvu (Dist-Prakasam) Dam,dam,1,103,72,,,26.69,240.0,,,,OT,,255.0,,,,,TE,Seismic Zone-II,,AP01MH0092,D03474,Markapur,Irrg.& CAD Dept.,,5,0.5,False,B2,GOVERNMENT_DERIVED_MIRROR,SOURCE_PRESERVED,0.8,2026-09-03T04:45:38.976858+00:00,1,1,103,ASSET_REGISTRY,wris_registry_record,,Gandicheruvu (Dist-Prakasam) Dam,,,,,,B2,GOVERNMENT_DERIVED_MIRROR,SOURCE_PRESERVED,0.8,False,False,False,AP state filter + external ID + spatial/name resolution,"{""geometry"": {""type"": ""Point"", ""coordinates"": [79.19397414, 16.07975491]}, ""properties"": {""class"": ""CLASS 3"", ""state"": ""AP"", ""bacode"": ""16"", ""dtcode"": ""Prakasam"", ""dam_vol"": null, ""dm_name"": ""Gandicheruvu (Dist-Prakasam) Dam"", ""dm_type"": ""TE"", ""nrld_no"": ""AP01MH0092"", ""rivcode"": null, ""dm_ncity"": ""Markapur"", ""objectid"": 2465, ""strucode"": ""D03474"", ""dm_cmn_yr"": null, ""dm_cmp_yr"": null, ""dm_coment"": null, ""dm_height"": ""26.69"", ""dm_length"": ""240"", ""dm_status"": null, ""dm_gate_no"": null, ""dm_gate_sz"": null, ""dm_flod_des"": null, ""dm_gt_ungtd"": null, ""dm_mod_oper"": null, ""dm_ses_zone"": ""Seismic Zone-II"", ""dm_spil_cap"": 255.0, ""dm_spil_lev"": null, ""dm_gate_type"": ""OT"", ""dm_sluice_sz"": null, ""dm_spil_leng"": null, ""dm_spil_type"": null, ""dm_cn_gate_no"": null, ""dm_ener_dissp"": null, ""dm_inst_inter"": null, ""dm_perliament"": ""Ongole"", ""dm_ph_gate_no"": null, ""dm_instru_embed"": null, ""dm_oper_main_age"": ""Irrg.& CAD Dept."", ""dm_sluice_purpose"": null, ""dm_inst_inter_ager"": null, ""dm_no_river_sluice"": null}}",2026-08-29T14:45:46.967391+00:00,2026-08-29T14:45:46.967391+00:00,0
91,AP_DAM_WRIS_AP01LH0104,Panthulu Cheruvu Dam,dam,TE,Anantapur,Irrg.& CAD Dept.,UNKNOWN,CANDIDATE,,,,,103,0.8,False,2026-08-29T14:45:46.967391+00:00,2026-08-29T14:45:46.967391+00:00,,,,,NO_REAL_STRUCTURAL_LABEL,1,Panthulu Cheruvu Dam,dam,ap_dam_barrage_state_v1,"{""origin"": ""GOVERNMENT_DERIVED_MIRROR"", ""nrld_no"": ""AP01LH0104"", ""dam_type"": ""TE"", ""age_years"": null, ""gate_type"": ""LG"", ""built_year"": null, ""gate_count"": null, ""river_name"": null, ""dam_height_m"": 12.0, ""dam_length_m"": 923.0, ""quality_flag"": ""SOURCE_PRESERVED"", ""seismic_zone"": ""Seismic Zone-II"", ""spillway_type"": null, ""structure_code"": ""D03914"", ""authority_level"": ""B2"", ""completion_year"": null, ""registry_status"": null, ""spillway_level_m"": null, ""commencement_year"": null, ""spillway_length_m"": null, ""dam_volume_source_value"": null, ""engineering_completeness"": 0.5, ""design_flood_source_value"": null, ""engineering_fields_available"": 5.0, ""engineering_source_confidence"": 0.8, ""spillway_capacity_source_value"": 140.0}",{},False,2026-09-03T04:52:14.819262+00:00,0,1,Panthulu Cheruvu Dam,dam,1,103,73,,,12.0,923.0,,,,LG,,140.0,,,,,TE,Seismic Zone-II,,AP01LH0104,D03914,Kadiri,Irrg.& CAD Dept.,,5,0.5,False,B2,GOVERNMENT_DERIVED_MIRROR,SOURCE_PRESERVED,0.8,2026-09-03T04:45:38.976858+00:00,1,1,103,ASSET_REGISTRY,wris_registry_record,,Panthulu Cheruvu Dam,,,,,,B2,GOVERNMENT_DERIVED_MIRROR,SOURCE_PRESERVED,0.8,False,False,False,AP state filter + external ID + spatial/name resolution,"{""geometry"": {""type"": ""Point"", ""coordinates"": [78.1465663, 14.04016839]}, ""properties"": {""class"": ""CLASS 3"", ""state"": ""AP"", ""bacode"": ""09"", ""dtcode"": ""Anantapur"", ""dam_vol"": null, ""dm_name"": ""Panthulu Cheruvu Dam"", ""dm_type"": ""TE"", ""nrld_no"": ""AP01LH0104"", ""rivcode"": null, ""dm_ncity"": ""Kadiri"", ""objectid"": 2522, ""strucode"": ""D03914"", ""dm_cmn_yr"": null, ""dm_cmp_yr"": null, ""dm_coment"": null, ""dm_height"": ""12"", ""dm_length"": ""923"", ""dm_status"": null, ""dm_gate_no"": null, ""dm_gate_sz"": null, ""dm_flod_des"": null, ""dm_gt_ungtd"": null, ""dm_mod_oper"": null, ""dm_ses_zone"": ""Seismic Zone-II"", ""dm_spil_cap"": 140.0, ""dm_spil_lev"": null, ""dm_gate_type"": ""LG"", ""dm_sluice_sz"": null, ""dm_spil_leng"": null, ""dm_spil_type"": null, ""dm_cn_gate_no"": null, ""dm_ener_dissp"": null, ""dm_inst_inter"": null, ""dm_perliament"": ""Hindupur"", ""dm_ph_gate_no"": null, ""dm_instru_embed"": null, ""dm_oper_main_age"": ""Irrg.& CAD Dept."", ""dm_sluice_purpose"": null, ""dm_inst_inter_ager"": null, ""dm_no_river_sluice"": null}}",2026-08-29T14:45:46.967391+00:00,2026-08-29T14:45:46.967391+00:00,0
92,AP_DAM_WRIS_AP01LH0106,Paya Cheruvu Dam,dam,TE,Chittoor,Irrg.& CAD Dept.,UNKNOWN,CANDIDATE,,,,,103,0.8,False,2026-08-29T14:45:46.967391+00:00,2026-08-29T14:45:46.967391+00:00,,,,,NO_REAL_STRUCTURAL_LABEL,1,Paya Cheruvu Dam,dam,ap_dam_barrage_state_v1,"{""origin"": ""GOVERNMENT_DERIVED_MIRROR"", ""nrld_no"": ""AP01LH0106"", ""dam_type"": ""TE"", ""age_years"": null, ""gate_type"": null, ""built_year"": null, ""gate_count"": null, ""river_name"": null, ""dam_height_m"": 14.0, ""dam_length_m"": 200.0, ""quality_flag"": ""SOURCE_PRESERVED"", ""seismic_zone"": ""Seismic Zone-II"", ""spillway_type"": null, ""structure_code"": ""D03922"", ""authority_level"": ""B2"", ""completion_year"": null, ""registry_status"": null, ""spillway_level_m"": null, ""commencement_year"": null, ""spillway_length_m"": null, ""dam_volume_source_value"": null, ""engineering_completeness"": 0.4, ""design_flood_source_value"": null, ""engineering_fields_available"": 4.0, ""engineering_source_confidence"": 0.8, ""spillway_capacity_source_value"": null}",{},False,2026-09-03T04:52:14.819262+00:00,0,1,Paya Cheruvu Dam,dam,1,103,74,,,14.0,200.0,,,,,,,,,,,TE,Seismic Zone-II,,AP01LH0106,D03922,Punganuru,Irrg.& CAD Dept.,,4,0.4,False,B2,GOVERNMENT_DERIVED_MIRROR,SOURCE_PRESERVED,0.8,2026-09-03T04:45:38.976858+00:00,1,1,103,ASSET_REGISTRY,wris_registry_record,,Paya Cheruvu Dam,,,,,,B2,GOVERNMENT_DERIVED_MIRROR,SOURCE_PRESERVED,0.8,False,False,False,AP state filter + external ID + spatial/name resolution,"{""geometry"": {""type"": ""Point"", ""coordinates"": [78.44984365, 13.44169496]}, ""properties"": {""class"": ""CLASS 3"", ""state"": ""AP"", ""bacode"": ""09"", ""dtcode"": ""Chittoor"", ""dam_vol"": null, ""dm_name"": ""Paya Cheruvu Dam"", ""dm_type"": ""TE"", ""nrld_no"": ""AP01LH0106"", ""rivcode"": null, ""dm_ncity"": ""Punganuru"", ""objectid"": 2531, ""strucode"": ""D03922"", ""dm_cmn_yr"": null, ""dm_cmp_yr"": null, ""dm_coment"": null, ""dm_height"": ""14"", ""dm_length"": ""200"", ""dm_status"": null, ""dm_gate_no"": null, ""dm_gate_sz"": null, ""dm_flod_des"": null, ""dm_gt_ungtd"": null, ""dm_mod_oper"": null, ""dm_ses_zone"": ""Seismic Zone-II"", ""dm_spil_cap"": null, ""dm_spil_lev"": null, ""dm_gate_type"": null, ""dm_sluice_sz"": null, ""dm_spil_leng"": null, ""dm_spil_type"": null, ""dm_cn_gate_no"": null, ""dm_ener_dissp"": null, ""dm_inst_inter"": null, ""dm_perliament"": ""Rajampet"", ""dm_ph_gate_no"": null, ""dm_instru_embed"": null, ""dm_oper_main_age"": ""Irrg.& CAD Dept."", ""dm_sluice_purpose"": null, ""dm_inst_inter_ager"": null, ""dm_no_river_sluice"": null}}",2026-08-29T14:45:46.967391+00:00,2026-08-29T14:45:46.967391+00:00,0
93,AP_DAM_WRIS_AP01LH0070,Pedaballi Dam,dam,TE,Anantapur,Irrg.& CAD Dept.,ACTIVE,CANDIDATE,2000,,,,103,0.8,False,2026-08-29T14:45:46.967391+00:00,2026-08-29T14:45:46.967391+00:00,,,,,NO_REAL_STRUCTURAL_LABEL,1,Pedaballi Dam,dam,ap_dam_barrage_state_v1,"{""origin"": ""GOVERNMENT_DERIVED_MIRROR"", ""nrld_no"": ""AP01LH0070"", ""dam_type"": ""TE"", ""age_years"": 26.0, ""gate_type"": null, ""built_year"": 2000.0, ""gate_count"": null, ""river_name"": null, ""dam_height_m"": 12.0, ""dam_length_m"": 149.0, ""quality_flag"": ""SOURCE_PRESERVED"", ""seismic_zone"": ""Seismic Zone-II"", ""spillway_type"": null, ""structure_code"": ""D03927"", ""authority_level"": ""B2"", ""completion_year"": 2000.0, ""registry_status"": ""Completed"", ""spillway_level_m"": null, ""commencement_year"": null, ""spillway_length_m"": null, ""dam_volume_source_value"": null, ""engineering_completeness"": 0.6, ""design_flood_source_value"": null, ""engineering_fields_available"": 6.0, ""engineering_source_confidence"": 0.8, ""spillway_capacity_source_value"": 2.0}",{},False,2026-09-03T04:52:14.819262+00:00,0,1,Pedaballi Dam,dam,1,103,75,2000,,12.0,149.0,,,,,,2.0,,,,,TE,Seismic Zone-II,Completed,AP01LH0070,D03927,Kadiri,Irrg.& CAD Dept.,26.0,6,0.6,False,B2,GOVERNMENT_DERIVED_MIRROR,SOURCE_PRESERVED,0.8,2026-09-03T04:45:38.976858+00:00,1,1,103,ASSET_REGISTRY,wris_registry_record,,Pedaballi Dam,,,,,,B2,GOVERNMENT_DERIVED_MIRROR,SOURCE_PRESERVED,0.8,False,False,False,AP state filter + external ID + spatial/name resolution,"{""geometry"": {""type"": ""Point"", ""coordinates"": [78.38503034, 13.96924829]}, ""properties"": {""class"": ""CLASS 3"", ""state"": ""AP"", ""bacode"": ""09"", ""dtcode"": ""Anantapur"", ""dam_vol"": null, ""dm_name"": ""Pedaballi Dam"", ""dm_type"": ""TE"", ""nrld_no"": ""AP01LH0070"", ""rivcode"": null, ""dm_ncity"": ""Kadiri"", ""objectid"": 2536, ""strucode"": ""D03927"", ""dm_cmn_yr"": null, ""dm_cmp_yr"": ""2000"", ""dm_coment"": null, ""dm_height"": ""12"", ""dm_length"": ""149"", ""dm_status"": ""Completed"", ""dm_gate_no"": null, ""dm_gate_sz"": null, ""dm_flod_des"": null, ""dm_gt_ungtd"": null, ""dm_mod_oper"": null, ""dm_ses_zone"": ""Seismic Zone-II"", ""dm_spil_cap"": 2.0, ""dm_spil_lev"": null, ""dm_gate_type"": null, ""dm_sluice_sz"": null, ""dm_spil_leng"": null, ""dm_spil_type"": null, ""dm_cn_gate_no"": null, ""dm_ener_dissp"": null, ""dm_inst_inter"": null, ""dm_perliament"": ""Hindupur"", ""dm_ph_gate_no"": null, ""dm_instru_embed"": null, ""dm_oper_main_age"": ""Irrg.& CAD Dept."", ""dm_sluice_purpose"": null, ""dm_inst_inter_ager"": null, ""dm_no_river_sluice"": null}}",2026-08-29T14:45:46.967391+00:00,2026-08-29T14:45:46.967391+00:00,0
94,AP_DAM_WRIS_AP01LH0098,Kampasamudram New Dam,dam,TE,Sri Potti Sriramulu Nellore,Irrg.& CAD Dept.,UNKNOWN,CANDIDATE,,,,,103,0.8,False,2026-08-29T14:45:46.967391+00:00,2026-08-29T14:45:46.967391+00:00,,,,,NO_REAL_STRUCTURAL_LABEL,1,Kampasamudram New Dam,dam,ap_dam_barrage_state_v1,"{""origin"": ""GOVERNMENT_DERIVED_MIRROR"", ""nrld_no"": ""AP01LH0098"", ""dam_type"": ""TE"", ""age_years"": null, ""gate_type"": ""RD"", ""built_year"": null, ""gate_count"": null, ""river_name"": ""Pennar"", ""dam_height_m"": 11.2, ""dam_length_m"": 1830.0, ""quality_flag"": ""SOURCE_PRESERVED"", ""seismic_zone"": ""Seismic Zone-II"", ""spillway_type"": null, ""structure_code"": ""D03639"", ""authority_level"": ""B2"", ""completion_year"": null, ""registry_status"": null, ""spillway_level_m"": null, ""commencement_year"": null, ""spillway_length_m"": null, ""dam_volume_source_value"": null, ""engineering_completeness"": 0.5, ""design_flood_source_value"": null, ""engineering_fields_available"": 5.0, ""engineering_source_confidence"": 0.8, ""spillway_capacity_source_value"": null}",{},False,2026-09-03T04:52:14.819262+00:00,0,1,Kampasamudram New Dam,dam,1,103,77,,,11.2,1830.0,,,,RD,,,,,,Pennar,TE,Seismic Zone-II,,AP01LH0098,D03639,Udayagiri,Irrg.& CAD Dept.,,5,0.5,False,B2,GOVERNMENT_DERIVED_MIRROR,SOURCE_PRESERVED,0.8,2026-09-03T04:45:38.976858+00:00,1,1,103,ASSET_REGISTRY,wris_registry_record,,Kampasamudram New Dam,,,,,,B2,GOVERNMENT_DERIVED_MIRROR,SOURCE_PRESERVED,0.8,False,False,False,AP state filter + external ID + spatial/name resolution,"{""geometry"": {""type"": ""Point"", ""coordinates"": [79.24861601, 14.78965363]}, ""properties"": {""class"": ""CLASS 3"", ""state"": ""AP"", ""bacode"": ""09"", ""dtcode"": ""Sri Potti Sriramulu Nellore"", ""dam_vol"": null, ""dm_name"": ""Kampasamudram New Dam"", ""dm_type"": ""TE"", ""nrld_no"": ""AP01LH0098"", ""rivcode"": ""Pennar"", ""dm_ncity"": ""Udayagiri"", ""objectid"": 2741, ""strucode"": ""D03639"", ""dm_cmn_yr"": null, ""dm_cmp_yr"": null, ""dm_coment"": null, ""dm_height"": ""11.2"", ""dm_length"": ""1830"", ""dm_status"": null, ""dm_gate_no"": null, ""dm_gate_sz"": null, ""dm_flod_des"": null, ""dm_gt_ungtd"": null, ""dm_mod_oper"": null, ""dm_ses_zone"": ""Seismic Zone-II"", ""dm_spil_cap"": null, ""dm_spil_lev"": null, ""dm_gate_type"": ""RD"", ""dm_sluice_sz"": null, ""dm_spil_leng"": null, ""dm_spil_type"": null, ""dm_cn_gate_no"": null, ""dm_ener_dissp"": null, ""dm_inst_inter"": null, ""dm_perliament"": ""Nellore"", ""dm_ph_gate_no"": null, ""dm_instru_embed"": null, ""dm_oper_main_age"": ""Irrg.& CAD Dept."", ""dm_sluice_purpose"": null, ""dm_inst_inter_ager"": null, ""dm_no_river_sluice"": null}}",2026-08-29T14:45:46.967391+00:00,2026-08-29T14:45:46.967391+00:00,0
95,AP_DAM_WRIS_AP01MH0100,Kushavathi Dam,dam,TE,Y.S.R.,Irrg.& CAD Dept.,UNKNOWN,CANDIDATE,,,,,103,0.8,False,2026-08-29T14:45:46.967391+00:00,2026-08-29T14:45:46.967391+00:00,,,,,NO_REAL_STRUCTURAL_LABEL,1,Kushavathi Dam,dam,ap_dam_barrage_state_v1,"{""origin"": ""GOVERNMENT_DERIVED_MIRROR"", ""nrld_no"": ""AP01MH0100"", ""dam_type"": ""TE"", ""age_years"": null, ""gate_type"": null, ""built_year"": null, ""gate_count"": null, ""river_name"": ""Khushavathi"", ""dam_height_m"": 17.47, ""dam_length_m"": 1030.0, ""quality_flag"": ""SOURCE_PRESERVED"", ""seismic_zone"": ""Seismic Zone-II"", ""spillway_type"": null, ""structure_code"": ""D03683"", ""authority_level"": ""B2"", ""completion_year"": null, ""registry_status"": null, ""spillway_level_m"": null, ""commencement_year"": null, ""spillway_length_m"": null, ""dam_volume_source_value"": null, ""engineering_completeness"": 0.6, ""design_flood_source_value"": null, ""engineering_fields_available"": 6.0, ""engineering_source_confidence"": 0.8, ""spillway_capacity_source_value"": 739.0}",{},False,2026-09-03T04:52:14.819262+00:00,0,1,Kushavathi Dam,dam,1,103,78,,,17.47,1030.0,,,,,,739.0,,,,Khushavathi,TE,Seismic Zone-II,,AP01MH0100,D03683,Rayachoti,Irrg.& CAD Dept.,,6,0.6,False,B2,GOVERNMENT_DERIVED_MIRROR,SOURCE_PRESERVED,0.8,2026-09-03T04:45:38.976858+00:00,1,1,103,ASSET_REGISTRY,wris_registry_record,,Kushavathi Dam,,,,,,B2,GOVERNMENT_DERIVED_MIRROR,SOURCE_PRESERVED,0.8,False,False,False,AP state filter + external ID + spatial/name resolution,"{""geometry"": {""type"": ""Point"", ""coordinates"": [78.52705451, 13.975491]}, ""properties"": {""class"": ""CLASS 3"", ""state"": ""AP"", ""bacode"": ""09"", ""dtcode"": ""Y.S.R."", ""dam_vol"": null, ""dm_name"": ""Kushavathi Dam"", ""dm_type"": ""TE"", ""nrld_no"": ""AP01MH0100"", ""rivcode"": ""Khushavathi"", ""dm_ncity"": ""Rayachoti"", ""objectid"": 2747, ""strucode"": ""D03683"", ""dm_cmn_yr"": null, ""dm_cmp_yr"": null, ""dm_coment"": null, ""dm_height"": ""17.47"", ""dm_length"": ""1030"", ""dm_status"": null, ""dm_gate_no"": null, ""dm_gate_sz"": null, ""dm_flod_des"": null, ""dm_gt_ungtd"": null, ""dm_mod_oper"": null, ""dm_ses_zone"": ""Seismic Zone-II"", ""dm_spil_cap"": 739.0, ""dm_spil_lev"": null, ""dm_gate_type"": null, ""dm_sluice_sz"": null, ""dm_spil_leng"": null, ""dm_spil_type"": null, ""dm_cn_gate_no"": null, ""dm_ener_dissp"": null, ""dm_inst_inter"": null, ""dm_perliament"": ""Rajampet"", ""dm_ph_gate_no"": null, ""dm_instru_embed"": null, ""dm_oper_main_age"": ""Irrg.& CAD Dept."", ""dm_sluice_purpose"": null, ""dm_inst_inter_ager"": null, ""dm_no_river_sluice"": null}}",2026-08-29T14:45:46.967391+00:00,2026-08-29T14:45:46.967391+00:00,0
96,AP_DAM_WRIS_AP01LH0102,Madakasira Dam,dam,TE + PG,Anantapur,Irrg.& CAD Dept.,UNKNOWN,CANDIDATE,,,,,103,0.8,False,2026-08-29T14:45:46.967391+00:00,2026-08-29T14:45:46.967391+00:00,,,,,NO_REAL_STRUCTURAL_LABEL,1,Madakasira Dam,dam,ap_dam_barrage_state_v1,"{""origin"": ""GOVERNMENT_DERIVED_MIRROR"", ""nrld_no"": ""AP01LH0102"", ""dam_type"": ""TE + PG"", ""age_years"": null, ""gate_type"": null, ""built_year"": null, ""gate_count"": null, ""river_name"": null, ""dam_height_m"": 12.0, ""dam_length_m"": 686.0, ""quality_flag"": ""SOURCE_PRESERVED"", ""seismic_zone"": ""Seismic Zone-II"", ""spillway_type"": null, ""structure_code"": ""D03753"", ""authority_level"": ""B2"", ""completion_year"": null, ""registry_status"": null, ""spillway_level_m"": null, ""commencement_year"": null, ""spillway_length_m"": null, ""dam_volume_source_value"": null, ""engineering_completeness"": 0.5, ""design_flood_source_value"": null, ""engineering_fields_available"": 5.0, ""engineering_source_confidence"": 0.8, ""spillway_capacity_source_value"": 83.0}",{},False,2026-09-03T04:52:14.819262+00:00,0,1,Madakasira Dam,dam,1,103,79,,,12.0,686.0,,,,,,83.0,,,,,TE + PG,Seismic Zone-II,,AP01LH0102,D03753,Madakasira,Irrg.& CAD Dept.,,5,0.5,False,B2,GOVERNMENT_DERIVED_MIRROR,SOURCE_PRESERVED,0.8,2026-09-03T04:45:38.976858+00:00,1,1,103,ASSET_REGISTRY,wris_registry_record,,Madakasira Dam,,,,,,B2,GOVERNMENT_DERIVED_MIRROR,SOURCE_PRESERVED,0.8,False,False,False,AP state filter + external ID + spatial/name resolution,"{""geometry"": {""type"": ""Point"", ""coordinates"": [77.2473022, 13.92755361]}, ""properties"": {""class"": ""CLASS 3"", ""state"": ""AP"", ""bacode"": ""09"", ""dtcode"": ""Anantapur"", ""dam_vol"": null, ""dm_name"": ""Madakasira Dam"", ""dm_type"": ""TE + PG"", ""nrld_no"": ""AP01LH0102"", ""rivcode"": null, ""dm_ncity"": ""Madakasira"", ""objectid"": 2771, ""strucode"": ""D03753"", ""dm_cmn_yr"": null, ""dm_cmp_yr"": null, ""dm_coment"": null, ""dm_height"": ""12"", ""dm_length"": ""686"", ""dm_status"": null, ""dm_gate_no"": null, ""dm_gate_sz"": null, ""dm_flod_des"": null, ""dm_gt_ungtd"": null, ""dm_mod_oper"": null, ""dm_ses_zone"": ""Seismic Zone-II"", ""dm_spil_cap"": 83.0, ""dm_spil_lev"": null, ""dm_gate_type"": null, ""dm_sluice_sz"": null, ""dm_spil_leng"": null, ""dm_spil_type"": null, ""dm_cn_gate_no"": null, ""dm_ener_dissp"": null, ""dm_inst_inter"": null, ""dm_perliament"": ""Hindupur"", ""dm_ph_gate_no"": null, ""dm_instru_embed"": null, ""dm_oper_main_age"": ""Irrg.& CAD Dept."", ""dm_sluice_purpose"": null, ""dm_inst_inter_ager"": null, ""dm_no_river_sluice"": null}}",2026-08-29T14:45:46.967391+00:00,2026-08-29T14:45:46.967391+00:00,0
97,AP_DAM_WRIS_AP01LH0136,Marala Dam,dam,TE,Anantapur,Irrg.& CAD Dept.,CONSTRUCTION,CANDIDATE,,,,,103,0.8,False,2026-08-29T14:45:46.967391+00:00,2026-08-29T14:45:46.967391+00:00,,,,,NO_REAL_STRUCTURAL_LABEL,1,Marala Dam,dam,ap_dam_barrage_state_v1,"{""origin"": ""GOVERNMENT_DERIVED_MIRROR"", ""nrld_no"": ""AP01LH0136"", ""dam_type"": ""TE"", ""age_years"": null, ""gate_type"": null, ""built_year"": null, ""gate_count"": null, ""river_name"": null, ""dam_height_m"": 13.8, ""dam_length_m"": 624.0, ""quality_flag"": ""SOURCE_PRESERVED"", ""seismic_zone"": ""Seismic Zone-II"", ""spillway_type"": null, ""structure_code"": ""D03770"", ""authority_level"": ""B2"", ""completion_year"": null, ""registry_status"": ""Under Construction"", ""spillway_level_m"": null, ""commencement_year"": null, ""spillway_length_m"": null, ""dam_volume_source_value"": null, ""engineering_completeness"": 0.4, ""design_flood_source_value"": null, ""engineering_fields_available"": 4.0, ""engineering_source_confidence"": 0.8, ""spillway_capacity_source_value"": null}",{},False,2026-09-03T04:52:14.819262+00:00,0,1,Marala Dam,dam,1,103,80,,,13.8,624.0,,,,,,,,,,,TE,Seismic Zone-II,Under Construction,AP01LH0136,D03770,Penukonda,Irrg.& CAD Dept.,,4,0.4,False,B2,GOVERNMENT_DERIVED_MIRROR,SOURCE_PRESERVED,0.8,2026-09-03T04:45:38.976858+00:00,1,1,103,ASSET_REGISTRY,wris_registry_record,,Marala Dam,,,,,,B2,GOVERNMENT_DERIVED_MIRROR,SOURCE_PRESERVED,0.8,False,False,False,AP state filter + external ID + spatial/name resolution,"{""geometry"": {""type"": ""Point"", ""coordinates"": [77.91749909, 14.29402569]}, ""properties"": {""class"": ""CLASS 3"", ""state"": ""AP"", ""bacode"": ""09"", ""dtcode"": ""Anantapur"", ""dam_vol"": null, ""dm_name"": ""Marala Dam"", ""dm_type"": ""TE"", ""nrld_no"": ""AP01LH0136"", ""rivcode"": null, ""dm_ncity"": ""Penukonda"", ""objectid"": 2774, ""strucode"": ""D03770"", ""dm_cmn_yr"": null, ""dm_cmp_yr"": null, ""dm_coment"": null, ""dm_height"": ""13.8"", ""dm_length"": ""624"", ""dm_status"": ""Under Construction"", ""dm_gate_no"": null, ""dm_gate_sz"": null, ""dm_flod_des"": null, ""dm_gt_ungtd"": null, ""dm_mod_oper"": null, ""dm_ses_zone"": ""Seismic Zone-II"", ""dm_spil_cap"": null, ""dm_spil_lev"": null, ""dm_gate_type"": null, ""dm_sluice_sz"": null, ""dm_spil_leng"": null, ""dm_spil_type"": null, ""dm_cn_gate_no"": null, ""dm_ener_dissp"": null, ""dm_inst_inter"": null, ""dm_perliament"": ""Hindupur"", ""dm_ph_gate_no"": null, ""dm_instru_embed"": null, ""dm_oper_main_age"": ""Irrg.& CAD Dept."", ""dm_sluice_purpose"": null, ""dm_inst_inter_ager"": null, ""dm_no_river_sluice"": null}}",2026-08-29T14:45:46.967391+00:00,2026-08-29T14:45:46.967391+00:00,0
98,AP_DAM_WRIS_AP01MH0036,Muraripalli / Mararipalli Dam,dam,TE,Prakasam,Irrg.& CAD Dept.,ACTIVE,CANDIDATE,1975,,,,103,0.8,False,2026-08-29T14:45:46.967391+00:00,2026-08-29T14:45:46.967391+00:00,,,,,NO_REAL_STRUCTURAL_LABEL,1,Muraripalli / Mararipalli Dam,dam,ap_dam_barrage_state_v1,"{""origin"": ""GOVERNMENT_DERIVED_MIRROR"", ""nrld_no"": ""AP01MH0036"", ""dam_type"": ""TE"", ""age_years"": 51.0, ""gate_type"": null, ""built_year"": 1975.0, ""gate_count"": null, ""river_name"": ""Krishna"", ""dam_height_m"": 18.68, ""dam_length_m"": 732.0, ""quality_flag"": ""SOURCE_PRESERVED"", ""seismic_zone"": ""Seismic Zone-II"", ""spillway_type"": null, ""structure_code"": ""D03792"", ""authority_level"": ""B2"", ""completion_year"": 1975.0, ""registry_status"": ""Completed"", ""spillway_level_m"": null, ""commencement_year"": null, ""spillway_length_m"": null, ""dam_volume_source_value"": null, ""engineering_completeness"": 0.6, ""design_flood_source_value"": null, ""engineering_fields_available"": 6.0, ""engineering_source_confidence"": 0.8, ""spillway_capacity_source_value"": null}",{},False,2026-09-03T04:52:14.819262+00:00,0,1,Muraripalli / Mararipalli Dam,dam,1,103,81,1975,,18.68,732.0,,,,,,,,,,Krishna,TE,Seismic Zone-II,Completed,AP01MH0036,D03792,Markapur,Irrg.& CAD Dept.,51.0,6,0.6,False,B2,GOVERNMENT_DERIVED_MIRROR,SOURCE_PRESERVED,0.8,2026-09-03T04:45:38.976858+00:00,1,1,103,ASSET_REGISTRY,wris_registry_record,,Muraripalli / Mararipalli Dam,,,,,,B2,GOVERNMENT_DERIVED_MIRROR,SOURCE_PRESERVED,0.8,False,False,False,AP state filter + external ID + spatial/name resolution,"{""geometry"": {""type"": ""Point"", ""coordinates"": [79.33638759, 16.05434157]}, ""properties"": {""class"": ""CLASS 3"", ""state"": ""AP"", ""bacode"": ""16"", ""dtcode"": ""Prakasam"", ""dam_vol"": null, ""dm_name"": ""Muraripalli / Mararipalli Dam"", ""dm_type"": ""TE"", ""nrld_no"": ""AP01MH0036"", ""rivcode"": ""Krishna"", ""dm_ncity"": ""Markapur"", ""objectid"": 2787, ""strucode"": ""D03792"", ""dm_cmn_yr"": null, ""dm_cmp_yr"": ""1975"", ""dm_coment"": null, ""dm_height"": ""18.68"", ""dm_length"": ""732"", ""dm_status"": ""Completed"", ""dm_gate_no"": null, ""dm_gate_sz"": null, ""dm_flod_des"": null, ""dm_gt_ungtd"": null, ""dm_mod_oper"": null, ""dm_ses_zone"": ""Seismic Zone-II"", ""dm_spil_cap"": null, ""dm_spil_lev"": null, ""dm_gate_type"": null, ""dm_sluice_sz"": null, ""dm_spil_leng"": null, ""dm_spil_type"": null, ""dm_cn_gate_no"": null, ""dm_ener_dissp"": null, ""dm_inst_inter"": null, ""dm_perliament"": ""Ongole"", ""dm_ph_gate_no"": null, ""dm_instru_embed"": null, ""dm_oper_main_age"": ""Irrg.& CAD Dept."", ""dm_sluice_purpose"": null, ""dm_inst_inter_ager"": null, ""dm_no_river_sluice"": null}}",2026-08-29T14:45:46.967391+00:00,2026-08-29T14:45:46.967391+00:00,0
99,AP_DAM_WRIS_AP01MH0138,"N.T.R. , Thatiparthi(V), Madugula (M) Dam",dam,TE + PG,Visakhapatnam,Irrg.& CAD Dept.,CONSTRUCTION,CANDIDATE,,,,,103,0.8,False,2026-08-29T14:45:46.967391+00:00,2026-08-29T14:45:46.967391+00:00,,,,,NO_REAL_STRUCTURAL_LABEL,1,"N.T.R. , Thatiparthi(V), Madugula (M) Dam",dam,ap_dam_barrage_state_v1,"{""origin"": ""GOVERNMENT_DERIVED_MIRROR"", ""nrld_no"": ""AP01MH0138"", ""dam_type"": ""TE + PG"", ""age_years"": null, ""gate_type"": ""LG"", ""built_year"": null, ""gate_count"": null, ""river_name"": null, ""dam_height_m"": 24.51, ""dam_length_m"": 1317.0, ""quality_flag"": ""SOURCE_PRESERVED"", ""seismic_zone"": ""Seismic Zone-II"", ""spillway_type"": null, ""structure_code"": ""D03798"", ""authority_level"": ""B2"", ""completion_year"": null, ""registry_status"": ""Under Construction"", ""spillway_level_m"": null, ""commencement_year"": null, ""spillway_length_m"": null, ""dam_volume_source_value"": null, ""engineering_completeness"": 0.5, ""design_flood_source_value"": null, ""engineering_fields_available"": 5.0, ""engineering_source_confidence"": 0.8, ""spillway_capacity_source_value"": 16386.0}",{},False,2026-09-03T04:52:14.819262+00:00,0,1,"N.T.R. , Thatiparthi(V), Madugula (M) Dam",dam,1,103,82,,,24.51,1317.0,,,,LG,,16386.0,,,,,TE + PG,Seismic Zone-II,Under Construction,AP01MH0138,D03798,Chodavaram,Irrg.& CAD Dept.,,5,0.5,False,B2,GOVERNMENT_DERIVED_MIRROR,SOURCE_PRESERVED,0.8,2026-09-03T04:45:38.976858+00:00,1,1,103,ASSET_REGISTRY,wris_registry_record,,"N.T.R. , Thatiparthi(V), Madugula (M) Dam",,,,,,B2,GOVERNMENT_DERIVED_MIRROR,SOURCE_PRESERVED,0.8,False,False,False,AP state filter + external ID + spatial/name resolution,"{""geometry"": {""type"": ""Point"", ""coordinates"": [82.76787008, 17.93626096]}, ""properties"": {""class"": ""CLASS 3"", ""state"": ""AP"", ""bacode"": ""16"", ""dtcode"": ""Visakhapatnam"", ""dam_vol"": null, ""dm_name"": ""N.T.R. , Thatiparthi(V), Madugula (M) Dam"", ""dm_type"": ""TE + PG"", ""nrld_no"": ""AP01MH0138"", ""rivcode"": null, ""dm_ncity"": ""Chodavaram"", ""objectid"": 2788, ""strucode"": ""D03798"", ""dm_cmn_yr"": null, ""dm_cmp_yr"": null, ""dm_coment"": null, ""dm_height"": ""24.51"", ""dm_length"": ""1317"", ""dm_status"": ""Under Construction"", ""dm_gate_no"": null, ""dm_gate_sz"": null, ""dm_flod_des"": null, ""dm_gt_ungtd"": null, ""dm_mod_oper"": null, ""dm_ses_zone"": ""Seismic Zone-II"", ""dm_spil_cap"": 16386.0, ""dm_spil_lev"": null, ""dm_gate_type"": ""LG"", ""dm_sluice_sz"": null, ""dm_spil_leng"": null, ""dm_spil_type"": null, ""dm_cn_gate_no"": null, ""dm_ener_dissp"": null, ""dm_inst_inter"": null, ""dm_perliament"": ""Anakapalli"", ""dm_ph_gate_no"": null, ""dm_instru_embed"": null, ""dm_oper_main_age"": ""Irrg.& CAD Dept."", ""dm_sluice_purpose"": null, ""dm_inst_inter_ager"": null, ""dm_no_river_sluice"": null}}",2026-08-29T14:45:46.967391+00:00,2026-08-29T14:45:46.967391+00:00,0
100,AP_DAM_WRIS_AP01MH0028,Nagurur Dam,dam,TE,Kurnool,Irrg.& CAD Dept.,ACTIVE,CANDIDATE,1971,,,,103,0.8,False,2026-08-29T14:45:46.967391+00:00,2026-08-29T14:45:46.967391+00:00,,,,,NO_REAL_STRUCTURAL_LABEL,1,Nagurur Dam,dam,ap_dam_barrage_state_v1,"{""origin"": ""GOVERNMENT_DERIVED_MIRROR"", ""nrld_no"": ""AP01MH0028"", ""dam_type"": ""TE"", ""age_years"": 55.0, ""gate_type"": ""LG"", ""built_year"": 1971.0, ""gate_count"": null, ""river_name"": null, ""dam_height_m"": 28.05, ""dam_length_m"": 800.0, ""quality_flag"": ""SOURCE_PRESERVED"", ""seismic_zone"": ""Seismic Zone-II"", ""spillway_type"": null, ""structure_code"": ""D03800"", ""authority_level"": ""B2"", ""completion_year"": 1971.0, ""registry_status"": ""Completed"", ""spillway_level_m"": null, ""commencement_year"": null, ""spillway_length_m"": null, ""dam_volume_source_value"": null, ""engineering_completeness"": 0.5, ""design_flood_source_value"": null, ""engineering_fields_available"": 5.0, ""engineering_source_confidence"": 0.8, ""spillway_capacity_source_value"": null}",{},False,2026-09-03T04:52:14.819262+00:00,0,1,Nagurur Dam,dam,1,103,83,1971,,28.05,800.0,,,,LG,,,,,,,TE,Seismic Zone-II,Completed,AP01MH0028,D03800,Alur,Irrg.& CAD Dept.,55.0,5,0.5,False,B2,GOVERNMENT_DERIVED_MIRROR,SOURCE_PRESERVED,0.8,2026-09-03T04:45:38.976858+00:00,1,1,103,ASSET_REGISTRY,wris_registry_record,,Nagurur Dam,,,,,,B2,GOVERNMENT_DERIVED_MIRROR,SOURCE_PRESERVED,0.8,False,False,False,AP state filter + external ID + spatial/name resolution,"{""geometry"": {""type"": ""Point"", ""coordinates"": [77.29406233, 15.5520448]}, ""properties"": {""class"": ""CLASS 3"", ""state"": ""AP"", ""bacode"": ""04"", ""dtcode"": ""Kurnool"", ""dam_vol"": null, ""dm_name"": ""Nagurur Dam"", ""dm_type"": ""TE"", ""nrld_no"": ""AP01MH0028"", ""rivcode"": null, ""dm_ncity"": ""Alur"", ""objectid"": 2790, ""strucode"": ""D03800"", ""dm_cmn_yr"": null, ""dm_cmp_yr"": ""1971"", ""dm_coment"": null, ""dm_height"": ""28.05"", ""dm_length"": ""800"", ""dm_status"": ""Completed"", ""dm_gate_no"": null, ""dm_gate_sz"": null, ""dm_flod_des"": null, ""dm_gt_ungtd"": null, ""dm_mod_oper"": null, ""dm_ses_zone"": ""Seismic Zone-II"", ""dm_spil_cap"": null, ""dm_spil_lev"": null, ""dm_gate_type"": ""LG"", ""dm_sluice_sz"": null, ""dm_spil_leng"": null, ""dm_spil_type"": null, ""dm_cn_gate_no"": null, ""dm_ener_dissp"": null, ""dm_inst_inter"": null, ""dm_perliament"": ""Kurnool"", ""dm_ph_gate_no"": null, ""dm_instru_embed"": null, ""dm_oper_main_age"": ""Irrg.& CAD Dept."", ""dm_sluice_purpose"": null, ""dm_inst_inter_ager"": null, ""dm_no_river_sluice"": null}}",2026-08-29T14:45:46.967391+00:00,2026-08-29T14:45:46.967391+00:00,0
101,AP_DAM_WRIS_AP01LH0037,"Pedda Cheruvu , Nagasamudram Dam",dam,TE,Anantapur,Irrg.& CAD Dept.,ACTIVE,CANDIDATE,1975,,,,103,0.8,False,2026-08-29T14:45:46.967391+00:00,2026-08-29T14:45:46.967391+00:00,,,,,NO_REAL_STRUCTURAL_LABEL,1,"Pedda Cheruvu , Nagasamudram Dam",dam,ap_dam_barrage_state_v1,"{""origin"": ""GOVERNMENT_DERIVED_MIRROR"", ""nrld_no"": ""AP01LH0037"", ""dam_type"": ""TE"", ""age_years"": 51.0, ""gate_type"": null, ""built_year"": 1975.0, ""gate_count"": null, ""river_name"": null, ""dam_height_m"": 14.0, ""dam_length_m"": 1295.68, ""quality_flag"": ""SOURCE_PRESERVED"", ""seismic_zone"": ""Seismic Zone-II"", ""spillway_type"": null, ""structure_code"": ""D04530"", ""authority_level"": ""B2"", ""completion_year"": 1975.0, ""registry_status"": ""Completed"", ""spillway_level_m"": null, ""commencement_year"": null, ""spillway_length_m"": null, ""dam_volume_source_value"": null, ""engineering_completeness"": 0.6, ""design_flood_source_value"": null, ""engineering_fields_available"": 6.0, ""engineering_source_confidence"": 0.8, ""spillway_capacity_source_value"": 2899.0}",{},False,2026-09-03T04:52:14.819262+00:00,0,1,"Pedda Cheruvu , Nagasamudram Dam",dam,1,103,84,1975,,14.0,1295.68,,,,,,2899.0,,,,,TE,Seismic Zone-II,Completed,AP01LH0037,D04530,Dharmavaram,Irrg.& CAD Dept.,51.0,6,0.6,False,B2,GOVERNMENT_DERIVED_MIRROR,SOURCE_PRESERVED,0.8,2026-09-03T04:45:38.976858+00:00,1,1,103,ASSET_REGISTRY,wris_registry_record,,"Pedda Cheruvu , Nagasamudram Dam",,,,,,B2,GOVERNMENT_DERIVED_MIRROR,SOURCE_PRESERVED,0.8,False,False,False,AP state filter + external ID + spatial/name resolution,"{""geometry"": {""type"": ""Point"", ""coordinates"": [77.65125139, 14.30875678]}, ""properties"": {""class"": ""CLASS 3"", ""state"": ""AP"", ""bacode"": ""09"", ""dtcode"": ""Anantapur"", ""dam_vol"": null, ""dm_name"": ""Pedda Cheruvu , Nagasamudram Dam"", ""dm_type"": ""TE"", ""nrld_no"": ""AP01LH0037"", ""rivcode"": null, ""dm_ncity"": ""Dharmavaram"", ""objectid"": 3213, ""strucode"": ""D04530"", ""dm_cmn_yr"": null, ""dm_cmp_yr"": ""1975"", ""dm_coment"": null, ""dm_height"": ""14"", ""dm_length"": ""1295.68"", ""dm_status"": ""Completed"", ""dm_gate_no"": null, ""dm_gate_sz"": null, ""dm_flod_des"": null, ""dm_gt_ungtd"": null, ""dm_mod_oper"": null, ""dm_ses_zone"": ""Seismic Zone-II"", ""dm_spil_cap"": 2899.0, ""dm_spil_lev"": null, ""dm_gate_type"": null, ""dm_sluice_sz"": null, ""dm_spil_leng"": null, ""dm_spil_type"": null, ""dm_cn_gate_no"": null, ""dm_ener_dissp"": null, ""dm_inst_inter"": null, ""dm_perliament"": ""Hindupur"", ""dm_ph_gate_no"": null, ""dm_instru_embed"": null, ""dm_oper_main_age"": ""Irrg.& CAD Dept."", ""dm_sluice_purpose"": null, ""dm_inst_inter_ager"": null, ""dm_no_river_sluice"": null}}",2026-08-29T14:45:46.967391+00:00,2026-08-29T14:45:46.967391+00:00,3
102,AP_DAM_WRIS_AP01LH0108,Pedda Rayala Cheruvu Dam,dam,TE,Chittoor,Irrg.& CAD Dept.,UNKNOWN,CANDIDATE,,,,,103,0.8,False,2026-08-29T14:45:46.967391+00:00,2026-08-29T14:45:46.967391+00:00,,,,,NO_REAL_STRUCTURAL_LABEL,1,Pedda Rayala Cheruvu Dam,dam,ap_dam_barrage_state_v1,"{""origin"": ""GOVERNMENT_DERIVED_MIRROR"", ""nrld_no"": ""AP01LH0108"", ""dam_type"": ""TE"", ""age_years"": null, ""gate_type"": null, ""built_year"": null, ""gate_count"": null, ""river_name"": null, ""dam_height_m"": 12.0, ""dam_length_m"": 800.0, ""quality_flag"": ""SOURCE_PRESERVED"", ""seismic_zone"": ""Seismic Zone-II"", ""spillway_type"": null, ""structure_code"": ""D04532"", ""authority_level"": ""B2"", ""completion_year"": null, ""registry_status"": null, ""spillway_level_m"": null, ""commencement_year"": null, ""spillway_length_m"": null, ""dam_volume_source_value"": null, ""engineering_completeness"": 0.4, ""design_flood_source_value"": null, ""engineering_fields_available"": 4.0, ""engineering_source_confidence"": 0.8, ""spillway_capacity_source_value"": null}",{},False,2026-09-03T04:52:14.819262+00:00,0,1,Pedda Rayala Cheruvu Dam,dam,1,103,85,,,12.0,800.0,,,,,,,,,,,TE,Seismic Zone-II,,AP01LH0108,D04532,Punganuru,Irrg.& CAD Dept.,,4,0.4,False,B2,GOVERNMENT_DERIVED_MIRROR,SOURCE_PRESERVED,0.8,2026-09-03T04:45:38.976858+00:00,1,1,103,ASSET_REGISTRY,wris_registry_record,,Pedda Rayala Cheruvu Dam,,,,,,B2,GOVERNMENT_DERIVED_MIRROR,SOURCE_PRESERVED,0.8,False,False,False,AP state filter + external ID + spatial/name resolution,"{""geometry"": {""type"": ""Point"", ""coordinates"": [78.72407397, 13.33696958]}, ""properties"": {""class"": ""CLASS 3"", ""state"": ""AP"", ""bacode"": ""17"", ""dtcode"": ""Chittoor"", ""dam_vol"": null, ""dm_name"": ""Pedda Rayala Cheruvu Dam"", ""dm_type"": ""TE"", ""nrld_no"": ""AP01LH0108"", ""rivcode"": null, ""dm_ncity"": ""Punganuru"", ""objectid"": 3214, ""strucode"": ""D04532"", ""dm_cmn_yr"": null, ""dm_cmp_yr"": null, ""dm_coment"": null, ""dm_height"": ""12"", ""dm_length"": ""800"", ""dm_status"": null, ""dm_gate_no"": null, ""dm_gate_sz"": null, ""dm_flod_des"": null, ""dm_gt_ungtd"": null, ""dm_mod_oper"": null, ""dm_ses_zone"": ""Seismic Zone-II"", ""dm_spil_cap"": null, ""dm_spil_lev"": null, ""dm_gate_type"": null, ""dm_sluice_sz"": null, ""dm_spil_leng"": null, ""dm_spil_type"": null, ""dm_cn_gate_no"": null, ""dm_ener_dissp"": null, ""dm_inst_inter"": null, ""dm_perliament"": ""Chittoor"", ""dm_ph_gate_no"": null, ""dm_instru_embed"": null, ""dm_oper_main_age"": ""Irrg.& CAD Dept."", ""dm_sluice_purpose"": null, ""dm_inst_inter_ager"": null, ""dm_no_river_sluice"": null}}",2026-08-29T14:45:46.967391+00:00,2026-08-29T14:45:46.967391+00:00,0
103,AP_DAM_WRIS_AP01MH0109,Pedda Tippa Samudram Dam,dam,TE + PG,Chittoor,Irrg.& CAD Dept.,UNKNOWN,CANDIDATE,,,,,103,0.8,False,2026-08-29T14:45:46.967391+00:00,2026-08-29T14:45:46.967391+00:00,,,,,NO_REAL_STRUCTURAL_LABEL,1,Pedda Tippa Samudram Dam,dam,ap_dam_barrage_state_v1,"{""origin"": ""GOVERNMENT_DERIVED_MIRROR"", ""nrld_no"": ""AP01MH0109"", ""dam_type"": ""TE + PG"", ""age_years"": null, ""gate_type"": null, ""built_year"": null, ""gate_count"": null, ""river_name"": null, ""dam_height_m"": 15.39, ""dam_length_m"": 1550.0, ""quality_flag"": ""SOURCE_PRESERVED"", ""seismic_zone"": ""Seismic Zone-II"", ""spillway_type"": null, ""structure_code"": ""D04533"", ""authority_level"": ""B2"", ""completion_year"": null, ""registry_status"": null, ""spillway_level_m"": null, ""commencement_year"": null, ""spillway_length_m"": null, ""dam_volume_source_value"": null, ""engineering_completeness"": 0.5, ""design_flood_source_value"": null, ""engineering_fields_available"": 5.0, ""engineering_source_confidence"": 0.8, ""spillway_capacity_source_value"": 474.0}",{},False,2026-09-03T04:52:14.819262+00:00,0,1,Pedda Tippa Samudram Dam,dam,1,103,86,,,15.39,1550.0,,,,,,474.0,,,,,TE + PG,Seismic Zone-II,,AP01MH0109,D04533,Madanapalle,Irrg.& CAD Dept.,,5,0.5,False,B2,GOVERNMENT_DERIVED_MIRROR,SOURCE_PRESERVED,0.8,2026-09-03T04:45:38.976858+00:00,1,1,103,ASSET_REGISTRY,wris_registry_record,,Pedda Tippa Samudram Dam,,,,,,B2,GOVERNMENT_DERIVED_MIRROR,SOURCE_PRESERVED,0.8,False,False,False,AP state filter + external ID + spatial/name resolution,"{""geometry"": {""type"": ""Point"", ""coordinates"": [78.20273467, 13.70244114]}, ""properties"": {""class"": ""CLASS 3"", ""state"": ""AP"", ""bacode"": ""09"", ""dtcode"": ""Chittoor"", ""dam_vol"": null, ""dm_name"": ""Pedda Tippa Samudram Dam"", ""dm_type"": ""TE + PG"", ""nrld_no"": ""AP01MH0109"", ""rivcode"": null, ""dm_ncity"": ""Madanapalle"", ""objectid"": 3215, ""strucode"": ""D04533"", ""dm_cmn_yr"": null, ""dm_cmp_yr"": null, ""dm_coment"": null, ""dm_height"": ""15.39"", ""dm_length"": ""1550"", ""dm_status"": null, ""dm_gate_no"": null, ""dm_gate_sz"": null, ""dm_flod_des"": null, ""dm_gt_ungtd"": null, ""dm_mod_oper"": null, ""dm_ses_zone"": ""Seismic Zone-II"", ""dm_spil_cap"": 474.0, ""dm_spil_lev"": null, ""dm_gate_type"": null, ""dm_sluice_sz"": null, ""dm_spil_leng"": null, ""dm_spil_type"": null, ""dm_cn_gate_no"": null, ""dm_ener_dissp"": null, ""dm_inst_inter"": null, ""dm_perliament"": ""Rajampet"", ""dm_ph_gate_no"": null, ""dm_instru_embed"": null, ""dm_oper_main_age"": ""Irrg.& CAD Dept."", ""dm_sluice_purpose"": null, ""dm_inst_inter_ager"": null, ""dm_no_river_sluice"": null}}",2026-08-29T14:45:46.967391+00:00,2026-08-29T14:45:46.967391+00:00,0
104,AP_DAM_WRIS_AP01LH0107,"Peddabadava, Tulasikrishan Dam",dam,TE,Chittoor,Irrg.& CAD Dept.,UNKNOWN,CANDIDATE,,,,,103,0.8,False,2026-08-29T14:45:46.967391+00:00,2026-08-29T14:45:46.967391+00:00,,,,,NO_REAL_STRUCTURAL_LABEL,1,"Peddabadava, Tulasikrishan Dam",dam,ap_dam_barrage_state_v1,"{""origin"": ""GOVERNMENT_DERIVED_MIRROR"", ""nrld_no"": ""AP01LH0107"", ""dam_type"": ""TE"", ""age_years"": null, ""gate_type"": null, ""built_year"": null, ""gate_count"": null, ""river_name"": ""Peddabadava"", ""dam_height_m"": 10.74, ""dam_length_m"": 571.0, ""quality_flag"": ""SOURCE_PRESERVED"", ""seismic_zone"": ""Seismic Zone-III"", ""spillway_type"": null, ""structure_code"": ""D04534"", ""authority_level"": ""B2"", ""completion_year"": null, ""registry_status"": null, ""spillway_level_m"": null, ""commencement_year"": null, ""spillway_length_m"": null, ""dam_volume_source_value"": 118.0, ""engineering_completeness"": 0.6, ""design_flood_source_value"": null, ""engineering_fields_available"": 6.0, ""engineering_source_confidence"": 0.8, ""spillway_capacity_source_value"": 31.0}",{},False,2026-09-03T04:52:14.819262+00:00,0,1,"Peddabadava, Tulasikrishan Dam",dam,1,103,87,,,10.74,571.0,118.0,,,,,31.0,,,,Peddabadava,TE,Seismic Zone-III,,AP01LH0107,D04534,Sri Kalahasti,Irrg.& CAD Dept.,,6,0.6,False,B2,GOVERNMENT_DERIVED_MIRROR,SOURCE_PRESERVED,0.8,2026-09-03T04:45:38.976858+00:00,1,1,103,ASSET_REGISTRY,wris_registry_record,,"Peddabadava, Tulasikrishan Dam",,,,,,B2,GOVERNMENT_DERIVED_MIRROR,SOURCE_PRESERVED,0.8,False,False,False,AP state filter + external ID + spatial/name resolution,"{""geometry"": {""type"": ""Point"", ""coordinates"": [79.74263737, 13.46881704]}, ""properties"": {""class"": ""CLASS 3"", ""state"": ""AP"", ""bacode"": ""17"", ""dtcode"": ""Chittoor"", ""dam_vol"": ""118"", ""dm_name"": ""Peddabadava, Tulasikrishan Dam"", ""dm_type"": ""TE"", ""nrld_no"": ""AP01LH0107"", ""rivcode"": ""Peddabadava"", ""dm_ncity"": ""Sri Kalahasti"", ""objectid"": 3216, ""strucode"": ""D04534"", ""dm_cmn_yr"": null, ""dm_cmp_yr"": null, ""dm_coment"": null, ""dm_height"": ""10.74"", ""dm_length"": ""571"", ""dm_status"": null, ""dm_gate_no"": null, ""dm_gate_sz"": null, ""dm_flod_des"": null, ""dm_gt_ungtd"": null, ""dm_mod_oper"": null, ""dm_ses_zone"": ""Seismic Zone-III"", ""dm_spil_cap"": 31.0, ""dm_spil_lev"": null, ""dm_gate_type"": null, ""dm_sluice_sz"": null, ""dm_spil_leng"": null, ""dm_spil_type"": null, ""dm_cn_gate_no"": null, ""dm_ener_dissp"": null, ""dm_inst_inter"": null, ""dm_perliament"": ""Tirupati"", ""dm_ph_gate_no"": null, ""dm_instru_embed"": null, ""dm_oper_main_age"": ""Irrg.& CAD Dept."", ""dm_sluice_purpose"": null, ""dm_inst_inter_ager"": null, ""dm_no_river_sluice"": null}}",2026-08-29T14:45:46.967391+00:00,2026-08-29T14:45:46.967391+00:00,0
105,AP_DAM_WRIS_D04538,"Peddayetivanka, Annupal Dam",dam,TE,Chittoor,,UNKNOWN,CANDIDATE,,,,,103,0.8,False,2026-08-29T14:45:46.967391+00:00,2026-08-29T14:45:46.967391+00:00,,,,,NO_REAL_STRUCTURAL_LABEL,1,"Peddayetivanka, Annupal Dam",dam,ap_dam_barrage_state_v1,"{""origin"": ""GOVERNMENT_DERIVED_MIRROR"", ""nrld_no"": null, ""dam_type"": ""TE"", ""age_years"": null, ""gate_type"": null, ""built_year"": null, ""gate_count"": null, ""river_name"": ""Peddayetivanka"", ""dam_height_m"": 12.11, ""dam_length_m"": 235.0, ""quality_flag"": ""SOURCE_PRESERVED"", ""seismic_zone"": ""Seismic Zone-III"", ""spillway_type"": null, ""structure_code"": ""D04538"", ""authority_level"": ""B2"", ""completion_year"": null, ""registry_status"": null, ""spillway_level_m"": null, ""commencement_year"": null, ""spillway_length_m"": null, ""dam_volume_source_value"": null, ""engineering_completeness"": 0.6, ""design_flood_source_value"": null, ""engineering_fields_available"": 6.0, ""engineering_source_confidence"": 0.8, ""spillway_capacity_source_value"": 82.0}",{},False,2026-09-03T04:52:14.819262+00:00,0,1,"Peddayetivanka, Annupal Dam",dam,1,103,88,,,12.11,235.0,,,,,,82.0,,,,Peddayetivanka,TE,Seismic Zone-III,,,D04538,Puttur,,,6,0.6,False,B2,GOVERNMENT_DERIVED_MIRROR,SOURCE_PRESERVED,0.8,2026-09-03T04:45:38.976858+00:00,1,1,103,ASSET_REGISTRY,wris_registry_record,,"Peddayetivanka, Annupal Dam",,,,,,B2,GOVERNMENT_DERIVED_MIRROR,SOURCE_PRESERVED,0.8,False,False,False,AP state filter + external ID + spatial/name resolution,"{""geometry"": {""type"": ""Point"", ""coordinates"": [79.27742307, 13.48189794]}, ""properties"": {""class"": ""CLASS 3"", ""state"": ""AP"", ""bacode"": ""17"", ""dtcode"": ""Chittoor"", ""dam_vol"": null, ""dm_name"": ""Peddayetivanka, Annupal Dam"", ""dm_type"": ""TE"", ""nrld_no"": null, ""rivcode"": ""Peddayetivanka"", ""dm_ncity"": ""Puttur"", ""objectid"": 3219, ""strucode"": ""D04538"", ""dm_cmn_yr"": null, ""dm_cmp_yr"": null, ""dm_coment"": null, ""dm_height"": ""12.11"", ""dm_length"": ""235"", ""dm_status"": null, ""dm_gate_no"": null, ""dm_gate_sz"": null, ""dm_flod_des"": null, ""dm_gt_ungtd"": null, ""dm_mod_oper"": null, ""dm_ses_zone"": ""Seismic Zone-III"", ""dm_spil_cap"": 82.0, ""dm_spil_lev"": null, ""dm_gate_type"": null, ""dm_sluice_sz"": null, ""dm_spil_leng"": null, ""dm_spil_type"": null, ""dm_cn_gate_no"": null, ""dm_ener_dissp"": null, ""dm_inst_inter"": null, ""dm_perliament"": ""Chittoor"", ""dm_ph_gate_no"": null, ""dm_instru_embed"": null, ""dm_oper_main_age"": null, ""dm_sluice_purpose"": null, ""dm_inst_inter_ager"": null, ""dm_no_river_sluice"": null}}",2026-08-29T14:45:46.967391+00:00,2026-08-29T14:45:46.967391+00:00,0
106,AP_DAM_WRIS_AP01LH0067,Pendlur Dam,dam,TE,Y.S.R.,Irrg.& CAD Dept.,ACTIVE,CANDIDATE,1998,,,,103,0.8,False,2026-08-29T14:45:46.967391+00:00,2026-08-29T14:45:46.967391+00:00,,,,,NO_REAL_STRUCTURAL_LABEL,1,Pendlur Dam,dam,ap_dam_barrage_state_v1,"{""origin"": ""GOVERNMENT_DERIVED_MIRROR"", ""nrld_no"": ""AP01LH0067"", ""dam_type"": ""TE"", ""age_years"": 28.0, ""gate_type"": null, ""built_year"": 1998.0, ""gate_count"": null, ""river_name"": null, ""dam_height_m"": 10.6, ""dam_length_m"": 1045.0, ""quality_flag"": ""SOURCE_PRESERVED"", ""seismic_zone"": ""Seismic Zone-II"", ""spillway_type"": null, ""structure_code"": ""D04553"", ""authority_level"": ""B2"", ""completion_year"": 1998.0, ""registry_status"": ""Completed"", ""spillway_level_m"": null, ""commencement_year"": null, ""spillway_length_m"": null, ""dam_volume_source_value"": null, ""engineering_completeness"": 0.6, ""design_flood_source_value"": null, ""engineering_fields_available"": 6.0, ""engineering_source_confidence"": 0.8, ""spillway_capacity_source_value"": 293.0}",{},False,2026-09-03T04:52:14.819262+00:00,0,1,Pendlur Dam,dam,1,103,89,1998,,10.6,1045.0,,,,,,293.0,,,,,TE,Seismic Zone-II,Completed,AP01LH0067,D04553,Pulivendla,Irrg.& CAD Dept.,28.0,6,0.6,False,B2,GOVERNMENT_DERIVED_MIRROR,SOURCE_PRESERVED,0.8,2026-09-03T04:45:38.976858+00:00,1,1,103,ASSET_REGISTRY,wris_registry_record,,Pendlur Dam,,,,,,B2,GOVERNMENT_DERIVED_MIRROR,SOURCE_PRESERVED,0.8,False,False,False,AP state filter + external ID + spatial/name resolution,"{""geometry"": {""type"": ""Point"", ""coordinates"": [78.35909599, 14.42631049]}, ""properties"": {""class"": ""CLASS 3"", ""state"": ""AP"", ""bacode"": ""09"", ""dtcode"": ""Y.S.R."", ""dam_vol"": null, ""dm_name"": ""Pendlur Dam"", ""dm_type"": ""TE"", ""nrld_no"": ""AP01LH0067"", ""rivcode"": null, ""dm_ncity"": ""Pulivendla"", ""objectid"": 3220, ""strucode"": ""D04553"", ""dm_cmn_yr"": null, ""dm_cmp_yr"": ""1998"", ""dm_coment"": null, ""dm_height"": ""10.6"", ""dm_length"": ""1045"", ""dm_status"": ""Completed"", ""dm_gate_no"": null, ""dm_gate_sz"": null, ""dm_flod_des"": null, ""dm_gt_ungtd"": null, ""dm_mod_oper"": null, ""dm_ses_zone"": ""Seismic Zone-II"", ""dm_spil_cap"": 293.0, ""dm_spil_lev"": null, ""dm_gate_type"": null, ""dm_sluice_sz"": null, ""dm_spil_leng"": null, ""dm_spil_type"": null, ""dm_cn_gate_no"": null, ""dm_ener_dissp"": null, ""dm_inst_inter"": null, ""dm_perliament"": ""Kadapa"", ""dm_ph_gate_no"": null, ""dm_instru_embed"": null, ""dm_oper_main_age"": ""Irrg.& CAD Dept."", ""dm_sluice_purpose"": null, ""dm_inst_inter_ager"": null, ""dm_no_river_sluice"": null}}",2026-08-29T14:45:46.967391+00:00,2026-08-29T14:45:46.967391+00:00,0
107,AP_DAM_WRIS_AP01LH0111,Peruru Dam,dam,TE,Chittoor,Irrg.& CAD Dept.,UNKNOWN,CANDIDATE,,,,,103,0.8,False,2026-08-29T14:45:46.967391+00:00,2026-08-29T14:45:46.967391+00:00,,,,,NO_REAL_STRUCTURAL_LABEL,1,Peruru Dam,dam,ap_dam_barrage_state_v1,"{""origin"": ""GOVERNMENT_DERIVED_MIRROR"", ""nrld_no"": ""AP01LH0111"", ""dam_type"": ""TE"", ""age_years"": null, ""gate_type"": null, ""built_year"": null, ""gate_count"": null, ""river_name"": null, ""dam_height_m"": 10.0, ""dam_length_m"": 2520.0, ""quality_flag"": ""SOURCE_PRESERVED"", ""seismic_zone"": ""Seismic Zone-III"", ""spillway_type"": null, ""structure_code"": ""D04558"", ""authority_level"": ""B2"", ""completion_year"": null, ""registry_status"": null, ""spillway_level_m"": null, ""commencement_year"": null, ""spillway_length_m"": null, ""dam_volume_source_value"": null, ""engineering_completeness"": 0.4, ""design_flood_source_value"": null, ""engineering_fields_available"": 4.0, ""engineering_source_confidence"": 0.8, ""spillway_capacity_source_value"": null}",{},False,2026-09-03T04:52:14.819262+00:00,0,1,Peruru Dam,dam,1,103,90,,,10.0,2520.0,,,,,,,,,,,TE,Seismic Zone-III,,AP01LH0111,D04558,Chandragiri,Irrg.& CAD Dept.,,4,0.4,False,B2,GOVERNMENT_DERIVED_MIRROR,SOURCE_PRESERVED,0.8,2026-09-03T04:45:38.976858+00:00,1,1,103,ASSET_REGISTRY,wris_registry_record,,Peruru Dam,,,,,,B2,GOVERNMENT_DERIVED_MIRROR,SOURCE_PRESERVED,0.8,False,False,False,AP state filter + external ID + spatial/name resolution,"{""geometry"": {""type"": ""Point"", ""coordinates"": [79.37578004, 13.60787188]}, ""properties"": {""class"": ""CLASS 3"", ""state"": ""AP"", ""bacode"": ""17"", ""dtcode"": ""Chittoor"", ""dam_vol"": null, ""dm_name"": ""Peruru Dam"", ""dm_type"": ""TE"", ""nrld_no"": ""AP01LH0111"", ""rivcode"": null, ""dm_ncity"": ""Chandragiri"", ""objectid"": 3221, ""strucode"": ""D04558"", ""dm_cmn_yr"": null, ""dm_cmp_yr"": null, ""dm_coment"": null, ""dm_height"": ""10"", ""dm_length"": ""2520"", ""dm_status"": null, ""dm_gate_no"": null, ""dm_gate_sz"": null, ""dm_flod_des"": null, ""dm_gt_ungtd"": null, ""dm_mod_oper"": null, ""dm_ses_zone"": ""Seismic Zone-III"", ""dm_spil_cap"": null, ""dm_spil_lev"": null, ""dm_gate_type"": null, ""dm_sluice_sz"": null, ""dm_spil_leng"": null, ""dm_spil_type"": null, ""dm_cn_gate_no"": null, ""dm_ener_dissp"": null, ""dm_inst_inter"": null, ""dm_perliament"": ""Tirupati"", ""dm_ph_gate_no"": null, ""dm_instru_embed"": null, ""dm_oper_main_age"": ""Irrg.& CAD Dept."", ""dm_sluice_purpose"": null, ""dm_inst_inter_ager"": null, ""dm_no_river_sluice"": null}}",2026-08-29T14:45:46.967391+00:00,2026-08-29T14:45:46.967391+00:00,0
108,AP_DAM_WRIS_AP01LH0045,Pittakayagulla Dam,dam,TE,Prakasam,Irrg.& CAD Dept.,ACTIVE,CANDIDATE,1978,,,,103,0.8,False,2026-08-29T14:45:46.967391+00:00,2026-08-29T14:45:46.967391+00:00,,,,,NO_REAL_STRUCTURAL_LABEL,1,Pittakayagulla Dam,dam,ap_dam_barrage_state_v1,"{""origin"": ""GOVERNMENT_DERIVED_MIRROR"", ""nrld_no"": ""AP01LH0045"", ""dam_type"": ""TE"", ""age_years"": 48.0, ""gate_type"": null, ""built_year"": 1978.0, ""gate_count"": null, ""river_name"": ""Vemuluri Stream"", ""dam_height_m"": 12.5, ""dam_length_m"": null, ""quality_flag"": ""SOURCE_PRESERVED"", ""seismic_zone"": ""Seismic Zone-II"", ""spillway_type"": null, ""structure_code"": ""D04567"", ""authority_level"": ""B2"", ""completion_year"": 1978.0, ""registry_status"": ""Completed"", ""spillway_level_m"": null, ""commencement_year"": null, ""spillway_length_m"": null, ""dam_volume_source_value"": null, ""engineering_completeness"": 0.6, ""design_flood_source_value"": null, ""engineering_fields_available"": 6.0, ""engineering_source_confidence"": 0.8, ""spillway_capacity_source_value"": 429.0}",{},False,2026-09-03T04:52:14.819262+00:00,0,1,Pittakayagulla Dam,dam,1,103,91,1978,,12.5,,,,,,,429.0,,,,Vemuluri Stream,TE,Seismic Zone-II,Completed,AP01LH0045,D04567,Giddalur,Irrg.& CAD Dept.,48.0,6,0.6,False,B2,GOVERNMENT_DERIVED_MIRROR,SOURCE_PRESERVED,0.8,2026-09-03T04:45:38.976858+00:00,1,1,103,ASSET_REGISTRY,wris_registry_record,,Pittakayagulla Dam,,,,,,B2,GOVERNMENT_DERIVED_MIRROR,SOURCE_PRESERVED,0.8,False,False,False,AP state filter + external ID + spatial/name resolution,"{""geometry"": {""type"": ""Point"", ""coordinates"": [79.12404685, 15.47805825]}, ""properties"": {""class"": ""CLASS 3"", ""state"": ""AP"", ""bacode"": ""16"", ""dtcode"": ""Prakasam"", ""dam_vol"": null, ""dm_name"": ""Pittakayagulla Dam"", ""dm_type"": ""TE"", ""nrld_no"": ""AP01LH0045"", ""rivcode"": ""Vemuluri Stream"", ""dm_ncity"": ""Giddalur"", ""objectid"": 3223, ""strucode"": ""D04567"", ""dm_cmn_yr"": null, ""dm_cmp_yr"": ""1978"", ""dm_coment"": null, ""dm_height"": ""12.5"", ""dm_length"": null, ""dm_status"": ""Completed"", ""dm_gate_no"": null, ""dm_gate_sz"": null, ""dm_flod_des"": null, ""dm_gt_ungtd"": null, ""dm_mod_oper"": null, ""dm_ses_zone"": ""Seismic Zone-II"", ""dm_spil_cap"": 429.0, ""dm_spil_lev"": null, ""dm_gate_type"": null, ""dm_sluice_sz"": null, ""dm_spil_leng"": null, ""dm_spil_type"": null, ""dm_cn_gate_no"": null, ""dm_ener_dissp"": null, ""dm_inst_inter"": null, ""dm_perliament"": ""Ongole"", ""dm_ph_gate_no"": null, ""dm_instru_embed"": null, ""dm_oper_main_age"": ""Irrg.& CAD Dept."", ""dm_sluice_purpose"": null, ""dm_inst_inter_ager"": null, ""dm_no_river_sluice"": null}}",2026-08-29T14:45:46.967391+00:00,2026-08-29T14:45:46.967391+00:00,0
109,AP_DAM_WRIS_AP01LH0115,Rayalacheruvu Dam,dam,TE,Anantapur,Irrg.& CAD Dept.,UNKNOWN,CANDIDATE,,,,,103,0.8,False,2026-08-29T14:45:46.967391+00:00,2026-08-29T14:45:46.967391+00:00,,,,,NO_REAL_STRUCTURAL_LABEL,1,Rayalacheruvu Dam,dam,ap_dam_barrage_state_v1,"{""origin"": ""GOVERNMENT_DERIVED_MIRROR"", ""nrld_no"": ""AP01LH0115"", ""dam_type"": ""TE"", ""age_years"": null, ""gate_type"": null, ""built_year"": null, ""gate_count"": null, ""river_name"": ""Pennar"", ""dam_height_m"": 10.0, ""dam_length_m"": 920.0, ""quality_flag"": ""SOURCE_PRESERVED"", ""seismic_zone"": ""Seismic Zone-II"", ""spillway_type"": null, ""structure_code"": ""D04630"", ""authority_level"": ""B2"", ""completion_year"": null, ""registry_status"": null, ""spillway_level_m"": null, ""commencement_year"": null, ""spillway_length_m"": null, ""dam_volume_source_value"": 260.0, ""engineering_completeness"": 0.6, ""design_flood_source_value"": null, ""engineering_fields_available"": 6.0, ""engineering_source_confidence"": 0.8, ""spillway_capacity_source_value"": 21.0}",{},False,2026-09-03T04:52:14.819262+00:00,0,1,Rayalacheruvu Dam,dam,1,103,92,,,10.0,920.0,260.0,,,,,21.0,,,,Pennar,TE,Seismic Zone-II,,AP01LH0115,D04630,Tadpatri,Irrg.& CAD Dept.,,6,0.6,False,B2,GOVERNMENT_DERIVED_MIRROR,SOURCE_PRESERVED,0.8,2026-09-03T04:45:38.976858+00:00,1,1,103,ASSET_REGISTRY,wris_registry_record,,Rayalacheruvu Dam,,,,,,B2,GOVERNMENT_DERIVED_MIRROR,SOURCE_PRESERVED,0.8,False,False,False,AP state filter + external ID + spatial/name resolution,"{""geometry"": {""type"": ""Point"", ""coordinates"": [77.80463519, 15.05301066]}, ""properties"": {""class"": ""CLASS 3"", ""state"": ""AP"", ""bacode"": ""09"", ""dtcode"": ""Anantapur"", ""dam_vol"": ""260"", ""dm_name"": ""Rayalacheruvu Dam"", ""dm_type"": ""TE"", ""nrld_no"": ""AP01LH0115"", ""rivcode"": ""Pennar"", ""dm_ncity"": ""Tadpatri"", ""objectid"": 3228, ""strucode"": ""D04630"", ""dm_cmn_yr"": null, ""dm_cmp_yr"": null, ""dm_coment"": null, ""dm_height"": ""10"", ""dm_length"": ""920"", ""dm_status"": null, ""dm_gate_no"": null, ""dm_gate_sz"": null, ""dm_flod_des"": null, ""dm_gt_ungtd"": null, ""dm_mod_oper"": null, ""dm_ses_zone"": ""Seismic Zone-II"", ""dm_spil_cap"": 21.0, ""dm_spil_lev"": null, ""dm_gate_type"": null, ""dm_sluice_sz"": null, ""dm_spil_leng"": null, ""dm_spil_type"": null, ""dm_cn_gate_no"": null, ""dm_ener_dissp"": null, ""dm_inst_inter"": null, ""dm_perliament"": ""Anantapur"", ""dm_ph_gate_no"": null, ""dm_instru_embed"": null, ""dm_oper_main_age"": ""Irrg.& CAD Dept."", ""dm_sluice_purpose"": null, ""dm_inst_inter_ager"": null, ""dm_no_river_sluice"": null}}",2026-08-29T14:45:46.967391+00:00,2026-08-29T14:45:46.967391+00:00,0
110,AP_DAM_WRIS_AP01LH0048,Sadasivakona Dam,dam,TE,Chittoor,Irrg.& CAD Dept.,ACTIVE,CANDIDATE,1979,,,,103,0.8,False,2026-08-29T14:45:46.967391+00:00,2026-08-29T14:45:46.967391+00:00,,,,,NO_REAL_STRUCTURAL_LABEL,1,Sadasivakona Dam,dam,ap_dam_barrage_state_v1,"{""origin"": ""GOVERNMENT_DERIVED_MIRROR"", ""nrld_no"": ""AP01LH0048"", ""dam_type"": ""TE"", ""age_years"": 47.0, ""gate_type"": null, ""built_year"": 1979.0, ""gate_count"": null, ""river_name"": ""Sadasivakona"", ""dam_height_m"": 14.03, ""dam_length_m"": 619.0, ""quality_flag"": ""SOURCE_PRESERVED"", ""seismic_zone"": ""Seismic Zone-III"", ""spillway_type"": null, ""structure_code"": ""D04649"", ""authority_level"": ""B2"", ""completion_year"": 1979.0, ""registry_status"": ""Completed"", ""spillway_level_m"": null, ""commencement_year"": null, ""spillway_length_m"": null, ""dam_volume_source_value"": 137.0, ""engineering_completeness"": 0.7, ""design_flood_source_value"": null, ""engineering_fields_available"": 7.0, ""engineering_source_confidence"": 0.8, ""spillway_capacity_source_value"": 180.0}",{},False,2026-09-03T04:52:14.819262+00:00,0,1,Sadasivakona Dam,dam,1,103,93,1979,,14.03,619.0,137.0,,,,,180.0,,,,Sadasivakona,TE,Seismic Zone-III,Completed,AP01LH0048,D04649,Sri Kalahasti,Irrg.& CAD Dept.,47.0,7,0.7,False,B2,GOVERNMENT_DERIVED_MIRROR,SOURCE_PRESERVED,0.8,2026-09-03T04:45:38.976858+00:00,1,1,103,ASSET_REGISTRY,wris_registry_record,,Sadasivakona Dam,,,,,,B2,GOVERNMENT_DERIVED_MIRROR,SOURCE_PRESERVED,0.8,False,False,False,AP state filter + external ID + spatial/name resolution,"{""geometry"": {""type"": ""Point"", ""coordinates"": [79.61823729, 13.59367831]}, ""properties"": {""class"": ""CLASS 3"", ""state"": ""AP"", ""bacode"": ""17"", ""dtcode"": ""Chittoor"", ""dam_vol"": ""137"", ""dm_name"": ""Sadasivakona Dam"", ""dm_type"": ""TE"", ""nrld_no"": ""AP01LH0048"", ""rivcode"": ""Sadasivakona"", ""dm_ncity"": ""Sri Kalahasti"", ""objectid"": 3229, ""strucode"": ""D04649"", ""dm_cmn_yr"": null, ""dm_cmp_yr"": ""1979"", ""dm_coment"": null, ""dm_height"": ""14.03"", ""dm_length"": ""619"", ""dm_status"": ""Completed"", ""dm_gate_no"": null, ""dm_gate_sz"": null, ""dm_flod_des"": null, ""dm_gt_ungtd"": null, ""dm_mod_oper"": null, ""dm_ses_zone"": ""Seismic Zone-III"", ""dm_spil_cap"": 180.0, ""dm_spil_lev"": null, ""dm_gate_type"": null, ""dm_sluice_sz"": null, ""dm_spil_leng"": null, ""dm_spil_type"": null, ""dm_cn_gate_no"": null, ""dm_ener_dissp"": null, ""dm_inst_inter"": null, ""dm_perliament"": ""Tirupati"", ""dm_ph_gate_no"": null, ""dm_instru_embed"": null, ""dm_oper_main_age"": ""Irrg.& CAD Dept."", ""dm_sluice_purpose"": null, ""dm_inst_inter_ager"": null, ""dm_no_river_sluice"": null}}",2026-08-29T14:45:46.967391+00:00,2026-08-29T14:45:46.967391+00:00,0
111,AP_DAM_WRIS_AP01LH0055,Thadukuvagu Dam,dam,TE,Y.S.R.,Irrg.& CAD Dept.,ACTIVE,CANDIDATE,1982,,,,103,0.8,False,2026-08-29T14:45:46.967391+00:00,2026-08-29T14:45:46.967391+00:00,,,,,NO_REAL_STRUCTURAL_LABEL,1,Thadukuvagu Dam,dam,ap_dam_barrage_state_v1,"{""origin"": ""GOVERNMENT_DERIVED_MIRROR"", ""nrld_no"": ""AP01LH0055"", ""dam_type"": ""TE"", ""age_years"": 44.0, ""gate_type"": null, ""built_year"": 1982.0, ""gate_count"": null, ""river_name"": null, ""dam_height_m"": 12.2, ""dam_length_m"": 900.0, ""quality_flag"": ""SOURCE_PRESERVED"", ""seismic_zone"": ""Seismic Zone-II"", ""spillway_type"": null, ""structure_code"": ""D05261"", ""authority_level"": ""B2"", ""completion_year"": 1982.0, ""registry_status"": ""Completed"", ""spillway_level_m"": null, ""commencement_year"": null, ""spillway_length_m"": null, ""dam_volume_source_value"": null, ""engineering_completeness"": 0.6, ""design_flood_source_value"": null, ""engineering_fields_available"": 6.0, ""engineering_source_confidence"": 0.8, ""spillway_capacity_source_value"": 680.0}",{},False,2026-09-03T04:52:14.819262+00:00,0,1,Thadukuvagu Dam,dam,1,103,94,1982,,12.2,900.0,,,,,,680.0,,,,,TE,Seismic Zone-II,Completed,AP01LH0055,D05261,Badvel,Irrg.& CAD Dept.,44.0,6,0.6,False,B2,GOVERNMENT_DERIVED_MIRROR,SOURCE_PRESERVED,0.8,2026-09-03T04:45:38.976858+00:00,1,1,103,ASSET_REGISTRY,wris_registry_record,,Thadukuvagu Dam,,,,,,B2,GOVERNMENT_DERIVED_MIRROR,SOURCE_PRESERVED,0.8,False,False,False,AP state filter + external ID + spatial/name resolution,"{""geometry"": {""type"": ""Point"", ""coordinates"": [78.88061498, 15.18213417]}, ""properties"": {""class"": ""CLASS 3"", ""state"": ""AP"", ""bacode"": ""09"", ""dtcode"": ""Y.S.R."", ""dam_vol"": null, ""dm_name"": ""Thadukuvagu Dam"", ""dm_type"": ""TE"", ""nrld_no"": ""AP01LH0055"", ""rivcode"": null, ""dm_ncity"": ""Badvel"", ""objectid"": 3769, ""strucode"": ""D05261"", ""dm_cmn_yr"": null, ""dm_cmp_yr"": ""1982"", ""dm_coment"": null, ""dm_height"": ""12.2"", ""dm_length"": ""900"", ""dm_status"": ""Completed"", ""dm_gate_no"": null, ""dm_gate_sz"": null, ""dm_flod_des"": null, ""dm_gt_ungtd"": null, ""dm_mod_oper"": null, ""dm_ses_zone"": ""Seismic Zone-II"", ""dm_spil_cap"": 680.0, ""dm_spil_lev"": null, ""dm_gate_type"": null, ""dm_sluice_sz"": null, ""dm_spil_leng"": null, ""dm_spil_type"": null, ""dm_cn_gate_no"": null, ""dm_ener_dissp"": null, ""dm_inst_inter"": null, ""dm_perliament"": ""Kadapa"", ""dm_ph_gate_no"": null, ""dm_instru_embed"": null, ""dm_oper_main_age"": ""Irrg.& CAD Dept."", ""dm_sluice_purpose"": null, ""dm_inst_inter_ager"": null, ""dm_no_river_sluice"": null}}",2026-08-29T14:45:46.967391+00:00,2026-08-29T14:45:46.967391+00:00,0
112,AP_DAM_WRIS_AP01MH0145,"Urakagedda , Sankaram (V), Madugula(M) Dam",dam,TE,Visakhapatnam,Irrg.& CAD Dept.,CONSTRUCTION,CANDIDATE,,,,,103,0.8,False,2026-08-29T14:45:46.967391+00:00,2026-08-29T14:45:46.967391+00:00,,,,,NO_REAL_STRUCTURAL_LABEL,1,"Urakagedda , Sankaram (V), Madugula(M) Dam",dam,ap_dam_barrage_state_v1,"{""origin"": ""GOVERNMENT_DERIVED_MIRROR"", ""nrld_no"": ""AP01MH0145"", ""dam_type"": ""TE"", ""age_years"": null, ""gate_type"": null, ""built_year"": null, ""gate_count"": null, ""river_name"": null, ""dam_height_m"": 25.0, ""dam_length_m"": 515.0, ""quality_flag"": ""SOURCE_PRESERVED"", ""seismic_zone"": ""Seismic Zone-II"", ""spillway_type"": null, ""structure_code"": ""D05266"", ""authority_level"": ""B2"", ""completion_year"": null, ""registry_status"": ""Under Construction"", ""spillway_level_m"": null, ""commencement_year"": null, ""spillway_length_m"": null, ""dam_volume_source_value"": null, ""engineering_completeness"": 0.5, ""design_flood_source_value"": null, ""engineering_fields_available"": 5.0, ""engineering_source_confidence"": 0.8, ""spillway_capacity_source_value"": 15651.0}",{},False,2026-09-03T04:52:14.819262+00:00,0,1,"Urakagedda , Sankaram (V), Madugula(M) Dam",dam,1,103,95,,,25.0,515.0,,,,,,15651.0,,,,,TE,Seismic Zone-II,Under Construction,AP01MH0145,D05266,Paderu,Irrg.& CAD Dept.,,5,0.5,False,B2,GOVERNMENT_DERIVED_MIRROR,SOURCE_PRESERVED,0.8,2026-09-03T04:45:38.976858+00:00,1,1,103,ASSET_REGISTRY,wris_registry_record,,"Urakagedda , Sankaram (V), Madugula(M) Dam",,,,,,B2,GOVERNMENT_DERIVED_MIRROR,SOURCE_PRESERVED,0.8,False,False,False,AP state filter + external ID + spatial/name resolution,"{""geometry"": {""type"": ""Point"", ""coordinates"": [82.72601449, 17.93943707]}, ""properties"": {""class"": ""CLASS 3"", ""state"": ""AP"", ""bacode"": ""16"", ""dtcode"": ""Visakhapatnam"", ""dam_vol"": null, ""dm_name"": ""Urakagedda , Sankaram (V), Madugula(M) Dam"", ""dm_type"": ""TE"", ""nrld_no"": ""AP01MH0145"", ""rivcode"": null, ""dm_ncity"": ""Paderu"", ""objectid"": 3771, ""strucode"": ""D05266"", ""dm_cmn_yr"": null, ""dm_cmp_yr"": null, ""dm_coment"": null, ""dm_height"": ""25"", ""dm_length"": ""515"", ""dm_status"": ""Under Construction"", ""dm_gate_no"": null, ""dm_gate_sz"": null, ""dm_flod_des"": null, ""dm_gt_ungtd"": null, ""dm_mod_oper"": null, ""dm_ses_zone"": ""Seismic Zone-II"", ""dm_spil_cap"": 15651.0, ""dm_spil_lev"": null, ""dm_gate_type"": null, ""dm_sluice_sz"": null, ""dm_spil_leng"": null, ""dm_spil_type"": null, ""dm_cn_gate_no"": null, ""dm_ener_dissp"": null, ""dm_inst_inter"": null, ""dm_perliament"": ""Araku"", ""dm_ph_gate_no"": null, ""dm_instru_embed"": null, ""dm_oper_main_age"": ""Irrg.& CAD Dept."", ""dm_sluice_purpose"": null, ""dm_inst_inter_ager"": null, ""dm_no_river_sluice"": null}}",2026-08-29T14:45:46.967391+00:00,2026-08-29T14:45:46.967391+00:00,0
113,AP_DAM_WRIS_AP01LH0071,Sancherla Dam,dam,TE,Y.S.R.,Irrg.& CAD Dept.,ACTIVE,CANDIDATE,2000,,,,103,0.8,False,2026-08-29T14:45:46.967391+00:00,2026-08-29T14:45:46.967391+00:00,,,,,NO_REAL_STRUCTURAL_LABEL,1,Sancherla Dam,dam,ap_dam_barrage_state_v1,"{""origin"": ""GOVERNMENT_DERIVED_MIRROR"", ""nrld_no"": ""AP01LH0071"", ""dam_type"": ""TE"", ""age_years"": 26.0, ""gate_type"": null, ""built_year"": 2000.0, ""gate_count"": null, ""river_name"": null, ""dam_height_m"": 12.0, ""dam_length_m"": 500.0, ""quality_flag"": ""SOURCE_PRESERVED"", ""seismic_zone"": ""Seismic Zone-II"", ""spillway_type"": null, ""structure_code"": ""D05180"", ""authority_level"": ""B2"", ""completion_year"": 2000.0, ""registry_status"": ""Completed"", ""spillway_level_m"": null, ""commencement_year"": null, ""spillway_length_m"": null, ""dam_volume_source_value"": null, ""engineering_completeness"": 0.6, ""design_flood_source_value"": null, ""engineering_fields_available"": 6.0, ""engineering_source_confidence"": 0.8, ""spillway_capacity_source_value"": 340.0}",{},False,2026-09-03T04:52:14.819262+00:00,0,1,Sancherla Dam,dam,1,103,96,2000,,12.0,500.0,,,,,,340.0,,,,,TE,Seismic Zone-II,Completed,AP01LH0071,D05180,Badvel,Irrg.& CAD Dept.,26.0,6,0.6,False,B2,GOVERNMENT_DERIVED_MIRROR,SOURCE_PRESERVED,0.8,2026-09-03T04:45:38.976858+00:00,1,1,103,ASSET_REGISTRY,wris_registry_record,,Sancherla Dam,,,,,,B2,GOVERNMENT_DERIVED_MIRROR,SOURCE_PRESERVED,0.8,False,False,False,AP state filter + external ID + spatial/name resolution,"{""geometry"": {""type"": ""Point"", ""coordinates"": [79.02396218, 15.1482259]}, ""properties"": {""class"": ""CLASS 3"", ""state"": ""AP"", ""bacode"": ""09"", ""dtcode"": ""Y.S.R."", ""dam_vol"": null, ""dm_name"": ""Sancherla Dam"", ""dm_type"": ""TE"", ""nrld_no"": ""AP01LH0071"", ""rivcode"": null, ""dm_ncity"": ""Badvel"", ""objectid"": 3850, ""strucode"": ""D05180"", ""dm_cmn_yr"": null, ""dm_cmp_yr"": ""2000"", ""dm_coment"": null, ""dm_height"": ""12"", ""dm_length"": ""500"", ""dm_status"": ""Completed"", ""dm_gate_no"": null, ""dm_gate_sz"": null, ""dm_flod_des"": null, ""dm_gt_ungtd"": null, ""dm_mod_oper"": null, ""dm_ses_zone"": ""Seismic Zone-II"", ""dm_spil_cap"": 340.0, ""dm_spil_lev"": null, ""dm_gate_type"": null, ""dm_sluice_sz"": null, ""dm_spil_leng"": null, ""dm_spil_type"": null, ""dm_cn_gate_no"": null, ""dm_ener_dissp"": null, ""dm_inst_inter"": null, ""dm_perliament"": ""Kadapa"", ""dm_ph_gate_no"": null, ""dm_instru_embed"": null, ""dm_oper_main_age"": ""Irrg.& CAD Dept."", ""dm_sluice_purpose"": null, ""dm_inst_inter_ager"": null, ""dm_no_river_sluice"": null}}",2026-08-29T14:45:46.967391+00:00,2026-08-29T14:45:46.967391+00:00,0
114,AP_DAM_WRIS_AP01LH0116,Sankarayalapeta Dam,dam,TE + PG,Chittoor,Irrg.& CAD Dept.,UNKNOWN,CANDIDATE,,,,,103,0.8,False,2026-08-29T14:45:46.967391+00:00,2026-08-29T14:45:46.967391+00:00,,,,,NO_REAL_STRUCTURAL_LABEL,1,Sankarayalapeta Dam,dam,ap_dam_barrage_state_v1,"{""origin"": ""GOVERNMENT_DERIVED_MIRROR"", ""nrld_no"": ""AP01LH0116"", ""dam_type"": ""TE + PG"", ""age_years"": null, ""gate_type"": null, ""built_year"": null, ""gate_count"": null, ""river_name"": null, ""dam_height_m"": 13.0, ""dam_length_m"": 2000.0, ""quality_flag"": ""SOURCE_PRESERVED"", ""seismic_zone"": ""Seismic Zone-II"", ""spillway_type"": null, ""structure_code"": ""D05182"", ""authority_level"": ""B2"", ""completion_year"": null, ""registry_status"": null, ""spillway_level_m"": null, ""commencement_year"": null, ""spillway_length_m"": null, ""dam_volume_source_value"": null, ""engineering_completeness"": 0.4, ""design_flood_source_value"": null, ""engineering_fields_available"": 4.0, ""engineering_source_confidence"": 0.8, ""spillway_capacity_source_value"": null}",{},False,2026-09-03T04:52:14.819262+00:00,0,1,Sankarayalapeta Dam,dam,1,103,97,,,13.0,2000.0,,,,,,,,,,,TE + PG,Seismic Zone-II,,AP01LH0116,D05182,Punganuru,Irrg.& CAD Dept.,,4,0.4,False,B2,GOVERNMENT_DERIVED_MIRROR,SOURCE_PRESERVED,0.8,2026-09-03T04:45:38.976858+00:00,1,1,103,ASSET_REGISTRY,wris_registry_record,,Sankarayalapeta Dam,,,,,,B2,GOVERNMENT_DERIVED_MIRROR,SOURCE_PRESERVED,0.8,False,False,False,AP state filter + external ID + spatial/name resolution,"{""geometry"": {""type"": ""Point"", ""coordinates"": [78.60804951, 13.22900941]}, ""properties"": {""class"": ""CLASS 3"", ""state"": ""AP"", ""bacode"": ""17"", ""dtcode"": ""Chittoor"", ""dam_vol"": null, ""dm_name"": ""Sankarayalapeta Dam"", ""dm_type"": ""TE + PG"", ""nrld_no"": ""AP01LH0116"", ""rivcode"": null, ""dm_ncity"": ""Punganuru"", ""objectid"": 3851, ""strucode"": ""D05182"", ""dm_cmn_yr"": null, ""dm_cmp_yr"": null, ""dm_coment"": null, ""dm_height"": ""13"", ""dm_length"": ""2000"", ""dm_status"": null, ""dm_gate_no"": null, ""dm_gate_sz"": null, ""dm_flod_des"": null, ""dm_gt_ungtd"": null, ""dm_mod_oper"": null, ""dm_ses_zone"": ""Seismic Zone-II"", ""dm_spil_cap"": null, ""dm_spil_lev"": null, ""dm_gate_type"": null, ""dm_sluice_sz"": null, ""dm_spil_leng"": null, ""dm_spil_type"": null, ""dm_cn_gate_no"": null, ""dm_ener_dissp"": null, ""dm_inst_inter"": null, ""dm_perliament"": ""Chittoor"", ""dm_ph_gate_no"": null, ""dm_instru_embed"": null, ""dm_oper_main_age"": ""Irrg.& CAD Dept."", ""dm_sluice_purpose"": null, ""dm_inst_inter_ager"": null, ""dm_no_river_sluice"": null}}",2026-08-29T14:45:46.967391+00:00,2026-08-29T14:45:46.967391+00:00,0
115,AP_DAM_WRIS_AP01LH0147,Vanaka Badigedda Dam,dam,TE + PG,Vizianagaram,Irrg.& CAD Dept.,CONSTRUCTION,CANDIDATE,,,,,103,0.8,False,2026-08-29T14:45:46.967391+00:00,2026-08-29T14:45:46.967391+00:00,,,,,NO_REAL_STRUCTURAL_LABEL,1,Vanaka Badigedda Dam,dam,ap_dam_barrage_state_v1,"{""origin"": ""GOVERNMENT_DERIVED_MIRROR"", ""nrld_no"": ""AP01LH0147"", ""dam_type"": ""TE + PG"", ""age_years"": null, ""gate_type"": null, ""built_year"": null, ""gate_count"": null, ""river_name"": ""Vanaka Badigedda"", ""dam_height_m"": 13.0, ""dam_length_m"": 630.0, ""quality_flag"": ""SOURCE_PRESERVED"", ""seismic_zone"": ""Seismic Zone-II"", ""spillway_type"": null, ""structure_code"": ""D05291"", ""authority_level"": ""B2"", ""completion_year"": null, ""registry_status"": ""Under Construction"", ""spillway_level_m"": null, ""commencement_year"": null, ""spillway_length_m"": null, ""dam_volume_source_value"": 1.99, ""engineering_completeness"": 0.5, ""design_flood_source_value"": null, ""engineering_fields_available"": 5.0, ""engineering_source_confidence"": 0.8, ""spillway_capacity_source_value"": null}",{},False,2026-09-03T04:52:14.819262+00:00,0,1,Vanaka Badigedda Dam,dam,1,103,98,,,13.0,630.0,1.99,,,,,,,,,Vanaka Badigedda,TE + PG,Seismic Zone-II,Under Construction,AP01LH0147,D05291,Parvathipuram,Irrg.& CAD Dept.,,5,0.5,False,B2,GOVERNMENT_DERIVED_MIRROR,SOURCE_PRESERVED,0.8,2026-09-03T04:45:38.976858+00:00,1,1,103,ASSET_REGISTRY,wris_registry_record,,Vanaka Badigedda Dam,,,,,,B2,GOVERNMENT_DERIVED_MIRROR,SOURCE_PRESERVED,0.8,False,False,False,AP state filter + external ID + spatial/name resolution,"{""geometry"": {""type"": ""Point"", ""coordinates"": [83.4187376, 18.89752984]}, ""properties"": {""class"": ""Class 2"", ""state"": ""AP"", ""bacode"": ""16"", ""dtcode"": ""Vizianagaram"", ""dam_vol"": ""1.99"", ""dm_name"": ""Vanaka Badigedda Dam"", ""dm_type"": ""TE + PG"", ""nrld_no"": ""AP01LH0147"", ""rivcode"": ""Vanaka Badigedda"", ""dm_ncity"": ""Parvathipuram"", ""objectid"": 3897, ""strucode"": ""D05291"", ""dm_cmn_yr"": null, ""dm_cmp_yr"": null, ""dm_coment"": null, ""dm_height"": ""13"", ""dm_length"": ""630"", ""dm_status"": ""Under Construction"", ""dm_gate_no"": null, ""dm_gate_sz"": null, ""dm_flod_des"": null, ""dm_gt_ungtd"": null, ""dm_mod_oper"": null, ""dm_ses_zone"": ""Seismic Zone-II"", ""dm_spil_cap"": null, ""dm_spil_lev"": null, ""dm_gate_type"": null, ""dm_sluice_sz"": null, ""dm_spil_leng"": null, ""dm_spil_type"": null, ""dm_cn_gate_no"": null, ""dm_ener_dissp"": null, ""dm_inst_inter"": null, ""dm_perliament"": ""Araku"", ""dm_ph_gate_no"": null, ""dm_instru_embed"": null, ""dm_oper_main_age"": ""Irrg.& CAD Dept."", ""dm_sluice_purpose"": null, ""dm_inst_inter_ager"": null, ""dm_no_river_sluice"": null}}",2026-08-29T14:45:46.967391+00:00,2026-08-29T14:45:46.967391+00:00,0
116,AP_DAM_WRIS_AP01MH0066,Varikunta Dam,dam,TE,Y.S.R.,Irrg.& CAD Dept.,ACTIVE,CANDIDATE,1997,,,,103,0.8,False,2026-08-29T14:45:46.967391+00:00,2026-08-29T14:45:46.967391+00:00,,,,,NO_REAL_STRUCTURAL_LABEL,1,Varikunta Dam,dam,ap_dam_barrage_state_v1,"{""origin"": ""GOVERNMENT_DERIVED_MIRROR"", ""nrld_no"": ""AP01MH0066"", ""dam_type"": ""TE"", ""age_years"": 29.0, ""gate_type"": ""RD"", ""built_year"": 1997.0, ""gate_count"": null, ""river_name"": null, ""dam_height_m"": 15.1, ""dam_length_m"": 1156.0, ""quality_flag"": ""SOURCE_PRESERVED"", ""seismic_zone"": ""Seismic Zone-II"", ""spillway_type"": null, ""structure_code"": ""D05292"", ""authority_level"": ""B2"", ""completion_year"": 1997.0, ""registry_status"": ""Completed"", ""spillway_level_m"": null, ""commencement_year"": null, ""spillway_length_m"": null, ""dam_volume_source_value"": null, ""engineering_completeness"": 0.6, ""design_flood_source_value"": null, ""engineering_fields_available"": 6.0, ""engineering_source_confidence"": 0.8, ""spillway_capacity_source_value"": 810.0}",{},False,2026-09-03T04:52:14.819262+00:00,0,1,Varikunta Dam,dam,1,103,99,1997,,15.1,1156.0,,,,RD,,810.0,,,,,TE,Seismic Zone-II,Completed,AP01MH0066,D05292,Badvel,Irrg.& CAD Dept.,29.0,6,0.6,False,B2,GOVERNMENT_DERIVED_MIRROR,SOURCE_PRESERVED,0.8,2026-09-03T04:45:38.976858+00:00,1,1,103,ASSET_REGISTRY,wris_registry_record,,Varikunta Dam,,,,,,B2,GOVERNMENT_DERIVED_MIRROR,SOURCE_PRESERVED,0.8,False,False,False,AP state filter + external ID + spatial/name resolution,"{""geometry"": {""type"": ""Point"", ""coordinates"": [78.86858603, 15.07557878]}, ""properties"": {""class"": ""CLASS 3"", ""state"": ""AP"", ""bacode"": ""09"", ""dtcode"": ""Y.S.R."", ""dam_vol"": null, ""dm_name"": ""Varikunta Dam"", ""dm_type"": ""TE"", ""nrld_no"": ""AP01MH0066"", ""rivcode"": null, ""dm_ncity"": ""Badvel"", ""objectid"": 3898, ""strucode"": ""D05292"", ""dm_cmn_yr"": null, ""dm_cmp_yr"": ""1997"", ""dm_coment"": null, ""dm_height"": ""15.1"", ""dm_length"": ""1156"", ""dm_status"": ""Completed"", ""dm_gate_no"": null, ""dm_gate_sz"": null, ""dm_flod_des"": null, ""dm_gt_ungtd"": null, ""dm_mod_oper"": null, ""dm_ses_zone"": ""Seismic Zone-II"", ""dm_spil_cap"": 810.0, ""dm_spil_lev"": null, ""dm_gate_type"": ""RD"", ""dm_sluice_sz"": null, ""dm_spil_leng"": null, ""dm_spil_type"": null, ""dm_cn_gate_no"": null, ""dm_ener_dissp"": null, ""dm_inst_inter"": null, ""dm_perliament"": ""Kadapa"", ""dm_ph_gate_no"": null, ""dm_instru_embed"": null, ""dm_oper_main_age"": ""Irrg.& CAD Dept."", ""dm_sluice_purpose"": null, ""dm_inst_inter_ager"": null, ""dm_no_river_sluice"": null}}",2026-08-29T14:45:46.967391+00:00,2026-08-29T14:45:46.967391+00:00,0
117,AP_DAM_WRIS_AP01LH0032,Vyasasamudram Dam,dam,TE + PG,Chittoor,Irrg.& CAD Dept.,ACTIVE,CANDIDATE,1974,,,,103,0.8,False,2026-08-29T14:45:46.967391+00:00,2026-08-29T14:45:46.967391+00:00,,,,,NO_REAL_STRUCTURAL_LABEL,1,Vyasasamudram Dam,dam,ap_dam_barrage_state_v1,"{""origin"": ""GOVERNMENT_DERIVED_MIRROR"", ""nrld_no"": ""AP01LH0032"", ""dam_type"": ""TE + PG"", ""age_years"": 52.0, ""gate_type"": ""LG"", ""built_year"": 1974.0, ""gate_count"": null, ""river_name"": null, ""dam_height_m"": 11.29, ""dam_length_m"": 840.0, ""quality_flag"": ""SOURCE_PRESERVED"", ""seismic_zone"": ""Seismic Zone-II"", ""spillway_type"": null, ""structure_code"": ""D05299"", ""authority_level"": ""B2"", ""completion_year"": 1974.0, ""registry_status"": ""Completed"", ""spillway_level_m"": null, ""commencement_year"": null, ""spillway_length_m"": null, ""dam_volume_source_value"": null, ""engineering_completeness"": 0.6, ""design_flood_source_value"": null, ""engineering_fields_available"": 6.0, ""engineering_source_confidence"": 0.8, ""spillway_capacity_source_value"": 169.0}",{},False,2026-09-03T04:52:14.819262+00:00,0,1,Vyasasamudram Dam,dam,1,103,100,1974,,11.29,840.0,,,,LG,,169.0,,,,,TE + PG,Seismic Zone-II,Completed,AP01LH0032,D05299,Madanapalle,Irrg.& CAD Dept.,52.0,6,0.6,False,B2,GOVERNMENT_DERIVED_MIRROR,SOURCE_PRESERVED,0.8,2026-09-03T04:45:38.976858+00:00,1,1,103,ASSET_REGISTRY,wris_registry_record,,Vyasasamudram Dam,,,,,,B2,GOVERNMENT_DERIVED_MIRROR,SOURCE_PRESERVED,0.8,False,False,False,AP state filter + external ID + spatial/name resolution,"{""geometry"": {""type"": ""Point"", ""coordinates"": [78.13812669, 13.73048055]}, ""properties"": {""class"": ""CLASS 3"", ""state"": ""AP"", ""bacode"": ""09"", ""dtcode"": ""Chittoor"", ""dam_vol"": null, ""dm_name"": ""Vyasasamudram Dam"", ""dm_type"": ""TE + PG"", ""nrld_no"": ""AP01LH0032"", ""rivcode"": null, ""dm_ncity"": ""Madanapalle"", ""objectid"": 3901, ""strucode"": ""D05299"", ""dm_cmn_yr"": null, ""dm_cmp_yr"": ""1974"", ""dm_coment"": ""Broadcrested weirs built in stone masonry"", ""dm_height"": ""11.29"", ""dm_length"": ""840"", ""dm_status"": ""Completed"", ""dm_gate_no"": null, ""dm_gate_sz"": null, ""dm_flod_des"": null, ""dm_gt_ungtd"": null, ""dm_mod_oper"": null, ""dm_ses_zone"": ""Seismic Zone-II"", ""dm_spil_cap"": 169.0, ""dm_spil_lev"": null, ""dm_gate_type"": ""LG"", ""dm_sluice_sz"": null, ""dm_spil_leng"": null, ""dm_spil_type"": null, ""dm_cn_gate_no"": null, ""dm_ener_dissp"": null, ""dm_inst_inter"": null, ""dm_perliament"": ""Rajampet"", ""dm_ph_gate_no"": null, ""dm_instru_embed"": null, ""dm_oper_main_age"": ""Irrg.& CAD Dept."", ""dm_sluice_purpose"": null, ""dm_inst_inter_ager"": null, ""dm_no_river_sluice"": null}}",2026-08-29T14:45:46.967391+00:00,2026-08-29T14:45:46.967391+00:00,0
118,AP_DAM_WRIS_AP01LH0124,Y.T.Cheruvu Dam,dam,TE + PG,Anantapur,Irrg.& CAD Dept.,UNKNOWN,CANDIDATE,,,,,103,0.8,False,2026-08-29T14:45:46.967391+00:00,2026-08-29T14:45:46.967391+00:00,,,,,NO_REAL_STRUCTURAL_LABEL,1,Y.T.Cheruvu Dam,dam,ap_dam_barrage_state_v1,"{""origin"": ""GOVERNMENT_DERIVED_MIRROR"", ""nrld_no"": ""AP01LH0124"", ""dam_type"": ""TE + PG"", ""age_years"": null, ""gate_type"": ""LG"", ""built_year"": null, ""gate_count"": null, ""river_name"": null, ""dam_height_m"": 10.0, ""dam_length_m"": 2078.0, ""quality_flag"": ""SOURCE_PRESERVED"", ""seismic_zone"": ""Seismic Zone-II"", ""spillway_type"": null, ""structure_code"": ""D05300"", ""authority_level"": ""B2"", ""completion_year"": null, ""registry_status"": null, ""spillway_level_m"": null, ""commencement_year"": null, ""spillway_length_m"": null, ""dam_volume_source_value"": null, ""engineering_completeness"": 0.5, ""design_flood_source_value"": null, ""engineering_fields_available"": 5.0, ""engineering_source_confidence"": 0.8, ""spillway_capacity_source_value"": 226.0}",{},False,2026-09-03T04:52:14.819262+00:00,0,1,Y.T.Cheruvu Dam,dam,1,103,101,,,10.0,2078.0,,,,LG,,226.0,,,,,TE + PG,Seismic Zone-II,,AP01LH0124,D05300,Gooty,Irrg.& CAD Dept.,,5,0.5,False,B2,GOVERNMENT_DERIVED_MIRROR,SOURCE_PRESERVED,0.8,2026-09-03T04:45:38.976858+00:00,1,1,103,ASSET_REGISTRY,wris_registry_record,,Y.T.Cheruvu Dam,,,,,,B2,GOVERNMENT_DERIVED_MIRROR,SOURCE_PRESERVED,0.8,False,False,False,AP state filter + external ID + spatial/name resolution,"{""geometry"": {""type"": ""Point"", ""coordinates"": [77.55154443, 15.14880787]}, ""properties"": {""class"": ""Class 2"", ""state"": ""AP"", ""bacode"": ""09"", ""dtcode"": ""Anantapur"", ""dam_vol"": null, ""dm_name"": ""Y.T.Cheruvu Dam"", ""dm_type"": ""TE + PG"", ""nrld_no"": ""AP01LH0124"", ""rivcode"": null, ""dm_ncity"": ""Gooty"", ""objectid"": 3902, ""strucode"": ""D05300"", ""dm_cmn_yr"": null, ""dm_cmp_yr"": null, ""dm_coment"": null, ""dm_height"": ""10"", ""dm_length"": ""2078"", ""dm_status"": null, ""dm_gate_no"": null, ""dm_gate_sz"": null, ""dm_flod_des"": null, ""dm_gt_ungtd"": null, ""dm_mod_oper"": null, ""dm_ses_zone"": ""Seismic Zone-II"", ""dm_spil_cap"": 226.0, ""dm_spil_lev"": null, ""dm_gate_type"": ""LG"", ""dm_sluice_sz"": null, ""dm_spil_leng"": null, ""dm_spil_type"": null, ""dm_cn_gate_no"": null, ""dm_ener_dissp"": null, ""dm_inst_inter"": null, ""dm_perliament"": ""Anantapur"", ""dm_ph_gate_no"": null, ""dm_instru_embed"": null, ""dm_oper_main_age"": ""Irrg.& CAD Dept."", ""dm_sluice_purpose"": null, ""dm_inst_inter_ager"": null, ""dm_no_river_sluice"": null}}",2026-08-29T14:45:46.967391+00:00,2026-08-29T14:45:46.967391+00:00,0
119,AP_DAM_WRIS_AP01LH0061,Savisettipalli Dam,dam,TE,Y.S.R.,Irrg.& CAD Dept.,ACTIVE,CANDIDATE,1985,,,,103,0.8,False,2026-08-29T14:45:46.967391+00:00,2026-08-29T14:45:46.967391+00:00,,,,,NO_REAL_STRUCTURAL_LABEL,1,Savisettipalli Dam,dam,ap_dam_barrage_state_v1,"{""origin"": ""GOVERNMENT_DERIVED_MIRROR"", ""nrld_no"": ""AP01LH0061"", ""dam_type"": ""TE"", ""age_years"": 41.0, ""gate_type"": null, ""built_year"": 1985.0, ""gate_count"": null, ""river_name"": null, ""dam_height_m"": 12.0, ""dam_length_m"": 200.0, ""quality_flag"": ""SOURCE_PRESERVED"", ""seismic_zone"": ""Seismic Zone-II"", ""spillway_type"": null, ""structure_code"": ""D05190"", ""authority_level"": ""B2"", ""completion_year"": 1985.0, ""registry_status"": ""Completed"", ""spillway_level_m"": null, ""commencement_year"": null, ""spillway_length_m"": null, ""dam_volume_source_value"": null, ""engineering_completeness"": 0.6, ""design_flood_source_value"": null, ""engineering_fields_available"": 6.0, ""engineering_source_confidence"": 0.8, ""spillway_capacity_source_value"": 130.0}",{},False,2026-09-03T04:52:14.819262+00:00,0,1,Savisettipalli Dam,dam,1,103,102,1985,,12.0,200.0,,,,,,130.0,,,,,TE,Seismic Zone-II,Completed,AP01LH0061,D05190,Badvel,Irrg.& CAD Dept.,41.0,6,0.6,False,B2,GOVERNMENT_DERIVED_MIRROR,SOURCE_PRESERVED,0.8,2026-09-03T04:45:38.976858+00:00,1,1,103,ASSET_REGISTRY,wris_registry_record,,Savisettipalli Dam,,,,,,B2,GOVERNMENT_DERIVED_MIRROR,SOURCE_PRESERVED,0.8,False,False,False,AP state filter + external ID + spatial/name resolution,"{""geometry"": {""type"": ""Point"", ""coordinates"": [78.8895675, 15.00615073]}, ""properties"": {""class"": ""CLASS 3"", ""state"": ""AP"", ""bacode"": ""09"", ""dtcode"": ""Y.S.R."", ""dam_vol"": null, ""dm_name"": ""Savisettipalli Dam"", ""dm_type"": ""TE"", ""nrld_no"": ""AP01LH0061"", ""rivcode"": null, ""dm_ncity"": ""Badvel"", ""objectid"": 3923, ""strucode"": ""D05190"", ""dm_cmn_yr"": null, ""dm_cmp_yr"": ""1985"", ""dm_coment"": null, ""dm_height"": ""12"", ""dm_length"": ""200"", ""dm_status"": ""Completed"", ""dm_gate_no"": null, ""dm_gate_sz"": null, ""dm_flod_des"": null, ""dm_gt_ungtd"": null, ""dm_mod_oper"": null, ""dm_ses_zone"": ""Seismic Zone-II"", ""dm_spil_cap"": 130.0, ""dm_spil_lev"": null, ""dm_gate_type"": null, ""dm_sluice_sz"": null, ""dm_spil_leng"": null, ""dm_spil_type"": null, ""dm_cn_gate_no"": null, ""dm_ener_dissp"": null, ""dm_inst_inter"": null, ""dm_perliament"": ""Kadapa"", ""dm_ph_gate_no"": null, ""dm_instru_embed"": null, ""dm_oper_main_age"": ""Irrg.& CAD Dept."", ""dm_sluice_purpose"": null, ""dm_inst_inter_ager"": null, ""dm_no_river_sluice"": null}}",2026-08-29T14:45:46.967391+00:00,2026-08-29T14:45:46.967391+00:00,0
120,AP_DAM_WRIS_AP01LH0117,"Seethai Cheru, Seethaipally Dam",dam,TE,Prakasam,Irrg.& CAD Dept.,UNKNOWN,CANDIDATE,1922,,,,103,0.8,False,2026-08-29T14:45:46.967391+00:00,2026-08-29T14:45:46.967391+00:00,,,,,NO_REAL_STRUCTURAL_LABEL,1,"Seethai Cheru, Seethaipally Dam",dam,ap_dam_barrage_state_v1,"{""origin"": ""GOVERNMENT_DERIVED_MIRROR"", ""nrld_no"": ""AP01LH0117"", ""dam_type"": ""TE"", ""age_years"": 104.0, ""gate_type"": null, ""built_year"": 1922.0, ""gate_count"": null, ""river_name"": ""Godavari"", ""dam_height_m"": 11.0, ""dam_length_m"": 1020.0, ""quality_flag"": ""SOURCE_PRESERVED"", ""seismic_zone"": ""Seismic Zone-II"", ""spillway_type"": null, ""structure_code"": ""D05193"", ""authority_level"": ""B2"", ""completion_year"": 1922.0, ""registry_status"": null, ""spillway_level_m"": null, ""commencement_year"": null, ""spillway_length_m"": null, ""dam_volume_source_value"": null, ""engineering_completeness"": 0.7, ""design_flood_source_value"": null, ""engineering_fields_available"": 7.0, ""engineering_source_confidence"": 0.8, ""spillway_capacity_source_value"": 104.0}",{},False,2026-09-03T04:52:14.819262+00:00,0,1,"Seethai Cheru, Seethaipally Dam",dam,1,103,103,1922,,11.0,1020.0,,,,,,104.0,,,,Godavari,TE,Seismic Zone-II,,AP01LH0117,D05193,Addanki,Irrg.& CAD Dept.,104.0,7,0.7,False,B2,GOVERNMENT_DERIVED_MIRROR,SOURCE_PRESERVED,0.8,2026-09-03T04:45:38.976858+00:00,1,1,103,ASSET_REGISTRY,wris_registry_record,,"Seethai Cheru, Seethaipally Dam",,,,,,B2,GOVERNMENT_DERIVED_MIRROR,SOURCE_PRESERVED,0.8,False,False,False,AP state filter + external ID + spatial/name resolution,"{""geometry"": {""type"": ""Point"", ""coordinates"": [79.87626839, 16.01945867]}, ""properties"": {""class"": ""CLASS 3"", ""state"": ""AP"", ""bacode"": ""16"", ""dtcode"": ""Prakasam"", ""dam_vol"": null, ""dm_name"": ""Seethai Cheru, Seethaipally Dam"", ""dm_type"": ""TE"", ""nrld_no"": ""AP01LH0117"", ""rivcode"": ""Godavari"", ""dm_ncity"": ""Addanki"", ""objectid"": 3924, ""strucode"": ""D05193"", ""dm_cmn_yr"": null, ""dm_cmp_yr"": ""1922"", ""dm_coment"": null, ""dm_height"": ""11"", ""dm_length"": ""1020"", ""dm_status"": null, ""dm_gate_no"": null, ""dm_gate_sz"": null, ""dm_flod_des"": null, ""dm_gt_ungtd"": null, ""dm_mod_oper"": null, ""dm_ses_zone"": ""Seismic Zone-II"", ""dm_spil_cap"": 104.0, ""dm_spil_lev"": null, ""dm_gate_type"": null, ""dm_sluice_sz"": null, ""dm_spil_leng"": null, ""dm_spil_type"": null, ""dm_cn_gate_no"": null, ""dm_ener_dissp"": null, ""dm_inst_inter"": null, ""dm_perliament"": ""Bapatla"", ""dm_ph_gate_no"": null, ""dm_instru_embed"": null, ""dm_oper_main_age"": ""Irrg.& CAD Dept."", ""dm_sluice_purpose"": null, ""dm_inst_inter_ager"": null, ""dm_no_river_sluice"": null}}",2026-08-29T14:45:46.967391+00:00,2026-08-29T14:45:46.967391+00:00,0
121,AP_DAM_WRIS_AP01LH0118,Sreerangarayani Cheruvu Dam,dam,TE + PG,Anantapur,Irrg.& CAD Dept.,UNKNOWN,CANDIDATE,,,,,103,0.8,False,2026-08-29T14:45:46.967391+00:00,2026-08-29T14:45:46.967391+00:00,,,,,NO_REAL_STRUCTURAL_LABEL,1,Sreerangarayani Cheruvu Dam,dam,ap_dam_barrage_state_v1,"{""origin"": ""GOVERNMENT_DERIVED_MIRROR"", ""nrld_no"": ""AP01LH0118"", ""dam_type"": ""TE + PG"", ""age_years"": null, ""gate_type"": null, ""built_year"": null, ""gate_count"": null, ""river_name"": null, ""dam_height_m"": 11.708, ""dam_length_m"": 2378.76, ""quality_flag"": ""SOURCE_PRESERVED"", ""seismic_zone"": ""Seismic Zone-II"", ""spillway_type"": null, ""structure_code"": ""D05207"", ""authority_level"": ""B2"", ""completion_year"": null, ""registry_status"": null, ""spillway_level_m"": null, ""commencement_year"": null, ""spillway_length_m"": null, ""dam_volume_source_value"": null, ""engineering_completeness"": 0.5, ""design_flood_source_value"": null, ""engineering_fields_available"": 5.0, ""engineering_source_confidence"": 0.8, ""spillway_capacity_source_value"": 992.0}",{},False,2026-09-03T04:52:14.819262+00:00,0,1,Sreerangarayani Cheruvu Dam,dam,1,103,104,,,11.708,2378.76,,,,,,992.0,,,,,TE + PG,Seismic Zone-II,,AP01LH0118,D05207,Anantapur,Irrg.& CAD Dept.,,5,0.5,False,B2,GOVERNMENT_DERIVED_MIRROR,SOURCE_PRESERVED,0.8,2026-09-03T04:45:38.976858+00:00,1,1,103,ASSET_REGISTRY,wris_registry_record,,Sreerangarayani Cheruvu Dam,,,,,,B2,GOVERNMENT_DERIVED_MIRROR,SOURCE_PRESERVED,0.8,False,False,False,AP state filter + external ID + spatial/name resolution,"{""geometry"": {""type"": ""Point"", ""coordinates"": [77.71069046, 14.78503268]}, ""properties"": {""class"": ""Class 2"", ""state"": ""AP"", ""bacode"": ""09"", ""dtcode"": ""Anantapur"", ""dam_vol"": null, ""dm_name"": ""Sreerangarayani Cheruvu Dam"", ""dm_type"": ""TE + PG"", ""nrld_no"": ""AP01LH0118"", ""rivcode"": null, ""dm_ncity"": ""Anantapur"", ""objectid"": 3929, ""strucode"": ""D05207"", ""dm_cmn_yr"": null, ""dm_cmp_yr"": null, ""dm_coment"": ""Dam type: gravity+spillway"", ""dm_height"": ""11.708"", ""dm_length"": ""2378.76"", ""dm_status"": null, ""dm_gate_no"": null, ""dm_gate_sz"": null, ""dm_flod_des"": null, ""dm_gt_ungtd"": null, ""dm_mod_oper"": null, ""dm_ses_zone"": ""Seismic Zone-II"", ""dm_spil_cap"": 992.0, ""dm_spil_lev"": null, ""dm_gate_type"": null, ""dm_sluice_sz"": null, ""dm_spil_leng"": null, ""dm_spil_type"": null, ""dm_cn_gate_no"": null, ""dm_ener_dissp"": null, ""dm_inst_inter"": null, ""dm_perliament"": ""Anantapur"", ""dm_ph_gate_no"": null, ""dm_instru_embed"": null, ""dm_oper_main_age"": ""Irrg.& CAD Dept."", ""dm_sluice_purpose"": null, ""dm_inst_inter_ager"": null, ""dm_no_river_sluice"": null}}",2026-08-29T14:45:46.967391+00:00,2026-08-29T14:45:46.967391+00:00,0
122,AP_DAM_WRIS_AP01LH0120,T.Sundupalli Dam,dam,TE + PG,Y.S.R.,Irrg.& CAD Dept.,UNKNOWN,CANDIDATE,,,,,103,0.8,False,2026-08-29T14:45:46.967391+00:00,2026-08-29T14:45:46.967391+00:00,,,,,NO_REAL_STRUCTURAL_LABEL,1,T.Sundupalli Dam,dam,ap_dam_barrage_state_v1,"{""origin"": ""GOVERNMENT_DERIVED_MIRROR"", ""nrld_no"": ""AP01LH0120"", ""dam_type"": ""TE + PG"", ""age_years"": null, ""gate_type"": null, ""built_year"": null, ""gate_count"": null, ""river_name"": null, ""dam_height_m"": 10.0, ""dam_length_m"": 1100.0, ""quality_flag"": ""SOURCE_PRESERVED"", ""seismic_zone"": ""Seismic Zone-II"", ""spillway_type"": null, ""structure_code"": ""D05214"", ""authority_level"": ""B2"", ""completion_year"": null, ""registry_status"": null, ""spillway_level_m"": null, ""commencement_year"": null, ""spillway_length_m"": null, ""dam_volume_source_value"": null, ""engineering_completeness"": 0.5, ""design_flood_source_value"": null, ""engineering_fields_available"": 5.0, ""engineering_source_confidence"": 0.8, ""spillway_capacity_source_value"": 685.0}",{},False,2026-09-03T04:52:14.819262+00:00,0,1,T.Sundupalli Dam,dam,1,103,105,,,10.0,1100.0,,,,,,685.0,,,,,TE + PG,Seismic Zone-II,,AP01LH0120,D05214,Badvel,Irrg.& CAD Dept.,,5,0.5,False,B2,GOVERNMENT_DERIVED_MIRROR,SOURCE_PRESERVED,0.8,2026-09-03T04:45:38.976858+00:00,1,1,103,ASSET_REGISTRY,wris_registry_record,,T.Sundupalli Dam,,,,,,B2,GOVERNMENT_DERIVED_MIRROR,SOURCE_PRESERVED,0.8,False,False,False,AP state filter + external ID + spatial/name resolution,"{""geometry"": {""type"": ""Point"", ""coordinates"": [78.92903757, 14.84569329]}, ""properties"": {""class"": ""CLASS 3"", ""state"": ""AP"", ""bacode"": ""09"", ""dtcode"": ""Y.S.R."", ""dam_vol"": null, ""dm_name"": ""T.Sundupalli Dam"", ""dm_type"": ""TE + PG"", ""nrld_no"": ""AP01LH0120"", ""rivcode"": null, ""dm_ncity"": ""Badvel"", ""objectid"": 3933, ""strucode"": ""D05214"", ""dm_cmn_yr"": null, ""dm_cmp_yr"": null, ""dm_coment"": null, ""dm_height"": ""10"", ""dm_length"": ""1100"", ""dm_status"": null, ""dm_gate_no"": null, ""dm_gate_sz"": null, ""dm_flod_des"": null, ""dm_gt_ungtd"": null, ""dm_mod_oper"": null, ""dm_ses_zone"": ""Seismic Zone-II"", ""dm_spil_cap"": 685.0, ""dm_spil_lev"": null, ""dm_gate_type"": null, ""dm_sluice_sz"": null, ""dm_spil_leng"": null, ""dm_spil_type"": null, ""dm_cn_gate_no"": null, ""dm_ener_dissp"": null, ""dm_inst_inter"": null, ""dm_perliament"": ""Kadapa"", ""dm_ph_gate_no"": null, ""dm_instru_embed"": null, ""dm_oper_main_age"": ""Irrg.& CAD Dept."", ""dm_sluice_purpose"": null, ""dm_inst_inter_ager"": null, ""dm_no_river_sluice"": null}}",2026-08-29T14:45:46.967391+00:00,2026-08-29T14:45:46.967391+00:00,0
123,AP_DAM_WRIS_AP01MH0121,"Tajangi , Tajangi(V) Dam",dam,TE,Visakhapatnam,Irrg.& CAD Dept.,UNKNOWN,CANDIDATE,,,,,103,0.8,False,2026-08-29T14:45:46.967391+00:00,2026-08-29T14:45:46.967391+00:00,,,,,NO_REAL_STRUCTURAL_LABEL,1,"Tajangi , Tajangi(V) Dam",dam,ap_dam_barrage_state_v1,"{""origin"": ""GOVERNMENT_DERIVED_MIRROR"", ""nrld_no"": ""AP01MH0121"", ""dam_type"": ""TE"", ""age_years"": null, ""gate_type"": null, ""built_year"": null, ""gate_count"": null, ""river_name"": null, ""dam_height_m"": 17.3, ""dam_length_m"": 220.0, ""quality_flag"": ""SOURCE_PRESERVED"", ""seismic_zone"": ""Seismic Zone-II"", ""spillway_type"": null, ""structure_code"": ""D05215"", ""authority_level"": ""B2"", ""completion_year"": null, ""registry_status"": null, ""spillway_level_m"": null, ""commencement_year"": null, ""spillway_length_m"": null, ""dam_volume_source_value"": null, ""engineering_completeness"": 0.5, ""design_flood_source_value"": null, ""engineering_fields_available"": 5.0, ""engineering_source_confidence"": 0.8, ""spillway_capacity_source_value"": 12500.0}",{},False,2026-09-03T04:52:14.819262+00:00,0,1,"Tajangi , Tajangi(V) Dam",dam,1,103,106,,,17.3,220.0,,,,,,12500.0,,,,,TE,Seismic Zone-II,,AP01MH0121,D05215,Chintapalle,Irrg.& CAD Dept.,,5,0.5,False,B2,GOVERNMENT_DERIVED_MIRROR,SOURCE_PRESERVED,0.8,2026-09-03T04:45:38.976858+00:00,1,1,103,ASSET_REGISTRY,wris_registry_record,,"Tajangi , Tajangi(V) Dam",,,,,,B2,GOVERNMENT_DERIVED_MIRROR,SOURCE_PRESERVED,0.8,False,False,False,AP state filter + external ID + spatial/name resolution,"{""geometry"": {""type"": ""Point"", ""coordinates"": [82.4961826, 17.86966855]}, ""properties"": {""class"": ""CLASS 3"", ""state"": ""AP"", ""bacode"": ""03"", ""dtcode"": ""Visakhapatnam"", ""dam_vol"": null, ""dm_name"": ""Tajangi , Tajangi(V) Dam"", ""dm_type"": ""TE"", ""nrld_no"": ""AP01MH0121"", ""rivcode"": null, ""dm_ncity"": ""Chintapalle"", ""objectid"": 3934, ""strucode"": ""D05215"", ""dm_cmn_yr"": null, ""dm_cmp_yr"": null, ""dm_coment"": null, ""dm_height"": ""17.3"", ""dm_length"": ""220"", ""dm_status"": null, ""dm_gate_no"": null, ""dm_gate_sz"": null, ""dm_flod_des"": null, ""dm_gt_ungtd"": null, ""dm_mod_oper"": null, ""dm_ses_zone"": ""Seismic Zone-II"", ""dm_spil_cap"": 12500.0, ""dm_spil_lev"": null, ""dm_gate_type"": null, ""dm_sluice_sz"": null, ""dm_spil_leng"": null, ""dm_spil_type"": null, ""dm_cn_gate_no"": null, ""dm_ener_dissp"": null, ""dm_inst_inter"": null, ""dm_perliament"": ""Araku"", ""dm_ph_gate_no"": null, ""dm_instru_embed"": null, ""dm_oper_main_age"": ""Irrg.& CAD Dept."", ""dm_sluice_purpose"": null, ""dm_inst_inter_ager"": null, ""dm_no_river_sluice"": null}}",2026-08-29T14:45:46.967391+00:00,2026-08-29T14:45:46.967391+00:00,0
124,AP_DAM_WRIS_D06052,Alaganoor Dam,dam,,Kurnool,,UNKNOWN,CANDIDATE,,,,,103,0.8,False,2026-08-29T14:45:46.967391+00:00,2026-08-29T14:45:46.967391+00:00,,,,,NO_REAL_STRUCTURAL_LABEL,1,Alaganoor Dam,dam,ap_dam_barrage_state_v1,"{""origin"": ""GOVERNMENT_DERIVED_MIRROR"", ""nrld_no"": null, ""dam_type"": null, ""age_years"": null, ""gate_type"": null, ""built_year"": null, ""gate_count"": null, ""river_name"": null, ""dam_height_m"": null, ""dam_length_m"": null, ""quality_flag"": ""SOURCE_PRESERVED"", ""seismic_zone"": ""Seismic Zone-II"", ""spillway_type"": null, ""structure_code"": ""D06052"", ""authority_level"": ""B2"", ""completion_year"": null, ""registry_status"": null, ""spillway_level_m"": null, ""commencement_year"": null, ""spillway_length_m"": null, ""dam_volume_source_value"": null, ""engineering_completeness"": 0.1, ""design_flood_source_value"": null, ""engineering_fields_available"": 1.0, ""engineering_source_confidence"": 0.8, ""spillway_capacity_source_value"": null}",{},False,2026-09-03T04:52:14.819262+00:00,0,1,Alaganoor Dam,dam,1,103,107,,,,,,,,,,,,,,,,Seismic Zone-II,,,D06052,Nandikotkur,,,1,0.1,False,B2,GOVERNMENT_DERIVED_MIRROR,SOURCE_PRESERVED,0.8,2026-09-03T04:45:38.976858+00:00,1,1,103,ASSET_REGISTRY,wris_registry_record,,Alaganoor Dam,,,,,,B2,GOVERNMENT_DERIVED_MIRROR,SOURCE_PRESERVED,0.8,False,False,False,AP state filter + external ID + spatial/name resolution,"{""geometry"": {""type"": ""Point"", ""coordinates"": [78.40817558, 15.69996308]}, ""properties"": {""class"": ""CLASS 3"", ""state"": ""AP"", ""bacode"": ""09"", ""dtcode"": ""Kurnool"", ""dam_vol"": null, ""dm_name"": ""Alaganoor Dam"", ""dm_type"": null, ""nrld_no"": null, ""rivcode"": null, ""dm_ncity"": ""Nandikotkur"", ""objectid"": 4136, ""strucode"": ""D06052"", ""dm_cmn_yr"": null, ""dm_cmp_yr"": null, ""dm_coment"": null, ""dm_height"": null, ""dm_length"": null, ""dm_status"": null, ""dm_gate_no"": null, ""dm_gate_sz"": null, ""dm_flod_des"": null, ""dm_gt_ungtd"": null, ""dm_mod_oper"": null, ""dm_ses_zone"": ""Seismic Zone-II"", ""dm_spil_cap"": null, ""dm_spil_lev"": null, ""dm_gate_type"": null, ""dm_sluice_sz"": null, ""dm_spil_leng"": null, ""dm_spil_type"": null, ""dm_cn_gate_no"": null, ""dm_ener_dissp"": null, ""dm_inst_inter"": null, ""dm_perliament"": ""Nandyal"", ""dm_ph_gate_no"": null, ""dm_instru_embed"": null, ""dm_oper_main_age"": null, ""dm_sluice_purpose"": null, ""dm_inst_inter_ager"": null, ""dm_no_river_sluice"": null}}",2026-08-29T14:45:46.967391+00:00,2026-08-29T14:45:46.967391+00:00,0
125,AP_DAM_WRIS_D06074,Eguva Thamballa Palli - Cheruvu Dam,dam,,Y.S.R.,,UNKNOWN,CANDIDATE,,,,,103,0.8,False,2026-08-29T14:45:46.967391+00:00,2026-08-29T14:45:46.967391+00:00,,,,,NO_REAL_STRUCTURAL_LABEL,1,Eguva Thamballa Palli - Cheruvu Dam,dam,ap_dam_barrage_state_v1,"{""origin"": ""GOVERNMENT_DERIVED_MIRROR"", ""nrld_no"": null, ""dam_type"": null, ""age_years"": null, ""gate_type"": null, ""built_year"": null, ""gate_count"": null, ""river_name"": null, ""dam_height_m"": null, ""dam_length_m"": null, ""quality_flag"": ""SOURCE_PRESERVED"", ""seismic_zone"": ""Seismic Zone-II"", ""spillway_type"": null, ""structure_code"": ""D06074"", ""authority_level"": ""B2"", ""completion_year"": null, ""registry_status"": null, ""spillway_level_m"": null, ""commencement_year"": null, ""spillway_length_m"": null, ""dam_volume_source_value"": null, ""engineering_completeness"": 0.1, ""design_flood_source_value"": null, ""engineering_fields_available"": 1.0, ""engineering_source_confidence"": 0.8, ""spillway_capacity_source_value"": null}",{},False,2026-09-03T04:52:14.819262+00:00,0,1,Eguva Thamballa Palli - Cheruvu Dam,dam,1,103,108,,,,,,,,,,,,,,,,Seismic Zone-II,,,D06074,Badvel,,,1,0.1,False,B2,GOVERNMENT_DERIVED_MIRROR,SOURCE_PRESERVED,0.8,2026-09-03T04:45:38.976858+00:00,1,1,103,ASSET_REGISTRY,wris_registry_record,,Eguva Thamballa Palli - Cheruvu Dam,,,,,,B2,GOVERNMENT_DERIVED_MIRROR,SOURCE_PRESERVED,0.8,False,False,False,AP state filter + external ID + spatial/name resolution,"{""geometry"": {""type"": ""Point"", ""coordinates"": [78.86885221, 15.13353222]}, ""properties"": {""class"": ""CLASS 3"", ""state"": ""AP"", ""bacode"": ""09"", ""dtcode"": ""Y.S.R."", ""dam_vol"": null, ""dm_name"": ""Eguva Thamballa Palli - Cheruvu Dam"", ""dm_type"": null, ""nrld_no"": null, ""rivcode"": null, ""dm_ncity"": ""Badvel"", ""objectid"": 4156, ""strucode"": ""D06074"", ""dm_cmn_yr"": null, ""dm_cmp_yr"": null, ""dm_coment"": null, ""dm_height"": null, ""dm_length"": null, ""dm_status"": null, ""dm_gate_no"": null, ""dm_gate_sz"": null, ""dm_flod_des"": null, ""dm_gt_ungtd"": null, ""dm_mod_oper"": null, ""dm_ses_zone"": ""Seismic Zone-II"", ""dm_spil_cap"": null, ""dm_spil_lev"": null, ""dm_gate_type"": null, ""dm_sluice_sz"": null, ""dm_spil_leng"": null, ""dm_spil_type"": null, ""dm_cn_gate_no"": null, ""dm_ener_dissp"": null, ""dm_inst_inter"": null, ""dm_perliament"": ""Kadapa"", ""dm_ph_gate_no"": null, ""dm_instru_embed"": null, ""dm_oper_main_age"": null, ""dm_sluice_purpose"": null, ""dm_inst_inter_ager"": null, ""dm_no_river_sluice"": null}}",2026-08-29T14:45:46.967391+00:00,2026-08-29T14:45:46.967391+00:00,0
126,AP_DAM_WRIS_AP01HH0023,Guntawada Main Dam,dam,,Visakhapatnam,APGENCO,ACTIVE,CANDIDATE,,,,,103,0.8,False,2026-08-29T14:45:46.967391+00:00,2026-08-29T14:45:46.967391+00:00,,,,,NO_REAL_STRUCTURAL_LABEL,1,Guntawada Main Dam,dam,ap_dam_barrage_state_v1,"{""origin"": ""GOVERNMENT_DERIVED_MIRROR"", ""nrld_no"": ""AP01HH0023"", ""dam_type"": null, ""age_years"": null, ""gate_type"": null, ""built_year"": null, ""gate_count"": null, ""river_name"": ""Sileru"", ""dam_height_m"": null, ""dam_length_m"": null, ""quality_flag"": ""SOURCE_PRESERVED"", ""seismic_zone"": ""Seismic Zone-II"", ""spillway_type"": null, ""structure_code"": ""D06086"", ""authority_level"": ""B2"", ""completion_year"": null, ""registry_status"": ""Completed"", ""spillway_level_m"": null, ""commencement_year"": null, ""spillway_length_m"": null, ""dam_volume_source_value"": null, ""engineering_completeness"": 0.4, ""design_flood_source_value"": 7080.0, ""engineering_fields_available"": 4.0, ""engineering_source_confidence"": 0.8, ""spillway_capacity_source_value"": 10933.0}",{},False,2026-09-03T04:52:14.819262+00:00,0,1,Guntawada Main Dam,dam,1,103,109,,,,,,,,,7080.0,10933.0,,,,Sileru,,Seismic Zone-II,Completed,AP01HH0023,D06086,Chintapalle,APGENCO,,4,0.4,False,B2,GOVERNMENT_DERIVED_MIRROR,SOURCE_PRESERVED,0.8,2026-09-03T04:45:38.976858+00:00,1,1,103,ASSET_REGISTRY,wris_registry_record,,Guntawada Main Dam,,,,,,B2,GOVERNMENT_DERIVED_MIRROR,SOURCE_PRESERVED,0.8,False,False,False,AP state filter + external ID + spatial/name resolution,"{""geometry"": {""type"": ""Point"", ""coordinates"": [82.03941964, 18.05978839]}, ""properties"": {""class"": ""CLASS 3"", ""state"": ""AP"", ""bacode"": ""03"", ""dtcode"": ""Visakhapatnam"", ""dam_vol"": null, ""dm_name"": ""Guntawada Main Dam"", ""dm_type"": null, ""nrld_no"": ""AP01HH0023"", ""rivcode"": ""Sileru"", ""dm_ncity"": ""Chintapalle"", ""objectid"": 4166, ""strucode"": ""D06086"", ""dm_cmn_yr"": null, ""dm_cmp_yr"": null, ""dm_coment"": null, ""dm_height"": null, ""dm_length"": null, ""dm_status"": ""Completed"", ""dm_gate_no"": null, ""dm_gate_sz"": null, ""dm_flod_des"": ""7080"", ""dm_gt_ungtd"": null, ""dm_mod_oper"": null, ""dm_ses_zone"": ""Seismic Zone-II"", ""dm_spil_cap"": 10933.0, ""dm_spil_lev"": null, ""dm_gate_type"": null, ""dm_sluice_sz"": null, ""dm_spil_leng"": null, ""dm_spil_type"": null, ""dm_cn_gate_no"": null, ""dm_ener_dissp"": null, ""dm_inst_inter"": null, ""dm_perliament"": ""Araku"", ""dm_ph_gate_no"": null, ""dm_instru_embed"": null, ""dm_oper_main_age"": ""APGENCO"", ""dm_sluice_purpose"": null, ""dm_inst_inter_ager"": null, ""dm_no_river_sluice"": null}}",2026-08-29T14:45:46.967391+00:00,2026-08-29T14:45:46.967391+00:00,0
127,AP_DAM_WRIS_AP01LH0097,Jajigedda Dam,dam,,Visakhapatnam,Irrg.& CAD Dept.,UNKNOWN,CANDIDATE,,,,,103,0.8,False,2026-08-29T14:45:46.967391+00:00,2026-08-29T14:45:46.967391+00:00,,,,,NO_REAL_STRUCTURAL_LABEL,1,Jajigedda Dam,dam,ap_dam_barrage_state_v1,"{""origin"": ""GOVERNMENT_DERIVED_MIRROR"", ""nrld_no"": ""AP01LH0097"", ""dam_type"": null, ""age_years"": null, ""gate_type"": null, ""built_year"": null, ""gate_count"": null, ""river_name"": null, ""dam_height_m"": null, ""dam_length_m"": null, ""quality_flag"": ""SOURCE_PRESERVED"", ""seismic_zone"": ""Seismic Zone-II"", ""spillway_type"": null, ""structure_code"": ""D06091"", ""authority_level"": ""B2"", ""completion_year"": null, ""registry_status"": null, ""spillway_level_m"": null, ""commencement_year"": null, ""spillway_length_m"": null, ""dam_volume_source_value"": null, ""engineering_completeness"": 0.2, ""design_flood_source_value"": null, ""engineering_fields_available"": 2.0, ""engineering_source_confidence"": 0.8, ""spillway_capacity_source_value"": 6230.0}",{},False,2026-09-03T04:52:14.819262+00:00,0,1,Jajigedda Dam,dam,1,103,110,,,,,,,,,,6230.0,,,,,,Seismic Zone-II,,AP01LH0097,D06091,Narsipatnam,Irrg.& CAD Dept.,,2,0.2,False,B2,GOVERNMENT_DERIVED_MIRROR,SOURCE_PRESERVED,0.8,2026-09-03T04:45:38.976858+00:00,1,1,103,ASSET_REGISTRY,wris_registry_record,,Jajigedda Dam,,,,,,B2,GOVERNMENT_DERIVED_MIRROR,SOURCE_PRESERVED,0.8,False,False,False,AP state filter + external ID + spatial/name resolution,"{""geometry"": {""type"": ""Point"", ""coordinates"": [82.75100659, 17.66696959]}, ""properties"": {""class"": ""CLASS 3"", ""state"": ""AP"", ""bacode"": ""16"", ""dtcode"": ""Visakhapatnam"", ""dam_vol"": null, ""dm_name"": ""Jajigedda Dam"", ""dm_type"": null, ""nrld_no"": ""AP01LH0097"", ""rivcode"": null, ""dm_ncity"": ""Narsipatnam"", ""objectid"": 4170, ""strucode"": ""D06091"", ""dm_cmn_yr"": null, ""dm_cmp_yr"": null, ""dm_coment"": null, ""dm_height"": null, ""dm_length"": null, ""dm_status"": null, ""dm_gate_no"": null, ""dm_gate_sz"": null, ""dm_flod_des"": null, ""dm_gt_ungtd"": null, ""dm_mod_oper"": null, ""dm_ses_zone"": ""Seismic Zone-II"", ""dm_spil_cap"": 6230.0, ""dm_spil_lev"": null, ""dm_gate_type"": null, ""dm_sluice_sz"": null, ""dm_spil_leng"": null, ""dm_spil_type"": null, ""dm_cn_gate_no"": null, ""dm_ener_dissp"": null, ""dm_inst_inter"": null, ""dm_perliament"": ""Anakapalli"", ""dm_ph_gate_no"": null, ""dm_instru_embed"": null, ""dm_oper_main_age"": ""Irrg.& CAD Dept."", ""dm_sluice_purpose"": null, ""dm_inst_inter_ager"": null, ""dm_no_river_sluice"": null}}",2026-08-29T14:45:46.967391+00:00,2026-08-29T14:45:46.967391+00:00,0
128,AP_DAM_WRIS_D06095,Kalinga Dal Dam,dam,,Srikakulam,,UNKNOWN,CANDIDATE,,,,,103,0.8,False,2026-08-29T14:45:46.967391+00:00,2026-08-29T14:45:46.967391+00:00,,,,,NO_REAL_STRUCTURAL_LABEL,1,Kalinga Dal Dam,dam,ap_dam_barrage_state_v1,"{""origin"": ""GOVERNMENT_DERIVED_MIRROR"", ""nrld_no"": null, ""dam_type"": null, ""age_years"": null, ""gate_type"": null, ""built_year"": null, ""gate_count"": null, ""river_name"": null, ""dam_height_m"": null, ""dam_length_m"": null, ""quality_flag"": ""SOURCE_PRESERVED"", ""seismic_zone"": ""Seismic Zone-II"", ""spillway_type"": null, ""structure_code"": ""D06095"", ""authority_level"": ""B2"", ""completion_year"": null, ""registry_status"": null, ""spillway_level_m"": null, ""commencement_year"": null, ""spillway_length_m"": null, ""dam_volume_source_value"": null, ""engineering_completeness"": 0.1, ""design_flood_source_value"": null, ""engineering_fields_available"": 1.0, ""engineering_source_confidence"": 0.8, ""spillway_capacity_source_value"": null}",{},False,2026-09-03T04:52:14.819262+00:00,0,1,Kalinga Dal Dam,dam,1,103,111,,,,,,,,,,,,,,,,Seismic Zone-II,,,D06095,Sompeta,,,1,0.1,False,B2,GOVERNMENT_DERIVED_MIRROR,SOURCE_PRESERVED,0.8,2026-09-03T04:45:38.976858+00:00,1,1,103,ASSET_REGISTRY,wris_registry_record,,Kalinga Dal Dam,,,,,,B2,GOVERNMENT_DERIVED_MIRROR,SOURCE_PRESERVED,0.8,False,False,False,AP state filter + external ID + spatial/name resolution,"{""geometry"": {""type"": ""Point"", ""coordinates"": [84.43538905, 18.94762939]}, ""properties"": {""class"": ""CLASS 3"", ""state"": ""AP"", ""bacode"": ""16"", ""dtcode"": ""Srikakulam"", ""dam_vol"": null, ""dm_name"": ""Kalinga Dal Dam"", ""dm_type"": null, ""nrld_no"": null, ""rivcode"": null, ""dm_ncity"": ""Sompeta"", ""objectid"": 4174, ""strucode"": ""D06095"", ""dm_cmn_yr"": null, ""dm_cmp_yr"": null, ""dm_coment"": null, ""dm_height"": null, ""dm_length"": null, ""dm_status"": null, ""dm_gate_no"": null, ""dm_gate_sz"": null, ""dm_flod_des"": null, ""dm_gt_ungtd"": null, ""dm_mod_oper"": null, ""dm_ses_zone"": ""Seismic Zone-II"", ""dm_spil_cap"": null, ""dm_spil_lev"": null, ""dm_gate_type"": null, ""dm_sluice_sz"": null, ""dm_spil_leng"": null, ""dm_spil_type"": null, ""dm_cn_gate_no"": null, ""dm_ener_dissp"": null, ""dm_inst_inter"": null, ""dm_perliament"": ""Srikakulam"", ""dm_ph_gate_no"": null, ""dm_instru_embed"": null, ""dm_oper_main_age"": null, ""dm_sluice_purpose"": null, ""dm_inst_inter_ager"": null, ""dm_no_river_sluice"": null}}",2026-08-29T14:45:46.967391+00:00,2026-08-29T14:45:46.967391+00:00,0
129,AP_DAM_WRIS_D06139,Ramathirtham Dam,dam,,Prakasam,,CONSTRUCTION,CANDIDATE,,,,,103,0.8,False,2026-08-29T14:45:46.967391+00:00,2026-08-29T14:45:46.967391+00:00,,,,,NO_REAL_STRUCTURAL_LABEL,1,Ramathirtham Dam,dam,ap_dam_barrage_state_v1,"{""origin"": ""GOVERNMENT_DERIVED_MIRROR"", ""nrld_no"": null, ""dam_type"": null, ""age_years"": null, ""gate_type"": null, ""built_year"": null, ""gate_count"": null, ""river_name"": null, ""dam_height_m"": null, ""dam_length_m"": null, ""quality_flag"": ""SOURCE_PRESERVED"", ""seismic_zone"": ""Seismic Zone-II"", ""spillway_type"": null, ""structure_code"": ""D06139"", ""authority_level"": ""B2"", ""completion_year"": null, ""registry_status"": ""Under Construction"", ""spillway_level_m"": null, ""commencement_year"": null, ""spillway_length_m"": null, ""dam_volume_source_value"": null, ""engineering_completeness"": 0.1, ""design_flood_source_value"": null, ""engineering_fields_available"": 1.0, ""engineering_source_confidence"": 0.8, ""spillway_capacity_source_value"": null}",{},False,2026-09-03T04:52:14.819262+00:00,0,1,Ramathirtham Dam,dam,1,103,112,,,,,,,,,,,,,,,,Seismic Zone-II,Under Construction,,D06139,Ongole,,,1,0.1,False,B2,GOVERNMENT_DERIVED_MIRROR,SOURCE_PRESERVED,0.8,2026-09-03T04:45:38.976858+00:00,1,1,103,ASSET_REGISTRY,wris_registry_record,,Ramathirtham Dam,,,,,,B2,GOVERNMENT_DERIVED_MIRROR,SOURCE_PRESERVED,0.8,False,False,False,AP state filter + external ID + spatial/name resolution,"{""geometry"": {""type"": ""Point"", ""coordinates"": [79.79613879, 15.62797397]}, ""properties"": {""class"": ""CLASS 3"", ""state"": ""AP"", ""bacode"": ""16"", ""dtcode"": ""Prakasam"", ""dam_vol"": null, ""dm_name"": ""Ramathirtham Dam"", ""dm_type"": null, ""nrld_no"": null, ""rivcode"": null, ""dm_ncity"": ""Ongole"", ""objectid"": 4209, ""strucode"": ""D06139"", ""dm_cmn_yr"": null, ""dm_cmp_yr"": null, ""dm_coment"": null, ""dm_height"": null, ""dm_length"": null, ""dm_status"": ""Under Construction"", ""dm_gate_no"": null, ""dm_gate_sz"": null, ""dm_flod_des"": null, ""dm_gt_ungtd"": null, ""dm_mod_oper"": null, ""dm_ses_zone"": ""Seismic Zone-II"", ""dm_spil_cap"": null, ""dm_spil_lev"": null, ""dm_gate_type"": null, ""dm_sluice_sz"": null, ""dm_spil_leng"": null, ""dm_spil_type"": null, ""dm_cn_gate_no"": null, ""dm_ener_dissp"": null, ""dm_inst_inter"": null, ""dm_perliament"": ""Bapatla"", ""dm_ph_gate_no"": null, ""dm_instru_embed"": null, ""dm_oper_main_age"": null, ""dm_sluice_purpose"": null, ""dm_inst_inter_ager"": null, ""dm_no_river_sluice"": null}}",2026-08-29T14:45:46.967391+00:00,2026-08-29T14:45:46.967391+00:00,0
130,AP_DAM_WRIS_AP01MH0150,Velugodu Dam,dam,,Kurnool,Irrg.& CAD Dept.,CONSTRUCTION,CANDIDATE,,,,,103,0.8,False,2026-08-29T14:45:46.967391+00:00,2026-08-29T14:45:46.967391+00:00,,,,,NO_REAL_STRUCTURAL_LABEL,1,Velugodu Dam,dam,ap_dam_barrage_state_v1,"{""origin"": ""GOVERNMENT_DERIVED_MIRROR"", ""nrld_no"": ""AP01MH0150"", ""dam_type"": null, ""age_years"": null, ""gate_type"": null, ""built_year"": null, ""gate_count"": null, ""river_name"": ""Pennar"", ""dam_height_m"": null, ""dam_length_m"": null, ""quality_flag"": ""SOURCE_PRESERVED"", ""seismic_zone"": ""Seismic Zone-II"", ""spillway_type"": null, ""structure_code"": ""D06159"", ""authority_level"": ""B2"", ""completion_year"": null, ""registry_status"": ""Under Construction"", ""spillway_level_m"": null, ""commencement_year"": null, ""spillway_length_m"": null, ""dam_volume_source_value"": null, ""engineering_completeness"": 0.3, ""design_flood_source_value"": null, ""engineering_fields_available"": 3.0, ""engineering_source_confidence"": 0.8, ""spillway_capacity_source_value"": 1232.0}",{},False,2026-09-03T04:52:14.819262+00:00,0,1,Velugodu Dam,dam,1,103,113,,,,,,,,,,1232.0,,,,Pennar,,Seismic Zone-II,Under Construction,AP01MH0150,D06159,Atmakur,Irrg.& CAD Dept.,,3,0.3,False,B2,GOVERNMENT_DERIVED_MIRROR,SOURCE_PRESERVED,0.8,2026-09-03T04:45:38.976858+00:00,1,1,103,ASSET_REGISTRY,wris_registry_record,,Velugodu Dam,,,,,,B2,GOVERNMENT_DERIVED_MIRROR,SOURCE_PRESERVED,0.8,False,False,False,AP state filter + external ID + spatial/name resolution,"{""geometry"": {""type"": ""Point"", ""coordinates"": [78.59127775, 15.72512958]}, ""properties"": {""class"": ""CLASS 3"", ""state"": ""AP"", ""bacode"": ""09"", ""dtcode"": ""Kurnool"", ""dam_vol"": null, ""dm_name"": ""Velugodu Dam"", ""dm_type"": null, ""nrld_no"": ""AP01MH0150"", ""rivcode"": ""Pennar"", ""dm_ncity"": ""Atmakur"", ""objectid"": 4224, ""strucode"": ""D06159"", ""dm_cmn_yr"": null, ""dm_cmp_yr"": null, ""dm_coment"": null, ""dm_height"": null, ""dm_length"": null, ""dm_status"": ""Under Construction"", ""dm_gate_no"": null, ""dm_gate_sz"": null, ""dm_flod_des"": null, ""dm_gt_ungtd"": null, ""dm_mod_oper"": null, ""dm_ses_zone"": ""Seismic Zone-II"", ""dm_spil_cap"": 1232.0, ""dm_spil_lev"": null, ""dm_gate_type"": null, ""dm_sluice_sz"": null, ""dm_spil_leng"": null, ""dm_spil_type"": null, ""dm_cn_gate_no"": null, ""dm_ener_dissp"": null, ""dm_inst_inter"": null, ""dm_perliament"": ""Nandyal"", ""dm_ph_gate_no"": null, ""dm_instru_embed"": null, ""dm_oper_main_age"": ""Irrg.& CAD Dept."", ""dm_sluice_purpose"": null, ""dm_inst_inter_ager"": null, ""dm_no_river_sluice"": null}}",2026-08-29T14:45:46.967391+00:00,2026-08-29T14:45:46.967391+00:00,3
131,AP_DAM_WRIS_D06026,Midpennar Stage-I/Mid-Pennar Dam,dam,TE,Anantapur,,ACTIVE,CANDIDATE,1968,,,,103,0.8,False,2026-08-29T14:45:46.967391+00:00,2026-08-29T14:45:46.967391+00:00,,,,,NO_REAL_STRUCTURAL_LABEL,1,Midpennar Stage-I/Mid-Pennar Dam,dam,ap_dam_barrage_state_v1,"{""origin"": ""GOVERNMENT_DERIVED_MIRROR"", ""nrld_no"": null, ""dam_type"": ""TE"", ""age_years"": 58.0, ""gate_type"": ""RD"", ""built_year"": 1968.0, ""gate_count"": 14.0, ""river_name"": ""Pennar"", ""dam_height_m"": 43.0, ""dam_length_m"": 1175.0, ""quality_flag"": ""SOURCE_PRESERVED"", ""seismic_zone"": ""Seismic Zone-II"", ""spillway_type"": null, ""structure_code"": ""D06026"", ""authority_level"": ""B2"", ""completion_year"": 1968.0, ""registry_status"": ""Completed"", ""spillway_level_m"": 360.27, ""commencement_year"": null, ""spillway_length_m"": 182.88, ""dam_volume_source_value"": 398.0, ""engineering_completeness"": 1.0, ""design_flood_source_value"": 5318.0, ""engineering_fields_available"": 10.0, ""engineering_source_confidence"": 0.8, ""spillway_capacity_source_value"": 4543.0}",{},False,2026-09-03T04:52:14.819262+00:00,0,1,Midpennar Stage-I/Mid-Pennar Dam,dam,1,103,114,1968,,43.0,1175.0,398.0,14,12.20 x 6.10,RD,5318.0,4543.0,360.27,182.88,,Pennar,TE,Seismic Zone-II,Completed,,D06026,Anantapur,,58.0,10,1.0,False,B2,GOVERNMENT_DERIVED_MIRROR,SOURCE_PRESERVED,0.8,2026-09-03T04:45:38.976858+00:00,1,1,103,ASSET_REGISTRY,wris_registry_record,,Midpennar Stage-I/Mid-Pennar Dam,,,,,,B2,GOVERNMENT_DERIVED_MIRROR,SOURCE_PRESERVED,0.8,False,False,False,AP state filter + external ID + spatial/name resolution,"{""geometry"": {""type"": ""Point"", ""coordinates"": [77.40949728, 14.87087862]}, ""properties"": {""class"": ""Class 2"", ""state"": ""AP"", ""bacode"": ""09"", ""dtcode"": ""Anantapur"", ""dam_vol"": ""398"", ""dm_name"": ""Midpennar Stage-I/Mid-Pennar Dam"", ""dm_type"": ""TE"", ""nrld_no"": null, ""rivcode"": ""Pennar"", ""dm_ncity"": ""Anantapur"", ""objectid"": 4392, ""strucode"": ""D06026"", ""dm_cmn_yr"": null, ""dm_cmp_yr"": ""1968"", ""dm_coment"": null, ""dm_height"": ""43"", ""dm_length"": ""1175"", ""dm_status"": ""Completed"", ""dm_gate_no"": 14, ""dm_gate_sz"": ""12.20 x 6.10"", ""dm_flod_des"": ""5318"", ""dm_gt_ungtd"": null, ""dm_mod_oper"": null, ""dm_ses_zone"": ""Seismic Zone-II"", ""dm_spil_cap"": 4543.0, ""dm_spil_lev"": 360.27, ""dm_gate_type"": ""RD"", ""dm_sluice_sz"": null, ""dm_spil_leng"": ""182.88"", ""dm_spil_type"": null, ""dm_cn_gate_no"": null, ""dm_ener_dissp"": null, ""dm_inst_inter"": null, ""dm_perliament"": ""Anantapur"", ""dm_ph_gate_no"": null, ""dm_instru_embed"": null, ""dm_oper_main_age"": null, ""dm_sluice_purpose"": null, ""dm_inst_inter_ager"": null, ""dm_no_river_sluice"": null}}",2026-08-29T14:45:46.967391+00:00,2026-08-29T14:45:46.967391+00:00,0
132,AP_DAM_WRIS_AP01LH0005,Thippayapalem Dam,dam,TE + PG,Prakasam,Irrg.& CAD Dept.,ACTIVE,CANDIDATE,1938,,,,103,0.8,False,2026-08-29T14:45:46.967391+00:00,2026-08-29T14:45:46.967391+00:00,,,,,NO_REAL_STRUCTURAL_LABEL,1,Thippayapalem Dam,dam,ap_dam_barrage_state_v1,"{""origin"": ""GOVERNMENT_DERIVED_MIRROR"", ""nrld_no"": ""AP01LH0005"", ""dam_type"": ""TE + PG"", ""age_years"": 88.0, ""gate_type"": null, ""built_year"": 1938.0, ""gate_count"": null, ""river_name"": ""-"", ""dam_height_m"": 10.0, ""dam_length_m"": null, ""quality_flag"": ""SOURCE_PRESERVED"", ""seismic_zone"": ""Seismic Zone-II"", ""spillway_type"": null, ""structure_code"": ""D06035"", ""authority_level"": ""B2"", ""completion_year"": 1938.0, ""registry_status"": ""Completed"", ""spillway_level_m"": null, ""commencement_year"": null, ""spillway_length_m"": null, ""dam_volume_source_value"": null, ""engineering_completeness"": 0.5, ""design_flood_source_value"": null, ""engineering_fields_available"": 5.0, ""engineering_source_confidence"": 0.8, ""spillway_capacity_source_value"": null}",{},False,2026-09-03T04:52:14.819262+00:00,0,1,Thippayapalem Dam,dam,1,103,115,1938,,10.0,,,,,,,,,,,-,TE + PG,Seismic Zone-II,Completed,AP01LH0005,D06035,Markapur,Irrg.& CAD Dept.,88.0,5,0.5,False,B2,GOVERNMENT_DERIVED_MIRROR,SOURCE_PRESERVED,0.8,2026-09-03T04:45:38.976858+00:00,1,1,103,ASSET_REGISTRY,wris_registry_record,,Thippayapalem Dam,,,,,,B2,GOVERNMENT_DERIVED_MIRROR,SOURCE_PRESERVED,0.8,False,False,False,AP state filter + external ID + spatial/name resolution,"{""geometry"": {""type"": ""Point"", ""coordinates"": [79.16670215, 15.69056917]}, ""properties"": {""class"": ""CLASS 3"", ""state"": ""AP"", ""bacode"": ""16"", ""dtcode"": ""Prakasam"", ""dam_vol"": null, ""dm_name"": ""Thippayapalem Dam"", ""dm_type"": ""TE + PG"", ""nrld_no"": ""AP01LH0005"", ""rivcode"": ""-"", ""dm_ncity"": ""Markapur"", ""objectid"": 4397, ""strucode"": ""D06035"", ""dm_cmn_yr"": null, ""dm_cmp_yr"": ""1938"", ""dm_coment"": null, ""dm_height"": ""10"", ""dm_length"": null, ""dm_status"": ""Completed"", ""dm_gate_no"": null, ""dm_gate_sz"": null, ""dm_flod_des"": null, ""dm_gt_ungtd"": null, ""dm_mod_oper"": null, ""dm_ses_zone"": ""Seismic Zone-II"", ""dm_spil_cap"": null, ""dm_spil_lev"": null, ""dm_gate_type"": null, ""dm_sluice_sz"": null, ""dm_spil_leng"": null, ""dm_spil_type"": null, ""dm_cn_gate_no"": null, ""dm_ener_dissp"": null, ""dm_inst_inter"": null, ""dm_perliament"": ""Ongole"", ""dm_ph_gate_no"": null, ""dm_instru_embed"": null, ""dm_oper_main_age"": ""Irrg.& CAD Dept."", ""dm_sluice_purpose"": null, ""dm_inst_inter_ager"": null, ""dm_no_river_sluice"": null}}",2026-08-29T14:45:46.967391+00:00,2026-08-29T14:45:46.967391+00:00,0
133,AP_DAM_WRIS_AP01HH0133,Kandaleru /Kandaleru Dam,dam,TE,Sri Potti Sriramulu Nellore,Irrg.& CAD Dept.,ACTIVE,CANDIDATE,1995,,,,103,0.8,False,2026-08-29T14:45:46.967391+00:00,2026-08-29T14:45:46.967391+00:00,,,,,NO_REAL_STRUCTURAL_LABEL,1,Kandaleru /Kandaleru Dam,dam,ap_dam_barrage_state_v1,"{""origin"": ""GOVERNMENT_DERIVED_MIRROR"", ""nrld_no"": ""AP01HH0133"", ""dam_type"": ""TE"", ""age_years"": 31.0, ""gate_type"": ""RD"", ""built_year"": 1995.0, ""gate_count"": 3.0, ""river_name"": ""Kandleru"", ""dam_height_m"": 49.0, ""dam_length_m"": 10752.0, ""quality_flag"": ""SOURCE_PRESERVED"", ""seismic_zone"": ""Seismic Zone-III"", ""spillway_type"": ""OT"", ""structure_code"": ""D05565"", ""authority_level"": ""B2"", ""completion_year"": 1995.0, ""registry_status"": ""Completed"", ""spillway_level_m"": 85.0, ""commencement_year"": null, ""spillway_length_m"": null, ""dam_volume_source_value"": 16720.0, ""engineering_completeness"": 0.9, ""design_flood_source_value"": 312.0, ""engineering_fields_available"": 9.0, ""engineering_source_confidence"": 0.8, ""spillway_capacity_source_value"": null}",{},False,2026-09-03T04:52:14.819262+00:00,0,1,Kandaleru /Kandaleru Dam,dam,1,103,116,1995,,49.0,10752.0,16720.0,3,,RD,312.0,,85.0,,OT,Kandleru,TE,Seismic Zone-III,Completed,AP01HH0133,D05565,Rapur,Irrg.& CAD Dept.,31.0,9,0.9,False,B2,GOVERNMENT_DERIVED_MIRROR,SOURCE_PRESERVED,0.8,2026-09-03T04:45:38.976858+00:00,1,1,103,ASSET_REGISTRY,wris_registry_record,,Kandaleru /Kandaleru Dam,,,,,,B2,GOVERNMENT_DERIVED_MIRROR,SOURCE_PRESERVED,0.8,False,False,False,AP state filter + external ID + spatial/name resolution,"{""geometry"": {""type"": ""Point"", ""coordinates"": [79.62390336, 14.33612279]}, ""properties"": {""class"": ""Class 2"", ""state"": ""AP"", ""bacode"": ""17"", ""dtcode"": ""Sri Potti Sriramulu Nellore"", ""dam_vol"": ""16720"", ""dm_name"": ""Kandaleru /Kandaleru Dam"", ""dm_type"": ""TE"", ""nrld_no"": ""AP01HH0133"", ""rivcode"": ""Kandleru"", ""dm_ncity"": ""Rapur"", ""objectid"": 4473, ""strucode"": ""D05565"", ""dm_cmn_yr"": null, ""dm_cmp_yr"": ""1995"", ""dm_coment"": ""9 No.s 18.30 x 6.10;                 9 No.s 8.30 x 4.60"", ""dm_height"": ""49"", ""dm_length"": ""10752"", ""dm_status"": ""Completed"", ""dm_gate_no"": 3, ""dm_gate_sz"": null, ""dm_flod_des"": ""312"", ""dm_gt_ungtd"": null, ""dm_mod_oper"": null, ""dm_ses_zone"": ""Seismic Zone-III"", ""dm_spil_cap"": null, ""dm_spil_lev"": 85.0, ""dm_gate_type"": ""RD"", ""dm_sluice_sz"": null, ""dm_spil_leng"": null, ""dm_spil_type"": ""OT"", ""dm_cn_gate_no"": null, ""dm_ener_dissp"": null, ""dm_inst_inter"": null, ""dm_perliament"": ""Tirupati"", ""dm_ph_gate_no"": null, ""dm_instru_embed"": null, ""dm_oper_main_age"": ""Irrg.& CAD Dept."", ""dm_sluice_purpose"": null, ""dm_inst_inter_ager"": null, ""dm_no_river_sluice"": null}}",2026-08-29T14:45:46.967391+00:00,2026-08-29T14:45:46.967391+00:00,0
134,AP_DAM_WRIS_D06208,Yeddula Eswaraiah Gandikoata Dam,dam,PG,Y.S.R.,,ACTIVE,CANDIDATE,,,,,103,0.8,False,2026-08-29T14:45:46.967391+00:00,2026-08-29T14:45:46.967391+00:00,,,,,NO_REAL_STRUCTURAL_LABEL,1,Yeddula Eswaraiah Gandikoata Dam,dam,ap_dam_barrage_state_v1,"{""origin"": ""GOVERNMENT_DERIVED_MIRROR"", ""nrld_no"": null, ""dam_type"": ""PG"", ""age_years"": null, ""gate_type"": ""RD"", ""built_year"": null, ""gate_count"": 14.0, ""river_name"": ""Pennar"", ""dam_height_m"": 38.0, ""dam_length_m"": 325.0, ""quality_flag"": ""SOURCE_PRESERVED"", ""seismic_zone"": ""Seismic Zone-II"", ""spillway_type"": ""OG"", ""structure_code"": ""D06208"", ""authority_level"": ""B2"", ""completion_year"": null, ""registry_status"": ""Completed"", ""spillway_level_m"": 202.2, ""commencement_year"": 2005.0, ""spillway_length_m"": null, ""dam_volume_source_value"": null, ""engineering_completeness"": 0.8, ""design_flood_source_value"": 8180.0, ""engineering_fields_available"": 8.0, ""engineering_source_confidence"": 0.8, ""spillway_capacity_source_value"": null}",{},False,2026-09-03T04:52:14.819262+00:00,0,1,Yeddula Eswaraiah Gandikoata Dam,dam,1,103,117,,2005,38.0,325.0,,14,15.00 x 9.80,RD,8180.0,,202.2,,OG,Pennar,PG,Seismic Zone-II,Completed,,D06208,Jammalamadugu,,,8,0.8,False,B2,GOVERNMENT_DERIVED_MIRROR,SOURCE_PRESERVED,0.8,2026-09-03T04:45:38.976858+00:00,1,1,103,ASSET_REGISTRY,wris_registry_record,,Yeddula Eswaraiah Gandikoata Dam,,,,,,B2,GOVERNMENT_DERIVED_MIRROR,SOURCE_PRESERVED,0.8,False,False,False,AP state filter + external ID + spatial/name resolution,"{""geometry"": {""type"": ""Point"", ""coordinates"": [78.25142349, 14.80851737]}, ""properties"": {""class"": ""Class 2"", ""state"": ""AP"", ""bacode"": ""09"", ""dtcode"": ""Y.S.R."", ""dam_vol"": null, ""dm_name"": ""Yeddula Eswaraiah Gandikoata Dam"", ""dm_type"": ""PG"", ""nrld_no"": null, ""rivcode"": ""Pennar"", ""dm_ncity"": ""Jammalamadugu"", ""objectid"": 4546, ""strucode"": ""D06208"", ""dm_cmn_yr"": ""2005"", ""dm_cmp_yr"": null, ""dm_coment"": null, ""dm_height"": ""38"", ""dm_length"": ""325"", ""dm_status"": ""Completed"", ""dm_gate_no"": 14, ""dm_gate_sz"": ""15.00 x 9.80"", ""dm_flod_des"": ""8180"", ""dm_gt_ungtd"": null, ""dm_mod_oper"": null, ""dm_ses_zone"": ""Seismic Zone-II"", ""dm_spil_cap"": null, ""dm_spil_lev"": 202.2, ""dm_gate_type"": ""RD"", ""dm_sluice_sz"": null, ""dm_spil_leng"": null, ""dm_spil_type"": ""OG"", ""dm_cn_gate_no"": null, ""dm_ener_dissp"": null, ""dm_inst_inter"": null, ""dm_perliament"": ""Kadapa"", ""dm_ph_gate_no"": null, ""dm_instru_embed"": null, ""dm_oper_main_age"": null, ""dm_sluice_purpose"": null, ""dm_inst_inter_ager"": null, ""dm_no_river_sluice"": null}}",2026-08-29T14:45:46.967391+00:00,2026-08-29T14:45:46.967391+00:00,0
135,AP_DAM_WRIS_D06327,Pulichintala,dam,,Nalgonda,"WRD, Govt of AP",ACTIVE,CANDIDATE,,,,,103,0.8,False,2026-08-29T14:45:46.967391+00:00,2026-08-29T14:45:46.967391+00:00,,,,,NO_REAL_STRUCTURAL_LABEL,1,Pulichintala,dam,ap_dam_barrage_state_v1,"{""origin"": ""GOVERNMENT_DERIVED_MIRROR"", ""nrld_no"": null, ""dam_type"": null, ""age_years"": null, ""gate_type"": null, ""built_year"": null, ""gate_count"": 4.0, ""river_name"": ""Krishna"", ""dam_height_m"": null, ""dam_length_m"": null, ""quality_flag"": ""SOURCE_PRESERVED"", ""seismic_zone"": ""Seismic Zone-III"", ""spillway_type"": null, ""structure_code"": ""D06327"", ""authority_level"": ""B2"", ""completion_year"": null, ""registry_status"": ""Completed"", ""spillway_level_m"": null, ""commencement_year"": null, ""spillway_length_m"": null, ""dam_volume_source_value"": null, ""engineering_completeness"": 0.4, ""design_flood_source_value"": null, ""engineering_fields_available"": 4.0, ""engineering_source_confidence"": 0.8, ""spillway_capacity_source_value"": 57700.0}",{},False,2026-09-03T04:52:14.819262+00:00,0,1,Pulichintala,dam,1,103,119,,,,,,4,,,,57700.0,,,,Krishna,,Seismic Zone-III,Completed,,D06327,Huzurnagar,"WRD, Govt of AP",,4,0.4,False,B2,GOVERNMENT_DERIVED_MIRROR,SOURCE_PRESERVED,0.8,2026-09-03T04:45:38.976858+00:00,1,1,103,ASSET_REGISTRY,wris_registry_record,,Pulichintala,,,,,,B2,GOVERNMENT_DERIVED_MIRROR,SOURCE_PRESERVED,0.8,False,False,False,AP state filter + external ID + spatial/name resolution,"{""geometry"": {""type"": ""Point"", ""coordinates"": [80.05657579, 16.77085143]}, ""properties"": {""class"": ""CLASS 3"", ""state"": ""AP"", ""bacode"": ""04"", ""dtcode"": ""Nalgonda"", ""dam_vol"": null, ""dm_name"": ""Pulichintala"", ""dm_type"": null, ""nrld_no"": null, ""rivcode"": ""Krishna"", ""dm_ncity"": ""Huzurnagar"", ""objectid"": 4588, ""strucode"": ""D06327"", ""dm_cmn_yr"": null, ""dm_cmp_yr"": null, ""dm_coment"": null, ""dm_height"": null, ""dm_length"": null, ""dm_status"": ""Completed"", ""dm_gate_no"": 4, ""dm_gate_sz"": null, ""dm_flod_des"": null, ""dm_gt_ungtd"": null, ""dm_mod_oper"": null, ""dm_ses_zone"": ""Seismic Zone-III"", ""dm_spil_cap"": 57700.0, ""dm_spil_lev"": null, ""dm_gate_type"": null, ""dm_sluice_sz"": null, ""dm_spil_leng"": null, ""dm_spil_type"": null, ""dm_cn_gate_no"": null, ""dm_ener_dissp"": null, ""dm_inst_inter"": null, ""dm_perliament"": ""Nalgonda"", ""dm_ph_gate_no"": null, ""dm_instru_embed"": null, ""dm_oper_main_age"": ""WRD, Govt of AP"", ""dm_sluice_purpose"": null, ""dm_inst_inter_ager"": null, ""dm_no_river_sluice"": null}}",2026-08-29T14:45:46.967391+00:00,2026-08-29T14:45:46.967391+00:00,3
136,AP_DAM_WRIS_D06350,Gooty Tank,dam,TE,Anantapur,,PROPOSED,CANDIDATE,,,,,103,0.8,False,2026-08-29T14:45:46.967391+00:00,2026-08-29T14:45:46.967391+00:00,,,,,NO_REAL_STRUCTURAL_LABEL,1,Gooty Tank,dam,ap_dam_barrage_state_v1,"{""origin"": ""GOVERNMENT_DERIVED_MIRROR"", ""nrld_no"": null, ""dam_type"": ""TE"", ""age_years"": null, ""gate_type"": null, ""built_year"": null, ""gate_count"": null, ""river_name"": null, ""dam_height_m"": null, ""dam_length_m"": null, ""quality_flag"": ""SOURCE_PRESERVED"", ""seismic_zone"": ""Seismic Zone-II"", ""spillway_type"": null, ""structure_code"": ""D06350"", ""authority_level"": ""B2"", ""completion_year"": null, ""registry_status"": ""Proposed"", ""spillway_level_m"": null, ""commencement_year"": null, ""spillway_length_m"": null, ""dam_volume_source_value"": null, ""engineering_completeness"": 0.2, ""design_flood_source_value"": null, ""engineering_fields_available"": 2.0, ""engineering_source_confidence"": 0.8, ""spillway_capacity_source_value"": null}",{},False,2026-09-03T04:52:14.819262+00:00,0,1,Gooty Tank,dam,1,103,120,,,,,,,,,,,,,,,TE,Seismic Zone-II,Proposed,,D06350,,,,2,0.2,False,B2,GOVERNMENT_DERIVED_MIRROR,SOURCE_PRESERVED,0.8,2026-09-03T04:45:38.976858+00:00,1,1,103,ASSET_REGISTRY,wris_registry_record,,Gooty Tank,,,,,,B2,GOVERNMENT_DERIVED_MIRROR,SOURCE_PRESERVED,0.8,False,False,False,AP state filter + external ID + spatial/name resolution,"{""geometry"": {""type"": ""Point"", ""coordinates"": [77.60546379, 15.11544984]}, ""properties"": {""class"": ""CLASS 3"", ""state"": ""AP"", ""bacode"": ""09"", ""dtcode"": ""Anantapur"", ""dam_vol"": null, ""dm_name"": ""Gooty Tank"", ""dm_type"": ""TE"", ""nrld_no"": null, ""rivcode"": null, ""dm_ncity"": null, ""objectid"": 4980, ""strucode"": ""D06350"", ""dm_cmn_yr"": null, ""dm_cmp_yr"": null, ""dm_coment"": null, ""dm_height"": null, ""dm_length"": null, ""dm_status"": ""Proposed"", ""dm_gate_no"": null, ""dm_gate_sz"": null, ""dm_flod_des"": null, ""dm_gt_ungtd"": null, ""dm_mod_oper"": null, ""dm_ses_zone"": ""Seismic Zone-II"", ""dm_spil_cap"": null, ""dm_spil_lev"": null, ""dm_gate_type"": null, ""dm_sluice_sz"": null, ""dm_spil_leng"": null, ""dm_spil_type"": null, ""dm_cn_gate_no"": null, ""dm_ener_dissp"": null, ""dm_inst_inter"": null, ""dm_perliament"": ""Anantapur"", ""dm_ph_gate_no"": null, ""dm_instru_embed"": null, ""dm_oper_main_age"": null, ""dm_sluice_purpose"": null, ""dm_inst_inter_ager"": null, ""dm_no_river_sluice"": null}}",2026-08-29T14:45:46.967391+00:00,2026-08-29T14:45:46.967391+00:00,0
137,AP_DAM_WRIS_D06351,Kanelal Tank,dam,TE,Anantapur,,PROPOSED,CANDIDATE,,,,,103,0.8,False,2026-08-29T14:45:46.967391+00:00,2026-08-29T14:45:46.967391+00:00,,,,,NO_REAL_STRUCTURAL_LABEL,1,Kanelal Tank,dam,ap_dam_barrage_state_v1,"{""origin"": ""GOVERNMENT_DERIVED_MIRROR"", ""nrld_no"": null, ""dam_type"": ""TE"", ""age_years"": null, ""gate_type"": null, ""built_year"": null, ""gate_count"": null, ""river_name"": null, ""dam_height_m"": null, ""dam_length_m"": null, ""quality_flag"": ""SOURCE_PRESERVED"", ""seismic_zone"": ""Seismic Zone-II"", ""spillway_type"": null, ""structure_code"": ""D06351"", ""authority_level"": ""B2"", ""completion_year"": null, ""registry_status"": ""Proposed"", ""spillway_level_m"": null, ""commencement_year"": null, ""spillway_length_m"": null, ""dam_volume_source_value"": null, ""engineering_completeness"": 0.2, ""design_flood_source_value"": null, ""engineering_fields_available"": 2.0, ""engineering_source_confidence"": 0.8, ""spillway_capacity_source_value"": null}",{},False,2026-09-03T04:52:14.819262+00:00,0,1,Kanelal Tank,dam,1,103,121,,,,,,,,,,,,,,,TE,Seismic Zone-II,Proposed,,D06351,,,,2,0.2,False,B2,GOVERNMENT_DERIVED_MIRROR,SOURCE_PRESERVED,0.8,2026-09-03T04:45:38.976858+00:00,1,1,103,ASSET_REGISTRY,wris_registry_record,,Kanelal Tank,,,,,,B2,GOVERNMENT_DERIVED_MIRROR,SOURCE_PRESERVED,0.8,False,False,False,AP state filter + external ID + spatial/name resolution,"{""geometry"": {""type"": ""Point"", ""coordinates"": [77.06886359, 14.80138504]}, ""properties"": {""class"": ""CLASS 3"", ""state"": ""AP"", ""bacode"": ""04"", ""dtcode"": ""Anantapur"", ""dam_vol"": null, ""dm_name"": ""Kanelal Tank"", ""dm_type"": ""TE"", ""nrld_no"": null, ""rivcode"": null, ""dm_ncity"": null, ""objectid"": 4981, ""strucode"": ""D06351"", ""dm_cmn_yr"": null, ""dm_cmp_yr"": null, ""dm_coment"": null, ""dm_height"": null, ""dm_length"": null, ""dm_status"": ""Proposed"", ""dm_gate_no"": null, ""dm_gate_sz"": null, ""dm_flod_des"": null, ""dm_gt_ungtd"": null, ""dm_mod_oper"": null, ""dm_ses_zone"": ""Seismic Zone-II"", ""dm_spil_cap"": null, ""dm_spil_lev"": null, ""dm_gate_type"": null, ""dm_sluice_sz"": null, ""dm_spil_leng"": null, ""dm_spil_type"": null, ""dm_cn_gate_no"": null, ""dm_ener_dissp"": null, ""dm_inst_inter"": null, ""dm_perliament"": ""Anantapur"", ""dm_ph_gate_no"": null, ""dm_instru_embed"": null, ""dm_oper_main_age"": null, ""dm_sluice_purpose"": null, ""dm_inst_inter_ager"": null, ""dm_no_river_sluice"": null}}",2026-08-29T14:45:46.967391+00:00,2026-08-29T14:45:46.967391+00:00,0
138,AP_DAM_WRIS_D06352,Pendekallu,dam,,Anantapur,,PROPOSED,CANDIDATE,,,,,103,0.8,False,2026-08-29T14:45:46.967391+00:00,2026-08-29T14:45:46.967391+00:00,,,,,NO_REAL_STRUCTURAL_LABEL,1,Pendekallu,dam,ap_dam_barrage_state_v1,"{""origin"": ""GOVERNMENT_DERIVED_MIRROR"", ""nrld_no"": null, ""dam_type"": null, ""age_years"": null, ""gate_type"": null, ""built_year"": null, ""gate_count"": null, ""river_name"": null, ""dam_height_m"": null, ""dam_length_m"": null, ""quality_flag"": ""SOURCE_PRESERVED"", ""seismic_zone"": ""Seismic Zone-II"", ""spillway_type"": null, ""structure_code"": ""D06352"", ""authority_level"": ""B2"", ""completion_year"": null, ""registry_status"": ""Proposed"", ""spillway_level_m"": null, ""commencement_year"": null, ""spillway_length_m"": null, ""dam_volume_source_value"": null, ""engineering_completeness"": 0.1, ""design_flood_source_value"": null, ""engineering_fields_available"": 1.0, ""engineering_source_confidence"": 0.8, ""spillway_capacity_source_value"": null}",{},False,2026-09-03T04:52:14.819262+00:00,0,1,Pendekallu,dam,1,103,122,,,,,,,,,,,,,,,,Seismic Zone-II,Proposed,,D06352,,,,1,0.1,False,B2,GOVERNMENT_DERIVED_MIRROR,SOURCE_PRESERVED,0.8,2026-09-03T04:45:38.976858+00:00,1,1,103,ASSET_REGISTRY,wris_registry_record,,Pendekallu,,,,,,B2,GOVERNMENT_DERIVED_MIRROR,SOURCE_PRESERVED,0.8,False,False,False,AP state filter + external ID + spatial/name resolution,"{""geometry"": {""type"": ""Point"", ""coordinates"": [77.86948879, 14.97256939]}, ""properties"": {""class"": ""CLASS 3"", ""state"": ""AP"", ""bacode"": ""09"", ""dtcode"": ""Anantapur"", ""dam_vol"": null, ""dm_name"": ""Pendekallu"", ""dm_type"": null, ""nrld_no"": null, ""rivcode"": null, ""dm_ncity"": null, ""objectid"": 4982, ""strucode"": ""D06352"", ""dm_cmn_yr"": null, ""dm_cmp_yr"": null, ""dm_coment"": null, ""dm_height"": null, ""dm_length"": null, ""dm_status"": ""Proposed"", ""dm_gate_no"": null, ""dm_gate_sz"": null, ""dm_flod_des"": null, ""dm_gt_ungtd"": null, ""dm_mod_oper"": null, ""dm_ses_zone"": ""Seismic Zone-II"", ""dm_spil_cap"": null, ""dm_spil_lev"": null, ""dm_gate_type"": null, ""dm_sluice_sz"": null, ""dm_spil_leng"": null, ""dm_spil_type"": null, ""dm_cn_gate_no"": null, ""dm_ener_dissp"": null, ""dm_inst_inter"": null, ""dm_perliament"": ""Anantapur"", ""dm_ph_gate_no"": null, ""dm_instru_embed"": null, ""dm_oper_main_age"": null, ""dm_sluice_purpose"": null, ""dm_inst_inter_ager"": null, ""dm_no_river_sluice"": null}}",2026-08-29T14:45:46.967391+00:00,2026-08-29T14:45:46.967391+00:00,0
139,AP_DAM_WRIS_D06353,Matchukota Balancing Reservoir,dam,TE,Anantapur,,PROPOSED,CANDIDATE,,,,,103,0.8,False,2026-08-29T14:45:46.967391+00:00,2026-08-29T14:45:46.967391+00:00,,,,,NO_REAL_STRUCTURAL_LABEL,1,Matchukota Balancing Reservoir,dam,ap_dam_barrage_state_v1,"{""origin"": ""GOVERNMENT_DERIVED_MIRROR"", ""nrld_no"": null, ""dam_type"": ""TE"", ""age_years"": null, ""gate_type"": null, ""built_year"": null, ""gate_count"": null, ""river_name"": null, ""dam_height_m"": null, ""dam_length_m"": null, ""quality_flag"": ""SOURCE_PRESERVED"", ""seismic_zone"": ""Seismic Zone-II"", ""spillway_type"": null, ""structure_code"": ""D06353"", ""authority_level"": ""B2"", ""completion_year"": null, ""registry_status"": ""Proposed"", ""spillway_level_m"": null, ""commencement_year"": null, ""spillway_length_m"": null, ""dam_volume_source_value"": null, ""engineering_completeness"": 0.2, ""design_flood_source_value"": null, ""engineering_fields_available"": 2.0, ""engineering_source_confidence"": 0.8, ""spillway_capacity_source_value"": null}",{},False,2026-09-03T04:52:14.819262+00:00,0,1,Matchukota Balancing Reservoir,dam,1,103,123,,,,,,,,,,,,,,,TE,Seismic Zone-II,Proposed,,D06353,,,,2,0.2,False,B2,GOVERNMENT_DERIVED_MIRROR,SOURCE_PRESERVED,0.8,2026-09-03T04:45:38.976858+00:00,1,1,103,ASSET_REGISTRY,wris_registry_record,,Matchukota Balancing Reservoir,,,,,,B2,GOVERNMENT_DERIVED_MIRROR,SOURCE_PRESERVED,0.8,False,False,False,AP state filter + external ID + spatial/name resolution,"{""geometry"": {""type"": ""Point"", ""coordinates"": [77.878639, 14.822925]}, ""properties"": {""class"": ""CLASS 3"", ""state"": ""AP"", ""bacode"": ""09"", ""dtcode"": ""Anantapur"", ""dam_vol"": null, ""dm_name"": ""Matchukota Balancing Reservoir"", ""dm_type"": ""TE"", ""nrld_no"": null, ""rivcode"": null, ""dm_ncity"": null, ""objectid"": 4983, ""strucode"": ""D06353"", ""dm_cmn_yr"": null, ""dm_cmp_yr"": null, ""dm_coment"": null, ""dm_height"": null, ""dm_length"": null, ""dm_status"": ""Proposed"", ""dm_gate_no"": null, ""dm_gate_sz"": null, ""dm_flod_des"": null, ""dm_gt_ungtd"": null, ""dm_mod_oper"": null, ""dm_ses_zone"": ""Seismic Zone-II"", ""dm_spil_cap"": null, ""dm_spil_lev"": null, ""dm_gate_type"": null, ""dm_sluice_sz"": null, ""dm_spil_leng"": null, ""dm_spil_type"": null, ""dm_cn_gate_no"": null, ""dm_ener_dissp"": null, ""dm_inst_inter"": null, ""dm_perliament"": ""Anantapur"", ""dm_ph_gate_no"": null, ""dm_instru_embed"": null, ""dm_oper_main_age"": null, ""dm_sluice_purpose"": null, ""dm_inst_inter_ager"": null, ""dm_no_river_sluice"": null}}",2026-08-29T14:45:46.967391+00:00,2026-08-29T14:45:46.967391+00:00,0
140,AP_DAM_WRIS_D06354,Sri Subbaraya Sagar,dam,,Anantapur,,PROPOSED,CANDIDATE,,,,,103,0.8,False,2026-08-29T14:45:46.967391+00:00,2026-08-29T14:45:46.967391+00:00,,,,,NO_REAL_STRUCTURAL_LABEL,1,Sri Subbaraya Sagar,dam,ap_dam_barrage_state_v1,"{""origin"": ""GOVERNMENT_DERIVED_MIRROR"", ""nrld_no"": null, ""dam_type"": null, ""age_years"": null, ""gate_type"": null, ""built_year"": null, ""gate_count"": null, ""river_name"": null, ""dam_height_m"": null, ""dam_length_m"": null, ""quality_flag"": ""SOURCE_PRESERVED"", ""seismic_zone"": ""Seismic Zone-II"", ""spillway_type"": null, ""structure_code"": ""D06354"", ""authority_level"": ""B2"", ""completion_year"": null, ""registry_status"": ""Proposed"", ""spillway_level_m"": null, ""commencement_year"": null, ""spillway_length_m"": null, ""dam_volume_source_value"": null, ""engineering_completeness"": 0.1, ""design_flood_source_value"": null, ""engineering_fields_available"": 1.0, ""engineering_source_confidence"": 0.8, ""spillway_capacity_source_value"": null}",{},False,2026-09-03T04:52:14.819262+00:00,0,1,Sri Subbaraya Sagar,dam,1,103,124,,,,,,,,,,,,,,,,Seismic Zone-II,Proposed,,D06354,,,,1,0.1,False,B2,GOVERNMENT_DERIVED_MIRROR,SOURCE_PRESERVED,0.8,2026-09-03T04:45:38.976858+00:00,1,1,103,ASSET_REGISTRY,wris_registry_record,,Sri Subbaraya Sagar,,,,,,B2,GOVERNMENT_DERIVED_MIRROR,SOURCE_PRESERVED,0.8,False,False,False,AP state filter + external ID + spatial/name resolution,"{""geometry"": {""type"": ""Point"", ""coordinates"": [77.88915891, 14.81486423]}, ""properties"": {""class"": ""CLASS 3"", ""state"": ""AP"", ""bacode"": ""09"", ""dtcode"": ""Anantapur"", ""dam_vol"": null, ""dm_name"": ""Sri Subbaraya Sagar"", ""dm_type"": null, ""nrld_no"": null, ""rivcode"": null, ""dm_ncity"": null, ""objectid"": 4984, ""strucode"": ""D06354"", ""dm_cmn_yr"": null, ""dm_cmp_yr"": null, ""dm_coment"": null, ""dm_height"": null, ""dm_length"": null, ""dm_status"": ""Proposed"", ""dm_gate_no"": null, ""dm_gate_sz"": null, ""dm_flod_des"": null, ""dm_gt_ungtd"": null, ""dm_mod_oper"": null, ""dm_ses_zone"": ""Seismic Zone-II"", ""dm_spil_cap"": null, ""dm_spil_lev"": null, ""dm_gate_type"": null, ""dm_sluice_sz"": null, ""dm_spil_leng"": null, ""dm_spil_type"": null, ""dm_cn_gate_no"": null, ""dm_ener_dissp"": null, ""dm_inst_inter"": null, ""dm_perliament"": ""Anantapur"", ""dm_ph_gate_no"": null, ""dm_instru_embed"": null, ""dm_oper_main_age"": null, ""dm_sluice_purpose"": null, ""dm_inst_inter_ager"": null, ""dm_no_river_sluice"": null}}",2026-08-29T14:45:46.967391+00:00,2026-08-29T14:45:46.967391+00:00,0
141,AP_DAM_WRIS_D06356,P.T.Cheruvu,dam,TE,Anantapur,,ACTIVE,CANDIDATE,,,,,103,0.8,False,2026-08-29T14:45:46.967391+00:00,2026-08-29T14:45:46.967391+00:00,,,,,NO_REAL_STRUCTURAL_LABEL,1,P.T.Cheruvu,dam,ap_dam_barrage_state_v1,"{""origin"": ""GOVERNMENT_DERIVED_MIRROR"", ""nrld_no"": null, ""dam_type"": ""TE"", ""age_years"": null, ""gate_type"": null, ""built_year"": null, ""gate_count"": null, ""river_name"": null, ""dam_height_m"": null, ""dam_length_m"": null, ""quality_flag"": ""SOURCE_PRESERVED"", ""seismic_zone"": ""Seismic Zone-II"", ""spillway_type"": null, ""structure_code"": ""D06356"", ""authority_level"": ""B2"", ""completion_year"": null, ""registry_status"": ""Completed"", ""spillway_level_m"": null, ""commencement_year"": null, ""spillway_length_m"": null, ""dam_volume_source_value"": null, ""engineering_completeness"": 0.2, ""design_flood_source_value"": null, ""engineering_fields_available"": 2.0, ""engineering_source_confidence"": 0.8, ""spillway_capacity_source_value"": null}",{},False,2026-09-03T04:52:14.819262+00:00,0,1,P.T.Cheruvu,dam,1,103,125,,,,,,,,,,,,,,,TE,Seismic Zone-II,Completed,,D06356,,,,2,0.2,False,B2,GOVERNMENT_DERIVED_MIRROR,SOURCE_PRESERVED,0.8,2026-09-03T04:45:38.976858+00:00,1,1,103,ASSET_REGISTRY,wris_registry_record,,P.T.Cheruvu,,,,,,B2,GOVERNMENT_DERIVED_MIRROR,SOURCE_PRESERVED,0.8,False,False,False,AP state filter + external ID + spatial/name resolution,"{""geometry"": {""type"": ""Point"", ""coordinates"": [77.504906, 15.161697]}, ""properties"": {""class"": ""CLASS 3"", ""state"": ""AP"", ""bacode"": ""09"", ""dtcode"": ""Anantapur"", ""dam_vol"": null, ""dm_name"": ""P.T.Cheruvu"", ""dm_type"": ""TE"", ""nrld_no"": null, ""rivcode"": null, ""dm_ncity"": null, ""objectid"": 4985, ""strucode"": ""D06356"", ""dm_cmn_yr"": null, ""dm_cmp_yr"": null, ""dm_coment"": null, ""dm_height"": null, ""dm_length"": null, ""dm_status"": ""Completed"", ""dm_gate_no"": null, ""dm_gate_sz"": null, ""dm_flod_des"": null, ""dm_gt_ungtd"": null, ""dm_mod_oper"": null, ""dm_ses_zone"": ""Seismic Zone-II"", ""dm_spil_cap"": null, ""dm_spil_lev"": null, ""dm_gate_type"": null, ""dm_sluice_sz"": null, ""dm_spil_leng"": null, ""dm_spil_type"": null, ""dm_cn_gate_no"": null, ""dm_ener_dissp"": null, ""dm_inst_inter"": null, ""dm_perliament"": ""Anantapur"", ""dm_ph_gate_no"": null, ""dm_instru_embed"": null, ""dm_oper_main_age"": null, ""dm_sluice_purpose"": null, ""dm_inst_inter_ager"": null, ""dm_no_river_sluice"": null}}",2026-08-29T14:45:46.967391+00:00,2026-08-29T14:45:46.967391+00:00,0
142,AP_DAM_WRIS_D06393,Spvbs Dam,dam,,Y.s.r.,,ACTIVE,CANDIDATE,,,,,103,0.8,False,2026-08-29T14:45:46.967391+00:00,2026-08-29T14:45:46.967391+00:00,,,,,NO_REAL_STRUCTURAL_LABEL,1,Spvbs Dam,dam,ap_dam_barrage_state_v1,"{""origin"": ""GOVERNMENT_DERIVED_MIRROR"", ""nrld_no"": null, ""dam_type"": null, ""age_years"": null, ""gate_type"": null, ""built_year"": null, ""gate_count"": null, ""river_name"": ""Pennar"", ""dam_height_m"": null, ""dam_length_m"": null, ""quality_flag"": ""SOURCE_PRESERVED"", ""seismic_zone"": ""Seismic Zone-II"", ""spillway_type"": null, ""structure_code"": ""D06393"", ""authority_level"": ""B2"", ""completion_year"": null, ""registry_status"": ""Completed"", ""spillway_level_m"": null, ""commencement_year"": null, ""spillway_length_m"": null, ""dam_volume_source_value"": null, ""engineering_completeness"": 0.2, ""design_flood_source_value"": null, ""engineering_fields_available"": 2.0, ""engineering_source_confidence"": 0.8, ""spillway_capacity_source_value"": null}",{},False,2026-09-03T04:52:14.819262+00:00,0,1,Spvbs Dam,dam,1,103,126,,,,,,,,,,,,,,Pennar,,Seismic Zone-II,Completed,,D06393,,,,2,0.2,False,B2,GOVERNMENT_DERIVED_MIRROR,SOURCE_PRESERVED,0.8,2026-09-03T04:45:38.976858+00:00,1,1,103,ASSET_REGISTRY,wris_registry_record,,Spvbs Dam,,,,,,B2,GOVERNMENT_DERIVED_MIRROR,SOURCE_PRESERVED,0.8,False,False,False,AP state filter + external ID + spatial/name resolution,"{""geometry"": {""type"": ""Point"", ""coordinates"": [78.88446678, 14.80540608]}, ""properties"": {""class"": ""CLASS 3"", ""state"": ""AP"", ""bacode"": ""09"", ""dtcode"": ""Y.s.r."", ""dam_vol"": null, ""dm_name"": ""Spvbs Dam"", ""dm_type"": null, ""nrld_no"": null, ""rivcode"": ""Pennar"", ""dm_ncity"": null, ""objectid"": 6927, ""strucode"": ""D06393"", ""dm_cmn_yr"": null, ""dm_cmp_yr"": null, ""dm_coment"": null, ""dm_height"": null, ""dm_length"": null, ""dm_status"": ""Completed"", ""dm_gate_no"": null, ""dm_gate_sz"": null, ""dm_flod_des"": null, ""dm_gt_ungtd"": null, ""dm_mod_oper"": null, ""dm_ses_zone"": ""Seismic Zone-II"", ""dm_spil_cap"": null, ""dm_spil_lev"": null, ""dm_gate_type"": null, ""dm_sluice_sz"": null, ""dm_spil_leng"": null, ""dm_spil_type"": null, ""dm_cn_gate_no"": null, ""dm_ener_dissp"": null, ""dm_inst_inter"": null, ""dm_perliament"": ""Kadapa"", ""dm_ph_gate_no"": null, ""dm_instru_embed"": null, ""dm_oper_main_age"": null, ""dm_sluice_purpose"": null, ""dm_inst_inter_ager"": null, ""dm_no_river_sluice"": null}}",2026-08-29T14:45:46.967391+00:00,2026-08-29T14:45:46.967391+00:00,6
143,AP_DAM_WRIS_D06394,Turimella Reservoir Dam,dam,,Prakasam,,PROPOSED,CANDIDATE,,,,,103,0.8,False,2026-08-29T14:45:46.967391+00:00,2026-08-29T14:45:46.967391+00:00,,,,,NO_REAL_STRUCTURAL_LABEL,1,Turimella Reservoir Dam,dam,ap_dam_barrage_state_v1,"{""origin"": ""GOVERNMENT_DERIVED_MIRROR"", ""nrld_no"": null, ""dam_type"": null, ""age_years"": null, ""gate_type"": null, ""built_year"": null, ""gate_count"": null, ""river_name"": null, ""dam_height_m"": null, ""dam_length_m"": null, ""quality_flag"": ""SOURCE_PRESERVED"", ""seismic_zone"": ""Seismic Zone-II"", ""spillway_type"": null, ""structure_code"": ""D06394"", ""authority_level"": ""B2"", ""completion_year"": null, ""registry_status"": ""Proposed"", ""spillway_level_m"": null, ""commencement_year"": null, ""spillway_length_m"": null, ""dam_volume_source_value"": null, ""engineering_completeness"": 0.1, ""design_flood_source_value"": null, ""engineering_fields_available"": 1.0, ""engineering_source_confidence"": 0.8, ""spillway_capacity_source_value"": null}",{},False,2026-09-03T04:52:14.819262+00:00,0,1,Turimella Reservoir Dam,dam,1,103,127,,,,,,,,,,,,,,,,Seismic Zone-II,Proposed,,D06394,,,,1,0.1,False,B2,GOVERNMENT_DERIVED_MIRROR,SOURCE_PRESERVED,0.8,2026-09-03T04:45:38.976858+00:00,1,1,103,ASSET_REGISTRY,wris_registry_record,,Turimella Reservoir Dam,,,,,,B2,GOVERNMENT_DERIVED_MIRROR,SOURCE_PRESERVED,0.8,False,False,False,AP state filter + external ID + spatial/name resolution,"{""geometry"": {""type"": ""Point"", ""coordinates"": [78.98711449, 15.54094462]}, ""properties"": {""class"": ""CLASS 3"", ""state"": ""AP"", ""bacode"": ""16"", ""dtcode"": ""Prakasam"", ""dam_vol"": null, ""dm_name"": ""Turimella Reservoir Dam"", ""dm_type"": null, ""nrld_no"": null, ""rivcode"": null, ""dm_ncity"": null, ""objectid"": 6928, ""strucode"": ""D06394"", ""dm_cmn_yr"": null, ""dm_cmp_yr"": null, ""dm_coment"": null, ""dm_height"": null, ""dm_length"": null, ""dm_status"": ""Proposed"", ""dm_gate_no"": null, ""dm_gate_sz"": null, ""dm_flod_des"": null, ""dm_gt_ungtd"": null, ""dm_mod_oper"": null, ""dm_ses_zone"": ""Seismic Zone-II"", ""dm_spil_cap"": null, ""dm_spil_lev"": null, ""dm_gate_type"": null, ""dm_sluice_sz"": null, ""dm_spil_leng"": null, ""dm_spil_type"": null, ""dm_cn_gate_no"": null, ""dm_ener_dissp"": null, ""dm_inst_inter"": null, ""dm_perliament"": ""Ongole"", ""dm_ph_gate_no"": null, ""dm_instru_embed"": null, ""dm_oper_main_age"": null, ""dm_sluice_purpose"": null, ""dm_inst_inter_ager"": null, ""dm_no_river_sluice"": null}}",2026-08-29T14:45:46.967391+00:00,2026-08-29T14:45:46.967391+00:00,0
144,AP_DAM_WRIS_D06395,Kakarla Dam,dam,,Prakasam,,CONSTRUCTION,CANDIDATE,,,,,103,0.8,False,2026-08-29T14:45:46.967391+00:00,2026-08-29T14:45:46.967391+00:00,,,,,NO_REAL_STRUCTURAL_LABEL,1,Kakarla Dam,dam,ap_dam_barrage_state_v1,"{""origin"": ""GOVERNMENT_DERIVED_MIRROR"", ""nrld_no"": null, ""dam_type"": null, ""age_years"": null, ""gate_type"": null, ""built_year"": null, ""gate_count"": null, ""river_name"": ""Peddavagu"", ""dam_height_m"": null, ""dam_length_m"": null, ""quality_flag"": ""SOURCE_PRESERVED"", ""seismic_zone"": ""Seismic Zone-II"", ""spillway_type"": null, ""structure_code"": ""D06395"", ""authority_level"": ""B2"", ""completion_year"": null, ""registry_status"": ""Under Construction"", ""spillway_level_m"": null, ""commencement_year"": null, ""spillway_length_m"": null, ""dam_volume_source_value"": null, ""engineering_completeness"": 0.2, ""design_flood_source_value"": null, ""engineering_fields_available"": 2.0, ""engineering_source_confidence"": 0.8, ""spillway_capacity_source_value"": null}",{},False,2026-09-03T04:52:14.819262+00:00,0,1,Kakarla Dam,dam,1,103,128,,,,,,,,,,,,,,Peddavagu,,Seismic Zone-II,Under Construction,,D06395,,,,2,0.2,False,B2,GOVERNMENT_DERIVED_MIRROR,SOURCE_PRESERVED,0.8,2026-09-03T04:45:38.976858+00:00,1,1,103,ASSET_REGISTRY,wris_registry_record,,Kakarla Dam,,,,,,B2,GOVERNMENT_DERIVED_MIRROR,SOURCE_PRESERVED,0.8,False,False,False,AP state filter + external ID + spatial/name resolution,"{""geometry"": {""type"": ""Point"", ""coordinates"": [79.11110054, 15.65104814]}, ""properties"": {""class"": ""CLASS 3"", ""state"": ""AP"", ""bacode"": ""16"", ""dtcode"": ""Prakasam"", ""dam_vol"": null, ""dm_name"": ""Kakarla Dam"", ""dm_type"": null, ""nrld_no"": null, ""rivcode"": ""Peddavagu"", ""dm_ncity"": null, ""objectid"": 6929, ""strucode"": ""D06395"", ""dm_cmn_yr"": null, ""dm_cmp_yr"": null, ""dm_coment"": null, ""dm_height"": null, ""dm_length"": null, ""dm_status"": ""Under Construction"", ""dm_gate_no"": null, ""dm_gate_sz"": null, ""dm_flod_des"": null, ""dm_gt_ungtd"": null, ""dm_mod_oper"": null, ""dm_ses_zone"": ""Seismic Zone-II"", ""dm_spil_cap"": null, ""dm_spil_lev"": null, ""dm_gate_type"": null, ""dm_sluice_sz"": null, ""dm_spil_leng"": null, ""dm_spil_type"": null, ""dm_cn_gate_no"": null, ""dm_ener_dissp"": null, ""dm_inst_inter"": null, ""dm_perliament"": ""Ongole"", ""dm_ph_gate_no"": null, ""dm_instru_embed"": null, ""dm_oper_main_age"": null, ""dm_sluice_purpose"": null, ""dm_inst_inter_ager"": null, ""dm_no_river_sluice"": null}}",2026-08-29T14:45:46.967391+00:00,2026-08-29T14:45:46.967391+00:00,0
145,AP_DAM_WRIS_D02215,Sri Tenneti Viswanatham Pedderu Dam,dam,,Visakhapatnam,,ACTIVE,CANDIDATE,2006,,,,103,0.8,False,2026-08-29T14:45:46.967391+00:00,2026-08-29T14:45:46.967391+00:00,,,,,NO_REAL_STRUCTURAL_LABEL,1,Sri Tenneti Viswanatham Pedderu Dam,dam,ap_dam_barrage_state_v1,"{""origin"": ""GOVERNMENT_DERIVED_MIRROR"", ""nrld_no"": null, ""dam_type"": null, ""age_years"": 20.0, ""gate_type"": null, ""built_year"": 2006.0, ""gate_count"": 4.0, ""river_name"": ""Pedderu"", ""dam_height_m"": 31.0, ""dam_length_m"": 900.0, ""quality_flag"": ""SOURCE_PRESERVED"", ""seismic_zone"": ""Seismic Zone-II"", ""spillway_type"": null, ""structure_code"": ""D02215"", ""authority_level"": ""B2"", ""completion_year"": 2006.0, ""registry_status"": ""Completed"", ""spillway_level_m"": null, ""commencement_year"": null, ""spillway_length_m"": null, ""dam_volume_source_value"": null, ""engineering_completeness"": 0.6, ""design_flood_source_value"": null, ""engineering_fields_available"": 6.0, ""engineering_source_confidence"": 0.8, ""spillway_capacity_source_value"": null}",{},False,2026-09-03T04:52:14.819262+00:00,0,1,Sri Tenneti Viswanatham Pedderu Dam,dam,1,103,129,2006,,31.0,900.0,,4,12M x 8M,,,,,,,Pedderu,,Seismic Zone-II,Completed,,D02215,Kurnool,,20.0,6,0.6,False,B2,GOVERNMENT_DERIVED_MIRROR,SOURCE_PRESERVED,0.8,2026-09-03T04:45:38.976858+00:00,1,1,103,ASSET_REGISTRY,wris_registry_record,,Sri Tenneti Viswanatham Pedderu Dam,,,,,,B2,GOVERNMENT_DERIVED_MIRROR,SOURCE_PRESERVED,0.8,False,False,False,AP state filter + external ID + spatial/name resolution,"{""geometry"": {""type"": ""Point"", ""coordinates"": [82.69509214, 17.89916678]}, ""properties"": {""class"": ""CLASS 3"", ""state"": ""AP"", ""bacode"": ""16"", ""dtcode"": ""Visakhapatnam"", ""dam_vol"": null, ""dm_name"": ""Sri Tenneti Viswanatham Pedderu Dam"", ""dm_type"": null, ""nrld_no"": null, ""rivcode"": ""Pedderu"", ""dm_ncity"": ""Kurnool"", ""objectid"": 6930, ""strucode"": ""D02215"", ""dm_cmn_yr"": null, ""dm_cmp_yr"": ""2006"", ""dm_coment"": null, ""dm_height"": ""31"", ""dm_length"": ""900"", ""dm_status"": ""Completed"", ""dm_gate_no"": 4, ""dm_gate_sz"": ""12M x 8M"", ""dm_flod_des"": null, ""dm_gt_ungtd"": null, ""dm_mod_oper"": null, ""dm_ses_zone"": ""Seismic Zone-II"", ""dm_spil_cap"": null, ""dm_spil_lev"": null, ""dm_gate_type"": null, ""dm_sluice_sz"": null, ""dm_spil_leng"": null, ""dm_spil_type"": null, ""dm_cn_gate_no"": null, ""dm_ener_dissp"": null, ""dm_inst_inter"": null, ""dm_perliament"": ""Anakapalli"", ""dm_ph_gate_no"": null, ""dm_instru_embed"": null, ""dm_oper_main_age"": null, ""dm_sluice_purpose"": null, ""dm_inst_inter_ager"": null, ""dm_no_river_sluice"": null}}",2026-08-29T14:45:46.967391+00:00,2026-08-29T14:45:46.967391+00:00,3
146,AP_DAM_WRIS_AP01LH0002,Dondapadu Tank,dam,TE,Guntur,Andhra Pradesh Water Resources Department,UNKNOWN,CANDIDATE,1910,,,,103,0.8,False,2026-08-29T14:45:46.967391+00:00,2026-08-29T14:45:46.967391+00:00,,,,,NO_REAL_STRUCTURAL_LABEL,1,Dondapadu Tank,dam,ap_dam_barrage_state_v1,"{""origin"": ""GOVERNMENT_DERIVED_MIRROR"", ""nrld_no"": ""AP01LH0002"", ""dam_type"": ""TE"", ""age_years"": 116.0, ""gate_type"": null, ""built_year"": 1910.0, ""gate_count"": null, ""river_name"": ""krishna"", ""dam_height_m"": 10.3, ""dam_length_m"": 720.0, ""quality_flag"": ""SOURCE_PRESERVED"", ""seismic_zone"": ""Seismic Zone-II"", ""spillway_type"": null, ""structure_code"": ""D06644"", ""authority_level"": ""B2"", ""completion_year"": 1910.0, ""registry_status"": null, ""spillway_level_m"": null, ""commencement_year"": null, ""spillway_length_m"": null, ""dam_volume_source_value"": null, ""engineering_completeness"": 0.7, ""design_flood_source_value"": null, ""engineering_fields_available"": 7.0, ""engineering_source_confidence"": 0.8, ""spillway_capacity_source_value"": 210.0}",{},False,2026-09-03T04:52:14.819262+00:00,0,1,Dondapadu Tank,dam,1,103,130,1910,,10.3,720.0,,,,,,210.0,,,,krishna,TE,Seismic Zone-II,,AP01LH0002,D06644,Vinukonda,Andhra Pradesh Water Resources Department,116.0,7,0.7,False,B2,GOVERNMENT_DERIVED_MIRROR,SOURCE_PRESERVED,0.8,2026-09-03T04:45:38.976858+00:00,1,1,103,ASSET_REGISTRY,wris_registry_record,,Dondapadu Tank,,,,,,B2,GOVERNMENT_DERIVED_MIRROR,SOURCE_PRESERVED,0.8,False,False,False,AP state filter + external ID + spatial/name resolution,"{""geometry"": {""type"": ""Point"", ""coordinates"": [80.4525, 16.54333333]}, ""properties"": {""class"": null, ""state"": ""AP"", ""bacode"": ""04"", ""dtcode"": ""Guntur"", ""dam_vol"": """", ""dm_name"": ""Dondapadu Tank"", ""dm_type"": ""TE"", ""nrld_no"": ""AP01LH0002"", ""rivcode"": ""krishna"", ""dm_ncity"": ""Vinukonda"", ""objectid"": 12556, ""strucode"": ""D06644"", ""dm_cmn_yr"": null, ""dm_cmp_yr"": ""1910"", ""dm_coment"": null, ""dm_height"": ""10.3"", ""dm_length"": ""720"", ""dm_status"": null, ""dm_gate_no"": null, ""dm_gate_sz"": null, ""dm_flod_des"": null, ""dm_gt_ungtd"": null, ""dm_mod_oper"": null, ""dm_ses_zone"": ""Seismic Zone-II"", ""dm_spil_cap"": 210.0, ""dm_spil_lev"": null, ""dm_gate_type"": null, ""dm_sluice_sz"": null, ""dm_spil_leng"": null, ""dm_spil_type"": null, ""dm_cn_gate_no"": null, ""dm_ener_dissp"": null, ""dm_inst_inter"": null, ""dm_perliament"": null, ""dm_ph_gate_no"": null, ""dm_instru_embed"": null, ""dm_oper_main_age"": ""Andhra Pradesh Water Resources Department"", ""dm_sluice_purpose"": null, ""dm_inst_inter_ager"": null, ""dm_no_river_sluice"": null}}",2026-08-29T14:45:46.967391+00:00,2026-08-29T14:45:46.967391+00:00,0
147,AP_DAM_WRIS_AP01MH0003,Siddapuram Tank,dam,TE,Kurnool,Andhra Pradesh Water Resources Department,UNKNOWN,CANDIDATE,1919,,,,103,0.8,False,2026-08-29T14:45:46.967391+00:00,2026-08-29T14:45:46.967391+00:00,,,,,NO_REAL_STRUCTURAL_LABEL,1,Siddapuram Tank,dam,ap_dam_barrage_state_v1,"{""origin"": ""GOVERNMENT_DERIVED_MIRROR"", ""nrld_no"": ""AP01MH0003"", ""dam_type"": ""TE"", ""age_years"": 107.0, ""gate_type"": null, ""built_year"": 1919.0, ""gate_count"": null, ""river_name"": ""Bhavana"", ""dam_height_m"": 19.0, ""dam_length_m"": 4904.0, ""quality_flag"": ""SOURCE_PRESERVED"", ""seismic_zone"": ""Seismic Zone-II"", ""spillway_type"": null, ""structure_code"": ""D07171"", ""authority_level"": ""B2"", ""completion_year"": 1919.0, ""registry_status"": null, ""spillway_level_m"": null, ""commencement_year"": null, ""spillway_length_m"": null, ""dam_volume_source_value"": null, ""engineering_completeness"": 0.7, ""design_flood_source_value"": null, ""engineering_fields_available"": 7.0, ""engineering_source_confidence"": 0.8, ""spillway_capacity_source_value"": 492.0}",{},False,2026-09-03T04:52:14.819262+00:00,0,1,Siddapuram Tank,dam,1,103,131,1919,,19.0,4904.0,,,,,,492.0,,,,Bhavana,TE,Seismic Zone-II,,AP01MH0003,D07171,Kurnool,Andhra Pradesh Water Resources Department,107.0,7,0.7,False,B2,GOVERNMENT_DERIVED_MIRROR,SOURCE_PRESERVED,0.8,2026-09-03T04:45:38.976858+00:00,1,1,103,ASSET_REGISTRY,wris_registry_record,,Siddapuram Tank,,,,,,B2,GOVERNMENT_DERIVED_MIRROR,SOURCE_PRESERVED,0.8,False,False,False,AP state filter + external ID + spatial/name resolution,"{""geometry"": {""type"": ""Point"", ""coordinates"": [78.69111111, 15.86027778]}, ""properties"": {""class"": null, ""state"": ""AP"", ""bacode"": ""04"", ""dtcode"": ""Kurnool"", ""dam_vol"": """", ""dm_name"": ""Siddapuram Tank"", ""dm_type"": ""TE"", ""nrld_no"": ""AP01MH0003"", ""rivcode"": ""Bhavana"", ""dm_ncity"": ""Kurnool"", ""objectid"": 12557, ""strucode"": ""D07171"", ""dm_cmn_yr"": null, ""dm_cmp_yr"": ""1919"", ""dm_coment"": null, ""dm_height"": ""19"", ""dm_length"": ""4904"", ""dm_status"": null, ""dm_gate_no"": null, ""dm_gate_sz"": null, ""dm_flod_des"": null, ""dm_gt_ungtd"": null, ""dm_mod_oper"": null, ""dm_ses_zone"": ""Seismic Zone-II"", ""dm_spil_cap"": 492.0, ""dm_spil_lev"": null, ""dm_gate_type"": null, ""dm_sluice_sz"": null, ""dm_spil_leng"": null, ""dm_spil_type"": null, ""dm_cn_gate_no"": null, ""dm_ener_dissp"": null, ""dm_inst_inter"": null, ""dm_perliament"": null, ""dm_ph_gate_no"": null, ""dm_instru_embed"": null, ""dm_oper_main_age"": ""Andhra Pradesh Water Resources Department"", ""dm_sluice_purpose"": null, ""dm_inst_inter_ager"": null, ""dm_no_river_sluice"": null}}",2026-08-29T14:45:46.967391+00:00,2026-08-29T14:45:46.967391+00:00,0
148,AP_DAM_WRIS_AP01LH0006,Markapur  Tank,dam,TE,Prakasam,Andhra Pradesh Water Resources Department,UNKNOWN,CANDIDATE,1945,,,,103,0.8,False,2026-08-29T14:45:46.967391+00:00,2026-08-29T14:45:46.967391+00:00,,,,,NO_REAL_STRUCTURAL_LABEL,1,Markapur  Tank,dam,ap_dam_barrage_state_v1,"{""origin"": ""GOVERNMENT_DERIVED_MIRROR"", ""nrld_no"": ""AP01LH0006"", ""dam_type"": ""TE"", ""age_years"": 81.0, ""gate_type"": null, ""built_year"": 1945.0, ""gate_count"": null, ""river_name"": ""Mondivagu"", ""dam_height_m"": 10.0, ""dam_length_m"": 1569.0, ""quality_flag"": ""SOURCE_PRESERVED"", ""seismic_zone"": ""Seismic Zone-II"", ""spillway_type"": null, ""structure_code"": ""D06937"", ""authority_level"": ""B2"", ""completion_year"": 1945.0, ""registry_status"": null, ""spillway_level_m"": null, ""commencement_year"": null, ""spillway_length_m"": null, ""dam_volume_source_value"": null, ""engineering_completeness"": 0.7, ""design_flood_source_value"": null, ""engineering_fields_available"": 7.0, ""engineering_source_confidence"": 0.8, ""spillway_capacity_source_value"": 75.0}",{},False,2026-09-03T04:52:14.819262+00:00,0,1,Markapur  Tank,dam,1,103,132,1945,,10.0,1569.0,,,,,,75.0,,,,Mondivagu,TE,Seismic Zone-II,,AP01LH0006,D06937,Ongole,Andhra Pradesh Water Resources Department,81.0,7,0.7,False,B2,GOVERNMENT_DERIVED_MIRROR,SOURCE_PRESERVED,0.8,2026-09-03T04:45:38.976858+00:00,1,1,103,ASSET_REGISTRY,wris_registry_record,,Markapur  Tank,,,,,,B2,GOVERNMENT_DERIVED_MIRROR,SOURCE_PRESERVED,0.8,False,False,False,AP state filter + external ID + spatial/name resolution,"{""geometry"": {""type"": ""Point"", ""coordinates"": [79.27777778, 15.73166667]}, ""properties"": {""class"": null, ""state"": ""AP"", ""bacode"": ""16"", ""dtcode"": ""Prakasam"", ""dam_vol"": """", ""dm_name"": ""Markapur  Tank"", ""dm_type"": ""TE"", ""nrld_no"": ""AP01LH0006"", ""rivcode"": ""Mondivagu"", ""dm_ncity"": ""Ongole"", ""objectid"": 12558, ""strucode"": ""D06937"", ""dm_cmn_yr"": null, ""dm_cmp_yr"": ""1945"", ""dm_coment"": null, ""dm_height"": ""10"", ""dm_length"": ""1569"", ""dm_status"": null, ""dm_gate_no"": null, ""dm_gate_sz"": null, ""dm_flod_des"": null, ""dm_gt_ungtd"": null, ""dm_mod_oper"": null, ""dm_ses_zone"": ""Seismic Zone-II"", ""dm_spil_cap"": 75.0, ""dm_spil_lev"": null, ""dm_gate_type"": null, ""dm_sluice_sz"": null, ""dm_spil_leng"": null, ""dm_spil_type"": null, ""dm_cn_gate_no"": null, ""dm_ener_dissp"": null, ""dm_inst_inter"": null, ""dm_perliament"": null, ""dm_ph_gate_no"": null, ""dm_instru_embed"": null, ""dm_oper_main_age"": ""Andhra Pradesh Water Resources Department"", ""dm_sluice_purpose"": null, ""dm_inst_inter_ager"": null, ""dm_no_river_sluice"": null}}",2026-08-29T14:45:46.967391+00:00,2026-08-29T14:45:46.967391+00:00,0
149,AP_DAM_WRIS_AP01MH0027,Subba Reddy Sagar,dam,TE,East Godavari,Andhra Pradesh Water Resources Department,UNKNOWN,CANDIDATE,1970,,,,103,0.8,False,2026-08-29T14:45:46.967391+00:00,2026-08-29T14:45:46.967391+00:00,,,,,NO_REAL_STRUCTURAL_LABEL,1,Subba Reddy Sagar,dam,ap_dam_barrage_state_v1,"{""origin"": ""GOVERNMENT_DERIVED_MIRROR"", ""nrld_no"": ""AP01MH0027"", ""dam_type"": ""TE"", ""age_years"": 56.0, ""gate_type"": null, ""built_year"": 1970.0, ""gate_count"": null, ""river_name"": ""Kuntidevi  Vagu"", ""dam_height_m"": 17.5, ""dam_length_m"": 442.0, ""quality_flag"": ""SOURCE_PRESERVED"", ""seismic_zone"": ""Seismic Zone-II"", ""spillway_type"": null, ""structure_code"": ""D07197"", ""authority_level"": ""B2"", ""completion_year"": 1970.0, ""registry_status"": null, ""spillway_level_m"": null, ""commencement_year"": null, ""spillway_length_m"": null, ""dam_volume_source_value"": null, ""engineering_completeness"": 0.7, ""design_flood_source_value"": null, ""engineering_fields_available"": 7.0, ""engineering_source_confidence"": 0.8, ""spillway_capacity_source_value"": 542.0}",{},False,2026-09-03T04:52:14.819262+00:00,0,1,Subba Reddy Sagar,dam,1,103,133,1970,,17.5,442.0,,,,,,542.0,,,,Kuntidevi  Vagu,TE,Seismic Zone-II,,AP01MH0027,D07197,Gokavaram,Andhra Pradesh Water Resources Department,56.0,7,0.7,False,B2,GOVERNMENT_DERIVED_MIRROR,SOURCE_PRESERVED,0.8,2026-09-03T04:45:38.976858+00:00,1,1,103,ASSET_REGISTRY,wris_registry_record,,Subba Reddy Sagar,,,,,,B2,GOVERNMENT_DERIVED_MIRROR,SOURCE_PRESERVED,0.8,False,False,False,AP state filter + external ID + spatial/name resolution,"{""geometry"": {""type"": ""Point"", ""coordinates"": [82.20416667, 17.33138889]}, ""properties"": {""class"": null, ""state"": ""AP"", ""bacode"": ""16"", ""dtcode"": ""East Godavari"", ""dam_vol"": """", ""dm_name"": ""Subba Reddy Sagar"", ""dm_type"": ""TE"", ""nrld_no"": ""AP01MH0027"", ""rivcode"": ""Kuntidevi  Vagu"", ""dm_ncity"": ""Gokavaram"", ""objectid"": 12559, ""strucode"": ""D07197"", ""dm_cmn_yr"": null, ""dm_cmp_yr"": ""1970"", ""dm_coment"": null, ""dm_height"": ""17.5"", ""dm_length"": ""442"", ""dm_status"": null, ""dm_gate_no"": null, ""dm_gate_sz"": null, ""dm_flod_des"": null, ""dm_gt_ungtd"": null, ""dm_mod_oper"": null, ""dm_ses_zone"": ""Seismic Zone-II"", ""dm_spil_cap"": 542.0, ""dm_spil_lev"": null, ""dm_gate_type"": null, ""dm_sluice_sz"": null, ""dm_spil_leng"": null, ""dm_spil_type"": null, ""dm_cn_gate_no"": null, ""dm_ener_dissp"": null, ""dm_inst_inter"": null, ""dm_perliament"": null, ""dm_ph_gate_no"": null, ""dm_instru_embed"": null, ""dm_oper_main_age"": ""Andhra Pradesh Water Resources Department"", ""dm_sluice_purpose"": null, ""dm_inst_inter_ager"": null, ""dm_no_river_sluice"": null}}",2026-08-29T14:45:46.967391+00:00,2026-08-29T14:45:46.967391+00:00,0
150,AP_DAM_WRIS_AP01LH0033,Gujjuvai  Reservoir,dam,TE,Vizianagaram,Andhra Pradesh Water Resources Department,UNKNOWN,CANDIDATE,1974,,,,103,0.8,False,2026-08-29T14:45:46.967391+00:00,2026-08-29T14:45:46.967391+00:00,,,,,NO_REAL_STRUCTURAL_LABEL,1,Gujjuvai  Reservoir,dam,ap_dam_barrage_state_v1,"{""origin"": ""GOVERNMENT_DERIVED_MIRROR"", ""nrld_no"": ""AP01LH0033"", ""dam_type"": ""TE"", ""age_years"": 52.0, ""gate_type"": null, ""built_year"": 1974.0, ""gate_count"": null, ""river_name"": ""Peddagedda"", ""dam_height_m"": 15.0, ""dam_length_m"": 800.0, ""quality_flag"": ""SOURCE_PRESERVED"", ""seismic_zone"": ""Seismic Zone-II"", ""spillway_type"": null, ""structure_code"": ""D06701"", ""authority_level"": ""B2"", ""completion_year"": 1974.0, ""registry_status"": null, ""spillway_level_m"": null, ""commencement_year"": null, ""spillway_length_m"": null, ""dam_volume_source_value"": null, ""engineering_completeness"": 0.7, ""design_flood_source_value"": null, ""engineering_fields_available"": 7.0, ""engineering_source_confidence"": 0.8, ""spillway_capacity_source_value"": 90.9}",{},False,2026-09-03T04:52:14.819262+00:00,0,1,Gujjuvai  Reservoir,dam,1,103,134,1974,,15.0,800.0,,,,,,90.9,,,,Peddagedda,TE,Seismic Zone-II,,AP01LH0033,D06701,Vizayanagaram,Andhra Pradesh Water Resources Department,52.0,7,0.7,False,B2,GOVERNMENT_DERIVED_MIRROR,SOURCE_PRESERVED,0.8,2026-09-03T04:45:38.976858+00:00,1,1,103,ASSET_REGISTRY,wris_registry_record,,Gujjuvai  Reservoir,,,,,,B2,GOVERNMENT_DERIVED_MIRROR,SOURCE_PRESERVED,0.8,False,False,False,AP state filter + external ID + spatial/name resolution,"{""geometry"": {""type"": ""Point"", ""coordinates"": [83.73333333, 18.93888889]}, ""properties"": {""class"": null, ""state"": ""AP"", ""bacode"": ""16"", ""dtcode"": ""Vizianagaram"", ""dam_vol"": """", ""dm_name"": ""Gujjuvai  Reservoir"", ""dm_type"": ""TE"", ""nrld_no"": ""AP01LH0033"", ""rivcode"": ""Peddagedda"", ""dm_ncity"": ""Vizayanagaram"", ""objectid"": 12560, ""strucode"": ""D06701"", ""dm_cmn_yr"": null, ""dm_cmp_yr"": ""1974"", ""dm_coment"": null, ""dm_height"": ""15"", ""dm_length"": ""800"", ""dm_status"": null, ""dm_gate_no"": null, ""dm_gate_sz"": null, ""dm_flod_des"": null, ""dm_gt_ungtd"": null, ""dm_mod_oper"": null, ""dm_ses_zone"": ""Seismic Zone-II"", ""dm_spil_cap"": 90.9, ""dm_spil_lev"": null, ""dm_gate_type"": null, ""dm_sluice_sz"": null, ""dm_spil_leng"": null, ""dm_spil_type"": null, ""dm_cn_gate_no"": null, ""dm_ener_dissp"": null, ""dm_inst_inter"": null, ""dm_perliament"": null, ""dm_ph_gate_no"": null, ""dm_instru_embed"": null, ""dm_oper_main_age"": ""Andhra Pradesh Water Resources Department"", ""dm_sluice_purpose"": null, ""dm_inst_inter_ager"": null, ""dm_no_river_sluice"": null}}",2026-08-29T14:45:46.967391+00:00,2026-08-29T14:45:46.967391+00:00,0
151,AP_DAM_WRIS_AP01LH0041,Kaleti Vagu Reservoir,dam,TE,YSR,Andhra Pradesh Water Resources Department,UNKNOWN,CANDIDATE,1977,,,,103,0.8,False,2026-08-29T14:45:46.967391+00:00,2026-08-29T14:45:46.967391+00:00,,,,,NO_REAL_STRUCTURAL_LABEL,1,Kaleti Vagu Reservoir,dam,ap_dam_barrage_state_v1,"{""origin"": ""GOVERNMENT_DERIVED_MIRROR"", ""nrld_no"": ""AP01LH0041"", ""dam_type"": ""TE"", ""age_years"": 49.0, ""gate_type"": null, ""built_year"": 1977.0, ""gate_count"": null, ""river_name"": ""Local Stream"", ""dam_height_m"": 11.2, ""dam_length_m"": 1850.0, ""quality_flag"": ""SOURCE_PRESERVED"", ""seismic_zone"": ""Seismic Zone-II"", ""spillway_type"": null, ""structure_code"": ""D06780"", ""authority_level"": ""B2"", ""completion_year"": 1977.0, ""registry_status"": null, ""spillway_level_m"": null, ""commencement_year"": null, ""spillway_length_m"": null, ""dam_volume_source_value"": null, ""engineering_completeness"": 0.7, ""design_flood_source_value"": null, ""engineering_fields_available"": 7.0, ""engineering_source_confidence"": 0.8, ""spillway_capacity_source_value"": 683.0}",{},False,2026-09-03T04:52:14.819262+00:00,0,1,Kaleti Vagu Reservoir,dam,1,103,135,1977,,11.2,1850.0,,,,,,683.0,,,,Local Stream,TE,Seismic Zone-II,,AP01LH0041,D06780,Vempalli,Andhra Pradesh Water Resources Department,49.0,7,0.7,False,B2,GOVERNMENT_DERIVED_MIRROR,SOURCE_PRESERVED,0.8,2026-09-03T04:45:38.976858+00:00,1,1,103,ASSET_REGISTRY,wris_registry_record,,Kaleti Vagu Reservoir,,,,,,B2,GOVERNMENT_DERIVED_MIRROR,SOURCE_PRESERVED,0.8,False,False,False,AP state filter + external ID + spatial/name resolution,"{""geometry"": {""type"": ""Point"", ""coordinates"": [78.45722222, 14.735]}, ""properties"": {""class"": null, ""state"": ""AP"", ""bacode"": ""09"", ""dtcode"": ""YSR"", ""dam_vol"": """", ""dm_name"": ""Kaleti Vagu Reservoir"", ""dm_type"": ""TE"", ""nrld_no"": ""AP01LH0041"", ""rivcode"": ""Local Stream"", ""dm_ncity"": ""Vempalli"", ""objectid"": 12561, ""strucode"": ""D06780"", ""dm_cmn_yr"": null, ""dm_cmp_yr"": ""1977"", ""dm_coment"": null, ""dm_height"": ""11.2"", ""dm_length"": ""1850"", ""dm_status"": null, ""dm_gate_no"": null, ""dm_gate_sz"": null, ""dm_flod_des"": null, ""dm_gt_ungtd"": null, ""dm_mod_oper"": null, ""dm_ses_zone"": ""Seismic Zone-II"", ""dm_spil_cap"": 683.0, ""dm_spil_lev"": null, ""dm_gate_type"": null, ""dm_sluice_sz"": null, ""dm_spil_leng"": null, ""dm_spil_type"": null, ""dm_cn_gate_no"": null, ""dm_ener_dissp"": null, ""dm_inst_inter"": null, ""dm_perliament"": null, ""dm_ph_gate_no"": null, ""dm_instru_embed"": null, ""dm_oper_main_age"": ""Andhra Pradesh Water Resources Department"", ""dm_sluice_purpose"": null, ""dm_inst_inter_ager"": null, ""dm_no_river_sluice"": null}}",2026-08-29T14:45:46.967391+00:00,2026-08-29T14:45:46.967391+00:00,0
152,AP_DAM_WRIS_AP01MH0042,Mehadrigedda,dam,TE,Visakhapatnam,Andhra Pradesh Water Resources Department,UNKNOWN,CANDIDATE,1977,,,,103,0.8,False,2026-08-29T14:45:46.967391+00:00,2026-08-29T14:45:46.967391+00:00,,,,,NO_REAL_STRUCTURAL_LABEL,1,Mehadrigedda,dam,ap_dam_barrage_state_v1,"{""origin"": ""GOVERNMENT_DERIVED_MIRROR"", ""nrld_no"": ""AP01MH0042"", ""dam_type"": ""TE"", ""age_years"": 49.0, ""gate_type"": null, ""built_year"": 1977.0, ""gate_count"": null, ""river_name"": ""Mehadrigedda"", ""dam_height_m"": 13.716, ""dam_length_m"": 1609.0, ""quality_flag"": ""SOURCE_PRESERVED"", ""seismic_zone"": ""Seismic Zone-II"", ""spillway_type"": null, ""structure_code"": ""D06942"", ""authority_level"": ""B2"", ""completion_year"": 1977.0, ""registry_status"": null, ""spillway_level_m"": null, ""commencement_year"": null, ""spillway_length_m"": null, ""dam_volume_source_value"": null, ""engineering_completeness"": 0.7, ""design_flood_source_value"": null, ""engineering_fields_available"": 7.0, ""engineering_source_confidence"": 0.8, ""spillway_capacity_source_value"": 1502.0}",{},False,2026-09-03T04:52:14.819262+00:00,0,1,Mehadrigedda,dam,1,103,136,1977,,13.716,1609.0,,,,,,1502.0,,,,Mehadrigedda,TE,Seismic Zone-II,,AP01MH0042,D06942,Visakhapatnam,Andhra Pradesh Water Resources Department,49.0,7,0.7,False,B2,GOVERNMENT_DERIVED_MIRROR,SOURCE_PRESERVED,0.8,2026-09-03T04:45:38.976858+00:00,1,1,103,ASSET_REGISTRY,wris_registry_record,,Mehadrigedda,,,,,,B2,GOVERNMENT_DERIVED_MIRROR,SOURCE_PRESERVED,0.8,False,False,False,AP state filter + external ID + spatial/name resolution,"{""geometry"": {""type"": ""Point"", ""coordinates"": [83.19083333, 17.765]}, ""properties"": {""class"": null, ""state"": ""AP"", ""bacode"": ""16"", ""dtcode"": ""Visakhapatnam"", ""dam_vol"": """", ""dm_name"": ""Mehadrigedda"", ""dm_type"": ""TE"", ""nrld_no"": ""AP01MH0042"", ""rivcode"": ""Mehadrigedda"", ""dm_ncity"": ""Visakhapatnam"", ""objectid"": 12562, ""strucode"": ""D06942"", ""dm_cmn_yr"": null, ""dm_cmp_yr"": ""1977"", ""dm_coment"": null, ""dm_height"": ""13.716"", ""dm_length"": ""1609"", ""dm_status"": null, ""dm_gate_no"": null, ""dm_gate_sz"": null, ""dm_flod_des"": null, ""dm_gt_ungtd"": null, ""dm_mod_oper"": null, ""dm_ses_zone"": ""Seismic Zone-II"", ""dm_spil_cap"": 1502.0, ""dm_spil_lev"": null, ""dm_gate_type"": null, ""dm_sluice_sz"": null, ""dm_spil_leng"": null, ""dm_spil_type"": null, ""dm_cn_gate_no"": null, ""dm_ener_dissp"": null, ""dm_inst_inter"": null, ""dm_perliament"": null, ""dm_ph_gate_no"": null, ""dm_instru_embed"": null, ""dm_oper_main_age"": ""Andhra Pradesh Water Resources Department"", ""dm_sluice_purpose"": null, ""dm_inst_inter_ager"": null, ""dm_no_river_sluice"": null}}",2026-08-29T14:45:46.967391+00:00,2026-08-29T14:45:46.967391+00:00,0
153,AP_DAM_WRIS_AP01MH0044,"Peddabommalapuram
Reservoir",dam,TE,Prakasam,Andhra Pradesh Water Resources Department,UNKNOWN,CANDIDATE,1978,,,,103,0.8,False,2026-08-29T14:45:46.967391+00:00,2026-08-29T14:45:46.967391+00:00,,,,,NO_REAL_STRUCTURAL_LABEL,1,"Peddabommalapuram
Reservoir",dam,ap_dam_barrage_state_v1,"{""origin"": ""GOVERNMENT_DERIVED_MIRROR"", ""nrld_no"": ""AP01MH0044"", ""dam_type"": ""TE"", ""age_years"": 48.0, ""gate_type"": null, ""built_year"": 1978.0, ""gate_count"": null, ""river_name"": ""Local Nala"", ""dam_height_m"": 17.3, ""dam_length_m"": 640.0, ""quality_flag"": ""SOURCE_PRESERVED"", ""seismic_zone"": ""Seismic Zone-II"", ""spillway_type"": null, ""structure_code"": ""D07049"", ""authority_level"": ""B2"", ""completion_year"": 1978.0, ""registry_status"": null, ""spillway_level_m"": null, ""commencement_year"": null, ""spillway_length_m"": null, ""dam_volume_source_value"": null, ""engineering_completeness"": 0.6, ""design_flood_source_value"": null, ""engineering_fields_available"": 6.0, ""engineering_source_confidence"": 0.8, ""spillway_capacity_source_value"": null}",{},False,2026-09-03T04:52:14.819262+00:00,0,1,"Peddabommalapuram
Reservoir",dam,1,103,137,1978,,17.3,640.0,,,,,,,,,,Local Nala,TE,Seismic Zone-II,,AP01MH0044,D07049,Dornal,Andhra Pradesh Water Resources Department,48.0,6,0.6,False,B2,GOVERNMENT_DERIVED_MIRROR,SOURCE_PRESERVED,0.8,2026-09-03T04:45:38.976858+00:00,1,1,103,ASSET_REGISTRY,wris_registry_record,,"Peddabommalapuram
Reservoir",,,,,,B2,GOVERNMENT_DERIVED_MIRROR,SOURCE_PRESERVED,0.8,False,False,False,AP state filter + external ID + spatial/name resolution,"{""geometry"": {""type"": ""Point"", ""coordinates"": [79.13611111, 15.95833333]}, ""properties"": {""class"": null, ""state"": ""AP"", ""bacode"": ""16"", ""dtcode"": ""Prakasam"", ""dam_vol"": """", ""dm_name"": ""Peddabommalapuram\nReservoir"", ""dm_type"": ""TE"", ""nrld_no"": ""AP01MH0044"", ""rivcode"": ""Local Nala"", ""dm_ncity"": ""Dornal"", ""objectid"": 12563, ""strucode"": ""D07049"", ""dm_cmn_yr"": null, ""dm_cmp_yr"": ""1978"", ""dm_coment"": null, ""dm_height"": ""17.3"", ""dm_length"": ""640"", ""dm_status"": null, ""dm_gate_no"": null, ""dm_gate_sz"": null, ""dm_flod_des"": null, ""dm_gt_ungtd"": null, ""dm_mod_oper"": null, ""dm_ses_zone"": ""Seismic Zone-II"", ""dm_spil_cap"": null, ""dm_spil_lev"": null, ""dm_gate_type"": null, ""dm_sluice_sz"": null, ""dm_spil_leng"": null, ""dm_spil_type"": null, ""dm_cn_gate_no"": null, ""dm_ener_dissp"": null, ""dm_inst_inter"": null, ""dm_perliament"": null, ""dm_ph_gate_no"": null, ""dm_instru_embed"": null, ""dm_oper_main_age"": ""Andhra Pradesh Water Resources Department"", ""dm_sluice_purpose"": null, ""dm_inst_inter_ager"": null, ""dm_no_river_sluice"": null}}",2026-08-29T14:45:46.967391+00:00,2026-08-29T14:45:46.967391+00:00,0
154,AP_DAM_WRIS_AP01LH0050,Saddikutimadugu Reservoir,dam,TE,Chittoor,Andhra Pradesh Water Resources Department,UNKNOWN,CANDIDATE,1980,,,,103,0.8,False,2026-08-29T14:45:46.967391+00:00,2026-08-29T14:45:46.967391+00:00,,,,,NO_REAL_STRUCTURAL_LABEL,1,Saddikutimadugu Reservoir,dam,ap_dam_barrage_state_v1,"{""origin"": ""GOVERNMENT_DERIVED_MIRROR"", ""nrld_no"": ""AP01LH0050"", ""dam_type"": ""TE"", ""age_years"": 46.0, ""gate_type"": null, ""built_year"": 1980.0, ""gate_count"": null, ""river_name"": ""Manneru"", ""dam_height_m"": 10.94, ""dam_length_m"": 800.0, ""quality_flag"": ""SOURCE_PRESERVED"", ""seismic_zone"": ""Seismic Zone-II"", ""spillway_type"": null, ""structure_code"": ""D07112"", ""authority_level"": ""B2"", ""completion_year"": 1980.0, ""registry_status"": null, ""spillway_level_m"": null, ""commencement_year"": null, ""spillway_length_m"": null, ""dam_volume_source_value"": null, ""engineering_completeness"": 0.6, ""design_flood_source_value"": null, ""engineering_fields_available"": 6.0, ""engineering_source_confidence"": 0.8, ""spillway_capacity_source_value"": null}",{},False,2026-09-03T04:52:14.819262+00:00,0,1,Saddikutimadugu Reservoir,dam,1,103,138,1980,,10.94,800.0,,,,,,,,,,Manneru,TE,Seismic Zone-II,,AP01LH0050,D07112,Thirupathi,Andhra Pradesh Water Resources Department,46.0,6,0.6,False,B2,GOVERNMENT_DERIVED_MIRROR,SOURCE_PRESERVED,0.8,2026-09-03T04:45:38.976858+00:00,1,1,103,ASSET_REGISTRY,wris_registry_record,,Saddikutimadugu Reservoir,,,,,,B2,GOVERNMENT_DERIVED_MIRROR,SOURCE_PRESERVED,0.8,False,False,False,AP state filter + external ID + spatial/name resolution,"{""geometry"": {""type"": ""Point"", ""coordinates"": [79.84416667, 13.44027778]}, ""properties"": {""class"": null, ""state"": ""AP"", ""bacode"": ""17"", ""dtcode"": ""Chittoor"", ""dam_vol"": """", ""dm_name"": ""Saddikutimadugu Reservoir"", ""dm_type"": ""TE"", ""nrld_no"": ""AP01LH0050"", ""rivcode"": ""Manneru"", ""dm_ncity"": ""Thirupathi"", ""objectid"": 12564, ""strucode"": ""D07112"", ""dm_cmn_yr"": null, ""dm_cmp_yr"": ""1980"", ""dm_coment"": null, ""dm_height"": ""10.94"", ""dm_length"": ""800"", ""dm_status"": null, ""dm_gate_no"": null, ""dm_gate_sz"": null, ""dm_flod_des"": null, ""dm_gt_ungtd"": null, ""dm_mod_oper"": null, ""dm_ses_zone"": ""Seismic Zone-II"", ""dm_spil_cap"": null, ""dm_spil_lev"": null, ""dm_gate_type"": null, ""dm_sluice_sz"": null, ""dm_spil_leng"": null, ""dm_spil_type"": null, ""dm_cn_gate_no"": null, ""dm_ener_dissp"": null, ""dm_inst_inter"": null, ""dm_perliament"": null, ""dm_ph_gate_no"": null, ""dm_instru_embed"": null, ""dm_oper_main_age"": ""Andhra Pradesh Water Resources Department"", ""dm_sluice_purpose"": null, ""dm_inst_inter_ager"": null, ""dm_no_river_sluice"": null}}",2026-08-29T14:45:46.967391+00:00,2026-08-29T14:45:46.967391+00:00,0
155,AP_DAM_WRIS_AP01LH0054,Itugulapadu Tank,dam,TE,YSR,Andhra Pradesh Water Resources Department,UNKNOWN,CANDIDATE,1982,,,,103,0.8,False,2026-08-29T14:45:46.967391+00:00,2026-08-29T14:45:46.967391+00:00,,,,,NO_REAL_STRUCTURAL_LABEL,1,Itugulapadu Tank,dam,ap_dam_barrage_state_v1,"{""origin"": ""GOVERNMENT_DERIVED_MIRROR"", ""nrld_no"": ""AP01LH0054"", ""dam_type"": ""TE"", ""age_years"": 44.0, ""gate_type"": null, ""built_year"": 1982.0, ""gate_count"": null, ""river_name"": ""Maderu"", ""dam_height_m"": 10.5, ""dam_length_m"": 520.0, ""quality_flag"": ""SOURCE_PRESERVED"", ""seismic_zone"": ""Seismic Zone-II"", ""spillway_type"": null, ""structure_code"": ""D06735"", ""authority_level"": ""B2"", ""completion_year"": 1982.0, ""registry_status"": null, ""spillway_level_m"": null, ""commencement_year"": null, ""spillway_length_m"": null, ""dam_volume_source_value"": null, ""engineering_completeness"": 0.7, ""design_flood_source_value"": null, ""engineering_fields_available"": 7.0, ""engineering_source_confidence"": 0.8, ""spillway_capacity_source_value"": 668.27}",{},False,2026-09-03T04:52:14.819262+00:00,0,1,Itugulapadu Tank,dam,1,103,139,1982,,10.5,520.0,,,,,,668.27,,,,Maderu,TE,Seismic Zone-II,,AP01LH0054,D06735,Badvel,Andhra Pradesh Water Resources Department,44.0,7,0.7,False,B2,GOVERNMENT_DERIVED_MIRROR,SOURCE_PRESERVED,0.8,2026-09-03T04:45:38.976858+00:00,1,1,103,ASSET_REGISTRY,wris_registry_record,,Itugulapadu Tank,,,,,,B2,GOVERNMENT_DERIVED_MIRROR,SOURCE_PRESERVED,0.8,False,False,False,AP state filter + external ID + spatial/name resolution,"{""geometry"": {""type"": ""Point"", ""coordinates"": [78.78138889, 14.73138889]}, ""properties"": {""class"": null, ""state"": ""AP"", ""bacode"": ""09"", ""dtcode"": ""YSR"", ""dam_vol"": """", ""dm_name"": ""Itugulapadu Tank"", ""dm_type"": ""TE"", ""nrld_no"": ""AP01LH0054"", ""rivcode"": ""Maderu"", ""dm_ncity"": ""Badvel"", ""objectid"": 12565, ""strucode"": ""D06735"", ""dm_cmn_yr"": null, ""dm_cmp_yr"": ""1982"", ""dm_coment"": null, ""dm_height"": ""10.5"", ""dm_length"": ""520"", ""dm_status"": null, ""dm_gate_no"": null, ""dm_gate_sz"": null, ""dm_flod_des"": null, ""dm_gt_ungtd"": null, ""dm_mod_oper"": null, ""dm_ses_zone"": ""Seismic Zone-II"", ""dm_spil_cap"": 668.27, ""dm_spil_lev"": null, ""dm_gate_type"": null, ""dm_sluice_sz"": null, ""dm_spil_leng"": null, ""dm_spil_type"": null, ""dm_cn_gate_no"": null, ""dm_ener_dissp"": null, ""dm_inst_inter"": null, ""dm_perliament"": null, ""dm_ph_gate_no"": null, ""dm_instru_embed"": null, ""dm_oper_main_age"": ""Andhra Pradesh Water Resources Department"", ""dm_sluice_purpose"": null, ""dm_inst_inter_ager"": null, ""dm_no_river_sluice"": null}}",2026-08-29T14:45:46.967391+00:00,2026-08-29T14:45:46.967391+00:00,0
156,AP_DAM_WRIS_AP01HH0060,Papavinasanam Dam,dam,TE + PG,Chittoor,Andhra Pradesh Water Resources Department,UNKNOWN,CANDIDATE,1985,,,,103,0.8,False,2026-08-29T14:45:46.967391+00:00,2026-08-29T14:45:46.967391+00:00,,,,,NO_REAL_STRUCTURAL_LABEL,1,Papavinasanam Dam,dam,ap_dam_barrage_state_v1,"{""origin"": ""GOVERNMENT_DERIVED_MIRROR"", ""nrld_no"": ""AP01HH0060"", ""dam_type"": ""TE + PG"", ""age_years"": 41.0, ""gate_type"": null, ""built_year"": 1985.0, ""gate_count"": null, ""river_name"": ""Papavinasanam"", ""dam_height_m"": 50.0, ""dam_length_m"": 274.0, ""quality_flag"": ""SOURCE_PRESERVED"", ""seismic_zone"": ""Seismic Zone-II"", ""spillway_type"": null, ""structure_code"": ""D07029"", ""authority_level"": ""B2"", ""completion_year"": 1985.0, ""registry_status"": null, ""spillway_level_m"": null, ""commencement_year"": null, ""spillway_length_m"": null, ""dam_volume_source_value"": 195.0, ""engineering_completeness"": 0.7, ""design_flood_source_value"": null, ""engineering_fields_available"": 7.0, ""engineering_source_confidence"": 0.8, ""spillway_capacity_source_value"": 201.0}",{},False,2026-09-03T04:52:14.819262+00:00,0,1,Papavinasanam Dam,dam,1,103,140,1985,,50.0,274.0,195.0,,,,,201.0,,,,Papavinasanam,TE + PG,Seismic Zone-II,,AP01HH0060,D07029,Tirupati,Andhra Pradesh Water Resources Department,41.0,7,0.7,False,B2,GOVERNMENT_DERIVED_MIRROR,SOURCE_PRESERVED,0.8,2026-09-03T04:45:38.976858+00:00,1,1,103,ASSET_REGISTRY,wris_registry_record,,Papavinasanam Dam,,,,,,B2,GOVERNMENT_DERIVED_MIRROR,SOURCE_PRESERVED,0.8,False,False,False,AP state filter + external ID + spatial/name resolution,"{""geometry"": {""type"": ""Point"", ""coordinates"": [79.34361111, 13.71944444]}, ""properties"": {""class"": null, ""state"": ""AP"", ""bacode"": ""17"", ""dtcode"": ""Chittoor"", ""dam_vol"": ""195"", ""dm_name"": ""Papavinasanam Dam"", ""dm_type"": ""TE + PG"", ""nrld_no"": ""AP01HH0060"", ""rivcode"": ""Papavinasanam"", ""dm_ncity"": ""Tirupati"", ""objectid"": 12566, ""strucode"": ""D07029"", ""dm_cmn_yr"": null, ""dm_cmp_yr"": ""1985"", ""dm_coment"": null, ""dm_height"": ""50"", ""dm_length"": ""274"", ""dm_status"": null, ""dm_gate_no"": null, ""dm_gate_sz"": null, ""dm_flod_des"": null, ""dm_gt_ungtd"": null, ""dm_mod_oper"": null, ""dm_ses_zone"": ""Seismic Zone-II"", ""dm_spil_cap"": 201.0, ""dm_spil_lev"": null, ""dm_gate_type"": null, ""dm_sluice_sz"": null, ""dm_spil_leng"": null, ""dm_spil_type"": null, ""dm_cn_gate_no"": null, ""dm_ener_dissp"": null, ""dm_inst_inter"": null, ""dm_perliament"": null, ""dm_ph_gate_no"": null, ""dm_instru_embed"": null, ""dm_oper_main_age"": ""Andhra Pradesh Water Resources Department"", ""dm_sluice_purpose"": null, ""dm_inst_inter_ager"": null, ""dm_no_river_sluice"": null}}",2026-08-29T14:45:46.967391+00:00,2026-08-29T14:45:46.967391+00:00,3
157,AP_DAM_WRIS_AP01LH0068,Vagetikona Reservoir,dam,TE,YSR,Andhra Pradesh Power Generation Corporation,UNKNOWN,CANDIDATE,1998,,,,103,0.8,False,2026-08-29T14:45:46.967391+00:00,2026-08-29T14:45:46.967391+00:00,,,,,NO_REAL_STRUCTURAL_LABEL,1,Vagetikona Reservoir,dam,ap_dam_barrage_state_v1,"{""origin"": ""GOVERNMENT_DERIVED_MIRROR"", ""nrld_no"": ""AP01LH0068"", ""dam_type"": ""TE"", ""age_years"": 28.0, ""gate_type"": null, ""built_year"": 1998.0, ""gate_count"": null, ""river_name"": ""Local Stream"", ""dam_height_m"": 11.3, ""dam_length_m"": 1306.0, ""quality_flag"": ""SOURCE_PRESERVED"", ""seismic_zone"": ""Seismic Zone-II"", ""spillway_type"": null, ""structure_code"": ""D07265"", ""authority_level"": ""B2"", ""completion_year"": 1998.0, ""registry_status"": null, ""spillway_level_m"": null, ""commencement_year"": null, ""spillway_length_m"": null, ""dam_volume_source_value"": null, ""engineering_completeness"": 0.7, ""design_flood_source_value"": null, ""engineering_fields_available"": 7.0, ""engineering_source_confidence"": 0.8, ""spillway_capacity_source_value"": 285.02}",{},False,2026-09-03T04:52:14.819262+00:00,0,1,Vagetikona Reservoir,dam,1,103,141,1998,,11.3,1306.0,,,,,,285.02,,,,Local Stream,TE,Seismic Zone-II,,AP01LH0068,D07265,Kodur,Andhra Pradesh Power Generation Corporation,28.0,7,0.7,False,B2,GOVERNMENT_DERIVED_MIRROR,SOURCE_PRESERVED,0.8,2026-09-03T04:45:38.976858+00:00,1,1,103,ASSET_REGISTRY,wris_registry_record,,Vagetikona Reservoir,,,,,,B2,GOVERNMENT_DERIVED_MIRROR,SOURCE_PRESERVED,0.8,False,False,False,AP state filter + external ID + spatial/name resolution,"{""geometry"": {""type"": ""Point"", ""coordinates"": [79.33388889, 13.86944444]}, ""properties"": {""class"": null, ""state"": ""AP"", ""bacode"": ""09"", ""dtcode"": ""YSR"", ""dam_vol"": """", ""dm_name"": ""Vagetikona Reservoir"", ""dm_type"": ""TE"", ""nrld_no"": ""AP01LH0068"", ""rivcode"": ""Local Stream"", ""dm_ncity"": ""Kodur"", ""objectid"": 12567, ""strucode"": ""D07265"", ""dm_cmn_yr"": null, ""dm_cmp_yr"": ""1998"", ""dm_coment"": null, ""dm_height"": ""11.3"", ""dm_length"": ""1306"", ""dm_status"": null, ""dm_gate_no"": null, ""dm_gate_sz"": null, ""dm_flod_des"": null, ""dm_gt_ungtd"": null, ""dm_mod_oper"": null, ""dm_ses_zone"": ""Seismic Zone-II"", ""dm_spil_cap"": 285.02, ""dm_spil_lev"": null, ""dm_gate_type"": null, ""dm_sluice_sz"": null, ""dm_spil_leng"": null, ""dm_spil_type"": null, ""dm_cn_gate_no"": null, ""dm_ener_dissp"": null, ""dm_inst_inter"": null, ""dm_perliament"": null, ""dm_ph_gate_no"": null, ""dm_instru_embed"": null, ""dm_oper_main_age"": ""Andhra Pradesh Power Generation Corporation"", ""dm_sluice_purpose"": null, ""dm_inst_inter_ager"": null, ""dm_no_river_sluice"": null}}",2026-08-29T14:45:46.967391+00:00,2026-08-29T14:45:46.967391+00:00,0
158,AP_DAM_WRIS_AP01LH0077,Dharakalava Reservoir,dam,TE,East Godavari,Andhra Pradesh Water Resources Department,UNKNOWN,CANDIDATE,2004,,,,103,0.8,False,2026-08-29T14:45:46.967391+00:00,2026-08-29T14:45:46.967391+00:00,,,,,NO_REAL_STRUCTURAL_LABEL,1,Dharakalava Reservoir,dam,ap_dam_barrage_state_v1,"{""origin"": ""GOVERNMENT_DERIVED_MIRROR"", ""nrld_no"": ""AP01LH0077"", ""dam_type"": ""TE"", ""age_years"": 22.0, ""gate_type"": null, ""built_year"": 2004.0, ""gate_count"": null, ""river_name"": ""Hill Stream"", ""dam_height_m"": 20.12, ""dam_length_m"": 250.0, ""quality_flag"": ""SOURCE_PRESERVED"", ""seismic_zone"": ""Seismic Zone-II"", ""spillway_type"": null, ""structure_code"": ""D06628"", ""authority_level"": ""B2"", ""completion_year"": 2004.0, ""registry_status"": null, ""spillway_level_m"": null, ""commencement_year"": null, ""spillway_length_m"": null, ""dam_volume_source_value"": 9000.0, ""engineering_completeness"": 0.7, ""design_flood_source_value"": null, ""engineering_fields_available"": 7.0, ""engineering_source_confidence"": 0.8, ""spillway_capacity_source_value"": 227.67}",{},False,2026-09-03T04:52:14.819262+00:00,0,1,Dharakalava Reservoir,dam,1,103,142,2004,,20.12,250.0,9000.0,,,,,227.67,,,,Hill Stream,TE,Seismic Zone-II,,AP01LH0077,D06628,Kakinada,Andhra Pradesh Water Resources Department,22.0,7,0.7,False,B2,GOVERNMENT_DERIVED_MIRROR,SOURCE_PRESERVED,0.8,2026-09-03T04:45:38.976858+00:00,1,1,103,ASSET_REGISTRY,wris_registry_record,,Dharakalava Reservoir,,,,,,B2,GOVERNMENT_DERIVED_MIRROR,SOURCE_PRESERVED,0.8,False,False,False,AP state filter + external ID + spatial/name resolution,"{""geometry"": {""type"": ""Point"", ""coordinates"": [82.23666667, 17.33916667]}, ""properties"": {""class"": null, ""state"": ""AP"", ""bacode"": ""16"", ""dtcode"": ""East Godavari"", ""dam_vol"": ""9000"", ""dm_name"": ""Dharakalava Reservoir"", ""dm_type"": ""TE"", ""nrld_no"": ""AP01LH0077"", ""rivcode"": ""Hill Stream"", ""dm_ncity"": ""Kakinada"", ""objectid"": 12568, ""strucode"": ""D06628"", ""dm_cmn_yr"": null, ""dm_cmp_yr"": ""2004"", ""dm_coment"": null, ""dm_height"": ""20.12"", ""dm_length"": ""250"", ""dm_status"": null, ""dm_gate_no"": null, ""dm_gate_sz"": null, ""dm_flod_des"": null, ""dm_gt_ungtd"": null, ""dm_mod_oper"": null, ""dm_ses_zone"": ""Seismic Zone-II"", ""dm_spil_cap"": 227.67, ""dm_spil_lev"": null, ""dm_gate_type"": null, ""dm_sluice_sz"": null, ""dm_spil_leng"": null, ""dm_spil_type"": null, ""dm_cn_gate_no"": null, ""dm_ener_dissp"": null, ""dm_inst_inter"": null, ""dm_perliament"": null, ""dm_ph_gate_no"": null, ""dm_instru_embed"": null, ""dm_oper_main_age"": ""Andhra Pradesh Water Resources Department"", ""dm_sluice_purpose"": null, ""dm_inst_inter_ager"": null, ""dm_no_river_sluice"": null}}",2026-08-29T14:45:46.967391+00:00,2026-08-29T14:45:46.967391+00:00,0
159,AP_DAM_WRIS_AP01MH0080,Earlakatta  Tank,dam,TE,Prakasam,Andhra Pradesh Water Resources Department,UNKNOWN,CANDIDATE,2007,,,,103,0.8,False,2026-08-29T14:45:46.967391+00:00,2026-08-29T14:45:46.967391+00:00,,,,,NO_REAL_STRUCTURAL_LABEL,1,Earlakatta  Tank,dam,ap_dam_barrage_state_v1,"{""origin"": ""GOVERNMENT_DERIVED_MIRROR"", ""nrld_no"": ""AP01MH0080"", ""dam_type"": ""TE"", ""age_years"": 19.0, ""gate_type"": null, ""built_year"": 2007.0, ""gate_count"": null, ""river_name"": ""krishna"", ""dam_height_m"": 17.0, ""dam_length_m"": 571.0, ""quality_flag"": ""SOURCE_PRESERVED"", ""seismic_zone"": ""Seismic Zone-II"", ""spillway_type"": null, ""structure_code"": ""D06654"", ""authority_level"": ""B2"", ""completion_year"": 2007.0, ""registry_status"": null, ""spillway_level_m"": null, ""commencement_year"": null, ""spillway_length_m"": null, ""dam_volume_source_value"": null, ""engineering_completeness"": 0.6, ""design_flood_source_value"": null, ""engineering_fields_available"": 6.0, ""engineering_source_confidence"": 0.8, ""spillway_capacity_source_value"": null}",{},False,2026-09-03T04:52:14.819262+00:00,0,1,Earlakatta  Tank,dam,1,103,143,2007,,17.0,571.0,,,,,,,,,,krishna,TE,Seismic Zone-II,,AP01MH0080,D06654,Cumbum.,Andhra Pradesh Water Resources Department,19.0,6,0.6,False,B2,GOVERNMENT_DERIVED_MIRROR,SOURCE_PRESERVED,0.8,2026-09-03T04:45:38.976858+00:00,1,1,103,ASSET_REGISTRY,wris_registry_record,,Earlakatta  Tank,,,,,,B2,GOVERNMENT_DERIVED_MIRROR,SOURCE_PRESERVED,0.8,False,False,False,AP state filter + external ID + spatial/name resolution,"{""geometry"": {""type"": ""Point"", ""coordinates"": [78.97833333, 15.75361111]}, ""properties"": {""class"": null, ""state"": ""AP"", ""bacode"": ""16"", ""dtcode"": ""Prakasam"", ""dam_vol"": """", ""dm_name"": ""Earlakatta  Tank"", ""dm_type"": ""TE"", ""nrld_no"": ""AP01MH0080"", ""rivcode"": ""krishna"", ""dm_ncity"": ""Cumbum."", ""objectid"": 12569, ""strucode"": ""D06654"", ""dm_cmn_yr"": null, ""dm_cmp_yr"": ""2007"", ""dm_coment"": null, ""dm_height"": ""17"", ""dm_length"": ""571"", ""dm_status"": null, ""dm_gate_no"": null, ""dm_gate_sz"": null, ""dm_flod_des"": null, ""dm_gt_ungtd"": null, ""dm_mod_oper"": null, ""dm_ses_zone"": ""Seismic Zone-II"", ""dm_spil_cap"": null, ""dm_spil_lev"": null, ""dm_gate_type"": null, ""dm_sluice_sz"": null, ""dm_spil_leng"": null, ""dm_spil_type"": null, ""dm_cn_gate_no"": null, ""dm_ener_dissp"": null, ""dm_inst_inter"": null, ""dm_perliament"": null, ""dm_ph_gate_no"": null, ""dm_instru_embed"": null, ""dm_oper_main_age"": ""Andhra Pradesh Water Resources Department"", ""dm_sluice_purpose"": null, ""dm_inst_inter_ager"": null, ""dm_no_river_sluice"": null}}",2026-08-29T14:45:46.967391+00:00,2026-08-29T14:45:46.967391+00:00,0
160,AP_DAM_WRIS_AP01MH0083,"N.T.R. T.G.P-Subsidiary
Reservoir  No 1",dam,TE,YSR,Andhra Pradesh Water Resources Department,UNKNOWN,CANDIDATE,,,,,103,0.8,False,2026-08-29T14:45:46.967391+00:00,2026-08-29T14:45:46.967391+00:00,,,,,NO_REAL_STRUCTURAL_LABEL,1,"N.T.R. T.G.P-Subsidiary
Reservoir  No 1",dam,ap_dam_barrage_state_v1,"{""origin"": ""GOVERNMENT_DERIVED_MIRROR"", ""nrld_no"": ""AP01MH0083"", ""dam_type"": ""TE"", ""age_years"": null, ""gate_type"": null, ""built_year"": null, ""gate_count"": null, ""river_name"": ""Kunderu"", ""dam_height_m"": 28.0, ""dam_length_m"": 1820.0, ""quality_flag"": ""SOURCE_PRESERVED"", ""seismic_zone"": ""Seismic Zone-II"", ""spillway_type"": null, ""structure_code"": ""D06962"", ""authority_level"": ""B2"", ""completion_year"": null, ""registry_status"": null, ""spillway_level_m"": null, ""commencement_year"": null, ""spillway_length_m"": null, ""dam_volume_source_value"": null, ""engineering_completeness"": 0.5, ""design_flood_source_value"": null, ""engineering_fields_available"": 5.0, ""engineering_source_confidence"": 0.8, ""spillway_capacity_source_value"": null}",{},False,2026-09-03T04:52:14.819262+00:00,0,1,"N.T.R. T.G.P-Subsidiary
Reservoir  No 1",dam,1,103,144,,,28.0,1820.0,,,,,,,,,,Kunderu,TE,Seismic Zone-II,,AP01MH0083,D06962,Cuddapah,Andhra Pradesh Water Resources Department,,5,0.5,False,B2,GOVERNMENT_DERIVED_MIRROR,SOURCE_PRESERVED,0.8,2026-09-03T04:45:38.976858+00:00,1,1,103,ASSET_REGISTRY,wris_registry_record,,"N.T.R. T.G.P-Subsidiary
Reservoir  No 1",,,,,,B2,GOVERNMENT_DERIVED_MIRROR,SOURCE_PRESERVED,0.8,False,False,False,AP state filter + external ID + spatial/name resolution,"{""geometry"": {""type"": ""Point"", ""coordinates"": [78.75, 14.825]}, ""properties"": {""class"": null, ""state"": ""AP"", ""bacode"": ""09"", ""dtcode"": ""YSR"", ""dam_vol"": """", ""dm_name"": ""N.T.R. T.G.P-Subsidiary\nReservoir  No 1"", ""dm_type"": ""TE"", ""nrld_no"": ""AP01MH0083"", ""rivcode"": ""Kunderu"", ""dm_ncity"": ""Cuddapah"", ""objectid"": 12570, ""strucode"": ""D06962"", ""dm_cmn_yr"": null, ""dm_cmp_yr"": null, ""dm_coment"": null, ""dm_height"": ""28"", ""dm_length"": ""1820"", ""dm_status"": null, ""dm_gate_no"": null, ""dm_gate_sz"": null, ""dm_flod_des"": null, ""dm_gt_ungtd"": null, ""dm_mod_oper"": null, ""dm_ses_zone"": ""Seismic Zone-II"", ""dm_spil_cap"": null, ""dm_spil_lev"": null, ""dm_gate_type"": null, ""dm_sluice_sz"": null, ""dm_spil_leng"": null, ""dm_spil_type"": null, ""dm_cn_gate_no"": null, ""dm_ener_dissp"": null, ""dm_inst_inter"": null, ""dm_perliament"": null, ""dm_ph_gate_no"": null, ""dm_instru_embed"": null, ""dm_oper_main_age"": ""Andhra Pradesh Water Resources Department"", ""dm_sluice_purpose"": null, ""dm_inst_inter_ager"": null, ""dm_no_river_sluice"": null}}",2026-08-29T14:45:46.967391+00:00,2026-08-29T14:45:46.967391+00:00,0
161,AP_DAM_WRIS_AP01LH0086,Chennapatnam Cheruvu,dam,TE,Chittoor,Andhra Pradesh Water Resources Department,UNKNOWN,CANDIDATE,,,,,103,0.8,False,2026-08-29T14:45:46.967391+00:00,2026-08-29T14:45:46.967391+00:00,,,,,NO_REAL_STRUCTURAL_LABEL,1,Chennapatnam Cheruvu,dam,ap_dam_barrage_state_v1,"{""origin"": ""GOVERNMENT_DERIVED_MIRROR"", ""nrld_no"": ""AP01LH0086"", ""dam_type"": ""TE"", ""age_years"": null, ""gate_type"": null, ""built_year"": null, ""gate_count"": null, ""river_name"": ""Pennar"", ""dam_height_m"": 10.0, ""dam_length_m"": 950.0, ""quality_flag"": ""SOURCE_PRESERVED"", ""seismic_zone"": ""Seismic Zone-II"", ""spillway_type"": null, ""structure_code"": ""D06568"", ""authority_level"": ""B2"", ""completion_year"": null, ""registry_status"": null, ""spillway_level_m"": null, ""commencement_year"": null, ""spillway_length_m"": null, ""dam_volume_source_value"": null, ""engineering_completeness"": 0.5, ""design_flood_source_value"": null, ""engineering_fields_available"": 5.0, ""engineering_source_confidence"": 0.8, ""spillway_capacity_source_value"": null}",{},False,2026-09-03T04:52:14.819262+00:00,0,1,Chennapatnam Cheruvu,dam,1,103,145,,,10.0,950.0,,,,,,,,,,Pennar,TE,Seismic Zone-II,,AP01LH0086,D06568,Somala,Andhra Pradesh Water Resources Department,,5,0.5,False,B2,GOVERNMENT_DERIVED_MIRROR,SOURCE_PRESERVED,0.8,2026-09-03T04:45:38.976858+00:00,1,1,103,ASSET_REGISTRY,wris_registry_record,,Chennapatnam Cheruvu,,,,,,B2,GOVERNMENT_DERIVED_MIRROR,SOURCE_PRESERVED,0.8,False,False,False,AP state filter + external ID + spatial/name resolution,"{""geometry"": {""type"": ""Point"", ""coordinates"": [78.82166667, 13.45166667]}, ""properties"": {""class"": null, ""state"": ""AP"", ""bacode"": ""09"", ""dtcode"": ""Chittoor"", ""dam_vol"": """", ""dm_name"": ""Chennapatnam Cheruvu"", ""dm_type"": ""TE"", ""nrld_no"": ""AP01LH0086"", ""rivcode"": ""Pennar"", ""dm_ncity"": ""Somala"", ""objectid"": 12571, ""strucode"": ""D06568"", ""dm_cmn_yr"": null, ""dm_cmp_yr"": null, ""dm_coment"": null, ""dm_height"": ""10"", ""dm_length"": ""950"", ""dm_status"": null, ""dm_gate_no"": null, ""dm_gate_sz"": null, ""dm_flod_des"": null, ""dm_gt_ungtd"": null, ""dm_mod_oper"": null, ""dm_ses_zone"": ""Seismic Zone-II"", ""dm_spil_cap"": null, ""dm_spil_lev"": null, ""dm_gate_type"": null, ""dm_sluice_sz"": null, ""dm_spil_leng"": null, ""dm_spil_type"": null, ""dm_cn_gate_no"": null, ""dm_ener_dissp"": null, ""dm_inst_inter"": null, ""dm_perliament"": null, ""dm_ph_gate_no"": null, ""dm_instru_embed"": null, ""dm_oper_main_age"": ""Andhra Pradesh Water Resources Department"", ""dm_sluice_purpose"": null, ""dm_inst_inter_ager"": null, ""dm_no_river_sluice"": null}}",2026-08-29T14:45:46.967391+00:00,2026-08-29T14:45:46.967391+00:00,0
162,AP_DAM_WRIS_AP01LH0087,"Chikkavadiyar, Anantapur",dam,TE + PG,Anantapur,Andhra Pradesh Water Resources Department,UNKNOWN,CANDIDATE,,,,,103,0.8,False,2026-08-29T14:45:46.967391+00:00,2026-08-29T14:45:46.967391+00:00,,,,,NO_REAL_STRUCTURAL_LABEL,1,"Chikkavadiyar, Anantapur",dam,ap_dam_barrage_state_v1,"{""origin"": ""GOVERNMENT_DERIVED_MIRROR"", ""nrld_no"": ""AP01LH0087"", ""dam_type"": ""TE + PG"", ""age_years"": null, ""gate_type"": null, ""built_year"": null, ""gate_count"": null, ""river_name"": ""ghatprabha"", ""dam_height_m"": 10.54, ""dam_length_m"": 4476.0, ""quality_flag"": ""SOURCE_PRESERVED"", ""seismic_zone"": ""Seismic Zone-II"", ""spillway_type"": null, ""structure_code"": ""D06576"", ""authority_level"": ""B2"", ""completion_year"": null, ""registry_status"": null, ""spillway_level_m"": null, ""commencement_year"": null, ""spillway_length_m"": null, ""dam_volume_source_value"": null, ""engineering_completeness"": 0.6, ""design_flood_source_value"": null, ""engineering_fields_available"": 6.0, ""engineering_source_confidence"": 0.8, ""spillway_capacity_source_value"": 501.0}",{},False,2026-09-03T04:52:14.819262+00:00,0,1,"Chikkavadiyar, Anantapur",dam,1,103,146,,,10.54,4476.0,,,,,,501.0,,,,ghatprabha,TE + PG,Seismic Zone-II,,AP01LH0087,D06576,Bukkarayasamudram,Andhra Pradesh Water Resources Department,,6,0.6,False,B2,GOVERNMENT_DERIVED_MIRROR,SOURCE_PRESERVED,0.8,2026-09-03T04:45:38.976858+00:00,1,1,103,ASSET_REGISTRY,wris_registry_record,,"Chikkavadiyar, Anantapur",,,,,,B2,GOVERNMENT_DERIVED_MIRROR,SOURCE_PRESERVED,0.8,False,False,False,AP state filter + external ID + spatial/name resolution,"{""geometry"": {""type"": ""Point"", ""coordinates"": [77.67027778, 14.67083333]}, ""properties"": {""class"": null, ""state"": ""AP"", ""bacode"": ""09"", ""dtcode"": ""Anantapur"", ""dam_vol"": """", ""dm_name"": ""Chikkavadiyar, Anantapur"", ""dm_type"": ""TE + PG"", ""nrld_no"": ""AP01LH0087"", ""rivcode"": ""ghatprabha"", ""dm_ncity"": ""Bukkarayasamudram"", ""objectid"": 12572, ""strucode"": ""D06576"", ""dm_cmn_yr"": null, ""dm_cmp_yr"": null, ""dm_coment"": null, ""dm_height"": ""10.54"", ""dm_length"": ""4476"", ""dm_status"": null, ""dm_gate_no"": null, ""dm_gate_sz"": null, ""dm_flod_des"": null, ""dm_gt_ungtd"": null, ""dm_mod_oper"": null, ""dm_ses_zone"": ""Seismic Zone-II"", ""dm_spil_cap"": 501.0, ""dm_spil_lev"": null, ""dm_gate_type"": null, ""dm_sluice_sz"": null, ""dm_spil_leng"": null, ""dm_spil_type"": null, ""dm_cn_gate_no"": null, ""dm_ener_dissp"": null, ""dm_inst_inter"": null, ""dm_perliament"": null, ""dm_ph_gate_no"": null, ""dm_instru_embed"": null, ""dm_oper_main_age"": ""Andhra Pradesh Water Resources Department"", ""dm_sluice_purpose"": null, ""dm_inst_inter_ager"": null, ""dm_no_river_sluice"": null}}",2026-08-29T14:45:46.967391+00:00,2026-08-29T14:45:46.967391+00:00,0
163,AP_DAM_WRIS_AP01MH0089,Chinnagottigallu Tank,dam,TE,Chittoor,Andhra Pradesh Water Resources Department,UNKNOWN,CANDIDATE,,,,,103,0.8,False,2026-08-29T14:45:46.967391+00:00,2026-08-29T14:45:46.967391+00:00,,,,,NO_REAL_STRUCTURAL_LABEL,1,Chinnagottigallu Tank,dam,ap_dam_barrage_state_v1,"{""origin"": ""GOVERNMENT_DERIVED_MIRROR"", ""nrld_no"": ""AP01MH0089"", ""dam_type"": ""TE"", ""age_years"": null, ""gate_type"": null, ""built_year"": null, ""gate_count"": null, ""river_name"": ""Swarnamuki R"", ""dam_height_m"": 18.0, ""dam_length_m"": 900.0, ""quality_flag"": ""SOURCE_PRESERVED"", ""seismic_zone"": ""Seismic Zone-II"", ""spillway_type"": null, ""structure_code"": ""D06583"", ""authority_level"": ""B2"", ""completion_year"": null, ""registry_status"": null, ""spillway_level_m"": null, ""commencement_year"": null, ""spillway_length_m"": null, ""dam_volume_source_value"": null, ""engineering_completeness"": 0.6, ""design_flood_source_value"": null, ""engineering_fields_available"": 6.0, ""engineering_source_confidence"": 0.8, ""spillway_capacity_source_value"": 168.51}",{},False,2026-09-03T04:52:14.819262+00:00,0,1,Chinnagottigallu Tank,dam,1,103,147,,,18.0,900.0,,,,,,168.51,,,,Swarnamuki R,TE,Seismic Zone-II,,AP01MH0089,D06583,Tirupati,Andhra Pradesh Water Resources Department,,6,0.6,False,B2,GOVERNMENT_DERIVED_MIRROR,SOURCE_PRESERVED,0.8,2026-09-03T04:45:38.976858+00:00,1,1,103,ASSET_REGISTRY,wris_registry_record,,Chinnagottigallu Tank,,,,,,B2,GOVERNMENT_DERIVED_MIRROR,SOURCE_PRESERVED,0.8,False,False,False,AP state filter + external ID + spatial/name resolution,"{""geometry"": {""type"": ""Point"", ""coordinates"": [79.0925, 13.64805556]}, ""properties"": {""class"": null, ""state"": ""AP"", ""bacode"": ""09"", ""dtcode"": ""Chittoor"", ""dam_vol"": """", ""dm_name"": ""Chinnagottigallu Tank"", ""dm_type"": ""TE"", ""nrld_no"": ""AP01MH0089"", ""rivcode"": ""Swarnamuki R"", ""dm_ncity"": ""Tirupati"", ""objectid"": 12573, ""strucode"": ""D06583"", ""dm_cmn_yr"": null, ""dm_cmp_yr"": null, ""dm_coment"": null, ""dm_height"": ""18"", ""dm_length"": ""900"", ""dm_status"": null, ""dm_gate_no"": null, ""dm_gate_sz"": null, ""dm_flod_des"": null, ""dm_gt_ungtd"": null, ""dm_mod_oper"": null, ""dm_ses_zone"": ""Seismic Zone-II"", ""dm_spil_cap"": 168.51, ""dm_spil_lev"": null, ""dm_gate_type"": null, ""dm_sluice_sz"": null, ""dm_spil_leng"": null, ""dm_spil_type"": null, ""dm_cn_gate_no"": null, ""dm_ener_dissp"": null, ""dm_inst_inter"": null, ""dm_perliament"": null, ""dm_ph_gate_no"": null, ""dm_instru_embed"": null, ""dm_oper_main_age"": ""Andhra Pradesh Water Resources Department"", ""dm_sluice_purpose"": null, ""dm_inst_inter_ager"": null, ""dm_no_river_sluice"": null}}",2026-08-29T14:45:46.967391+00:00,2026-08-29T14:45:46.967391+00:00,0
164,AP_DAM_WRIS_AP01LH0090,"Chinna Tippa Samudram
Tank",dam,TE,Chittoor,Andhra Pradesh Water Resources Department,UNKNOWN,CANDIDATE,,,,,103,0.8,False,2026-08-29T14:45:46.967391+00:00,2026-08-29T14:45:46.967391+00:00,,,,,NO_REAL_STRUCTURAL_LABEL,1,"Chinna Tippa Samudram
Tank",dam,ap_dam_barrage_state_v1,"{""origin"": ""GOVERNMENT_DERIVED_MIRROR"", ""nrld_no"": ""AP01LH0090"", ""dam_type"": ""TE"", ""age_years"": null, ""gate_type"": null, ""built_year"": null, ""gate_count"": null, ""river_name"": ""Thettuvanka"", ""dam_height_m"": 12.2, ""dam_length_m"": 790.0, ""quality_flag"": ""SOURCE_PRESERVED"", ""seismic_zone"": ""Seismic Zone-II"", ""spillway_type"": null, ""structure_code"": ""D06582"", ""authority_level"": ""B2"", ""completion_year"": null, ""registry_status"": null, ""spillway_level_m"": null, ""commencement_year"": null, ""spillway_length_m"": null, ""dam_volume_source_value"": null, ""engineering_completeness"": 0.6, ""design_flood_source_value"": null, ""engineering_fields_available"": 6.0, ""engineering_source_confidence"": 0.8, ""spillway_capacity_source_value"": 354.0}",{},False,2026-09-03T04:52:14.819262+00:00,0,1,"Chinna Tippa Samudram
Tank",dam,1,103,148,,,12.2,790.0,,,,,,354.0,,,,Thettuvanka,TE,Seismic Zone-II,,AP01LH0090,D06582,Chittor,Andhra Pradesh Water Resources Department,,6,0.6,False,B2,GOVERNMENT_DERIVED_MIRROR,SOURCE_PRESERVED,0.8,2026-09-03T04:45:38.976858+00:00,1,1,103,ASSET_REGISTRY,wris_registry_record,,"Chinna Tippa Samudram
Tank",,,,,,B2,GOVERNMENT_DERIVED_MIRROR,SOURCE_PRESERVED,0.8,False,False,False,AP state filter + external ID + spatial/name resolution,"{""geometry"": {""type"": ""Point"", ""coordinates"": [78.6, 13.63333333]}, ""properties"": {""class"": null, ""state"": ""AP"", ""bacode"": ""09"", ""dtcode"": ""Chittoor"", ""dam_vol"": """", ""dm_name"": ""Chinna Tippa Samudram\nTank"", ""dm_type"": ""TE"", ""nrld_no"": ""AP01LH0090"", ""rivcode"": ""Thettuvanka"", ""dm_ncity"": ""Chittor"", ""objectid"": 12574, ""strucode"": ""D06582"", ""dm_cmn_yr"": null, ""dm_cmp_yr"": null, ""dm_coment"": null, ""dm_height"": ""12.2"", ""dm_length"": ""790"", ""dm_status"": null, ""dm_gate_no"": null, ""dm_gate_sz"": null, ""dm_flod_des"": null, ""dm_gt_ungtd"": null, ""dm_mod_oper"": null, ""dm_ses_zone"": ""Seismic Zone-II"", ""dm_spil_cap"": 354.0, ""dm_spil_lev"": null, ""dm_gate_type"": null, ""dm_sluice_sz"": null, ""dm_spil_leng"": null, ""dm_spil_type"": null, ""dm_cn_gate_no"": null, ""dm_ener_dissp"": null, ""dm_inst_inter"": null, ""dm_perliament"": null, ""dm_ph_gate_no"": null, ""dm_instru_embed"": null, ""dm_oper_main_age"": ""Andhra Pradesh Water Resources Department"", ""dm_sluice_purpose"": null, ""dm_inst_inter_ager"": null, ""dm_no_river_sluice"": null}}",2026-08-29T14:45:46.967391+00:00,2026-08-29T14:45:46.967391+00:00,0
165,AP_DAM_WRIS_AP01LH0093,"Gowricheru, Mogili",dam,TE,Chittoor,Andhra Pradesh Water Resources Department,UNKNOWN,CANDIDATE,,,,,103,0.8,False,2026-08-29T14:45:46.967391+00:00,2026-08-29T14:45:46.967391+00:00,,,,,NO_REAL_STRUCTURAL_LABEL,1,"Gowricheru, Mogili",dam,ap_dam_barrage_state_v1,"{""origin"": ""GOVERNMENT_DERIVED_MIRROR"", ""nrld_no"": ""AP01LH0093"", ""dam_type"": ""TE"", ""age_years"": null, ""gate_type"": null, ""built_year"": null, ""gate_count"": null, ""river_name"": ""Ghataprabha"", ""dam_height_m"": 10.0, ""dam_length_m"": 650.0, ""quality_flag"": ""SOURCE_PRESERVED"", ""seismic_zone"": ""Seismic Zone-II"", ""spillway_type"": null, ""structure_code"": ""D06699"", ""authority_level"": ""B2"", ""completion_year"": null, ""registry_status"": null, ""spillway_level_m"": null, ""commencement_year"": null, ""spillway_length_m"": null, ""dam_volume_source_value"": 47.99, ""engineering_completeness"": 0.6, ""design_flood_source_value"": null, ""engineering_fields_available"": 6.0, ""engineering_source_confidence"": 0.8, ""spillway_capacity_source_value"": 136.0}",{},False,2026-09-03T04:52:14.819262+00:00,0,1,"Gowricheru, Mogili",dam,1,103,149,,,10.0,650.0,47.99,,,,,136.0,,,,Ghataprabha,TE,Seismic Zone-II,,AP01LH0093,D06699,Chittoor,Andhra Pradesh Water Resources Department,,6,0.6,False,B2,GOVERNMENT_DERIVED_MIRROR,SOURCE_PRESERVED,0.8,2026-09-03T04:45:38.976858+00:00,1,1,103,ASSET_REGISTRY,wris_registry_record,,"Gowricheru, Mogili",,,,,,B2,GOVERNMENT_DERIVED_MIRROR,SOURCE_PRESERVED,0.8,False,False,False,AP state filter + external ID + spatial/name resolution,"{""geometry"": {""type"": ""Point"", ""coordinates"": [78.81944444, 13.23]}, ""properties"": {""class"": null, ""state"": ""AP"", ""bacode"": ""17"", ""dtcode"": ""Chittoor"", ""dam_vol"": ""47.99"", ""dm_name"": ""Gowricheru, Mogili"", ""dm_type"": ""TE"", ""nrld_no"": ""AP01LH0093"", ""rivcode"": ""Ghataprabha"", ""dm_ncity"": ""Chittoor"", ""objectid"": 12575, ""strucode"": ""D06699"", ""dm_cmn_yr"": null, ""dm_cmp_yr"": null, ""dm_coment"": null, ""dm_height"": ""10"", ""dm_length"": ""650"", ""dm_status"": null, ""dm_gate_no"": null, ""dm_gate_sz"": null, ""dm_flod_des"": null, ""dm_gt_ungtd"": null, ""dm_mod_oper"": null, ""dm_ses_zone"": ""Seismic Zone-II"", ""dm_spil_cap"": 136.0, ""dm_spil_lev"": null, ""dm_gate_type"": null, ""dm_sluice_sz"": null, ""dm_spil_leng"": null, ""dm_spil_type"": null, ""dm_cn_gate_no"": null, ""dm_ener_dissp"": null, ""dm_inst_inter"": null, ""dm_perliament"": null, ""dm_ph_gate_no"": null, ""dm_instru_embed"": null, ""dm_oper_main_age"": ""Andhra Pradesh Water Resources Department"", ""dm_sluice_purpose"": null, ""dm_inst_inter_ager"": null, ""dm_no_river_sluice"": null}}",2026-08-29T14:45:46.967391+00:00,2026-08-29T14:45:46.967391+00:00,0
166,AP_DAM_WRIS_AP01MH0094,Gullur Tank,dam,TE,Chittoor,Andhra Pradesh Water Resources Department,UNKNOWN,CANDIDATE,,,,,103,0.8,False,2026-08-29T14:45:46.967391+00:00,2026-08-29T14:45:46.967391+00:00,,,,,NO_REAL_STRUCTURAL_LABEL,1,Gullur Tank,dam,ap_dam_barrage_state_v1,"{""origin"": ""GOVERNMENT_DERIVED_MIRROR"", ""nrld_no"": ""AP01MH0094"", ""dam_type"": ""TE"", ""age_years"": null, ""gate_type"": null, ""built_year"": null, ""gate_count"": null, ""river_name"": ""Ghataprabha"", ""dam_height_m"": 15.0, ""dam_length_m"": 1040.0, ""quality_flag"": ""SOURCE_PRESERVED"", ""seismic_zone"": ""Seismic Zone-II"", ""spillway_type"": null, ""structure_code"": ""D06702"", ""authority_level"": ""B2"", ""completion_year"": null, ""registry_status"": null, ""spillway_level_m"": null, ""commencement_year"": null, ""spillway_length_m"": null, ""dam_volume_source_value"": null, ""engineering_completeness"": 0.5, ""design_flood_source_value"": null, ""engineering_fields_available"": 5.0, ""engineering_source_confidence"": 0.8, ""spillway_capacity_source_value"": null}",{},False,2026-09-03T04:52:14.819262+00:00,0,1,Gullur Tank,dam,1,103,150,,,15.0,1040.0,,,,,,,,,,Ghataprabha,TE,Seismic Zone-II,,AP01MH0094,D06702,Makavarapalem,Andhra Pradesh Water Resources Department,,5,0.5,False,B2,GOVERNMENT_DERIVED_MIRROR,SOURCE_PRESERVED,0.8,2026-09-03T04:45:38.976858+00:00,1,1,103,ASSET_REGISTRY,wris_registry_record,,Gullur Tank,,,,,,B2,GOVERNMENT_DERIVED_MIRROR,SOURCE_PRESERVED,0.8,False,False,False,AP state filter + external ID + spatial/name resolution,"{""geometry"": {""type"": ""Point"", ""coordinates"": [79.525, 13.48]}, ""properties"": {""class"": null, ""state"": ""AP"", ""bacode"": ""17"", ""dtcode"": ""Chittoor"", ""dam_vol"": """", ""dm_name"": ""Gullur Tank"", ""dm_type"": ""TE"", ""nrld_no"": ""AP01MH0094"", ""rivcode"": ""Ghataprabha"", ""dm_ncity"": ""Makavarapalem"", ""objectid"": 12576, ""strucode"": ""D06702"", ""dm_cmn_yr"": null, ""dm_cmp_yr"": null, ""dm_coment"": null, ""dm_height"": ""15"", ""dm_length"": ""1040"", ""dm_status"": null, ""dm_gate_no"": null, ""dm_gate_sz"": null, ""dm_flod_des"": null, ""dm_gt_ungtd"": null, ""dm_mod_oper"": null, ""dm_ses_zone"": ""Seismic Zone-II"", ""dm_spil_cap"": null, ""dm_spil_lev"": null, ""dm_gate_type"": null, ""dm_sluice_sz"": null, ""dm_spil_leng"": null, ""dm_spil_type"": null, ""dm_cn_gate_no"": null, ""dm_ener_dissp"": null, ""dm_inst_inter"": null, ""dm_perliament"": null, ""dm_ph_gate_no"": null, ""dm_instru_embed"": null, ""dm_oper_main_age"": ""Andhra Pradesh Water Resources Department"", ""dm_sluice_purpose"": null, ""dm_inst_inter_ager"": null, ""dm_no_river_sluice"": null}}",2026-08-29T14:45:46.967391+00:00,2026-08-29T14:45:46.967391+00:00,0
167,AP_DAM_WRIS_AP01MH0095,Gundlamotu Reservoir,dam,TE,Prakasam,Andhra Pradesh Water Resources Department,UNKNOWN,CANDIDATE,,,,,103,0.8,False,2026-08-29T14:45:46.967391+00:00,2026-08-29T14:45:46.967391+00:00,,,,,NO_REAL_STRUCTURAL_LABEL,1,Gundlamotu Reservoir,dam,ap_dam_barrage_state_v1,"{""origin"": ""GOVERNMENT_DERIVED_MIRROR"", ""nrld_no"": ""AP01MH0095"", ""dam_type"": ""TE"", ""age_years"": null, ""gate_type"": null, ""built_year"": null, ""gate_count"": null, ""river_name"": ""Ghataprabha"", ""dam_height_m"": 16.0, ""dam_length_m"": 605.0, ""quality_flag"": ""SOURCE_PRESERVED"", ""seismic_zone"": ""Seismic Zone-II"", ""spillway_type"": null, ""structure_code"": ""D06704"", ""authority_level"": ""B2"", ""completion_year"": null, ""registry_status"": null, ""spillway_level_m"": null, ""commencement_year"": null, ""spillway_length_m"": null, ""dam_volume_source_value"": null, ""engineering_completeness"": 0.6, ""design_flood_source_value"": null, ""engineering_fields_available"": 6.0, ""engineering_source_confidence"": 0.8, ""spillway_capacity_source_value"": 652.0}",{},False,2026-09-03T04:52:14.819262+00:00,0,1,Gundlamotu Reservoir,dam,1,103,151,,,16.0,605.0,,,,,,652.0,,,,Ghataprabha,TE,Seismic Zone-II,,AP01MH0095,D06704,Giddalur,Andhra Pradesh Water Resources Department,,6,0.6,False,B2,GOVERNMENT_DERIVED_MIRROR,SOURCE_PRESERVED,0.8,2026-09-03T04:45:38.976858+00:00,1,1,103,ASSET_REGISTRY,wris_registry_record,,Gundlamotu Reservoir,,,,,,B2,GOVERNMENT_DERIVED_MIRROR,SOURCE_PRESERVED,0.8,False,False,False,AP state filter + external ID + spatial/name resolution,"{""geometry"": {""type"": ""Point"", ""coordinates"": [79.81861111, 15.35527778]}, ""properties"": {""class"": null, ""state"": ""AP"", ""bacode"": ""16"", ""dtcode"": ""Prakasam"", ""dam_vol"": """", ""dm_name"": ""Gundlamotu Reservoir"", ""dm_type"": ""TE"", ""nrld_no"": ""AP01MH0095"", ""rivcode"": ""Ghataprabha"", ""dm_ncity"": ""Giddalur"", ""objectid"": 12577, ""strucode"": ""D06704"", ""dm_cmn_yr"": null, ""dm_cmp_yr"": null, ""dm_coment"": null, ""dm_height"": ""16"", ""dm_length"": ""605"", ""dm_status"": null, ""dm_gate_no"": null, ""dm_gate_sz"": null, ""dm_flod_des"": null, ""dm_gt_ungtd"": null, ""dm_mod_oper"": null, ""dm_ses_zone"": ""Seismic Zone-II"", ""dm_spil_cap"": 652.0, ""dm_spil_lev"": null, ""dm_gate_type"": null, ""dm_sluice_sz"": null, ""dm_spil_leng"": null, ""dm_spil_type"": null, ""dm_cn_gate_no"": null, ""dm_ener_dissp"": null, ""dm_inst_inter"": null, ""dm_perliament"": null, ""dm_ph_gate_no"": null, ""dm_instru_embed"": null, ""dm_oper_main_age"": ""Andhra Pradesh Water Resources Department"", ""dm_sluice_purpose"": null, ""dm_inst_inter_ager"": null, ""dm_no_river_sluice"": null}}",2026-08-29T14:45:46.967391+00:00,2026-08-29T14:45:46.967391+00:00,0
168,AP_DAM_WRIS_AP01LH0099,Koduru Reservoir,dam,TE,Anantapur,Andhra Pradesh Water Resources Department,UNKNOWN,CANDIDATE,,,,,103,0.8,False,2026-08-29T14:45:46.967391+00:00,2026-08-29T14:45:46.967391+00:00,,,,,NO_REAL_STRUCTURAL_LABEL,1,Koduru Reservoir,dam,ap_dam_barrage_state_v1,"{""origin"": ""GOVERNMENT_DERIVED_MIRROR"", ""nrld_no"": ""AP01LH0099"", ""dam_type"": ""TE"", ""age_years"": null, ""gate_type"": null, ""built_year"": null, ""gate_count"": null, ""river_name"": ""Khushavathi"", ""dam_height_m"": 10.0, ""dam_length_m"": 796.0, ""quality_flag"": ""SOURCE_PRESERVED"", ""seismic_zone"": ""Seismic Zone-II"", ""spillway_type"": null, ""structure_code"": ""D06839"", ""authority_level"": ""B2"", ""completion_year"": null, ""registry_status"": null, ""spillway_level_m"": null, ""commencement_year"": null, ""spillway_length_m"": null, ""dam_volume_source_value"": null, ""engineering_completeness"": 0.6, ""design_flood_source_value"": null, ""engineering_fields_available"": 6.0, ""engineering_source_confidence"": 0.8, ""spillway_capacity_source_value"": 21.24}",{},False,2026-09-03T04:52:14.819262+00:00,0,1,Koduru Reservoir,dam,1,103,152,,,10.0,796.0,,,,,,21.24,,,,Khushavathi,TE,Seismic Zone-II,,AP01LH0099,D06839,Guntakal,Andhra Pradesh Water Resources Department,,6,0.6,False,B2,GOVERNMENT_DERIVED_MIRROR,SOURCE_PRESERVED,0.8,2026-09-03T04:45:38.976858+00:00,1,1,103,ASSET_REGISTRY,wris_registry_record,,Koduru Reservoir,,,,,,B2,GOVERNMENT_DERIVED_MIRROR,SOURCE_PRESERVED,0.8,False,False,False,AP state filter + external ID + spatial/name resolution,"{""geometry"": {""type"": ""Point"", ""coordinates"": [77.72611111, 13.86472222]}, ""properties"": {""class"": null, ""state"": ""AP"", ""bacode"": ""09"", ""dtcode"": ""Anantapur"", ""dam_vol"": """", ""dm_name"": ""Koduru Reservoir"", ""dm_type"": ""TE"", ""nrld_no"": ""AP01LH0099"", ""rivcode"": ""Khushavathi"", ""dm_ncity"": ""Guntakal"", ""objectid"": 12578, ""strucode"": ""D06839"", ""dm_cmn_yr"": null, ""dm_cmp_yr"": null, ""dm_coment"": null, ""dm_height"": ""10"", ""dm_length"": ""796"", ""dm_status"": null, ""dm_gate_no"": null, ""dm_gate_sz"": null, ""dm_flod_des"": null, ""dm_gt_ungtd"": null, ""dm_mod_oper"": null, ""dm_ses_zone"": ""Seismic Zone-II"", ""dm_spil_cap"": 21.24, ""dm_spil_lev"": null, ""dm_gate_type"": null, ""dm_sluice_sz"": null, ""dm_spil_leng"": null, ""dm_spil_type"": null, ""dm_cn_gate_no"": null, ""dm_ener_dissp"": null, ""dm_inst_inter"": null, ""dm_perliament"": null, ""dm_ph_gate_no"": null, ""dm_instru_embed"": null, ""dm_oper_main_age"": ""Andhra Pradesh Water Resources Department"", ""dm_sluice_purpose"": null, ""dm_inst_inter_ager"": null, ""dm_no_river_sluice"": null}}",2026-08-29T14:45:46.967391+00:00,2026-08-29T14:45:46.967391+00:00,0
169,AP_DAM_WRIS_AP01LH0103,Muthyalacheruvu,dam,TE,Anantapur,Andhra Pradesh Water Resources Department,UNKNOWN,CANDIDATE,,,,,103,0.8,False,2026-08-29T14:45:46.967391+00:00,2026-08-29T14:45:46.967391+00:00,,,,,NO_REAL_STRUCTURAL_LABEL,1,Muthyalacheruvu,dam,ap_dam_barrage_state_v1,"{""origin"": ""GOVERNMENT_DERIVED_MIRROR"", ""nrld_no"": ""AP01LH0103"", ""dam_type"": ""TE"", ""age_years"": null, ""gate_type"": null, ""built_year"": null, ""gate_count"": null, ""river_name"": ""ghatprabha"", ""dam_height_m"": 11.0, ""dam_length_m"": 838.0, ""quality_flag"": ""SOURCE_PRESERVED"", ""seismic_zone"": ""Seismic Zone-II"", ""spillway_type"": null, ""structure_code"": ""D06961"", ""authority_level"": ""B2"", ""completion_year"": null, ""registry_status"": null, ""spillway_level_m"": null, ""commencement_year"": null, ""spillway_length_m"": null, ""dam_volume_source_value"": null, ""engineering_completeness"": 0.6, ""design_flood_source_value"": null, ""engineering_fields_available"": 6.0, ""engineering_source_confidence"": 0.8, ""spillway_capacity_source_value"": 297.44}",{},False,2026-09-03T04:52:14.819262+00:00,0,1,Muthyalacheruvu,dam,1,103,153,,,11.0,838.0,,,,,,297.44,,,,ghatprabha,TE,Seismic Zone-II,,AP01LH0103,D06961,Dharmavaram,Andhra Pradesh Water Resources Department,,6,0.6,False,B2,GOVERNMENT_DERIVED_MIRROR,SOURCE_PRESERVED,0.8,2026-09-03T04:45:38.976858+00:00,1,1,103,ASSET_REGISTRY,wris_registry_record,,Muthyalacheruvu,,,,,,B2,GOVERNMENT_DERIVED_MIRROR,SOURCE_PRESERVED,0.8,False,False,False,AP state filter + external ID + spatial/name resolution,"{""geometry"": {""type"": ""Point"", ""coordinates"": [78.08305556, 14.09944444]}, ""properties"": {""class"": null, ""state"": ""AP"", ""bacode"": ""09"", ""dtcode"": ""Anantapur"", ""dam_vol"": """", ""dm_name"": ""Muthyalacheruvu"", ""dm_type"": ""TE"", ""nrld_no"": ""AP01LH0103"", ""rivcode"": ""ghatprabha"", ""dm_ncity"": ""Dharmavaram"", ""objectid"": 12579, ""strucode"": ""D06961"", ""dm_cmn_yr"": null, ""dm_cmp_yr"": null, ""dm_coment"": null, ""dm_height"": ""11"", ""dm_length"": ""838"", ""dm_status"": null, ""dm_gate_no"": null, ""dm_gate_sz"": null, ""dm_flod_des"": null, ""dm_gt_ungtd"": null, ""dm_mod_oper"": null, ""dm_ses_zone"": ""Seismic Zone-II"", ""dm_spil_cap"": 297.44, ""dm_spil_lev"": null, ""dm_gate_type"": null, ""dm_sluice_sz"": null, ""dm_spil_leng"": null, ""dm_spil_type"": null, ""dm_cn_gate_no"": null, ""dm_ener_dissp"": null, ""dm_inst_inter"": null, ""dm_perliament"": null, ""dm_ph_gate_no"": null, ""dm_instru_embed"": null, ""dm_oper_main_age"": ""Andhra Pradesh Water Resources Department"", ""dm_sluice_purpose"": null, ""dm_inst_inter_ager"": null, ""dm_no_river_sluice"": null}}",2026-08-29T14:45:46.967391+00:00,2026-08-29T14:45:46.967391+00:00,0
170,AP_DAM_WRIS_AP01LH0105,"Pattikondavanka, Guttava",dam,TE,Chittoor,Andhra Pradesh Water Resources Department,UNKNOWN,CANDIDATE,,,,,103,0.8,False,2026-08-29T14:45:46.967391+00:00,2026-08-29T14:45:46.967391+00:00,,,,,NO_REAL_STRUCTURAL_LABEL,1,"Pattikondavanka, Guttava",dam,ap_dam_barrage_state_v1,"{""origin"": ""GOVERNMENT_DERIVED_MIRROR"", ""nrld_no"": ""AP01LH0105"", ""dam_type"": ""TE"", ""age_years"": null, ""gate_type"": null, ""built_year"": null, ""gate_count"": null, ""river_name"": ""Ghataprabha"", ""dam_height_m"": 12.48, ""dam_length_m"": 580.0, ""quality_flag"": ""SOURCE_PRESERVED"", ""seismic_zone"": ""Seismic Zone-II"", ""spillway_type"": null, ""structure_code"": ""D07038"", ""authority_level"": ""B2"", ""completion_year"": null, ""registry_status"": null, ""spillway_level_m"": null, ""commencement_year"": null, ""spillway_length_m"": null, ""dam_volume_source_value"": null, ""engineering_completeness"": 0.6, ""design_flood_source_value"": null, ""engineering_fields_available"": 6.0, ""engineering_source_confidence"": 0.8, ""spillway_capacity_source_value"": 59.0}",{},False,2026-09-03T04:52:14.819262+00:00,0,1,"Pattikondavanka, Guttava",dam,1,103,154,,,12.48,580.0,,,,,,59.0,,,,Ghataprabha,TE,Seismic Zone-II,,AP01LH0105,D07038,Chittoor,Andhra Pradesh Water Resources Department,,6,0.6,False,B2,GOVERNMENT_DERIVED_MIRROR,SOURCE_PRESERVED,0.8,2026-09-03T04:45:38.976858+00:00,1,1,103,ASSET_REGISTRY,wris_registry_record,,"Pattikondavanka, Guttava",,,,,,B2,GOVERNMENT_DERIVED_MIRROR,SOURCE_PRESERVED,0.8,False,False,False,AP state filter + external ID + spatial/name resolution,"{""geometry"": {""type"": ""Point"", ""coordinates"": [79.83972222, 13.47666667]}, ""properties"": {""class"": null, ""state"": ""AP"", ""bacode"": ""17"", ""dtcode"": ""Chittoor"", ""dam_vol"": """", ""dm_name"": ""Pattikondavanka, Guttava"", ""dm_type"": ""TE"", ""nrld_no"": ""AP01LH0105"", ""rivcode"": ""Ghataprabha"", ""dm_ncity"": ""Chittoor"", ""objectid"": 12580, ""strucode"": ""D07038"", ""dm_cmn_yr"": null, ""dm_cmp_yr"": null, ""dm_coment"": null, ""dm_height"": ""12.48"", ""dm_length"": ""580"", ""dm_status"": null, ""dm_gate_no"": null, ""dm_gate_sz"": null, ""dm_flod_des"": null, ""dm_gt_ungtd"": null, ""dm_mod_oper"": null, ""dm_ses_zone"": ""Seismic Zone-II"", ""dm_spil_cap"": 59.0, ""dm_spil_lev"": null, ""dm_gate_type"": null, ""dm_sluice_sz"": null, ""dm_spil_leng"": null, ""dm_spil_type"": null, ""dm_cn_gate_no"": null, ""dm_ener_dissp"": null, ""dm_inst_inter"": null, ""dm_perliament"": null, ""dm_ph_gate_no"": null, ""dm_instru_embed"": null, ""dm_oper_main_age"": ""Andhra Pradesh Water Resources Department"", ""dm_sluice_purpose"": null, ""dm_inst_inter_ager"": null, ""dm_no_river_sluice"": null}}",2026-08-29T14:45:46.967391+00:00,2026-08-29T14:45:46.967391+00:00,0
171,AP_DAM_WRIS_AP01LH0113,"Rallakalva, Kaliyambaka",dam,TE,Chittoor,Andhra Pradesh Water Resources Department,UNKNOWN,CANDIDATE,,,,,103,0.8,False,2026-08-29T14:45:46.967391+00:00,2026-08-29T14:45:46.967391+00:00,,,,,NO_REAL_STRUCTURAL_LABEL,1,"Rallakalva, Kaliyambaka",dam,ap_dam_barrage_state_v1,"{""origin"": ""GOVERNMENT_DERIVED_MIRROR"", ""nrld_no"": ""AP01LH0113"", ""dam_type"": ""TE"", ""age_years"": null, ""gate_type"": null, ""built_year"": null, ""gate_count"": null, ""river_name"": ""Rallakalva"", ""dam_height_m"": 10.0, ""dam_length_m"": 1515.0, ""quality_flag"": ""SOURCE_PRESERVED"", ""seismic_zone"": ""Seismic Zone-II"", ""spillway_type"": null, ""structure_code"": ""D07089"", ""authority_level"": ""B2"", ""completion_year"": null, ""registry_status"": null, ""spillway_level_m"": null, ""commencement_year"": null, ""spillway_length_m"": null, ""dam_volume_source_value"": 81.1, ""engineering_completeness"": 0.6, ""design_flood_source_value"": null, ""engineering_fields_available"": 6.0, ""engineering_source_confidence"": 0.8, ""spillway_capacity_source_value"": 73.0}",{},False,2026-09-03T04:52:14.819262+00:00,0,1,"Rallakalva, Kaliyambaka",dam,1,103,155,,,10.0,1515.0,81.1,,,,,73.0,,,,Rallakalva,TE,Seismic Zone-II,,AP01LH0113,D07089,Chittoor,Andhra Pradesh Water Resources Department,,6,0.6,False,B2,GOVERNMENT_DERIVED_MIRROR,SOURCE_PRESERVED,0.8,2026-09-03T04:45:38.976858+00:00,1,1,103,ASSET_REGISTRY,wris_registry_record,,"Rallakalva, Kaliyambaka",,,,,,B2,GOVERNMENT_DERIVED_MIRROR,SOURCE_PRESERVED,0.8,False,False,False,AP state filter + external ID + spatial/name resolution,"{""geometry"": {""type"": ""Point"", ""coordinates"": [79.73638889, 13.32166667]}, ""properties"": {""class"": null, ""state"": ""AP"", ""bacode"": ""17"", ""dtcode"": ""Chittoor"", ""dam_vol"": ""81.1"", ""dm_name"": ""Rallakalva, Kaliyambaka"", ""dm_type"": ""TE"", ""nrld_no"": ""AP01LH0113"", ""rivcode"": ""Rallakalva"", ""dm_ncity"": ""Chittoor"", ""objectid"": 12581, ""strucode"": ""D07089"", ""dm_cmn_yr"": null, ""dm_cmp_yr"": null, ""dm_coment"": null, ""dm_height"": ""10"", ""dm_length"": ""1515"", ""dm_status"": null, ""dm_gate_no"": null, ""dm_gate_sz"": null, ""dm_flod_des"": null, ""dm_gt_ungtd"": null, ""dm_mod_oper"": null, ""dm_ses_zone"": ""Seismic Zone-II"", ""dm_spil_cap"": 73.0, ""dm_spil_lev"": null, ""dm_gate_type"": null, ""dm_sluice_sz"": null, ""dm_spil_leng"": null, ""dm_spil_type"": null, ""dm_cn_gate_no"": null, ""dm_ener_dissp"": null, ""dm_inst_inter"": null, ""dm_perliament"": null, ""dm_ph_gate_no"": null, ""dm_instru_embed"": null, ""dm_oper_main_age"": ""Andhra Pradesh Water Resources Department"", ""dm_sluice_purpose"": null, ""dm_inst_inter_ager"": null, ""dm_no_river_sluice"": null}}",2026-08-29T14:45:46.967391+00:00,2026-08-29T14:45:46.967391+00:00,0
172,AP_DAM_WRIS_AP01MH0114,"Rao Cheruvu,  Rajupalem",dam,TE,YSR,Andhra Pradesh Water Resources Department,UNKNOWN,CANDIDATE,,,,,103,0.8,False,2026-08-29T14:45:46.967391+00:00,2026-08-29T14:45:46.967391+00:00,,,,,NO_REAL_STRUCTURAL_LABEL,1,"Rao Cheruvu,  Rajupalem",dam,ap_dam_barrage_state_v1,"{""origin"": ""GOVERNMENT_DERIVED_MIRROR"", ""nrld_no"": ""AP01MH0114"", ""dam_type"": ""TE"", ""age_years"": null, ""gate_type"": null, ""built_year"": null, ""gate_count"": null, ""river_name"": ""Sagileru"", ""dam_height_m"": 16.0, ""dam_length_m"": 460.0, ""quality_flag"": ""SOURCE_PRESERVED"", ""seismic_zone"": ""Seismic Zone-II"", ""spillway_type"": null, ""structure_code"": ""D07100"", ""authority_level"": ""B2"", ""completion_year"": null, ""registry_status"": null, ""spillway_level_m"": null, ""commencement_year"": null, ""spillway_length_m"": null, ""dam_volume_source_value"": null, ""engineering_completeness"": 0.6, ""design_flood_source_value"": null, ""engineering_fields_available"": 6.0, ""engineering_source_confidence"": 0.8, ""spillway_capacity_source_value"": 113.83}",{},False,2026-09-03T04:52:14.819262+00:00,0,1,"Rao Cheruvu,  Rajupalem",dam,1,103,156,,,16.0,460.0,,,,,,113.83,,,,Sagileru,TE,Seismic Zone-II,,AP01MH0114,D07100,Badvel,Andhra Pradesh Water Resources Department,,6,0.6,False,B2,GOVERNMENT_DERIVED_MIRROR,SOURCE_PRESERVED,0.8,2026-09-03T04:45:38.976858+00:00,1,1,103,ASSET_REGISTRY,wris_registry_record,,"Rao Cheruvu,  Rajupalem",,,,,,B2,GOVERNMENT_DERIVED_MIRROR,SOURCE_PRESERVED,0.8,False,False,False,AP state filter + external ID + spatial/name resolution,"{""geometry"": {""type"": ""Point"", ""coordinates"": [78.94194444, 15.15972222]}, ""properties"": {""class"": null, ""state"": ""AP"", ""bacode"": ""09"", ""dtcode"": ""YSR"", ""dam_vol"": """", ""dm_name"": ""Rao Cheruvu,  Rajupalem"", ""dm_type"": ""TE"", ""nrld_no"": ""AP01MH0114"", ""rivcode"": ""Sagileru"", ""dm_ncity"": ""Badvel"", ""objectid"": 12582, ""strucode"": ""D07100"", ""dm_cmn_yr"": null, ""dm_cmp_yr"": null, ""dm_coment"": null, ""dm_height"": ""16"", ""dm_length"": ""460"", ""dm_status"": null, ""dm_gate_no"": null, ""dm_gate_sz"": null, ""dm_flod_des"": null, ""dm_gt_ungtd"": null, ""dm_mod_oper"": null, ""dm_ses_zone"": ""Seismic Zone-II"", ""dm_spil_cap"": 113.83, ""dm_spil_lev"": null, ""dm_gate_type"": null, ""dm_sluice_sz"": null, ""dm_spil_leng"": null, ""dm_spil_type"": null, ""dm_cn_gate_no"": null, ""dm_ener_dissp"": null, ""dm_inst_inter"": null, ""dm_perliament"": null, ""dm_ph_gate_no"": null, ""dm_instru_embed"": null, ""dm_oper_main_age"": ""Andhra Pradesh Water Resources Department"", ""dm_sluice_purpose"": null, ""dm_inst_inter_ager"": null, ""dm_no_river_sluice"": null}}",2026-08-29T14:45:46.967391+00:00,2026-08-29T14:45:46.967391+00:00,0
173,AP_DAM_WRIS_AP01LH0119,Swamy Tank,dam,TE,Sri Potti Sriramulu Nellore,Andhra Pradesh Water Resources Department,UNKNOWN,CANDIDATE,,,,,103,0.8,False,2026-08-29T14:45:46.967391+00:00,2026-08-29T14:45:46.967391+00:00,,,,,NO_REAL_STRUCTURAL_LABEL,1,Swamy Tank,dam,ap_dam_barrage_state_v1,"{""origin"": ""GOVERNMENT_DERIVED_MIRROR"", ""nrld_no"": ""AP01LH0119"", ""dam_type"": ""TE"", ""age_years"": null, ""gate_type"": null, ""built_year"": null, ""gate_count"": null, ""river_name"": ""pennar"", ""dam_height_m"": 11.58, ""dam_length_m"": 375.0, ""quality_flag"": ""SOURCE_PRESERVED"", ""seismic_zone"": ""Seismic Zone-II"", ""spillway_type"": null, ""structure_code"": ""D07220"", ""authority_level"": ""B2"", ""completion_year"": null, ""registry_status"": null, ""spillway_level_m"": null, ""commencement_year"": null, ""spillway_length_m"": null, ""dam_volume_source_value"": null, ""engineering_completeness"": 0.6, ""design_flood_source_value"": null, ""engineering_fields_available"": 6.0, ""engineering_source_confidence"": 0.8, ""spillway_capacity_source_value"": 56.35}",{},False,2026-09-03T04:52:14.819262+00:00,0,1,Swamy Tank,dam,1,103,157,,,11.58,375.0,,,,,,56.35,,,,pennar,TE,Seismic Zone-II,,AP01LH0119,D07220,S.R.Pur,Andhra Pradesh Water Resources Department,,6,0.6,False,B2,GOVERNMENT_DERIVED_MIRROR,SOURCE_PRESERVED,0.8,2026-09-03T04:45:38.976858+00:00,1,1,103,ASSET_REGISTRY,wris_registry_record,,Swamy Tank,,,,,,B2,GOVERNMENT_DERIVED_MIRROR,SOURCE_PRESERVED,0.8,False,False,False,AP state filter + external ID + spatial/name resolution,"{""geometry"": {""type"": ""Point"", ""coordinates"": [79.12027778, 14.99361111]}, ""properties"": {""class"": null, ""state"": ""AP"", ""bacode"": ""16"", ""dtcode"": ""Sri Potti Sriramulu Nellore"", ""dam_vol"": """", ""dm_name"": ""Swamy Tank"", ""dm_type"": ""TE"", ""nrld_no"": ""AP01LH0119"", ""rivcode"": ""pennar"", ""dm_ncity"": ""S.R.Pur"", ""objectid"": 12583, ""strucode"": ""D07220"", ""dm_cmn_yr"": null, ""dm_cmp_yr"": null, ""dm_coment"": null, ""dm_height"": ""11.58"", ""dm_length"": ""375"", ""dm_status"": null, ""dm_gate_no"": null, ""dm_gate_sz"": null, ""dm_flod_des"": null, ""dm_gt_ungtd"": null, ""dm_mod_oper"": null, ""dm_ses_zone"": ""Seismic Zone-II"", ""dm_spil_cap"": 56.35, ""dm_spil_lev"": null, ""dm_gate_type"": null, ""dm_sluice_sz"": null, ""dm_spil_leng"": null, ""dm_spil_type"": null, ""dm_cn_gate_no"": null, ""dm_ener_dissp"": null, ""dm_inst_inter"": null, ""dm_perliament"": null, ""dm_ph_gate_no"": null, ""dm_instru_embed"": null, ""dm_oper_main_age"": ""Andhra Pradesh Water Resources Department"", ""dm_sluice_purpose"": null, ""dm_inst_inter_ager"": null, ""dm_no_river_sluice"": null}}",2026-08-29T14:45:46.967391+00:00,2026-08-29T14:45:46.967391+00:00,0
174,AP_DAM_WRIS_AP01LH0122,"Ura Tank, S.R. Puram",dam,TE,Sri Potti Sriramulu Nellore,Andhra Pradesh Water Resources Department,UNKNOWN,CANDIDATE,,,,,103,0.8,False,2026-08-29T14:45:46.967391+00:00,2026-08-29T14:45:46.967391+00:00,,,,,NO_REAL_STRUCTURAL_LABEL,1,"Ura Tank, S.R. Puram",dam,ap_dam_barrage_state_v1,"{""origin"": ""GOVERNMENT_DERIVED_MIRROR"", ""nrld_no"": ""AP01LH0122"", ""dam_type"": ""TE"", ""age_years"": null, ""gate_type"": null, ""built_year"": null, ""gate_count"": null, ""river_name"": ""pennar"", ""dam_height_m"": 13.86, ""dam_length_m"": 869.0, ""quality_flag"": ""SOURCE_PRESERVED"", ""seismic_zone"": ""Seismic Zone-II"", ""spillway_type"": null, ""structure_code"": ""D07262"", ""authority_level"": ""B2"", ""completion_year"": null, ""registry_status"": null, ""spillway_level_m"": null, ""commencement_year"": null, ""spillway_length_m"": null, ""dam_volume_source_value"": null, ""engineering_completeness"": 0.6, ""design_flood_source_value"": null, ""engineering_fields_available"": 6.0, ""engineering_source_confidence"": 0.8, ""spillway_capacity_source_value"": 283.0}",{},False,2026-09-03T04:52:14.819262+00:00,0,1,"Ura Tank, S.R. Puram",dam,1,103,158,,,13.86,869.0,,,,,,283.0,,,,pennar,TE,Seismic Zone-II,,AP01LH0122,D07262,S.R.Pur,Andhra Pradesh Water Resources Department,,6,0.6,False,B2,GOVERNMENT_DERIVED_MIRROR,SOURCE_PRESERVED,0.8,2026-09-03T04:45:38.976858+00:00,1,1,103,ASSET_REGISTRY,wris_registry_record,,"Ura Tank, S.R. Puram",,,,,,B2,GOVERNMENT_DERIVED_MIRROR,SOURCE_PRESERVED,0.8,False,False,False,AP state filter + external ID + spatial/name resolution,"{""geometry"": {""type"": ""Point"", ""coordinates"": [79.15, 15.00833333]}, ""properties"": {""class"": null, ""state"": ""AP"", ""bacode"": ""16"", ""dtcode"": ""Sri Potti Sriramulu Nellore"", ""dam_vol"": """", ""dm_name"": ""Ura Tank, S.R. Puram"", ""dm_type"": ""TE"", ""nrld_no"": ""AP01LH0122"", ""rivcode"": ""pennar"", ""dm_ncity"": ""S.R.Pur"", ""objectid"": 12584, ""strucode"": ""D07262"", ""dm_cmn_yr"": null, ""dm_cmp_yr"": null, ""dm_coment"": null, ""dm_height"": ""13.86"", ""dm_length"": ""869"", ""dm_status"": null, ""dm_gate_no"": null, ""dm_gate_sz"": null, ""dm_flod_des"": null, ""dm_gt_ungtd"": null, ""dm_mod_oper"": null, ""dm_ses_zone"": ""Seismic Zone-II"", ""dm_spil_cap"": 283.0, ""dm_spil_lev"": null, ""dm_gate_type"": null, ""dm_sluice_sz"": null, ""dm_spil_leng"": null, ""dm_spil_type"": null, ""dm_cn_gate_no"": null, ""dm_ener_dissp"": null, ""dm_inst_inter"": null, ""dm_perliament"": null, ""dm_ph_gate_no"": null, ""dm_instru_embed"": null, ""dm_oper_main_age"": ""Andhra Pradesh Water Resources Department"", ""dm_sluice_purpose"": null, ""dm_inst_inter_ager"": null, ""dm_no_river_sluice"": null}}",2026-08-29T14:45:46.967391+00:00,2026-08-29T14:45:46.967391+00:00,0
175,AP_DAM_WRIS_AP01LH0123,Virupana  Tank,dam,TE,Anantapur,Andhra Pradesh Water Resources Department,UNKNOWN,CANDIDATE,,,,,103,0.8,False,2026-08-29T14:45:46.967391+00:00,2026-08-29T14:45:46.967391+00:00,,,,,NO_REAL_STRUCTURAL_LABEL,1,Virupana  Tank,dam,ap_dam_barrage_state_v1,"{""origin"": ""GOVERNMENT_DERIVED_MIRROR"", ""nrld_no"": ""AP01LH0123"", ""dam_type"": ""TE"", ""age_years"": null, ""gate_type"": null, ""built_year"": null, ""gate_count"": null, ""river_name"": ""ghatprabha"", ""dam_height_m"": 12.0, ""dam_length_m"": 589.0, ""quality_flag"": ""SOURCE_PRESERVED"", ""seismic_zone"": ""Seismic Zone-II"", ""spillway_type"": null, ""structure_code"": ""D07280"", ""authority_level"": ""B2"", ""completion_year"": null, ""registry_status"": null, ""spillway_level_m"": null, ""commencement_year"": null, ""spillway_length_m"": null, ""dam_volume_source_value"": null, ""engineering_completeness"": 0.6, ""design_flood_source_value"": null, ""engineering_fields_available"": 6.0, ""engineering_source_confidence"": 0.8, ""spillway_capacity_source_value"": 6.68}",{},False,2026-09-03T04:52:14.819262+00:00,0,1,Virupana  Tank,dam,1,103,159,,,12.0,589.0,,,,,,6.68,,,,ghatprabha,TE,Seismic Zone-II,,AP01LH0123,D07280,Sambalpur,Andhra Pradesh Water Resources Department,,6,0.6,False,B2,GOVERNMENT_DERIVED_MIRROR,SOURCE_PRESERVED,0.8,2026-09-03T04:45:38.976858+00:00,1,1,103,ASSET_REGISTRY,wris_registry_record,,Virupana  Tank,,,,,,B2,GOVERNMENT_DERIVED_MIRROR,SOURCE_PRESERVED,0.8,False,False,False,AP state filter + external ID + spatial/name resolution,"{""geometry"": {""type"": ""Point"", ""coordinates"": [77.8, 14.25]}, ""properties"": {""class"": null, ""state"": ""AP"", ""bacode"": ""09"", ""dtcode"": ""Anantapur"", ""dam_vol"": """", ""dm_name"": ""Virupana  Tank"", ""dm_type"": ""TE"", ""nrld_no"": ""AP01LH0123"", ""rivcode"": ""ghatprabha"", ""dm_ncity"": ""Sambalpur"", ""objectid"": 12585, ""strucode"": ""D07280"", ""dm_cmn_yr"": null, ""dm_cmp_yr"": null, ""dm_coment"": null, ""dm_height"": ""12"", ""dm_length"": ""589"", ""dm_status"": null, ""dm_gate_no"": null, ""dm_gate_sz"": null, ""dm_flod_des"": null, ""dm_gt_ungtd"": null, ""dm_mod_oper"": null, ""dm_ses_zone"": ""Seismic Zone-II"", ""dm_spil_cap"": 6.68, ""dm_spil_lev"": null, ""dm_gate_type"": null, ""dm_sluice_sz"": null, ""dm_spil_leng"": null, ""dm_spil_type"": null, ""dm_cn_gate_no"": null, ""dm_ener_dissp"": null, ""dm_inst_inter"": null, ""dm_perliament"": null, ""dm_ph_gate_no"": null, ""dm_instru_embed"": null, ""dm_oper_main_age"": ""Andhra Pradesh Water Resources Department"", ""dm_sluice_purpose"": null, ""dm_inst_inter_ager"": null, ""dm_no_river_sluice"": null}}",2026-08-29T14:45:46.967391+00:00,2026-08-29T14:45:46.967391+00:00,0
176,AP_DAM_WRIS_AP01MH0152,"N.T.R. T.G.P-Subsidiary
Reservoir  No 2",dam,TE,YSR,Andhra Pradesh Water Resources Department,UNKNOWN,CANDIDATE,,,,,103,0.8,False,2026-08-29T14:45:46.967391+00:00,2026-08-29T14:45:46.967391+00:00,,,,,NO_REAL_STRUCTURAL_LABEL,1,"N.T.R. T.G.P-Subsidiary
Reservoir  No 2",dam,ap_dam_barrage_state_v1,"{""origin"": ""GOVERNMENT_DERIVED_MIRROR"", ""nrld_no"": ""AP01MH0152"", ""dam_type"": ""TE"", ""age_years"": null, ""gate_type"": null, ""built_year"": null, ""gate_count"": null, ""river_name"": ""Vakkileru  N"", ""dam_height_m"": 18.0, ""dam_length_m"": null, ""quality_flag"": ""SOURCE_PRESERVED"", ""seismic_zone"": ""Seismic Zone-II"", ""spillway_type"": null, ""structure_code"": ""D06963"", ""authority_level"": ""B2"", ""completion_year"": null, ""registry_status"": null, ""spillway_level_m"": null, ""commencement_year"": null, ""spillway_length_m"": null, ""dam_volume_source_value"": null, ""engineering_completeness"": 0.4, ""design_flood_source_value"": null, ""engineering_fields_available"": 4.0, ""engineering_source_confidence"": 0.8, ""spillway_capacity_source_value"": null}",{},False,2026-09-03T04:52:14.819262+00:00,0,1,"N.T.R. T.G.P-Subsidiary
Reservoir  No 2",dam,1,103,160,,,18.0,,,,,,,,,,,Vakkileru  N,TE,Seismic Zone-II,,AP01MH0152,D06963,Cuddapah,Andhra Pradesh Water Resources Department,,4,0.4,False,B2,GOVERNMENT_DERIVED_MIRROR,SOURCE_PRESERVED,0.8,2026-09-03T04:45:38.976858+00:00,1,1,103,ASSET_REGISTRY,wris_registry_record,,"N.T.R. T.G.P-Subsidiary
Reservoir  No 2",,,,,,B2,GOVERNMENT_DERIVED_MIRROR,SOURCE_PRESERVED,0.8,False,False,False,AP state filter + external ID + spatial/name resolution,"{""geometry"": {""type"": ""Point"", ""coordinates"": [78.79861111, 14.79027778]}, ""properties"": {""class"": null, ""state"": ""AP"", ""bacode"": ""09"", ""dtcode"": ""YSR"", ""dam_vol"": """", ""dm_name"": ""N.T.R. T.G.P-Subsidiary\nReservoir  No 2"", ""dm_type"": ""TE"", ""nrld_no"": ""AP01MH0152"", ""rivcode"": ""Vakkileru  N"", ""dm_ncity"": ""Cuddapah"", ""objectid"": 12586, ""strucode"": ""D06963"", ""dm_cmn_yr"": null, ""dm_cmp_yr"": null, ""dm_coment"": null, ""dm_height"": ""18"", ""dm_length"": null, ""dm_status"": null, ""dm_gate_no"": null, ""dm_gate_sz"": null, ""dm_flod_des"": null, ""dm_gt_ungtd"": null, ""dm_mod_oper"": null, ""dm_ses_zone"": ""Seismic Zone-II"", ""dm_spil_cap"": null, ""dm_spil_lev"": null, ""dm_gate_type"": null, ""dm_sluice_sz"": null, ""dm_spil_leng"": null, ""dm_spil_type"": null, ""dm_cn_gate_no"": null, ""dm_ener_dissp"": null, ""dm_inst_inter"": null, ""dm_perliament"": null, ""dm_ph_gate_no"": null, ""dm_instru_embed"": null, ""dm_oper_main_age"": ""Andhra Pradesh Water Resources Department"", ""dm_sluice_purpose"": null, ""dm_inst_inter_ager"": null, ""dm_no_river_sluice"": null}}",2026-08-29T14:45:46.967391+00:00,2026-08-29T14:45:46.967391+00:00,0
177,AP_DAM_WRIS_AP01HH0159,"Ps Velegonda Project Kakarla
Dam",dam,TE,Prakasam,Andhra Pradesh Water Resources Department,UNKNOWN,CANDIDATE,2014,,,,103,0.8,False,2026-08-29T14:45:46.967391+00:00,2026-08-29T14:45:46.967391+00:00,,,,,NO_REAL_STRUCTURAL_LABEL,1,"Ps Velegonda Project Kakarla
Dam",dam,ap_dam_barrage_state_v1,"{""origin"": ""GOVERNMENT_DERIVED_MIRROR"", ""nrld_no"": ""AP01HH0159"", ""dam_type"": ""TE"", ""age_years"": 12.0, ""gate_type"": null, ""built_year"": 2014.0, ""gate_count"": null, ""river_name"": ""krishna"", ""dam_height_m"": 60.0, ""dam_length_m"": 470.0, ""quality_flag"": ""SOURCE_PRESERVED"", ""seismic_zone"": ""Seismic Zone-II"", ""spillway_type"": null, ""structure_code"": ""D07079"", ""authority_level"": ""B2"", ""completion_year"": 2014.0, ""registry_status"": null, ""spillway_level_m"": null, ""commencement_year"": null, ""spillway_length_m"": null, ""dam_volume_source_value"": 210.0, ""engineering_completeness"": 0.7, ""design_flood_source_value"": null, ""engineering_fields_available"": 7.0, ""engineering_source_confidence"": 0.8, ""spillway_capacity_source_value"": 52.29}",{},False,2026-09-03T04:52:14.819262+00:00,0,1,"Ps Velegonda Project Kakarla
Dam",dam,1,103,161,2014,,60.0,470.0,210.0,,,,,52.29,,,,krishna,TE,Seismic Zone-II,,AP01HH0159,D07079,Marakapur,Andhra Pradesh Water Resources Department,12.0,7,0.7,False,B2,GOVERNMENT_DERIVED_MIRROR,SOURCE_PRESERVED,0.8,2026-09-03T04:45:38.976858+00:00,1,1,103,ASSET_REGISTRY,wris_registry_record,,"Ps Velegonda Project Kakarla
Dam",,,,,,B2,GOVERNMENT_DERIVED_MIRROR,SOURCE_PRESERVED,0.8,False,False,False,AP state filter + external ID + spatial/name resolution,"{""geometry"": {""type"": ""Point"", ""coordinates"": [79.17944444, 15.65833333]}, ""properties"": {""class"": null, ""state"": ""AP"", ""bacode"": ""16"", ""dtcode"": ""Prakasam"", ""dam_vol"": ""210"", ""dm_name"": ""Ps Velegonda Project Kakarla\nDam"", ""dm_type"": ""TE"", ""nrld_no"": ""AP01HH0159"", ""rivcode"": ""krishna"", ""dm_ncity"": ""Marakapur"", ""objectid"": 12587, ""strucode"": ""D07079"", ""dm_cmn_yr"": null, ""dm_cmp_yr"": ""2014"", ""dm_coment"": null, ""dm_height"": ""60"", ""dm_length"": ""470"", ""dm_status"": null, ""dm_gate_no"": null, ""dm_gate_sz"": null, ""dm_flod_des"": null, ""dm_gt_ungtd"": null, ""dm_mod_oper"": null, ""dm_ses_zone"": ""Seismic Zone-II"", ""dm_spil_cap"": 52.29, ""dm_spil_lev"": null, ""dm_gate_type"": null, ""dm_sluice_sz"": null, ""dm_spil_leng"": null, ""dm_spil_type"": null, ""dm_cn_gate_no"": null, ""dm_ener_dissp"": null, ""dm_inst_inter"": null, ""dm_perliament"": null, ""dm_ph_gate_no"": null, ""dm_instru_embed"": null, ""dm_oper_main_age"": ""Andhra Pradesh Water Resources Department"", ""dm_sluice_purpose"": null, ""dm_inst_inter_ager"": null, ""dm_no_river_sluice"": null}}",2026-08-29T14:45:46.967391+00:00,2026-08-29T14:45:46.967391+00:00,0
178,AP_DAM_WRIS_AP01MH0166,"Surempalem Reservoir
Project",dam,TE,East Godavari,Andhra Pradesh Water Resources Department,UNKNOWN,CANDIDATE,2006,,,,103,0.8,False,2026-08-29T14:45:46.967391+00:00,2026-08-29T14:45:46.967391+00:00,,,,,NO_REAL_STRUCTURAL_LABEL,1,"Surempalem Reservoir
Project",dam,ap_dam_barrage_state_v1,"{""origin"": ""GOVERNMENT_DERIVED_MIRROR"", ""nrld_no"": ""AP01MH0166"", ""dam_type"": ""TE"", ""age_years"": 20.0, ""gate_type"": null, ""built_year"": 2006.0, ""gate_count"": null, ""river_name"": ""Burada kalva"", ""dam_height_m"": 27.6, ""dam_length_m"": 800.0, ""quality_flag"": ""SOURCE_PRESERVED"", ""seismic_zone"": ""Seismic Zone-II"", ""spillway_type"": null, ""structure_code"": ""D07212"", ""authority_level"": ""B2"", ""completion_year"": 2006.0, ""registry_status"": null, ""spillway_level_m"": null, ""commencement_year"": null, ""spillway_length_m"": null, ""dam_volume_source_value"": 0.3136, ""engineering_completeness"": 0.7, ""design_flood_source_value"": null, ""engineering_fields_available"": 7.0, ""engineering_source_confidence"": 0.8, ""spillway_capacity_source_value"": 52.29}",{},False,2026-09-03T04:52:14.819262+00:00,0,1,"Surempalem Reservoir
Project",dam,1,103,162,2006,,27.6,800.0,0.3136,,,,,52.29,,,,Burada kalva,TE,Seismic Zone-II,,AP01MH0166,D07212,Gokavaram,Andhra Pradesh Water Resources Department,20.0,7,0.7,False,B2,GOVERNMENT_DERIVED_MIRROR,SOURCE_PRESERVED,0.8,2026-09-03T04:45:38.976858+00:00,1,1,103,ASSET_REGISTRY,wris_registry_record,,"Surempalem Reservoir
Project",,,,,,B2,GOVERNMENT_DERIVED_MIRROR,SOURCE_PRESERVED,0.8,False,False,False,AP state filter + external ID + spatial/name resolution,"{""geometry"": {""type"": ""Point"", ""coordinates"": [81.90472222, 17.50611111]}, ""properties"": {""class"": null, ""state"": ""AP"", ""bacode"": ""16"", ""dtcode"": ""East Godavari"", ""dam_vol"": ""0.3136"", ""dm_name"": ""Surempalem Reservoir\nProject"", ""dm_type"": ""TE"", ""nrld_no"": ""AP01MH0166"", ""rivcode"": ""Burada kalva"", ""dm_ncity"": ""Gokavaram"", ""objectid"": 12588, ""strucode"": ""D07212"", ""dm_cmn_yr"": null, ""dm_cmp_yr"": ""2006"", ""dm_coment"": null, ""dm_height"": ""27.6"", ""dm_length"": ""800"", ""dm_status"": null, ""dm_gate_no"": null, ""dm_gate_sz"": null, ""dm_flod_des"": null, ""dm_gt_ungtd"": null, ""dm_mod_oper"": null, ""dm_ses_zone"": ""Seismic Zone-II"", ""dm_spil_cap"": 52.29, ""dm_spil_lev"": null, ""dm_gate_type"": null, ""dm_sluice_sz"": null, ""dm_spil_leng"": null, ""dm_spil_type"": null, ""dm_cn_gate_no"": null, ""dm_ener_dissp"": null, ""dm_inst_inter"": null, ""dm_perliament"": null, ""dm_ph_gate_no"": null, ""dm_instru_embed"": null, ""dm_oper_main_age"": ""Andhra Pradesh Water Resources Department"", ""dm_sluice_purpose"": null, ""dm_inst_inter_ager"": null, ""dm_no_river_sluice"": null}}",2026-08-29T14:45:46.967391+00:00,2026-08-29T14:45:46.967391+00:00,0
179,AP_DAM_WRIS_AP01MH0167,Gogarbham Dam,dam,TE,Chittoor,Andhra Pradesh Water Resources Department,UNKNOWN,CANDIDATE,1963,,,,103,0.8,False,2026-08-29T14:45:46.967391+00:00,2026-08-29T14:45:46.967391+00:00,,,,,NO_REAL_STRUCTURAL_LABEL,1,Gogarbham Dam,dam,ap_dam_barrage_state_v1,"{""origin"": ""GOVERNMENT_DERIVED_MIRROR"", ""nrld_no"": ""AP01MH0167"", ""dam_type"": ""TE"", ""age_years"": 63.0, ""gate_type"": null, ""built_year"": 1963.0, ""gate_count"": null, ""river_name"": ""Local"", ""dam_height_m"": 24.3, ""dam_length_m"": 54.0, ""quality_flag"": ""SOURCE_PRESERVED"", ""seismic_zone"": ""Seismic Zone-II"", ""spillway_type"": null, ""structure_code"": ""D06688"", ""authority_level"": ""B2"", ""completion_year"": 1963.0, ""registry_status"": null, ""spillway_level_m"": null, ""commencement_year"": null, ""spillway_length_m"": null, ""dam_volume_source_value"": null, ""engineering_completeness"": 0.6, ""design_flood_source_value"": null, ""engineering_fields_available"": 6.0, ""engineering_source_confidence"": 0.8, ""spillway_capacity_source_value"": null}",{},False,2026-09-03T04:52:14.819262+00:00,0,1,Gogarbham Dam,dam,1,103,163,1963,,24.3,54.0,,,,,,,,,,Local,TE,Seismic Zone-II,,AP01MH0167,D06688,Tirupati,Andhra Pradesh Water Resources Department,63.0,6,0.6,False,B2,GOVERNMENT_DERIVED_MIRROR,SOURCE_PRESERVED,0.8,2026-09-03T04:45:38.976858+00:00,1,1,103,ASSET_REGISTRY,wris_registry_record,,Gogarbham Dam,,,,,,B2,GOVERNMENT_DERIVED_MIRROR,SOURCE_PRESERVED,0.8,False,False,False,AP state filter + external ID + spatial/name resolution,"{""geometry"": {""type"": ""Point"", ""coordinates"": [79.353559, 13.690976]}, ""properties"": {""class"": null, ""state"": ""AP"", ""bacode"": ""17"", ""dtcode"": ""Chittoor"", ""dam_vol"": """", ""dm_name"": ""Gogarbham Dam"", ""dm_type"": ""TE"", ""nrld_no"": ""AP01MH0167"", ""rivcode"": ""Local"", ""dm_ncity"": ""Tirupati"", ""objectid"": 12589, ""strucode"": ""D06688"", ""dm_cmn_yr"": null, ""dm_cmp_yr"": ""1963"", ""dm_coment"": null, ""dm_height"": ""24.3"", ""dm_length"": ""54"", ""dm_status"": null, ""dm_gate_no"": null, ""dm_gate_sz"": null, ""dm_flod_des"": null, ""dm_gt_ungtd"": null, ""dm_mod_oper"": null, ""dm_ses_zone"": ""Seismic Zone-II"", ""dm_spil_cap"": null, ""dm_spil_lev"": null, ""dm_gate_type"": null, ""dm_sluice_sz"": null, ""dm_spil_leng"": null, ""dm_spil_type"": null, ""dm_cn_gate_no"": null, ""dm_ener_dissp"": null, ""dm_inst_inter"": null, ""dm_perliament"": null, ""dm_ph_gate_no"": null, ""dm_instru_embed"": null, ""dm_oper_main_age"": ""Andhra Pradesh Water Resources Department"", ""dm_sluice_purpose"": null, ""dm_inst_inter_ager"": null, ""dm_no_river_sluice"": null}}",2026-08-29T14:45:46.967391+00:00,2026-08-29T14:45:46.967391+00:00,0
180,AP_DAM_WRIS_AP01MH0168,Akasaganga,dam,TE,Chittoor,Andhra Pradesh Water Resources Department,UNKNOWN,CANDIDATE,2002,,,,103,0.8,False,2026-08-29T14:45:46.967391+00:00,2026-08-29T14:45:46.967391+00:00,,,,,NO_REAL_STRUCTURAL_LABEL,1,Akasaganga,dam,ap_dam_barrage_state_v1,"{""origin"": ""GOVERNMENT_DERIVED_MIRROR"", ""nrld_no"": ""AP01MH0168"", ""dam_type"": ""TE"", ""age_years"": 24.0, ""gate_type"": null, ""built_year"": 2002.0, ""gate_count"": null, ""river_name"": ""Local"", ""dam_height_m"": 28.0, ""dam_length_m"": 170.0, ""quality_flag"": ""SOURCE_PRESERVED"", ""seismic_zone"": ""Seismic Zone-II"", ""spillway_type"": null, ""structure_code"": ""D06420"", ""authority_level"": ""B2"", ""completion_year"": 2002.0, ""registry_status"": null, ""spillway_level_m"": null, ""commencement_year"": null, ""spillway_length_m"": null, ""dam_volume_source_value"": 0.035, ""engineering_completeness"": 0.7, ""design_flood_source_value"": null, ""engineering_fields_available"": 7.0, ""engineering_source_confidence"": 0.8, ""spillway_capacity_source_value"": 52.29}",{},False,2026-09-03T04:52:14.819262+00:00,0,1,Akasaganga,dam,1,103,164,2002,,28.0,170.0,0.035,,,,,52.29,,,,Local,TE,Seismic Zone-II,,AP01MH0168,D06420,Tirupati,Andhra Pradesh Water Resources Department,24.0,7,0.7,False,B2,GOVERNMENT_DERIVED_MIRROR,SOURCE_PRESERVED,0.8,2026-09-03T04:45:38.976858+00:00,1,1,103,ASSET_REGISTRY,wris_registry_record,,Akasaganga,,,,,,B2,GOVERNMENT_DERIVED_MIRROR,SOURCE_PRESERVED,0.8,False,False,False,AP state filter + external ID + spatial/name resolution,"{""geometry"": {""type"": ""Point"", ""coordinates"": [79.33916667, 13.76833333]}, ""properties"": {""class"": null, ""state"": ""AP"", ""bacode"": ""17"", ""dtcode"": ""Chittoor"", ""dam_vol"": ""0.035"", ""dm_name"": ""Akasaganga"", ""dm_type"": ""TE"", ""nrld_no"": ""AP01MH0168"", ""rivcode"": ""Local"", ""dm_ncity"": ""Tirupati"", ""objectid"": 12590, ""strucode"": ""D06420"", ""dm_cmn_yr"": null, ""dm_cmp_yr"": ""2002"", ""dm_coment"": null, ""dm_height"": ""28"", ""dm_length"": ""170"", ""dm_status"": null, ""dm_gate_no"": null, ""dm_gate_sz"": null, ""dm_flod_des"": null, ""dm_gt_ungtd"": null, ""dm_mod_oper"": null, ""dm_ses_zone"": ""Seismic Zone-II"", ""dm_spil_cap"": 52.29, ""dm_spil_lev"": null, ""dm_gate_type"": null, ""dm_sluice_sz"": null, ""dm_spil_leng"": null, ""dm_spil_type"": null, ""dm_cn_gate_no"": null, ""dm_ener_dissp"": null, ""dm_inst_inter"": null, ""dm_perliament"": null, ""dm_ph_gate_no"": null, ""dm_instru_embed"": null, ""dm_oper_main_age"": ""Andhra Pradesh Water Resources Department"", ""dm_sluice_purpose"": null, ""dm_inst_inter_ager"": null, ""dm_no_river_sluice"": null}}",2026-08-29T14:45:46.967391+00:00,2026-08-29T14:45:46.967391+00:00,0
181,AP_DAM_WRIS_AP01HH0169,"Kumaradhara Pushpadhara
Dam",dam,TE,Chittoor,Andhra Pradesh Water Resources Department,UNKNOWN,CANDIDATE,2011,,,,103,0.8,False,2026-08-29T14:45:46.967391+00:00,2026-08-29T14:45:46.967391+00:00,,,,,NO_REAL_STRUCTURAL_LABEL,1,"Kumaradhara Pushpadhara
Dam",dam,ap_dam_barrage_state_v1,"{""origin"": ""GOVERNMENT_DERIVED_MIRROR"", ""nrld_no"": ""AP01HH0169"", ""dam_type"": ""TE"", ""age_years"": 15.0, ""gate_type"": null, ""built_year"": 2011.0, ""gate_count"": null, ""river_name"": ""Odher"", ""dam_height_m"": 63.74, ""dam_length_m"": 906.3, ""quality_flag"": ""SOURCE_PRESERVED"", ""seismic_zone"": ""Seismic Zone-II"", ""spillway_type"": null, ""structure_code"": ""D06861"", ""authority_level"": ""B2"", ""completion_year"": 2011.0, ""registry_status"": null, ""spillway_level_m"": null, ""commencement_year"": null, ""spillway_length_m"": null, ""dam_volume_source_value"": 0.25, ""engineering_completeness"": 0.7, ""design_flood_source_value"": null, ""engineering_fields_available"": 7.0, ""engineering_source_confidence"": 0.8, ""spillway_capacity_source_value"": 12500.0}",{},False,2026-09-03T04:52:14.819262+00:00,0,1,"Kumaradhara Pushpadhara
Dam",dam,1,103,165,2011,,63.74,906.3,0.25,,,,,12500.0,,,,Odher,TE,Seismic Zone-II,,AP01HH0169,D06861,Tirupati,Andhra Pradesh Water Resources Department,15.0,7,0.7,False,B2,GOVERNMENT_DERIVED_MIRROR,SOURCE_PRESERVED,0.8,2026-09-03T04:45:38.976858+00:00,1,1,103,ASSET_REGISTRY,wris_registry_record,,"Kumaradhara Pushpadhara
Dam",,,,,,B2,GOVERNMENT_DERIVED_MIRROR,SOURCE_PRESERVED,0.8,False,False,False,AP state filter + external ID + spatial/name resolution,"{""geometry"": {""type"": ""Point"", ""coordinates"": [79.325, 13.72861111]}, ""properties"": {""class"": null, ""state"": ""AP"", ""bacode"": ""17"", ""dtcode"": ""Chittoor"", ""dam_vol"": ""0.25"", ""dm_name"": ""Kumaradhara Pushpadhara\nDam"", ""dm_type"": ""TE"", ""nrld_no"": ""AP01HH0169"", ""rivcode"": ""Odher"", ""dm_ncity"": ""Tirupati"", ""objectid"": 12591, ""strucode"": ""D06861"", ""dm_cmn_yr"": null, ""dm_cmp_yr"": ""2011"", ""dm_coment"": null, ""dm_height"": ""63.74"", ""dm_length"": ""906.3"", ""dm_status"": null, ""dm_gate_no"": null, ""dm_gate_sz"": null, ""dm_flod_des"": null, ""dm_gt_ungtd"": null, ""dm_mod_oper"": null, ""dm_ses_zone"": ""Seismic Zone-II"", ""dm_spil_cap"": 12500.0, ""dm_spil_lev"": null, ""dm_gate_type"": null, ""dm_sluice_sz"": null, ""dm_spil_leng"": null, ""dm_spil_type"": null, ""dm_cn_gate_no"": null, ""dm_ener_dissp"": null, ""dm_inst_inter"": null, ""dm_perliament"": null, ""dm_ph_gate_no"": null, ""dm_instru_embed"": null, ""dm_oper_main_age"": ""Andhra Pradesh Water Resources Department"", ""dm_sluice_purpose"": null, ""dm_inst_inter_ager"": null, ""dm_no_river_sluice"": null}}",2026-08-29T14:45:46.967391+00:00,2026-08-29T14:45:46.967391+00:00,0
