id,asset_id,document_id,source_id,evidence_type,field_name,numeric_value,text_value,unit,rating_system,observed_at,valid_from,valid_to,authority_level,origin,quality_flag,confidence_score,is_official,is_derived,is_synthetic,processing_method,extraction_metadata,created_at,updated_at
118,3,1,103,ASSET_REGISTRY,wris_registry_record,,Polavaram Dam,,,,,,B2,GOVERNMENT_DERIVED_MIRROR,SOURCE_PRESERVED,0.8,False,False,False,AP state filter + external ID + spatial/name resolution,"{""geometry"": {""type"": ""Point"", ""coordinates"": [81.67168766, 17.28745269]}, ""properties"": {""class"": ""CLASS 3"", ""state"": ""AP"", ""bacode"": ""03"", ""dtcode"": ""East Godavari"", ""dam_vol"": null, ""dm_name"": ""Polavaram Dam"", ""dm_type"": null, ""nrld_no"": null, ""rivcode"": ""Godavari"", ""dm_ncity"": null, ""objectid"": 4587, ""strucode"": ""D06328"", ""dm_cmn_yr"": null, ""dm_cmp_yr"": null, ""dm_coment"": null, ""dm_height"": null, ""dm_length"": null, ""dm_status"": ""Under Construction"", ""dm_gate_no"": null, ""dm_gate_sz"": null, ""dm_flod_des"": null, ""dm_gt_ungtd"": null, ""dm_mod_oper"": null, ""dm_ses_zone"": ""Seismic Zone-III"", ""dm_spil_cap"": null, ""dm_spil_lev"": null, ""dm_gate_type"": null, ""dm_sluice_sz"": null, ""dm_spil_leng"": null, ""dm_spil_type"": null, ""dm_cn_gate_no"": null, ""dm_ener_dissp"": null, ""dm_inst_inter"": null, ""dm_perliament"": ""Araku"", ""dm_ph_gate_no"": null, ""dm_instru_embed"": null, ""dm_oper_main_age"": ""WRD, Govt of AP"", ""dm_sluice_purpose"": null, ""dm_inst_inter_ager"": null, ""dm_no_river_sluice"": null}}",2026-08-29T14:45:46.967391+00:00,2026-08-29T14:45:46.967391+00:00
176,5,3,100,DAM_SAFETY_GOVERNANCE,emergency_action_plan_status,,PREPARED_AND_SUBMITTED_TO_CWC,,,,,,A1,OBSERVED,OFFICIAL_DOCUMENT,0.95,True,False,False,CWC_DRIP_TC3_EXPLICIT_STATEMENT,{},2026-08-29T16:05:33.687671+00:00,2026-08-29T16:05:33.687671+00:00
48,7,1,103,ASSET_REGISTRY,wris_registry_record,,Upper Pennar Dam,,,,,,B2,GOVERNMENT_DERIVED_MIRROR,SOURCE_PRESERVED,0.8,False,False,False,AP state filter + external ID + spatial/name resolution,"{""geometry"": {""type"": ""Point"", ""coordinates"": [77.35415767, 14.33671722]}, ""properties"": {""class"": ""Class 1"", ""state"": ""AP"", ""bacode"": ""09"", ""dtcode"": ""Anantapur"", ""dam_vol"": ""594"", ""dm_name"": ""Upper Pennar Dam"", ""dm_type"": ""TE"", ""nrld_no"": ""AP01MH0011"", ""rivcode"": ""Pennar"", ""dm_ncity"": ""Dharmavaram"", ""objectid"": 1717, ""strucode"": ""D02365"", ""dm_cmn_yr"": null, ""dm_cmp_yr"": ""1959"", ""dm_coment"": null, ""dm_height"": ""16.74"", ""dm_length"": ""3505"", ""dm_status"": ""Completed"", ""dm_gate_no"": 8, ""dm_gate_sz"": ""12.19 x 4.88"", ""dm_flod_des"": ""3398"", ""dm_gt_ungtd"": null, ""dm_mod_oper"": null, ""dm_ses_zone"": ""Seismic Zone-II"", ""dm_spil_cap"": 3398.0, ""dm_spil_lev"": 526.39, ""dm_gate_type"": ""LG"", ""dm_sluice_sz"": null, ""dm_spil_leng"": null, ""dm_spil_type"": ""OG"", ""dm_cn_gate_no"": null, ""dm_ener_dissp"": null, ""dm_inst_inter"": null, ""dm_perliament"": ""Hindupur"", ""dm_ph_gate_no"": null, ""dm_instru_embed"": null, ""dm_oper_main_age"": ""Irrg.& CAD Dept."", ""dm_sluice_purpose"": null, ""dm_inst_inter_ager"": null, ""dm_no_river_sluice"": null}}",2026-08-29T14:45:46.967391+00:00,2026-08-29T14:45:46.967391+00:00
76,8,1,103,ASSET_REGISTRY,wris_registry_record,,Kalyani Dam,,,,,,B2,GOVERNMENT_DERIVED_MIRROR,SOURCE_PRESERVED,0.8,False,False,False,AP state filter + external ID + spatial/name resolution,"{""geometry"": {""type"": ""Point"", ""coordinates"": [79.26928378, 13.65754768]}, ""properties"": {""class"": ""CLASS 3"", ""state"": ""AP"", ""bacode"": ""17"", ""dtcode"": ""Chittoor"", ""dam_vol"": null, ""dm_name"": ""Kalyani Dam"", ""dm_type"": ""TE + PG"", ""nrld_no"": ""AP01HH0040"", ""rivcode"": ""Kalyani"", ""dm_ncity"": ""Chandragiri"", ""objectid"": 2740, ""strucode"": ""D03636"", ""dm_cmn_yr"": null, ""dm_cmp_yr"": ""1977"", ""dm_coment"": null, ""dm_height"": ""36"", ""dm_length"": ""500"", ""dm_status"": ""Completed"", ""dm_gate_no"": 3, ""dm_gate_sz"": ""12.192 x 7.62"", ""dm_flod_des"": ""1342"", ""dm_gt_ungtd"": null, ""dm_mod_oper"": null, ""dm_ses_zone"": ""Seismic Zone-III"", ""dm_spil_cap"": 1614.0, ""dm_spil_lev"": 266.70080437, ""dm_gate_type"": ""RD"", ""dm_sluice_sz"": null, ""dm_spil_leng"": null, ""dm_spil_type"": null, ""dm_cn_gate_no"": null, ""dm_ener_dissp"": null, ""dm_inst_inter"": null, ""dm_perliament"": ""Tirupati"", ""dm_ph_gate_no"": null, ""dm_instru_embed"": null, ""dm_oper_main_age"": ""TTD"", ""dm_sluice_purpose"": null, ""dm_inst_inter_ager"": null, ""dm_no_river_sluice"": null}}",2026-08-29T14:45:46.967391+00:00,2026-08-29T14:45:46.967391+00:00
27,9,1,103,ASSET_REGISTRY,wris_registry_record,,Pedderu Dam,,,,,,B2,GOVERNMENT_DERIVED_MIRROR,SOURCE_PRESERVED,0.8,False,False,False,AP state filter + external ID + spatial/name resolution,"{""geometry"": {""type"": ""Point"", ""coordinates"": [78.37051646, 13.88436385]}, ""properties"": {""class"": ""Class 2"", ""state"": ""AP"", ""bacode"": ""09"", ""dtcode"": ""Chittoor"", ""dam_vol"": ""122"", ""dm_name"": ""Pedderu Dam"", ""dm_type"": ""TE"", ""nrld_no"": ""AP01HH0049"", ""rivcode"": ""Pedderu"", ""dm_ncity"": ""Madanapalle"", ""objectid"": 1453, ""strucode"": ""D02213"", ""dm_cmn_yr"": null, ""dm_cmp_yr"": ""1980"", ""dm_coment"": null, ""dm_height"": ""35"", ""dm_length"": ""590"", ""dm_status"": ""Completed"", ""dm_gate_no"": 42, ""dm_gate_sz"": null, ""dm_flod_des"": ""3172"", ""dm_gt_ungtd"": ""UG"", ""dm_mod_oper"": null, ""dm_ses_zone"": ""Seismic Zone-II"", ""dm_spil_cap"": 3172.0, ""dm_spil_lev"": 481.5, ""dm_gate_type"": ""UG"", ""dm_sluice_sz"": null, ""dm_spil_leng"": null, ""dm_spil_type"": null, ""dm_cn_gate_no"": null, ""dm_ener_dissp"": null, ""dm_inst_inter"": null, ""dm_perliament"": ""Rajampet"", ""dm_ph_gate_no"": null, ""dm_instru_embed"": null, ""dm_oper_main_age"": ""Irrg.& CAD Dept."", ""dm_sluice_purpose"": null, ""dm_inst_inter_ager"": null, ""dm_no_river_sluice"": null}}",2026-08-29T14:45:46.967391+00:00,2026-08-29T14:45:46.967391+00:00
21,11,1,103,ASSET_REGISTRY,wris_registry_record,,Mallimadugu Dam,,,,,,B2,GOVERNMENT_DERIVED_MIRROR,SOURCE_PRESERVED,0.8,False,False,False,AP state filter + external ID + spatial/name resolution,"{""geometry"": {""type"": ""Point"", ""coordinates"": [79.52777867, 13.68081728]}, ""properties"": {""class"": ""CLASS 3"", ""state"": ""AP"", ""bacode"": ""17"", ""dtcode"": ""Chittoor"", ""dam_vol"": null, ""dm_name"": ""Mallimadugu Dam"", ""dm_type"": ""TE"", ""nrld_no"": ""AP01MH0135"", ""rivcode"": ""Konakalva and Rallakalva"", ""dm_ncity"": ""Chandragiri"", ""objectid"": 1397, ""strucode"": ""D02157"", ""dm_cmn_yr"": null, ""dm_cmp_yr"": ""1959"", ""dm_coment"": null, ""dm_height"": ""15"", ""dm_length"": ""1334"", ""dm_status"": ""Completed"", ""dm_gate_no"": 15, ""dm_gate_sz"": null, ""dm_flod_des"": ""2458"", ""dm_gt_ungtd"": null, ""dm_mod_oper"": null, ""dm_ses_zone"": ""Seismic Zone-III"", ""dm_spil_cap"": 2458.0, ""dm_spil_lev"": 108.81, ""dm_gate_type"": null, ""dm_sluice_sz"": null, ""dm_spil_leng"": null, ""dm_spil_type"": null, ""dm_cn_gate_no"": null, ""dm_ener_dissp"": null, ""dm_inst_inter"": null, ""dm_perliament"": ""Tirupati"", ""dm_ph_gate_no"": null, ""dm_instru_embed"": null, ""dm_oper_main_age"": ""Irrg.& CAD Dept."", ""dm_sluice_purpose"": null, ""dm_inst_inter_ager"": null, ""dm_no_river_sluice"": null}}",2026-08-29T14:45:46.967391+00:00,2026-08-29T14:45:46.967391+00:00
1,22,1,103,ASSET_REGISTRY,wris_registry_record,,Chitravathi Dam,,,,,,B2,GOVERNMENT_DERIVED_MIRROR,SOURCE_PRESERVED,0.8,False,False,False,AP state filter + external ID + spatial/name resolution,"{""geometry"": {""type"": ""Point"", ""coordinates"": [77.95875023, 14.56189482]}, ""properties"": {""class"": ""CLASS 3"", ""state"": ""AP"", ""bacode"": ""09"", ""dtcode"": ""Y.S.R."", ""dam_vol"": null, ""dm_name"": ""Chitravathi Dam"", ""dm_type"": ""TE"", ""nrld_no"": null, ""rivcode"": ""Chitravathi"", ""dm_ncity"": ""Pulivendla"", ""objectid"": 219, ""strucode"": ""D00569"", ""dm_cmn_yr"": null, ""dm_cmp_yr"": null, ""dm_coment"": null, ""dm_height"": null, ""dm_length"": null, ""dm_status"": null, ""dm_gate_no"": null, ""dm_gate_sz"": null, ""dm_flod_des"": ""28.32"", ""dm_gt_ungtd"": null, ""dm_mod_oper"": null, ""dm_ses_zone"": ""Seismic Zone-II"", ""dm_spil_cap"": null, ""dm_spil_lev"": 289.35, ""dm_gate_type"": null, ""dm_sluice_sz"": null, ""dm_spil_leng"": null, ""dm_spil_type"": null, ""dm_cn_gate_no"": null, ""dm_ener_dissp"": null, ""dm_inst_inter"": null, ""dm_perliament"": ""Kadapa"", ""dm_ph_gate_no"": null, ""dm_instru_embed"": null, ""dm_oper_main_age"": null, ""dm_sluice_purpose"": null, ""dm_inst_inter_ager"": null, ""dm_no_river_sluice"": null}}",2026-08-29T14:45:46.967391+00:00,2026-08-29T14:45:46.967391+00:00
2,23,1,103,ASSET_REGISTRY,wris_registry_record,,Gundlakamma Dam,,,,,,B2,GOVERNMENT_DERIVED_MIRROR,SOURCE_PRESERVED,0.8,False,False,False,AP state filter + external ID + spatial/name resolution,"{""geometry"": {""type"": ""Point"", ""coordinates"": [79.98661493, 15.66088434]}, ""properties"": {""class"": ""CLASS 3"", ""state"": ""AP"", ""bacode"": ""16"", ""dtcode"": ""Prakasam"", ""dam_vol"": null, ""dm_name"": ""Gundlakamma Dam"", ""dm_type"": null, ""nrld_no"": null, ""rivcode"": ""Gundlakamma"", ""dm_ncity"": ""Addanki"", ""objectid"": 220, ""strucode"": ""D00587"", ""dm_cmn_yr"": null, ""dm_cmp_yr"": null, ""dm_coment"": null, ""dm_height"": null, ""dm_length"": null, ""dm_status"": null, ""dm_gate_no"": null, ""dm_gate_sz"": null, ""dm_flod_des"": null, ""dm_gt_ungtd"": null, ""dm_mod_oper"": null, ""dm_ses_zone"": ""Seismic Zone-III"", ""dm_spil_cap"": null, ""dm_spil_lev"": 16.38, ""dm_gate_type"": null, ""dm_sluice_sz"": null, ""dm_spil_leng"": null, ""dm_spil_type"": null, ""dm_cn_gate_no"": null, ""dm_ener_dissp"": null, ""dm_inst_inter"": null, ""dm_perliament"": ""Bapatla"", ""dm_ph_gate_no"": null, ""dm_instru_embed"": null, ""dm_oper_main_age"": null, ""dm_sluice_purpose"": null, ""dm_inst_inter_ager"": null, ""dm_no_river_sluice"": null}}",2026-08-29T14:45:46.967391+00:00,2026-08-29T14:45:46.967391+00:00
3,24,1,103,ASSET_REGISTRY,wris_registry_record,,Mylavaram Dam,,,,,,B2,GOVERNMENT_DERIVED_MIRROR,SOURCE_PRESERVED,0.8,False,False,False,AP state filter + external ID + spatial/name resolution,"{""geometry"": {""type"": ""Point"", ""coordinates"": [78.34061776, 14.84951961]}, ""properties"": {""class"": ""Class 2"", ""state"": ""AP"", ""bacode"": ""09"", ""dtcode"": ""Y.S.R."", ""dam_vol"": ""1524"", ""dm_name"": ""Mylavaram Dam"", ""dm_type"": ""TE + PG"", ""nrld_no"": ""AP01MH0058"", ""rivcode"": ""Pennar"", ""dm_ncity"": ""Jammalamadugu"", ""objectid"": 614, ""strucode"": ""D00686"", ""dm_cmn_yr"": null, ""dm_cmp_yr"": ""1983"", ""dm_coment"": null, ""dm_height"": ""24"", ""dm_length"": ""2850"", ""dm_status"": ""Completed"", ""dm_gate_no"": 13, ""dm_gate_sz"": ""13.00 x12.20 x8.65"", ""dm_flod_des"": ""8180"", ""dm_gt_ungtd"": null, ""dm_mod_oper"": null, ""dm_ses_zone"": ""Seismic Zone-II"", ""dm_spil_cap"": 8190.0, ""dm_spil_lev"": 194.0, ""dm_gate_type"": ""RD"", ""dm_sluice_sz"": null, ""dm_spil_leng"": null, ""dm_spil_type"": null, ""dm_cn_gate_no"": null, ""dm_ener_dissp"": null, ""dm_inst_inter"": null, ""dm_perliament"": ""Kadapa"", ""dm_ph_gate_no"": null, ""dm_instru_embed"": null, ""dm_oper_main_age"": ""Irrg.& CAD Dept."", ""dm_sluice_purpose"": null, ""dm_inst_inter_ager"": null, ""dm_no_river_sluice"": null}}",2026-08-29T14:45:46.967391+00:00,2026-08-29T14:45:46.967391+00:00
4,25,1,103,ASSET_REGISTRY,wris_registry_record,,Kanigiri Dam,,,,,,B2,GOVERNMENT_DERIVED_MIRROR,SOURCE_PRESERVED,0.8,False,False,False,AP state filter + external ID + spatial/name resolution,"{""geometry"": {""type"": ""Point"", ""coordinates"": [79.853524, 14.54733101]}, ""properties"": {""class"": ""Class 2"", ""state"": ""AP"", ""bacode"": ""09"", ""dtcode"": ""Sri Potti Sriramulu Nellore"", ""dam_vol"": null, ""dm_name"": ""Kanigiri Dam"", ""dm_type"": ""TE"", ""nrld_no"": null, ""rivcode"": ""Pennar"", ""dm_ncity"": ""Kovvur"", ""objectid"": 617, ""strucode"": ""D00719"", ""dm_cmn_yr"": null, ""dm_cmp_yr"": null, ""dm_coment"": ""GCS is in Mcft"", ""dm_height"": ""10.278"", ""dm_length"": ""10000"", ""dm_status"": ""Completed"", ""dm_gate_no"": null, ""dm_gate_sz"": null, ""dm_flod_des"": null, ""dm_gt_ungtd"": null, ""dm_mod_oper"": null, ""dm_ses_zone"": ""Seismic Zone-III"", ""dm_spil_cap"": null, ""dm_spil_lev"": null, ""dm_gate_type"": null, ""dm_sluice_sz"": null, ""dm_spil_leng"": null, ""dm_spil_type"": null, ""dm_cn_gate_no"": null, ""dm_ener_dissp"": null, ""dm_inst_inter"": null, ""dm_perliament"": ""Nellore"", ""dm_ph_gate_no"": null, ""dm_instru_embed"": null, ""dm_oper_main_age"": null, ""dm_sluice_purpose"": null, ""dm_inst_inter_ager"": null, ""dm_no_river_sluice"": null}}",2026-08-29T14:45:46.967391+00:00,2026-08-29T14:45:46.967391+00:00
5,26,1,103,ASSET_REGISTRY,wris_registry_record,,Nellore Dam,,,,,,B2,GOVERNMENT_DERIVED_MIRROR,SOURCE_PRESERVED,0.8,False,False,False,AP state filter + external ID + spatial/name resolution,"{""geometry"": {""type"": ""Point"", ""coordinates"": [79.95560153, 14.45153115]}, ""properties"": {""class"": ""CLASS 3"", ""state"": ""AP"", ""bacode"": ""09"", ""dtcode"": ""Sri Potti Sriramulu Nellore"", ""dam_vol"": null, ""dm_name"": ""Nellore Dam"", ""dm_type"": null, ""nrld_no"": null, ""rivcode"": ""Pennar"", ""dm_ncity"": ""Nellore"", ""objectid"": 618, ""strucode"": ""D00721"", ""dm_cmn_yr"": null, ""dm_cmp_yr"": null, ""dm_coment"": null, ""dm_height"": null, ""dm_length"": ""621.71"", ""dm_status"": ""Completed"", ""dm_gate_no"": null, ""dm_gate_sz"": null, ""dm_flod_des"": null, ""dm_gt_ungtd"": null, ""dm_mod_oper"": null, ""dm_ses_zone"": ""Seismic Zone-III"", ""dm_spil_cap"": null, ""dm_spil_lev"": null, ""dm_gate_type"": null, ""dm_sluice_sz"": null, ""dm_spil_leng"": null, ""dm_spil_type"": null, ""dm_cn_gate_no"": null, ""dm_ener_dissp"": null, ""dm_inst_inter"": null, ""dm_perliament"": ""Nellore"", ""dm_ph_gate_no"": null, ""dm_instru_embed"": null, ""dm_oper_main_age"": null, ""dm_sluice_purpose"": null, ""dm_inst_inter_ager"": null, ""dm_no_river_sluice"": null}}",2026-08-29T14:45:46.967391+00:00,2026-08-29T14:45:46.967391+00:00
6,27,1,103,ASSET_REGISTRY,wris_registry_record,,Somasila Dam,,,,,,B2,GOVERNMENT_DERIVED_MIRROR,SOURCE_PRESERVED,0.8,False,False,False,AP state filter + external ID + spatial/name resolution,"{""geometry"": {""type"": ""Point"", ""coordinates"": [79.30578834, 14.48810983]}, ""properties"": {""class"": ""Class 2"", ""state"": ""AP"", ""bacode"": ""09"", ""dtcode"": ""Sri Potti Sriramulu Nellore"", ""dam_vol"": ""1875"", ""dm_name"": ""Somasila Dam"", ""dm_type"": ""TE"", ""nrld_no"": ""AP01HH0062"", ""rivcode"": ""Pennar"", ""dm_ncity"": ""Atmakur"", ""objectid"": 623, ""strucode"": ""D00750"", ""dm_cmn_yr"": null, ""dm_cmp_yr"": ""1986"", ""dm_coment"": ""Cultivable: 8650 Ha."", ""dm_height"": ""39"", ""dm_length"": ""352"", ""dm_status"": ""Completed"", ""dm_gate_no"": 12, ""dm_gate_sz"": ""15.24x14.168"", ""dm_flod_des"": ""22375"", ""dm_gt_ungtd"": null, ""dm_mod_oper"": null, ""dm_ses_zone"": ""Seismic Zone-II"", ""dm_spil_cap"": 22375.0, ""dm_spil_lev"": 86.868, ""dm_gate_type"": ""RD"", ""dm_sluice_sz"": null, ""dm_spil_leng"": ""236.21"", ""dm_spil_type"": ""OG"", ""dm_cn_gate_no"": null, ""dm_ener_dissp"": null, ""dm_inst_inter"": null, ""dm_perliament"": ""Nellore"", ""dm_ph_gate_no"": null, ""dm_instru_embed"": null, ""dm_oper_main_age"": ""Irrg.& CAD Dept."", ""dm_sluice_purpose"": null, ""dm_inst_inter_ager"": null, ""dm_no_river_sluice"": null}}",2026-08-29T14:45:46.967391+00:00,2026-08-29T14:45:46.967391+00:00
7,28,1,103,ASSET_REGISTRY,wris_registry_record,,Gorakallu Dam,,,,,,B2,GOVERNMENT_DERIVED_MIRROR,SOURCE_PRESERVED,0.8,False,False,False,AP state filter + external ID + spatial/name resolution,"{""geometry"": {""type"": ""Point"", ""coordinates"": [78.40330932, 15.57006907]}, ""properties"": {""class"": ""Class 2"", ""state"": ""AP"", ""bacode"": ""09"", ""dtcode"": ""Kurnool"", ""dam_vol"": null, ""dm_name"": ""Gorakallu Dam"", ""dm_type"": ""TE + PG"", ""nrld_no"": ""AP01HH0130"", ""rivcode"": ""Mallama selavagu"", ""dm_ncity"": ""Nandyal"", ""objectid"": 710, ""strucode"": ""D00934"", ""dm_cmn_yr"": null, ""dm_cmp_yr"": null, ""dm_coment"": null, ""dm_height"": ""48.5"", ""dm_length"": ""1731"", ""dm_status"": ""Under Construction"", ""dm_gate_no"": 7, ""dm_gate_sz"": ""9 x 3.6"", ""dm_flod_des"": null, ""dm_gt_ungtd"": null, ""dm_mod_oper"": null, ""dm_ses_zone"": ""Seismic Zone-II"", ""dm_spil_cap"": 848.0, ""dm_spil_lev"": 257.4, ""dm_gate_type"": null, ""dm_sluice_sz"": null, ""dm_spil_leng"": null, ""dm_spil_type"": null, ""dm_cn_gate_no"": null, ""dm_ener_dissp"": null, ""dm_inst_inter"": null, ""dm_perliament"": ""Nandyal"", ""dm_ph_gate_no"": null, ""dm_instru_embed"": null, ""dm_oper_main_age"": ""Irrg.& CAD Dept."", ""dm_sluice_purpose"": null, ""dm_inst_inter_ager"": null, ""dm_no_river_sluice"": null}}",2026-08-29T14:45:46.967391+00:00,2026-08-29T14:45:46.967391+00:00
8,29,1,103,ASSET_REGISTRY,wris_registry_record,,"Paleru ,Owk Dam",,,,,,B2,GOVERNMENT_DERIVED_MIRROR,SOURCE_PRESERVED,0.8,False,False,False,AP state filter + external ID + spatial/name resolution,"{""geometry"": {""type"": ""Point"", ""coordinates"": [78.0970444, 15.18621995]}, ""properties"": {""class"": ""CLASS 3"", ""state"": ""AP"", ""bacode"": ""09"", ""dtcode"": ""Kurnool"", ""dam_vol"": null, ""dm_name"": ""Paleru ,Owk Dam"", ""dm_type"": ""TE"", ""nrld_no"": null, ""rivcode"": ""Paleru"", ""dm_ncity"": ""Banganapalle"", ""objectid"": 711, ""strucode"": ""D00963"", ""dm_cmn_yr"": null, ""dm_cmp_yr"": ""1946"", ""dm_coment"": null, ""dm_height"": ""10.15"", ""dm_length"": ""622"", ""dm_status"": ""Completed"", ""dm_gate_no"": 5, ""dm_gate_sz"": ""12.2 x 5.2"", ""dm_flod_des"": null, ""dm_gt_ungtd"": null, ""dm_mod_oper"": null, ""dm_ses_zone"": ""Seismic Zone-II"", ""dm_spil_cap"": null, ""dm_spil_lev"": 222.15, ""dm_gate_type"": null, ""dm_sluice_sz"": null, ""dm_spil_leng"": null, ""dm_spil_type"": null, ""dm_cn_gate_no"": null, ""dm_ener_dissp"": null, ""dm_inst_inter"": null, ""dm_perliament"": ""Nandyal"", ""dm_ph_gate_no"": null, ""dm_instru_embed"": null, ""dm_oper_main_age"": null, ""dm_sluice_purpose"": null, ""dm_inst_inter_ager"": null, ""dm_no_river_sluice"": null}}",2026-08-29T14:45:46.967391+00:00,2026-08-29T14:45:46.967391+00:00
9,30,1,103,ASSET_REGISTRY,wris_registry_record,,Veligonda Dam,,,,,,B2,GOVERNMENT_DERIVED_MIRROR,SOURCE_PRESERVED,0.8,False,False,False,AP state filter + external ID + spatial/name resolution,"{""geometry"": {""type"": ""Point"", ""coordinates"": [79.18046396, 15.76750386]}, ""properties"": {""class"": ""CLASS 3"", ""state"": ""AP"", ""bacode"": ""16"", ""dtcode"": ""Prakasam"", ""dam_vol"": null, ""dm_name"": ""Veligonda Dam"", ""dm_type"": ""TE"", ""nrld_no"": null, ""rivcode"": ""Krishna"", ""dm_ncity"": ""Markapur"", ""objectid"": 1113, ""strucode"": ""D01824"", ""dm_cmn_yr"": null, ""dm_cmp_yr"": null, ""dm_coment"": ""Patta land 4120 Ha Govt. land 1918 Ha"", ""dm_height"": null, ""dm_length"": null, ""dm_status"": null, ""dm_gate_no"": null, ""dm_gate_sz"": null, ""dm_flod_des"": null, ""dm_gt_ungtd"": null, ""dm_mod_oper"": null, ""dm_ses_zone"": ""Seismic Zone-II"", ""dm_spil_cap"": null, ""dm_spil_lev"": null, ""dm_gate_type"": null, ""dm_sluice_sz"": null, ""dm_spil_leng"": null, ""dm_spil_type"": null, ""dm_cn_gate_no"": null, ""dm_ener_dissp"": null, ""dm_inst_inter"": null, ""dm_perliament"": ""Ongole"", ""dm_ph_gate_no"": null, ""dm_instru_embed"": null, ""dm_oper_main_age"": null, ""dm_sluice_purpose"": null, ""dm_inst_inter_ager"": null, ""dm_no_river_sluice"": null}}",2026-08-29T14:45:46.967391+00:00,2026-08-29T14:45:46.967391+00:00
10,31,1,103,ASSET_REGISTRY,wris_registry_record,,Yeleru Dam,,,,,,B2,GOVERNMENT_DERIVED_MIRROR,SOURCE_PRESERVED,0.8,False,False,False,AP state filter + external ID + spatial/name resolution,"{""geometry"": {""type"": ""Point"", ""coordinates"": [82.0956831, 17.30791881]}, ""properties"": {""class"": ""Class 2"", ""state"": ""AP"", ""bacode"": ""16"", ""dtcode"": ""East Godavari"", ""dam_vol"": ""5080"", ""dm_name"": ""Yeleru Dam"", ""dm_type"": ""TE + PG"", ""nrld_no"": ""AP01HH0149"", ""rivcode"": ""Eleru"", ""dm_ncity"": ""Ellavaram"", ""objectid"": 1117, ""strucode"": ""D01830"", ""dm_cmn_yr"": null, ""dm_cmp_yr"": ""1991"", ""dm_coment"": ""5 fully and 5 partially"", ""dm_height"": ""43"", ""dm_length"": ""2544"", ""dm_status"": ""Completed"", ""dm_gate_no"": 10, ""dm_gate_sz"": ""12x10"", ""dm_flod_des"": ""8070"", ""dm_gt_ungtd"": null, ""dm_mod_oper"": null, ""dm_ses_zone"": ""Seismic Zone-II"", ""dm_spil_cap"": 8070.0, ""dm_spil_lev"": 76.56, ""dm_gate_type"": ""OT"", ""dm_sluice_sz"": null, ""dm_spil_leng"": ""150"", ""dm_spil_type"": ""OG"", ""dm_cn_gate_no"": null, ""dm_ener_dissp"": null, ""dm_inst_inter"": null, ""dm_perliament"": ""Kakinada"", ""dm_ph_gate_no"": null, ""dm_instru_embed"": null, ""dm_oper_main_age"": ""Irrg.& CAD Dept."", ""dm_sluice_purpose"": null, ""dm_inst_inter_ager"": null, ""dm_no_river_sluice"": null}}",2026-08-29T14:45:46.967391+00:00,2026-08-29T14:45:46.967391+00:00
11,32,1,103,ASSET_REGISTRY,wris_registry_record,,Andhra Dam,,,,,,B2,GOVERNMENT_DERIVED_MIRROR,SOURCE_PRESERVED,0.8,False,False,False,AP state filter + external ID + spatial/name resolution,"{""geometry"": {""type"": ""Point"", ""coordinates"": [83.19757541, 18.34265174]}, ""properties"": {""class"": ""Class 2"", ""state"": ""AP"", ""bacode"": ""16"", ""dtcode"": ""Vizianagaram"", ""dam_vol"": null, ""dm_name"": ""Andhra Dam"", ""dm_type"": ""TE"", ""nrld_no"": ""AP01MH0072"", ""rivcode"": ""Champavathi"", ""dm_ncity"": ""Gajapatinagaram"", ""objectid"": 1126, ""strucode"": ""D01848"", ""dm_cmn_yr"": null, ""dm_cmp_yr"": ""1998"", ""dm_coment"": null, ""dm_height"": ""22"", ""dm_length"": ""1890"", ""dm_status"": ""Completed"", ""dm_gate_no"": 4, ""dm_gate_sz"": ""10.0 x 7.50"", ""dm_flod_des"": ""1189.3074465"", ""dm_gt_ungtd"": null, ""dm_mod_oper"": null, ""dm_ses_zone"": ""Seismic Zone-II"", ""dm_spil_cap"": 910.0, ""dm_spil_lev"": 138.5, ""dm_gate_type"": ""RD"", ""dm_sluice_sz"": null, ""dm_spil_leng"": null, ""dm_spil_type"": null, ""dm_cn_gate_no"": null, ""dm_ener_dissp"": null, ""dm_inst_inter"": null, ""dm_perliament"": ""Araku"", ""dm_ph_gate_no"": null, ""dm_instru_embed"": null, ""dm_oper_main_age"": ""Irrg.& CAD Dept."", ""dm_sluice_purpose"": null, ""dm_inst_inter_ager"": null, ""dm_no_river_sluice"": null}}",2026-08-29T14:45:46.967391+00:00,2026-08-29T14:45:46.967391+00:00
12,33,1,103,ASSET_REGISTRY,wris_registry_record,,Cheyyeru / Annamayya Dam,,,,,,B2,GOVERNMENT_DERIVED_MIRROR,SOURCE_PRESERVED,0.8,False,False,False,AP state filter + external ID + spatial/name resolution,"{""geometry"": {""type"": ""Point"", ""coordinates"": [79.01755427, 14.21376072]}, ""properties"": {""class"": ""Class 2"", ""state"": ""AP"", ""bacode"": ""09"", ""dtcode"": ""Y.S.R."", ""dam_vol"": ""653"", ""dm_name"": ""Cheyyeru / Annamayya Dam"", ""dm_type"": ""TE"", ""nrld_no"": ""AP01MH0129"", ""rivcode"": ""Cheyyeru"", ""dm_ncity"": ""Rajampet"", ""objectid"": 1131, ""strucode"": ""D01855"", ""dm_cmn_yr"": null, ""dm_cmp_yr"": ""2003"", ""dm_coment"": ""6795 cumecs/2.40 lakh cusecs (100 years), 8069 cumecs/2.85 lakh cusecs (200 years)"", ""dm_height"": ""25"", ""dm_length"": ""409"", ""dm_status"": ""Completed"", ""dm_gate_no"": 5, ""dm_gate_sz"": ""13.75 x 14"", ""dm_flod_des"": ""6795"", ""dm_gt_ungtd"": null, ""dm_mod_oper"": null, ""dm_ses_zone"": ""Seismic Zone-II"", ""dm_spil_cap"": 8069.0, ""dm_spil_lev"": 189.6, ""dm_gate_type"": ""RD"", ""dm_sluice_sz"": null, ""dm_spil_leng"": ""90.25"", ""dm_spil_type"": ""OG"", ""dm_cn_gate_no"": null, ""dm_ener_dissp"": null, ""dm_inst_inter"": null, ""dm_perliament"": ""Rajampet"", ""dm_ph_gate_no"": null, ""dm_instru_embed"": null, ""dm_oper_main_age"": ""Irrg.& CAD Dept."", ""dm_sluice_purpose"": null, ""dm_inst_inter_ager"": null, ""dm_no_river_sluice"": null}}",2026-08-29T14:45:46.967391+00:00,2026-08-29T14:45:46.967391+00:00
13,34,1,103,ASSET_REGISTRY,wris_registry_record,,Arniar Dam,,,,,,B2,GOVERNMENT_DERIVED_MIRROR,SOURCE_PRESERVED,0.8,False,False,False,AP state filter + external ID + spatial/name resolution,"{""geometry"": {""type"": ""Point"", ""coordinates"": [79.74269111, 13.41694978]}, ""properties"": {""class"": ""Class 2"", ""state"": ""AP"", ""bacode"": ""17"", ""dtcode"": ""Chittoor"", ""dam_vol"": null, ""dm_name"": ""Arniar Dam"", ""dm_type"": ""TE"", ""nrld_no"": ""AP01MH0021"", ""rivcode"": ""Araniar"", ""dm_ncity"": ""Satyavedu"", ""objectid"": 1134, ""strucode"": ""D01858"", ""dm_cmn_yr"": null, ""dm_cmp_yr"": ""1958"", ""dm_coment"": null, ""dm_height"": ""15"", ""dm_length"": ""3600"", ""dm_status"": ""Completed"", ""dm_gate_no"": 3, ""dm_gate_sz"": ""9.15 x 3.20"", ""dm_flod_des"": ""863.67"", ""dm_gt_ungtd"": null, ""dm_mod_oper"": null, ""dm_ses_zone"": ""Seismic Zone-III"", ""dm_spil_cap"": 863.67, ""dm_spil_lev"": 76.2, ""dm_gate_type"": ""LG"", ""dm_sluice_sz"": null, ""dm_spil_leng"": null, ""dm_spil_type"": ""OG"", ""dm_cn_gate_no"": null, ""dm_ener_dissp"": null, ""dm_inst_inter"": null, ""dm_perliament"": ""Tirupati"", ""dm_ph_gate_no"": null, ""dm_instru_embed"": null, ""dm_oper_main_age"": ""Irrg.& CAD Dept."", ""dm_sluice_purpose"": null, ""dm_inst_inter_ager"": null, ""dm_no_river_sluice"": null}}",2026-08-29T14:45:46.967391+00:00,2026-08-29T14:45:46.967391+00:00
14,35,1,103,ASSET_REGISTRY,wris_registry_record,,Bahuda Dam,,,,,,B2,GOVERNMENT_DERIVED_MIRROR,SOURCE_PRESERVED,0.8,False,False,False,AP state filter + external ID + spatial/name resolution,"{""geometry"": {""type"": ""Point"", ""coordinates"": [78.62877169, 13.55934796]}, ""properties"": {""class"": ""Class 2"", ""state"": ""AP"", ""bacode"": ""09"", ""dtcode"": ""Chittoor"", ""dam_vol"": null, ""dm_name"": ""Bahuda Dam"", ""dm_type"": ""TE"", ""nrld_no"": ""AP01HH0127"", ""rivcode"": ""Bahuda"", ""dm_ncity"": ""Madanapalle"", ""objectid"": 1136, ""strucode"": ""D01861"", ""dm_cmn_yr"": null, ""dm_cmp_yr"": ""1974"", ""dm_coment"": null, ""dm_height"": ""31.77"", ""dm_length"": ""792.48"", ""dm_status"": ""Completed"", ""dm_gate_no"": 6, ""dm_gate_sz"": ""125.192 x 2.438"", ""dm_flod_des"": ""849.5"", ""dm_gt_ungtd"": null, ""dm_mod_oper"": null, ""dm_ses_zone"": ""Seismic Zone-II"", ""dm_spil_cap"": 849.5, ""dm_spil_lev"": 611.7, ""dm_gate_type"": ""LG"", ""dm_sluice_sz"": null, ""dm_spil_leng"": null, ""dm_spil_type"": null, ""dm_cn_gate_no"": null, ""dm_ener_dissp"": null, ""dm_inst_inter"": null, ""dm_perliament"": ""Rajampet"", ""dm_ph_gate_no"": null, ""dm_instru_embed"": null, ""dm_oper_main_age"": ""Irrg.& CAD Dept."", ""dm_sluice_purpose"": null, ""dm_inst_inter_ager"": null, ""dm_no_river_sluice"": null}}",2026-08-29T14:45:46.967391+00:00,2026-08-29T14:45:46.967391+00:00
15,36,1,103,ASSET_REGISTRY,wris_registry_record,,Bhairavanithippa Dam,,,,,,B2,GOVERNMENT_DERIVED_MIRROR,SOURCE_PRESERVED,0.8,False,False,False,AP state filter + external ID + spatial/name resolution,"{""geometry"": {""type"": ""Point"", ""coordinates"": [76.83914118, 14.53801688]}, ""properties"": {""class"": ""Class 2"", ""state"": ""AP"", ""bacode"": ""04"", ""dtcode"": ""Anantapur"", ""dam_vol"": null, ""dm_name"": ""Bhairavanithippa Dam"", ""dm_type"": ""TE"", ""nrld_no"": ""AP01MH0018"", ""rivcode"": ""Pedda Hagari(Vedavathi) River"", ""dm_ncity"": ""Rayadurg"", ""objectid"": 1142, ""strucode"": ""D01875"", ""dm_cmn_yr"": null, ""dm_cmp_yr"": ""1961"", ""dm_coment"": null, ""dm_height"": ""20"", ""dm_length"": ""2235"", ""dm_status"": ""Completed"", ""dm_gate_no"": 12, ""dm_gate_sz"": ""12.192 x 4.572"", ""dm_flod_des"": ""3635"", ""dm_gt_ungtd"": null, ""dm_mod_oper"": null, ""dm_ses_zone"": ""Seismic Zone-II"", ""dm_spil_cap"": 3635.0, ""dm_spil_lev"": 499.89, ""dm_gate_type"": ""LG"", ""dm_sluice_sz"": null, ""dm_spil_leng"": null, ""dm_spil_type"": ""OG"", ""dm_cn_gate_no"": null, ""dm_ener_dissp"": null, ""dm_inst_inter"": null, ""dm_perliament"": ""Anantapur"", ""dm_ph_gate_no"": null, ""dm_instru_embed"": null, ""dm_oper_main_age"": ""Irrg.& CAD Dept."", ""dm_sluice_purpose"": null, ""dm_inst_inter_ager"": null, ""dm_no_river_sluice"": null}}",2026-08-29T14:45:46.967391+00:00,2026-08-29T14:45:46.967391+00:00
16,37,1,103,ASSET_REGISTRY,wris_registry_record,,Bhupathipalem Dam,,,,,,B2,GOVERNMENT_DERIVED_MIRROR,SOURCE_PRESERVED,0.8,False,False,False,AP state filter + external ID + spatial/name resolution,"{""geometry"": {""type"": ""Point"", ""coordinates"": [81.76549352, 17.44681795]}, ""properties"": {""class"": ""CLASS 3"", ""state"": ""AP"", ""bacode"": ""03"", ""dtcode"": ""East Godavari"", ""dam_vol"": null, ""dm_name"": ""Bhupathipalem Dam"", ""dm_type"": null, ""nrld_no"": null, ""rivcode"": ""Seethapallivagu"", ""dm_ncity"": ""Rampa Chodavaram"", ""objectid"": 1146, ""strucode"": ""D01879"", ""dm_cmn_yr"": null, ""dm_cmp_yr"": null, ""dm_coment"": null, ""dm_height"": null, ""dm_length"": ""748"", ""dm_status"": ""Completed"", ""dm_gate_no"": 5, ""dm_gate_sz"": ""1.2 x 2.0"", ""dm_flod_des"": ""1642"", ""dm_gt_ungtd"": null, ""dm_mod_oper"": null, ""dm_ses_zone"": ""Seismic Zone-II"", ""dm_spil_cap"": 1642.0, ""dm_spil_lev"": 196.5, ""dm_gate_type"": null, ""dm_sluice_sz"": null, ""dm_spil_leng"": ""66"", ""dm_spil_type"": null, ""dm_cn_gate_no"": null, ""dm_ener_dissp"": null, ""dm_inst_inter"": null, ""dm_perliament"": ""Araku"", ""dm_ph_gate_no"": null, ""dm_instru_embed"": null, ""dm_oper_main_age"": null, ""dm_sluice_purpose"": null, ""dm_inst_inter_ager"": null, ""dm_no_river_sluice"": null}}",2026-08-29T14:45:46.967391+00:00,2026-08-29T14:45:46.967391+00:00
17,38,1,103,ASSET_REGISTRY,wris_registry_record,,Buggavanka Dam,,,,,,B2,GOVERNMENT_DERIVED_MIRROR,SOURCE_PRESERVED,0.8,False,False,False,AP state filter + external ID + spatial/name resolution,"{""geometry"": {""type"": ""Point"", ""coordinates"": [78.83565042, 14.40017137]}, ""properties"": {""class"": ""Class 2"", ""state"": ""AP"", ""bacode"": ""09"", ""dtcode"": ""Y.S.R."", ""dam_vol"": ""747"", ""dm_name"": ""Buggavanka Dam"", ""dm_type"": ""TE + PG"", ""nrld_no"": ""AP01MH0073"", ""rivcode"": ""Buggavanka"", ""dm_ncity"": ""Cuddapah"", ""objectid"": 1154, ""strucode"": ""D01888"", ""dm_cmn_yr"": null, ""dm_cmp_yr"": ""1998"", ""dm_coment"": null, ""dm_height"": ""26"", ""dm_length"": ""2060"", ""dm_status"": ""Completed"", ""dm_gate_no"": 4, ""dm_gate_sz"": ""12x6"", ""dm_flod_des"": ""929"", ""dm_gt_ungtd"": null, ""dm_mod_oper"": null, ""dm_ses_zone"": ""Seismic Zone-II"", ""dm_spil_cap"": 926.0, ""dm_spil_lev"": 180.0, ""dm_gate_type"": ""RD"", ""dm_sluice_sz"": null, ""dm_spil_leng"": null, ""dm_spil_type"": ""OG"", ""dm_cn_gate_no"": null, ""dm_ener_dissp"": null, ""dm_inst_inter"": null, ""dm_perliament"": ""Kadapa"", ""dm_ph_gate_no"": null, ""dm_instru_embed"": null, ""dm_oper_main_age"": ""Irrg.& CAD Dept."", ""dm_sluice_purpose"": null, ""dm_inst_inter_ager"": null, ""dm_no_river_sluice"": null}}",2026-08-29T14:45:46.967391+00:00,2026-08-29T14:45:46.967391+00:00
18,39,1,103,ASSET_REGISTRY,wris_registry_record,,Chinnarayaswamy Gudi /Chennaraya Dam,,,,,,B2,GOVERNMENT_DERIVED_MIRROR,SOURCE_PRESERVED,0.8,False,False,False,AP state filter + external ID + spatial/name resolution,"{""geometry"": {""type"": ""Point"", ""coordinates"": [78.17947277, 13.86161573]}, ""properties"": {""class"": ""CLASS 3"", ""state"": ""AP"", ""bacode"": ""09"", ""dtcode"": ""Anantapur"", ""dam_vol"": null, ""dm_name"": ""Chinnarayaswamy Gudi /Chennaraya Dam"", ""dm_type"": ""TE"", ""nrld_no"": ""AP01MH0026"", ""rivcode"": ""Papagni"", ""dm_ncity"": ""Kadiri"", ""objectid"": 1167, ""strucode"": ""D01908"", ""dm_cmn_yr"": null, ""dm_cmp_yr"": ""1969"", ""dm_coment"": ""Vertical gates of sixe 40'x15' Scour vents 2 no.s of size 14'-6\""x5'6\"" between Ch 382 mts to 392 mts"", ""dm_height"": ""15"", ""dm_length"": ""465"", ""dm_status"": ""Completed"", ""dm_gate_no"": null, ""dm_gate_sz"": null, ""dm_flod_des"": ""897.64"", ""dm_gt_ungtd"": null, ""dm_mod_oper"": null, ""dm_ses_zone"": ""Seismic Zone-II"", ""dm_spil_cap"": 897.64, ""dm_spil_lev"": 582.77935766, ""dm_gate_type"": ""LG"", ""dm_sluice_sz"": null, ""dm_spil_leng"": null, ""dm_spil_type"": null, ""dm_cn_gate_no"": null, ""dm_ener_dissp"": null, ""dm_inst_inter"": null, ""dm_perliament"": ""Hindupur"", ""dm_ph_gate_no"": null, ""dm_instru_embed"": null, ""dm_oper_main_age"": ""Irrg.& CAD Dept."", ""dm_sluice_purpose"": null, ""dm_inst_inter_ager"": null, ""dm_no_river_sluice"": null}}",2026-08-29T14:45:46.967391+00:00,2026-08-29T14:45:46.967391+00:00
19,40,1,103,ASSET_REGISTRY,wris_registry_record,,Cumbum Dam,,,,,,B2,GOVERNMENT_DERIVED_MIRROR,SOURCE_PRESERVED,0.8,False,False,False,AP state filter + external ID + spatial/name resolution,"{""geometry"": {""type"": ""Point"", ""coordinates"": [79.08129862, 15.57613043]}, ""properties"": {""class"": ""Class 2"", ""state"": ""AP"", ""bacode"": ""16"", ""dtcode"": ""Prakasam"", ""dam_vol"": null, ""dm_name"": ""Cumbum Dam"", ""dm_type"": ""TE"", ""nrld_no"": ""AP01MH0001"", ""rivcode"": ""Gundlakamma & Jampaleru"", ""dm_ncity"": ""Giddalur"", ""objectid"": 1172, ""strucode"": ""D01915"", ""dm_cmn_yr"": null, ""dm_cmp_yr"": null, ""dm_coment"": null, ""dm_height"": ""15.38"", ""dm_length"": ""295.65"", ""dm_status"": ""Completed"", ""dm_gate_no"": null, ""dm_gate_sz"": null, ""dm_flod_des"": ""112.72"", ""dm_gt_ungtd"": null, ""dm_mod_oper"": null, ""dm_ses_zone"": ""Seismic Zone-II"", ""dm_spil_cap"": 113.0, ""dm_spil_lev"": null, ""dm_gate_type"": null, ""dm_sluice_sz"": null, ""dm_spil_leng"": null, ""dm_spil_type"": null, ""dm_cn_gate_no"": null, ""dm_ener_dissp"": null, ""dm_inst_inter"": null, ""dm_perliament"": ""Ongole"", ""dm_ph_gate_no"": null, ""dm_instru_embed"": null, ""dm_oper_main_age"": ""Irrg.& CAD Dept."", ""dm_sluice_purpose"": null, ""dm_inst_inter_ager"": null, ""dm_no_river_sluice"": null}}",2026-08-29T14:45:46.967391+00:00,2026-08-29T14:45:46.967391+00:00
20,41,1,103,ASSET_REGISTRY,wris_registry_record,,Ahobilam / Penna Ahobilam (Dr. K.S.P.A.B.R.) Dam,,,,,,B2,GOVERNMENT_DERIVED_MIRROR,SOURCE_PRESERVED,0.8,False,False,False,AP state filter + external ID + spatial/name resolution,"{""geometry"": {""type"": ""Point"", ""coordinates"": [77.29862207, 14.79085399]}, ""properties"": {""class"": ""Class 2"", ""state"": ""AP"", ""bacode"": ""09"", ""dtcode"": ""Anantapur"", ""dam_vol"": ""865"", ""dm_name"": ""Ahobilam / Penna Ahobilam (Dr. K.S.P.A.B.R.) Dam"", ""dm_type"": ""TE"", ""nrld_no"": null, ""rivcode"": ""Pennar"", ""dm_ncity"": ""Rayadurg"", ""objectid"": 1240, ""strucode"": ""D01773"", ""dm_cmn_yr"": null, ""dm_cmp_yr"": ""1994"", ""dm_coment"": null, ""dm_height"": ""46"", ""dm_length"": ""2060"", ""dm_status"": ""Completed"", ""dm_gate_no"": 7, ""dm_gate_sz"": ""12.20 x 8.65"", ""dm_flod_des"": ""4596"", ""dm_gt_ungtd"": null, ""dm_mod_oper"": null, ""dm_ses_zone"": ""Seismic Zone-II"", ""dm_spil_cap"": 4662.0, ""dm_spil_lev"": 423.0, ""dm_gate_type"": ""RD"", ""dm_sluice_sz"": null, ""dm_spil_leng"": ""103.54"", ""dm_spil_type"": null, ""dm_cn_gate_no"": null, ""dm_ener_dissp"": null, ""dm_inst_inter"": null, ""dm_perliament"": ""Anantapur"", ""dm_ph_gate_no"": null, ""dm_instru_embed"": null, ""dm_oper_main_age"": null, ""dm_sluice_purpose"": null, ""dm_inst_inter_ager"": null, ""dm_no_river_sluice"": null}}",2026-08-29T14:45:46.967391+00:00,2026-08-29T14:45:46.967391+00:00
22,42,1,103,ASSET_REGISTRY,wris_registry_record,,Mopadu Dam,,,,,,B2,GOVERNMENT_DERIVED_MIRROR,SOURCE_PRESERVED,0.8,False,False,False,AP state filter + external ID + spatial/name resolution,"{""geometry"": {""type"": ""Point"", ""coordinates"": [79.48193501, 15.1062066]}, ""properties"": {""class"": ""Class 2"", ""state"": ""AP"", ""bacode"": ""16"", ""dtcode"": ""Prakasam"", ""dam_vol"": ""401"", ""dm_name"": ""Mopadu Dam"", ""dm_type"": ""TE"", ""nrld_no"": ""AP01MH0004"", ""rivcode"": ""Manneru"", ""dm_ncity"": ""Kanigiri"", ""objectid"": 1417, ""strucode"": ""D02184"", ""dm_cmn_yr"": null, ""dm_cmp_yr"": ""1921"", ""dm_coment"": ""Gates are Existing B.C Weir size"", ""dm_height"": ""28"", ""dm_length"": ""2630"", ""dm_status"": ""Completed"", ""dm_gate_no"": null, ""dm_gate_sz"": ""457 x 1.35"", ""dm_flod_des"": ""1922"", ""dm_gt_ungtd"": null, ""dm_mod_oper"": null, ""dm_ses_zone"": ""Seismic Zone-II"", ""dm_spil_cap"": 1923.0, ""dm_spil_lev"": 110.15, ""dm_gate_type"": ""OT"", ""dm_sluice_sz"": null, ""dm_spil_leng"": ""1670"", ""dm_spil_type"": null, ""dm_cn_gate_no"": null, ""dm_ener_dissp"": null, ""dm_inst_inter"": null, ""dm_perliament"": ""Ongole"", ""dm_ph_gate_no"": null, ""dm_instru_embed"": null, ""dm_oper_main_age"": ""Irrg.& CAD Dept."", ""dm_sluice_purpose"": null, ""dm_inst_inter_ager"": null, ""dm_no_river_sluice"": null}}",2026-08-29T14:45:46.967391+00:00,2026-08-29T14:45:46.967391+00:00
23,43,1,103,ASSET_REGISTRY,wris_registry_record,,Musurumilli /Musurmilli Dam,,,,,,B2,GOVERNMENT_DERIVED_MIRROR,SOURCE_PRESERVED,0.8,False,False,False,AP state filter + external ID + spatial/name resolution,"{""geometry"": {""type"": ""Point"", ""coordinates"": [81.76728038, 17.38000725]}, ""properties"": {""class"": ""CLASS 3"", ""state"": ""AP"", ""bacode"": ""03"", ""dtcode"": ""East Godavari"", ""dam_vol"": null, ""dm_name"": ""Musurumilli /Musurmilli Dam"", ""dm_type"": ""TE + PG"", ""nrld_no"": ""AP01HH0137"", ""rivcode"": ""Seethapallivagu"", ""dm_ncity"": ""Rampa Chodavaram"", ""objectid"": 1424, ""strucode"": ""D02195"", ""dm_cmn_yr"": null, ""dm_cmp_yr"": null, ""dm_coment"": null, ""dm_height"": ""33"", ""dm_length"": ""1040"", ""dm_status"": ""Under Construction"", ""dm_gate_no"": 7, ""dm_gate_sz"": ""10  x 7.5"", ""dm_flod_des"": ""2944"", ""dm_gt_ungtd"": null, ""dm_mod_oper"": null, ""dm_ses_zone"": ""Seismic Zone-II"", ""dm_spil_cap"": 2944.0, ""dm_spil_lev"": 115.5, ""dm_gate_type"": ""OT"", ""dm_sluice_sz"": null, ""dm_spil_leng"": ""86.5"", ""dm_spil_type"": ""OG"", ""dm_cn_gate_no"": null, ""dm_ener_dissp"": null, ""dm_inst_inter"": null, ""dm_perliament"": ""Araku"", ""dm_ph_gate_no"": null, ""dm_instru_embed"": null, ""dm_oper_main_age"": ""Irrg.& CAD Dept."", ""dm_sluice_purpose"": null, ""dm_inst_inter_ager"": null, ""dm_no_river_sluice"": null}}",2026-08-29T14:45:46.967391+00:00,2026-08-29T14:45:46.967391+00:00
24,44,1,103,ASSET_REGISTRY,wris_registry_record,,Narayanapuram Dam,,,,,,B2,GOVERNMENT_DERIVED_MIRROR,SOURCE_PRESERVED,0.8,False,False,False,AP state filter + external ID + spatial/name resolution,"{""geometry"": {""type"": ""Point"", ""coordinates"": [83.80960236, 18.48674298]}, ""properties"": {""class"": ""CLASS 3"", ""state"": ""AP"", ""bacode"": ""16"", ""dtcode"": ""Srikakulam"", ""dam_vol"": null, ""dm_name"": ""Narayanapuram Dam"", ""dm_type"": null, ""nrld_no"": null, ""rivcode"": ""Nagavali"", ""dm_ncity"": ""Palakonda"", ""objectid"": 1427, ""strucode"": ""D02198"", ""dm_cmn_yr"": null, ""dm_cmp_yr"": null, ""dm_coment"": null, ""dm_height"": null, ""dm_length"": null, ""dm_status"": null, ""dm_gate_no"": null, ""dm_gate_sz"": null, ""dm_flod_des"": null, ""dm_gt_ungtd"": null, ""dm_mod_oper"": null, ""dm_ses_zone"": ""Seismic Zone-II"", ""dm_spil_cap"": null, ""dm_spil_lev"": null, ""dm_gate_type"": null, ""dm_sluice_sz"": null, ""dm_spil_leng"": null, ""dm_spil_type"": null, ""dm_cn_gate_no"": null, ""dm_ener_dissp"": null, ""dm_inst_inter"": null, ""dm_perliament"": ""Vizianagaram"", ""dm_ph_gate_no"": null, ""dm_instru_embed"": null, ""dm_oper_main_age"": null, ""dm_sluice_purpose"": null, ""dm_inst_inter_ager"": null, ""dm_no_river_sluice"": null}}",2026-08-29T14:45:46.967391+00:00,2026-08-29T14:45:46.967391+00:00
25,45,1,103,ASSET_REGISTRY,wris_registry_record,,Pampa Dam,,,,,,B2,GOVERNMENT_DERIVED_MIRROR,SOURCE_PRESERVED,0.8,False,False,False,AP state filter + external ID + spatial/name resolution,"{""geometry"": {""type"": ""Point"", ""coordinates"": [82.40752984, 17.28731254]}, ""properties"": {""class"": ""Class 2"", ""state"": ""AP"", ""bacode"": ""16"", ""dtcode"": ""East Godavari"", ""dam_vol"": null, ""dm_name"": ""Pampa Dam"", ""dm_type"": ""TE + PG"", ""nrld_no"": ""AP01MH0046"", ""rivcode"": ""Pampa"", ""dm_ncity"": ""Prathipadu"", ""objectid"": 1448, ""strucode"": ""D02204"", ""dm_cmn_yr"": ""1964"", ""dm_cmp_yr"": ""1969"", ""dm_coment"": null, ""dm_height"": ""15"", ""dm_length"": ""1128"", ""dm_status"": ""Completed"", ""dm_gate_no"": 5, ""dm_gate_sz"": ""12.2 x 5.33"", ""dm_flod_des"": ""1400"", ""dm_gt_ungtd"": null, ""dm_mod_oper"": null, ""dm_ses_zone"": ""Seismic Zone-II"", ""dm_spil_cap"": 1400.0, ""dm_spil_lev"": 26.82, ""dm_gate_type"": ""LG"", ""dm_sluice_sz"": null, ""dm_spil_leng"": null, ""dm_spil_type"": ""OG"", ""dm_cn_gate_no"": null, ""dm_ener_dissp"": null, ""dm_inst_inter"": null, ""dm_perliament"": ""Kakinada"", ""dm_ph_gate_no"": null, ""dm_instru_embed"": null, ""dm_oper_main_age"": ""Irrg.& CAD Dept."", ""dm_sluice_purpose"": null, ""dm_inst_inter_ager"": null, ""dm_no_river_sluice"": null}}",2026-08-29T14:45:46.967391+00:00,2026-08-29T14:45:46.967391+00:00
26,46,1,103,ASSET_REGISTRY,wris_registry_record,,Peddagedda Dam,,,,,,B2,GOVERNMENT_DERIVED_MIRROR,SOURCE_PRESERVED,0.8,False,False,False,AP state filter + external ID + spatial/name resolution,"{""geometry"": {""type"": ""Point"", ""coordinates"": [83.11297336, 18.47038458]}, ""properties"": {""class"": ""Class 2"", ""state"": ""AP"", ""bacode"": ""16"", ""dtcode"": ""Vizianagaram"", ""dam_vol"": null, ""dm_name"": ""Peddagedda Dam"", ""dm_type"": ""TE"", ""nrld_no"": ""AP01MH0140"", ""rivcode"": ""Peddagedda"", ""dm_ncity"": ""Salur"", ""objectid"": 1449, ""strucode"": ""D02205"", ""dm_cmn_yr"": null, ""dm_cmp_yr"": null, ""dm_coment"": null, ""dm_height"": ""24"", ""dm_length"": ""2430"", ""dm_status"": ""Under Construction"", ""dm_gate_no"": 3, ""dm_gate_sz"": ""12 x 8"", ""dm_flod_des"": ""1395"", ""dm_gt_ungtd"": null, ""dm_mod_oper"": null, ""dm_ses_zone"": ""Seismic Zone-II"", ""dm_spil_cap"": 1395.0, ""dm_spil_lev"": 207.0, ""dm_gate_type"": ""RD"", ""dm_sluice_sz"": null, ""dm_spil_leng"": ""36"", ""dm_spil_type"": ""OG"", ""dm_cn_gate_no"": null, ""dm_ener_dissp"": null, ""dm_inst_inter"": null, ""dm_perliament"": ""Araku"", ""dm_ph_gate_no"": null, ""dm_instru_embed"": null, ""dm_oper_main_age"": ""Irrg.& CAD Dept."", ""dm_sluice_purpose"": null, ""dm_inst_inter_ager"": null, ""dm_no_river_sluice"": null}}",2026-08-29T14:45:46.967391+00:00,2026-08-29T14:45:46.967391+00:00
28,47,1,103,ASSET_REGISTRY,wris_registry_record,,Pincha Dam,,,,,,B2,GOVERNMENT_DERIVED_MIRROR,SOURCE_PRESERVED,0.8,False,False,False,AP state filter + external ID + spatial/name resolution,"{""geometry"": {""type"": ""Point"", ""coordinates"": [78.99995959, 13.90914116]}, ""properties"": {""class"": ""CLASS 3"", ""state"": ""AP"", ""bacode"": ""09"", ""dtcode"": ""Y.S.R."", ""dam_vol"": ""150"", ""dm_name"": ""Pincha Dam"", ""dm_type"": ""TE + PG"", ""nrld_no"": ""AP01MH0016"", ""rivcode"": ""Pincha"", ""dm_ncity"": ""Rayachoti"", ""objectid"": 1455, ""strucode"": ""D02216"", ""dm_cmn_yr"": null, ""dm_cmp_yr"": ""1960"", ""dm_coment"": null, ""dm_height"": ""21"", ""dm_length"": ""486"", ""dm_status"": ""Completed"", ""dm_gate_no"": 3, ""dm_gate_sz"": ""12.2 x 4.57"", ""dm_flod_des"": ""1643"", ""dm_gt_ungtd"": null, ""dm_mod_oper"": null, ""dm_ses_zone"": ""Seismic Zone-II"", ""dm_spil_cap"": 1644.0, ""dm_spil_lev"": 297.26, ""dm_gate_type"": ""LG"", ""dm_sluice_sz"": null, ""dm_spil_leng"": null, ""dm_spil_type"": null, ""dm_cn_gate_no"": null, ""dm_ener_dissp"": null, ""dm_inst_inter"": null, ""dm_perliament"": ""Rajampet"", ""dm_ph_gate_no"": null, ""dm_instru_embed"": null, ""dm_oper_main_age"": ""Irrg.& CAD Dept."", ""dm_sluice_purpose"": null, ""dm_inst_inter_ager"": null, ""dm_no_river_sluice"": null}}",2026-08-29T14:45:46.967391+00:00,2026-08-29T14:45:46.967391+00:00
29,48,1,103,ASSET_REGISTRY,wris_registry_record,,Gajuladinne (Sanjeevaiah Sagar) Dam,,,,,,B2,GOVERNMENT_DERIVED_MIRROR,SOURCE_PRESERVED,0.8,False,False,False,AP state filter + external ID + spatial/name resolution,"{""geometry"": {""type"": ""Point"", ""coordinates"": [77.6196078, 15.69345933]}, ""properties"": {""class"": ""Class 2"", ""state"": ""AP"", ""bacode"": ""04"", ""dtcode"": ""Kurnool"", ""dam_vol"": null, ""dm_name"": ""Gajuladinne (Sanjeevaiah Sagar) Dam"", ""dm_type"": ""TE"", ""nrld_no"": ""AP01MH0047"", ""rivcode"": ""Handri"", ""dm_ncity"": ""Pattikonda"", ""objectid"": 1459, ""strucode"": ""D01946"", ""dm_cmn_yr"": null, ""dm_cmp_yr"": ""1979"", ""dm_coment"": null, ""dm_height"": ""19"", ""dm_length"": ""4400"", ""dm_status"": ""Completed"", ""dm_gate_no"": 6, ""dm_gate_sz"": ""12 x 7.35"", ""dm_flod_des"": ""2265"", ""dm_gt_ungtd"": null, ""dm_mod_oper"": null, ""dm_ses_zone"": ""Seismic Zone-II"", ""dm_spil_cap"": 2267.0, ""dm_spil_lev"": 371.0, ""dm_gate_type"": ""LG"", ""dm_sluice_sz"": null, ""dm_spil_leng"": null, ""dm_spil_type"": ""OG"", ""dm_cn_gate_no"": null, ""dm_ener_dissp"": null, ""dm_inst_inter"": null, ""dm_perliament"": ""Kurnool"", ""dm_ph_gate_no"": null, ""dm_instru_embed"": null, ""dm_oper_main_age"": ""Irrg.& CAD Dept."", ""dm_sluice_purpose"": null, ""dm_inst_inter_ager"": null, ""dm_no_river_sluice"": null}}",2026-08-29T14:45:46.967391+00:00,2026-08-29T14:45:46.967391+00:00
30,49,1,103,ASSET_REGISTRY,wris_registry_record,,Gandipalem /Pcr Gandipalem Dam,,,,,,B2,GOVERNMENT_DERIVED_MIRROR,SOURCE_PRESERVED,0.8,False,False,False,AP state filter + external ID + spatial/name resolution,"{""geometry"": {""type"": ""Point"", ""coordinates"": [79.29765101, 14.99069647]}, ""properties"": {""class"": ""Class 2"", ""state"": ""AP"", ""bacode"": ""16"", ""dtcode"": ""Sri Potti Sriramulu Nellore"", ""dam_vol"": ""815"", ""dm_name"": ""Gandipalem /Pcr Gandipalem Dam"", ""dm_type"": ""TE + PG"", ""nrld_no"": ""AP01MH0063"", ""rivcode"": ""Pillaperu"", ""dm_ncity"": ""Udayagiri"", ""objectid"": 1460, ""strucode"": ""D01951"", ""dm_cmn_yr"": null, ""dm_cmp_yr"": ""1981"", ""dm_coment"": ""Patta = 2177 acres, Government = 160 acres\nTotal = 2337 acres Affected villages No's - 4 Chodapalli, Ganepalli, Krishnampalli, Jettivaripalli"", ""dm_height"": ""21"", ""dm_length"": ""388"", ""dm_status"": ""Completed"", ""dm_gate_no"": 4, ""dm_gate_sz"": ""12.2 x 7.9"", ""dm_flod_des"": ""1656.5353718"", ""dm_gt_ungtd"": null, ""dm_mod_oper"": null, ""dm_ses_zone"": ""Seismic Zone-II"", ""dm_spil_cap"": 1658.0, ""dm_spil_lev"": 140.21, ""dm_gate_type"": ""LG"", ""dm_sluice_sz"": null, ""dm_spil_leng"": null, ""dm_spil_type"": ""OG"", ""dm_cn_gate_no"": null, ""dm_ener_dissp"": null, ""dm_inst_inter"": null, ""dm_perliament"": ""Nellore"", ""dm_ph_gate_no"": null, ""dm_instru_embed"": null, ""dm_oper_main_age"": ""Irrg.& CAD Dept."", ""dm_sluice_purpose"": null, ""dm_inst_inter_ager"": null, ""dm_no_river_sluice"": null}}",2026-08-29T14:45:46.967391+00:00,2026-08-29T14:45:46.967391+00:00
31,50,1,103,ASSET_REGISTRY,wris_registry_record,,Raiwada Dam,,,,,,B2,GOVERNMENT_DERIVED_MIRROR,SOURCE_PRESERVED,0.8,False,False,False,AP state filter + external ID + spatial/name resolution,"{""geometry"": {""type"": ""Point"", ""coordinates"": [82.96579849, 18.00663975]}, ""properties"": {""class"": ""Class 2"", ""state"": ""AP"", ""bacode"": ""16"", ""dtcode"": ""Visakhapatnam"", ""dam_vol"": ""2360"", ""dm_name"": ""Raiwada Dam"", ""dm_type"": ""TE"", ""nrld_no"": ""AP01MH0053"", ""rivcode"": ""Sarada"", ""dm_ncity"": ""Chodavaram"", ""objectid"": 1476, ""strucode"": ""D02223"", ""dm_cmn_yr"": null, ""dm_cmp_yr"": ""1981"", ""dm_coment"": null, ""dm_height"": ""28"", ""dm_length"": ""5750"", ""dm_status"": ""Completed"", ""dm_gate_no"": 10, ""dm_gate_sz"": ""12.20x4.20"", ""dm_flod_des"": ""1897.2285455"", ""dm_gt_ungtd"": null, ""dm_mod_oper"": null, ""dm_ses_zone"": ""Seismic Zone-II"", ""dm_spil_cap"": 1897.0, ""dm_spil_lev"": 110.0, ""dm_gate_type"": ""LG"", ""dm_sluice_sz"": null, ""dm_spil_leng"": null, ""dm_spil_type"": ""OG"", ""dm_cn_gate_no"": null, ""dm_ener_dissp"": null, ""dm_inst_inter"": null, ""dm_perliament"": ""Araku"", ""dm_ph_gate_no"": null, ""dm_instru_embed"": null, ""dm_oper_main_age"": ""Irrg.& CAD Dept."", ""dm_sluice_purpose"": null, ""dm_inst_inter_ager"": null, ""dm_no_river_sluice"": null}}",2026-08-29T14:45:46.967391+00:00,2026-08-29T14:45:46.967391+00:00
32,51,1,103,ASSET_REGISTRY,wris_registry_record,,Rallapadu Dam,,,,,,B2,GOVERNMENT_DERIVED_MIRROR,SOURCE_PRESERVED,0.8,False,False,False,AP state filter + external ID + spatial/name resolution,"{""geometry"": {""type"": ""Point"", ""coordinates"": [79.71923441, 15.05547117]}, ""properties"": {""class"": ""Class 2"", ""state"": ""AP"", ""bacode"": ""16"", ""dtcode"": ""Prakasam"", ""dam_vol"": null, ""dm_name"": ""Rallapadu Dam"", ""dm_type"": ""TE"", ""nrld_no"": ""AP01LH0013"", ""rivcode"": ""Manneru"", ""dm_ncity"": ""Kandukur"", ""objectid"": 1478, ""strucode"": ""D02227"", ""dm_cmn_yr"": ""1950"", ""dm_cmp_yr"": ""1958"", ""dm_coment"": null, ""dm_height"": ""13.85"", ""dm_length"": ""2951"", ""dm_status"": ""Completed"", ""dm_gate_no"": 15, ""dm_gate_sz"": ""10 -12.19 x 4.57 and 5 -12.19 x 7.62"", ""dm_flod_des"": ""7943.1579001"", ""dm_gt_ungtd"": null, ""dm_mod_oper"": null, ""dm_ses_zone"": ""Seismic Zone-III"", ""dm_spil_cap"": 3426.0, ""dm_spil_lev"": 115.0, ""dm_gate_type"": ""RD"", ""dm_sluice_sz"": null, ""dm_spil_leng"": null, ""dm_spil_type"": ""OG"", ""dm_cn_gate_no"": null, ""dm_ener_dissp"": null, ""dm_inst_inter"": null, ""dm_perliament"": ""Nellore"", ""dm_ph_gate_no"": null, ""dm_instru_embed"": null, ""dm_oper_main_age"": ""Irrg.& CAD Dept."", ""dm_sluice_purpose"": null, ""dm_inst_inter_ager"": null, ""dm_no_river_sluice"": null}}",2026-08-29T14:45:46.967391+00:00,2026-08-29T14:45:46.967391+00:00
33,52,1,103,ASSET_REGISTRY,wris_registry_record,,Jalleru Dam,,,,,,B2,GOVERNMENT_DERIVED_MIRROR,SOURCE_PRESERVED,0.8,False,False,False,AP state filter + external ID + spatial/name resolution,"{""geometry"": {""type"": ""Point"", ""coordinates"": [81.34574665, 17.29000348]}, ""properties"": {""class"": ""Class 2"", ""state"": ""AP"", ""bacode"": ""16"", ""dtcode"": ""West Godavari"", ""dam_vol"": ""1069"", ""dm_name"": ""Jalleru Dam"", ""dm_type"": ""TE + PG"", ""nrld_no"": ""AP01HH0064"", ""rivcode"": ""Jalleru"", ""dm_ncity"": ""Polavaram"", ""objectid"": 1494, ""strucode"": ""D01964"", ""dm_cmn_yr"": null, ""dm_cmp_yr"": ""1992"", ""dm_coment"": null, ""dm_height"": ""31.42"", ""dm_length"": ""1790"", ""dm_status"": ""Completed"", ""dm_gate_no"": null, ""dm_gate_sz"": ""12.00 x 7.20"", ""dm_flod_des"": ""339.8"", ""dm_gt_ungtd"": null, ""dm_mod_oper"": null, ""dm_ses_zone"": ""Seismic Zone-III"", ""dm_spil_cap"": 348.0, ""dm_spil_lev"": 210.6, ""dm_gate_type"": ""RD"", ""dm_sluice_sz"": null, ""dm_spil_leng"": null, ""dm_spil_type"": null, ""dm_cn_gate_no"": null, ""dm_ener_dissp"": null, ""dm_inst_inter"": null, ""dm_perliament"": ""Eluru"", ""dm_ph_gate_no"": null, ""dm_instru_embed"": null, ""dm_oper_main_age"": ""Irrg.& CAD Dept."", ""dm_sluice_purpose"": null, ""dm_inst_inter_ager"": null, ""dm_no_river_sluice"": null}}",2026-08-29T14:45:46.967391+00:00,2026-08-29T14:45:46.967391+00:00
34,53,1,103,ASSET_REGISTRY,wris_registry_record,,Jhanjhavathi / Janjavathi Dam,,,,,,B2,GOVERNMENT_DERIVED_MIRROR,SOURCE_PRESERVED,0.8,False,False,False,AP state filter + external ID + spatial/name resolution,"{""geometry"": {""type"": ""Point"", ""coordinates"": [83.43455871, 18.86274443]}, ""properties"": {""class"": ""Class 2"", ""state"": ""AP"", ""bacode"": ""16"", ""dtcode"": ""Vizianagaram"", ""dam_vol"": ""2919"", ""dm_name"": ""Jhanjhavathi / Janjavathi Dam"", ""dm_type"": ""TE"", ""nrld_no"": ""AP01HH0132"", ""rivcode"": ""Svarnamukhi Gomula"", ""dm_ncity"": ""Parvathipuram"", ""objectid"": 1495, ""strucode"": ""D01971"", ""dm_cmn_yr"": null, ""dm_cmp_yr"": null, ""dm_coment"": null, ""dm_height"": ""34"", ""dm_length"": ""4370"", ""dm_status"": ""Completed"", ""dm_gate_no"": 6, ""dm_gate_sz"": ""12  x 11"", ""dm_flod_des"": ""6200"", ""dm_gt_ungtd"": null, ""dm_mod_oper"": null, ""dm_ses_zone"": ""Seismic Zone-II"", ""dm_spil_cap"": 3398.0, ""dm_spil_lev"": 135.2, ""dm_gate_type"": ""RD"", ""dm_sluice_sz"": null, ""dm_spil_leng"": ""89.5"", ""dm_spil_type"": null, ""dm_cn_gate_no"": null, ""dm_ener_dissp"": null, ""dm_inst_inter"": null, ""dm_perliament"": ""Araku"", ""dm_ph_gate_no"": null, ""dm_instru_embed"": null, ""dm_oper_main_age"": ""Irrg.& CAD Dept."", ""dm_sluice_purpose"": null, ""dm_inst_inter_ager"": null, ""dm_no_river_sluice"": null}}",2026-08-29T14:45:46.967391+00:00,2026-08-29T14:45:46.967391+00:00
35,54,1,103,ASSET_REGISTRY,wris_registry_record,,Kalangi Dam,,,,,,B2,GOVERNMENT_DERIVED_MIRROR,SOURCE_PRESERVED,0.8,False,False,False,AP state filter + external ID + spatial/name resolution,"{""geometry"": {""type"": ""Point"", ""coordinates"": [79.79502307, 13.60794554]}, ""properties"": {""class"": ""CLASS 3"", ""state"": ""AP"", ""bacode"": ""17"", ""dtcode"": ""Chittoor"", ""dam_vol"": null, ""dm_name"": ""Kalangi Dam"", ""dm_type"": ""TE"", ""nrld_no"": ""AP01MH0015"", ""rivcode"": ""Kalangi"", ""dm_ncity"": ""Sri Kalahasti"", ""objectid"": 1497, ""strucode"": ""D01989"", ""dm_cmn_yr"": null, ""dm_cmp_yr"": ""1960"", ""dm_coment"": null, ""dm_height"": ""18"", ""dm_length"": ""3977"", ""dm_status"": ""Completed"", ""dm_gate_no"": 3, ""dm_gate_sz"": ""12.91 x 7.62"", ""dm_flod_des"": ""1387.5253542"", ""dm_gt_ungtd"": null, ""dm_mod_oper"": null, ""dm_ses_zone"": ""Seismic Zone-III"", ""dm_spil_cap"": 1389.0, ""dm_spil_lev"": null, ""dm_gate_type"": ""RD"", ""dm_sluice_sz"": null, ""dm_spil_leng"": ""506"", ""dm_spil_type"": null, ""dm_cn_gate_no"": null, ""dm_ener_dissp"": null, ""dm_inst_inter"": null, ""dm_perliament"": ""Tirupati"", ""dm_ph_gate_no"": null, ""dm_instru_embed"": null, ""dm_oper_main_age"": ""Irrg.& CAD Dept."", ""dm_sluice_purpose"": null, ""dm_inst_inter_ager"": null, ""dm_no_river_sluice"": null}}",2026-08-29T14:45:46.967391+00:00,2026-08-29T14:45:46.967391+00:00
36,55,1,103,ASSET_REGISTRY,wris_registry_record,,Konam Dam,,,,,,B2,GOVERNMENT_DERIVED_MIRROR,SOURCE_PRESERVED,0.8,False,False,False,AP state filter + external ID + spatial/name resolution,"{""geometry"": {""type"": ""Point"", ""coordinates"": [82.85416886, 17.96612358]}, ""properties"": {""class"": ""Class 2"", ""state"": ""AP"", ""bacode"": ""16"", ""dtcode"": ""Visakhapatnam"", ""dam_vol"": ""267"", ""dm_name"": ""Konam Dam"", ""dm_type"": ""TE"", ""nrld_no"": ""AP01MH0056"", ""rivcode"": ""Pedol"", ""dm_ncity"": ""Chodavaram"", ""objectid"": 1500, ""strucode"": ""D02025"", ""dm_cmn_yr"": null, ""dm_cmp_yr"": ""1980"", ""dm_coment"": null, ""dm_height"": ""23"", ""dm_length"": ""339"", ""dm_status"": ""Completed"", ""dm_gate_no"": 3, ""dm_gate_sz"": ""12.2 x 6"", ""dm_flod_des"": ""1245.9411344"", ""dm_gt_ungtd"": null, ""dm_mod_oper"": null, ""dm_ses_zone"": ""Seismic Zone-II"", ""dm_spil_cap"": 1260.0, ""dm_spil_lev"": 95.25, ""dm_gate_type"": ""LG"", ""dm_sluice_sz"": null, ""dm_spil_leng"": ""296"", ""dm_spil_type"": ""OG"", ""dm_cn_gate_no"": null, ""dm_ener_dissp"": null, ""dm_inst_inter"": null, ""dm_perliament"": ""Anakapalli"", ""dm_ph_gate_no"": null, ""dm_instru_embed"": null, ""dm_oper_main_age"": ""Irrg.& CAD Dept."", ""dm_sluice_purpose"": null, ""dm_inst_inter_ager"": null, ""dm_no_river_sluice"": null}}",2026-08-29T14:45:46.967391+00:00,2026-08-29T14:45:46.967391+00:00
37,56,1,103,ASSET_REGISTRY,wris_registry_record,,Kovvadakalva Dam,,,,,,B2,GOVERNMENT_DERIVED_MIRROR,SOURCE_PRESERVED,0.8,False,False,False,AP state filter + external ID + spatial/name resolution,"{""geometry"": {""type"": ""Point"", ""coordinates"": [81.5079656, 17.19816059]}, ""properties"": {""class"": ""Class 2"", ""state"": ""AP"", ""bacode"": ""03"", ""dtcode"": ""West Godavari"", ""dam_vol"": null, ""dm_name"": ""Kovvadakalva Dam"", ""dm_type"": ""TE"", ""nrld_no"": null, ""rivcode"": ""Kovvada kalva"", ""dm_ncity"": ""Polavaram"", ""objectid"": 1503, ""strucode"": ""D02041"", ""dm_cmn_yr"": null, ""dm_cmp_yr"": ""2004"", ""dm_coment"": ""dam purpose for industrial also. Patta land: 208.00 ha; poramboke land: 39.00 ha"", ""dm_height"": ""22.04"", ""dm_length"": ""1630"", ""dm_status"": ""Completed"", ""dm_gate_no"": 3, ""dm_gate_sz"": ""10.00  x 6.00"", ""dm_flod_des"": ""17.84810675"", ""dm_gt_ungtd"": null, ""dm_mod_oper"": null, ""dm_ses_zone"": ""Seismic Zone-III"", ""dm_spil_cap"": 630.0, ""dm_spil_lev"": 84.5, ""dm_gate_type"": ""RD"", ""dm_sluice_sz"": null, ""dm_spil_leng"": ""35.5"", ""dm_spil_type"": null, ""dm_cn_gate_no"": null, ""dm_ener_dissp"": null, ""dm_inst_inter"": null, ""dm_perliament"": ""Eluru"", ""dm_ph_gate_no"": null, ""dm_instru_embed"": null, ""dm_oper_main_age"": null, ""dm_sluice_purpose"": null, ""dm_inst_inter_ager"": null, ""dm_no_river_sluice"": null}}",2026-08-29T14:45:46.967391+00:00,2026-08-29T14:45:46.967391+00:00
38,57,1,103,ASSET_REGISTRY,wris_registry_record,,Krishnapuram (Chittor) Dam,,,,,,B2,GOVERNMENT_DERIVED_MIRROR,SOURCE_PRESERVED,0.8,False,False,False,AP state filter + external ID + spatial/name resolution,"{""geometry"": {""type"": ""Point"", ""coordinates"": [79.35319891, 13.36900447]}, ""properties"": {""class"": ""CLASS 3"", ""state"": ""AP"", ""bacode"": ""17"", ""dtcode"": ""Chittoor"", ""dam_vol"": ""380"", ""dm_name"": ""Krishnapuram (Chittor) Dam"", ""dm_type"": ""TE"", ""nrld_no"": ""AP01MH0052"", ""rivcode"": ""Kaulasthali"", ""dm_ncity"": ""Puttur"", ""objectid"": 1504, ""strucode"": ""D02050"", ""dm_cmn_yr"": null, ""dm_cmp_yr"": ""1981"", ""dm_coment"": null, ""dm_height"": ""21"", ""dm_length"": ""488"", ""dm_status"": ""Completed"", ""dm_gate_no"": 3, ""dm_gate_sz"": ""12.20x6.10"", ""dm_flod_des"": ""1069"", ""dm_gt_ungtd"": null, ""dm_mod_oper"": null, ""dm_ses_zone"": ""Seismic Zone-III"", ""dm_spil_cap"": 1077.0, ""dm_spil_lev"": 207.0, ""dm_gate_type"": ""LG"", ""dm_sluice_sz"": null, ""dm_spil_leng"": null, ""dm_spil_type"": ""OG"", ""dm_cn_gate_no"": null, ""dm_ener_dissp"": null, ""dm_inst_inter"": null, ""dm_perliament"": ""Chittoor"", ""dm_ph_gate_no"": null, ""dm_instru_embed"": null, ""dm_oper_main_age"": ""Irrg.& CAD Dept."", ""dm_sluice_purpose"": null, ""dm_inst_inter_ager"": null, ""dm_no_river_sluice"": null}}",2026-08-29T14:45:46.967391+00:00,2026-08-29T14:45:46.967391+00:00
39,58,1,103,ASSET_REGISTRY,wris_registry_record,,Lower Sagileru Dam,,,,,,B2,GOVERNMENT_DERIVED_MIRROR,SOURCE_PRESERVED,0.8,False,False,False,AP state filter + external ID + spatial/name resolution,"{""geometry"": {""type"": ""Point"", ""coordinates"": [78.94818736, 14.95356084]}, ""properties"": {""class"": ""CLASS 3"", ""state"": ""AP"", ""bacode"": ""09"", ""dtcode"": ""Y.S.R."", ""dam_vol"": null, ""dm_name"": ""Lower Sagileru Dam"", ""dm_type"": ""TE"", ""nrld_no"": null, ""rivcode"": ""Sagileru"", ""dm_ncity"": ""Badvel"", ""objectid"": 1508, ""strucode"": ""D02086"", ""dm_cmn_yr"": null, ""dm_cmp_yr"": ""1959"", ""dm_coment"": null, ""dm_height"": ""22.91"", ""dm_length"": ""1905"", ""dm_status"": ""Completed"", ""dm_gate_no"": 5, ""dm_gate_sz"": ""12.20x5.49"", ""dm_flod_des"": ""123.46143968"", ""dm_gt_ungtd"": null, ""dm_mod_oper"": null, ""dm_ses_zone"": ""Seismic Zone-II"", ""dm_spil_cap"": null, ""dm_spil_lev"": 151.49, ""dm_gate_type"": ""LG"", ""dm_sluice_sz"": null, ""dm_spil_leng"": ""70.7"", ""dm_spil_type"": ""OG"", ""dm_cn_gate_no"": null, ""dm_ener_dissp"": null, ""dm_inst_inter"": null, ""dm_perliament"": ""Kadapa"", ""dm_ph_gate_no"": null, ""dm_instru_embed"": null, ""dm_oper_main_age"": null, ""dm_sluice_purpose"": null, ""dm_inst_inter_ager"": null, ""dm_no_river_sluice"": null}}",2026-08-29T14:45:46.967391+00:00,2026-08-29T14:45:46.967391+00:00
40,59,1,103,ASSET_REGISTRY,wris_registry_record,,Maddigedda Dam,,,,,,B2,GOVERNMENT_DERIVED_MIRROR,SOURCE_PRESERVED,0.8,False,False,False,AP state filter + external ID + spatial/name resolution,"{""geometry"": {""type"": ""Point"", ""coordinates"": [82.01205806, 17.48579608]}, ""properties"": {""class"": ""Class 2"", ""state"": ""AP"", ""bacode"": ""16"", ""dtcode"": ""East Godavari"", ""dam_vol"": ""526"", ""dm_name"": ""Maddigedda Dam"", ""dm_type"": ""TE"", ""nrld_no"": ""AP01MH0078"", ""rivcode"": ""Janjhavathi"", ""dm_ncity"": ""Ellavaram"", ""objectid"": 1509, ""strucode"": ""D02109"", ""dm_cmn_yr"": null, ""dm_cmp_yr"": ""1981"", ""dm_coment"": null, ""dm_height"": ""27"", ""dm_length"": ""862"", ""dm_status"": ""Completed"", ""dm_gate_no"": 4, ""dm_gate_sz"": ""12.0x4.5"", ""dm_flod_des"": ""962.77269475"", ""dm_gt_ungtd"": null, ""dm_mod_oper"": null, ""dm_ses_zone"": ""Seismic Zone-II"", ""dm_spil_cap"": 969.0, ""dm_spil_lev"": 183.5, ""dm_gate_type"": ""LG"", ""dm_sluice_sz"": null, ""dm_spil_leng"": null, ""dm_spil_type"": null, ""dm_cn_gate_no"": null, ""dm_ener_dissp"": null, ""dm_inst_inter"": null, ""dm_perliament"": ""Araku"", ""dm_ph_gate_no"": null, ""dm_instru_embed"": null, ""dm_oper_main_age"": ""Irrg.& CAD Dept."", ""dm_sluice_purpose"": null, ""dm_inst_inter_ager"": null, ""dm_no_river_sluice"": null}}",2026-08-29T14:45:46.967391+00:00,2026-08-29T14:45:46.967391+00:00
41,60,1,103,ASSET_REGISTRY,wris_registry_record,,Madduvalasa Dam,,,,,,B2,GOVERNMENT_DERIVED_MIRROR,SOURCE_PRESERVED,0.8,False,False,False,AP state filter + external ID + spatial/name resolution,"{""geometry"": {""type"": ""Point"", ""coordinates"": [83.61923487, 18.58732798]}, ""properties"": {""class"": ""Class 2"", ""state"": ""AP"", ""bacode"": ""16"", ""dtcode"": ""Srikakulam"", ""dam_vol"": ""867"", ""dm_name"": ""Madduvalasa Dam"", ""dm_type"": ""TE"", ""nrld_no"": ""AP01MH0075"", ""rivcode"": ""Maddigedda/Suvarnamukhi tributary of Nagavali"", ""dm_ncity"": ""Palakonda"", ""objectid"": 1510, ""strucode"": ""D02113"", ""dm_cmn_yr"": null, ""dm_cmp_yr"": ""2002"", ""dm_coment"": ""Villages affected: Fully - 5 Partially - 4 villages"", ""dm_height"": ""16"", ""dm_length"": ""2320"", ""dm_status"": ""Completed"", ""dm_gate_no"": 11, ""dm_gate_sz"": ""12.0 x 7.63"", ""dm_flod_des"": ""5590"", ""dm_gt_ungtd"": null, ""dm_mod_oper"": null, ""dm_ses_zone"": ""Seismic Zone-II"", ""dm_spil_cap"": 5595.0, ""dm_spil_lev"": 57.37, ""dm_gate_type"": ""RD"", ""dm_sluice_sz"": null, ""dm_spil_leng"": ""159.5"", ""dm_spil_type"": ""OG"", ""dm_cn_gate_no"": null, ""dm_ener_dissp"": null, ""dm_inst_inter"": null, ""dm_perliament"": ""Vizianagaram"", ""dm_ph_gate_no"": null, ""dm_instru_embed"": null, ""dm_oper_main_age"": ""Irrg.& CAD Dept."", ""dm_sluice_purpose"": null, ""dm_inst_inter_ager"": null, ""dm_no_river_sluice"": null}}",2026-08-29T14:45:46.967391+00:00,2026-08-29T14:45:46.967391+00:00
42,61,1,103,ASSET_REGISTRY,wris_registry_record,,Siddalagandi Dam,,,,,,B2,GOVERNMENT_DERIVED_MIRROR,SOURCE_PRESERVED,0.8,False,False,False,AP state filter + external ID + spatial/name resolution,"{""geometry"": {""type"": ""Point"", ""coordinates"": [79.13996135, 13.8314465]}, ""properties"": {""class"": ""CLASS 3"", ""state"": ""AP"", ""bacode"": ""09"", ""dtcode"": ""Chittoor"", ""dam_vol"": null, ""dm_name"": ""Siddalagandi Dam"", ""dm_type"": ""TE"", ""nrld_no"": ""AP01MH0017"", ""rivcode"": ""Talakona"", ""dm_ncity"": ""Vayalpad"", ""objectid"": 1653, ""strucode"": ""D02244"", ""dm_cmn_yr"": null, ""dm_cmp_yr"": ""1959"", ""dm_coment"": null, ""dm_height"": ""12"", ""dm_length"": ""1795"", ""dm_status"": ""Completed"", ""dm_gate_no"": null, ""dm_gate_sz"": null, ""dm_flod_des"": ""66.601217001"", ""dm_gt_ungtd"": ""UG"", ""dm_mod_oper"": null, ""dm_ses_zone"": ""Seismic Zone-III"", ""dm_spil_cap"": 67.0, ""dm_spil_lev"": null, ""dm_gate_type"": ""UG"", ""dm_sluice_sz"": null, ""dm_spil_leng"": null, ""dm_spil_type"": null, ""dm_cn_gate_no"": null, ""dm_ener_dissp"": null, ""dm_inst_inter"": null, ""dm_perliament"": ""Chittoor"", ""dm_ph_gate_no"": null, ""dm_instru_embed"": null, ""dm_oper_main_age"": ""Irrg.& CAD Dept."", ""dm_sluice_purpose"": null, ""dm_inst_inter_ager"": null, ""dm_no_river_sluice"": null}}",2026-08-29T14:45:46.967391+00:00,2026-08-29T14:45:46.967391+00:00
43,62,1,103,ASSET_REGISTRY,wris_registry_record,,Surampalem Dam,,,,,,B2,GOVERNMENT_DERIVED_MIRROR,SOURCE_PRESERVED,0.8,False,False,False,AP state filter + external ID + spatial/name resolution,"{""geometry"": {""type"": ""Point"", ""coordinates"": [81.90270192, 17.3361651]}, ""properties"": {""class"": ""CLASS 3"", ""state"": ""AP"", ""bacode"": ""03"", ""dtcode"": ""East Godavari"", ""dam_vol"": null, ""dm_name"": ""Surampalem Dam"", ""dm_type"": null, ""nrld_no"": null, ""rivcode"": ""Burada Kalva"", ""dm_ncity"": ""Ellavaram"", ""objectid"": 1656, ""strucode"": ""D02269"", ""dm_cmn_yr"": null, ""dm_cmp_yr"": null, ""dm_coment"": null, ""dm_height"": null, ""dm_length"": null, ""dm_status"": ""Completed"", ""dm_gate_no"": null, ""dm_gate_sz"": null, ""dm_flod_des"": null, ""dm_gt_ungtd"": null, ""dm_mod_oper"": null, ""dm_ses_zone"": ""Seismic Zone-II"", ""dm_spil_cap"": null, ""dm_spil_lev"": null, ""dm_gate_type"": null, ""dm_sluice_sz"": null, ""dm_spil_leng"": null, ""dm_spil_type"": null, ""dm_cn_gate_no"": null, ""dm_ener_dissp"": null, ""dm_inst_inter"": null, ""dm_perliament"": ""Araku"", ""dm_ph_gate_no"": null, ""dm_instru_embed"": null, ""dm_oper_main_age"": null, ""dm_sluice_purpose"": null, ""dm_inst_inter_ager"": null, ""dm_no_river_sluice"": null}}",2026-08-29T14:45:46.967391+00:00,2026-08-29T14:45:46.967391+00:00
44,63,1,103,ASSET_REGISTRY,wris_registry_record,,Kumili Dam,,,,,,B2,GOVERNMENT_DERIVED_MIRROR,SOURCE_PRESERVED,0.8,False,False,False,AP state filter + external ID + spatial/name resolution,"{""geometry"": {""type"": ""Point"", ""coordinates"": [83.51407376, 18.12159194]}, ""properties"": {""class"": ""CLASS 3"", ""state"": ""AP"", ""bacode"": ""16"", ""dtcode"": ""Vizianagaram"", ""dam_vol"": null, ""dm_name"": ""Kumili Dam"", ""dm_type"": null, ""nrld_no"": null, ""rivcode"": ""Champavathi"", ""dm_ncity"": ""Puspatirega"", ""objectid"": 1711, ""strucode"": ""D02317"", ""dm_cmn_yr"": null, ""dm_cmp_yr"": null, ""dm_coment"": ""partially 7 villages are affected"", ""dm_height"": null, ""dm_length"": ""8450"", ""dm_status"": null, ""dm_gate_no"": 4, ""dm_gate_sz"": ""6 x 6"", ""dm_flod_des"": null, ""dm_gt_ungtd"": null, ""dm_mod_oper"": null, ""dm_ses_zone"": ""Seismic Zone-II"", ""dm_spil_cap"": null, ""dm_spil_lev"": null, ""dm_gate_type"": ""RD"", ""dm_sluice_sz"": null, ""dm_spil_leng"": null, ""dm_spil_type"": ""OG"", ""dm_cn_gate_no"": null, ""dm_ener_dissp"": null, ""dm_inst_inter"": null, ""dm_perliament"": ""Vizianagaram"", ""dm_ph_gate_no"": null, ""dm_instru_embed"": null, ""dm_oper_main_age"": null, ""dm_sluice_purpose"": null, ""dm_inst_inter_ager"": null, ""dm_no_river_sluice"": null}}",2026-08-29T14:45:46.967391+00:00,2026-08-29T14:45:46.967391+00:00
45,64,1,103,ASSET_REGISTRY,wris_registry_record,,Thammileru Dam,,,,,,B2,GOVERNMENT_DERIVED_MIRROR,SOURCE_PRESERVED,0.8,False,False,False,AP state filter + external ID + spatial/name resolution,"{""geometry"": {""type"": ""Point"", ""coordinates"": [80.9240973, 17.00509972]}, ""properties"": {""class"": ""Class 2"", ""state"": ""AP"", ""bacode"": ""16"", ""dtcode"": ""Krishna"", ""dam_vol"": ""2549"", ""dm_name"": ""Thammileru Dam"", ""dm_type"": ""TE"", ""nrld_no"": ""AP01MH0065"", ""rivcode"": ""Thammileru"", ""dm_ncity"": ""Tiruvuru"", ""objectid"": 1712, ""strucode"": ""D02325"", ""dm_cmn_yr"": ""1969"", ""dm_cmp_yr"": ""1980"", ""dm_coment"": ""Private land 2199.42 acres, Government land. 1232.41 acres for Krishna District\nPrivate land 175.24 acres, Government land 623.40 acres for W.G.District Villages affected are 4 villages in Krishna District, 2 villages in W.G.District No. of families affe"", ""dm_height"": ""23.25"", ""dm_length"": ""6400"", ""dm_status"": ""Completed"", ""dm_gate_no"": 3, ""dm_gate_sz"": ""12.18  x 4.57"", ""dm_flod_des"": ""736.23794304"", ""dm_gt_ungtd"": null, ""dm_mod_oper"": null, ""dm_ses_zone"": ""Seismic Zone-III"", ""dm_spil_cap"": 736.0, ""dm_spil_lev"": 103.63231256, ""dm_gate_type"": ""LG"", ""dm_sluice_sz"": null, ""dm_spil_leng"": null, ""dm_spil_type"": ""OG"", ""dm_cn_gate_no"": null, ""dm_ener_dissp"": null, ""dm_inst_inter"": null, ""dm_perliament"": ""Eluru"", ""dm_ph_gate_no"": null, ""dm_instru_embed"": null, ""dm_oper_main_age"": ""Irrg.& CAD Dept."", ""dm_sluice_purpose"": null, ""dm_inst_inter_ager"": null, ""dm_no_river_sluice"": null}}",2026-08-29T14:45:46.967391+00:00,2026-08-29T14:45:46.967391+00:00
46,65,1,103,ASSET_REGISTRY,wris_registry_record,,Thandava(Sri Raja Sagi Suryanarayana Raju (Srssr) Dam,,,,,,B2,GOVERNMENT_DERIVED_MIRROR,SOURCE_PRESERVED,0.8,False,False,False,AP state filter + external ID + spatial/name resolution,"{""geometry"": {""type"": ""Point"", ""coordinates"": [82.46150758, 17.6213047]}, ""properties"": {""class"": ""Class 2"", ""state"": ""AP"", ""bacode"": ""16"", ""dtcode"": ""Visakhapatnam"", ""dam_vol"": ""199"", ""dm_name"": ""Thandava(Sri Raja Sagi Suryanarayana Raju (Srssr) Dam"", ""dm_type"": ""TE"", ""nrld_no"": ""AP01HH0043"", ""rivcode"": ""Thandava"", ""dm_ncity"": ""Narsipatnam"", ""objectid"": 1713, ""strucode"": ""D02341"", ""dm_cmn_yr"": null, ""dm_cmp_yr"": ""1974"", ""dm_coment"": null, ""dm_height"": ""32.7"", ""dm_length"": ""201"", ""dm_status"": ""Completed"", ""dm_gate_no"": 4, ""dm_gate_sz"": null, ""dm_flod_des"": ""2124"", ""dm_gt_ungtd"": null, ""dm_mod_oper"": null, ""dm_ses_zone"": ""Seismic Zone-II"", ""dm_spil_cap"": 1218.0, ""dm_spil_lev"": 111.37, ""dm_gate_type"": ""LG"", ""dm_sluice_sz"": null, ""dm_spil_leng"": null, ""dm_spil_type"": ""OG"", ""dm_cn_gate_no"": null, ""dm_ener_dissp"": null, ""dm_inst_inter"": null, ""dm_perliament"": ""Araku"", ""dm_ph_gate_no"": null, ""dm_instru_embed"": null, ""dm_oper_main_age"": ""Irrg.& CAD Dept."", ""dm_sluice_purpose"": null, ""dm_inst_inter_ager"": null, ""dm_no_river_sluice"": null}}",2026-08-29T14:45:46.967391+00:00,2026-08-29T14:45:46.967391+00:00
47,66,1,103,ASSET_REGISTRY,wris_registry_record,,Thatipudi Dam,,,,,,B2,GOVERNMENT_DERIVED_MIRROR,SOURCE_PRESERVED,0.8,False,False,False,AP state filter + external ID + spatial/name resolution,"{""geometry"": {""type"": ""Point"", ""coordinates"": [83.19141839, 18.17217773]}, ""properties"": {""class"": ""Class 2"", ""state"": ""AP"", ""bacode"": ""16"", ""dtcode"": ""Vizianagaram"", ""dam_vol"": null, ""dm_name"": ""Thatipudi Dam"", ""dm_type"": ""TE + PG"", ""nrld_no"": ""AP01HH0024"", ""rivcode"": ""Gosthani"", ""dm_ncity"": ""Srungavarapukota"", ""objectid"": 1714, ""strucode"": ""D02344"", ""dm_cmn_yr"": null, ""dm_cmp_yr"": ""1968"", ""dm_coment"": ""Stony type gates"", ""dm_height"": ""37"", ""dm_length"": ""585"", ""dm_status"": ""Completed"", ""dm_gate_no"": 4, ""dm_gate_sz"": ""9.15 x 6.10"", ""dm_flod_des"": ""1401.6837762"", ""dm_gt_ungtd"": null, ""dm_mod_oper"": null, ""dm_ses_zone"": ""Seismic Zone-II"", ""dm_spil_cap"": 1513.0, ""dm_spil_lev"": 84.43, ""dm_gate_type"": ""LG"", ""dm_sluice_sz"": null, ""dm_spil_leng"": null, ""dm_spil_type"": null, ""dm_cn_gate_no"": null, ""dm_ener_dissp"": null, ""dm_inst_inter"": null, ""dm_perliament"": ""Visakhapatnam"", ""dm_ph_gate_no"": null, ""dm_instru_embed"": null, ""dm_oper_main_age"": ""Irrg.& CAD Dept."", ""dm_sluice_purpose"": null, ""dm_inst_inter_ager"": null, ""dm_no_river_sluice"": null}}",2026-08-29T14:45:46.967391+00:00,2026-08-29T14:45:46.967391+00:00
49,67,1,103,ASSET_REGISTRY,wris_registry_record,,Varadaraja Swamy Gudi Dam,,,,,,B2,GOVERNMENT_DERIVED_MIRROR,SOURCE_PRESERVED,0.8,False,False,False,AP state filter + external ID + spatial/name resolution,"{""geometry"": {""type"": ""Point"", ""coordinates"": [78.64643698, 15.966995]}, ""properties"": {""class"": ""Class 2"", ""state"": ""AP"", ""bacode"": ""04"", ""dtcode"": ""Kurnool"", ""dam_vol"": null, ""dm_name"": ""Varadaraja Swamy Gudi Dam"", ""dm_type"": ""TE"", ""nrld_no"": ""AP01MH0148"", ""rivcode"": ""Munimadugulavagu"", ""dm_ncity"": ""Atmakur"", ""objectid"": 1718, ""strucode"": ""D02376"", ""dm_cmn_yr"": null, ""dm_cmp_yr"": ""2000"", ""dm_coment"": null, ""dm_height"": ""22"", ""dm_length"": ""588"", ""dm_status"": ""Completed"", ""dm_gate_no"": 4, ""dm_gate_sz"": ""12.2 x 6.10"", ""dm_flod_des"": ""1025.0697515"", ""dm_gt_ungtd"": null, ""dm_mod_oper"": null, ""dm_ses_zone"": ""Seismic Zone-II"", ""dm_spil_cap"": 1025.0, ""dm_spil_lev"": 363.9, ""dm_gate_type"": ""RD"", ""dm_sluice_sz"": null, ""dm_spil_leng"": null, ""dm_spil_type"": ""OG"", ""dm_cn_gate_no"": null, ""dm_ener_dissp"": null, ""dm_inst_inter"": null, ""dm_perliament"": ""Nandyal"", ""dm_ph_gate_no"": null, ""dm_instru_embed"": null, ""dm_oper_main_age"": ""Irrg.& CAD Dept."", ""dm_sluice_purpose"": null, ""dm_inst_inter_ager"": null, ""dm_no_river_sluice"": null}}",2026-08-29T14:45:46.967391+00:00,2026-08-29T14:45:46.967391+00:00
50,68,1,103,ASSET_REGISTRY,wris_registry_record,,Varaha Dam,,,,,,B2,GOVERNMENT_DERIVED_MIRROR,SOURCE_PRESERVED,0.8,False,False,False,AP state filter + external ID + spatial/name resolution,"{""geometry"": {""type"": ""Point"", ""coordinates"": [82.6755239, 17.81080941]}, ""properties"": {""class"": ""Class 2"", ""state"": ""AP"", ""bacode"": ""16"", ""dtcode"": ""Visakhapatnam"", ""dam_vol"": ""1019"", ""dm_name"": ""Varaha Dam"", ""dm_type"": ""TE"", ""nrld_no"": ""AP01MH0039"", ""rivcode"": ""Varaha"", ""dm_ncity"": ""Chodavaram"", ""objectid"": 1719, ""strucode"": ""D02383"", ""dm_cmn_yr"": null, ""dm_cmp_yr"": ""1975"", ""dm_coment"": null, ""dm_height"": ""25"", ""dm_length"": ""1652"", ""dm_status"": ""Completed"", ""dm_gate_no"": 6, ""dm_gate_sz"": ""10.668 x 1.8288"", ""dm_flod_des"": ""523.29527644"", ""dm_gt_ungtd"": null, ""dm_mod_oper"": null, ""dm_ses_zone"": ""Seismic Zone-II"", ""dm_spil_cap"": 523.0, ""dm_spil_lev"": 138.329, ""dm_gate_type"": null, ""dm_sluice_sz"": null, ""dm_spil_leng"": null, ""dm_spil_type"": null, ""dm_cn_gate_no"": null, ""dm_ener_dissp"": null, ""dm_inst_inter"": null, ""dm_perliament"": ""Anakapalli"", ""dm_ph_gate_no"": null, ""dm_instru_embed"": null, ""dm_oper_main_age"": ""Irrg.& CAD Dept."", ""dm_sluice_purpose"": null, ""dm_inst_inter_ager"": null, ""dm_no_river_sluice"": null}}",2026-08-29T14:45:46.967391+00:00,2026-08-29T14:45:46.967391+00:00
51,69,1,103,ASSET_REGISTRY,wris_registry_record,,Veligallu Dam,,,,,,B2,GOVERNMENT_DERIVED_MIRROR,SOURCE_PRESERVED,0.8,False,False,False,AP state filter + external ID + spatial/name resolution,"{""geometry"": {""type"": ""Point"", ""coordinates"": [78.47679015, 14.03134324]}, ""properties"": {""class"": ""Class 2"", ""state"": ""AP"", ""bacode"": ""09"", ""dtcode"": ""Y.S.R."", ""dam_vol"": null, ""dm_name"": ""Veligallu Dam"", ""dm_type"": ""PG"", ""nrld_no"": ""AP01HH0081"", ""rivcode"": ""Papagni"", ""dm_ncity"": ""Rayachoti"", ""objectid"": 1721, ""strucode"": ""D02492"", ""dm_cmn_yr"": null, ""dm_cmp_yr"": null, ""dm_coment"": ""catchment area is 8874.68 sq.km/3428 sq km as in TAC/4846.00 sq km"", ""dm_height"": ""45"", ""dm_length"": ""810"", ""dm_status"": ""Completed"", ""dm_gate_no"": 4, ""dm_gate_sz"": ""12.00x11.00"", ""dm_flod_des"": ""4273"", ""dm_gt_ungtd"": null, ""dm_mod_oper"": null, ""dm_ses_zone"": ""Seismic Zone-II"", ""dm_spil_cap"": 4361.0, ""dm_spil_lev"": 408.0, ""dm_gate_type"": ""RD"", ""dm_sluice_sz"": null, ""dm_spil_leng"": ""72"", ""dm_spil_type"": ""OG"", ""dm_cn_gate_no"": null, ""dm_ener_dissp"": null, ""dm_inst_inter"": null, ""dm_perliament"": ""Rajampet"", ""dm_ph_gate_no"": null, ""dm_instru_embed"": null, ""dm_oper_main_age"": ""Irrg.& CAD Dept."", ""dm_sluice_purpose"": null, ""dm_inst_inter_ager"": null, ""dm_no_river_sluice"": null}}",2026-08-29T14:45:46.967391+00:00,2026-08-29T14:45:46.967391+00:00
52,70,1,103,ASSET_REGISTRY,wris_registry_record,,Vengalaraya Sagar Dam,,,,,,B2,GOVERNMENT_DERIVED_MIRROR,SOURCE_PRESERVED,0.8,False,False,False,AP state filter + external ID + spatial/name resolution,"{""geometry"": {""type"": ""Point"", ""coordinates"": [83.22158412, 18.62324116]}, ""properties"": {""class"": ""Class 2"", ""state"": ""AP"", ""bacode"": ""16"", ""dtcode"": ""Vizianagaram"", ""dam_vol"": ""2707"", ""dm_name"": ""Vengalaraya Sagar Dam"", ""dm_type"": ""TE"", ""nrld_no"": ""AP01MH0069"", ""rivcode"": ""Suvrnamukhi"", ""dm_ncity"": ""Salur"", ""objectid"": 1722, ""strucode"": ""D02497"", ""dm_cmn_yr"": null, ""dm_cmp_yr"": ""1988"", ""dm_coment"": null, ""dm_height"": ""21"", ""dm_length"": ""1765"", ""dm_status"": ""Completed"", ""dm_gate_no"": 4, ""dm_gate_sz"": ""12 x 6"", ""dm_flod_des"": ""1416"", ""dm_gt_ungtd"": null, ""dm_mod_oper"": null, ""dm_ses_zone"": ""Seismic Zone-II"", ""dm_spil_cap"": 2455.0, ""dm_spil_lev"": 155.0, ""dm_gate_type"": ""RD"", ""dm_sluice_sz"": null, ""dm_spil_leng"": null, ""dm_spil_type"": ""OG"", ""dm_cn_gate_no"": null, ""dm_ener_dissp"": null, ""dm_inst_inter"": null, ""dm_perliament"": ""Araku"", ""dm_ph_gate_no"": null, ""dm_instru_embed"": null, ""dm_oper_main_age"": ""Irrg.& CAD Dept."", ""dm_sluice_purpose"": null, ""dm_inst_inter_ager"": null, ""dm_no_river_sluice"": null}}",2026-08-29T14:45:46.967391+00:00,2026-08-29T14:45:46.967391+00:00
53,71,1,103,ASSET_REGISTRY,wris_registry_record,,Vottigadda Dam,,,,,,B2,GOVERNMENT_DERIVED_MIRROR,SOURCE_PRESERVED,0.8,False,False,False,AP state filter + external ID + spatial/name resolution,"{""geometry"": {""type"": ""Point"", ""coordinates"": [83.58814987, 18.83855824]}, ""properties"": {""class"": ""Class 2"", ""state"": ""AP"", ""bacode"": ""16"", ""dtcode"": ""Vizianagaram"", ""dam_vol"": ""301"", ""dm_name"": ""Vottigadda Dam"", ""dm_type"": ""TE"", ""nrld_no"": ""AP01MH0030"", ""rivcode"": ""Nagavalli"", ""dm_ncity"": ""Parvathipuram"", ""objectid"": 1723, ""strucode"": ""D02508"", ""dm_cmn_yr"": ""1963"", ""dm_cmp_yr"": ""1976"", ""dm_coment"": null, ""dm_height"": ""27"", ""dm_length"": ""2152"", ""dm_status"": ""Completed"", ""dm_gate_no"": 4, ""dm_gate_sz"": ""12.4968 x 6.096"", ""dm_flod_des"": ""1507.5887726"", ""dm_gt_ungtd"": null, ""dm_mod_oper"": null, ""dm_ses_zone"": ""Seismic Zone-II"", ""dm_spil_cap"": 1509.0, ""dm_spil_lev"": 115.52, ""dm_gate_type"": ""LG"", ""dm_sluice_sz"": null, ""dm_spil_leng"": null, ""dm_spil_type"": ""OG"", ""dm_cn_gate_no"": null, ""dm_ener_dissp"": null, ""dm_inst_inter"": null, ""dm_perliament"": ""Araku"", ""dm_ph_gate_no"": null, ""dm_instru_embed"": null, ""dm_oper_main_age"": ""Irrg.& CAD Dept."", ""dm_sluice_purpose"": null, ""dm_inst_inter_ager"": null, ""dm_no_river_sluice"": null}}",2026-08-29T14:45:46.967391+00:00,2026-08-29T14:45:46.967391+00:00
54,72,1,103,ASSET_REGISTRY,wris_registry_record,,Yerrakalva Dam,,,,,,B2,GOVERNMENT_DERIVED_MIRROR,SOURCE_PRESERVED,0.8,False,False,False,AP state filter + external ID + spatial/name resolution,"{""geometry"": {""type"": ""Point"", ""coordinates"": [81.25669309, 17.09982512]}, ""properties"": {""class"": ""Class 2"", ""state"": ""AP"", ""bacode"": ""16"", ""dtcode"": ""West Godavari"", ""dam_vol"": ""1500"", ""dm_name"": ""Yerrakalva Dam"", ""dm_type"": ""TE"", ""nrld_no"": ""AP01MH0076"", ""rivcode"": ""Yerrakalva"", ""dm_ncity"": ""Chintalapudi"", ""objectid"": 1885, ""strucode"": ""D02647"", ""dm_cmn_yr"": null, ""dm_cmp_yr"": ""1988"", ""dm_coment"": ""Glasis Type spillway"", ""dm_height"": ""19.79"", ""dm_length"": ""2700"", ""dm_status"": ""Completed"", ""dm_gate_no"": 4, ""dm_gate_sz"": ""12.00 x 5.00"", ""dm_flod_des"": ""1370.5352478"", ""dm_gt_ungtd"": null, ""dm_mod_oper"": null, ""dm_ses_zone"": ""Seismic Zone-III"", ""dm_spil_cap"": 1371.0, ""dm_spil_lev"": 78.5, ""dm_gate_type"": ""LG"", ""dm_sluice_sz"": null, ""dm_spil_leng"": null, ""dm_spil_type"": ""OT"", ""dm_cn_gate_no"": null, ""dm_ener_dissp"": null, ""dm_inst_inter"": null, ""dm_perliament"": ""Eluru"", ""dm_ph_gate_no"": null, ""dm_instru_embed"": null, ""dm_oper_main_age"": ""Irrg.& CAD Dept."", ""dm_sluice_purpose"": null, ""dm_inst_inter_ager"": null, ""dm_no_river_sluice"": null}}",2026-08-29T14:45:46.967391+00:00,2026-08-29T14:45:46.967391+00:00
55,73,1,103,ASSET_REGISTRY,wris_registry_record,,Yogivemana Dam,,,,,,B2,GOVERNMENT_DERIVED_MIRROR,SOURCE_PRESERVED,0.8,False,False,False,AP state filter + external ID + spatial/name resolution,"{""geometry"": {""type"": ""Point"", ""coordinates"": [78.05159158, 14.35822299]}, ""properties"": {""class"": ""Class 2"", ""state"": ""AP"", ""bacode"": ""09"", ""dtcode"": ""Anantapur"", ""dam_vol"": null, ""dm_name"": ""Yogivemana Dam"", ""dm_type"": ""TE + PG"", ""nrld_no"": ""AP01MH0074"", ""rivcode"": ""Maddeleru River"", ""dm_ncity"": ""Kadiri"", ""objectid"": 1887, ""strucode"": ""D02659"", ""dm_cmn_yr"": ""1991"", ""dm_cmp_yr"": ""2001"", ""dm_coment"": null, ""dm_height"": ""29.46"", ""dm_length"": ""570"", ""dm_status"": ""Completed"", ""dm_gate_no"": 11, ""dm_gate_sz"": ""12x6"", ""dm_flod_des"": ""100.38321185"", ""dm_gt_ungtd"": null, ""dm_mod_oper"": null, ""dm_ses_zone"": ""Seismic Zone-II"", ""dm_spil_cap"": 3545.0, ""dm_spil_lev"": 377.0, ""dm_gate_type"": ""RD"", ""dm_sluice_sz"": null, ""dm_spil_leng"": null, ""dm_spil_type"": ""OG"", ""dm_cn_gate_no"": null, ""dm_ener_dissp"": null, ""dm_inst_inter"": null, ""dm_perliament"": ""Hindupur"", ""dm_ph_gate_no"": null, ""dm_instru_embed"": null, ""dm_oper_main_age"": ""Irrg.& CAD Dept."", ""dm_sluice_purpose"": null, ""dm_inst_inter_ager"": null, ""dm_no_river_sluice"": null}}",2026-08-29T14:45:46.967391+00:00,2026-08-29T14:45:46.967391+00:00
56,74,1,103,ASSET_REGISTRY,wris_registry_record,,Zurreru Dam,,,,,,B2,GOVERNMENT_DERIVED_MIRROR,SOURCE_PRESERVED,0.8,False,False,False,AP state filter + external ID + spatial/name resolution,"{""geometry"": {""type"": ""Point"", ""coordinates"": [78.12610286, 15.32720653]}, ""properties"": {""class"": ""CLASS 3"", ""state"": ""AP"", ""bacode"": ""09"", ""dtcode"": ""Kurnool"", ""dam_vol"": ""199"", ""dm_name"": ""Zurreru Dam"", ""dm_type"": ""TE"", ""nrld_no"": ""AP01MH0022"", ""rivcode"": ""Zurreru"", ""dm_ncity"": ""Banganapalle"", ""objectid"": 1888, ""strucode"": ""D02661"", ""dm_cmn_yr"": null, ""dm_cmp_yr"": ""1963"", ""dm_coment"": ""Shutter type"", ""dm_height"": ""16"", ""dm_length"": ""677"", ""dm_status"": ""Completed"", ""dm_gate_no"": 2, ""dm_gate_sz"": ""12.192 x 24.384"", ""dm_flod_des"": ""589.83985975"", ""dm_gt_ungtd"": null, ""dm_mod_oper"": null, ""dm_ses_zone"": ""Seismic Zone-II"", ""dm_spil_cap"": 649.0, ""dm_spil_lev"": null, ""dm_gate_type"": ""OT"", ""dm_sluice_sz"": null, ""dm_spil_leng"": null, ""dm_spil_type"": null, ""dm_cn_gate_no"": null, ""dm_ener_dissp"": null, ""dm_inst_inter"": null, ""dm_perliament"": ""Nandyal"", ""dm_ph_gate_no"": null, ""dm_instru_embed"": null, ""dm_oper_main_age"": ""Irrg.& CAD Dept."", ""dm_sluice_purpose"": null, ""dm_inst_inter_ager"": null, ""dm_no_river_sluice"": null}}",2026-08-29T14:45:46.967391+00:00,2026-08-29T14:45:46.967391+00:00
57,75,1,103,ASSET_REGISTRY,wris_registry_record,,Ghambiramgedda Dam,,,,,,B2,GOVERNMENT_DERIVED_MIRROR,SOURCE_PRESERVED,0.8,False,False,False,AP state filter + external ID + spatial/name resolution,"{""geometry"": {""type"": ""Point"", ""coordinates"": [83.3522305, 17.87570318]}, ""properties"": {""class"": ""CLASS 3"", ""state"": ""AP"", ""bacode"": ""16"", ""dtcode"": ""Visakhapatnam"", ""dam_vol"": ""173"", ""dm_name"": ""Ghambiramgedda Dam"", ""dm_type"": ""TE"", ""nrld_no"": null, ""rivcode"": ""Gambhiramgedda"", ""dm_ncity"": ""Bhimunipatnam"", ""objectid"": 1889, ""strucode"": ""D02672"", ""dm_cmn_yr"": null, ""dm_cmp_yr"": ""1957"", ""dm_coment"": null, ""dm_height"": ""13"", ""dm_length"": ""369"", ""dm_status"": ""Completed"", ""dm_gate_no"": null, ""dm_gate_sz"": null, ""dm_flod_des"": ""549.34677289"", ""dm_gt_ungtd"": null, ""dm_mod_oper"": null, ""dm_ses_zone"": ""Seismic Zone-II"", ""dm_spil_cap"": 550.0, ""dm_spil_lev"": 37.49051307, ""dm_gate_type"": null, ""dm_sluice_sz"": null, ""dm_spil_leng"": null, ""dm_spil_type"": null, ""dm_cn_gate_no"": null, ""dm_ener_dissp"": null, ""dm_inst_inter"": null, ""dm_perliament"": ""Visakhapatnam"", ""dm_ph_gate_no"": null, ""dm_instru_embed"": null, ""dm_oper_main_age"": null, ""dm_sluice_purpose"": null, ""dm_inst_inter_ager"": null, ""dm_no_river_sluice"": null}}",2026-08-29T14:45:46.967391+00:00,2026-08-29T14:45:46.967391+00:00
58,76,1,103,ASSET_REGISTRY,wris_registry_record,,Nakkalagandi Dam,,,,,,B2,GOVERNMENT_DERIVED_MIRROR,SOURCE_PRESERVED,0.8,False,False,False,AP state filter + external ID + spatial/name resolution,"{""geometry"": {""type"": ""Point"", ""coordinates"": [79.37444669, 15.05772296]}, ""properties"": {""class"": ""CLASS 3"", ""state"": ""AP"", ""bacode"": ""16"", ""dtcode"": ""Sri Potti Sriramulu Nellore"", ""dam_vol"": ""875"", ""dm_name"": ""Nakkalagandi Dam"", ""dm_type"": ""TE"", ""nrld_no"": ""AP01MH0010"", ""rivcode"": ""Uppuvagu"", ""dm_ncity"": ""Udayagiri"", ""objectid"": 2015, ""strucode"": ""D03220"", ""dm_cmn_yr"": null, ""dm_cmp_yr"": ""1958"", ""dm_coment"": ""Total length of surplus weir: 100+60=160m"", ""dm_height"": ""15"", ""dm_length"": ""354"", ""dm_status"": ""Completed"", ""dm_gate_no"": null, ""dm_gate_sz"": null, ""dm_flod_des"": ""934.56"", ""dm_gt_ungtd"": null, ""dm_mod_oper"": null, ""dm_ses_zone"": ""Seismic Zone-II"", ""dm_spil_cap"": 340.0, ""dm_spil_lev"": 113.39, ""dm_gate_type"": null, ""dm_sluice_sz"": null, ""dm_spil_leng"": null, ""dm_spil_type"": null, ""dm_cn_gate_no"": null, ""dm_ener_dissp"": null, ""dm_inst_inter"": null, ""dm_perliament"": ""Nellore"", ""dm_ph_gate_no"": null, ""dm_instru_embed"": null, ""dm_oper_main_age"": ""Irrg.& CAD Dept."", ""dm_sluice_purpose"": null, ""dm_inst_inter_ager"": null, ""dm_no_river_sluice"": null}}",2026-08-29T14:45:46.967391+00:00,2026-08-29T14:45:46.967391+00:00
59,77,1,103,ASSET_REGISTRY,wris_registry_record,,Gundlamotu Dam,,,,,,B2,GOVERNMENT_DERIVED_MIRROR,SOURCE_PRESERVED,0.8,False,False,False,AP state filter + external ID + spatial/name resolution,"{""geometry"": {""type"": ""Point"", ""coordinates"": [78.81859319, 15.35489328]}, ""properties"": {""class"": ""CLASS 3"", ""state"": ""AP"", ""bacode"": ""09"", ""dtcode"": ""Prakasam"", ""dam_vol"": null, ""dm_name"": ""Gundlamotu Dam"", ""dm_type"": ""TE"", ""nrld_no"": null, ""rivcode"": null, ""dm_ncity"": ""Giddalur"", ""objectid"": 2237, ""strucode"": ""D03507"", ""dm_cmn_yr"": null, ""dm_cmp_yr"": null, ""dm_coment"": null, ""dm_height"": ""16"", ""dm_length"": ""605"", ""dm_status"": null, ""dm_gate_no"": null, ""dm_gate_sz"": null, ""dm_flod_des"": null, ""dm_gt_ungtd"": null, ""dm_mod_oper"": null, ""dm_ses_zone"": ""Seismic Zone-II"", ""dm_spil_cap"": 652.0, ""dm_spil_lev"": null, ""dm_gate_type"": ""OT"", ""dm_sluice_sz"": null, ""dm_spil_leng"": null, ""dm_spil_type"": null, ""dm_cn_gate_no"": null, ""dm_ener_dissp"": null, ""dm_inst_inter"": null, ""dm_perliament"": ""Ongole"", ""dm_ph_gate_no"": null, ""dm_instru_embed"": null, ""dm_oper_main_age"": null, ""dm_sluice_purpose"": null, ""dm_inst_inter_ager"": null, ""dm_no_river_sluice"": null}}",2026-08-29T14:45:46.967391+00:00,2026-08-29T14:45:46.967391+00:00
60,78,1,103,ASSET_REGISTRY,wris_registry_record,,Haresamudram Big Dam,,,,,,B2,GOVERNMENT_DERIVED_MIRROR,SOURCE_PRESERVED,0.8,False,False,False,AP state filter + external ID + spatial/name resolution,"{""geometry"": {""type"": ""Point"", ""coordinates"": [77.29847333, 13.90717929]}, ""properties"": {""class"": ""CLASS 3"", ""state"": ""AP"", ""bacode"": ""09"", ""dtcode"": ""Anantapur"", ""dam_vol"": null, ""dm_name"": ""Haresamudram Big Dam"", ""dm_type"": ""TE"", ""nrld_no"": ""AP01LH0096"", ""rivcode"": null, ""dm_ncity"": ""Madakasira"", ""objectid"": 2245, ""strucode"": ""D03517"", ""dm_cmn_yr"": null, ""dm_cmp_yr"": null, ""dm_coment"": null, ""dm_height"": ""10"", ""dm_length"": ""1264"", ""dm_status"": null, ""dm_gate_no"": null, ""dm_gate_sz"": null, ""dm_flod_des"": null, ""dm_gt_ungtd"": null, ""dm_mod_oper"": null, ""dm_ses_zone"": ""Seismic Zone-II"", ""dm_spil_cap"": 206.0, ""dm_spil_lev"": null, ""dm_gate_type"": ""LG"", ""dm_sluice_sz"": null, ""dm_spil_leng"": null, ""dm_spil_type"": null, ""dm_cn_gate_no"": null, ""dm_ener_dissp"": null, ""dm_inst_inter"": null, ""dm_perliament"": ""Hindupur"", ""dm_ph_gate_no"": null, ""dm_instru_embed"": null, ""dm_oper_main_age"": ""Irrg.& CAD Dept."", ""dm_sluice_purpose"": null, ""dm_inst_inter_ager"": null, ""dm_no_river_sluice"": null}}",2026-08-29T14:45:46.967391+00:00,2026-08-29T14:45:46.967391+00:00
61,79,1,103,ASSET_REGISTRY,wris_registry_record,,Hiramandalam Dam,,,,,,B2,GOVERNMENT_DERIVED_MIRROR,SOURCE_PRESERVED,0.8,False,False,False,AP state filter + external ID + spatial/name resolution,"{""geometry"": {""type"": ""Point"", ""coordinates"": [83.94647681, 18.66494367]}, ""properties"": {""class"": ""CLASS 3"", ""state"": ""AP"", ""bacode"": ""16"", ""dtcode"": ""Srikakulam"", ""dam_vol"": null, ""dm_name"": ""Hiramandalam Dam"", ""dm_type"": ""TE + PG"", ""nrld_no"": ""AP01**0131"", ""rivcode"": ""Vamsadhara"", ""dm_ncity"": ""Pathapatnam"", ""objectid"": 2247, ""strucode"": ""D03520"", ""dm_cmn_yr"": null, ""dm_cmp_yr"": null, ""dm_coment"": null, ""dm_height"": null, ""dm_length"": ""200"", ""dm_status"": ""Under Construction"", ""dm_gate_no"": null, ""dm_gate_sz"": null, ""dm_flod_des"": null, ""dm_gt_ungtd"": null, ""dm_mod_oper"": null, ""dm_ses_zone"": ""Seismic Zone-II"", ""dm_spil_cap"": 667.0, ""dm_spil_lev"": null, ""dm_gate_type"": null, ""dm_sluice_sz"": null, ""dm_spil_leng"": null, ""dm_spil_type"": null, ""dm_cn_gate_no"": null, ""dm_ener_dissp"": null, ""dm_inst_inter"": null, ""dm_perliament"": ""Srikakulam"", ""dm_ph_gate_no"": null, ""dm_instru_embed"": null, ""dm_oper_main_age"": ""Irrg.& CAD Dept."", ""dm_sluice_purpose"": null, ""dm_inst_inter_ager"": null, ""dm_no_river_sluice"": null}}",2026-08-29T14:45:46.967391+00:00,2026-08-29T14:45:46.967391+00:00
62,80,1,103,ASSET_REGISTRY,wris_registry_record,,Jalakanur Dam,,,,,,B2,GOVERNMENT_DERIVED_MIRROR,SOURCE_PRESERVED,0.8,False,False,False,AP state filter + external ID + spatial/name resolution,"{""geometry"": {""type"": ""Point"", ""coordinates"": [78.31117549, 15.72272933]}, ""properties"": {""class"": ""CLASS 3"", ""state"": ""AP"", ""bacode"": ""09"", ""dtcode"": ""Kurnool"", ""dam_vol"": null, ""dm_name"": ""Jalakanur Dam"", ""dm_type"": ""TE"", ""nrld_no"": ""AP01LH0051"", ""rivcode"": ""Bodivagu"", ""dm_ncity"": ""Nandikotkur"", ""objectid"": 2283, ""strucode"": ""D03566"", ""dm_cmn_yr"": null, ""dm_cmp_yr"": ""1981"", ""dm_coment"": null, ""dm_height"": ""10.51"", ""dm_length"": ""7200"", ""dm_status"": ""Completed"", ""dm_gate_no"": null, ""dm_gate_sz"": null, ""dm_flod_des"": null, ""dm_gt_ungtd"": null, ""dm_mod_oper"": null, ""dm_ses_zone"": ""Seismic Zone-II"", ""dm_spil_cap"": 362.0, ""dm_spil_lev"": null, ""dm_gate_type"": null, ""dm_sluice_sz"": null, ""dm_spil_leng"": null, ""dm_spil_type"": null, ""dm_cn_gate_no"": null, ""dm_ener_dissp"": null, ""dm_inst_inter"": null, ""dm_perliament"": ""Nandyal"", ""dm_ph_gate_no"": null, ""dm_instru_embed"": null, ""dm_oper_main_age"": ""Irrg.& CAD Dept."", ""dm_sluice_purpose"": null, ""dm_inst_inter_ager"": null, ""dm_no_river_sluice"": null}}",2026-08-29T14:45:46.967391+00:00,2026-08-29T14:45:46.967391+00:00
63,81,1,103,ASSET_REGISTRY,wris_registry_record,,Akkapalem Dam,,,,,,B2,GOVERNMENT_DERIVED_MIRROR,SOURCE_PRESERVED,0.8,False,False,False,AP state filter + external ID + spatial/name resolution,"{""geometry"": {""type"": ""Point"", ""coordinates"": [80.59027273, 17.13395618]}, ""properties"": {""class"": ""CLASS 3"", ""state"": ""AP"", ""bacode"": ""04"", ""dtcode"": ""Krishna"", ""dam_vol"": null, ""dm_name"": ""Akkapalem Dam"", ""dm_type"": ""TE"", ""nrld_no"": ""AP01LH0084"", ""rivcode"": null, ""dm_ncity"": ""Tiruvuru"", ""objectid"": 2414, ""strucode"": ""D03322"", ""dm_cmn_yr"": null, ""dm_cmp_yr"": null, ""dm_coment"": null, ""dm_height"": ""11.1"", ""dm_length"": ""433"", ""dm_status"": null, ""dm_gate_no"": null, ""dm_gate_sz"": null, ""dm_flod_des"": null, ""dm_gt_ungtd"": null, ""dm_mod_oper"": null, ""dm_ses_zone"": ""Seismic Zone-III"", ""dm_spil_cap"": null, ""dm_spil_lev"": null, ""dm_gate_type"": null, ""dm_sluice_sz"": null, ""dm_spil_leng"": null, ""dm_spil_type"": null, ""dm_cn_gate_no"": null, ""dm_ener_dissp"": null, ""dm_inst_inter"": null, ""dm_perliament"": ""Vijayawada"", ""dm_ph_gate_no"": null, ""dm_instru_embed"": null, ""dm_oper_main_age"": ""Irrg.& CAD Dept."", ""dm_sluice_purpose"": null, ""dm_inst_inter_ager"": null, ""dm_no_river_sluice"": null}}",2026-08-29T14:45:46.967391+00:00,2026-08-29T14:45:46.967391+00:00
64,82,1,103,ASSET_REGISTRY,wris_registry_record,,Ananthasagarm Dam,,,,,,B2,GOVERNMENT_DERIVED_MIRROR,SOURCE_PRESERVED,0.8,False,False,False,AP state filter + external ID + spatial/name resolution,"{""geometry"": {""type"": ""Point"", ""coordinates"": [79.38739583, 14.56027829]}, ""properties"": {""class"": ""CLASS 3"", ""state"": ""AP"", ""bacode"": ""09"", ""dtcode"": ""Sri Potti Sriramulu Nellore"", ""dam_vol"": null, ""dm_name"": ""Ananthasagarm Dam"", ""dm_type"": ""TE"", ""nrld_no"": ""AP01LH0085"", ""rivcode"": ""Pennar"", ""dm_ncity"": ""Atmakur"", ""objectid"": 2415, ""strucode"": ""D03338"", ""dm_cmn_yr"": null, ""dm_cmp_yr"": null, ""dm_coment"": null, ""dm_height"": ""14"", ""dm_length"": ""3500"", ""dm_status"": null, ""dm_gate_no"": null, ""dm_gate_sz"": null, ""dm_flod_des"": null, ""dm_gt_ungtd"": null, ""dm_mod_oper"": null, ""dm_ses_zone"": ""Seismic Zone-II"", ""dm_spil_cap"": 339.0, ""dm_spil_lev"": null, ""dm_gate_type"": null, ""dm_sluice_sz"": null, ""dm_spil_leng"": null, ""dm_spil_type"": null, ""dm_cn_gate_no"": null, ""dm_ener_dissp"": null, ""dm_inst_inter"": null, ""dm_perliament"": ""Nellore"", ""dm_ph_gate_no"": null, ""dm_instru_embed"": null, ""dm_oper_main_age"": ""Irrg.& CAD Dept."", ""dm_sluice_purpose"": null, ""dm_inst_inter_ager"": null, ""dm_no_river_sluice"": null}}",2026-08-29T14:45:46.967391+00:00,2026-08-29T14:45:46.967391+00:00
65,83,1,103,ASSET_REGISTRY,wris_registry_record,,Buggavagu Dam,,,,,,B2,GOVERNMENT_DERIVED_MIRROR,SOURCE_PRESERVED,0.8,False,False,False,AP state filter + external ID + spatial/name resolution,"{""geometry"": {""type"": ""Point"", ""coordinates"": [79.53124211, 16.48199115]}, ""properties"": {""class"": ""CLASS 3"", ""state"": ""AP"", ""bacode"": ""04"", ""dtcode"": ""Guntur"", ""dam_vol"": ""1983"", ""dm_name"": ""Buggavagu Dam"", ""dm_type"": ""TE"", ""nrld_no"": ""AP01HH0019"", ""rivcode"": ""Buggavagu"", ""dm_ncity"": ""Guruzala"", ""objectid"": 2421, ""strucode"": ""D03378"", ""dm_cmn_yr"": null, ""dm_cmp_yr"": ""1961"", ""dm_coment"": ""Surplus regulator"", ""dm_height"": ""31"", ""dm_length"": ""2576"", ""dm_status"": ""Completed"", ""dm_gate_no"": 9, ""dm_gate_sz"": ""9.144 x 1.8288"", ""dm_flod_des"": null, ""dm_gt_ungtd"": null, ""dm_mod_oper"": null, ""dm_ses_zone"": ""Seismic Zone-II"", ""dm_spil_cap"": 567.0, ""dm_spil_lev"": null, ""dm_gate_type"": ""OT"", ""dm_sluice_sz"": null, ""dm_spil_leng"": null, ""dm_spil_type"": null, ""dm_cn_gate_no"": null, ""dm_ener_dissp"": null, ""dm_inst_inter"": null, ""dm_perliament"": ""Narasaraopet"", ""dm_ph_gate_no"": null, ""dm_instru_embed"": null, ""dm_oper_main_age"": ""Irrg.& CAD Dept."", ""dm_sluice_purpose"": null, ""dm_inst_inter_ager"": null, ""dm_no_river_sluice"": null}}",2026-08-29T14:45:46.967391+00:00,2026-08-29T14:45:46.967391+00:00
66,84,1,103,ASSET_REGISTRY,wris_registry_record,,Bukkapatnam Dam,,,,,,B2,GOVERNMENT_DERIVED_MIRROR,SOURCE_PRESERVED,0.8,False,False,False,AP state filter + external ID + spatial/name resolution,"{""geometry"": {""type"": ""Point"", ""coordinates"": [77.77219364, 14.18511928]}, ""properties"": {""class"": ""CLASS 3"", ""state"": ""AP"", ""bacode"": ""09"", ""dtcode"": ""Anantapur"", ""dam_vol"": null, ""dm_name"": ""Bukkapatnam Dam"", ""dm_type"": ""TE"", ""nrld_no"": ""AP01LH0034"", ""rivcode"": null, ""dm_ncity"": ""Penukonda"", ""objectid"": 2422, ""strucode"": ""D03381"", ""dm_cmn_yr"": null, ""dm_cmp_yr"": ""1975"", ""dm_coment"": null, ""dm_height"": ""14"", ""dm_length"": ""6017"", ""dm_status"": ""Completed"", ""dm_gate_no"": null, ""dm_gate_sz"": null, ""dm_flod_des"": null, ""dm_gt_ungtd"": null, ""dm_mod_oper"": null, ""dm_ses_zone"": ""Seismic Zone-II"", ""dm_spil_cap"": 567.0, ""dm_spil_lev"": null, ""dm_gate_type"": null, ""dm_sluice_sz"": null, ""dm_spil_leng"": null, ""dm_spil_type"": null, ""dm_cn_gate_no"": null, ""dm_ener_dissp"": null, ""dm_inst_inter"": null, ""dm_perliament"": ""Hindupur"", ""dm_ph_gate_no"": null, ""dm_instru_embed"": null, ""dm_oper_main_age"": ""Irrg.& CAD Dept."", ""dm_sluice_purpose"": null, ""dm_inst_inter_ager"": null, ""dm_no_river_sluice"": null}}",2026-08-29T14:45:46.967391+00:00,2026-08-29T14:45:46.967391+00:00
67,85,1,103,ASSET_REGISTRY,wris_registry_record,,Chagallu Barrage Dam,,,,,,B2,GOVERNMENT_DERIVED_MIRROR,SOURCE_PRESERVED,0.8,False,False,False,AP state filter + external ID + spatial/name resolution,"{""geometry"": {""type"": ""Point"", ""coordinates"": [77.82826904, 14.91831297]}, ""properties"": {""class"": ""CLASS 3"", ""state"": ""AP"", ""bacode"": ""09"", ""dtcode"": ""Anantapur"", ""dam_vol"": null, ""dm_name"": ""Chagallu Barrage Dam"", ""dm_type"": ""TE + PG"", ""nrld_no"": ""AP01MH0128"", ""rivcode"": ""Pennar"", ""dm_ncity"": ""Tadpatri"", ""objectid"": 2423, ""strucode"": ""D03391"", ""dm_cmn_yr"": null, ""dm_cmp_yr"": null, ""dm_coment"": null, ""dm_height"": ""21.43"", ""dm_length"": ""291.5"", ""dm_status"": ""Under Construction"", ""dm_gate_no"": null, ""dm_gate_sz"": null, ""dm_flod_des"": null, ""dm_gt_ungtd"": null, ""dm_mod_oper"": null, ""dm_ses_zone"": ""Seismic Zone-II"", ""dm_spil_cap"": 9712.0, ""dm_spil_lev"": null, ""dm_gate_type"": null, ""dm_sluice_sz"": null, ""dm_spil_leng"": null, ""dm_spil_type"": null, ""dm_cn_gate_no"": null, ""dm_ener_dissp"": null, ""dm_inst_inter"": null, ""dm_perliament"": ""Anantapur"", ""dm_ph_gate_no"": null, ""dm_instru_embed"": null, ""dm_oper_main_age"": ""Irrg.& CAD Dept."", ""dm_sluice_purpose"": null, ""dm_inst_inter_ager"": null, ""dm_no_river_sluice"": null}}",2026-08-29T14:45:46.967391+00:00,2026-08-29T14:45:46.967391+00:00
68,86,1,103,ASSET_REGISTRY,wris_registry_record,,Chintakuntavagu Dam,,,,,,B2,GOVERNMENT_DERIVED_MIRROR,SOURCE_PRESERVED,0.8,False,False,False,AP state filter + external ID + spatial/name resolution,"{""geometry"": {""type"": ""Point"", ""coordinates"": [78.32099927, 14.69667139]}, ""properties"": {""class"": ""CLASS 3"", ""state"": ""AP"", ""bacode"": ""09"", ""dtcode"": ""Y.S.R."", ""dam_vol"": null, ""dm_name"": ""Chintakuntavagu Dam"", ""dm_type"": ""TE"", ""nrld_no"": ""AP01LH0091"", ""rivcode"": ""Local Stream"", ""dm_ncity"": ""Jammalamadugu"", ""objectid"": 2424, ""strucode"": ""D03411"", ""dm_cmn_yr"": null, ""dm_cmp_yr"": null, ""dm_coment"": null, ""dm_height"": ""13"", ""dm_length"": ""285"", ""dm_status"": null, ""dm_gate_no"": null, ""dm_gate_sz"": null, ""dm_flod_des"": null, ""dm_gt_ungtd"": null, ""dm_mod_oper"": null, ""dm_ses_zone"": ""Seismic Zone-II"", ""dm_spil_cap"": 66.0, ""dm_spil_lev"": null, ""dm_gate_type"": null, ""dm_sluice_sz"": null, ""dm_spil_leng"": null, ""dm_spil_type"": null, ""dm_cn_gate_no"": null, ""dm_ener_dissp"": null, ""dm_inst_inter"": null, ""dm_perliament"": ""Kadapa"", ""dm_ph_gate_no"": null, ""dm_instru_embed"": null, ""dm_oper_main_age"": ""Irrg.& CAD Dept."", ""dm_sluice_purpose"": null, ""dm_inst_inter_ager"": null, ""dm_no_river_sluice"": null}}",2026-08-29T14:45:46.967391+00:00,2026-08-29T14:45:46.967391+00:00
69,87,1,103,ASSET_REGISTRY,wris_registry_record,,Dharmavaram Dam,,,,,,B2,GOVERNMENT_DERIVED_MIRROR,SOURCE_PRESERVED,0.8,False,False,False,AP state filter + external ID + spatial/name resolution,"{""geometry"": {""type"": ""Point"", ""coordinates"": [77.74328411, 14.39855365]}, ""properties"": {""class"": ""CLASS 3"", ""state"": ""AP"", ""bacode"": ""09"", ""dtcode"": ""Anantapur"", ""dam_vol"": null, ""dm_name"": ""Dharmavaram Dam"", ""dm_type"": ""TE"", ""nrld_no"": ""AP01LH0125"", ""rivcode"": null, ""dm_ncity"": ""Dharmavaram"", ""objectid"": 2451, ""strucode"": ""D03453"", ""dm_cmn_yr"": null, ""dm_cmp_yr"": null, ""dm_coment"": null, ""dm_height"": ""11"", ""dm_length"": ""6393"", ""dm_status"": null, ""dm_gate_no"": null, ""dm_gate_sz"": null, ""dm_flod_des"": null, ""dm_gt_ungtd"": null, ""dm_mod_oper"": null, ""dm_ses_zone"": ""Seismic Zone-II"", ""dm_spil_cap"": 27402.0, ""dm_spil_lev"": null, ""dm_gate_type"": null, ""dm_sluice_sz"": null, ""dm_spil_leng"": null, ""dm_spil_type"": null, ""dm_cn_gate_no"": null, ""dm_ener_dissp"": null, ""dm_inst_inter"": null, ""dm_perliament"": ""Hindupur"", ""dm_ph_gate_no"": null, ""dm_instru_embed"": null, ""dm_oper_main_age"": ""Irrg.& CAD Dept."", ""dm_sluice_purpose"": null, ""dm_inst_inter_ager"": null, ""dm_no_river_sluice"": null}}",2026-08-29T14:45:46.967391+00:00,2026-08-29T14:45:46.967391+00:00
70,88,1,103,ASSET_REGISTRY,wris_registry_record,,Donkarai ( S.H.E.S),,,,,,B2,GOVERNMENT_DERIVED_MIRROR,SOURCE_PRESERVED,0.8,False,False,False,AP state filter + external ID + spatial/name resolution,"{""geometry"": {""type"": ""Point"", ""coordinates"": [81.79511466, 17.93429283]}, ""properties"": {""class"": ""CLASS 3"", ""state"": ""AP"", ""bacode"": ""03"", ""dtcode"": ""Malkangiri"", ""dam_vol"": ""2038"", ""dm_name"": ""Donkarai ( S.H.E.S)"", ""dm_type"": ""PG"", ""nrld_no"": ""AP01HH0057"", ""rivcode"": ""Sileru"", ""dm_ncity"": ""Malakanagiri"", ""objectid"": 2452, ""strucode"": ""D03456"", ""dm_cmn_yr"": null, ""dm_cmp_yr"": ""1983"", ""dm_coment"": null, ""dm_height"": ""71"", ""dm_length"": ""1398"", ""dm_status"": ""Completed"", ""dm_gate_no"": 12, ""dm_gate_sz"": ""12.4968 x 12.4968"", ""dm_flod_des"": ""7850"", ""dm_gt_ungtd"": null, ""dm_mod_oper"": null, ""dm_ses_zone"": ""Seismic Zone-II"", ""dm_spil_cap"": 15593.0, ""dm_spil_lev"": 303.88651652, ""dm_gate_type"": ""RD"", ""dm_sluice_sz"": null, ""dm_spil_leng"": ""598.7"", ""dm_spil_type"": null, ""dm_cn_gate_no"": null, ""dm_ener_dissp"": null, ""dm_inst_inter"": null, ""dm_perliament"": ""Nabarangapur"", ""dm_ph_gate_no"": null, ""dm_instru_embed"": null, ""dm_oper_main_age"": ""APGENCO"", ""dm_sluice_purpose"": null, ""dm_inst_inter_ager"": null, ""dm_no_river_sluice"": null}}",2026-08-29T14:45:46.967391+00:00,2026-08-29T14:45:46.967391+00:00
71,89,1,103,ASSET_REGISTRY,wris_registry_record,,Forebay Lower Sileru ( S.H.E.S) Dam,,,,,,B2,GOVERNMENT_DERIVED_MIRROR,SOURCE_PRESERVED,0.8,False,False,False,AP state filter + external ID + spatial/name resolution,"{""geometry"": {""type"": ""Point"", ""coordinates"": [81.70191883, 17.8651526]}, ""properties"": {""class"": ""CLASS 3"", ""state"": ""AP"", ""bacode"": ""03"", ""dtcode"": ""Khammam"", ""dam_vol"": ""2669"", ""dm_name"": ""Forebay Lower Sileru ( S.H.E.S) Dam"", ""dm_type"": ""TE"", ""nrld_no"": ""TL47HH0060"", ""rivcode"": ""Sileru"", ""dm_ncity"": ""Bhadrachalam"", ""objectid"": 2457, ""strucode"": ""D03466"", ""dm_cmn_yr"": null, ""dm_cmp_yr"": ""1978"", ""dm_coment"": null, ""dm_height"": ""67"", ""dm_length"": ""548"", ""dm_status"": ""Completed"", ""dm_gate_no"": null, ""dm_gate_sz"": null, ""dm_flod_des"": ""167"", ""dm_gt_ungtd"": null, ""dm_mod_oper"": null, ""dm_ses_zone"": ""Seismic Zone-II"", ""dm_spil_cap"": null, ""dm_spil_lev"": 930.0, ""dm_gate_type"": ""OT"", ""dm_sluice_sz"": null, ""dm_spil_leng"": null, ""dm_spil_type"": null, ""dm_cn_gate_no"": null, ""dm_ener_dissp"": null, ""dm_inst_inter"": null, ""dm_perliament"": ""Mahabubabad"", ""dm_ph_gate_no"": null, ""dm_instru_embed"": null, ""dm_oper_main_age"": ""APGENCO"", ""dm_sluice_purpose"": null, ""dm_inst_inter_ager"": null, ""dm_no_river_sluice"": null}}",2026-08-29T14:45:46.967391+00:00,2026-08-29T14:45:46.967391+00:00
72,90,1,103,ASSET_REGISTRY,wris_registry_record,,Gandicheruvu (Dist-Prakasam) Dam,,,,,,B2,GOVERNMENT_DERIVED_MIRROR,SOURCE_PRESERVED,0.8,False,False,False,AP state filter + external ID + spatial/name resolution,"{""geometry"": {""type"": ""Point"", ""coordinates"": [79.19397414, 16.07975491]}, ""properties"": {""class"": ""CLASS 3"", ""state"": ""AP"", ""bacode"": ""16"", ""dtcode"": ""Prakasam"", ""dam_vol"": null, ""dm_name"": ""Gandicheruvu (Dist-Prakasam) Dam"", ""dm_type"": ""TE"", ""nrld_no"": ""AP01MH0092"", ""rivcode"": null, ""dm_ncity"": ""Markapur"", ""objectid"": 2465, ""strucode"": ""D03474"", ""dm_cmn_yr"": null, ""dm_cmp_yr"": null, ""dm_coment"": null, ""dm_height"": ""26.69"", ""dm_length"": ""240"", ""dm_status"": null, ""dm_gate_no"": null, ""dm_gate_sz"": null, ""dm_flod_des"": null, ""dm_gt_ungtd"": null, ""dm_mod_oper"": null, ""dm_ses_zone"": ""Seismic Zone-II"", ""dm_spil_cap"": 255.0, ""dm_spil_lev"": null, ""dm_gate_type"": ""OT"", ""dm_sluice_sz"": null, ""dm_spil_leng"": null, ""dm_spil_type"": null, ""dm_cn_gate_no"": null, ""dm_ener_dissp"": null, ""dm_inst_inter"": null, ""dm_perliament"": ""Ongole"", ""dm_ph_gate_no"": null, ""dm_instru_embed"": null, ""dm_oper_main_age"": ""Irrg.& CAD Dept."", ""dm_sluice_purpose"": null, ""dm_inst_inter_ager"": null, ""dm_no_river_sluice"": null}}",2026-08-29T14:45:46.967391+00:00,2026-08-29T14:45:46.967391+00:00
73,91,1,103,ASSET_REGISTRY,wris_registry_record,,Panthulu Cheruvu Dam,,,,,,B2,GOVERNMENT_DERIVED_MIRROR,SOURCE_PRESERVED,0.8,False,False,False,AP state filter + external ID + spatial/name resolution,"{""geometry"": {""type"": ""Point"", ""coordinates"": [78.1465663, 14.04016839]}, ""properties"": {""class"": ""CLASS 3"", ""state"": ""AP"", ""bacode"": ""09"", ""dtcode"": ""Anantapur"", ""dam_vol"": null, ""dm_name"": ""Panthulu Cheruvu Dam"", ""dm_type"": ""TE"", ""nrld_no"": ""AP01LH0104"", ""rivcode"": null, ""dm_ncity"": ""Kadiri"", ""objectid"": 2522, ""strucode"": ""D03914"", ""dm_cmn_yr"": null, ""dm_cmp_yr"": null, ""dm_coment"": null, ""dm_height"": ""12"", ""dm_length"": ""923"", ""dm_status"": null, ""dm_gate_no"": null, ""dm_gate_sz"": null, ""dm_flod_des"": null, ""dm_gt_ungtd"": null, ""dm_mod_oper"": null, ""dm_ses_zone"": ""Seismic Zone-II"", ""dm_spil_cap"": 140.0, ""dm_spil_lev"": null, ""dm_gate_type"": ""LG"", ""dm_sluice_sz"": null, ""dm_spil_leng"": null, ""dm_spil_type"": null, ""dm_cn_gate_no"": null, ""dm_ener_dissp"": null, ""dm_inst_inter"": null, ""dm_perliament"": ""Hindupur"", ""dm_ph_gate_no"": null, ""dm_instru_embed"": null, ""dm_oper_main_age"": ""Irrg.& CAD Dept."", ""dm_sluice_purpose"": null, ""dm_inst_inter_ager"": null, ""dm_no_river_sluice"": null}}",2026-08-29T14:45:46.967391+00:00,2026-08-29T14:45:46.967391+00:00
74,92,1,103,ASSET_REGISTRY,wris_registry_record,,Paya Cheruvu Dam,,,,,,B2,GOVERNMENT_DERIVED_MIRROR,SOURCE_PRESERVED,0.8,False,False,False,AP state filter + external ID + spatial/name resolution,"{""geometry"": {""type"": ""Point"", ""coordinates"": [78.44984365, 13.44169496]}, ""properties"": {""class"": ""CLASS 3"", ""state"": ""AP"", ""bacode"": ""09"", ""dtcode"": ""Chittoor"", ""dam_vol"": null, ""dm_name"": ""Paya Cheruvu Dam"", ""dm_type"": ""TE"", ""nrld_no"": ""AP01LH0106"", ""rivcode"": null, ""dm_ncity"": ""Punganuru"", ""objectid"": 2531, ""strucode"": ""D03922"", ""dm_cmn_yr"": null, ""dm_cmp_yr"": null, ""dm_coment"": null, ""dm_height"": ""14"", ""dm_length"": ""200"", ""dm_status"": null, ""dm_gate_no"": null, ""dm_gate_sz"": null, ""dm_flod_des"": null, ""dm_gt_ungtd"": null, ""dm_mod_oper"": null, ""dm_ses_zone"": ""Seismic Zone-II"", ""dm_spil_cap"": null, ""dm_spil_lev"": null, ""dm_gate_type"": null, ""dm_sluice_sz"": null, ""dm_spil_leng"": null, ""dm_spil_type"": null, ""dm_cn_gate_no"": null, ""dm_ener_dissp"": null, ""dm_inst_inter"": null, ""dm_perliament"": ""Rajampet"", ""dm_ph_gate_no"": null, ""dm_instru_embed"": null, ""dm_oper_main_age"": ""Irrg.& CAD Dept."", ""dm_sluice_purpose"": null, ""dm_inst_inter_ager"": null, ""dm_no_river_sluice"": null}}",2026-08-29T14:45:46.967391+00:00,2026-08-29T14:45:46.967391+00:00
75,93,1,103,ASSET_REGISTRY,wris_registry_record,,Pedaballi Dam,,,,,,B2,GOVERNMENT_DERIVED_MIRROR,SOURCE_PRESERVED,0.8,False,False,False,AP state filter + external ID + spatial/name resolution,"{""geometry"": {""type"": ""Point"", ""coordinates"": [78.38503034, 13.96924829]}, ""properties"": {""class"": ""CLASS 3"", ""state"": ""AP"", ""bacode"": ""09"", ""dtcode"": ""Anantapur"", ""dam_vol"": null, ""dm_name"": ""Pedaballi Dam"", ""dm_type"": ""TE"", ""nrld_no"": ""AP01LH0070"", ""rivcode"": null, ""dm_ncity"": ""Kadiri"", ""objectid"": 2536, ""strucode"": ""D03927"", ""dm_cmn_yr"": null, ""dm_cmp_yr"": ""2000"", ""dm_coment"": null, ""dm_height"": ""12"", ""dm_length"": ""149"", ""dm_status"": ""Completed"", ""dm_gate_no"": null, ""dm_gate_sz"": null, ""dm_flod_des"": null, ""dm_gt_ungtd"": null, ""dm_mod_oper"": null, ""dm_ses_zone"": ""Seismic Zone-II"", ""dm_spil_cap"": 2.0, ""dm_spil_lev"": null, ""dm_gate_type"": null, ""dm_sluice_sz"": null, ""dm_spil_leng"": null, ""dm_spil_type"": null, ""dm_cn_gate_no"": null, ""dm_ener_dissp"": null, ""dm_inst_inter"": null, ""dm_perliament"": ""Hindupur"", ""dm_ph_gate_no"": null, ""dm_instru_embed"": null, ""dm_oper_main_age"": ""Irrg.& CAD Dept."", ""dm_sluice_purpose"": null, ""dm_inst_inter_ager"": null, ""dm_no_river_sluice"": null}}",2026-08-29T14:45:46.967391+00:00,2026-08-29T14:45:46.967391+00:00
77,94,1,103,ASSET_REGISTRY,wris_registry_record,,Kampasamudram New Dam,,,,,,B2,GOVERNMENT_DERIVED_MIRROR,SOURCE_PRESERVED,0.8,False,False,False,AP state filter + external ID + spatial/name resolution,"{""geometry"": {""type"": ""Point"", ""coordinates"": [79.24861601, 14.78965363]}, ""properties"": {""class"": ""CLASS 3"", ""state"": ""AP"", ""bacode"": ""09"", ""dtcode"": ""Sri Potti Sriramulu Nellore"", ""dam_vol"": null, ""dm_name"": ""Kampasamudram New Dam"", ""dm_type"": ""TE"", ""nrld_no"": ""AP01LH0098"", ""rivcode"": ""Pennar"", ""dm_ncity"": ""Udayagiri"", ""objectid"": 2741, ""strucode"": ""D03639"", ""dm_cmn_yr"": null, ""dm_cmp_yr"": null, ""dm_coment"": null, ""dm_height"": ""11.2"", ""dm_length"": ""1830"", ""dm_status"": null, ""dm_gate_no"": null, ""dm_gate_sz"": null, ""dm_flod_des"": null, ""dm_gt_ungtd"": null, ""dm_mod_oper"": null, ""dm_ses_zone"": ""Seismic Zone-II"", ""dm_spil_cap"": null, ""dm_spil_lev"": null, ""dm_gate_type"": ""RD"", ""dm_sluice_sz"": null, ""dm_spil_leng"": null, ""dm_spil_type"": null, ""dm_cn_gate_no"": null, ""dm_ener_dissp"": null, ""dm_inst_inter"": null, ""dm_perliament"": ""Nellore"", ""dm_ph_gate_no"": null, ""dm_instru_embed"": null, ""dm_oper_main_age"": ""Irrg.& CAD Dept."", ""dm_sluice_purpose"": null, ""dm_inst_inter_ager"": null, ""dm_no_river_sluice"": null}}",2026-08-29T14:45:46.967391+00:00,2026-08-29T14:45:46.967391+00:00
78,95,1,103,ASSET_REGISTRY,wris_registry_record,,Kushavathi Dam,,,,,,B2,GOVERNMENT_DERIVED_MIRROR,SOURCE_PRESERVED,0.8,False,False,False,AP state filter + external ID + spatial/name resolution,"{""geometry"": {""type"": ""Point"", ""coordinates"": [78.52705451, 13.975491]}, ""properties"": {""class"": ""CLASS 3"", ""state"": ""AP"", ""bacode"": ""09"", ""dtcode"": ""Y.S.R."", ""dam_vol"": null, ""dm_name"": ""Kushavathi Dam"", ""dm_type"": ""TE"", ""nrld_no"": ""AP01MH0100"", ""rivcode"": ""Khushavathi"", ""dm_ncity"": ""Rayachoti"", ""objectid"": 2747, ""strucode"": ""D03683"", ""dm_cmn_yr"": null, ""dm_cmp_yr"": null, ""dm_coment"": null, ""dm_height"": ""17.47"", ""dm_length"": ""1030"", ""dm_status"": null, ""dm_gate_no"": null, ""dm_gate_sz"": null, ""dm_flod_des"": null, ""dm_gt_ungtd"": null, ""dm_mod_oper"": null, ""dm_ses_zone"": ""Seismic Zone-II"", ""dm_spil_cap"": 739.0, ""dm_spil_lev"": null, ""dm_gate_type"": null, ""dm_sluice_sz"": null, ""dm_spil_leng"": null, ""dm_spil_type"": null, ""dm_cn_gate_no"": null, ""dm_ener_dissp"": null, ""dm_inst_inter"": null, ""dm_perliament"": ""Rajampet"", ""dm_ph_gate_no"": null, ""dm_instru_embed"": null, ""dm_oper_main_age"": ""Irrg.& CAD Dept."", ""dm_sluice_purpose"": null, ""dm_inst_inter_ager"": null, ""dm_no_river_sluice"": null}}",2026-08-29T14:45:46.967391+00:00,2026-08-29T14:45:46.967391+00:00
79,96,1,103,ASSET_REGISTRY,wris_registry_record,,Madakasira Dam,,,,,,B2,GOVERNMENT_DERIVED_MIRROR,SOURCE_PRESERVED,0.8,False,False,False,AP state filter + external ID + spatial/name resolution,"{""geometry"": {""type"": ""Point"", ""coordinates"": [77.2473022, 13.92755361]}, ""properties"": {""class"": ""CLASS 3"", ""state"": ""AP"", ""bacode"": ""09"", ""dtcode"": ""Anantapur"", ""dam_vol"": null, ""dm_name"": ""Madakasira Dam"", ""dm_type"": ""TE + PG"", ""nrld_no"": ""AP01LH0102"", ""rivcode"": null, ""dm_ncity"": ""Madakasira"", ""objectid"": 2771, ""strucode"": ""D03753"", ""dm_cmn_yr"": null, ""dm_cmp_yr"": null, ""dm_coment"": null, ""dm_height"": ""12"", ""dm_length"": ""686"", ""dm_status"": null, ""dm_gate_no"": null, ""dm_gate_sz"": null, ""dm_flod_des"": null, ""dm_gt_ungtd"": null, ""dm_mod_oper"": null, ""dm_ses_zone"": ""Seismic Zone-II"", ""dm_spil_cap"": 83.0, ""dm_spil_lev"": null, ""dm_gate_type"": null, ""dm_sluice_sz"": null, ""dm_spil_leng"": null, ""dm_spil_type"": null, ""dm_cn_gate_no"": null, ""dm_ener_dissp"": null, ""dm_inst_inter"": null, ""dm_perliament"": ""Hindupur"", ""dm_ph_gate_no"": null, ""dm_instru_embed"": null, ""dm_oper_main_age"": ""Irrg.& CAD Dept."", ""dm_sluice_purpose"": null, ""dm_inst_inter_ager"": null, ""dm_no_river_sluice"": null}}",2026-08-29T14:45:46.967391+00:00,2026-08-29T14:45:46.967391+00:00
80,97,1,103,ASSET_REGISTRY,wris_registry_record,,Marala Dam,,,,,,B2,GOVERNMENT_DERIVED_MIRROR,SOURCE_PRESERVED,0.8,False,False,False,AP state filter + external ID + spatial/name resolution,"{""geometry"": {""type"": ""Point"", ""coordinates"": [77.91749909, 14.29402569]}, ""properties"": {""class"": ""CLASS 3"", ""state"": ""AP"", ""bacode"": ""09"", ""dtcode"": ""Anantapur"", ""dam_vol"": null, ""dm_name"": ""Marala Dam"", ""dm_type"": ""TE"", ""nrld_no"": ""AP01LH0136"", ""rivcode"": null, ""dm_ncity"": ""Penukonda"", ""objectid"": 2774, ""strucode"": ""D03770"", ""dm_cmn_yr"": null, ""dm_cmp_yr"": null, ""dm_coment"": null, ""dm_height"": ""13.8"", ""dm_length"": ""624"", ""dm_status"": ""Under Construction"", ""dm_gate_no"": null, ""dm_gate_sz"": null, ""dm_flod_des"": null, ""dm_gt_ungtd"": null, ""dm_mod_oper"": null, ""dm_ses_zone"": ""Seismic Zone-II"", ""dm_spil_cap"": null, ""dm_spil_lev"": null, ""dm_gate_type"": null, ""dm_sluice_sz"": null, ""dm_spil_leng"": null, ""dm_spil_type"": null, ""dm_cn_gate_no"": null, ""dm_ener_dissp"": null, ""dm_inst_inter"": null, ""dm_perliament"": ""Hindupur"", ""dm_ph_gate_no"": null, ""dm_instru_embed"": null, ""dm_oper_main_age"": ""Irrg.& CAD Dept."", ""dm_sluice_purpose"": null, ""dm_inst_inter_ager"": null, ""dm_no_river_sluice"": null}}",2026-08-29T14:45:46.967391+00:00,2026-08-29T14:45:46.967391+00:00
81,98,1,103,ASSET_REGISTRY,wris_registry_record,,Muraripalli / Mararipalli Dam,,,,,,B2,GOVERNMENT_DERIVED_MIRROR,SOURCE_PRESERVED,0.8,False,False,False,AP state filter + external ID + spatial/name resolution,"{""geometry"": {""type"": ""Point"", ""coordinates"": [79.33638759, 16.05434157]}, ""properties"": {""class"": ""CLASS 3"", ""state"": ""AP"", ""bacode"": ""16"", ""dtcode"": ""Prakasam"", ""dam_vol"": null, ""dm_name"": ""Muraripalli / Mararipalli Dam"", ""dm_type"": ""TE"", ""nrld_no"": ""AP01MH0036"", ""rivcode"": ""Krishna"", ""dm_ncity"": ""Markapur"", ""objectid"": 2787, ""strucode"": ""D03792"", ""dm_cmn_yr"": null, ""dm_cmp_yr"": ""1975"", ""dm_coment"": null, ""dm_height"": ""18.68"", ""dm_length"": ""732"", ""dm_status"": ""Completed"", ""dm_gate_no"": null, ""dm_gate_sz"": null, ""dm_flod_des"": null, ""dm_gt_ungtd"": null, ""dm_mod_oper"": null, ""dm_ses_zone"": ""Seismic Zone-II"", ""dm_spil_cap"": null, ""dm_spil_lev"": null, ""dm_gate_type"": null, ""dm_sluice_sz"": null, ""dm_spil_leng"": null, ""dm_spil_type"": null, ""dm_cn_gate_no"": null, ""dm_ener_dissp"": null, ""dm_inst_inter"": null, ""dm_perliament"": ""Ongole"", ""dm_ph_gate_no"": null, ""dm_instru_embed"": null, ""dm_oper_main_age"": ""Irrg.& CAD Dept."", ""dm_sluice_purpose"": null, ""dm_inst_inter_ager"": null, ""dm_no_river_sluice"": null}}",2026-08-29T14:45:46.967391+00:00,2026-08-29T14:45:46.967391+00:00
82,99,1,103,ASSET_REGISTRY,wris_registry_record,,"N.T.R. , Thatiparthi(V), Madugula (M) Dam",,,,,,B2,GOVERNMENT_DERIVED_MIRROR,SOURCE_PRESERVED,0.8,False,False,False,AP state filter + external ID + spatial/name resolution,"{""geometry"": {""type"": ""Point"", ""coordinates"": [82.76787008, 17.93626096]}, ""properties"": {""class"": ""CLASS 3"", ""state"": ""AP"", ""bacode"": ""16"", ""dtcode"": ""Visakhapatnam"", ""dam_vol"": null, ""dm_name"": ""N.T.R. , Thatiparthi(V), Madugula (M) Dam"", ""dm_type"": ""TE + PG"", ""nrld_no"": ""AP01MH0138"", ""rivcode"": null, ""dm_ncity"": ""Chodavaram"", ""objectid"": 2788, ""strucode"": ""D03798"", ""dm_cmn_yr"": null, ""dm_cmp_yr"": null, ""dm_coment"": null, ""dm_height"": ""24.51"", ""dm_length"": ""1317"", ""dm_status"": ""Under Construction"", ""dm_gate_no"": null, ""dm_gate_sz"": null, ""dm_flod_des"": null, ""dm_gt_ungtd"": null, ""dm_mod_oper"": null, ""dm_ses_zone"": ""Seismic Zone-II"", ""dm_spil_cap"": 16386.0, ""dm_spil_lev"": null, ""dm_gate_type"": ""LG"", ""dm_sluice_sz"": null, ""dm_spil_leng"": null, ""dm_spil_type"": null, ""dm_cn_gate_no"": null, ""dm_ener_dissp"": null, ""dm_inst_inter"": null, ""dm_perliament"": ""Anakapalli"", ""dm_ph_gate_no"": null, ""dm_instru_embed"": null, ""dm_oper_main_age"": ""Irrg.& CAD Dept."", ""dm_sluice_purpose"": null, ""dm_inst_inter_ager"": null, ""dm_no_river_sluice"": null}}",2026-08-29T14:45:46.967391+00:00,2026-08-29T14:45:46.967391+00:00
83,100,1,103,ASSET_REGISTRY,wris_registry_record,,Nagurur Dam,,,,,,B2,GOVERNMENT_DERIVED_MIRROR,SOURCE_PRESERVED,0.8,False,False,False,AP state filter + external ID + spatial/name resolution,"{""geometry"": {""type"": ""Point"", ""coordinates"": [77.29406233, 15.5520448]}, ""properties"": {""class"": ""CLASS 3"", ""state"": ""AP"", ""bacode"": ""04"", ""dtcode"": ""Kurnool"", ""dam_vol"": null, ""dm_name"": ""Nagurur Dam"", ""dm_type"": ""TE"", ""nrld_no"": ""AP01MH0028"", ""rivcode"": null, ""dm_ncity"": ""Alur"", ""objectid"": 2790, ""strucode"": ""D03800"", ""dm_cmn_yr"": null, ""dm_cmp_yr"": ""1971"", ""dm_coment"": null, ""dm_height"": ""28.05"", ""dm_length"": ""800"", ""dm_status"": ""Completed"", ""dm_gate_no"": null, ""dm_gate_sz"": null, ""dm_flod_des"": null, ""dm_gt_ungtd"": null, ""dm_mod_oper"": null, ""dm_ses_zone"": ""Seismic Zone-II"", ""dm_spil_cap"": null, ""dm_spil_lev"": null, ""dm_gate_type"": ""LG"", ""dm_sluice_sz"": null, ""dm_spil_leng"": null, ""dm_spil_type"": null, ""dm_cn_gate_no"": null, ""dm_ener_dissp"": null, ""dm_inst_inter"": null, ""dm_perliament"": ""Kurnool"", ""dm_ph_gate_no"": null, ""dm_instru_embed"": null, ""dm_oper_main_age"": ""Irrg.& CAD Dept."", ""dm_sluice_purpose"": null, ""dm_inst_inter_ager"": null, ""dm_no_river_sluice"": null}}",2026-08-29T14:45:46.967391+00:00,2026-08-29T14:45:46.967391+00:00
84,101,1,103,ASSET_REGISTRY,wris_registry_record,,"Pedda Cheruvu , Nagasamudram Dam",,,,,,B2,GOVERNMENT_DERIVED_MIRROR,SOURCE_PRESERVED,0.8,False,False,False,AP state filter + external ID + spatial/name resolution,"{""geometry"": {""type"": ""Point"", ""coordinates"": [77.65125139, 14.30875678]}, ""properties"": {""class"": ""CLASS 3"", ""state"": ""AP"", ""bacode"": ""09"", ""dtcode"": ""Anantapur"", ""dam_vol"": null, ""dm_name"": ""Pedda Cheruvu , Nagasamudram Dam"", ""dm_type"": ""TE"", ""nrld_no"": ""AP01LH0037"", ""rivcode"": null, ""dm_ncity"": ""Dharmavaram"", ""objectid"": 3213, ""strucode"": ""D04530"", ""dm_cmn_yr"": null, ""dm_cmp_yr"": ""1975"", ""dm_coment"": null, ""dm_height"": ""14"", ""dm_length"": ""1295.68"", ""dm_status"": ""Completed"", ""dm_gate_no"": null, ""dm_gate_sz"": null, ""dm_flod_des"": null, ""dm_gt_ungtd"": null, ""dm_mod_oper"": null, ""dm_ses_zone"": ""Seismic Zone-II"", ""dm_spil_cap"": 2899.0, ""dm_spil_lev"": null, ""dm_gate_type"": null, ""dm_sluice_sz"": null, ""dm_spil_leng"": null, ""dm_spil_type"": null, ""dm_cn_gate_no"": null, ""dm_ener_dissp"": null, ""dm_inst_inter"": null, ""dm_perliament"": ""Hindupur"", ""dm_ph_gate_no"": null, ""dm_instru_embed"": null, ""dm_oper_main_age"": ""Irrg.& CAD Dept."", ""dm_sluice_purpose"": null, ""dm_inst_inter_ager"": null, ""dm_no_river_sluice"": null}}",2026-08-29T14:45:46.967391+00:00,2026-08-29T14:45:46.967391+00:00
85,102,1,103,ASSET_REGISTRY,wris_registry_record,,Pedda Rayala Cheruvu Dam,,,,,,B2,GOVERNMENT_DERIVED_MIRROR,SOURCE_PRESERVED,0.8,False,False,False,AP state filter + external ID + spatial/name resolution,"{""geometry"": {""type"": ""Point"", ""coordinates"": [78.72407397, 13.33696958]}, ""properties"": {""class"": ""CLASS 3"", ""state"": ""AP"", ""bacode"": ""17"", ""dtcode"": ""Chittoor"", ""dam_vol"": null, ""dm_name"": ""Pedda Rayala Cheruvu Dam"", ""dm_type"": ""TE"", ""nrld_no"": ""AP01LH0108"", ""rivcode"": null, ""dm_ncity"": ""Punganuru"", ""objectid"": 3214, ""strucode"": ""D04532"", ""dm_cmn_yr"": null, ""dm_cmp_yr"": null, ""dm_coment"": null, ""dm_height"": ""12"", ""dm_length"": ""800"", ""dm_status"": null, ""dm_gate_no"": null, ""dm_gate_sz"": null, ""dm_flod_des"": null, ""dm_gt_ungtd"": null, ""dm_mod_oper"": null, ""dm_ses_zone"": ""Seismic Zone-II"", ""dm_spil_cap"": null, ""dm_spil_lev"": null, ""dm_gate_type"": null, ""dm_sluice_sz"": null, ""dm_spil_leng"": null, ""dm_spil_type"": null, ""dm_cn_gate_no"": null, ""dm_ener_dissp"": null, ""dm_inst_inter"": null, ""dm_perliament"": ""Chittoor"", ""dm_ph_gate_no"": null, ""dm_instru_embed"": null, ""dm_oper_main_age"": ""Irrg.& CAD Dept."", ""dm_sluice_purpose"": null, ""dm_inst_inter_ager"": null, ""dm_no_river_sluice"": null}}",2026-08-29T14:45:46.967391+00:00,2026-08-29T14:45:46.967391+00:00
86,103,1,103,ASSET_REGISTRY,wris_registry_record,,Pedda Tippa Samudram Dam,,,,,,B2,GOVERNMENT_DERIVED_MIRROR,SOURCE_PRESERVED,0.8,False,False,False,AP state filter + external ID + spatial/name resolution,"{""geometry"": {""type"": ""Point"", ""coordinates"": [78.20273467, 13.70244114]}, ""properties"": {""class"": ""CLASS 3"", ""state"": ""AP"", ""bacode"": ""09"", ""dtcode"": ""Chittoor"", ""dam_vol"": null, ""dm_name"": ""Pedda Tippa Samudram Dam"", ""dm_type"": ""TE + PG"", ""nrld_no"": ""AP01MH0109"", ""rivcode"": null, ""dm_ncity"": ""Madanapalle"", ""objectid"": 3215, ""strucode"": ""D04533"", ""dm_cmn_yr"": null, ""dm_cmp_yr"": null, ""dm_coment"": null, ""dm_height"": ""15.39"", ""dm_length"": ""1550"", ""dm_status"": null, ""dm_gate_no"": null, ""dm_gate_sz"": null, ""dm_flod_des"": null, ""dm_gt_ungtd"": null, ""dm_mod_oper"": null, ""dm_ses_zone"": ""Seismic Zone-II"", ""dm_spil_cap"": 474.0, ""dm_spil_lev"": null, ""dm_gate_type"": null, ""dm_sluice_sz"": null, ""dm_spil_leng"": null, ""dm_spil_type"": null, ""dm_cn_gate_no"": null, ""dm_ener_dissp"": null, ""dm_inst_inter"": null, ""dm_perliament"": ""Rajampet"", ""dm_ph_gate_no"": null, ""dm_instru_embed"": null, ""dm_oper_main_age"": ""Irrg.& CAD Dept."", ""dm_sluice_purpose"": null, ""dm_inst_inter_ager"": null, ""dm_no_river_sluice"": null}}",2026-08-29T14:45:46.967391+00:00,2026-08-29T14:45:46.967391+00:00
87,104,1,103,ASSET_REGISTRY,wris_registry_record,,"Peddabadava, Tulasikrishan Dam",,,,,,B2,GOVERNMENT_DERIVED_MIRROR,SOURCE_PRESERVED,0.8,False,False,False,AP state filter + external ID + spatial/name resolution,"{""geometry"": {""type"": ""Point"", ""coordinates"": [79.74263737, 13.46881704]}, ""properties"": {""class"": ""CLASS 3"", ""state"": ""AP"", ""bacode"": ""17"", ""dtcode"": ""Chittoor"", ""dam_vol"": ""118"", ""dm_name"": ""Peddabadava, Tulasikrishan Dam"", ""dm_type"": ""TE"", ""nrld_no"": ""AP01LH0107"", ""rivcode"": ""Peddabadava"", ""dm_ncity"": ""Sri Kalahasti"", ""objectid"": 3216, ""strucode"": ""D04534"", ""dm_cmn_yr"": null, ""dm_cmp_yr"": null, ""dm_coment"": null, ""dm_height"": ""10.74"", ""dm_length"": ""571"", ""dm_status"": null, ""dm_gate_no"": null, ""dm_gate_sz"": null, ""dm_flod_des"": null, ""dm_gt_ungtd"": null, ""dm_mod_oper"": null, ""dm_ses_zone"": ""Seismic Zone-III"", ""dm_spil_cap"": 31.0, ""dm_spil_lev"": null, ""dm_gate_type"": null, ""dm_sluice_sz"": null, ""dm_spil_leng"": null, ""dm_spil_type"": null, ""dm_cn_gate_no"": null, ""dm_ener_dissp"": null, ""dm_inst_inter"": null, ""dm_perliament"": ""Tirupati"", ""dm_ph_gate_no"": null, ""dm_instru_embed"": null, ""dm_oper_main_age"": ""Irrg.& CAD Dept."", ""dm_sluice_purpose"": null, ""dm_inst_inter_ager"": null, ""dm_no_river_sluice"": null}}",2026-08-29T14:45:46.967391+00:00,2026-08-29T14:45:46.967391+00:00
88,105,1,103,ASSET_REGISTRY,wris_registry_record,,"Peddayetivanka, Annupal Dam",,,,,,B2,GOVERNMENT_DERIVED_MIRROR,SOURCE_PRESERVED,0.8,False,False,False,AP state filter + external ID + spatial/name resolution,"{""geometry"": {""type"": ""Point"", ""coordinates"": [79.27742307, 13.48189794]}, ""properties"": {""class"": ""CLASS 3"", ""state"": ""AP"", ""bacode"": ""17"", ""dtcode"": ""Chittoor"", ""dam_vol"": null, ""dm_name"": ""Peddayetivanka, Annupal Dam"", ""dm_type"": ""TE"", ""nrld_no"": null, ""rivcode"": ""Peddayetivanka"", ""dm_ncity"": ""Puttur"", ""objectid"": 3219, ""strucode"": ""D04538"", ""dm_cmn_yr"": null, ""dm_cmp_yr"": null, ""dm_coment"": null, ""dm_height"": ""12.11"", ""dm_length"": ""235"", ""dm_status"": null, ""dm_gate_no"": null, ""dm_gate_sz"": null, ""dm_flod_des"": null, ""dm_gt_ungtd"": null, ""dm_mod_oper"": null, ""dm_ses_zone"": ""Seismic Zone-III"", ""dm_spil_cap"": 82.0, ""dm_spil_lev"": null, ""dm_gate_type"": null, ""dm_sluice_sz"": null, ""dm_spil_leng"": null, ""dm_spil_type"": null, ""dm_cn_gate_no"": null, ""dm_ener_dissp"": null, ""dm_inst_inter"": null, ""dm_perliament"": ""Chittoor"", ""dm_ph_gate_no"": null, ""dm_instru_embed"": null, ""dm_oper_main_age"": null, ""dm_sluice_purpose"": null, ""dm_inst_inter_ager"": null, ""dm_no_river_sluice"": null}}",2026-08-29T14:45:46.967391+00:00,2026-08-29T14:45:46.967391+00:00
89,106,1,103,ASSET_REGISTRY,wris_registry_record,,Pendlur Dam,,,,,,B2,GOVERNMENT_DERIVED_MIRROR,SOURCE_PRESERVED,0.8,False,False,False,AP state filter + external ID + spatial/name resolution,"{""geometry"": {""type"": ""Point"", ""coordinates"": [78.35909599, 14.42631049]}, ""properties"": {""class"": ""CLASS 3"", ""state"": ""AP"", ""bacode"": ""09"", ""dtcode"": ""Y.S.R."", ""dam_vol"": null, ""dm_name"": ""Pendlur Dam"", ""dm_type"": ""TE"", ""nrld_no"": ""AP01LH0067"", ""rivcode"": null, ""dm_ncity"": ""Pulivendla"", ""objectid"": 3220, ""strucode"": ""D04553"", ""dm_cmn_yr"": null, ""dm_cmp_yr"": ""1998"", ""dm_coment"": null, ""dm_height"": ""10.6"", ""dm_length"": ""1045"", ""dm_status"": ""Completed"", ""dm_gate_no"": null, ""dm_gate_sz"": null, ""dm_flod_des"": null, ""dm_gt_ungtd"": null, ""dm_mod_oper"": null, ""dm_ses_zone"": ""Seismic Zone-II"", ""dm_spil_cap"": 293.0, ""dm_spil_lev"": null, ""dm_gate_type"": null, ""dm_sluice_sz"": null, ""dm_spil_leng"": null, ""dm_spil_type"": null, ""dm_cn_gate_no"": null, ""dm_ener_dissp"": null, ""dm_inst_inter"": null, ""dm_perliament"": ""Kadapa"", ""dm_ph_gate_no"": null, ""dm_instru_embed"": null, ""dm_oper_main_age"": ""Irrg.& CAD Dept."", ""dm_sluice_purpose"": null, ""dm_inst_inter_ager"": null, ""dm_no_river_sluice"": null}}",2026-08-29T14:45:46.967391+00:00,2026-08-29T14:45:46.967391+00:00
90,107,1,103,ASSET_REGISTRY,wris_registry_record,,Peruru Dam,,,,,,B2,GOVERNMENT_DERIVED_MIRROR,SOURCE_PRESERVED,0.8,False,False,False,AP state filter + external ID + spatial/name resolution,"{""geometry"": {""type"": ""Point"", ""coordinates"": [79.37578004, 13.60787188]}, ""properties"": {""class"": ""CLASS 3"", ""state"": ""AP"", ""bacode"": ""17"", ""dtcode"": ""Chittoor"", ""dam_vol"": null, ""dm_name"": ""Peruru Dam"", ""dm_type"": ""TE"", ""nrld_no"": ""AP01LH0111"", ""rivcode"": null, ""dm_ncity"": ""Chandragiri"", ""objectid"": 3221, ""strucode"": ""D04558"", ""dm_cmn_yr"": null, ""dm_cmp_yr"": null, ""dm_coment"": null, ""dm_height"": ""10"", ""dm_length"": ""2520"", ""dm_status"": null, ""dm_gate_no"": null, ""dm_gate_sz"": null, ""dm_flod_des"": null, ""dm_gt_ungtd"": null, ""dm_mod_oper"": null, ""dm_ses_zone"": ""Seismic Zone-III"", ""dm_spil_cap"": null, ""dm_spil_lev"": null, ""dm_gate_type"": null, ""dm_sluice_sz"": null, ""dm_spil_leng"": null, ""dm_spil_type"": null, ""dm_cn_gate_no"": null, ""dm_ener_dissp"": null, ""dm_inst_inter"": null, ""dm_perliament"": ""Tirupati"", ""dm_ph_gate_no"": null, ""dm_instru_embed"": null, ""dm_oper_main_age"": ""Irrg.& CAD Dept."", ""dm_sluice_purpose"": null, ""dm_inst_inter_ager"": null, ""dm_no_river_sluice"": null}}",2026-08-29T14:45:46.967391+00:00,2026-08-29T14:45:46.967391+00:00
91,108,1,103,ASSET_REGISTRY,wris_registry_record,,Pittakayagulla Dam,,,,,,B2,GOVERNMENT_DERIVED_MIRROR,SOURCE_PRESERVED,0.8,False,False,False,AP state filter + external ID + spatial/name resolution,"{""geometry"": {""type"": ""Point"", ""coordinates"": [79.12404685, 15.47805825]}, ""properties"": {""class"": ""CLASS 3"", ""state"": ""AP"", ""bacode"": ""16"", ""dtcode"": ""Prakasam"", ""dam_vol"": null, ""dm_name"": ""Pittakayagulla Dam"", ""dm_type"": ""TE"", ""nrld_no"": ""AP01LH0045"", ""rivcode"": ""Vemuluri Stream"", ""dm_ncity"": ""Giddalur"", ""objectid"": 3223, ""strucode"": ""D04567"", ""dm_cmn_yr"": null, ""dm_cmp_yr"": ""1978"", ""dm_coment"": null, ""dm_height"": ""12.5"", ""dm_length"": null, ""dm_status"": ""Completed"", ""dm_gate_no"": null, ""dm_gate_sz"": null, ""dm_flod_des"": null, ""dm_gt_ungtd"": null, ""dm_mod_oper"": null, ""dm_ses_zone"": ""Seismic Zone-II"", ""dm_spil_cap"": 429.0, ""dm_spil_lev"": null, ""dm_gate_type"": null, ""dm_sluice_sz"": null, ""dm_spil_leng"": null, ""dm_spil_type"": null, ""dm_cn_gate_no"": null, ""dm_ener_dissp"": null, ""dm_inst_inter"": null, ""dm_perliament"": ""Ongole"", ""dm_ph_gate_no"": null, ""dm_instru_embed"": null, ""dm_oper_main_age"": ""Irrg.& CAD Dept."", ""dm_sluice_purpose"": null, ""dm_inst_inter_ager"": null, ""dm_no_river_sluice"": null}}",2026-08-29T14:45:46.967391+00:00,2026-08-29T14:45:46.967391+00:00
92,109,1,103,ASSET_REGISTRY,wris_registry_record,,Rayalacheruvu Dam,,,,,,B2,GOVERNMENT_DERIVED_MIRROR,SOURCE_PRESERVED,0.8,False,False,False,AP state filter + external ID + spatial/name resolution,"{""geometry"": {""type"": ""Point"", ""coordinates"": [77.80463519, 15.05301066]}, ""properties"": {""class"": ""CLASS 3"", ""state"": ""AP"", ""bacode"": ""09"", ""dtcode"": ""Anantapur"", ""dam_vol"": ""260"", ""dm_name"": ""Rayalacheruvu Dam"", ""dm_type"": ""TE"", ""nrld_no"": ""AP01LH0115"", ""rivcode"": ""Pennar"", ""dm_ncity"": ""Tadpatri"", ""objectid"": 3228, ""strucode"": ""D04630"", ""dm_cmn_yr"": null, ""dm_cmp_yr"": null, ""dm_coment"": null, ""dm_height"": ""10"", ""dm_length"": ""920"", ""dm_status"": null, ""dm_gate_no"": null, ""dm_gate_sz"": null, ""dm_flod_des"": null, ""dm_gt_ungtd"": null, ""dm_mod_oper"": null, ""dm_ses_zone"": ""Seismic Zone-II"", ""dm_spil_cap"": 21.0, ""dm_spil_lev"": null, ""dm_gate_type"": null, ""dm_sluice_sz"": null, ""dm_spil_leng"": null, ""dm_spil_type"": null, ""dm_cn_gate_no"": null, ""dm_ener_dissp"": null, ""dm_inst_inter"": null, ""dm_perliament"": ""Anantapur"", ""dm_ph_gate_no"": null, ""dm_instru_embed"": null, ""dm_oper_main_age"": ""Irrg.& CAD Dept."", ""dm_sluice_purpose"": null, ""dm_inst_inter_ager"": null, ""dm_no_river_sluice"": null}}",2026-08-29T14:45:46.967391+00:00,2026-08-29T14:45:46.967391+00:00
93,110,1,103,ASSET_REGISTRY,wris_registry_record,,Sadasivakona Dam,,,,,,B2,GOVERNMENT_DERIVED_MIRROR,SOURCE_PRESERVED,0.8,False,False,False,AP state filter + external ID + spatial/name resolution,"{""geometry"": {""type"": ""Point"", ""coordinates"": [79.61823729, 13.59367831]}, ""properties"": {""class"": ""CLASS 3"", ""state"": ""AP"", ""bacode"": ""17"", ""dtcode"": ""Chittoor"", ""dam_vol"": ""137"", ""dm_name"": ""Sadasivakona Dam"", ""dm_type"": ""TE"", ""nrld_no"": ""AP01LH0048"", ""rivcode"": ""Sadasivakona"", ""dm_ncity"": ""Sri Kalahasti"", ""objectid"": 3229, ""strucode"": ""D04649"", ""dm_cmn_yr"": null, ""dm_cmp_yr"": ""1979"", ""dm_coment"": null, ""dm_height"": ""14.03"", ""dm_length"": ""619"", ""dm_status"": ""Completed"", ""dm_gate_no"": null, ""dm_gate_sz"": null, ""dm_flod_des"": null, ""dm_gt_ungtd"": null, ""dm_mod_oper"": null, ""dm_ses_zone"": ""Seismic Zone-III"", ""dm_spil_cap"": 180.0, ""dm_spil_lev"": null, ""dm_gate_type"": null, ""dm_sluice_sz"": null, ""dm_spil_leng"": null, ""dm_spil_type"": null, ""dm_cn_gate_no"": null, ""dm_ener_dissp"": null, ""dm_inst_inter"": null, ""dm_perliament"": ""Tirupati"", ""dm_ph_gate_no"": null, ""dm_instru_embed"": null, ""dm_oper_main_age"": ""Irrg.& CAD Dept."", ""dm_sluice_purpose"": null, ""dm_inst_inter_ager"": null, ""dm_no_river_sluice"": null}}",2026-08-29T14:45:46.967391+00:00,2026-08-29T14:45:46.967391+00:00
94,111,1,103,ASSET_REGISTRY,wris_registry_record,,Thadukuvagu Dam,,,,,,B2,GOVERNMENT_DERIVED_MIRROR,SOURCE_PRESERVED,0.8,False,False,False,AP state filter + external ID + spatial/name resolution,"{""geometry"": {""type"": ""Point"", ""coordinates"": [78.88061498, 15.18213417]}, ""properties"": {""class"": ""CLASS 3"", ""state"": ""AP"", ""bacode"": ""09"", ""dtcode"": ""Y.S.R."", ""dam_vol"": null, ""dm_name"": ""Thadukuvagu Dam"", ""dm_type"": ""TE"", ""nrld_no"": ""AP01LH0055"", ""rivcode"": null, ""dm_ncity"": ""Badvel"", ""objectid"": 3769, ""strucode"": ""D05261"", ""dm_cmn_yr"": null, ""dm_cmp_yr"": ""1982"", ""dm_coment"": null, ""dm_height"": ""12.2"", ""dm_length"": ""900"", ""dm_status"": ""Completed"", ""dm_gate_no"": null, ""dm_gate_sz"": null, ""dm_flod_des"": null, ""dm_gt_ungtd"": null, ""dm_mod_oper"": null, ""dm_ses_zone"": ""Seismic Zone-II"", ""dm_spil_cap"": 680.0, ""dm_spil_lev"": null, ""dm_gate_type"": null, ""dm_sluice_sz"": null, ""dm_spil_leng"": null, ""dm_spil_type"": null, ""dm_cn_gate_no"": null, ""dm_ener_dissp"": null, ""dm_inst_inter"": null, ""dm_perliament"": ""Kadapa"", ""dm_ph_gate_no"": null, ""dm_instru_embed"": null, ""dm_oper_main_age"": ""Irrg.& CAD Dept."", ""dm_sluice_purpose"": null, ""dm_inst_inter_ager"": null, ""dm_no_river_sluice"": null}}",2026-08-29T14:45:46.967391+00:00,2026-08-29T14:45:46.967391+00:00
95,112,1,103,ASSET_REGISTRY,wris_registry_record,,"Urakagedda , Sankaram (V), Madugula(M) Dam",,,,,,B2,GOVERNMENT_DERIVED_MIRROR,SOURCE_PRESERVED,0.8,False,False,False,AP state filter + external ID + spatial/name resolution,"{""geometry"": {""type"": ""Point"", ""coordinates"": [82.72601449, 17.93943707]}, ""properties"": {""class"": ""CLASS 3"", ""state"": ""AP"", ""bacode"": ""16"", ""dtcode"": ""Visakhapatnam"", ""dam_vol"": null, ""dm_name"": ""Urakagedda , Sankaram (V), Madugula(M) Dam"", ""dm_type"": ""TE"", ""nrld_no"": ""AP01MH0145"", ""rivcode"": null, ""dm_ncity"": ""Paderu"", ""objectid"": 3771, ""strucode"": ""D05266"", ""dm_cmn_yr"": null, ""dm_cmp_yr"": null, ""dm_coment"": null, ""dm_height"": ""25"", ""dm_length"": ""515"", ""dm_status"": ""Under Construction"", ""dm_gate_no"": null, ""dm_gate_sz"": null, ""dm_flod_des"": null, ""dm_gt_ungtd"": null, ""dm_mod_oper"": null, ""dm_ses_zone"": ""Seismic Zone-II"", ""dm_spil_cap"": 15651.0, ""dm_spil_lev"": null, ""dm_gate_type"": null, ""dm_sluice_sz"": null, ""dm_spil_leng"": null, ""dm_spil_type"": null, ""dm_cn_gate_no"": null, ""dm_ener_dissp"": null, ""dm_inst_inter"": null, ""dm_perliament"": ""Araku"", ""dm_ph_gate_no"": null, ""dm_instru_embed"": null, ""dm_oper_main_age"": ""Irrg.& CAD Dept."", ""dm_sluice_purpose"": null, ""dm_inst_inter_ager"": null, ""dm_no_river_sluice"": null}}",2026-08-29T14:45:46.967391+00:00,2026-08-29T14:45:46.967391+00:00
96,113,1,103,ASSET_REGISTRY,wris_registry_record,,Sancherla Dam,,,,,,B2,GOVERNMENT_DERIVED_MIRROR,SOURCE_PRESERVED,0.8,False,False,False,AP state filter + external ID + spatial/name resolution,"{""geometry"": {""type"": ""Point"", ""coordinates"": [79.02396218, 15.1482259]}, ""properties"": {""class"": ""CLASS 3"", ""state"": ""AP"", ""bacode"": ""09"", ""dtcode"": ""Y.S.R."", ""dam_vol"": null, ""dm_name"": ""Sancherla Dam"", ""dm_type"": ""TE"", ""nrld_no"": ""AP01LH0071"", ""rivcode"": null, ""dm_ncity"": ""Badvel"", ""objectid"": 3850, ""strucode"": ""D05180"", ""dm_cmn_yr"": null, ""dm_cmp_yr"": ""2000"", ""dm_coment"": null, ""dm_height"": ""12"", ""dm_length"": ""500"", ""dm_status"": ""Completed"", ""dm_gate_no"": null, ""dm_gate_sz"": null, ""dm_flod_des"": null, ""dm_gt_ungtd"": null, ""dm_mod_oper"": null, ""dm_ses_zone"": ""Seismic Zone-II"", ""dm_spil_cap"": 340.0, ""dm_spil_lev"": null, ""dm_gate_type"": null, ""dm_sluice_sz"": null, ""dm_spil_leng"": null, ""dm_spil_type"": null, ""dm_cn_gate_no"": null, ""dm_ener_dissp"": null, ""dm_inst_inter"": null, ""dm_perliament"": ""Kadapa"", ""dm_ph_gate_no"": null, ""dm_instru_embed"": null, ""dm_oper_main_age"": ""Irrg.& CAD Dept."", ""dm_sluice_purpose"": null, ""dm_inst_inter_ager"": null, ""dm_no_river_sluice"": null}}",2026-08-29T14:45:46.967391+00:00,2026-08-29T14:45:46.967391+00:00
97,114,1,103,ASSET_REGISTRY,wris_registry_record,,Sankarayalapeta Dam,,,,,,B2,GOVERNMENT_DERIVED_MIRROR,SOURCE_PRESERVED,0.8,False,False,False,AP state filter + external ID + spatial/name resolution,"{""geometry"": {""type"": ""Point"", ""coordinates"": [78.60804951, 13.22900941]}, ""properties"": {""class"": ""CLASS 3"", ""state"": ""AP"", ""bacode"": ""17"", ""dtcode"": ""Chittoor"", ""dam_vol"": null, ""dm_name"": ""Sankarayalapeta Dam"", ""dm_type"": ""TE + PG"", ""nrld_no"": ""AP01LH0116"", ""rivcode"": null, ""dm_ncity"": ""Punganuru"", ""objectid"": 3851, ""strucode"": ""D05182"", ""dm_cmn_yr"": null, ""dm_cmp_yr"": null, ""dm_coment"": null, ""dm_height"": ""13"", ""dm_length"": ""2000"", ""dm_status"": null, ""dm_gate_no"": null, ""dm_gate_sz"": null, ""dm_flod_des"": null, ""dm_gt_ungtd"": null, ""dm_mod_oper"": null, ""dm_ses_zone"": ""Seismic Zone-II"", ""dm_spil_cap"": null, ""dm_spil_lev"": null, ""dm_gate_type"": null, ""dm_sluice_sz"": null, ""dm_spil_leng"": null, ""dm_spil_type"": null, ""dm_cn_gate_no"": null, ""dm_ener_dissp"": null, ""dm_inst_inter"": null, ""dm_perliament"": ""Chittoor"", ""dm_ph_gate_no"": null, ""dm_instru_embed"": null, ""dm_oper_main_age"": ""Irrg.& CAD Dept."", ""dm_sluice_purpose"": null, ""dm_inst_inter_ager"": null, ""dm_no_river_sluice"": null}}",2026-08-29T14:45:46.967391+00:00,2026-08-29T14:45:46.967391+00:00
98,115,1,103,ASSET_REGISTRY,wris_registry_record,,Vanaka Badigedda Dam,,,,,,B2,GOVERNMENT_DERIVED_MIRROR,SOURCE_PRESERVED,0.8,False,False,False,AP state filter + external ID + spatial/name resolution,"{""geometry"": {""type"": ""Point"", ""coordinates"": [83.4187376, 18.89752984]}, ""properties"": {""class"": ""Class 2"", ""state"": ""AP"", ""bacode"": ""16"", ""dtcode"": ""Vizianagaram"", ""dam_vol"": ""1.99"", ""dm_name"": ""Vanaka Badigedda Dam"", ""dm_type"": ""TE + PG"", ""nrld_no"": ""AP01LH0147"", ""rivcode"": ""Vanaka Badigedda"", ""dm_ncity"": ""Parvathipuram"", ""objectid"": 3897, ""strucode"": ""D05291"", ""dm_cmn_yr"": null, ""dm_cmp_yr"": null, ""dm_coment"": null, ""dm_height"": ""13"", ""dm_length"": ""630"", ""dm_status"": ""Under Construction"", ""dm_gate_no"": null, ""dm_gate_sz"": null, ""dm_flod_des"": null, ""dm_gt_ungtd"": null, ""dm_mod_oper"": null, ""dm_ses_zone"": ""Seismic Zone-II"", ""dm_spil_cap"": null, ""dm_spil_lev"": null, ""dm_gate_type"": null, ""dm_sluice_sz"": null, ""dm_spil_leng"": null, ""dm_spil_type"": null, ""dm_cn_gate_no"": null, ""dm_ener_dissp"": null, ""dm_inst_inter"": null, ""dm_perliament"": ""Araku"", ""dm_ph_gate_no"": null, ""dm_instru_embed"": null, ""dm_oper_main_age"": ""Irrg.& CAD Dept."", ""dm_sluice_purpose"": null, ""dm_inst_inter_ager"": null, ""dm_no_river_sluice"": null}}",2026-08-29T14:45:46.967391+00:00,2026-08-29T14:45:46.967391+00:00
99,116,1,103,ASSET_REGISTRY,wris_registry_record,,Varikunta Dam,,,,,,B2,GOVERNMENT_DERIVED_MIRROR,SOURCE_PRESERVED,0.8,False,False,False,AP state filter + external ID + spatial/name resolution,"{""geometry"": {""type"": ""Point"", ""coordinates"": [78.86858603, 15.07557878]}, ""properties"": {""class"": ""CLASS 3"", ""state"": ""AP"", ""bacode"": ""09"", ""dtcode"": ""Y.S.R."", ""dam_vol"": null, ""dm_name"": ""Varikunta Dam"", ""dm_type"": ""TE"", ""nrld_no"": ""AP01MH0066"", ""rivcode"": null, ""dm_ncity"": ""Badvel"", ""objectid"": 3898, ""strucode"": ""D05292"", ""dm_cmn_yr"": null, ""dm_cmp_yr"": ""1997"", ""dm_coment"": null, ""dm_height"": ""15.1"", ""dm_length"": ""1156"", ""dm_status"": ""Completed"", ""dm_gate_no"": null, ""dm_gate_sz"": null, ""dm_flod_des"": null, ""dm_gt_ungtd"": null, ""dm_mod_oper"": null, ""dm_ses_zone"": ""Seismic Zone-II"", ""dm_spil_cap"": 810.0, ""dm_spil_lev"": null, ""dm_gate_type"": ""RD"", ""dm_sluice_sz"": null, ""dm_spil_leng"": null, ""dm_spil_type"": null, ""dm_cn_gate_no"": null, ""dm_ener_dissp"": null, ""dm_inst_inter"": null, ""dm_perliament"": ""Kadapa"", ""dm_ph_gate_no"": null, ""dm_instru_embed"": null, ""dm_oper_main_age"": ""Irrg.& CAD Dept."", ""dm_sluice_purpose"": null, ""dm_inst_inter_ager"": null, ""dm_no_river_sluice"": null}}",2026-08-29T14:45:46.967391+00:00,2026-08-29T14:45:46.967391+00:00
100,117,1,103,ASSET_REGISTRY,wris_registry_record,,Vyasasamudram Dam,,,,,,B2,GOVERNMENT_DERIVED_MIRROR,SOURCE_PRESERVED,0.8,False,False,False,AP state filter + external ID + spatial/name resolution,"{""geometry"": {""type"": ""Point"", ""coordinates"": [78.13812669, 13.73048055]}, ""properties"": {""class"": ""CLASS 3"", ""state"": ""AP"", ""bacode"": ""09"", ""dtcode"": ""Chittoor"", ""dam_vol"": null, ""dm_name"": ""Vyasasamudram Dam"", ""dm_type"": ""TE + PG"", ""nrld_no"": ""AP01LH0032"", ""rivcode"": null, ""dm_ncity"": ""Madanapalle"", ""objectid"": 3901, ""strucode"": ""D05299"", ""dm_cmn_yr"": null, ""dm_cmp_yr"": ""1974"", ""dm_coment"": ""Broadcrested weirs built in stone masonry"", ""dm_height"": ""11.29"", ""dm_length"": ""840"", ""dm_status"": ""Completed"", ""dm_gate_no"": null, ""dm_gate_sz"": null, ""dm_flod_des"": null, ""dm_gt_ungtd"": null, ""dm_mod_oper"": null, ""dm_ses_zone"": ""Seismic Zone-II"", ""dm_spil_cap"": 169.0, ""dm_spil_lev"": null, ""dm_gate_type"": ""LG"", ""dm_sluice_sz"": null, ""dm_spil_leng"": null, ""dm_spil_type"": null, ""dm_cn_gate_no"": null, ""dm_ener_dissp"": null, ""dm_inst_inter"": null, ""dm_perliament"": ""Rajampet"", ""dm_ph_gate_no"": null, ""dm_instru_embed"": null, ""dm_oper_main_age"": ""Irrg.& CAD Dept."", ""dm_sluice_purpose"": null, ""dm_inst_inter_ager"": null, ""dm_no_river_sluice"": null}}",2026-08-29T14:45:46.967391+00:00,2026-08-29T14:45:46.967391+00:00
101,118,1,103,ASSET_REGISTRY,wris_registry_record,,Y.T.Cheruvu Dam,,,,,,B2,GOVERNMENT_DERIVED_MIRROR,SOURCE_PRESERVED,0.8,False,False,False,AP state filter + external ID + spatial/name resolution,"{""geometry"": {""type"": ""Point"", ""coordinates"": [77.55154443, 15.14880787]}, ""properties"": {""class"": ""Class 2"", ""state"": ""AP"", ""bacode"": ""09"", ""dtcode"": ""Anantapur"", ""dam_vol"": null, ""dm_name"": ""Y.T.Cheruvu Dam"", ""dm_type"": ""TE + PG"", ""nrld_no"": ""AP01LH0124"", ""rivcode"": null, ""dm_ncity"": ""Gooty"", ""objectid"": 3902, ""strucode"": ""D05300"", ""dm_cmn_yr"": null, ""dm_cmp_yr"": null, ""dm_coment"": null, ""dm_height"": ""10"", ""dm_length"": ""2078"", ""dm_status"": null, ""dm_gate_no"": null, ""dm_gate_sz"": null, ""dm_flod_des"": null, ""dm_gt_ungtd"": null, ""dm_mod_oper"": null, ""dm_ses_zone"": ""Seismic Zone-II"", ""dm_spil_cap"": 226.0, ""dm_spil_lev"": null, ""dm_gate_type"": ""LG"", ""dm_sluice_sz"": null, ""dm_spil_leng"": null, ""dm_spil_type"": null, ""dm_cn_gate_no"": null, ""dm_ener_dissp"": null, ""dm_inst_inter"": null, ""dm_perliament"": ""Anantapur"", ""dm_ph_gate_no"": null, ""dm_instru_embed"": null, ""dm_oper_main_age"": ""Irrg.& CAD Dept."", ""dm_sluice_purpose"": null, ""dm_inst_inter_ager"": null, ""dm_no_river_sluice"": null}}",2026-08-29T14:45:46.967391+00:00,2026-08-29T14:45:46.967391+00:00
102,119,1,103,ASSET_REGISTRY,wris_registry_record,,Savisettipalli Dam,,,,,,B2,GOVERNMENT_DERIVED_MIRROR,SOURCE_PRESERVED,0.8,False,False,False,AP state filter + external ID + spatial/name resolution,"{""geometry"": {""type"": ""Point"", ""coordinates"": [78.8895675, 15.00615073]}, ""properties"": {""class"": ""CLASS 3"", ""state"": ""AP"", ""bacode"": ""09"", ""dtcode"": ""Y.S.R."", ""dam_vol"": null, ""dm_name"": ""Savisettipalli Dam"", ""dm_type"": ""TE"", ""nrld_no"": ""AP01LH0061"", ""rivcode"": null, ""dm_ncity"": ""Badvel"", ""objectid"": 3923, ""strucode"": ""D05190"", ""dm_cmn_yr"": null, ""dm_cmp_yr"": ""1985"", ""dm_coment"": null, ""dm_height"": ""12"", ""dm_length"": ""200"", ""dm_status"": ""Completed"", ""dm_gate_no"": null, ""dm_gate_sz"": null, ""dm_flod_des"": null, ""dm_gt_ungtd"": null, ""dm_mod_oper"": null, ""dm_ses_zone"": ""Seismic Zone-II"", ""dm_spil_cap"": 130.0, ""dm_spil_lev"": null, ""dm_gate_type"": null, ""dm_sluice_sz"": null, ""dm_spil_leng"": null, ""dm_spil_type"": null, ""dm_cn_gate_no"": null, ""dm_ener_dissp"": null, ""dm_inst_inter"": null, ""dm_perliament"": ""Kadapa"", ""dm_ph_gate_no"": null, ""dm_instru_embed"": null, ""dm_oper_main_age"": ""Irrg.& CAD Dept."", ""dm_sluice_purpose"": null, ""dm_inst_inter_ager"": null, ""dm_no_river_sluice"": null}}",2026-08-29T14:45:46.967391+00:00,2026-08-29T14:45:46.967391+00:00
103,120,1,103,ASSET_REGISTRY,wris_registry_record,,"Seethai Cheru, Seethaipally Dam",,,,,,B2,GOVERNMENT_DERIVED_MIRROR,SOURCE_PRESERVED,0.8,False,False,False,AP state filter + external ID + spatial/name resolution,"{""geometry"": {""type"": ""Point"", ""coordinates"": [79.87626839, 16.01945867]}, ""properties"": {""class"": ""CLASS 3"", ""state"": ""AP"", ""bacode"": ""16"", ""dtcode"": ""Prakasam"", ""dam_vol"": null, ""dm_name"": ""Seethai Cheru, Seethaipally Dam"", ""dm_type"": ""TE"", ""nrld_no"": ""AP01LH0117"", ""rivcode"": ""Godavari"", ""dm_ncity"": ""Addanki"", ""objectid"": 3924, ""strucode"": ""D05193"", ""dm_cmn_yr"": null, ""dm_cmp_yr"": ""1922"", ""dm_coment"": null, ""dm_height"": ""11"", ""dm_length"": ""1020"", ""dm_status"": null, ""dm_gate_no"": null, ""dm_gate_sz"": null, ""dm_flod_des"": null, ""dm_gt_ungtd"": null, ""dm_mod_oper"": null, ""dm_ses_zone"": ""Seismic Zone-II"", ""dm_spil_cap"": 104.0, ""dm_spil_lev"": null, ""dm_gate_type"": null, ""dm_sluice_sz"": null, ""dm_spil_leng"": null, ""dm_spil_type"": null, ""dm_cn_gate_no"": null, ""dm_ener_dissp"": null, ""dm_inst_inter"": null, ""dm_perliament"": ""Bapatla"", ""dm_ph_gate_no"": null, ""dm_instru_embed"": null, ""dm_oper_main_age"": ""Irrg.& CAD Dept."", ""dm_sluice_purpose"": null, ""dm_inst_inter_ager"": null, ""dm_no_river_sluice"": null}}",2026-08-29T14:45:46.967391+00:00,2026-08-29T14:45:46.967391+00:00
104,121,1,103,ASSET_REGISTRY,wris_registry_record,,Sreerangarayani Cheruvu Dam,,,,,,B2,GOVERNMENT_DERIVED_MIRROR,SOURCE_PRESERVED,0.8,False,False,False,AP state filter + external ID + spatial/name resolution,"{""geometry"": {""type"": ""Point"", ""coordinates"": [77.71069046, 14.78503268]}, ""properties"": {""class"": ""Class 2"", ""state"": ""AP"", ""bacode"": ""09"", ""dtcode"": ""Anantapur"", ""dam_vol"": null, ""dm_name"": ""Sreerangarayani Cheruvu Dam"", ""dm_type"": ""TE + PG"", ""nrld_no"": ""AP01LH0118"", ""rivcode"": null, ""dm_ncity"": ""Anantapur"", ""objectid"": 3929, ""strucode"": ""D05207"", ""dm_cmn_yr"": null, ""dm_cmp_yr"": null, ""dm_coment"": ""Dam type: gravity+spillway"", ""dm_height"": ""11.708"", ""dm_length"": ""2378.76"", ""dm_status"": null, ""dm_gate_no"": null, ""dm_gate_sz"": null, ""dm_flod_des"": null, ""dm_gt_ungtd"": null, ""dm_mod_oper"": null, ""dm_ses_zone"": ""Seismic Zone-II"", ""dm_spil_cap"": 992.0, ""dm_spil_lev"": null, ""dm_gate_type"": null, ""dm_sluice_sz"": null, ""dm_spil_leng"": null, ""dm_spil_type"": null, ""dm_cn_gate_no"": null, ""dm_ener_dissp"": null, ""dm_inst_inter"": null, ""dm_perliament"": ""Anantapur"", ""dm_ph_gate_no"": null, ""dm_instru_embed"": null, ""dm_oper_main_age"": ""Irrg.& CAD Dept."", ""dm_sluice_purpose"": null, ""dm_inst_inter_ager"": null, ""dm_no_river_sluice"": null}}",2026-08-29T14:45:46.967391+00:00,2026-08-29T14:45:46.967391+00:00
105,122,1,103,ASSET_REGISTRY,wris_registry_record,,T.Sundupalli Dam,,,,,,B2,GOVERNMENT_DERIVED_MIRROR,SOURCE_PRESERVED,0.8,False,False,False,AP state filter + external ID + spatial/name resolution,"{""geometry"": {""type"": ""Point"", ""coordinates"": [78.92903757, 14.84569329]}, ""properties"": {""class"": ""CLASS 3"", ""state"": ""AP"", ""bacode"": ""09"", ""dtcode"": ""Y.S.R."", ""dam_vol"": null, ""dm_name"": ""T.Sundupalli Dam"", ""dm_type"": ""TE + PG"", ""nrld_no"": ""AP01LH0120"", ""rivcode"": null, ""dm_ncity"": ""Badvel"", ""objectid"": 3933, ""strucode"": ""D05214"", ""dm_cmn_yr"": null, ""dm_cmp_yr"": null, ""dm_coment"": null, ""dm_height"": ""10"", ""dm_length"": ""1100"", ""dm_status"": null, ""dm_gate_no"": null, ""dm_gate_sz"": null, ""dm_flod_des"": null, ""dm_gt_ungtd"": null, ""dm_mod_oper"": null, ""dm_ses_zone"": ""Seismic Zone-II"", ""dm_spil_cap"": 685.0, ""dm_spil_lev"": null, ""dm_gate_type"": null, ""dm_sluice_sz"": null, ""dm_spil_leng"": null, ""dm_spil_type"": null, ""dm_cn_gate_no"": null, ""dm_ener_dissp"": null, ""dm_inst_inter"": null, ""dm_perliament"": ""Kadapa"", ""dm_ph_gate_no"": null, ""dm_instru_embed"": null, ""dm_oper_main_age"": ""Irrg.& CAD Dept."", ""dm_sluice_purpose"": null, ""dm_inst_inter_ager"": null, ""dm_no_river_sluice"": null}}",2026-08-29T14:45:46.967391+00:00,2026-08-29T14:45:46.967391+00:00
106,123,1,103,ASSET_REGISTRY,wris_registry_record,,"Tajangi , Tajangi(V) Dam",,,,,,B2,GOVERNMENT_DERIVED_MIRROR,SOURCE_PRESERVED,0.8,False,False,False,AP state filter + external ID + spatial/name resolution,"{""geometry"": {""type"": ""Point"", ""coordinates"": [82.4961826, 17.86966855]}, ""properties"": {""class"": ""CLASS 3"", ""state"": ""AP"", ""bacode"": ""03"", ""dtcode"": ""Visakhapatnam"", ""dam_vol"": null, ""dm_name"": ""Tajangi , Tajangi(V) Dam"", ""dm_type"": ""TE"", ""nrld_no"": ""AP01MH0121"", ""rivcode"": null, ""dm_ncity"": ""Chintapalle"", ""objectid"": 3934, ""strucode"": ""D05215"", ""dm_cmn_yr"": null, ""dm_cmp_yr"": null, ""dm_coment"": null, ""dm_height"": ""17.3"", ""dm_length"": ""220"", ""dm_status"": null, ""dm_gate_no"": null, ""dm_gate_sz"": null, ""dm_flod_des"": null, ""dm_gt_ungtd"": null, ""dm_mod_oper"": null, ""dm_ses_zone"": ""Seismic Zone-II"", ""dm_spil_cap"": 12500.0, ""dm_spil_lev"": null, ""dm_gate_type"": null, ""dm_sluice_sz"": null, ""dm_spil_leng"": null, ""dm_spil_type"": null, ""dm_cn_gate_no"": null, ""dm_ener_dissp"": null, ""dm_inst_inter"": null, ""dm_perliament"": ""Araku"", ""dm_ph_gate_no"": null, ""dm_instru_embed"": null, ""dm_oper_main_age"": ""Irrg.& CAD Dept."", ""dm_sluice_purpose"": null, ""dm_inst_inter_ager"": null, ""dm_no_river_sluice"": null}}",2026-08-29T14:45:46.967391+00:00,2026-08-29T14:45:46.967391+00:00
107,124,1,103,ASSET_REGISTRY,wris_registry_record,,Alaganoor Dam,,,,,,B2,GOVERNMENT_DERIVED_MIRROR,SOURCE_PRESERVED,0.8,False,False,False,AP state filter + external ID + spatial/name resolution,"{""geometry"": {""type"": ""Point"", ""coordinates"": [78.40817558, 15.69996308]}, ""properties"": {""class"": ""CLASS 3"", ""state"": ""AP"", ""bacode"": ""09"", ""dtcode"": ""Kurnool"", ""dam_vol"": null, ""dm_name"": ""Alaganoor Dam"", ""dm_type"": null, ""nrld_no"": null, ""rivcode"": null, ""dm_ncity"": ""Nandikotkur"", ""objectid"": 4136, ""strucode"": ""D06052"", ""dm_cmn_yr"": null, ""dm_cmp_yr"": null, ""dm_coment"": null, ""dm_height"": null, ""dm_length"": null, ""dm_status"": null, ""dm_gate_no"": null, ""dm_gate_sz"": null, ""dm_flod_des"": null, ""dm_gt_ungtd"": null, ""dm_mod_oper"": null, ""dm_ses_zone"": ""Seismic Zone-II"", ""dm_spil_cap"": null, ""dm_spil_lev"": null, ""dm_gate_type"": null, ""dm_sluice_sz"": null, ""dm_spil_leng"": null, ""dm_spil_type"": null, ""dm_cn_gate_no"": null, ""dm_ener_dissp"": null, ""dm_inst_inter"": null, ""dm_perliament"": ""Nandyal"", ""dm_ph_gate_no"": null, ""dm_instru_embed"": null, ""dm_oper_main_age"": null, ""dm_sluice_purpose"": null, ""dm_inst_inter_ager"": null, ""dm_no_river_sluice"": null}}",2026-08-29T14:45:46.967391+00:00,2026-08-29T14:45:46.967391+00:00
108,125,1,103,ASSET_REGISTRY,wris_registry_record,,Eguva Thamballa Palli - Cheruvu Dam,,,,,,B2,GOVERNMENT_DERIVED_MIRROR,SOURCE_PRESERVED,0.8,False,False,False,AP state filter + external ID + spatial/name resolution,"{""geometry"": {""type"": ""Point"", ""coordinates"": [78.86885221, 15.13353222]}, ""properties"": {""class"": ""CLASS 3"", ""state"": ""AP"", ""bacode"": ""09"", ""dtcode"": ""Y.S.R."", ""dam_vol"": null, ""dm_name"": ""Eguva Thamballa Palli - Cheruvu Dam"", ""dm_type"": null, ""nrld_no"": null, ""rivcode"": null, ""dm_ncity"": ""Badvel"", ""objectid"": 4156, ""strucode"": ""D06074"", ""dm_cmn_yr"": null, ""dm_cmp_yr"": null, ""dm_coment"": null, ""dm_height"": null, ""dm_length"": null, ""dm_status"": null, ""dm_gate_no"": null, ""dm_gate_sz"": null, ""dm_flod_des"": null, ""dm_gt_ungtd"": null, ""dm_mod_oper"": null, ""dm_ses_zone"": ""Seismic Zone-II"", ""dm_spil_cap"": null, ""dm_spil_lev"": null, ""dm_gate_type"": null, ""dm_sluice_sz"": null, ""dm_spil_leng"": null, ""dm_spil_type"": null, ""dm_cn_gate_no"": null, ""dm_ener_dissp"": null, ""dm_inst_inter"": null, ""dm_perliament"": ""Kadapa"", ""dm_ph_gate_no"": null, ""dm_instru_embed"": null, ""dm_oper_main_age"": null, ""dm_sluice_purpose"": null, ""dm_inst_inter_ager"": null, ""dm_no_river_sluice"": null}}",2026-08-29T14:45:46.967391+00:00,2026-08-29T14:45:46.967391+00:00
109,126,1,103,ASSET_REGISTRY,wris_registry_record,,Guntawada Main Dam,,,,,,B2,GOVERNMENT_DERIVED_MIRROR,SOURCE_PRESERVED,0.8,False,False,False,AP state filter + external ID + spatial/name resolution,"{""geometry"": {""type"": ""Point"", ""coordinates"": [82.03941964, 18.05978839]}, ""properties"": {""class"": ""CLASS 3"", ""state"": ""AP"", ""bacode"": ""03"", ""dtcode"": ""Visakhapatnam"", ""dam_vol"": null, ""dm_name"": ""Guntawada Main Dam"", ""dm_type"": null, ""nrld_no"": ""AP01HH0023"", ""rivcode"": ""Sileru"", ""dm_ncity"": ""Chintapalle"", ""objectid"": 4166, ""strucode"": ""D06086"", ""dm_cmn_yr"": null, ""dm_cmp_yr"": null, ""dm_coment"": null, ""dm_height"": null, ""dm_length"": null, ""dm_status"": ""Completed"", ""dm_gate_no"": null, ""dm_gate_sz"": null, ""dm_flod_des"": ""7080"", ""dm_gt_ungtd"": null, ""dm_mod_oper"": null, ""dm_ses_zone"": ""Seismic Zone-II"", ""dm_spil_cap"": 10933.0, ""dm_spil_lev"": null, ""dm_gate_type"": null, ""dm_sluice_sz"": null, ""dm_spil_leng"": null, ""dm_spil_type"": null, ""dm_cn_gate_no"": null, ""dm_ener_dissp"": null, ""dm_inst_inter"": null, ""dm_perliament"": ""Araku"", ""dm_ph_gate_no"": null, ""dm_instru_embed"": null, ""dm_oper_main_age"": ""APGENCO"", ""dm_sluice_purpose"": null, ""dm_inst_inter_ager"": null, ""dm_no_river_sluice"": null}}",2026-08-29T14:45:46.967391+00:00,2026-08-29T14:45:46.967391+00:00
110,127,1,103,ASSET_REGISTRY,wris_registry_record,,Jajigedda Dam,,,,,,B2,GOVERNMENT_DERIVED_MIRROR,SOURCE_PRESERVED,0.8,False,False,False,AP state filter + external ID + spatial/name resolution,"{""geometry"": {""type"": ""Point"", ""coordinates"": [82.75100659, 17.66696959]}, ""properties"": {""class"": ""CLASS 3"", ""state"": ""AP"", ""bacode"": ""16"", ""dtcode"": ""Visakhapatnam"", ""dam_vol"": null, ""dm_name"": ""Jajigedda Dam"", ""dm_type"": null, ""nrld_no"": ""AP01LH0097"", ""rivcode"": null, ""dm_ncity"": ""Narsipatnam"", ""objectid"": 4170, ""strucode"": ""D06091"", ""dm_cmn_yr"": null, ""dm_cmp_yr"": null, ""dm_coment"": null, ""dm_height"": null, ""dm_length"": null, ""dm_status"": null, ""dm_gate_no"": null, ""dm_gate_sz"": null, ""dm_flod_des"": null, ""dm_gt_ungtd"": null, ""dm_mod_oper"": null, ""dm_ses_zone"": ""Seismic Zone-II"", ""dm_spil_cap"": 6230.0, ""dm_spil_lev"": null, ""dm_gate_type"": null, ""dm_sluice_sz"": null, ""dm_spil_leng"": null, ""dm_spil_type"": null, ""dm_cn_gate_no"": null, ""dm_ener_dissp"": null, ""dm_inst_inter"": null, ""dm_perliament"": ""Anakapalli"", ""dm_ph_gate_no"": null, ""dm_instru_embed"": null, ""dm_oper_main_age"": ""Irrg.& CAD Dept."", ""dm_sluice_purpose"": null, ""dm_inst_inter_ager"": null, ""dm_no_river_sluice"": null}}",2026-08-29T14:45:46.967391+00:00,2026-08-29T14:45:46.967391+00:00
111,128,1,103,ASSET_REGISTRY,wris_registry_record,,Kalinga Dal Dam,,,,,,B2,GOVERNMENT_DERIVED_MIRROR,SOURCE_PRESERVED,0.8,False,False,False,AP state filter + external ID + spatial/name resolution,"{""geometry"": {""type"": ""Point"", ""coordinates"": [84.43538905, 18.94762939]}, ""properties"": {""class"": ""CLASS 3"", ""state"": ""AP"", ""bacode"": ""16"", ""dtcode"": ""Srikakulam"", ""dam_vol"": null, ""dm_name"": ""Kalinga Dal Dam"", ""dm_type"": null, ""nrld_no"": null, ""rivcode"": null, ""dm_ncity"": ""Sompeta"", ""objectid"": 4174, ""strucode"": ""D06095"", ""dm_cmn_yr"": null, ""dm_cmp_yr"": null, ""dm_coment"": null, ""dm_height"": null, ""dm_length"": null, ""dm_status"": null, ""dm_gate_no"": null, ""dm_gate_sz"": null, ""dm_flod_des"": null, ""dm_gt_ungtd"": null, ""dm_mod_oper"": null, ""dm_ses_zone"": ""Seismic Zone-II"", ""dm_spil_cap"": null, ""dm_spil_lev"": null, ""dm_gate_type"": null, ""dm_sluice_sz"": null, ""dm_spil_leng"": null, ""dm_spil_type"": null, ""dm_cn_gate_no"": null, ""dm_ener_dissp"": null, ""dm_inst_inter"": null, ""dm_perliament"": ""Srikakulam"", ""dm_ph_gate_no"": null, ""dm_instru_embed"": null, ""dm_oper_main_age"": null, ""dm_sluice_purpose"": null, ""dm_inst_inter_ager"": null, ""dm_no_river_sluice"": null}}",2026-08-29T14:45:46.967391+00:00,2026-08-29T14:45:46.967391+00:00
112,129,1,103,ASSET_REGISTRY,wris_registry_record,,Ramathirtham Dam,,,,,,B2,GOVERNMENT_DERIVED_MIRROR,SOURCE_PRESERVED,0.8,False,False,False,AP state filter + external ID + spatial/name resolution,"{""geometry"": {""type"": ""Point"", ""coordinates"": [79.79613879, 15.62797397]}, ""properties"": {""class"": ""CLASS 3"", ""state"": ""AP"", ""bacode"": ""16"", ""dtcode"": ""Prakasam"", ""dam_vol"": null, ""dm_name"": ""Ramathirtham Dam"", ""dm_type"": null, ""nrld_no"": null, ""rivcode"": null, ""dm_ncity"": ""Ongole"", ""objectid"": 4209, ""strucode"": ""D06139"", ""dm_cmn_yr"": null, ""dm_cmp_yr"": null, ""dm_coment"": null, ""dm_height"": null, ""dm_length"": null, ""dm_status"": ""Under Construction"", ""dm_gate_no"": null, ""dm_gate_sz"": null, ""dm_flod_des"": null, ""dm_gt_ungtd"": null, ""dm_mod_oper"": null, ""dm_ses_zone"": ""Seismic Zone-II"", ""dm_spil_cap"": null, ""dm_spil_lev"": null, ""dm_gate_type"": null, ""dm_sluice_sz"": null, ""dm_spil_leng"": null, ""dm_spil_type"": null, ""dm_cn_gate_no"": null, ""dm_ener_dissp"": null, ""dm_inst_inter"": null, ""dm_perliament"": ""Bapatla"", ""dm_ph_gate_no"": null, ""dm_instru_embed"": null, ""dm_oper_main_age"": null, ""dm_sluice_purpose"": null, ""dm_inst_inter_ager"": null, ""dm_no_river_sluice"": null}}",2026-08-29T14:45:46.967391+00:00,2026-08-29T14:45:46.967391+00:00
113,130,1,103,ASSET_REGISTRY,wris_registry_record,,Velugodu Dam,,,,,,B2,GOVERNMENT_DERIVED_MIRROR,SOURCE_PRESERVED,0.8,False,False,False,AP state filter + external ID + spatial/name resolution,"{""geometry"": {""type"": ""Point"", ""coordinates"": [78.59127775, 15.72512958]}, ""properties"": {""class"": ""CLASS 3"", ""state"": ""AP"", ""bacode"": ""09"", ""dtcode"": ""Kurnool"", ""dam_vol"": null, ""dm_name"": ""Velugodu Dam"", ""dm_type"": null, ""nrld_no"": ""AP01MH0150"", ""rivcode"": ""Pennar"", ""dm_ncity"": ""Atmakur"", ""objectid"": 4224, ""strucode"": ""D06159"", ""dm_cmn_yr"": null, ""dm_cmp_yr"": null, ""dm_coment"": null, ""dm_height"": null, ""dm_length"": null, ""dm_status"": ""Under Construction"", ""dm_gate_no"": null, ""dm_gate_sz"": null, ""dm_flod_des"": null, ""dm_gt_ungtd"": null, ""dm_mod_oper"": null, ""dm_ses_zone"": ""Seismic Zone-II"", ""dm_spil_cap"": 1232.0, ""dm_spil_lev"": null, ""dm_gate_type"": null, ""dm_sluice_sz"": null, ""dm_spil_leng"": null, ""dm_spil_type"": null, ""dm_cn_gate_no"": null, ""dm_ener_dissp"": null, ""dm_inst_inter"": null, ""dm_perliament"": ""Nandyal"", ""dm_ph_gate_no"": null, ""dm_instru_embed"": null, ""dm_oper_main_age"": ""Irrg.& CAD Dept."", ""dm_sluice_purpose"": null, ""dm_inst_inter_ager"": null, ""dm_no_river_sluice"": null}}",2026-08-29T14:45:46.967391+00:00,2026-08-29T14:45:46.967391+00:00
114,131,1,103,ASSET_REGISTRY,wris_registry_record,,Midpennar Stage-I/Mid-Pennar Dam,,,,,,B2,GOVERNMENT_DERIVED_MIRROR,SOURCE_PRESERVED,0.8,False,False,False,AP state filter + external ID + spatial/name resolution,"{""geometry"": {""type"": ""Point"", ""coordinates"": [77.40949728, 14.87087862]}, ""properties"": {""class"": ""Class 2"", ""state"": ""AP"", ""bacode"": ""09"", ""dtcode"": ""Anantapur"", ""dam_vol"": ""398"", ""dm_name"": ""Midpennar Stage-I/Mid-Pennar Dam"", ""dm_type"": ""TE"", ""nrld_no"": null, ""rivcode"": ""Pennar"", ""dm_ncity"": ""Anantapur"", ""objectid"": 4392, ""strucode"": ""D06026"", ""dm_cmn_yr"": null, ""dm_cmp_yr"": ""1968"", ""dm_coment"": null, ""dm_height"": ""43"", ""dm_length"": ""1175"", ""dm_status"": ""Completed"", ""dm_gate_no"": 14, ""dm_gate_sz"": ""12.20 x 6.10"", ""dm_flod_des"": ""5318"", ""dm_gt_ungtd"": null, ""dm_mod_oper"": null, ""dm_ses_zone"": ""Seismic Zone-II"", ""dm_spil_cap"": 4543.0, ""dm_spil_lev"": 360.27, ""dm_gate_type"": ""RD"", ""dm_sluice_sz"": null, ""dm_spil_leng"": ""182.88"", ""dm_spil_type"": null, ""dm_cn_gate_no"": null, ""dm_ener_dissp"": null, ""dm_inst_inter"": null, ""dm_perliament"": ""Anantapur"", ""dm_ph_gate_no"": null, ""dm_instru_embed"": null, ""dm_oper_main_age"": null, ""dm_sluice_purpose"": null, ""dm_inst_inter_ager"": null, ""dm_no_river_sluice"": null}}",2026-08-29T14:45:46.967391+00:00,2026-08-29T14:45:46.967391+00:00
115,132,1,103,ASSET_REGISTRY,wris_registry_record,,Thippayapalem Dam,,,,,,B2,GOVERNMENT_DERIVED_MIRROR,SOURCE_PRESERVED,0.8,False,False,False,AP state filter + external ID + spatial/name resolution,"{""geometry"": {""type"": ""Point"", ""coordinates"": [79.16670215, 15.69056917]}, ""properties"": {""class"": ""CLASS 3"", ""state"": ""AP"", ""bacode"": ""16"", ""dtcode"": ""Prakasam"", ""dam_vol"": null, ""dm_name"": ""Thippayapalem Dam"", ""dm_type"": ""TE + PG"", ""nrld_no"": ""AP01LH0005"", ""rivcode"": ""-"", ""dm_ncity"": ""Markapur"", ""objectid"": 4397, ""strucode"": ""D06035"", ""dm_cmn_yr"": null, ""dm_cmp_yr"": ""1938"", ""dm_coment"": null, ""dm_height"": ""10"", ""dm_length"": null, ""dm_status"": ""Completed"", ""dm_gate_no"": null, ""dm_gate_sz"": null, ""dm_flod_des"": null, ""dm_gt_ungtd"": null, ""dm_mod_oper"": null, ""dm_ses_zone"": ""Seismic Zone-II"", ""dm_spil_cap"": null, ""dm_spil_lev"": null, ""dm_gate_type"": null, ""dm_sluice_sz"": null, ""dm_spil_leng"": null, ""dm_spil_type"": null, ""dm_cn_gate_no"": null, ""dm_ener_dissp"": null, ""dm_inst_inter"": null, ""dm_perliament"": ""Ongole"", ""dm_ph_gate_no"": null, ""dm_instru_embed"": null, ""dm_oper_main_age"": ""Irrg.& CAD Dept."", ""dm_sluice_purpose"": null, ""dm_inst_inter_ager"": null, ""dm_no_river_sluice"": null}}",2026-08-29T14:45:46.967391+00:00,2026-08-29T14:45:46.967391+00:00
116,133,1,103,ASSET_REGISTRY,wris_registry_record,,Kandaleru /Kandaleru Dam,,,,,,B2,GOVERNMENT_DERIVED_MIRROR,SOURCE_PRESERVED,0.8,False,False,False,AP state filter + external ID + spatial/name resolution,"{""geometry"": {""type"": ""Point"", ""coordinates"": [79.62390336, 14.33612279]}, ""properties"": {""class"": ""Class 2"", ""state"": ""AP"", ""bacode"": ""17"", ""dtcode"": ""Sri Potti Sriramulu Nellore"", ""dam_vol"": ""16720"", ""dm_name"": ""Kandaleru /Kandaleru Dam"", ""dm_type"": ""TE"", ""nrld_no"": ""AP01HH0133"", ""rivcode"": ""Kandleru"", ""dm_ncity"": ""Rapur"", ""objectid"": 4473, ""strucode"": ""D05565"", ""dm_cmn_yr"": null, ""dm_cmp_yr"": ""1995"", ""dm_coment"": ""9 No.s 18.30 x 6.10;                 9 No.s 8.30 x 4.60"", ""dm_height"": ""49"", ""dm_length"": ""10752"", ""dm_status"": ""Completed"", ""dm_gate_no"": 3, ""dm_gate_sz"": null, ""dm_flod_des"": ""312"", ""dm_gt_ungtd"": null, ""dm_mod_oper"": null, ""dm_ses_zone"": ""Seismic Zone-III"", ""dm_spil_cap"": null, ""dm_spil_lev"": 85.0, ""dm_gate_type"": ""RD"", ""dm_sluice_sz"": null, ""dm_spil_leng"": null, ""dm_spil_type"": ""OT"", ""dm_cn_gate_no"": null, ""dm_ener_dissp"": null, ""dm_inst_inter"": null, ""dm_perliament"": ""Tirupati"", ""dm_ph_gate_no"": null, ""dm_instru_embed"": null, ""dm_oper_main_age"": ""Irrg.& CAD Dept."", ""dm_sluice_purpose"": null, ""dm_inst_inter_ager"": null, ""dm_no_river_sluice"": null}}",2026-08-29T14:45:46.967391+00:00,2026-08-29T14:45:46.967391+00:00
117,134,1,103,ASSET_REGISTRY,wris_registry_record,,Yeddula Eswaraiah Gandikoata Dam,,,,,,B2,GOVERNMENT_DERIVED_MIRROR,SOURCE_PRESERVED,0.8,False,False,False,AP state filter + external ID + spatial/name resolution,"{""geometry"": {""type"": ""Point"", ""coordinates"": [78.25142349, 14.80851737]}, ""properties"": {""class"": ""Class 2"", ""state"": ""AP"", ""bacode"": ""09"", ""dtcode"": ""Y.S.R."", ""dam_vol"": null, ""dm_name"": ""Yeddula Eswaraiah Gandikoata Dam"", ""dm_type"": ""PG"", ""nrld_no"": null, ""rivcode"": ""Pennar"", ""dm_ncity"": ""Jammalamadugu"", ""objectid"": 4546, ""strucode"": ""D06208"", ""dm_cmn_yr"": ""2005"", ""dm_cmp_yr"": null, ""dm_coment"": null, ""dm_height"": ""38"", ""dm_length"": ""325"", ""dm_status"": ""Completed"", ""dm_gate_no"": 14, ""dm_gate_sz"": ""15.00 x 9.80"", ""dm_flod_des"": ""8180"", ""dm_gt_ungtd"": null, ""dm_mod_oper"": null, ""dm_ses_zone"": ""Seismic Zone-II"", ""dm_spil_cap"": null, ""dm_spil_lev"": 202.2, ""dm_gate_type"": ""RD"", ""dm_sluice_sz"": null, ""dm_spil_leng"": null, ""dm_spil_type"": ""OG"", ""dm_cn_gate_no"": null, ""dm_ener_dissp"": null, ""dm_inst_inter"": null, ""dm_perliament"": ""Kadapa"", ""dm_ph_gate_no"": null, ""dm_instru_embed"": null, ""dm_oper_main_age"": null, ""dm_sluice_purpose"": null, ""dm_inst_inter_ager"": null, ""dm_no_river_sluice"": null}}",2026-08-29T14:45:46.967391+00:00,2026-08-29T14:45:46.967391+00:00
119,135,1,103,ASSET_REGISTRY,wris_registry_record,,Pulichintala,,,,,,B2,GOVERNMENT_DERIVED_MIRROR,SOURCE_PRESERVED,0.8,False,False,False,AP state filter + external ID + spatial/name resolution,"{""geometry"": {""type"": ""Point"", ""coordinates"": [80.05657579, 16.77085143]}, ""properties"": {""class"": ""CLASS 3"", ""state"": ""AP"", ""bacode"": ""04"", ""dtcode"": ""Nalgonda"", ""dam_vol"": null, ""dm_name"": ""Pulichintala"", ""dm_type"": null, ""nrld_no"": null, ""rivcode"": ""Krishna"", ""dm_ncity"": ""Huzurnagar"", ""objectid"": 4588, ""strucode"": ""D06327"", ""dm_cmn_yr"": null, ""dm_cmp_yr"": null, ""dm_coment"": null, ""dm_height"": null, ""dm_length"": null, ""dm_status"": ""Completed"", ""dm_gate_no"": 4, ""dm_gate_sz"": null, ""dm_flod_des"": null, ""dm_gt_ungtd"": null, ""dm_mod_oper"": null, ""dm_ses_zone"": ""Seismic Zone-III"", ""dm_spil_cap"": 57700.0, ""dm_spil_lev"": null, ""dm_gate_type"": null, ""dm_sluice_sz"": null, ""dm_spil_leng"": null, ""dm_spil_type"": null, ""dm_cn_gate_no"": null, ""dm_ener_dissp"": null, ""dm_inst_inter"": null, ""dm_perliament"": ""Nalgonda"", ""dm_ph_gate_no"": null, ""dm_instru_embed"": null, ""dm_oper_main_age"": ""WRD, Govt of AP"", ""dm_sluice_purpose"": null, ""dm_inst_inter_ager"": null, ""dm_no_river_sluice"": null}}",2026-08-29T14:45:46.967391+00:00,2026-08-29T14:45:46.967391+00:00
120,136,1,103,ASSET_REGISTRY,wris_registry_record,,Gooty Tank,,,,,,B2,GOVERNMENT_DERIVED_MIRROR,SOURCE_PRESERVED,0.8,False,False,False,AP state filter + external ID + spatial/name resolution,"{""geometry"": {""type"": ""Point"", ""coordinates"": [77.60546379, 15.11544984]}, ""properties"": {""class"": ""CLASS 3"", ""state"": ""AP"", ""bacode"": ""09"", ""dtcode"": ""Anantapur"", ""dam_vol"": null, ""dm_name"": ""Gooty Tank"", ""dm_type"": ""TE"", ""nrld_no"": null, ""rivcode"": null, ""dm_ncity"": null, ""objectid"": 4980, ""strucode"": ""D06350"", ""dm_cmn_yr"": null, ""dm_cmp_yr"": null, ""dm_coment"": null, ""dm_height"": null, ""dm_length"": null, ""dm_status"": ""Proposed"", ""dm_gate_no"": null, ""dm_gate_sz"": null, ""dm_flod_des"": null, ""dm_gt_ungtd"": null, ""dm_mod_oper"": null, ""dm_ses_zone"": ""Seismic Zone-II"", ""dm_spil_cap"": null, ""dm_spil_lev"": null, ""dm_gate_type"": null, ""dm_sluice_sz"": null, ""dm_spil_leng"": null, ""dm_spil_type"": null, ""dm_cn_gate_no"": null, ""dm_ener_dissp"": null, ""dm_inst_inter"": null, ""dm_perliament"": ""Anantapur"", ""dm_ph_gate_no"": null, ""dm_instru_embed"": null, ""dm_oper_main_age"": null, ""dm_sluice_purpose"": null, ""dm_inst_inter_ager"": null, ""dm_no_river_sluice"": null}}",2026-08-29T14:45:46.967391+00:00,2026-08-29T14:45:46.967391+00:00
121,137,1,103,ASSET_REGISTRY,wris_registry_record,,Kanelal Tank,,,,,,B2,GOVERNMENT_DERIVED_MIRROR,SOURCE_PRESERVED,0.8,False,False,False,AP state filter + external ID + spatial/name resolution,"{""geometry"": {""type"": ""Point"", ""coordinates"": [77.06886359, 14.80138504]}, ""properties"": {""class"": ""CLASS 3"", ""state"": ""AP"", ""bacode"": ""04"", ""dtcode"": ""Anantapur"", ""dam_vol"": null, ""dm_name"": ""Kanelal Tank"", ""dm_type"": ""TE"", ""nrld_no"": null, ""rivcode"": null, ""dm_ncity"": null, ""objectid"": 4981, ""strucode"": ""D06351"", ""dm_cmn_yr"": null, ""dm_cmp_yr"": null, ""dm_coment"": null, ""dm_height"": null, ""dm_length"": null, ""dm_status"": ""Proposed"", ""dm_gate_no"": null, ""dm_gate_sz"": null, ""dm_flod_des"": null, ""dm_gt_ungtd"": null, ""dm_mod_oper"": null, ""dm_ses_zone"": ""Seismic Zone-II"", ""dm_spil_cap"": null, ""dm_spil_lev"": null, ""dm_gate_type"": null, ""dm_sluice_sz"": null, ""dm_spil_leng"": null, ""dm_spil_type"": null, ""dm_cn_gate_no"": null, ""dm_ener_dissp"": null, ""dm_inst_inter"": null, ""dm_perliament"": ""Anantapur"", ""dm_ph_gate_no"": null, ""dm_instru_embed"": null, ""dm_oper_main_age"": null, ""dm_sluice_purpose"": null, ""dm_inst_inter_ager"": null, ""dm_no_river_sluice"": null}}",2026-08-29T14:45:46.967391+00:00,2026-08-29T14:45:46.967391+00:00
122,138,1,103,ASSET_REGISTRY,wris_registry_record,,Pendekallu,,,,,,B2,GOVERNMENT_DERIVED_MIRROR,SOURCE_PRESERVED,0.8,False,False,False,AP state filter + external ID + spatial/name resolution,"{""geometry"": {""type"": ""Point"", ""coordinates"": [77.86948879, 14.97256939]}, ""properties"": {""class"": ""CLASS 3"", ""state"": ""AP"", ""bacode"": ""09"", ""dtcode"": ""Anantapur"", ""dam_vol"": null, ""dm_name"": ""Pendekallu"", ""dm_type"": null, ""nrld_no"": null, ""rivcode"": null, ""dm_ncity"": null, ""objectid"": 4982, ""strucode"": ""D06352"", ""dm_cmn_yr"": null, ""dm_cmp_yr"": null, ""dm_coment"": null, ""dm_height"": null, ""dm_length"": null, ""dm_status"": ""Proposed"", ""dm_gate_no"": null, ""dm_gate_sz"": null, ""dm_flod_des"": null, ""dm_gt_ungtd"": null, ""dm_mod_oper"": null, ""dm_ses_zone"": ""Seismic Zone-II"", ""dm_spil_cap"": null, ""dm_spil_lev"": null, ""dm_gate_type"": null, ""dm_sluice_sz"": null, ""dm_spil_leng"": null, ""dm_spil_type"": null, ""dm_cn_gate_no"": null, ""dm_ener_dissp"": null, ""dm_inst_inter"": null, ""dm_perliament"": ""Anantapur"", ""dm_ph_gate_no"": null, ""dm_instru_embed"": null, ""dm_oper_main_age"": null, ""dm_sluice_purpose"": null, ""dm_inst_inter_ager"": null, ""dm_no_river_sluice"": null}}",2026-08-29T14:45:46.967391+00:00,2026-08-29T14:45:46.967391+00:00
123,139,1,103,ASSET_REGISTRY,wris_registry_record,,Matchukota Balancing Reservoir,,,,,,B2,GOVERNMENT_DERIVED_MIRROR,SOURCE_PRESERVED,0.8,False,False,False,AP state filter + external ID + spatial/name resolution,"{""geometry"": {""type"": ""Point"", ""coordinates"": [77.878639, 14.822925]}, ""properties"": {""class"": ""CLASS 3"", ""state"": ""AP"", ""bacode"": ""09"", ""dtcode"": ""Anantapur"", ""dam_vol"": null, ""dm_name"": ""Matchukota Balancing Reservoir"", ""dm_type"": ""TE"", ""nrld_no"": null, ""rivcode"": null, ""dm_ncity"": null, ""objectid"": 4983, ""strucode"": ""D06353"", ""dm_cmn_yr"": null, ""dm_cmp_yr"": null, ""dm_coment"": null, ""dm_height"": null, ""dm_length"": null, ""dm_status"": ""Proposed"", ""dm_gate_no"": null, ""dm_gate_sz"": null, ""dm_flod_des"": null, ""dm_gt_ungtd"": null, ""dm_mod_oper"": null, ""dm_ses_zone"": ""Seismic Zone-II"", ""dm_spil_cap"": null, ""dm_spil_lev"": null, ""dm_gate_type"": null, ""dm_sluice_sz"": null, ""dm_spil_leng"": null, ""dm_spil_type"": null, ""dm_cn_gate_no"": null, ""dm_ener_dissp"": null, ""dm_inst_inter"": null, ""dm_perliament"": ""Anantapur"", ""dm_ph_gate_no"": null, ""dm_instru_embed"": null, ""dm_oper_main_age"": null, ""dm_sluice_purpose"": null, ""dm_inst_inter_ager"": null, ""dm_no_river_sluice"": null}}",2026-08-29T14:45:46.967391+00:00,2026-08-29T14:45:46.967391+00:00
124,140,1,103,ASSET_REGISTRY,wris_registry_record,,Sri Subbaraya Sagar,,,,,,B2,GOVERNMENT_DERIVED_MIRROR,SOURCE_PRESERVED,0.8,False,False,False,AP state filter + external ID + spatial/name resolution,"{""geometry"": {""type"": ""Point"", ""coordinates"": [77.88915891, 14.81486423]}, ""properties"": {""class"": ""CLASS 3"", ""state"": ""AP"", ""bacode"": ""09"", ""dtcode"": ""Anantapur"", ""dam_vol"": null, ""dm_name"": ""Sri Subbaraya Sagar"", ""dm_type"": null, ""nrld_no"": null, ""rivcode"": null, ""dm_ncity"": null, ""objectid"": 4984, ""strucode"": ""D06354"", ""dm_cmn_yr"": null, ""dm_cmp_yr"": null, ""dm_coment"": null, ""dm_height"": null, ""dm_length"": null, ""dm_status"": ""Proposed"", ""dm_gate_no"": null, ""dm_gate_sz"": null, ""dm_flod_des"": null, ""dm_gt_ungtd"": null, ""dm_mod_oper"": null, ""dm_ses_zone"": ""Seismic Zone-II"", ""dm_spil_cap"": null, ""dm_spil_lev"": null, ""dm_gate_type"": null, ""dm_sluice_sz"": null, ""dm_spil_leng"": null, ""dm_spil_type"": null, ""dm_cn_gate_no"": null, ""dm_ener_dissp"": null, ""dm_inst_inter"": null, ""dm_perliament"": ""Anantapur"", ""dm_ph_gate_no"": null, ""dm_instru_embed"": null, ""dm_oper_main_age"": null, ""dm_sluice_purpose"": null, ""dm_inst_inter_ager"": null, ""dm_no_river_sluice"": null}}",2026-08-29T14:45:46.967391+00:00,2026-08-29T14:45:46.967391+00:00
125,141,1,103,ASSET_REGISTRY,wris_registry_record,,P.T.Cheruvu,,,,,,B2,GOVERNMENT_DERIVED_MIRROR,SOURCE_PRESERVED,0.8,False,False,False,AP state filter + external ID + spatial/name resolution,"{""geometry"": {""type"": ""Point"", ""coordinates"": [77.504906, 15.161697]}, ""properties"": {""class"": ""CLASS 3"", ""state"": ""AP"", ""bacode"": ""09"", ""dtcode"": ""Anantapur"", ""dam_vol"": null, ""dm_name"": ""P.T.Cheruvu"", ""dm_type"": ""TE"", ""nrld_no"": null, ""rivcode"": null, ""dm_ncity"": null, ""objectid"": 4985, ""strucode"": ""D06356"", ""dm_cmn_yr"": null, ""dm_cmp_yr"": null, ""dm_coment"": null, ""dm_height"": null, ""dm_length"": null, ""dm_status"": ""Completed"", ""dm_gate_no"": null, ""dm_gate_sz"": null, ""dm_flod_des"": null, ""dm_gt_ungtd"": null, ""dm_mod_oper"": null, ""dm_ses_zone"": ""Seismic Zone-II"", ""dm_spil_cap"": null, ""dm_spil_lev"": null, ""dm_gate_type"": null, ""dm_sluice_sz"": null, ""dm_spil_leng"": null, ""dm_spil_type"": null, ""dm_cn_gate_no"": null, ""dm_ener_dissp"": null, ""dm_inst_inter"": null, ""dm_perliament"": ""Anantapur"", ""dm_ph_gate_no"": null, ""dm_instru_embed"": null, ""dm_oper_main_age"": null, ""dm_sluice_purpose"": null, ""dm_inst_inter_ager"": null, ""dm_no_river_sluice"": null}}",2026-08-29T14:45:46.967391+00:00,2026-08-29T14:45:46.967391+00:00
126,142,1,103,ASSET_REGISTRY,wris_registry_record,,Spvbs Dam,,,,,,B2,GOVERNMENT_DERIVED_MIRROR,SOURCE_PRESERVED,0.8,False,False,False,AP state filter + external ID + spatial/name resolution,"{""geometry"": {""type"": ""Point"", ""coordinates"": [78.88446678, 14.80540608]}, ""properties"": {""class"": ""CLASS 3"", ""state"": ""AP"", ""bacode"": ""09"", ""dtcode"": ""Y.s.r."", ""dam_vol"": null, ""dm_name"": ""Spvbs Dam"", ""dm_type"": null, ""nrld_no"": null, ""rivcode"": ""Pennar"", ""dm_ncity"": null, ""objectid"": 6927, ""strucode"": ""D06393"", ""dm_cmn_yr"": null, ""dm_cmp_yr"": null, ""dm_coment"": null, ""dm_height"": null, ""dm_length"": null, ""dm_status"": ""Completed"", ""dm_gate_no"": null, ""dm_gate_sz"": null, ""dm_flod_des"": null, ""dm_gt_ungtd"": null, ""dm_mod_oper"": null, ""dm_ses_zone"": ""Seismic Zone-II"", ""dm_spil_cap"": null, ""dm_spil_lev"": null, ""dm_gate_type"": null, ""dm_sluice_sz"": null, ""dm_spil_leng"": null, ""dm_spil_type"": null, ""dm_cn_gate_no"": null, ""dm_ener_dissp"": null, ""dm_inst_inter"": null, ""dm_perliament"": ""Kadapa"", ""dm_ph_gate_no"": null, ""dm_instru_embed"": null, ""dm_oper_main_age"": null, ""dm_sluice_purpose"": null, ""dm_inst_inter_ager"": null, ""dm_no_river_sluice"": null}}",2026-08-29T14:45:46.967391+00:00,2026-08-29T14:45:46.967391+00:00
127,143,1,103,ASSET_REGISTRY,wris_registry_record,,Turimella Reservoir Dam,,,,,,B2,GOVERNMENT_DERIVED_MIRROR,SOURCE_PRESERVED,0.8,False,False,False,AP state filter + external ID + spatial/name resolution,"{""geometry"": {""type"": ""Point"", ""coordinates"": [78.98711449, 15.54094462]}, ""properties"": {""class"": ""CLASS 3"", ""state"": ""AP"", ""bacode"": ""16"", ""dtcode"": ""Prakasam"", ""dam_vol"": null, ""dm_name"": ""Turimella Reservoir Dam"", ""dm_type"": null, ""nrld_no"": null, ""rivcode"": null, ""dm_ncity"": null, ""objectid"": 6928, ""strucode"": ""D06394"", ""dm_cmn_yr"": null, ""dm_cmp_yr"": null, ""dm_coment"": null, ""dm_height"": null, ""dm_length"": null, ""dm_status"": ""Proposed"", ""dm_gate_no"": null, ""dm_gate_sz"": null, ""dm_flod_des"": null, ""dm_gt_ungtd"": null, ""dm_mod_oper"": null, ""dm_ses_zone"": ""Seismic Zone-II"", ""dm_spil_cap"": null, ""dm_spil_lev"": null, ""dm_gate_type"": null, ""dm_sluice_sz"": null, ""dm_spil_leng"": null, ""dm_spil_type"": null, ""dm_cn_gate_no"": null, ""dm_ener_dissp"": null, ""dm_inst_inter"": null, ""dm_perliament"": ""Ongole"", ""dm_ph_gate_no"": null, ""dm_instru_embed"": null, ""dm_oper_main_age"": null, ""dm_sluice_purpose"": null, ""dm_inst_inter_ager"": null, ""dm_no_river_sluice"": null}}",2026-08-29T14:45:46.967391+00:00,2026-08-29T14:45:46.967391+00:00
128,144,1,103,ASSET_REGISTRY,wris_registry_record,,Kakarla Dam,,,,,,B2,GOVERNMENT_DERIVED_MIRROR,SOURCE_PRESERVED,0.8,False,False,False,AP state filter + external ID + spatial/name resolution,"{""geometry"": {""type"": ""Point"", ""coordinates"": [79.11110054, 15.65104814]}, ""properties"": {""class"": ""CLASS 3"", ""state"": ""AP"", ""bacode"": ""16"", ""dtcode"": ""Prakasam"", ""dam_vol"": null, ""dm_name"": ""Kakarla Dam"", ""dm_type"": null, ""nrld_no"": null, ""rivcode"": ""Peddavagu"", ""dm_ncity"": null, ""objectid"": 6929, ""strucode"": ""D06395"", ""dm_cmn_yr"": null, ""dm_cmp_yr"": null, ""dm_coment"": null, ""dm_height"": null, ""dm_length"": null, ""dm_status"": ""Under Construction"", ""dm_gate_no"": null, ""dm_gate_sz"": null, ""dm_flod_des"": null, ""dm_gt_ungtd"": null, ""dm_mod_oper"": null, ""dm_ses_zone"": ""Seismic Zone-II"", ""dm_spil_cap"": null, ""dm_spil_lev"": null, ""dm_gate_type"": null, ""dm_sluice_sz"": null, ""dm_spil_leng"": null, ""dm_spil_type"": null, ""dm_cn_gate_no"": null, ""dm_ener_dissp"": null, ""dm_inst_inter"": null, ""dm_perliament"": ""Ongole"", ""dm_ph_gate_no"": null, ""dm_instru_embed"": null, ""dm_oper_main_age"": null, ""dm_sluice_purpose"": null, ""dm_inst_inter_ager"": null, ""dm_no_river_sluice"": null}}",2026-08-29T14:45:46.967391+00:00,2026-08-29T14:45:46.967391+00:00
129,145,1,103,ASSET_REGISTRY,wris_registry_record,,Sri Tenneti Viswanatham Pedderu Dam,,,,,,B2,GOVERNMENT_DERIVED_MIRROR,SOURCE_PRESERVED,0.8,False,False,False,AP state filter + external ID + spatial/name resolution,"{""geometry"": {""type"": ""Point"", ""coordinates"": [82.69509214, 17.89916678]}, ""properties"": {""class"": ""CLASS 3"", ""state"": ""AP"", ""bacode"": ""16"", ""dtcode"": ""Visakhapatnam"", ""dam_vol"": null, ""dm_name"": ""Sri Tenneti Viswanatham Pedderu Dam"", ""dm_type"": null, ""nrld_no"": null, ""rivcode"": ""Pedderu"", ""dm_ncity"": ""Kurnool"", ""objectid"": 6930, ""strucode"": ""D02215"", ""dm_cmn_yr"": null, ""dm_cmp_yr"": ""2006"", ""dm_coment"": null, ""dm_height"": ""31"", ""dm_length"": ""900"", ""dm_status"": ""Completed"", ""dm_gate_no"": 4, ""dm_gate_sz"": ""12M x 8M"", ""dm_flod_des"": null, ""dm_gt_ungtd"": null, ""dm_mod_oper"": null, ""dm_ses_zone"": ""Seismic Zone-II"", ""dm_spil_cap"": null, ""dm_spil_lev"": null, ""dm_gate_type"": null, ""dm_sluice_sz"": null, ""dm_spil_leng"": null, ""dm_spil_type"": null, ""dm_cn_gate_no"": null, ""dm_ener_dissp"": null, ""dm_inst_inter"": null, ""dm_perliament"": ""Anakapalli"", ""dm_ph_gate_no"": null, ""dm_instru_embed"": null, ""dm_oper_main_age"": null, ""dm_sluice_purpose"": null, ""dm_inst_inter_ager"": null, ""dm_no_river_sluice"": null}}",2026-08-29T14:45:46.967391+00:00,2026-08-29T14:45:46.967391+00:00
130,146,1,103,ASSET_REGISTRY,wris_registry_record,,Dondapadu Tank,,,,,,B2,GOVERNMENT_DERIVED_MIRROR,SOURCE_PRESERVED,0.8,False,False,False,AP state filter + external ID + spatial/name resolution,"{""geometry"": {""type"": ""Point"", ""coordinates"": [80.4525, 16.54333333]}, ""properties"": {""class"": null, ""state"": ""AP"", ""bacode"": ""04"", ""dtcode"": ""Guntur"", ""dam_vol"": """", ""dm_name"": ""Dondapadu Tank"", ""dm_type"": ""TE"", ""nrld_no"": ""AP01LH0002"", ""rivcode"": ""krishna"", ""dm_ncity"": ""Vinukonda"", ""objectid"": 12556, ""strucode"": ""D06644"", ""dm_cmn_yr"": null, ""dm_cmp_yr"": ""1910"", ""dm_coment"": null, ""dm_height"": ""10.3"", ""dm_length"": ""720"", ""dm_status"": null, ""dm_gate_no"": null, ""dm_gate_sz"": null, ""dm_flod_des"": null, ""dm_gt_ungtd"": null, ""dm_mod_oper"": null, ""dm_ses_zone"": ""Seismic Zone-II"", ""dm_spil_cap"": 210.0, ""dm_spil_lev"": null, ""dm_gate_type"": null, ""dm_sluice_sz"": null, ""dm_spil_leng"": null, ""dm_spil_type"": null, ""dm_cn_gate_no"": null, ""dm_ener_dissp"": null, ""dm_inst_inter"": null, ""dm_perliament"": null, ""dm_ph_gate_no"": null, ""dm_instru_embed"": null, ""dm_oper_main_age"": ""Andhra Pradesh Water Resources Department"", ""dm_sluice_purpose"": null, ""dm_inst_inter_ager"": null, ""dm_no_river_sluice"": null}}",2026-08-29T14:45:46.967391+00:00,2026-08-29T14:45:46.967391+00:00
131,147,1,103,ASSET_REGISTRY,wris_registry_record,,Siddapuram Tank,,,,,,B2,GOVERNMENT_DERIVED_MIRROR,SOURCE_PRESERVED,0.8,False,False,False,AP state filter + external ID + spatial/name resolution,"{""geometry"": {""type"": ""Point"", ""coordinates"": [78.69111111, 15.86027778]}, ""properties"": {""class"": null, ""state"": ""AP"", ""bacode"": ""04"", ""dtcode"": ""Kurnool"", ""dam_vol"": """", ""dm_name"": ""Siddapuram Tank"", ""dm_type"": ""TE"", ""nrld_no"": ""AP01MH0003"", ""rivcode"": ""Bhavana"", ""dm_ncity"": ""Kurnool"", ""objectid"": 12557, ""strucode"": ""D07171"", ""dm_cmn_yr"": null, ""dm_cmp_yr"": ""1919"", ""dm_coment"": null, ""dm_height"": ""19"", ""dm_length"": ""4904"", ""dm_status"": null, ""dm_gate_no"": null, ""dm_gate_sz"": null, ""dm_flod_des"": null, ""dm_gt_ungtd"": null, ""dm_mod_oper"": null, ""dm_ses_zone"": ""Seismic Zone-II"", ""dm_spil_cap"": 492.0, ""dm_spil_lev"": null, ""dm_gate_type"": null, ""dm_sluice_sz"": null, ""dm_spil_leng"": null, ""dm_spil_type"": null, ""dm_cn_gate_no"": null, ""dm_ener_dissp"": null, ""dm_inst_inter"": null, ""dm_perliament"": null, ""dm_ph_gate_no"": null, ""dm_instru_embed"": null, ""dm_oper_main_age"": ""Andhra Pradesh Water Resources Department"", ""dm_sluice_purpose"": null, ""dm_inst_inter_ager"": null, ""dm_no_river_sluice"": null}}",2026-08-29T14:45:46.967391+00:00,2026-08-29T14:45:46.967391+00:00
132,148,1,103,ASSET_REGISTRY,wris_registry_record,,Markapur  Tank,,,,,,B2,GOVERNMENT_DERIVED_MIRROR,SOURCE_PRESERVED,0.8,False,False,False,AP state filter + external ID + spatial/name resolution,"{""geometry"": {""type"": ""Point"", ""coordinates"": [79.27777778, 15.73166667]}, ""properties"": {""class"": null, ""state"": ""AP"", ""bacode"": ""16"", ""dtcode"": ""Prakasam"", ""dam_vol"": """", ""dm_name"": ""Markapur  Tank"", ""dm_type"": ""TE"", ""nrld_no"": ""AP01LH0006"", ""rivcode"": ""Mondivagu"", ""dm_ncity"": ""Ongole"", ""objectid"": 12558, ""strucode"": ""D06937"", ""dm_cmn_yr"": null, ""dm_cmp_yr"": ""1945"", ""dm_coment"": null, ""dm_height"": ""10"", ""dm_length"": ""1569"", ""dm_status"": null, ""dm_gate_no"": null, ""dm_gate_sz"": null, ""dm_flod_des"": null, ""dm_gt_ungtd"": null, ""dm_mod_oper"": null, ""dm_ses_zone"": ""Seismic Zone-II"", ""dm_spil_cap"": 75.0, ""dm_spil_lev"": null, ""dm_gate_type"": null, ""dm_sluice_sz"": null, ""dm_spil_leng"": null, ""dm_spil_type"": null, ""dm_cn_gate_no"": null, ""dm_ener_dissp"": null, ""dm_inst_inter"": null, ""dm_perliament"": null, ""dm_ph_gate_no"": null, ""dm_instru_embed"": null, ""dm_oper_main_age"": ""Andhra Pradesh Water Resources Department"", ""dm_sluice_purpose"": null, ""dm_inst_inter_ager"": null, ""dm_no_river_sluice"": null}}",2026-08-29T14:45:46.967391+00:00,2026-08-29T14:45:46.967391+00:00
133,149,1,103,ASSET_REGISTRY,wris_registry_record,,Subba Reddy Sagar,,,,,,B2,GOVERNMENT_DERIVED_MIRROR,SOURCE_PRESERVED,0.8,False,False,False,AP state filter + external ID + spatial/name resolution,"{""geometry"": {""type"": ""Point"", ""coordinates"": [82.20416667, 17.33138889]}, ""properties"": {""class"": null, ""state"": ""AP"", ""bacode"": ""16"", ""dtcode"": ""East Godavari"", ""dam_vol"": """", ""dm_name"": ""Subba Reddy Sagar"", ""dm_type"": ""TE"", ""nrld_no"": ""AP01MH0027"", ""rivcode"": ""Kuntidevi  Vagu"", ""dm_ncity"": ""Gokavaram"", ""objectid"": 12559, ""strucode"": ""D07197"", ""dm_cmn_yr"": null, ""dm_cmp_yr"": ""1970"", ""dm_coment"": null, ""dm_height"": ""17.5"", ""dm_length"": ""442"", ""dm_status"": null, ""dm_gate_no"": null, ""dm_gate_sz"": null, ""dm_flod_des"": null, ""dm_gt_ungtd"": null, ""dm_mod_oper"": null, ""dm_ses_zone"": ""Seismic Zone-II"", ""dm_spil_cap"": 542.0, ""dm_spil_lev"": null, ""dm_gate_type"": null, ""dm_sluice_sz"": null, ""dm_spil_leng"": null, ""dm_spil_type"": null, ""dm_cn_gate_no"": null, ""dm_ener_dissp"": null, ""dm_inst_inter"": null, ""dm_perliament"": null, ""dm_ph_gate_no"": null, ""dm_instru_embed"": null, ""dm_oper_main_age"": ""Andhra Pradesh Water Resources Department"", ""dm_sluice_purpose"": null, ""dm_inst_inter_ager"": null, ""dm_no_river_sluice"": null}}",2026-08-29T14:45:46.967391+00:00,2026-08-29T14:45:46.967391+00:00
134,150,1,103,ASSET_REGISTRY,wris_registry_record,,Gujjuvai  Reservoir,,,,,,B2,GOVERNMENT_DERIVED_MIRROR,SOURCE_PRESERVED,0.8,False,False,False,AP state filter + external ID + spatial/name resolution,"{""geometry"": {""type"": ""Point"", ""coordinates"": [83.73333333, 18.93888889]}, ""properties"": {""class"": null, ""state"": ""AP"", ""bacode"": ""16"", ""dtcode"": ""Vizianagaram"", ""dam_vol"": """", ""dm_name"": ""Gujjuvai  Reservoir"", ""dm_type"": ""TE"", ""nrld_no"": ""AP01LH0033"", ""rivcode"": ""Peddagedda"", ""dm_ncity"": ""Vizayanagaram"", ""objectid"": 12560, ""strucode"": ""D06701"", ""dm_cmn_yr"": null, ""dm_cmp_yr"": ""1974"", ""dm_coment"": null, ""dm_height"": ""15"", ""dm_length"": ""800"", ""dm_status"": null, ""dm_gate_no"": null, ""dm_gate_sz"": null, ""dm_flod_des"": null, ""dm_gt_ungtd"": null, ""dm_mod_oper"": null, ""dm_ses_zone"": ""Seismic Zone-II"", ""dm_spil_cap"": 90.9, ""dm_spil_lev"": null, ""dm_gate_type"": null, ""dm_sluice_sz"": null, ""dm_spil_leng"": null, ""dm_spil_type"": null, ""dm_cn_gate_no"": null, ""dm_ener_dissp"": null, ""dm_inst_inter"": null, ""dm_perliament"": null, ""dm_ph_gate_no"": null, ""dm_instru_embed"": null, ""dm_oper_main_age"": ""Andhra Pradesh Water Resources Department"", ""dm_sluice_purpose"": null, ""dm_inst_inter_ager"": null, ""dm_no_river_sluice"": null}}",2026-08-29T14:45:46.967391+00:00,2026-08-29T14:45:46.967391+00:00
135,151,1,103,ASSET_REGISTRY,wris_registry_record,,Kaleti Vagu Reservoir,,,,,,B2,GOVERNMENT_DERIVED_MIRROR,SOURCE_PRESERVED,0.8,False,False,False,AP state filter + external ID + spatial/name resolution,"{""geometry"": {""type"": ""Point"", ""coordinates"": [78.45722222, 14.735]}, ""properties"": {""class"": null, ""state"": ""AP"", ""bacode"": ""09"", ""dtcode"": ""YSR"", ""dam_vol"": """", ""dm_name"": ""Kaleti Vagu Reservoir"", ""dm_type"": ""TE"", ""nrld_no"": ""AP01LH0041"", ""rivcode"": ""Local Stream"", ""dm_ncity"": ""Vempalli"", ""objectid"": 12561, ""strucode"": ""D06780"", ""dm_cmn_yr"": null, ""dm_cmp_yr"": ""1977"", ""dm_coment"": null, ""dm_height"": ""11.2"", ""dm_length"": ""1850"", ""dm_status"": null, ""dm_gate_no"": null, ""dm_gate_sz"": null, ""dm_flod_des"": null, ""dm_gt_ungtd"": null, ""dm_mod_oper"": null, ""dm_ses_zone"": ""Seismic Zone-II"", ""dm_spil_cap"": 683.0, ""dm_spil_lev"": null, ""dm_gate_type"": null, ""dm_sluice_sz"": null, ""dm_spil_leng"": null, ""dm_spil_type"": null, ""dm_cn_gate_no"": null, ""dm_ener_dissp"": null, ""dm_inst_inter"": null, ""dm_perliament"": null, ""dm_ph_gate_no"": null, ""dm_instru_embed"": null, ""dm_oper_main_age"": ""Andhra Pradesh Water Resources Department"", ""dm_sluice_purpose"": null, ""dm_inst_inter_ager"": null, ""dm_no_river_sluice"": null}}",2026-08-29T14:45:46.967391+00:00,2026-08-29T14:45:46.967391+00:00
136,152,1,103,ASSET_REGISTRY,wris_registry_record,,Mehadrigedda,,,,,,B2,GOVERNMENT_DERIVED_MIRROR,SOURCE_PRESERVED,0.8,False,False,False,AP state filter + external ID + spatial/name resolution,"{""geometry"": {""type"": ""Point"", ""coordinates"": [83.19083333, 17.765]}, ""properties"": {""class"": null, ""state"": ""AP"", ""bacode"": ""16"", ""dtcode"": ""Visakhapatnam"", ""dam_vol"": """", ""dm_name"": ""Mehadrigedda"", ""dm_type"": ""TE"", ""nrld_no"": ""AP01MH0042"", ""rivcode"": ""Mehadrigedda"", ""dm_ncity"": ""Visakhapatnam"", ""objectid"": 12562, ""strucode"": ""D06942"", ""dm_cmn_yr"": null, ""dm_cmp_yr"": ""1977"", ""dm_coment"": null, ""dm_height"": ""13.716"", ""dm_length"": ""1609"", ""dm_status"": null, ""dm_gate_no"": null, ""dm_gate_sz"": null, ""dm_flod_des"": null, ""dm_gt_ungtd"": null, ""dm_mod_oper"": null, ""dm_ses_zone"": ""Seismic Zone-II"", ""dm_spil_cap"": 1502.0, ""dm_spil_lev"": null, ""dm_gate_type"": null, ""dm_sluice_sz"": null, ""dm_spil_leng"": null, ""dm_spil_type"": null, ""dm_cn_gate_no"": null, ""dm_ener_dissp"": null, ""dm_inst_inter"": null, ""dm_perliament"": null, ""dm_ph_gate_no"": null, ""dm_instru_embed"": null, ""dm_oper_main_age"": ""Andhra Pradesh Water Resources Department"", ""dm_sluice_purpose"": null, ""dm_inst_inter_ager"": null, ""dm_no_river_sluice"": null}}",2026-08-29T14:45:46.967391+00:00,2026-08-29T14:45:46.967391+00:00
137,153,1,103,ASSET_REGISTRY,wris_registry_record,,"Peddabommalapuram
Reservoir",,,,,,B2,GOVERNMENT_DERIVED_MIRROR,SOURCE_PRESERVED,0.8,False,False,False,AP state filter + external ID + spatial/name resolution,"{""geometry"": {""type"": ""Point"", ""coordinates"": [79.13611111, 15.95833333]}, ""properties"": {""class"": null, ""state"": ""AP"", ""bacode"": ""16"", ""dtcode"": ""Prakasam"", ""dam_vol"": """", ""dm_name"": ""Peddabommalapuram\nReservoir"", ""dm_type"": ""TE"", ""nrld_no"": ""AP01MH0044"", ""rivcode"": ""Local Nala"", ""dm_ncity"": ""Dornal"", ""objectid"": 12563, ""strucode"": ""D07049"", ""dm_cmn_yr"": null, ""dm_cmp_yr"": ""1978"", ""dm_coment"": null, ""dm_height"": ""17.3"", ""dm_length"": ""640"", ""dm_status"": null, ""dm_gate_no"": null, ""dm_gate_sz"": null, ""dm_flod_des"": null, ""dm_gt_ungtd"": null, ""dm_mod_oper"": null, ""dm_ses_zone"": ""Seismic Zone-II"", ""dm_spil_cap"": null, ""dm_spil_lev"": null, ""dm_gate_type"": null, ""dm_sluice_sz"": null, ""dm_spil_leng"": null, ""dm_spil_type"": null, ""dm_cn_gate_no"": null, ""dm_ener_dissp"": null, ""dm_inst_inter"": null, ""dm_perliament"": null, ""dm_ph_gate_no"": null, ""dm_instru_embed"": null, ""dm_oper_main_age"": ""Andhra Pradesh Water Resources Department"", ""dm_sluice_purpose"": null, ""dm_inst_inter_ager"": null, ""dm_no_river_sluice"": null}}",2026-08-29T14:45:46.967391+00:00,2026-08-29T14:45:46.967391+00:00
138,154,1,103,ASSET_REGISTRY,wris_registry_record,,Saddikutimadugu Reservoir,,,,,,B2,GOVERNMENT_DERIVED_MIRROR,SOURCE_PRESERVED,0.8,False,False,False,AP state filter + external ID + spatial/name resolution,"{""geometry"": {""type"": ""Point"", ""coordinates"": [79.84416667, 13.44027778]}, ""properties"": {""class"": null, ""state"": ""AP"", ""bacode"": ""17"", ""dtcode"": ""Chittoor"", ""dam_vol"": """", ""dm_name"": ""Saddikutimadugu Reservoir"", ""dm_type"": ""TE"", ""nrld_no"": ""AP01LH0050"", ""rivcode"": ""Manneru"", ""dm_ncity"": ""Thirupathi"", ""objectid"": 12564, ""strucode"": ""D07112"", ""dm_cmn_yr"": null, ""dm_cmp_yr"": ""1980"", ""dm_coment"": null, ""dm_height"": ""10.94"", ""dm_length"": ""800"", ""dm_status"": null, ""dm_gate_no"": null, ""dm_gate_sz"": null, ""dm_flod_des"": null, ""dm_gt_ungtd"": null, ""dm_mod_oper"": null, ""dm_ses_zone"": ""Seismic Zone-II"", ""dm_spil_cap"": null, ""dm_spil_lev"": null, ""dm_gate_type"": null, ""dm_sluice_sz"": null, ""dm_spil_leng"": null, ""dm_spil_type"": null, ""dm_cn_gate_no"": null, ""dm_ener_dissp"": null, ""dm_inst_inter"": null, ""dm_perliament"": null, ""dm_ph_gate_no"": null, ""dm_instru_embed"": null, ""dm_oper_main_age"": ""Andhra Pradesh Water Resources Department"", ""dm_sluice_purpose"": null, ""dm_inst_inter_ager"": null, ""dm_no_river_sluice"": null}}",2026-08-29T14:45:46.967391+00:00,2026-08-29T14:45:46.967391+00:00
139,155,1,103,ASSET_REGISTRY,wris_registry_record,,Itugulapadu Tank,,,,,,B2,GOVERNMENT_DERIVED_MIRROR,SOURCE_PRESERVED,0.8,False,False,False,AP state filter + external ID + spatial/name resolution,"{""geometry"": {""type"": ""Point"", ""coordinates"": [78.78138889, 14.73138889]}, ""properties"": {""class"": null, ""state"": ""AP"", ""bacode"": ""09"", ""dtcode"": ""YSR"", ""dam_vol"": """", ""dm_name"": ""Itugulapadu Tank"", ""dm_type"": ""TE"", ""nrld_no"": ""AP01LH0054"", ""rivcode"": ""Maderu"", ""dm_ncity"": ""Badvel"", ""objectid"": 12565, ""strucode"": ""D06735"", ""dm_cmn_yr"": null, ""dm_cmp_yr"": ""1982"", ""dm_coment"": null, ""dm_height"": ""10.5"", ""dm_length"": ""520"", ""dm_status"": null, ""dm_gate_no"": null, ""dm_gate_sz"": null, ""dm_flod_des"": null, ""dm_gt_ungtd"": null, ""dm_mod_oper"": null, ""dm_ses_zone"": ""Seismic Zone-II"", ""dm_spil_cap"": 668.27, ""dm_spil_lev"": null, ""dm_gate_type"": null, ""dm_sluice_sz"": null, ""dm_spil_leng"": null, ""dm_spil_type"": null, ""dm_cn_gate_no"": null, ""dm_ener_dissp"": null, ""dm_inst_inter"": null, ""dm_perliament"": null, ""dm_ph_gate_no"": null, ""dm_instru_embed"": null, ""dm_oper_main_age"": ""Andhra Pradesh Water Resources Department"", ""dm_sluice_purpose"": null, ""dm_inst_inter_ager"": null, ""dm_no_river_sluice"": null}}",2026-08-29T14:45:46.967391+00:00,2026-08-29T14:45:46.967391+00:00
140,156,1,103,ASSET_REGISTRY,wris_registry_record,,Papavinasanam Dam,,,,,,B2,GOVERNMENT_DERIVED_MIRROR,SOURCE_PRESERVED,0.8,False,False,False,AP state filter + external ID + spatial/name resolution,"{""geometry"": {""type"": ""Point"", ""coordinates"": [79.34361111, 13.71944444]}, ""properties"": {""class"": null, ""state"": ""AP"", ""bacode"": ""17"", ""dtcode"": ""Chittoor"", ""dam_vol"": ""195"", ""dm_name"": ""Papavinasanam Dam"", ""dm_type"": ""TE + PG"", ""nrld_no"": ""AP01HH0060"", ""rivcode"": ""Papavinasanam"", ""dm_ncity"": ""Tirupati"", ""objectid"": 12566, ""strucode"": ""D07029"", ""dm_cmn_yr"": null, ""dm_cmp_yr"": ""1985"", ""dm_coment"": null, ""dm_height"": ""50"", ""dm_length"": ""274"", ""dm_status"": null, ""dm_gate_no"": null, ""dm_gate_sz"": null, ""dm_flod_des"": null, ""dm_gt_ungtd"": null, ""dm_mod_oper"": null, ""dm_ses_zone"": ""Seismic Zone-II"", ""dm_spil_cap"": 201.0, ""dm_spil_lev"": null, ""dm_gate_type"": null, ""dm_sluice_sz"": null, ""dm_spil_leng"": null, ""dm_spil_type"": null, ""dm_cn_gate_no"": null, ""dm_ener_dissp"": null, ""dm_inst_inter"": null, ""dm_perliament"": null, ""dm_ph_gate_no"": null, ""dm_instru_embed"": null, ""dm_oper_main_age"": ""Andhra Pradesh Water Resources Department"", ""dm_sluice_purpose"": null, ""dm_inst_inter_ager"": null, ""dm_no_river_sluice"": null}}",2026-08-29T14:45:46.967391+00:00,2026-08-29T14:45:46.967391+00:00
141,157,1,103,ASSET_REGISTRY,wris_registry_record,,Vagetikona Reservoir,,,,,,B2,GOVERNMENT_DERIVED_MIRROR,SOURCE_PRESERVED,0.8,False,False,False,AP state filter + external ID + spatial/name resolution,"{""geometry"": {""type"": ""Point"", ""coordinates"": [79.33388889, 13.86944444]}, ""properties"": {""class"": null, ""state"": ""AP"", ""bacode"": ""09"", ""dtcode"": ""YSR"", ""dam_vol"": """", ""dm_name"": ""Vagetikona Reservoir"", ""dm_type"": ""TE"", ""nrld_no"": ""AP01LH0068"", ""rivcode"": ""Local Stream"", ""dm_ncity"": ""Kodur"", ""objectid"": 12567, ""strucode"": ""D07265"", ""dm_cmn_yr"": null, ""dm_cmp_yr"": ""1998"", ""dm_coment"": null, ""dm_height"": ""11.3"", ""dm_length"": ""1306"", ""dm_status"": null, ""dm_gate_no"": null, ""dm_gate_sz"": null, ""dm_flod_des"": null, ""dm_gt_ungtd"": null, ""dm_mod_oper"": null, ""dm_ses_zone"": ""Seismic Zone-II"", ""dm_spil_cap"": 285.02, ""dm_spil_lev"": null, ""dm_gate_type"": null, ""dm_sluice_sz"": null, ""dm_spil_leng"": null, ""dm_spil_type"": null, ""dm_cn_gate_no"": null, ""dm_ener_dissp"": null, ""dm_inst_inter"": null, ""dm_perliament"": null, ""dm_ph_gate_no"": null, ""dm_instru_embed"": null, ""dm_oper_main_age"": ""Andhra Pradesh Power Generation Corporation"", ""dm_sluice_purpose"": null, ""dm_inst_inter_ager"": null, ""dm_no_river_sluice"": null}}",2026-08-29T14:45:46.967391+00:00,2026-08-29T14:45:46.967391+00:00
142,158,1,103,ASSET_REGISTRY,wris_registry_record,,Dharakalava Reservoir,,,,,,B2,GOVERNMENT_DERIVED_MIRROR,SOURCE_PRESERVED,0.8,False,False,False,AP state filter + external ID + spatial/name resolution,"{""geometry"": {""type"": ""Point"", ""coordinates"": [82.23666667, 17.33916667]}, ""properties"": {""class"": null, ""state"": ""AP"", ""bacode"": ""16"", ""dtcode"": ""East Godavari"", ""dam_vol"": ""9000"", ""dm_name"": ""Dharakalava Reservoir"", ""dm_type"": ""TE"", ""nrld_no"": ""AP01LH0077"", ""rivcode"": ""Hill Stream"", ""dm_ncity"": ""Kakinada"", ""objectid"": 12568, ""strucode"": ""D06628"", ""dm_cmn_yr"": null, ""dm_cmp_yr"": ""2004"", ""dm_coment"": null, ""dm_height"": ""20.12"", ""dm_length"": ""250"", ""dm_status"": null, ""dm_gate_no"": null, ""dm_gate_sz"": null, ""dm_flod_des"": null, ""dm_gt_ungtd"": null, ""dm_mod_oper"": null, ""dm_ses_zone"": ""Seismic Zone-II"", ""dm_spil_cap"": 227.67, ""dm_spil_lev"": null, ""dm_gate_type"": null, ""dm_sluice_sz"": null, ""dm_spil_leng"": null, ""dm_spil_type"": null, ""dm_cn_gate_no"": null, ""dm_ener_dissp"": null, ""dm_inst_inter"": null, ""dm_perliament"": null, ""dm_ph_gate_no"": null, ""dm_instru_embed"": null, ""dm_oper_main_age"": ""Andhra Pradesh Water Resources Department"", ""dm_sluice_purpose"": null, ""dm_inst_inter_ager"": null, ""dm_no_river_sluice"": null}}",2026-08-29T14:45:46.967391+00:00,2026-08-29T14:45:46.967391+00:00
143,159,1,103,ASSET_REGISTRY,wris_registry_record,,Earlakatta  Tank,,,,,,B2,GOVERNMENT_DERIVED_MIRROR,SOURCE_PRESERVED,0.8,False,False,False,AP state filter + external ID + spatial/name resolution,"{""geometry"": {""type"": ""Point"", ""coordinates"": [78.97833333, 15.75361111]}, ""properties"": {""class"": null, ""state"": ""AP"", ""bacode"": ""16"", ""dtcode"": ""Prakasam"", ""dam_vol"": """", ""dm_name"": ""Earlakatta  Tank"", ""dm_type"": ""TE"", ""nrld_no"": ""AP01MH0080"", ""rivcode"": ""krishna"", ""dm_ncity"": ""Cumbum."", ""objectid"": 12569, ""strucode"": ""D06654"", ""dm_cmn_yr"": null, ""dm_cmp_yr"": ""2007"", ""dm_coment"": null, ""dm_height"": ""17"", ""dm_length"": ""571"", ""dm_status"": null, ""dm_gate_no"": null, ""dm_gate_sz"": null, ""dm_flod_des"": null, ""dm_gt_ungtd"": null, ""dm_mod_oper"": null, ""dm_ses_zone"": ""Seismic Zone-II"", ""dm_spil_cap"": null, ""dm_spil_lev"": null, ""dm_gate_type"": null, ""dm_sluice_sz"": null, ""dm_spil_leng"": null, ""dm_spil_type"": null, ""dm_cn_gate_no"": null, ""dm_ener_dissp"": null, ""dm_inst_inter"": null, ""dm_perliament"": null, ""dm_ph_gate_no"": null, ""dm_instru_embed"": null, ""dm_oper_main_age"": ""Andhra Pradesh Water Resources Department"", ""dm_sluice_purpose"": null, ""dm_inst_inter_ager"": null, ""dm_no_river_sluice"": null}}",2026-08-29T14:45:46.967391+00:00,2026-08-29T14:45:46.967391+00:00
144,160,1,103,ASSET_REGISTRY,wris_registry_record,,"N.T.R. T.G.P-Subsidiary
Reservoir  No 1",,,,,,B2,GOVERNMENT_DERIVED_MIRROR,SOURCE_PRESERVED,0.8,False,False,False,AP state filter + external ID + spatial/name resolution,"{""geometry"": {""type"": ""Point"", ""coordinates"": [78.75, 14.825]}, ""properties"": {""class"": null, ""state"": ""AP"", ""bacode"": ""09"", ""dtcode"": ""YSR"", ""dam_vol"": """", ""dm_name"": ""N.T.R. T.G.P-Subsidiary\nReservoir  No 1"", ""dm_type"": ""TE"", ""nrld_no"": ""AP01MH0083"", ""rivcode"": ""Kunderu"", ""dm_ncity"": ""Cuddapah"", ""objectid"": 12570, ""strucode"": ""D06962"", ""dm_cmn_yr"": null, ""dm_cmp_yr"": null, ""dm_coment"": null, ""dm_height"": ""28"", ""dm_length"": ""1820"", ""dm_status"": null, ""dm_gate_no"": null, ""dm_gate_sz"": null, ""dm_flod_des"": null, ""dm_gt_ungtd"": null, ""dm_mod_oper"": null, ""dm_ses_zone"": ""Seismic Zone-II"", ""dm_spil_cap"": null, ""dm_spil_lev"": null, ""dm_gate_type"": null, ""dm_sluice_sz"": null, ""dm_spil_leng"": null, ""dm_spil_type"": null, ""dm_cn_gate_no"": null, ""dm_ener_dissp"": null, ""dm_inst_inter"": null, ""dm_perliament"": null, ""dm_ph_gate_no"": null, ""dm_instru_embed"": null, ""dm_oper_main_age"": ""Andhra Pradesh Water Resources Department"", ""dm_sluice_purpose"": null, ""dm_inst_inter_ager"": null, ""dm_no_river_sluice"": null}}",2026-08-29T14:45:46.967391+00:00,2026-08-29T14:45:46.967391+00:00
145,161,1,103,ASSET_REGISTRY,wris_registry_record,,Chennapatnam Cheruvu,,,,,,B2,GOVERNMENT_DERIVED_MIRROR,SOURCE_PRESERVED,0.8,False,False,False,AP state filter + external ID + spatial/name resolution,"{""geometry"": {""type"": ""Point"", ""coordinates"": [78.82166667, 13.45166667]}, ""properties"": {""class"": null, ""state"": ""AP"", ""bacode"": ""09"", ""dtcode"": ""Chittoor"", ""dam_vol"": """", ""dm_name"": ""Chennapatnam Cheruvu"", ""dm_type"": ""TE"", ""nrld_no"": ""AP01LH0086"", ""rivcode"": ""Pennar"", ""dm_ncity"": ""Somala"", ""objectid"": 12571, ""strucode"": ""D06568"", ""dm_cmn_yr"": null, ""dm_cmp_yr"": null, ""dm_coment"": null, ""dm_height"": ""10"", ""dm_length"": ""950"", ""dm_status"": null, ""dm_gate_no"": null, ""dm_gate_sz"": null, ""dm_flod_des"": null, ""dm_gt_ungtd"": null, ""dm_mod_oper"": null, ""dm_ses_zone"": ""Seismic Zone-II"", ""dm_spil_cap"": null, ""dm_spil_lev"": null, ""dm_gate_type"": null, ""dm_sluice_sz"": null, ""dm_spil_leng"": null, ""dm_spil_type"": null, ""dm_cn_gate_no"": null, ""dm_ener_dissp"": null, ""dm_inst_inter"": null, ""dm_perliament"": null, ""dm_ph_gate_no"": null, ""dm_instru_embed"": null, ""dm_oper_main_age"": ""Andhra Pradesh Water Resources Department"", ""dm_sluice_purpose"": null, ""dm_inst_inter_ager"": null, ""dm_no_river_sluice"": null}}",2026-08-29T14:45:46.967391+00:00,2026-08-29T14:45:46.967391+00:00
146,162,1,103,ASSET_REGISTRY,wris_registry_record,,"Chikkavadiyar, Anantapur",,,,,,B2,GOVERNMENT_DERIVED_MIRROR,SOURCE_PRESERVED,0.8,False,False,False,AP state filter + external ID + spatial/name resolution,"{""geometry"": {""type"": ""Point"", ""coordinates"": [77.67027778, 14.67083333]}, ""properties"": {""class"": null, ""state"": ""AP"", ""bacode"": ""09"", ""dtcode"": ""Anantapur"", ""dam_vol"": """", ""dm_name"": ""Chikkavadiyar, Anantapur"", ""dm_type"": ""TE + PG"", ""nrld_no"": ""AP01LH0087"", ""rivcode"": ""ghatprabha"", ""dm_ncity"": ""Bukkarayasamudram"", ""objectid"": 12572, ""strucode"": ""D06576"", ""dm_cmn_yr"": null, ""dm_cmp_yr"": null, ""dm_coment"": null, ""dm_height"": ""10.54"", ""dm_length"": ""4476"", ""dm_status"": null, ""dm_gate_no"": null, ""dm_gate_sz"": null, ""dm_flod_des"": null, ""dm_gt_ungtd"": null, ""dm_mod_oper"": null, ""dm_ses_zone"": ""Seismic Zone-II"", ""dm_spil_cap"": 501.0, ""dm_spil_lev"": null, ""dm_gate_type"": null, ""dm_sluice_sz"": null, ""dm_spil_leng"": null, ""dm_spil_type"": null, ""dm_cn_gate_no"": null, ""dm_ener_dissp"": null, ""dm_inst_inter"": null, ""dm_perliament"": null, ""dm_ph_gate_no"": null, ""dm_instru_embed"": null, ""dm_oper_main_age"": ""Andhra Pradesh Water Resources Department"", ""dm_sluice_purpose"": null, ""dm_inst_inter_ager"": null, ""dm_no_river_sluice"": null}}",2026-08-29T14:45:46.967391+00:00,2026-08-29T14:45:46.967391+00:00
147,163,1,103,ASSET_REGISTRY,wris_registry_record,,Chinnagottigallu Tank,,,,,,B2,GOVERNMENT_DERIVED_MIRROR,SOURCE_PRESERVED,0.8,False,False,False,AP state filter + external ID + spatial/name resolution,"{""geometry"": {""type"": ""Point"", ""coordinates"": [79.0925, 13.64805556]}, ""properties"": {""class"": null, ""state"": ""AP"", ""bacode"": ""09"", ""dtcode"": ""Chittoor"", ""dam_vol"": """", ""dm_name"": ""Chinnagottigallu Tank"", ""dm_type"": ""TE"", ""nrld_no"": ""AP01MH0089"", ""rivcode"": ""Swarnamuki R"", ""dm_ncity"": ""Tirupati"", ""objectid"": 12573, ""strucode"": ""D06583"", ""dm_cmn_yr"": null, ""dm_cmp_yr"": null, ""dm_coment"": null, ""dm_height"": ""18"", ""dm_length"": ""900"", ""dm_status"": null, ""dm_gate_no"": null, ""dm_gate_sz"": null, ""dm_flod_des"": null, ""dm_gt_ungtd"": null, ""dm_mod_oper"": null, ""dm_ses_zone"": ""Seismic Zone-II"", ""dm_spil_cap"": 168.51, ""dm_spil_lev"": null, ""dm_gate_type"": null, ""dm_sluice_sz"": null, ""dm_spil_leng"": null, ""dm_spil_type"": null, ""dm_cn_gate_no"": null, ""dm_ener_dissp"": null, ""dm_inst_inter"": null, ""dm_perliament"": null, ""dm_ph_gate_no"": null, ""dm_instru_embed"": null, ""dm_oper_main_age"": ""Andhra Pradesh Water Resources Department"", ""dm_sluice_purpose"": null, ""dm_inst_inter_ager"": null, ""dm_no_river_sluice"": null}}",2026-08-29T14:45:46.967391+00:00,2026-08-29T14:45:46.967391+00:00
148,164,1,103,ASSET_REGISTRY,wris_registry_record,,"Chinna Tippa Samudram
Tank",,,,,,B2,GOVERNMENT_DERIVED_MIRROR,SOURCE_PRESERVED,0.8,False,False,False,AP state filter + external ID + spatial/name resolution,"{""geometry"": {""type"": ""Point"", ""coordinates"": [78.6, 13.63333333]}, ""properties"": {""class"": null, ""state"": ""AP"", ""bacode"": ""09"", ""dtcode"": ""Chittoor"", ""dam_vol"": """", ""dm_name"": ""Chinna Tippa Samudram\nTank"", ""dm_type"": ""TE"", ""nrld_no"": ""AP01LH0090"", ""rivcode"": ""Thettuvanka"", ""dm_ncity"": ""Chittor"", ""objectid"": 12574, ""strucode"": ""D06582"", ""dm_cmn_yr"": null, ""dm_cmp_yr"": null, ""dm_coment"": null, ""dm_height"": ""12.2"", ""dm_length"": ""790"", ""dm_status"": null, ""dm_gate_no"": null, ""dm_gate_sz"": null, ""dm_flod_des"": null, ""dm_gt_ungtd"": null, ""dm_mod_oper"": null, ""dm_ses_zone"": ""Seismic Zone-II"", ""dm_spil_cap"": 354.0, ""dm_spil_lev"": null, ""dm_gate_type"": null, ""dm_sluice_sz"": null, ""dm_spil_leng"": null, ""dm_spil_type"": null, ""dm_cn_gate_no"": null, ""dm_ener_dissp"": null, ""dm_inst_inter"": null, ""dm_perliament"": null, ""dm_ph_gate_no"": null, ""dm_instru_embed"": null, ""dm_oper_main_age"": ""Andhra Pradesh Water Resources Department"", ""dm_sluice_purpose"": null, ""dm_inst_inter_ager"": null, ""dm_no_river_sluice"": null}}",2026-08-29T14:45:46.967391+00:00,2026-08-29T14:45:46.967391+00:00
149,165,1,103,ASSET_REGISTRY,wris_registry_record,,"Gowricheru, Mogili",,,,,,B2,GOVERNMENT_DERIVED_MIRROR,SOURCE_PRESERVED,0.8,False,False,False,AP state filter + external ID + spatial/name resolution,"{""geometry"": {""type"": ""Point"", ""coordinates"": [78.81944444, 13.23]}, ""properties"": {""class"": null, ""state"": ""AP"", ""bacode"": ""17"", ""dtcode"": ""Chittoor"", ""dam_vol"": ""47.99"", ""dm_name"": ""Gowricheru, Mogili"", ""dm_type"": ""TE"", ""nrld_no"": ""AP01LH0093"", ""rivcode"": ""Ghataprabha"", ""dm_ncity"": ""Chittoor"", ""objectid"": 12575, ""strucode"": ""D06699"", ""dm_cmn_yr"": null, ""dm_cmp_yr"": null, ""dm_coment"": null, ""dm_height"": ""10"", ""dm_length"": ""650"", ""dm_status"": null, ""dm_gate_no"": null, ""dm_gate_sz"": null, ""dm_flod_des"": null, ""dm_gt_ungtd"": null, ""dm_mod_oper"": null, ""dm_ses_zone"": ""Seismic Zone-II"", ""dm_spil_cap"": 136.0, ""dm_spil_lev"": null, ""dm_gate_type"": null, ""dm_sluice_sz"": null, ""dm_spil_leng"": null, ""dm_spil_type"": null, ""dm_cn_gate_no"": null, ""dm_ener_dissp"": null, ""dm_inst_inter"": null, ""dm_perliament"": null, ""dm_ph_gate_no"": null, ""dm_instru_embed"": null, ""dm_oper_main_age"": ""Andhra Pradesh Water Resources Department"", ""dm_sluice_purpose"": null, ""dm_inst_inter_ager"": null, ""dm_no_river_sluice"": null}}",2026-08-29T14:45:46.967391+00:00,2026-08-29T14:45:46.967391+00:00
150,166,1,103,ASSET_REGISTRY,wris_registry_record,,Gullur Tank,,,,,,B2,GOVERNMENT_DERIVED_MIRROR,SOURCE_PRESERVED,0.8,False,False,False,AP state filter + external ID + spatial/name resolution,"{""geometry"": {""type"": ""Point"", ""coordinates"": [79.525, 13.48]}, ""properties"": {""class"": null, ""state"": ""AP"", ""bacode"": ""17"", ""dtcode"": ""Chittoor"", ""dam_vol"": """", ""dm_name"": ""Gullur Tank"", ""dm_type"": ""TE"", ""nrld_no"": ""AP01MH0094"", ""rivcode"": ""Ghataprabha"", ""dm_ncity"": ""Makavarapalem"", ""objectid"": 12576, ""strucode"": ""D06702"", ""dm_cmn_yr"": null, ""dm_cmp_yr"": null, ""dm_coment"": null, ""dm_height"": ""15"", ""dm_length"": ""1040"", ""dm_status"": null, ""dm_gate_no"": null, ""dm_gate_sz"": null, ""dm_flod_des"": null, ""dm_gt_ungtd"": null, ""dm_mod_oper"": null, ""dm_ses_zone"": ""Seismic Zone-II"", ""dm_spil_cap"": null, ""dm_spil_lev"": null, ""dm_gate_type"": null, ""dm_sluice_sz"": null, ""dm_spil_leng"": null, ""dm_spil_type"": null, ""dm_cn_gate_no"": null, ""dm_ener_dissp"": null, ""dm_inst_inter"": null, ""dm_perliament"": null, ""dm_ph_gate_no"": null, ""dm_instru_embed"": null, ""dm_oper_main_age"": ""Andhra Pradesh Water Resources Department"", ""dm_sluice_purpose"": null, ""dm_inst_inter_ager"": null, ""dm_no_river_sluice"": null}}",2026-08-29T14:45:46.967391+00:00,2026-08-29T14:45:46.967391+00:00
151,167,1,103,ASSET_REGISTRY,wris_registry_record,,Gundlamotu Reservoir,,,,,,B2,GOVERNMENT_DERIVED_MIRROR,SOURCE_PRESERVED,0.8,False,False,False,AP state filter + external ID + spatial/name resolution,"{""geometry"": {""type"": ""Point"", ""coordinates"": [79.81861111, 15.35527778]}, ""properties"": {""class"": null, ""state"": ""AP"", ""bacode"": ""16"", ""dtcode"": ""Prakasam"", ""dam_vol"": """", ""dm_name"": ""Gundlamotu Reservoir"", ""dm_type"": ""TE"", ""nrld_no"": ""AP01MH0095"", ""rivcode"": ""Ghataprabha"", ""dm_ncity"": ""Giddalur"", ""objectid"": 12577, ""strucode"": ""D06704"", ""dm_cmn_yr"": null, ""dm_cmp_yr"": null, ""dm_coment"": null, ""dm_height"": ""16"", ""dm_length"": ""605"", ""dm_status"": null, ""dm_gate_no"": null, ""dm_gate_sz"": null, ""dm_flod_des"": null, ""dm_gt_ungtd"": null, ""dm_mod_oper"": null, ""dm_ses_zone"": ""Seismic Zone-II"", ""dm_spil_cap"": 652.0, ""dm_spil_lev"": null, ""dm_gate_type"": null, ""dm_sluice_sz"": null, ""dm_spil_leng"": null, ""dm_spil_type"": null, ""dm_cn_gate_no"": null, ""dm_ener_dissp"": null, ""dm_inst_inter"": null, ""dm_perliament"": null, ""dm_ph_gate_no"": null, ""dm_instru_embed"": null, ""dm_oper_main_age"": ""Andhra Pradesh Water Resources Department"", ""dm_sluice_purpose"": null, ""dm_inst_inter_ager"": null, ""dm_no_river_sluice"": null}}",2026-08-29T14:45:46.967391+00:00,2026-08-29T14:45:46.967391+00:00
152,168,1,103,ASSET_REGISTRY,wris_registry_record,,Koduru Reservoir,,,,,,B2,GOVERNMENT_DERIVED_MIRROR,SOURCE_PRESERVED,0.8,False,False,False,AP state filter + external ID + spatial/name resolution,"{""geometry"": {""type"": ""Point"", ""coordinates"": [77.72611111, 13.86472222]}, ""properties"": {""class"": null, ""state"": ""AP"", ""bacode"": ""09"", ""dtcode"": ""Anantapur"", ""dam_vol"": """", ""dm_name"": ""Koduru Reservoir"", ""dm_type"": ""TE"", ""nrld_no"": ""AP01LH0099"", ""rivcode"": ""Khushavathi"", ""dm_ncity"": ""Guntakal"", ""objectid"": 12578, ""strucode"": ""D06839"", ""dm_cmn_yr"": null, ""dm_cmp_yr"": null, ""dm_coment"": null, ""dm_height"": ""10"", ""dm_length"": ""796"", ""dm_status"": null, ""dm_gate_no"": null, ""dm_gate_sz"": null, ""dm_flod_des"": null, ""dm_gt_ungtd"": null, ""dm_mod_oper"": null, ""dm_ses_zone"": ""Seismic Zone-II"", ""dm_spil_cap"": 21.24, ""dm_spil_lev"": null, ""dm_gate_type"": null, ""dm_sluice_sz"": null, ""dm_spil_leng"": null, ""dm_spil_type"": null, ""dm_cn_gate_no"": null, ""dm_ener_dissp"": null, ""dm_inst_inter"": null, ""dm_perliament"": null, ""dm_ph_gate_no"": null, ""dm_instru_embed"": null, ""dm_oper_main_age"": ""Andhra Pradesh Water Resources Department"", ""dm_sluice_purpose"": null, ""dm_inst_inter_ager"": null, ""dm_no_river_sluice"": null}}",2026-08-29T14:45:46.967391+00:00,2026-08-29T14:45:46.967391+00:00
153,169,1,103,ASSET_REGISTRY,wris_registry_record,,Muthyalacheruvu,,,,,,B2,GOVERNMENT_DERIVED_MIRROR,SOURCE_PRESERVED,0.8,False,False,False,AP state filter + external ID + spatial/name resolution,"{""geometry"": {""type"": ""Point"", ""coordinates"": [78.08305556, 14.09944444]}, ""properties"": {""class"": null, ""state"": ""AP"", ""bacode"": ""09"", ""dtcode"": ""Anantapur"", ""dam_vol"": """", ""dm_name"": ""Muthyalacheruvu"", ""dm_type"": ""TE"", ""nrld_no"": ""AP01LH0103"", ""rivcode"": ""ghatprabha"", ""dm_ncity"": ""Dharmavaram"", ""objectid"": 12579, ""strucode"": ""D06961"", ""dm_cmn_yr"": null, ""dm_cmp_yr"": null, ""dm_coment"": null, ""dm_height"": ""11"", ""dm_length"": ""838"", ""dm_status"": null, ""dm_gate_no"": null, ""dm_gate_sz"": null, ""dm_flod_des"": null, ""dm_gt_ungtd"": null, ""dm_mod_oper"": null, ""dm_ses_zone"": ""Seismic Zone-II"", ""dm_spil_cap"": 297.44, ""dm_spil_lev"": null, ""dm_gate_type"": null, ""dm_sluice_sz"": null, ""dm_spil_leng"": null, ""dm_spil_type"": null, ""dm_cn_gate_no"": null, ""dm_ener_dissp"": null, ""dm_inst_inter"": null, ""dm_perliament"": null, ""dm_ph_gate_no"": null, ""dm_instru_embed"": null, ""dm_oper_main_age"": ""Andhra Pradesh Water Resources Department"", ""dm_sluice_purpose"": null, ""dm_inst_inter_ager"": null, ""dm_no_river_sluice"": null}}",2026-08-29T14:45:46.967391+00:00,2026-08-29T14:45:46.967391+00:00
154,170,1,103,ASSET_REGISTRY,wris_registry_record,,"Pattikondavanka, Guttava",,,,,,B2,GOVERNMENT_DERIVED_MIRROR,SOURCE_PRESERVED,0.8,False,False,False,AP state filter + external ID + spatial/name resolution,"{""geometry"": {""type"": ""Point"", ""coordinates"": [79.83972222, 13.47666667]}, ""properties"": {""class"": null, ""state"": ""AP"", ""bacode"": ""17"", ""dtcode"": ""Chittoor"", ""dam_vol"": """", ""dm_name"": ""Pattikondavanka, Guttava"", ""dm_type"": ""TE"", ""nrld_no"": ""AP01LH0105"", ""rivcode"": ""Ghataprabha"", ""dm_ncity"": ""Chittoor"", ""objectid"": 12580, ""strucode"": ""D07038"", ""dm_cmn_yr"": null, ""dm_cmp_yr"": null, ""dm_coment"": null, ""dm_height"": ""12.48"", ""dm_length"": ""580"", ""dm_status"": null, ""dm_gate_no"": null, ""dm_gate_sz"": null, ""dm_flod_des"": null, ""dm_gt_ungtd"": null, ""dm_mod_oper"": null, ""dm_ses_zone"": ""Seismic Zone-II"", ""dm_spil_cap"": 59.0, ""dm_spil_lev"": null, ""dm_gate_type"": null, ""dm_sluice_sz"": null, ""dm_spil_leng"": null, ""dm_spil_type"": null, ""dm_cn_gate_no"": null, ""dm_ener_dissp"": null, ""dm_inst_inter"": null, ""dm_perliament"": null, ""dm_ph_gate_no"": null, ""dm_instru_embed"": null, ""dm_oper_main_age"": ""Andhra Pradesh Water Resources Department"", ""dm_sluice_purpose"": null, ""dm_inst_inter_ager"": null, ""dm_no_river_sluice"": null}}",2026-08-29T14:45:46.967391+00:00,2026-08-29T14:45:46.967391+00:00
155,171,1,103,ASSET_REGISTRY,wris_registry_record,,"Rallakalva, Kaliyambaka",,,,,,B2,GOVERNMENT_DERIVED_MIRROR,SOURCE_PRESERVED,0.8,False,False,False,AP state filter + external ID + spatial/name resolution,"{""geometry"": {""type"": ""Point"", ""coordinates"": [79.73638889, 13.32166667]}, ""properties"": {""class"": null, ""state"": ""AP"", ""bacode"": ""17"", ""dtcode"": ""Chittoor"", ""dam_vol"": ""81.1"", ""dm_name"": ""Rallakalva, Kaliyambaka"", ""dm_type"": ""TE"", ""nrld_no"": ""AP01LH0113"", ""rivcode"": ""Rallakalva"", ""dm_ncity"": ""Chittoor"", ""objectid"": 12581, ""strucode"": ""D07089"", ""dm_cmn_yr"": null, ""dm_cmp_yr"": null, ""dm_coment"": null, ""dm_height"": ""10"", ""dm_length"": ""1515"", ""dm_status"": null, ""dm_gate_no"": null, ""dm_gate_sz"": null, ""dm_flod_des"": null, ""dm_gt_ungtd"": null, ""dm_mod_oper"": null, ""dm_ses_zone"": ""Seismic Zone-II"", ""dm_spil_cap"": 73.0, ""dm_spil_lev"": null, ""dm_gate_type"": null, ""dm_sluice_sz"": null, ""dm_spil_leng"": null, ""dm_spil_type"": null, ""dm_cn_gate_no"": null, ""dm_ener_dissp"": null, ""dm_inst_inter"": null, ""dm_perliament"": null, ""dm_ph_gate_no"": null, ""dm_instru_embed"": null, ""dm_oper_main_age"": ""Andhra Pradesh Water Resources Department"", ""dm_sluice_purpose"": null, ""dm_inst_inter_ager"": null, ""dm_no_river_sluice"": null}}",2026-08-29T14:45:46.967391+00:00,2026-08-29T14:45:46.967391+00:00
156,172,1,103,ASSET_REGISTRY,wris_registry_record,,"Rao Cheruvu,  Rajupalem",,,,,,B2,GOVERNMENT_DERIVED_MIRROR,SOURCE_PRESERVED,0.8,False,False,False,AP state filter + external ID + spatial/name resolution,"{""geometry"": {""type"": ""Point"", ""coordinates"": [78.94194444, 15.15972222]}, ""properties"": {""class"": null, ""state"": ""AP"", ""bacode"": ""09"", ""dtcode"": ""YSR"", ""dam_vol"": """", ""dm_name"": ""Rao Cheruvu,  Rajupalem"", ""dm_type"": ""TE"", ""nrld_no"": ""AP01MH0114"", ""rivcode"": ""Sagileru"", ""dm_ncity"": ""Badvel"", ""objectid"": 12582, ""strucode"": ""D07100"", ""dm_cmn_yr"": null, ""dm_cmp_yr"": null, ""dm_coment"": null, ""dm_height"": ""16"", ""dm_length"": ""460"", ""dm_status"": null, ""dm_gate_no"": null, ""dm_gate_sz"": null, ""dm_flod_des"": null, ""dm_gt_ungtd"": null, ""dm_mod_oper"": null, ""dm_ses_zone"": ""Seismic Zone-II"", ""dm_spil_cap"": 113.83, ""dm_spil_lev"": null, ""dm_gate_type"": null, ""dm_sluice_sz"": null, ""dm_spil_leng"": null, ""dm_spil_type"": null, ""dm_cn_gate_no"": null, ""dm_ener_dissp"": null, ""dm_inst_inter"": null, ""dm_perliament"": null, ""dm_ph_gate_no"": null, ""dm_instru_embed"": null, ""dm_oper_main_age"": ""Andhra Pradesh Water Resources Department"", ""dm_sluice_purpose"": null, ""dm_inst_inter_ager"": null, ""dm_no_river_sluice"": null}}",2026-08-29T14:45:46.967391+00:00,2026-08-29T14:45:46.967391+00:00
157,173,1,103,ASSET_REGISTRY,wris_registry_record,,Swamy Tank,,,,,,B2,GOVERNMENT_DERIVED_MIRROR,SOURCE_PRESERVED,0.8,False,False,False,AP state filter + external ID + spatial/name resolution,"{""geometry"": {""type"": ""Point"", ""coordinates"": [79.12027778, 14.99361111]}, ""properties"": {""class"": null, ""state"": ""AP"", ""bacode"": ""16"", ""dtcode"": ""Sri Potti Sriramulu Nellore"", ""dam_vol"": """", ""dm_name"": ""Swamy Tank"", ""dm_type"": ""TE"", ""nrld_no"": ""AP01LH0119"", ""rivcode"": ""pennar"", ""dm_ncity"": ""S.R.Pur"", ""objectid"": 12583, ""strucode"": ""D07220"", ""dm_cmn_yr"": null, ""dm_cmp_yr"": null, ""dm_coment"": null, ""dm_height"": ""11.58"", ""dm_length"": ""375"", ""dm_status"": null, ""dm_gate_no"": null, ""dm_gate_sz"": null, ""dm_flod_des"": null, ""dm_gt_ungtd"": null, ""dm_mod_oper"": null, ""dm_ses_zone"": ""Seismic Zone-II"", ""dm_spil_cap"": 56.35, ""dm_spil_lev"": null, ""dm_gate_type"": null, ""dm_sluice_sz"": null, ""dm_spil_leng"": null, ""dm_spil_type"": null, ""dm_cn_gate_no"": null, ""dm_ener_dissp"": null, ""dm_inst_inter"": null, ""dm_perliament"": null, ""dm_ph_gate_no"": null, ""dm_instru_embed"": null, ""dm_oper_main_age"": ""Andhra Pradesh Water Resources Department"", ""dm_sluice_purpose"": null, ""dm_inst_inter_ager"": null, ""dm_no_river_sluice"": null}}",2026-08-29T14:45:46.967391+00:00,2026-08-29T14:45:46.967391+00:00
158,174,1,103,ASSET_REGISTRY,wris_registry_record,,"Ura Tank, S.R. Puram",,,,,,B2,GOVERNMENT_DERIVED_MIRROR,SOURCE_PRESERVED,0.8,False,False,False,AP state filter + external ID + spatial/name resolution,"{""geometry"": {""type"": ""Point"", ""coordinates"": [79.15, 15.00833333]}, ""properties"": {""class"": null, ""state"": ""AP"", ""bacode"": ""16"", ""dtcode"": ""Sri Potti Sriramulu Nellore"", ""dam_vol"": """", ""dm_name"": ""Ura Tank, S.R. Puram"", ""dm_type"": ""TE"", ""nrld_no"": ""AP01LH0122"", ""rivcode"": ""pennar"", ""dm_ncity"": ""S.R.Pur"", ""objectid"": 12584, ""strucode"": ""D07262"", ""dm_cmn_yr"": null, ""dm_cmp_yr"": null, ""dm_coment"": null, ""dm_height"": ""13.86"", ""dm_length"": ""869"", ""dm_status"": null, ""dm_gate_no"": null, ""dm_gate_sz"": null, ""dm_flod_des"": null, ""dm_gt_ungtd"": null, ""dm_mod_oper"": null, ""dm_ses_zone"": ""Seismic Zone-II"", ""dm_spil_cap"": 283.0, ""dm_spil_lev"": null, ""dm_gate_type"": null, ""dm_sluice_sz"": null, ""dm_spil_leng"": null, ""dm_spil_type"": null, ""dm_cn_gate_no"": null, ""dm_ener_dissp"": null, ""dm_inst_inter"": null, ""dm_perliament"": null, ""dm_ph_gate_no"": null, ""dm_instru_embed"": null, ""dm_oper_main_age"": ""Andhra Pradesh Water Resources Department"", ""dm_sluice_purpose"": null, ""dm_inst_inter_ager"": null, ""dm_no_river_sluice"": null}}",2026-08-29T14:45:46.967391+00:00,2026-08-29T14:45:46.967391+00:00
159,175,1,103,ASSET_REGISTRY,wris_registry_record,,Virupana  Tank,,,,,,B2,GOVERNMENT_DERIVED_MIRROR,SOURCE_PRESERVED,0.8,False,False,False,AP state filter + external ID + spatial/name resolution,"{""geometry"": {""type"": ""Point"", ""coordinates"": [77.8, 14.25]}, ""properties"": {""class"": null, ""state"": ""AP"", ""bacode"": ""09"", ""dtcode"": ""Anantapur"", ""dam_vol"": """", ""dm_name"": ""Virupana  Tank"", ""dm_type"": ""TE"", ""nrld_no"": ""AP01LH0123"", ""rivcode"": ""ghatprabha"", ""dm_ncity"": ""Sambalpur"", ""objectid"": 12585, ""strucode"": ""D07280"", ""dm_cmn_yr"": null, ""dm_cmp_yr"": null, ""dm_coment"": null, ""dm_height"": ""12"", ""dm_length"": ""589"", ""dm_status"": null, ""dm_gate_no"": null, ""dm_gate_sz"": null, ""dm_flod_des"": null, ""dm_gt_ungtd"": null, ""dm_mod_oper"": null, ""dm_ses_zone"": ""Seismic Zone-II"", ""dm_spil_cap"": 6.68, ""dm_spil_lev"": null, ""dm_gate_type"": null, ""dm_sluice_sz"": null, ""dm_spil_leng"": null, ""dm_spil_type"": null, ""dm_cn_gate_no"": null, ""dm_ener_dissp"": null, ""dm_inst_inter"": null, ""dm_perliament"": null, ""dm_ph_gate_no"": null, ""dm_instru_embed"": null, ""dm_oper_main_age"": ""Andhra Pradesh Water Resources Department"", ""dm_sluice_purpose"": null, ""dm_inst_inter_ager"": null, ""dm_no_river_sluice"": null}}",2026-08-29T14:45:46.967391+00:00,2026-08-29T14:45:46.967391+00:00
160,176,1,103,ASSET_REGISTRY,wris_registry_record,,"N.T.R. T.G.P-Subsidiary
Reservoir  No 2",,,,,,B2,GOVERNMENT_DERIVED_MIRROR,SOURCE_PRESERVED,0.8,False,False,False,AP state filter + external ID + spatial/name resolution,"{""geometry"": {""type"": ""Point"", ""coordinates"": [78.79861111, 14.79027778]}, ""properties"": {""class"": null, ""state"": ""AP"", ""bacode"": ""09"", ""dtcode"": ""YSR"", ""dam_vol"": """", ""dm_name"": ""N.T.R. T.G.P-Subsidiary\nReservoir  No 2"", ""dm_type"": ""TE"", ""nrld_no"": ""AP01MH0152"", ""rivcode"": ""Vakkileru  N"", ""dm_ncity"": ""Cuddapah"", ""objectid"": 12586, ""strucode"": ""D06963"", ""dm_cmn_yr"": null, ""dm_cmp_yr"": null, ""dm_coment"": null, ""dm_height"": ""18"", ""dm_length"": null, ""dm_status"": null, ""dm_gate_no"": null, ""dm_gate_sz"": null, ""dm_flod_des"": null, ""dm_gt_ungtd"": null, ""dm_mod_oper"": null, ""dm_ses_zone"": ""Seismic Zone-II"", ""dm_spil_cap"": null, ""dm_spil_lev"": null, ""dm_gate_type"": null, ""dm_sluice_sz"": null, ""dm_spil_leng"": null, ""dm_spil_type"": null, ""dm_cn_gate_no"": null, ""dm_ener_dissp"": null, ""dm_inst_inter"": null, ""dm_perliament"": null, ""dm_ph_gate_no"": null, ""dm_instru_embed"": null, ""dm_oper_main_age"": ""Andhra Pradesh Water Resources Department"", ""dm_sluice_purpose"": null, ""dm_inst_inter_ager"": null, ""dm_no_river_sluice"": null}}",2026-08-29T14:45:46.967391+00:00,2026-08-29T14:45:46.967391+00:00
161,177,1,103,ASSET_REGISTRY,wris_registry_record,,"Ps Velegonda Project Kakarla
Dam",,,,,,B2,GOVERNMENT_DERIVED_MIRROR,SOURCE_PRESERVED,0.8,False,False,False,AP state filter + external ID + spatial/name resolution,"{""geometry"": {""type"": ""Point"", ""coordinates"": [79.17944444, 15.65833333]}, ""properties"": {""class"": null, ""state"": ""AP"", ""bacode"": ""16"", ""dtcode"": ""Prakasam"", ""dam_vol"": ""210"", ""dm_name"": ""Ps Velegonda Project Kakarla\nDam"", ""dm_type"": ""TE"", ""nrld_no"": ""AP01HH0159"", ""rivcode"": ""krishna"", ""dm_ncity"": ""Marakapur"", ""objectid"": 12587, ""strucode"": ""D07079"", ""dm_cmn_yr"": null, ""dm_cmp_yr"": ""2014"", ""dm_coment"": null, ""dm_height"": ""60"", ""dm_length"": ""470"", ""dm_status"": null, ""dm_gate_no"": null, ""dm_gate_sz"": null, ""dm_flod_des"": null, ""dm_gt_ungtd"": null, ""dm_mod_oper"": null, ""dm_ses_zone"": ""Seismic Zone-II"", ""dm_spil_cap"": 52.29, ""dm_spil_lev"": null, ""dm_gate_type"": null, ""dm_sluice_sz"": null, ""dm_spil_leng"": null, ""dm_spil_type"": null, ""dm_cn_gate_no"": null, ""dm_ener_dissp"": null, ""dm_inst_inter"": null, ""dm_perliament"": null, ""dm_ph_gate_no"": null, ""dm_instru_embed"": null, ""dm_oper_main_age"": ""Andhra Pradesh Water Resources Department"", ""dm_sluice_purpose"": null, ""dm_inst_inter_ager"": null, ""dm_no_river_sluice"": null}}",2026-08-29T14:45:46.967391+00:00,2026-08-29T14:45:46.967391+00:00
162,178,1,103,ASSET_REGISTRY,wris_registry_record,,"Surempalem Reservoir
Project",,,,,,B2,GOVERNMENT_DERIVED_MIRROR,SOURCE_PRESERVED,0.8,False,False,False,AP state filter + external ID + spatial/name resolution,"{""geometry"": {""type"": ""Point"", ""coordinates"": [81.90472222, 17.50611111]}, ""properties"": {""class"": null, ""state"": ""AP"", ""bacode"": ""16"", ""dtcode"": ""East Godavari"", ""dam_vol"": ""0.3136"", ""dm_name"": ""Surempalem Reservoir\nProject"", ""dm_type"": ""TE"", ""nrld_no"": ""AP01MH0166"", ""rivcode"": ""Burada kalva"", ""dm_ncity"": ""Gokavaram"", ""objectid"": 12588, ""strucode"": ""D07212"", ""dm_cmn_yr"": null, ""dm_cmp_yr"": ""2006"", ""dm_coment"": null, ""dm_height"": ""27.6"", ""dm_length"": ""800"", ""dm_status"": null, ""dm_gate_no"": null, ""dm_gate_sz"": null, ""dm_flod_des"": null, ""dm_gt_ungtd"": null, ""dm_mod_oper"": null, ""dm_ses_zone"": ""Seismic Zone-II"", ""dm_spil_cap"": 52.29, ""dm_spil_lev"": null, ""dm_gate_type"": null, ""dm_sluice_sz"": null, ""dm_spil_leng"": null, ""dm_spil_type"": null, ""dm_cn_gate_no"": null, ""dm_ener_dissp"": null, ""dm_inst_inter"": null, ""dm_perliament"": null, ""dm_ph_gate_no"": null, ""dm_instru_embed"": null, ""dm_oper_main_age"": ""Andhra Pradesh Water Resources Department"", ""dm_sluice_purpose"": null, ""dm_inst_inter_ager"": null, ""dm_no_river_sluice"": null}}",2026-08-29T14:45:46.967391+00:00,2026-08-29T14:45:46.967391+00:00
163,179,1,103,ASSET_REGISTRY,wris_registry_record,,Gogarbham Dam,,,,,,B2,GOVERNMENT_DERIVED_MIRROR,SOURCE_PRESERVED,0.8,False,False,False,AP state filter + external ID + spatial/name resolution,"{""geometry"": {""type"": ""Point"", ""coordinates"": [79.353559, 13.690976]}, ""properties"": {""class"": null, ""state"": ""AP"", ""bacode"": ""17"", ""dtcode"": ""Chittoor"", ""dam_vol"": """", ""dm_name"": ""Gogarbham Dam"", ""dm_type"": ""TE"", ""nrld_no"": ""AP01MH0167"", ""rivcode"": ""Local"", ""dm_ncity"": ""Tirupati"", ""objectid"": 12589, ""strucode"": ""D06688"", ""dm_cmn_yr"": null, ""dm_cmp_yr"": ""1963"", ""dm_coment"": null, ""dm_height"": ""24.3"", ""dm_length"": ""54"", ""dm_status"": null, ""dm_gate_no"": null, ""dm_gate_sz"": null, ""dm_flod_des"": null, ""dm_gt_ungtd"": null, ""dm_mod_oper"": null, ""dm_ses_zone"": ""Seismic Zone-II"", ""dm_spil_cap"": null, ""dm_spil_lev"": null, ""dm_gate_type"": null, ""dm_sluice_sz"": null, ""dm_spil_leng"": null, ""dm_spil_type"": null, ""dm_cn_gate_no"": null, ""dm_ener_dissp"": null, ""dm_inst_inter"": null, ""dm_perliament"": null, ""dm_ph_gate_no"": null, ""dm_instru_embed"": null, ""dm_oper_main_age"": ""Andhra Pradesh Water Resources Department"", ""dm_sluice_purpose"": null, ""dm_inst_inter_ager"": null, ""dm_no_river_sluice"": null}}",2026-08-29T14:45:46.967391+00:00,2026-08-29T14:45:46.967391+00:00
164,180,1,103,ASSET_REGISTRY,wris_registry_record,,Akasaganga,,,,,,B2,GOVERNMENT_DERIVED_MIRROR,SOURCE_PRESERVED,0.8,False,False,False,AP state filter + external ID + spatial/name resolution,"{""geometry"": {""type"": ""Point"", ""coordinates"": [79.33916667, 13.76833333]}, ""properties"": {""class"": null, ""state"": ""AP"", ""bacode"": ""17"", ""dtcode"": ""Chittoor"", ""dam_vol"": ""0.035"", ""dm_name"": ""Akasaganga"", ""dm_type"": ""TE"", ""nrld_no"": ""AP01MH0168"", ""rivcode"": ""Local"", ""dm_ncity"": ""Tirupati"", ""objectid"": 12590, ""strucode"": ""D06420"", ""dm_cmn_yr"": null, ""dm_cmp_yr"": ""2002"", ""dm_coment"": null, ""dm_height"": ""28"", ""dm_length"": ""170"", ""dm_status"": null, ""dm_gate_no"": null, ""dm_gate_sz"": null, ""dm_flod_des"": null, ""dm_gt_ungtd"": null, ""dm_mod_oper"": null, ""dm_ses_zone"": ""Seismic Zone-II"", ""dm_spil_cap"": 52.29, ""dm_spil_lev"": null, ""dm_gate_type"": null, ""dm_sluice_sz"": null, ""dm_spil_leng"": null, ""dm_spil_type"": null, ""dm_cn_gate_no"": null, ""dm_ener_dissp"": null, ""dm_inst_inter"": null, ""dm_perliament"": null, ""dm_ph_gate_no"": null, ""dm_instru_embed"": null, ""dm_oper_main_age"": ""Andhra Pradesh Water Resources Department"", ""dm_sluice_purpose"": null, ""dm_inst_inter_ager"": null, ""dm_no_river_sluice"": null}}",2026-08-29T14:45:46.967391+00:00,2026-08-29T14:45:46.967391+00:00
165,181,1,103,ASSET_REGISTRY,wris_registry_record,,"Kumaradhara Pushpadhara
Dam",,,,,,B2,GOVERNMENT_DERIVED_MIRROR,SOURCE_PRESERVED,0.8,False,False,False,AP state filter + external ID + spatial/name resolution,"{""geometry"": {""type"": ""Point"", ""coordinates"": [79.325, 13.72861111]}, ""properties"": {""class"": null, ""state"": ""AP"", ""bacode"": ""17"", ""dtcode"": ""Chittoor"", ""dam_vol"": ""0.25"", ""dm_name"": ""Kumaradhara Pushpadhara\nDam"", ""dm_type"": ""TE"", ""nrld_no"": ""AP01HH0169"", ""rivcode"": ""Odher"", ""dm_ncity"": ""Tirupati"", ""objectid"": 12591, ""strucode"": ""D06861"", ""dm_cmn_yr"": null, ""dm_cmp_yr"": ""2011"", ""dm_coment"": null, ""dm_height"": ""63.74"", ""dm_length"": ""906.3"", ""dm_status"": null, ""dm_gate_no"": null, ""dm_gate_sz"": null, ""dm_flod_des"": null, ""dm_gt_ungtd"": null, ""dm_mod_oper"": null, ""dm_ses_zone"": ""Seismic Zone-II"", ""dm_spil_cap"": 12500.0, ""dm_spil_lev"": null, ""dm_gate_type"": null, ""dm_sluice_sz"": null, ""dm_spil_leng"": null, ""dm_spil_type"": null, ""dm_cn_gate_no"": null, ""dm_ener_dissp"": null, ""dm_inst_inter"": null, ""dm_perliament"": null, ""dm_ph_gate_no"": null, ""dm_instru_embed"": null, ""dm_oper_main_age"": ""Andhra Pradesh Water Resources Department"", ""dm_sluice_purpose"": null, ""dm_inst_inter_ager"": null, ""dm_no_river_sluice"": null}}",2026-08-29T14:45:46.967391+00:00,2026-08-29T14:45:46.967391+00:00
