asset_id,asset_code,asset_name,asset_type,feature_version,static_features,hydrology_features,has_direct_hydrology,generated_at
3,AP_DAM_00002,Polavaram Project,dam,ap_dam_barrage_state_v1,"{""origin"": ""GOVERNMENT_DERIVED_MIRROR"", ""nrld_no"": null, ""dam_type"": null, ""age_years"": null, ""gate_type"": null, ""built_year"": null, ""gate_count"": null, ""river_name"": ""Godavari"", ""dam_height_m"": null, ""dam_length_m"": null, ""quality_flag"": ""SOURCE_PRESERVED"", ""seismic_zone"": ""Seismic Zone-III"", ""spillway_type"": null, ""structure_code"": ""D06328"", ""authority_level"": ""B2"", ""completion_year"": null, ""registry_status"": ""Under Construction"", ""spillway_level_m"": null, ""commencement_year"": null, ""spillway_length_m"": null, ""dam_volume_source_value"": null, ""engineering_completeness"": 0.2, ""design_flood_source_value"": null, ""engineering_fields_available"": 2.0, ""engineering_source_confidence"": 0.8, ""spillway_capacity_source_value"": null}",{},False,2026-09-03T04:52:14.819262+00:00
5,AP_DAM_NWDP_AP01VH0059,Srisailam Project (N.S.R.S.P),dam,ap_dam_barrage_state_v1,"{""origin"": null, ""nrld_no"": null, ""dam_type"": null, ""age_years"": null, ""gate_type"": null, ""built_year"": 1984.0, ""gate_count"": null, ""river_name"": null, ""dam_height_m"": null, ""dam_length_m"": null, ""quality_flag"": null, ""seismic_zone"": null, ""spillway_type"": null, ""structure_code"": null, ""authority_level"": null, ""completion_year"": null, ""registry_status"": null, ""spillway_level_m"": null, ""commencement_year"": null, ""spillway_length_m"": null, ""dam_volume_source_value"": null, ""engineering_completeness"": null, ""design_flood_source_value"": null, ""engineering_fields_available"": null, ""engineering_source_confidence"": null, ""spillway_capacity_source_value"": null}",{},False,2026-09-03T04:52:14.819262+00:00
7,AP_DAM_NWDP_AP01MH0011,Upper Pennar,dam,ap_dam_barrage_state_v1,"{""origin"": ""GOVERNMENT_DERIVED_MIRROR"", ""nrld_no"": ""AP01MH0011"", ""dam_type"": ""TE"", ""age_years"": 67.0, ""gate_type"": ""LG"", ""built_year"": 1958.0, ""gate_count"": 8.0, ""river_name"": ""Pennar"", ""dam_height_m"": 16.74, ""dam_length_m"": 3505.0, ""quality_flag"": ""SOURCE_PRESERVED"", ""seismic_zone"": ""Seismic Zone-II"", ""spillway_type"": ""OG"", ""structure_code"": ""D02365"", ""authority_level"": ""B2"", ""completion_year"": 1959.0, ""registry_status"": ""Completed"", ""spillway_level_m"": 526.39, ""commencement_year"": null, ""spillway_length_m"": null, ""dam_volume_source_value"": 594.0, ""engineering_completeness"": 1.0, ""design_flood_source_value"": 3398.0, ""engineering_fields_available"": 10.0, ""engineering_source_confidence"": 0.8, ""spillway_capacity_source_value"": 3398.0}","{""manual_daily_reservoir_storage_mcm"": {""max"": 50.68, ""min"": 0.0, ""std"": 10.771314756237837, ""mean"": 5.438056770985669, ""count"": 6838, ""latest"": 0.14, ""latest_zscore"": -0.4918672317060906, ""freshness_days"": 214.8696142734259}, ""manual_daily_reservoir_water_level_m"": {""max"": 538.8864, ""min"": 0.0, ""std"": 204.58808125189324, ""mean"": 430.8349394434045, ""count"": 6838, ""latest"": 526.3896, ""latest_zscore"": 0.46705878451905775, ""freshness_days"": 551.8696142734259}}",True,2026-09-03T04:52:14.819262+00:00
8,AP_DAM_NWDP_AP01HH0040,Kalyani Dam,dam,ap_dam_barrage_state_v1,"{""origin"": ""GOVERNMENT_DERIVED_MIRROR"", ""nrld_no"": ""AP01HH0040"", ""dam_type"": ""TE + PG"", ""age_years"": 49.0, ""gate_type"": ""RD"", ""built_year"": 1977.0, ""gate_count"": 3.0, ""river_name"": ""Kalyani"", ""dam_height_m"": 36.0, ""dam_length_m"": 500.0, ""quality_flag"": ""SOURCE_PRESERVED"", ""seismic_zone"": ""Seismic Zone-III"", ""spillway_type"": null, ""structure_code"": ""D03636"", ""authority_level"": ""B2"", ""completion_year"": 1977.0, ""registry_status"": ""Completed"", ""spillway_level_m"": 266.70080437, ""commencement_year"": null, ""spillway_length_m"": null, ""dam_volume_source_value"": null, ""engineering_completeness"": 1.0, ""design_flood_source_value"": 1342.0, ""engineering_fields_available"": 10.0, ""engineering_source_confidence"": 0.8, ""spillway_capacity_source_value"": 1614.0}","{""manual_daily_reservoir_storage_mcm"": {""max"": 118.216, ""min"": 0.1141, ""std"": 7.4835108039429326, ""mean"": 9.475015793357935, ""count"": 6775, ""latest"": 16.072, ""latest_zscore"": 0.8815360035514651, ""freshness_days"": 201.8696142734259}, ""manual_daily_reservoir_water_level_m"": {""max"": 274.137127, ""min"": 253.243073, ""std"": 6.459129099424242, ""mean"": 263.9463386402538, ""count"": 6777, ""latest"": 269.961364, ""latest_zscore"": 0.9312440217803274, ""freshness_days"": 201.8696142734259}}",True,2026-09-03T04:52:14.819262+00:00
9,AP_DAM_NWDP_AP01HH0049,Pedderu,dam,ap_dam_barrage_state_v1,"{""origin"": ""GOVERNMENT_DERIVED_MIRROR"", ""nrld_no"": ""AP01HH0049"", ""dam_type"": ""TE"", ""age_years"": 46.0, ""gate_type"": ""UG"", ""built_year"": 1980.0, ""gate_count"": 42.0, ""river_name"": ""Pedderu"", ""dam_height_m"": 35.0, ""dam_length_m"": 590.0, ""quality_flag"": ""SOURCE_PRESERVED"", ""seismic_zone"": ""Seismic Zone-II"", ""spillway_type"": null, ""structure_code"": ""D02213"", ""authority_level"": ""B2"", ""completion_year"": 1980.0, ""registry_status"": ""Completed"", ""spillway_level_m"": 481.5, ""commencement_year"": null, ""spillway_length_m"": null, ""dam_volume_source_value"": 122.0, ""engineering_completeness"": 1.0, ""design_flood_source_value"": 3172.0, ""engineering_fields_available"": 10.0, ""engineering_source_confidence"": 0.8, ""spillway_capacity_source_value"": 3172.0}","{""manual_daily_reservoir_storage_mcm"": {""max"": 15.7612, ""min"": 0.8649, ""std"": 5.362906294693757, ""mean"": 6.357770911743252, ""count"": 6855, ""latest"": 13.0631, ""latest_zscore"": 1.2503162874375096, ""freshness_days"": 126.86961427342592}, ""manual_daily_reservoir_water_level_m"": {""max"": 482.299988, ""min"": 143.734538, ""std"": 131.88416574175892, ""mean"": 406.3492032116873, ""count"": 8659, ""latest"": 479.75, ""latest_zscore"": 0.5565550373350964, ""freshness_days"": 126.86961427342592}}",True,2026-09-03T04:52:14.819262+00:00
10,AP_DAM_NWDP_AP01MH0074,Yogi Vemana (Maddileru) Reservoir,dam,ap_dam_barrage_state_v1,"{""origin"": null, ""nrld_no"": null, ""dam_type"": null, ""age_years"": null, ""gate_type"": null, ""built_year"": 2001.0, ""gate_count"": null, ""river_name"": null, ""dam_height_m"": null, ""dam_length_m"": null, ""quality_flag"": null, ""seismic_zone"": null, ""spillway_type"": null, ""structure_code"": null, ""authority_level"": null, ""completion_year"": null, ""registry_status"": null, ""spillway_level_m"": null, ""commencement_year"": null, ""spillway_length_m"": null, ""dam_volume_source_value"": null, ""engineering_completeness"": null, ""design_flood_source_value"": null, ""engineering_fields_available"": null, ""engineering_source_confidence"": null, ""spillway_capacity_source_value"": null}",{},False,2026-09-03T04:52:14.819262+00:00
11,AP_DAM_NWDP_AP01MH0135,Mallemadugu,dam,ap_dam_barrage_state_v1,"{""origin"": ""GOVERNMENT_DERIVED_MIRROR"", ""nrld_no"": ""AP01MH0135"", ""dam_type"": ""TE"", ""age_years"": 67.0, ""gate_type"": null, ""built_year"": 1990.0, ""gate_count"": 15.0, ""river_name"": ""Konakalva and Rallakalva"", ""dam_height_m"": 15.0, ""dam_length_m"": 1334.0, ""quality_flag"": ""SOURCE_PRESERVED"", ""seismic_zone"": ""Seismic Zone-III"", ""spillway_type"": null, ""structure_code"": ""D02157"", ""authority_level"": ""B2"", ""completion_year"": 1959.0, ""registry_status"": ""Completed"", ""spillway_level_m"": 108.81, ""commencement_year"": null, ""spillway_length_m"": null, ""dam_volume_source_value"": null, ""engineering_completeness"": 1.0, ""design_flood_source_value"": 2458.0, ""engineering_fields_available"": 10.0, ""engineering_source_confidence"": 0.8, ""spillway_capacity_source_value"": 2458.0}","{""manual_daily_reservoir_storage_mcm"": {""max"": 6.384, ""min"": 0.0, ""std"": 1.5681052446539028, ""mean"": 1.1938200942146326, ""count"": 6793, ""latest"": 1.12, ""latest_zscore"": -0.047075981963777824, ""freshness_days"": 186.86961427342592}, ""manual_daily_reservoir_water_level_m"": {""max"": 112.684564, ""min"": 0.0, ""std"": 38.189715347744794, ""mean"": 92.07584235732156, ""count"": 6795, ""latest"": 108.5088, ""latest_zscore"": 0.4302979871162837, ""freshness_days"": 186.86961427342592}}",True,2026-09-03T04:52:14.819262+00:00
22,AP_DAM_WRIS_D00569,Chitravathi Dam,dam,ap_dam_barrage_state_v1,"{""origin"": ""GOVERNMENT_DERIVED_MIRROR"", ""nrld_no"": null, ""dam_type"": ""TE"", ""age_years"": null, ""gate_type"": null, ""built_year"": null, ""gate_count"": null, ""river_name"": ""Chitravathi"", ""dam_height_m"": null, ""dam_length_m"": null, ""quality_flag"": ""SOURCE_PRESERVED"", ""seismic_zone"": ""Seismic Zone-II"", ""spillway_type"": null, ""structure_code"": ""D00569"", ""authority_level"": ""B2"", ""completion_year"": null, ""registry_status"": null, ""spillway_level_m"": 289.35, ""commencement_year"": null, ""spillway_length_m"": null, ""dam_volume_source_value"": null, ""engineering_completeness"": 0.5, ""design_flood_source_value"": 28.32, ""engineering_fields_available"": 5.0, ""engineering_source_confidence"": 0.8, ""spillway_capacity_source_value"": null}",{},False,2026-09-03T04:52:14.819262+00:00
23,AP_DAM_WRIS_D00587,Gundlakamma Dam,dam,ap_dam_barrage_state_v1,"{""origin"": ""GOVERNMENT_DERIVED_MIRROR"", ""nrld_no"": null, ""dam_type"": null, ""age_years"": null, ""gate_type"": null, ""built_year"": null, ""gate_count"": null, ""river_name"": ""Gundlakamma"", ""dam_height_m"": null, ""dam_length_m"": null, ""quality_flag"": ""SOURCE_PRESERVED"", ""seismic_zone"": ""Seismic Zone-III"", ""spillway_type"": null, ""structure_code"": ""D00587"", ""authority_level"": ""B2"", ""completion_year"": null, ""registry_status"": null, ""spillway_level_m"": 16.38, ""commencement_year"": null, ""spillway_length_m"": null, ""dam_volume_source_value"": null, ""engineering_completeness"": 0.3, ""design_flood_source_value"": null, ""engineering_fields_available"": 3.0, ""engineering_source_confidence"": 0.8, ""spillway_capacity_source_value"": null}",{},False,2026-09-03T04:52:14.819262+00:00
24,AP_DAM_WRIS_AP01MH0058,Mylavaram Dam,dam,ap_dam_barrage_state_v1,"{""origin"": ""GOVERNMENT_DERIVED_MIRROR"", ""nrld_no"": ""AP01MH0058"", ""dam_type"": ""TE + PG"", ""age_years"": 43.0, ""gate_type"": ""RD"", ""built_year"": 1983.0, ""gate_count"": 13.0, ""river_name"": ""Pennar"", ""dam_height_m"": 24.0, ""dam_length_m"": 2850.0, ""quality_flag"": ""SOURCE_PRESERVED"", ""seismic_zone"": ""Seismic Zone-II"", ""spillway_type"": null, ""structure_code"": ""D00686"", ""authority_level"": ""B2"", ""completion_year"": 1983.0, ""registry_status"": ""Completed"", ""spillway_level_m"": 194.0, ""commencement_year"": null, ""spillway_length_m"": null, ""dam_volume_source_value"": 1524.0, ""engineering_completeness"": 1.0, ""design_flood_source_value"": 8180.0, ""engineering_fields_available"": 10.0, ""engineering_source_confidence"": 0.8, ""spillway_capacity_source_value"": 8190.0}",{},False,2026-09-03T04:52:14.819262+00:00
25,AP_DAM_WRIS_D00719,Kanigiri Dam,dam,ap_dam_barrage_state_v1,"{""origin"": ""GOVERNMENT_DERIVED_MIRROR"", ""nrld_no"": null, ""dam_type"": ""TE"", ""age_years"": null, ""gate_type"": null, ""built_year"": null, ""gate_count"": null, ""river_name"": ""Pennar"", ""dam_height_m"": 10.278, ""dam_length_m"": 10000.0, ""quality_flag"": ""SOURCE_PRESERVED"", ""seismic_zone"": ""Seismic Zone-III"", ""spillway_type"": null, ""structure_code"": ""D00719"", ""authority_level"": ""B2"", ""completion_year"": null, ""registry_status"": ""Completed"", ""spillway_level_m"": null, ""commencement_year"": null, ""spillway_length_m"": null, ""dam_volume_source_value"": null, ""engineering_completeness"": 0.5, ""design_flood_source_value"": null, ""engineering_fields_available"": 5.0, ""engineering_source_confidence"": 0.8, ""spillway_capacity_source_value"": null}",{},False,2026-09-03T04:52:14.819262+00:00
26,AP_DAM_WRIS_D00721,Nellore Dam,dam,ap_dam_barrage_state_v1,"{""origin"": ""GOVERNMENT_DERIVED_MIRROR"", ""nrld_no"": null, ""dam_type"": null, ""age_years"": null, ""gate_type"": null, ""built_year"": null, ""gate_count"": null, ""river_name"": ""Pennar"", ""dam_height_m"": null, ""dam_length_m"": 621.71, ""quality_flag"": ""SOURCE_PRESERVED"", ""seismic_zone"": ""Seismic Zone-III"", ""spillway_type"": null, ""structure_code"": ""D00721"", ""authority_level"": ""B2"", ""completion_year"": null, ""registry_status"": ""Completed"", ""spillway_level_m"": null, ""commencement_year"": null, ""spillway_length_m"": null, ""dam_volume_source_value"": null, ""engineering_completeness"": 0.3, ""design_flood_source_value"": null, ""engineering_fields_available"": 3.0, ""engineering_source_confidence"": 0.8, ""spillway_capacity_source_value"": null}",{},False,2026-09-03T04:52:14.819262+00:00
27,AP_DAM_WRIS_AP01HH0062,Somasila Dam,dam,ap_dam_barrage_state_v1,"{""origin"": ""GOVERNMENT_DERIVED_MIRROR"", ""nrld_no"": ""AP01HH0062"", ""dam_type"": ""TE"", ""age_years"": 40.0, ""gate_type"": ""RD"", ""built_year"": 1986.0, ""gate_count"": 12.0, ""river_name"": ""Pennar"", ""dam_height_m"": 39.0, ""dam_length_m"": 352.0, ""quality_flag"": ""SOURCE_PRESERVED"", ""seismic_zone"": ""Seismic Zone-II"", ""spillway_type"": ""OG"", ""structure_code"": ""D00750"", ""authority_level"": ""B2"", ""completion_year"": 1986.0, ""registry_status"": ""Completed"", ""spillway_level_m"": 86.868, ""commencement_year"": null, ""spillway_length_m"": 236.21, ""dam_volume_source_value"": 1875.0, ""engineering_completeness"": 1.0, ""design_flood_source_value"": 22375.0, ""engineering_fields_available"": 10.0, ""engineering_source_confidence"": 0.8, ""spillway_capacity_source_value"": 22375.0}",{},False,2026-09-03T04:52:14.819262+00:00
28,AP_DAM_WRIS_AP01HH0130,Gorakallu Dam,dam,ap_dam_barrage_state_v1,"{""origin"": ""GOVERNMENT_DERIVED_MIRROR"", ""nrld_no"": ""AP01HH0130"", ""dam_type"": ""TE + PG"", ""age_years"": null, ""gate_type"": null, ""built_year"": null, ""gate_count"": 7.0, ""river_name"": ""Mallama selavagu"", ""dam_height_m"": 48.5, ""dam_length_m"": 1731.0, ""quality_flag"": ""SOURCE_PRESERVED"", ""seismic_zone"": ""Seismic Zone-II"", ""spillway_type"": null, ""structure_code"": ""D00934"", ""authority_level"": ""B2"", ""completion_year"": null, ""registry_status"": ""Under Construction"", ""spillway_level_m"": 257.4, ""commencement_year"": null, ""spillway_length_m"": null, ""dam_volume_source_value"": null, ""engineering_completeness"": 0.8, ""design_flood_source_value"": null, ""engineering_fields_available"": 8.0, ""engineering_source_confidence"": 0.8, ""spillway_capacity_source_value"": 848.0}",{},False,2026-09-03T04:52:14.819262+00:00
29,AP_DAM_WRIS_D00963,"Paleru ,Owk Dam",dam,ap_dam_barrage_state_v1,"{""origin"": ""GOVERNMENT_DERIVED_MIRROR"", ""nrld_no"": null, ""dam_type"": ""TE"", ""age_years"": 80.0, ""gate_type"": null, ""built_year"": 1946.0, ""gate_count"": 5.0, ""river_name"": ""Paleru"", ""dam_height_m"": 10.15, ""dam_length_m"": 622.0, ""quality_flag"": ""SOURCE_PRESERVED"", ""seismic_zone"": ""Seismic Zone-II"", ""spillway_type"": null, ""structure_code"": ""D00963"", ""authority_level"": ""B2"", ""completion_year"": 1946.0, ""registry_status"": ""Completed"", ""spillway_level_m"": 222.15, ""commencement_year"": null, ""spillway_length_m"": null, ""dam_volume_source_value"": null, ""engineering_completeness"": 0.8, ""design_flood_source_value"": null, ""engineering_fields_available"": 8.0, ""engineering_source_confidence"": 0.8, ""spillway_capacity_source_value"": null}",{},False,2026-09-03T04:52:14.819262+00:00
30,AP_DAM_WRIS_D01824,Veligonda Dam,dam,ap_dam_barrage_state_v1,"{""origin"": ""GOVERNMENT_DERIVED_MIRROR"", ""nrld_no"": null, ""dam_type"": ""TE"", ""age_years"": null, ""gate_type"": null, ""built_year"": null, ""gate_count"": null, ""river_name"": ""Krishna"", ""dam_height_m"": null, ""dam_length_m"": null, ""quality_flag"": ""SOURCE_PRESERVED"", ""seismic_zone"": ""Seismic Zone-II"", ""spillway_type"": null, ""structure_code"": ""D01824"", ""authority_level"": ""B2"", ""completion_year"": null, ""registry_status"": null, ""spillway_level_m"": null, ""commencement_year"": null, ""spillway_length_m"": null, ""dam_volume_source_value"": null, ""engineering_completeness"": 0.3, ""design_flood_source_value"": null, ""engineering_fields_available"": 3.0, ""engineering_source_confidence"": 0.8, ""spillway_capacity_source_value"": null}",{},False,2026-09-03T04:52:14.819262+00:00
31,AP_DAM_WRIS_AP01HH0149,Yeleru Dam,dam,ap_dam_barrage_state_v1,"{""origin"": ""GOVERNMENT_DERIVED_MIRROR"", ""nrld_no"": ""AP01HH0149"", ""dam_type"": ""TE + PG"", ""age_years"": 35.0, ""gate_type"": ""OT"", ""built_year"": 1991.0, ""gate_count"": 10.0, ""river_name"": ""Eleru"", ""dam_height_m"": 43.0, ""dam_length_m"": 2544.0, ""quality_flag"": ""SOURCE_PRESERVED"", ""seismic_zone"": ""Seismic Zone-II"", ""spillway_type"": ""OG"", ""structure_code"": ""D01830"", ""authority_level"": ""B2"", ""completion_year"": 1991.0, ""registry_status"": ""Completed"", ""spillway_level_m"": 76.56, ""commencement_year"": null, ""spillway_length_m"": 150.0, ""dam_volume_source_value"": 5080.0, ""engineering_completeness"": 1.0, ""design_flood_source_value"": 8070.0, ""engineering_fields_available"": 10.0, ""engineering_source_confidence"": 0.8, ""spillway_capacity_source_value"": 8070.0}",{},False,2026-09-03T04:52:14.819262+00:00
32,AP_DAM_WRIS_AP01MH0072,Andhra Dam,dam,ap_dam_barrage_state_v1,"{""origin"": ""GOVERNMENT_DERIVED_MIRROR"", ""nrld_no"": ""AP01MH0072"", ""dam_type"": ""TE"", ""age_years"": 28.0, ""gate_type"": ""RD"", ""built_year"": 1998.0, ""gate_count"": 4.0, ""river_name"": ""Champavathi"", ""dam_height_m"": 22.0, ""dam_length_m"": 1890.0, ""quality_flag"": ""SOURCE_PRESERVED"", ""seismic_zone"": ""Seismic Zone-II"", ""spillway_type"": null, ""structure_code"": ""D01848"", ""authority_level"": ""B2"", ""completion_year"": 1998.0, ""registry_status"": ""Completed"", ""spillway_level_m"": 138.5, ""commencement_year"": null, ""spillway_length_m"": null, ""dam_volume_source_value"": null, ""engineering_completeness"": 1.0, ""design_flood_source_value"": 1189.3074465, ""engineering_fields_available"": 10.0, ""engineering_source_confidence"": 0.8, ""spillway_capacity_source_value"": 910.0}",{},False,2026-09-03T04:52:14.819262+00:00
33,AP_DAM_WRIS_AP01MH0129,Cheyyeru / Annamayya Dam,dam,ap_dam_barrage_state_v1,"{""origin"": ""GOVERNMENT_DERIVED_MIRROR"", ""nrld_no"": ""AP01MH0129"", ""dam_type"": ""TE"", ""age_years"": 23.0, ""gate_type"": ""RD"", ""built_year"": 2003.0, ""gate_count"": 5.0, ""river_name"": ""Cheyyeru"", ""dam_height_m"": 25.0, ""dam_length_m"": 409.0, ""quality_flag"": ""SOURCE_PRESERVED"", ""seismic_zone"": ""Seismic Zone-II"", ""spillway_type"": ""OG"", ""structure_code"": ""D01855"", ""authority_level"": ""B2"", ""completion_year"": 2003.0, ""registry_status"": ""Completed"", ""spillway_level_m"": 189.6, ""commencement_year"": null, ""spillway_length_m"": 90.25, ""dam_volume_source_value"": 653.0, ""engineering_completeness"": 1.0, ""design_flood_source_value"": 6795.0, ""engineering_fields_available"": 10.0, ""engineering_source_confidence"": 0.8, ""spillway_capacity_source_value"": 8069.0}",{},False,2026-09-03T04:52:14.819262+00:00
34,AP_DAM_WRIS_AP01MH0021,Arniar Dam,dam,ap_dam_barrage_state_v1,"{""origin"": ""GOVERNMENT_DERIVED_MIRROR"", ""nrld_no"": ""AP01MH0021"", ""dam_type"": ""TE"", ""age_years"": 68.0, ""gate_type"": ""LG"", ""built_year"": 1958.0, ""gate_count"": 3.0, ""river_name"": ""Araniar"", ""dam_height_m"": 15.0, ""dam_length_m"": 3600.0, ""quality_flag"": ""SOURCE_PRESERVED"", ""seismic_zone"": ""Seismic Zone-III"", ""spillway_type"": ""OG"", ""structure_code"": ""D01858"", ""authority_level"": ""B2"", ""completion_year"": 1958.0, ""registry_status"": ""Completed"", ""spillway_level_m"": 76.2, ""commencement_year"": null, ""spillway_length_m"": null, ""dam_volume_source_value"": null, ""engineering_completeness"": 1.0, ""design_flood_source_value"": 863.67, ""engineering_fields_available"": 10.0, ""engineering_source_confidence"": 0.8, ""spillway_capacity_source_value"": 863.67}","{""manual_daily_reservoir_storage_mcm"": {""max"": 51.6832, ""min"": 0.0, ""std"": 15.468391245380875, ""mean"": 15.647033138893267, ""count"": 6343, ""latest"": 16.7138, ""latest_zscore"": 0.06896430560775263, ""freshness_days"": 702.8696142734259}, ""manual_daily_reservoir_water_level_m"": {""max"": 799.61229, ""min"": 0.0, ""std"": 18.644072666745412, ""mean"": 78.0698878411682, ""count"": 6403, ""latest"": 82.1436, ""latest_zscore"": 0.21849904962545583, ""freshness_days"": 702.8696142734259}}",True,2026-09-03T04:52:14.819262+00:00
35,AP_DAM_WRIS_AP01HH0127,Bahuda Dam,dam,ap_dam_barrage_state_v1,"{""origin"": ""GOVERNMENT_DERIVED_MIRROR"", ""nrld_no"": ""AP01HH0127"", ""dam_type"": ""TE"", ""age_years"": 52.0, ""gate_type"": ""LG"", ""built_year"": 1974.0, ""gate_count"": 6.0, ""river_name"": ""Bahuda"", ""dam_height_m"": 31.77, ""dam_length_m"": 792.48, ""quality_flag"": ""SOURCE_PRESERVED"", ""seismic_zone"": ""Seismic Zone-II"", ""spillway_type"": null, ""structure_code"": ""D01861"", ""authority_level"": ""B2"", ""completion_year"": 1974.0, ""registry_status"": ""Completed"", ""spillway_level_m"": 611.7, ""commencement_year"": null, ""spillway_length_m"": null, ""dam_volume_source_value"": null, ""engineering_completeness"": 1.0, ""design_flood_source_value"": 849.5, ""engineering_fields_available"": 10.0, ""engineering_source_confidence"": 0.8, ""spillway_capacity_source_value"": 849.5}","{""manual_daily_reservoir_storage_mcm"": {""max"": 11.144, ""min"": 0.0, ""std"": 3.4810371138519978, ""mean"": 2.9798290842283777, ""count"": 7076, ""latest"": 6.1698, ""latest_zscore"": 0.9163852068907444, ""freshness_days"": 126.86961427342592}, ""manual_daily_reservoir_water_level_m"": {""max"": 614.172, ""min"": 0.0, ""std"": 59.62107794216993, ""mean"": 601.0964421074949, ""count"": 6391, ""latest"": 611.093527, ""latest_zscore"": 0.16767702358890357, ""freshness_days"": 125.86961427342592}}",True,2026-09-03T04:52:14.819262+00:00
36,AP_DAM_WRIS_AP01MH0018,Bhairavanithippa Dam,dam,ap_dam_barrage_state_v1,"{""origin"": ""GOVERNMENT_DERIVED_MIRROR"", ""nrld_no"": ""AP01MH0018"", ""dam_type"": ""TE"", ""age_years"": 65.0, ""gate_type"": ""LG"", ""built_year"": 1961.0, ""gate_count"": 12.0, ""river_name"": ""Pedda Hagari(Vedavathi) River"", ""dam_height_m"": 20.0, ""dam_length_m"": 2235.0, ""quality_flag"": ""SOURCE_PRESERVED"", ""seismic_zone"": ""Seismic Zone-II"", ""spillway_type"": ""OG"", ""structure_code"": ""D01875"", ""authority_level"": ""B2"", ""completion_year"": 1961.0, ""registry_status"": ""Completed"", ""spillway_level_m"": 499.89, ""commencement_year"": null, ""spillway_length_m"": null, ""dam_volume_source_value"": null, ""engineering_completeness"": 1.0, ""design_flood_source_value"": 3635.0, ""engineering_fields_available"": 10.0, ""engineering_source_confidence"": 0.8, ""spillway_capacity_source_value"": 3635.0}","{""manual_daily_reservoir_storage_mcm"": {""max"": 57.3065, ""min"": 0.0, ""std"": 16.069056597616097, ""mean"": 13.103231588107324, ""count"": 6895, ""latest"": 10.696, ""latest_zscore"": -0.14980540851816065, ""freshness_days"": 125.86961427342592}, ""manual_daily_reservoir_water_level_m"": {""max"": 5015.371486, ""min"": 0.0, ""std"": 183.7565407050144, ""mean"": 461.36555041070653, ""count"": 6893, ""latest"": 500.3292, ""latest_zscore"": 0.2120395249050867, ""freshness_days"": 125.86961427342592}}",True,2026-09-03T04:52:14.819262+00:00
37,AP_DAM_WRIS_D01879,Bhupathipalem Dam,dam,ap_dam_barrage_state_v1,"{""origin"": ""GOVERNMENT_DERIVED_MIRROR"", ""nrld_no"": null, ""dam_type"": null, ""age_years"": null, ""gate_type"": null, ""built_year"": null, ""gate_count"": 5.0, ""river_name"": ""Seethapallivagu"", ""dam_height_m"": null, ""dam_length_m"": 748.0, ""quality_flag"": ""SOURCE_PRESERVED"", ""seismic_zone"": ""Seismic Zone-II"", ""spillway_type"": null, ""structure_code"": ""D01879"", ""authority_level"": ""B2"", ""completion_year"": null, ""registry_status"": ""Completed"", ""spillway_level_m"": 196.5, ""commencement_year"": null, ""spillway_length_m"": 66.0, ""dam_volume_source_value"": null, ""engineering_completeness"": 0.7, ""design_flood_source_value"": 1642.0, ""engineering_fields_available"": 7.0, ""engineering_source_confidence"": 0.8, ""spillway_capacity_source_value"": 1642.0}",{},False,2026-09-03T04:52:14.819262+00:00
38,AP_DAM_WRIS_AP01MH0073,Buggavanka Dam,dam,ap_dam_barrage_state_v1,"{""origin"": ""GOVERNMENT_DERIVED_MIRROR"", ""nrld_no"": ""AP01MH0073"", ""dam_type"": ""TE + PG"", ""age_years"": 28.0, ""gate_type"": ""RD"", ""built_year"": 1998.0, ""gate_count"": 4.0, ""river_name"": ""Buggavanka"", ""dam_height_m"": 26.0, ""dam_length_m"": 2060.0, ""quality_flag"": ""SOURCE_PRESERVED"", ""seismic_zone"": ""Seismic Zone-II"", ""spillway_type"": ""OG"", ""structure_code"": ""D01888"", ""authority_level"": ""B2"", ""completion_year"": 1998.0, ""registry_status"": ""Completed"", ""spillway_level_m"": 180.0, ""commencement_year"": null, ""spillway_length_m"": null, ""dam_volume_source_value"": 747.0, ""engineering_completeness"": 1.0, ""design_flood_source_value"": 929.0, ""engineering_fields_available"": 10.0, ""engineering_source_confidence"": 0.8, ""spillway_capacity_source_value"": 926.0}",{},False,2026-09-03T04:52:14.819262+00:00
39,AP_DAM_WRIS_AP01MH0026,Chinnarayaswamy Gudi /Chennaraya Dam,dam,ap_dam_barrage_state_v1,"{""origin"": ""GOVERNMENT_DERIVED_MIRROR"", ""nrld_no"": ""AP01MH0026"", ""dam_type"": ""TE"", ""age_years"": 57.0, ""gate_type"": ""LG"", ""built_year"": 1969.0, ""gate_count"": null, ""river_name"": ""Papagni"", ""dam_height_m"": 15.0, ""dam_length_m"": 465.0, ""quality_flag"": ""SOURCE_PRESERVED"", ""seismic_zone"": ""Seismic Zone-II"", ""spillway_type"": null, ""structure_code"": ""D01908"", ""authority_level"": ""B2"", ""completion_year"": 1969.0, ""registry_status"": ""Completed"", ""spillway_level_m"": 582.77935766, ""commencement_year"": null, ""spillway_length_m"": null, ""dam_volume_source_value"": null, ""engineering_completeness"": 0.9, ""design_flood_source_value"": 897.64, ""engineering_fields_available"": 9.0, ""engineering_source_confidence"": 0.8, ""spillway_capacity_source_value"": 897.64}",{},False,2026-09-03T04:52:14.819262+00:00
40,AP_DAM_WRIS_AP01MH0001,Cumbum Dam,dam,ap_dam_barrage_state_v1,"{""origin"": ""GOVERNMENT_DERIVED_MIRROR"", ""nrld_no"": ""AP01MH0001"", ""dam_type"": ""TE"", ""age_years"": null, ""gate_type"": null, ""built_year"": null, ""gate_count"": null, ""river_name"": ""Gundlakamma & Jampaleru"", ""dam_height_m"": 15.38, ""dam_length_m"": 295.65, ""quality_flag"": ""SOURCE_PRESERVED"", ""seismic_zone"": ""Seismic Zone-II"", ""spillway_type"": null, ""structure_code"": ""D01915"", ""authority_level"": ""B2"", ""completion_year"": null, ""registry_status"": ""Completed"", ""spillway_level_m"": null, ""commencement_year"": null, ""spillway_length_m"": null, ""dam_volume_source_value"": null, ""engineering_completeness"": 0.7, ""design_flood_source_value"": 112.72, ""engineering_fields_available"": 7.0, ""engineering_source_confidence"": 0.8, ""spillway_capacity_source_value"": 113.0}",{},False,2026-09-03T04:52:14.819262+00:00
41,AP_DAM_WRIS_D01773,Ahobilam / Penna Ahobilam (Dr. K.S.P.A.B.R.) Dam,dam,ap_dam_barrage_state_v1,"{""origin"": ""GOVERNMENT_DERIVED_MIRROR"", ""nrld_no"": null, ""dam_type"": ""TE"", ""age_years"": 32.0, ""gate_type"": ""RD"", ""built_year"": 1994.0, ""gate_count"": 7.0, ""river_name"": ""Pennar"", ""dam_height_m"": 46.0, ""dam_length_m"": 2060.0, ""quality_flag"": ""SOURCE_PRESERVED"", ""seismic_zone"": ""Seismic Zone-II"", ""spillway_type"": null, ""structure_code"": ""D01773"", ""authority_level"": ""B2"", ""completion_year"": 1994.0, ""registry_status"": ""Completed"", ""spillway_level_m"": 423.0, ""commencement_year"": null, ""spillway_length_m"": 103.54, ""dam_volume_source_value"": 865.0, ""engineering_completeness"": 1.0, ""design_flood_source_value"": 4596.0, ""engineering_fields_available"": 10.0, ""engineering_source_confidence"": 0.8, ""spillway_capacity_source_value"": 4662.0}",{},False,2026-09-03T04:52:14.819262+00:00
42,AP_DAM_WRIS_AP01MH0004,Mopadu Dam,dam,ap_dam_barrage_state_v1,"{""origin"": ""GOVERNMENT_DERIVED_MIRROR"", ""nrld_no"": ""AP01MH0004"", ""dam_type"": ""TE"", ""age_years"": 105.0, ""gate_type"": ""OT"", ""built_year"": 1921.0, ""gate_count"": null, ""river_name"": ""Manneru"", ""dam_height_m"": 28.0, ""dam_length_m"": 2630.0, ""quality_flag"": ""SOURCE_PRESERVED"", ""seismic_zone"": ""Seismic Zone-II"", ""spillway_type"": null, ""structure_code"": ""D02184"", ""authority_level"": ""B2"", ""completion_year"": 1921.0, ""registry_status"": ""Completed"", ""spillway_level_m"": 110.15, ""commencement_year"": null, ""spillway_length_m"": 1670.0, ""dam_volume_source_value"": 401.0, ""engineering_completeness"": 0.9, ""design_flood_source_value"": 1922.0, ""engineering_fields_available"": 9.0, ""engineering_source_confidence"": 0.8, ""spillway_capacity_source_value"": 1923.0}",{},False,2026-09-03T04:52:14.819262+00:00
43,AP_DAM_WRIS_AP01HH0137,Musurumilli /Musurmilli Dam,dam,ap_dam_barrage_state_v1,"{""origin"": ""GOVERNMENT_DERIVED_MIRROR"", ""nrld_no"": ""AP01HH0137"", ""dam_type"": ""TE + PG"", ""age_years"": null, ""gate_type"": ""OT"", ""built_year"": null, ""gate_count"": 7.0, ""river_name"": ""Seethapallivagu"", ""dam_height_m"": 33.0, ""dam_length_m"": 1040.0, ""quality_flag"": ""SOURCE_PRESERVED"", ""seismic_zone"": ""Seismic Zone-II"", ""spillway_type"": ""OG"", ""structure_code"": ""D02195"", ""authority_level"": ""B2"", ""completion_year"": null, ""registry_status"": ""Under Construction"", ""spillway_level_m"": 115.5, ""commencement_year"": null, ""spillway_length_m"": 86.5, ""dam_volume_source_value"": null, ""engineering_completeness"": 0.9, ""design_flood_source_value"": 2944.0, ""engineering_fields_available"": 9.0, ""engineering_source_confidence"": 0.8, ""spillway_capacity_source_value"": 2944.0}",{},False,2026-09-03T04:52:14.819262+00:00
44,AP_DAM_WRIS_D02198,Narayanapuram Dam,dam,ap_dam_barrage_state_v1,"{""origin"": ""GOVERNMENT_DERIVED_MIRROR"", ""nrld_no"": null, ""dam_type"": null, ""age_years"": null, ""gate_type"": null, ""built_year"": null, ""gate_count"": null, ""river_name"": ""Nagavali"", ""dam_height_m"": null, ""dam_length_m"": null, ""quality_flag"": ""SOURCE_PRESERVED"", ""seismic_zone"": ""Seismic Zone-II"", ""spillway_type"": null, ""structure_code"": ""D02198"", ""authority_level"": ""B2"", ""completion_year"": null, ""registry_status"": null, ""spillway_level_m"": null, ""commencement_year"": null, ""spillway_length_m"": null, ""dam_volume_source_value"": null, ""engineering_completeness"": 0.2, ""design_flood_source_value"": null, ""engineering_fields_available"": 2.0, ""engineering_source_confidence"": 0.8, ""spillway_capacity_source_value"": null}",{},False,2026-09-03T04:52:14.819262+00:00
45,AP_DAM_WRIS_AP01MH0046,Pampa Dam,dam,ap_dam_barrage_state_v1,"{""origin"": ""GOVERNMENT_DERIVED_MIRROR"", ""nrld_no"": ""AP01MH0046"", ""dam_type"": ""TE + PG"", ""age_years"": 57.0, ""gate_type"": ""LG"", ""built_year"": 1969.0, ""gate_count"": 5.0, ""river_name"": ""Pampa"", ""dam_height_m"": 15.0, ""dam_length_m"": 1128.0, ""quality_flag"": ""SOURCE_PRESERVED"", ""seismic_zone"": ""Seismic Zone-II"", ""spillway_type"": ""OG"", ""structure_code"": ""D02204"", ""authority_level"": ""B2"", ""completion_year"": 1969.0, ""registry_status"": ""Completed"", ""spillway_level_m"": 26.82, ""commencement_year"": 1964.0, ""spillway_length_m"": null, ""dam_volume_source_value"": null, ""engineering_completeness"": 1.0, ""design_flood_source_value"": 1400.0, ""engineering_fields_available"": 10.0, ""engineering_source_confidence"": 0.8, ""spillway_capacity_source_value"": 1400.0}",{},False,2026-09-03T04:52:14.819262+00:00
46,AP_DAM_WRIS_AP01MH0140,Peddagedda Dam,dam,ap_dam_barrage_state_v1,"{""origin"": ""GOVERNMENT_DERIVED_MIRROR"", ""nrld_no"": ""AP01MH0140"", ""dam_type"": ""TE"", ""age_years"": null, ""gate_type"": ""RD"", ""built_year"": null, ""gate_count"": 3.0, ""river_name"": ""Peddagedda"", ""dam_height_m"": 24.0, ""dam_length_m"": 2430.0, ""quality_flag"": ""SOURCE_PRESERVED"", ""seismic_zone"": ""Seismic Zone-II"", ""spillway_type"": ""OG"", ""structure_code"": ""D02205"", ""authority_level"": ""B2"", ""completion_year"": null, ""registry_status"": ""Under Construction"", ""spillway_level_m"": 207.0, ""commencement_year"": null, ""spillway_length_m"": 36.0, ""dam_volume_source_value"": null, ""engineering_completeness"": 0.9, ""design_flood_source_value"": 1395.0, ""engineering_fields_available"": 9.0, ""engineering_source_confidence"": 0.8, ""spillway_capacity_source_value"": 1395.0}",{},False,2026-09-03T04:52:14.819262+00:00
47,AP_DAM_WRIS_AP01MH0016,Pincha Dam,dam,ap_dam_barrage_state_v1,"{""origin"": ""GOVERNMENT_DERIVED_MIRROR"", ""nrld_no"": ""AP01MH0016"", ""dam_type"": ""TE + PG"", ""age_years"": 66.0, ""gate_type"": ""LG"", ""built_year"": 1960.0, ""gate_count"": 3.0, ""river_name"": ""Pincha"", ""dam_height_m"": 21.0, ""dam_length_m"": 486.0, ""quality_flag"": ""SOURCE_PRESERVED"", ""seismic_zone"": ""Seismic Zone-II"", ""spillway_type"": null, ""structure_code"": ""D02216"", ""authority_level"": ""B2"", ""completion_year"": 1960.0, ""registry_status"": ""Completed"", ""spillway_level_m"": 297.26, ""commencement_year"": null, ""spillway_length_m"": null, ""dam_volume_source_value"": 150.0, ""engineering_completeness"": 1.0, ""design_flood_source_value"": 1643.0, ""engineering_fields_available"": 10.0, ""engineering_source_confidence"": 0.8, ""spillway_capacity_source_value"": 1644.0}",{},False,2026-09-03T04:52:14.819262+00:00
48,AP_DAM_WRIS_AP01MH0047,Gajuladinne (Sanjeevaiah Sagar) Dam,dam,ap_dam_barrage_state_v1,"{""origin"": ""GOVERNMENT_DERIVED_MIRROR"", ""nrld_no"": ""AP01MH0047"", ""dam_type"": ""TE"", ""age_years"": 47.0, ""gate_type"": ""LG"", ""built_year"": 1979.0, ""gate_count"": 6.0, ""river_name"": ""Handri"", ""dam_height_m"": 19.0, ""dam_length_m"": 4400.0, ""quality_flag"": ""SOURCE_PRESERVED"", ""seismic_zone"": ""Seismic Zone-II"", ""spillway_type"": ""OG"", ""structure_code"": ""D01946"", ""authority_level"": ""B2"", ""completion_year"": 1979.0, ""registry_status"": ""Completed"", ""spillway_level_m"": 371.0, ""commencement_year"": null, ""spillway_length_m"": null, ""dam_volume_source_value"": null, ""engineering_completeness"": 1.0, ""design_flood_source_value"": 2265.0, ""engineering_fields_available"": 10.0, ""engineering_source_confidence"": 0.8, ""spillway_capacity_source_value"": 2267.0}",{},False,2026-09-03T04:52:14.819262+00:00
49,AP_DAM_WRIS_AP01MH0063,Gandipalem /Pcr Gandipalem Dam,dam,ap_dam_barrage_state_v1,"{""origin"": ""GOVERNMENT_DERIVED_MIRROR"", ""nrld_no"": ""AP01MH0063"", ""dam_type"": ""TE + PG"", ""age_years"": 45.0, ""gate_type"": ""LG"", ""built_year"": 1981.0, ""gate_count"": 4.0, ""river_name"": ""Pillaperu"", ""dam_height_m"": 21.0, ""dam_length_m"": 388.0, ""quality_flag"": ""SOURCE_PRESERVED"", ""seismic_zone"": ""Seismic Zone-II"", ""spillway_type"": ""OG"", ""structure_code"": ""D01951"", ""authority_level"": ""B2"", ""completion_year"": 1981.0, ""registry_status"": ""Completed"", ""spillway_level_m"": 140.21, ""commencement_year"": null, ""spillway_length_m"": null, ""dam_volume_source_value"": 815.0, ""engineering_completeness"": 1.0, ""design_flood_source_value"": 1656.5353718, ""engineering_fields_available"": 10.0, ""engineering_source_confidence"": 0.8, ""spillway_capacity_source_value"": 1658.0}",{},False,2026-09-03T04:52:14.819262+00:00
50,AP_DAM_WRIS_AP01MH0053,Raiwada Dam,dam,ap_dam_barrage_state_v1,"{""origin"": ""GOVERNMENT_DERIVED_MIRROR"", ""nrld_no"": ""AP01MH0053"", ""dam_type"": ""TE"", ""age_years"": 45.0, ""gate_type"": ""LG"", ""built_year"": 1981.0, ""gate_count"": 10.0, ""river_name"": ""Sarada"", ""dam_height_m"": 28.0, ""dam_length_m"": 5750.0, ""quality_flag"": ""SOURCE_PRESERVED"", ""seismic_zone"": ""Seismic Zone-II"", ""spillway_type"": ""OG"", ""structure_code"": ""D02223"", ""authority_level"": ""B2"", ""completion_year"": 1981.0, ""registry_status"": ""Completed"", ""spillway_level_m"": 110.0, ""commencement_year"": null, ""spillway_length_m"": null, ""dam_volume_source_value"": 2360.0, ""engineering_completeness"": 1.0, ""design_flood_source_value"": 1897.2285455, ""engineering_fields_available"": 10.0, ""engineering_source_confidence"": 0.8, ""spillway_capacity_source_value"": 1897.0}",{},False,2026-09-03T04:52:14.819262+00:00
51,AP_DAM_WRIS_AP01LH0013,Rallapadu Dam,dam,ap_dam_barrage_state_v1,"{""origin"": ""GOVERNMENT_DERIVED_MIRROR"", ""nrld_no"": ""AP01LH0013"", ""dam_type"": ""TE"", ""age_years"": 68.0, ""gate_type"": ""RD"", ""built_year"": 1958.0, ""gate_count"": 15.0, ""river_name"": ""Manneru"", ""dam_height_m"": 13.85, ""dam_length_m"": 2951.0, ""quality_flag"": ""SOURCE_PRESERVED"", ""seismic_zone"": ""Seismic Zone-III"", ""spillway_type"": ""OG"", ""structure_code"": ""D02227"", ""authority_level"": ""B2"", ""completion_year"": 1958.0, ""registry_status"": ""Completed"", ""spillway_level_m"": 115.0, ""commencement_year"": 1950.0, ""spillway_length_m"": null, ""dam_volume_source_value"": null, ""engineering_completeness"": 1.0, ""design_flood_source_value"": 7943.1579001, ""engineering_fields_available"": 10.0, ""engineering_source_confidence"": 0.8, ""spillway_capacity_source_value"": 3426.0}",{},False,2026-09-03T04:52:14.819262+00:00
52,AP_DAM_WRIS_AP01HH0064,Jalleru Dam,dam,ap_dam_barrage_state_v1,"{""origin"": ""GOVERNMENT_DERIVED_MIRROR"", ""nrld_no"": ""AP01HH0064"", ""dam_type"": ""TE + PG"", ""age_years"": 34.0, ""gate_type"": ""RD"", ""built_year"": 1992.0, ""gate_count"": null, ""river_name"": ""Jalleru"", ""dam_height_m"": 31.42, ""dam_length_m"": 1790.0, ""quality_flag"": ""SOURCE_PRESERVED"", ""seismic_zone"": ""Seismic Zone-III"", ""spillway_type"": null, ""structure_code"": ""D01964"", ""authority_level"": ""B2"", ""completion_year"": 1992.0, ""registry_status"": ""Completed"", ""spillway_level_m"": 210.6, ""commencement_year"": null, ""spillway_length_m"": null, ""dam_volume_source_value"": 1069.0, ""engineering_completeness"": 0.9, ""design_flood_source_value"": 339.8, ""engineering_fields_available"": 9.0, ""engineering_source_confidence"": 0.8, ""spillway_capacity_source_value"": 348.0}",{},False,2026-09-03T04:52:14.819262+00:00
53,AP_DAM_WRIS_AP01HH0132,Jhanjhavathi / Janjavathi Dam,dam,ap_dam_barrage_state_v1,"{""origin"": ""GOVERNMENT_DERIVED_MIRROR"", ""nrld_no"": ""AP01HH0132"", ""dam_type"": ""TE"", ""age_years"": null, ""gate_type"": ""RD"", ""built_year"": null, ""gate_count"": 6.0, ""river_name"": ""Svarnamukhi Gomula"", ""dam_height_m"": 34.0, ""dam_length_m"": 4370.0, ""quality_flag"": ""SOURCE_PRESERVED"", ""seismic_zone"": ""Seismic Zone-II"", ""spillway_type"": null, ""structure_code"": ""D01971"", ""authority_level"": ""B2"", ""completion_year"": null, ""registry_status"": ""Completed"", ""spillway_level_m"": 135.2, ""commencement_year"": null, ""spillway_length_m"": 89.5, ""dam_volume_source_value"": 2919.0, ""engineering_completeness"": 0.9, ""design_flood_source_value"": 6200.0, ""engineering_fields_available"": 9.0, ""engineering_source_confidence"": 0.8, ""spillway_capacity_source_value"": 3398.0}",{},False,2026-09-03T04:52:14.819262+00:00
54,AP_DAM_WRIS_AP01MH0015,Kalangi Dam,dam,ap_dam_barrage_state_v1,"{""origin"": ""GOVERNMENT_DERIVED_MIRROR"", ""nrld_no"": ""AP01MH0015"", ""dam_type"": ""TE"", ""age_years"": 66.0, ""gate_type"": ""RD"", ""built_year"": 1960.0, ""gate_count"": 3.0, ""river_name"": ""Kalangi"", ""dam_height_m"": 18.0, ""dam_length_m"": 3977.0, ""quality_flag"": ""SOURCE_PRESERVED"", ""seismic_zone"": ""Seismic Zone-III"", ""spillway_type"": null, ""structure_code"": ""D01989"", ""authority_level"": ""B2"", ""completion_year"": 1960.0, ""registry_status"": ""Completed"", ""spillway_level_m"": null, ""commencement_year"": null, ""spillway_length_m"": 506.0, ""dam_volume_source_value"": null, ""engineering_completeness"": 0.9, ""design_flood_source_value"": 1387.5253542, ""engineering_fields_available"": 9.0, ""engineering_source_confidence"": 0.8, ""spillway_capacity_source_value"": 1389.0}","{""manual_daily_reservoir_storage_mcm"": {""max"": 10.08, ""min"": 0.0, ""std"": 1.8597833799288694, ""mean"": 1.4490476241080918, ""count"": 6587, ""latest"": 0.2632, ""latest_zscore"": -0.6376267456231631, ""freshness_days"": 702.8696142734259}, ""manual_daily_reservoir_water_level_m"": {""max"": 88.6968, ""min"": 0.0, ""std"": 21.587384221133497, ""mean"": 55.11904949320241, ""count"": 6620, ""latest"": 64.251841, ""latest_zscore"": 0.42306151654339014, ""freshness_days"": 520.8696142734259}}",True,2026-09-03T04:52:14.819262+00:00
55,AP_DAM_WRIS_AP01MH0056,Konam Dam,dam,ap_dam_barrage_state_v1,"{""origin"": ""GOVERNMENT_DERIVED_MIRROR"", ""nrld_no"": ""AP01MH0056"", ""dam_type"": ""TE"", ""age_years"": 46.0, ""gate_type"": ""LG"", ""built_year"": 1980.0, ""gate_count"": 3.0, ""river_name"": ""Pedol"", ""dam_height_m"": 23.0, ""dam_length_m"": 339.0, ""quality_flag"": ""SOURCE_PRESERVED"", ""seismic_zone"": ""Seismic Zone-II"", ""spillway_type"": ""OG"", ""structure_code"": ""D02025"", ""authority_level"": ""B2"", ""completion_year"": 1980.0, ""registry_status"": ""Completed"", ""spillway_level_m"": 95.25, ""commencement_year"": null, ""spillway_length_m"": 296.0, ""dam_volume_source_value"": 267.0, ""engineering_completeness"": 1.0, ""design_flood_source_value"": 1245.9411344, ""engineering_fields_available"": 10.0, ""engineering_source_confidence"": 0.8, ""spillway_capacity_source_value"": 1260.0}",{},False,2026-09-03T04:52:14.819262+00:00
56,AP_DAM_WRIS_D02041,Kovvadakalva Dam,dam,ap_dam_barrage_state_v1,"{""origin"": ""GOVERNMENT_DERIVED_MIRROR"", ""nrld_no"": null, ""dam_type"": ""TE"", ""age_years"": 22.0, ""gate_type"": ""RD"", ""built_year"": 2004.0, ""gate_count"": 3.0, ""river_name"": ""Kovvada kalva"", ""dam_height_m"": 22.04, ""dam_length_m"": 1630.0, ""quality_flag"": ""SOURCE_PRESERVED"", ""seismic_zone"": ""Seismic Zone-III"", ""spillway_type"": null, ""structure_code"": ""D02041"", ""authority_level"": ""B2"", ""completion_year"": 2004.0, ""registry_status"": ""Completed"", ""spillway_level_m"": 84.5, ""commencement_year"": null, ""spillway_length_m"": 35.5, ""dam_volume_source_value"": null, ""engineering_completeness"": 1.0, ""design_flood_source_value"": 17.84810675, ""engineering_fields_available"": 10.0, ""engineering_source_confidence"": 0.8, ""spillway_capacity_source_value"": 630.0}",{},False,2026-09-03T04:52:14.819262+00:00
57,AP_DAM_WRIS_AP01MH0052,Krishnapuram (Chittor) Dam,dam,ap_dam_barrage_state_v1,"{""origin"": ""GOVERNMENT_DERIVED_MIRROR"", ""nrld_no"": ""AP01MH0052"", ""dam_type"": ""TE"", ""age_years"": 45.0, ""gate_type"": ""LG"", ""built_year"": 1981.0, ""gate_count"": 3.0, ""river_name"": ""Kaulasthali"", ""dam_height_m"": 21.0, ""dam_length_m"": 488.0, ""quality_flag"": ""SOURCE_PRESERVED"", ""seismic_zone"": ""Seismic Zone-III"", ""spillway_type"": ""OG"", ""structure_code"": ""D02050"", ""authority_level"": ""B2"", ""completion_year"": 1981.0, ""registry_status"": ""Completed"", ""spillway_level_m"": 207.0, ""commencement_year"": null, ""spillway_length_m"": null, ""dam_volume_source_value"": 380.0, ""engineering_completeness"": 1.0, ""design_flood_source_value"": 1069.0, ""engineering_fields_available"": 10.0, ""engineering_source_confidence"": 0.8, ""spillway_capacity_source_value"": 1077.0}",{},False,2026-09-03T04:52:14.819262+00:00
58,AP_DAM_WRIS_D02086,Lower Sagileru Dam,dam,ap_dam_barrage_state_v1,"{""origin"": ""GOVERNMENT_DERIVED_MIRROR"", ""nrld_no"": null, ""dam_type"": ""TE"", ""age_years"": 67.0, ""gate_type"": ""LG"", ""built_year"": 1959.0, ""gate_count"": 5.0, ""river_name"": ""Sagileru"", ""dam_height_m"": 22.91, ""dam_length_m"": 1905.0, ""quality_flag"": ""SOURCE_PRESERVED"", ""seismic_zone"": ""Seismic Zone-II"", ""spillway_type"": ""OG"", ""structure_code"": ""D02086"", ""authority_level"": ""B2"", ""completion_year"": 1959.0, ""registry_status"": ""Completed"", ""spillway_level_m"": 151.49, ""commencement_year"": null, ""spillway_length_m"": 70.7, ""dam_volume_source_value"": null, ""engineering_completeness"": 0.9, ""design_flood_source_value"": 123.46143968, ""engineering_fields_available"": 9.0, ""engineering_source_confidence"": 0.8, ""spillway_capacity_source_value"": null}",{},False,2026-09-03T04:52:14.819262+00:00
59,AP_DAM_WRIS_AP01MH0078,Maddigedda Dam,dam,ap_dam_barrage_state_v1,"{""origin"": ""GOVERNMENT_DERIVED_MIRROR"", ""nrld_no"": ""AP01MH0078"", ""dam_type"": ""TE"", ""age_years"": 45.0, ""gate_type"": ""LG"", ""built_year"": 1981.0, ""gate_count"": 4.0, ""river_name"": ""Janjhavathi"", ""dam_height_m"": 27.0, ""dam_length_m"": 862.0, ""quality_flag"": ""SOURCE_PRESERVED"", ""seismic_zone"": ""Seismic Zone-II"", ""spillway_type"": null, ""structure_code"": ""D02109"", ""authority_level"": ""B2"", ""completion_year"": 1981.0, ""registry_status"": ""Completed"", ""spillway_level_m"": 183.5, ""commencement_year"": null, ""spillway_length_m"": null, ""dam_volume_source_value"": 526.0, ""engineering_completeness"": 1.0, ""design_flood_source_value"": 962.77269475, ""engineering_fields_available"": 10.0, ""engineering_source_confidence"": 0.8, ""spillway_capacity_source_value"": 969.0}",{},False,2026-09-03T04:52:14.819262+00:00
60,AP_DAM_WRIS_AP01MH0075,Madduvalasa Dam,dam,ap_dam_barrage_state_v1,"{""origin"": ""GOVERNMENT_DERIVED_MIRROR"", ""nrld_no"": ""AP01MH0075"", ""dam_type"": ""TE"", ""age_years"": 24.0, ""gate_type"": ""RD"", ""built_year"": 2002.0, ""gate_count"": 11.0, ""river_name"": ""Maddigedda/Suvarnamukhi tributary of Nagavali"", ""dam_height_m"": 16.0, ""dam_length_m"": 2320.0, ""quality_flag"": ""SOURCE_PRESERVED"", ""seismic_zone"": ""Seismic Zone-II"", ""spillway_type"": ""OG"", ""structure_code"": ""D02113"", ""authority_level"": ""B2"", ""completion_year"": 2002.0, ""registry_status"": ""Completed"", ""spillway_level_m"": 57.37, ""commencement_year"": null, ""spillway_length_m"": 159.5, ""dam_volume_source_value"": 867.0, ""engineering_completeness"": 1.0, ""design_flood_source_value"": 5590.0, ""engineering_fields_available"": 10.0, ""engineering_source_confidence"": 0.8, ""spillway_capacity_source_value"": 5595.0}",{},False,2026-09-03T04:52:14.819262+00:00
61,AP_DAM_WRIS_AP01MH0017,Siddalagandi Dam,dam,ap_dam_barrage_state_v1,"{""origin"": ""GOVERNMENT_DERIVED_MIRROR"", ""nrld_no"": ""AP01MH0017"", ""dam_type"": ""TE"", ""age_years"": 67.0, ""gate_type"": ""UG"", ""built_year"": 1959.0, ""gate_count"": null, ""river_name"": ""Talakona"", ""dam_height_m"": 12.0, ""dam_length_m"": 1795.0, ""quality_flag"": ""SOURCE_PRESERVED"", ""seismic_zone"": ""Seismic Zone-III"", ""spillway_type"": null, ""structure_code"": ""D02244"", ""authority_level"": ""B2"", ""completion_year"": 1959.0, ""registry_status"": ""Completed"", ""spillway_level_m"": null, ""commencement_year"": null, ""spillway_length_m"": null, ""dam_volume_source_value"": null, ""engineering_completeness"": 0.8, ""design_flood_source_value"": 66.601217001, ""engineering_fields_available"": 8.0, ""engineering_source_confidence"": 0.8, ""spillway_capacity_source_value"": 67.0}",{},False,2026-09-03T04:52:14.819262+00:00
62,AP_DAM_WRIS_D02269,Surampalem Dam,dam,ap_dam_barrage_state_v1,"{""origin"": ""GOVERNMENT_DERIVED_MIRROR"", ""nrld_no"": null, ""dam_type"": null, ""age_years"": null, ""gate_type"": null, ""built_year"": null, ""gate_count"": null, ""river_name"": ""Burada Kalva"", ""dam_height_m"": null, ""dam_length_m"": null, ""quality_flag"": ""SOURCE_PRESERVED"", ""seismic_zone"": ""Seismic Zone-II"", ""spillway_type"": null, ""structure_code"": ""D02269"", ""authority_level"": ""B2"", ""completion_year"": null, ""registry_status"": ""Completed"", ""spillway_level_m"": null, ""commencement_year"": null, ""spillway_length_m"": null, ""dam_volume_source_value"": null, ""engineering_completeness"": 0.2, ""design_flood_source_value"": null, ""engineering_fields_available"": 2.0, ""engineering_source_confidence"": 0.8, ""spillway_capacity_source_value"": null}",{},False,2026-09-03T04:52:14.819262+00:00
63,AP_DAM_WRIS_D02317,Kumili Dam,dam,ap_dam_barrage_state_v1,"{""origin"": ""GOVERNMENT_DERIVED_MIRROR"", ""nrld_no"": null, ""dam_type"": null, ""age_years"": null, ""gate_type"": ""RD"", ""built_year"": null, ""gate_count"": 4.0, ""river_name"": ""Champavathi"", ""dam_height_m"": null, ""dam_length_m"": 8450.0, ""quality_flag"": ""SOURCE_PRESERVED"", ""seismic_zone"": ""Seismic Zone-II"", ""spillway_type"": ""OG"", ""structure_code"": ""D02317"", ""authority_level"": ""B2"", ""completion_year"": null, ""registry_status"": null, ""spillway_level_m"": null, ""commencement_year"": null, ""spillway_length_m"": null, ""dam_volume_source_value"": null, ""engineering_completeness"": 0.4, ""design_flood_source_value"": null, ""engineering_fields_available"": 4.0, ""engineering_source_confidence"": 0.8, ""spillway_capacity_source_value"": null}",{},False,2026-09-03T04:52:14.819262+00:00
64,AP_DAM_WRIS_AP01MH0065,Thammileru Dam,dam,ap_dam_barrage_state_v1,"{""origin"": ""GOVERNMENT_DERIVED_MIRROR"", ""nrld_no"": ""AP01MH0065"", ""dam_type"": ""TE"", ""age_years"": 46.0, ""gate_type"": ""LG"", ""built_year"": 1980.0, ""gate_count"": 3.0, ""river_name"": ""Thammileru"", ""dam_height_m"": 23.25, ""dam_length_m"": 6400.0, ""quality_flag"": ""SOURCE_PRESERVED"", ""seismic_zone"": ""Seismic Zone-III"", ""spillway_type"": ""OG"", ""structure_code"": ""D02325"", ""authority_level"": ""B2"", ""completion_year"": 1980.0, ""registry_status"": ""Completed"", ""spillway_level_m"": 103.63231256, ""commencement_year"": 1969.0, ""spillway_length_m"": null, ""dam_volume_source_value"": 2549.0, ""engineering_completeness"": 1.0, ""design_flood_source_value"": 736.23794304, ""engineering_fields_available"": 10.0, ""engineering_source_confidence"": 0.8, ""spillway_capacity_source_value"": 736.0}",{},False,2026-09-03T04:52:14.819262+00:00
65,AP_DAM_WRIS_AP01HH0043,Thandava(Sri Raja Sagi Suryanarayana Raju (Srssr) Dam,dam,ap_dam_barrage_state_v1,"{""origin"": ""GOVERNMENT_DERIVED_MIRROR"", ""nrld_no"": ""AP01HH0043"", ""dam_type"": ""TE"", ""age_years"": 52.0, ""gate_type"": ""LG"", ""built_year"": 1974.0, ""gate_count"": 4.0, ""river_name"": ""Thandava"", ""dam_height_m"": 32.7, ""dam_length_m"": 201.0, ""quality_flag"": ""SOURCE_PRESERVED"", ""seismic_zone"": ""Seismic Zone-II"", ""spillway_type"": ""OG"", ""structure_code"": ""D02341"", ""authority_level"": ""B2"", ""completion_year"": 1974.0, ""registry_status"": ""Completed"", ""spillway_level_m"": 111.37, ""commencement_year"": null, ""spillway_length_m"": null, ""dam_volume_source_value"": 199.0, ""engineering_completeness"": 1.0, ""design_flood_source_value"": 2124.0, ""engineering_fields_available"": 10.0, ""engineering_source_confidence"": 0.8, ""spillway_capacity_source_value"": 1218.0}",{},False,2026-09-03T04:52:14.819262+00:00
66,AP_DAM_WRIS_AP01HH0024,Thatipudi Dam,dam,ap_dam_barrage_state_v1,"{""origin"": ""GOVERNMENT_DERIVED_MIRROR"", ""nrld_no"": ""AP01HH0024"", ""dam_type"": ""TE + PG"", ""age_years"": 58.0, ""gate_type"": ""LG"", ""built_year"": 1968.0, ""gate_count"": 4.0, ""river_name"": ""Gosthani"", ""dam_height_m"": 37.0, ""dam_length_m"": 585.0, ""quality_flag"": ""SOURCE_PRESERVED"", ""seismic_zone"": ""Seismic Zone-II"", ""spillway_type"": null, ""structure_code"": ""D02344"", ""authority_level"": ""B2"", ""completion_year"": 1968.0, ""registry_status"": ""Completed"", ""spillway_level_m"": 84.43, ""commencement_year"": null, ""spillway_length_m"": null, ""dam_volume_source_value"": null, ""engineering_completeness"": 1.0, ""design_flood_source_value"": 1401.6837762, ""engineering_fields_available"": 10.0, ""engineering_source_confidence"": 0.8, ""spillway_capacity_source_value"": 1513.0}",{},False,2026-09-03T04:52:14.819262+00:00
67,AP_DAM_WRIS_AP01MH0148,Varadaraja Swamy Gudi Dam,dam,ap_dam_barrage_state_v1,"{""origin"": ""GOVERNMENT_DERIVED_MIRROR"", ""nrld_no"": ""AP01MH0148"", ""dam_type"": ""TE"", ""age_years"": 26.0, ""gate_type"": ""RD"", ""built_year"": 2000.0, ""gate_count"": 4.0, ""river_name"": ""Munimadugulavagu"", ""dam_height_m"": 22.0, ""dam_length_m"": 588.0, ""quality_flag"": ""SOURCE_PRESERVED"", ""seismic_zone"": ""Seismic Zone-II"", ""spillway_type"": ""OG"", ""structure_code"": ""D02376"", ""authority_level"": ""B2"", ""completion_year"": 2000.0, ""registry_status"": ""Completed"", ""spillway_level_m"": 363.9, ""commencement_year"": null, ""spillway_length_m"": null, ""dam_volume_source_value"": null, ""engineering_completeness"": 1.0, ""design_flood_source_value"": 1025.0697515, ""engineering_fields_available"": 10.0, ""engineering_source_confidence"": 0.8, ""spillway_capacity_source_value"": 1025.0}",{},False,2026-09-03T04:52:14.819262+00:00
68,AP_DAM_WRIS_AP01MH0039,Varaha Dam,dam,ap_dam_barrage_state_v1,"{""origin"": ""GOVERNMENT_DERIVED_MIRROR"", ""nrld_no"": ""AP01MH0039"", ""dam_type"": ""TE"", ""age_years"": 51.0, ""gate_type"": null, ""built_year"": 1975.0, ""gate_count"": 6.0, ""river_name"": ""Varaha"", ""dam_height_m"": 25.0, ""dam_length_m"": 1652.0, ""quality_flag"": ""SOURCE_PRESERVED"", ""seismic_zone"": ""Seismic Zone-II"", ""spillway_type"": null, ""structure_code"": ""D02383"", ""authority_level"": ""B2"", ""completion_year"": 1975.0, ""registry_status"": ""Completed"", ""spillway_level_m"": 138.329, ""commencement_year"": null, ""spillway_length_m"": null, ""dam_volume_source_value"": 1019.0, ""engineering_completeness"": 1.0, ""design_flood_source_value"": 523.29527644, ""engineering_fields_available"": 10.0, ""engineering_source_confidence"": 0.8, ""spillway_capacity_source_value"": 523.0}",{},False,2026-09-03T04:52:14.819262+00:00
69,AP_DAM_WRIS_AP01HH0081,Veligallu Dam,dam,ap_dam_barrage_state_v1,"{""origin"": ""GOVERNMENT_DERIVED_MIRROR"", ""nrld_no"": ""AP01HH0081"", ""dam_type"": ""PG"", ""age_years"": null, ""gate_type"": ""RD"", ""built_year"": null, ""gate_count"": 4.0, ""river_name"": ""Papagni"", ""dam_height_m"": 45.0, ""dam_length_m"": 810.0, ""quality_flag"": ""SOURCE_PRESERVED"", ""seismic_zone"": ""Seismic Zone-II"", ""spillway_type"": ""OG"", ""structure_code"": ""D02492"", ""authority_level"": ""B2"", ""completion_year"": null, ""registry_status"": ""Completed"", ""spillway_level_m"": 408.0, ""commencement_year"": null, ""spillway_length_m"": 72.0, ""dam_volume_source_value"": null, ""engineering_completeness"": 0.9, ""design_flood_source_value"": 4273.0, ""engineering_fields_available"": 9.0, ""engineering_source_confidence"": 0.8, ""spillway_capacity_source_value"": 4361.0}",{},False,2026-09-03T04:52:14.819262+00:00
70,AP_DAM_WRIS_AP01MH0069,Vengalaraya Sagar Dam,dam,ap_dam_barrage_state_v1,"{""origin"": ""GOVERNMENT_DERIVED_MIRROR"", ""nrld_no"": ""AP01MH0069"", ""dam_type"": ""TE"", ""age_years"": 38.0, ""gate_type"": ""RD"", ""built_year"": 1988.0, ""gate_count"": 4.0, ""river_name"": ""Suvrnamukhi"", ""dam_height_m"": 21.0, ""dam_length_m"": 1765.0, ""quality_flag"": ""SOURCE_PRESERVED"", ""seismic_zone"": ""Seismic Zone-II"", ""spillway_type"": ""OG"", ""structure_code"": ""D02497"", ""authority_level"": ""B2"", ""completion_year"": 1988.0, ""registry_status"": ""Completed"", ""spillway_level_m"": 155.0, ""commencement_year"": null, ""spillway_length_m"": null, ""dam_volume_source_value"": 2707.0, ""engineering_completeness"": 1.0, ""design_flood_source_value"": 1416.0, ""engineering_fields_available"": 10.0, ""engineering_source_confidence"": 0.8, ""spillway_capacity_source_value"": 2455.0}",{},False,2026-09-03T04:52:14.819262+00:00
71,AP_DAM_WRIS_AP01MH0030,Vottigadda Dam,dam,ap_dam_barrage_state_v1,"{""origin"": ""GOVERNMENT_DERIVED_MIRROR"", ""nrld_no"": ""AP01MH0030"", ""dam_type"": ""TE"", ""age_years"": 50.0, ""gate_type"": ""LG"", ""built_year"": 1976.0, ""gate_count"": 4.0, ""river_name"": ""Nagavalli"", ""dam_height_m"": 27.0, ""dam_length_m"": 2152.0, ""quality_flag"": ""SOURCE_PRESERVED"", ""seismic_zone"": ""Seismic Zone-II"", ""spillway_type"": ""OG"", ""structure_code"": ""D02508"", ""authority_level"": ""B2"", ""completion_year"": 1976.0, ""registry_status"": ""Completed"", ""spillway_level_m"": 115.52, ""commencement_year"": 1963.0, ""spillway_length_m"": null, ""dam_volume_source_value"": 301.0, ""engineering_completeness"": 1.0, ""design_flood_source_value"": 1507.5887726, ""engineering_fields_available"": 10.0, ""engineering_source_confidence"": 0.8, ""spillway_capacity_source_value"": 1509.0}",{},False,2026-09-03T04:52:14.819262+00:00
72,AP_DAM_WRIS_AP01MH0076,Yerrakalva Dam,dam,ap_dam_barrage_state_v1,"{""origin"": ""GOVERNMENT_DERIVED_MIRROR"", ""nrld_no"": ""AP01MH0076"", ""dam_type"": ""TE"", ""age_years"": 38.0, ""gate_type"": ""LG"", ""built_year"": 1988.0, ""gate_count"": 4.0, ""river_name"": ""Yerrakalva"", ""dam_height_m"": 19.79, ""dam_length_m"": 2700.0, ""quality_flag"": ""SOURCE_PRESERVED"", ""seismic_zone"": ""Seismic Zone-III"", ""spillway_type"": ""OT"", ""structure_code"": ""D02647"", ""authority_level"": ""B2"", ""completion_year"": 1988.0, ""registry_status"": ""Completed"", ""spillway_level_m"": 78.5, ""commencement_year"": null, ""spillway_length_m"": null, ""dam_volume_source_value"": 1500.0, ""engineering_completeness"": 1.0, ""design_flood_source_value"": 1370.5352478, ""engineering_fields_available"": 10.0, ""engineering_source_confidence"": 0.8, ""spillway_capacity_source_value"": 1371.0}",{},False,2026-09-03T04:52:14.819262+00:00
73,AP_DAM_WRIS_AP01MH0074,Yogivemana Dam,dam,ap_dam_barrage_state_v1,"{""origin"": ""GOVERNMENT_DERIVED_MIRROR"", ""nrld_no"": ""AP01MH0074"", ""dam_type"": ""TE + PG"", ""age_years"": 25.0, ""gate_type"": ""RD"", ""built_year"": 2001.0, ""gate_count"": 11.0, ""river_name"": ""Maddeleru River"", ""dam_height_m"": 29.46, ""dam_length_m"": 570.0, ""quality_flag"": ""SOURCE_PRESERVED"", ""seismic_zone"": ""Seismic Zone-II"", ""spillway_type"": ""OG"", ""structure_code"": ""D02659"", ""authority_level"": ""B2"", ""completion_year"": 2001.0, ""registry_status"": ""Completed"", ""spillway_level_m"": 377.0, ""commencement_year"": 1991.0, ""spillway_length_m"": null, ""dam_volume_source_value"": null, ""engineering_completeness"": 1.0, ""design_flood_source_value"": 100.38321185, ""engineering_fields_available"": 10.0, ""engineering_source_confidence"": 0.8, ""spillway_capacity_source_value"": 3545.0}","{""manual_daily_reservoir_storage_mcm"": {""max"": 23.156, ""min"": 4.172, ""std"": 4.547812460941936, ""mean"": 12.2736069241012, ""count"": 2253, ""latest"": 7.0, ""latest_zscore"": -1.1595919949190119, ""freshness_days"": 94.86961427342592}, ""manual_daily_reservoir_water_level_m"": {""max"": 536.441898, ""min"": 0.0, ""std"": 89.20717540514809, ""mean"": 357.4580031264417, ""count"": 2341, ""latest"": 376.790694, ""latest_zscore"": 0.21671676953962352, ""freshness_days"": 94.86961427342592}}",True,2026-09-03T04:52:14.819262+00:00
74,AP_DAM_WRIS_AP01MH0022,Zurreru Dam,dam,ap_dam_barrage_state_v1,"{""origin"": ""GOVERNMENT_DERIVED_MIRROR"", ""nrld_no"": ""AP01MH0022"", ""dam_type"": ""TE"", ""age_years"": 63.0, ""gate_type"": ""OT"", ""built_year"": 1963.0, ""gate_count"": 2.0, ""river_name"": ""Zurreru"", ""dam_height_m"": 16.0, ""dam_length_m"": 677.0, ""quality_flag"": ""SOURCE_PRESERVED"", ""seismic_zone"": ""Seismic Zone-II"", ""spillway_type"": null, ""structure_code"": ""D02661"", ""authority_level"": ""B2"", ""completion_year"": 1963.0, ""registry_status"": ""Completed"", ""spillway_level_m"": null, ""commencement_year"": null, ""spillway_length_m"": null, ""dam_volume_source_value"": 199.0, ""engineering_completeness"": 0.9, ""design_flood_source_value"": 589.83985975, ""engineering_fields_available"": 9.0, ""engineering_source_confidence"": 0.8, ""spillway_capacity_source_value"": 649.0}","{""manual_daily_reservoir_storage_mcm"": {""max"": 7.448, ""min"": 0.0, ""std"": 2.4012430544840773, ""mean"": 3.1937922960725076, ""count"": 2648, ""latest"": 1.6968, ""latest_zscore"": -0.6234238942521985, ""freshness_days"": 945.8696142734259}, ""manual_daily_reservoir_water_level_m"": {""max"": 2599.944, ""min"": 0.0, ""std"": 335.7174309691338, ""mean"": 391.4596675185857, ""count"": 4412, ""latest"": 258.561836, ""latest_zscore"": -0.39586217234816284, ""freshness_days"": 945.8696142734259}}",True,2026-09-03T04:52:14.819262+00:00
75,AP_DAM_WRIS_D02672,Ghambiramgedda Dam,dam,ap_dam_barrage_state_v1,"{""origin"": ""GOVERNMENT_DERIVED_MIRROR"", ""nrld_no"": null, ""dam_type"": ""TE"", ""age_years"": 69.0, ""gate_type"": null, ""built_year"": 1957.0, ""gate_count"": null, ""river_name"": ""Gambhiramgedda"", ""dam_height_m"": 13.0, ""dam_length_m"": 369.0, ""quality_flag"": ""SOURCE_PRESERVED"", ""seismic_zone"": ""Seismic Zone-II"", ""spillway_type"": null, ""structure_code"": ""D02672"", ""authority_level"": ""B2"", ""completion_year"": 1957.0, ""registry_status"": ""Completed"", ""spillway_level_m"": 37.49051307, ""commencement_year"": null, ""spillway_length_m"": null, ""dam_volume_source_value"": 173.0, ""engineering_completeness"": 0.9, ""design_flood_source_value"": 549.34677289, ""engineering_fields_available"": 9.0, ""engineering_source_confidence"": 0.8, ""spillway_capacity_source_value"": 550.0}",{},False,2026-09-03T04:52:14.819262+00:00
76,AP_DAM_WRIS_AP01MH0010,Nakkalagandi Dam,dam,ap_dam_barrage_state_v1,"{""origin"": ""GOVERNMENT_DERIVED_MIRROR"", ""nrld_no"": ""AP01MH0010"", ""dam_type"": ""TE"", ""age_years"": 68.0, ""gate_type"": null, ""built_year"": 1958.0, ""gate_count"": null, ""river_name"": ""Uppuvagu"", ""dam_height_m"": 15.0, ""dam_length_m"": 354.0, ""quality_flag"": ""SOURCE_PRESERVED"", ""seismic_zone"": ""Seismic Zone-II"", ""spillway_type"": null, ""structure_code"": ""D03220"", ""authority_level"": ""B2"", ""completion_year"": 1958.0, ""registry_status"": ""Completed"", ""spillway_level_m"": 113.39, ""commencement_year"": null, ""spillway_length_m"": null, ""dam_volume_source_value"": 875.0, ""engineering_completeness"": 0.9, ""design_flood_source_value"": 934.56, ""engineering_fields_available"": 9.0, ""engineering_source_confidence"": 0.8, ""spillway_capacity_source_value"": 340.0}",{},False,2026-09-03T04:52:14.819262+00:00
77,AP_DAM_WRIS_D03507,Gundlamotu Dam,dam,ap_dam_barrage_state_v1,"{""origin"": ""GOVERNMENT_DERIVED_MIRROR"", ""nrld_no"": null, ""dam_type"": ""TE"", ""age_years"": null, ""gate_type"": ""OT"", ""built_year"": null, ""gate_count"": null, ""river_name"": null, ""dam_height_m"": 16.0, ""dam_length_m"": 605.0, ""quality_flag"": ""SOURCE_PRESERVED"", ""seismic_zone"": ""Seismic Zone-II"", ""spillway_type"": null, ""structure_code"": ""D03507"", ""authority_level"": ""B2"", ""completion_year"": null, ""registry_status"": null, ""spillway_level_m"": null, ""commencement_year"": null, ""spillway_length_m"": null, ""dam_volume_source_value"": null, ""engineering_completeness"": 0.5, ""design_flood_source_value"": null, ""engineering_fields_available"": 5.0, ""engineering_source_confidence"": 0.8, ""spillway_capacity_source_value"": 652.0}",{},False,2026-09-03T04:52:14.819262+00:00
78,AP_DAM_WRIS_AP01LH0096,Haresamudram Big Dam,dam,ap_dam_barrage_state_v1,"{""origin"": ""GOVERNMENT_DERIVED_MIRROR"", ""nrld_no"": ""AP01LH0096"", ""dam_type"": ""TE"", ""age_years"": null, ""gate_type"": ""LG"", ""built_year"": null, ""gate_count"": null, ""river_name"": null, ""dam_height_m"": 10.0, ""dam_length_m"": 1264.0, ""quality_flag"": ""SOURCE_PRESERVED"", ""seismic_zone"": ""Seismic Zone-II"", ""spillway_type"": null, ""structure_code"": ""D03517"", ""authority_level"": ""B2"", ""completion_year"": null, ""registry_status"": null, ""spillway_level_m"": null, ""commencement_year"": null, ""spillway_length_m"": null, ""dam_volume_source_value"": null, ""engineering_completeness"": 0.5, ""design_flood_source_value"": null, ""engineering_fields_available"": 5.0, ""engineering_source_confidence"": 0.8, ""spillway_capacity_source_value"": 206.0}",{},False,2026-09-03T04:52:14.819262+00:00
79,AP_DAM_WRIS_AP01_0131,Hiramandalam Dam,dam,ap_dam_barrage_state_v1,"{""origin"": ""GOVERNMENT_DERIVED_MIRROR"", ""nrld_no"": ""AP01**0131"", ""dam_type"": ""TE + PG"", ""age_years"": null, ""gate_type"": null, ""built_year"": null, ""gate_count"": null, ""river_name"": ""Vamsadhara"", ""dam_height_m"": null, ""dam_length_m"": 200.0, ""quality_flag"": ""SOURCE_PRESERVED"", ""seismic_zone"": ""Seismic Zone-II"", ""spillway_type"": null, ""structure_code"": ""D03520"", ""authority_level"": ""B2"", ""completion_year"": null, ""registry_status"": ""Under Construction"", ""spillway_level_m"": null, ""commencement_year"": null, ""spillway_length_m"": null, ""dam_volume_source_value"": null, ""engineering_completeness"": 0.5, ""design_flood_source_value"": null, ""engineering_fields_available"": 5.0, ""engineering_source_confidence"": 0.8, ""spillway_capacity_source_value"": 667.0}",{},False,2026-09-03T04:52:14.819262+00:00
80,AP_DAM_WRIS_AP01LH0051,Jalakanur Dam,dam,ap_dam_barrage_state_v1,"{""origin"": ""GOVERNMENT_DERIVED_MIRROR"", ""nrld_no"": ""AP01LH0051"", ""dam_type"": ""TE"", ""age_years"": 45.0, ""gate_type"": null, ""built_year"": 1981.0, ""gate_count"": null, ""river_name"": ""Bodivagu"", ""dam_height_m"": 10.51, ""dam_length_m"": 7200.0, ""quality_flag"": ""SOURCE_PRESERVED"", ""seismic_zone"": ""Seismic Zone-II"", ""spillway_type"": null, ""structure_code"": ""D03566"", ""authority_level"": ""B2"", ""completion_year"": 1981.0, ""registry_status"": ""Completed"", ""spillway_level_m"": null, ""commencement_year"": null, ""spillway_length_m"": null, ""dam_volume_source_value"": null, ""engineering_completeness"": 0.7, ""design_flood_source_value"": null, ""engineering_fields_available"": 7.0, ""engineering_source_confidence"": 0.8, ""spillway_capacity_source_value"": 362.0}",{},False,2026-09-03T04:52:14.819262+00:00
81,AP_DAM_WRIS_AP01LH0084,Akkapalem Dam,dam,ap_dam_barrage_state_v1,"{""origin"": ""GOVERNMENT_DERIVED_MIRROR"", ""nrld_no"": ""AP01LH0084"", ""dam_type"": ""TE"", ""age_years"": null, ""gate_type"": null, ""built_year"": null, ""gate_count"": null, ""river_name"": null, ""dam_height_m"": 11.1, ""dam_length_m"": 433.0, ""quality_flag"": ""SOURCE_PRESERVED"", ""seismic_zone"": ""Seismic Zone-III"", ""spillway_type"": null, ""structure_code"": ""D03322"", ""authority_level"": ""B2"", ""completion_year"": null, ""registry_status"": null, ""spillway_level_m"": null, ""commencement_year"": null, ""spillway_length_m"": null, ""dam_volume_source_value"": null, ""engineering_completeness"": 0.4, ""design_flood_source_value"": null, ""engineering_fields_available"": 4.0, ""engineering_source_confidence"": 0.8, ""spillway_capacity_source_value"": null}",{},False,2026-09-03T04:52:14.819262+00:00
82,AP_DAM_WRIS_AP01LH0085,Ananthasagarm Dam,dam,ap_dam_barrage_state_v1,"{""origin"": ""GOVERNMENT_DERIVED_MIRROR"", ""nrld_no"": ""AP01LH0085"", ""dam_type"": ""TE"", ""age_years"": null, ""gate_type"": null, ""built_year"": null, ""gate_count"": null, ""river_name"": ""Pennar"", ""dam_height_m"": 14.0, ""dam_length_m"": 3500.0, ""quality_flag"": ""SOURCE_PRESERVED"", ""seismic_zone"": ""Seismic Zone-II"", ""spillway_type"": null, ""structure_code"": ""D03338"", ""authority_level"": ""B2"", ""completion_year"": null, ""registry_status"": null, ""spillway_level_m"": null, ""commencement_year"": null, ""spillway_length_m"": null, ""dam_volume_source_value"": null, ""engineering_completeness"": 0.6, ""design_flood_source_value"": null, ""engineering_fields_available"": 6.0, ""engineering_source_confidence"": 0.8, ""spillway_capacity_source_value"": 339.0}",{},False,2026-09-03T04:52:14.819262+00:00
83,AP_DAM_WRIS_AP01HH0019,Buggavagu Dam,dam,ap_dam_barrage_state_v1,"{""origin"": ""GOVERNMENT_DERIVED_MIRROR"", ""nrld_no"": ""AP01HH0019"", ""dam_type"": ""TE"", ""age_years"": 65.0, ""gate_type"": ""OT"", ""built_year"": 1961.0, ""gate_count"": 9.0, ""river_name"": ""Buggavagu"", ""dam_height_m"": 31.0, ""dam_length_m"": 2576.0, ""quality_flag"": ""SOURCE_PRESERVED"", ""seismic_zone"": ""Seismic Zone-II"", ""spillway_type"": null, ""structure_code"": ""D03378"", ""authority_level"": ""B2"", ""completion_year"": 1961.0, ""registry_status"": ""Completed"", ""spillway_level_m"": null, ""commencement_year"": null, ""spillway_length_m"": null, ""dam_volume_source_value"": 1983.0, ""engineering_completeness"": 0.8, ""design_flood_source_value"": null, ""engineering_fields_available"": 8.0, ""engineering_source_confidence"": 0.8, ""spillway_capacity_source_value"": 567.0}",{},False,2026-09-03T04:52:14.819262+00:00
84,AP_DAM_WRIS_AP01LH0034,Bukkapatnam Dam,dam,ap_dam_barrage_state_v1,"{""origin"": ""GOVERNMENT_DERIVED_MIRROR"", ""nrld_no"": ""AP01LH0034"", ""dam_type"": ""TE"", ""age_years"": 51.0, ""gate_type"": null, ""built_year"": 1975.0, ""gate_count"": null, ""river_name"": null, ""dam_height_m"": 14.0, ""dam_length_m"": 6017.0, ""quality_flag"": ""SOURCE_PRESERVED"", ""seismic_zone"": ""Seismic Zone-II"", ""spillway_type"": null, ""structure_code"": ""D03381"", ""authority_level"": ""B2"", ""completion_year"": 1975.0, ""registry_status"": ""Completed"", ""spillway_level_m"": null, ""commencement_year"": null, ""spillway_length_m"": null, ""dam_volume_source_value"": null, ""engineering_completeness"": 0.6, ""design_flood_source_value"": null, ""engineering_fields_available"": 6.0, ""engineering_source_confidence"": 0.8, ""spillway_capacity_source_value"": 567.0}",{},False,2026-09-03T04:52:14.819262+00:00
85,AP_DAM_WRIS_AP01MH0128,Chagallu Barrage Dam,dam,ap_dam_barrage_state_v1,"{""origin"": ""GOVERNMENT_DERIVED_MIRROR"", ""nrld_no"": ""AP01MH0128"", ""dam_type"": ""TE + PG"", ""age_years"": null, ""gate_type"": null, ""built_year"": null, ""gate_count"": null, ""river_name"": ""Pennar"", ""dam_height_m"": 21.43, ""dam_length_m"": 291.5, ""quality_flag"": ""SOURCE_PRESERVED"", ""seismic_zone"": ""Seismic Zone-II"", ""spillway_type"": null, ""structure_code"": ""D03391"", ""authority_level"": ""B2"", ""completion_year"": null, ""registry_status"": ""Under Construction"", ""spillway_level_m"": null, ""commencement_year"": null, ""spillway_length_m"": null, ""dam_volume_source_value"": null, ""engineering_completeness"": 0.6, ""design_flood_source_value"": null, ""engineering_fields_available"": 6.0, ""engineering_source_confidence"": 0.8, ""spillway_capacity_source_value"": 9712.0}",{},False,2026-09-03T04:52:14.819262+00:00
86,AP_DAM_WRIS_AP01LH0091,Chintakuntavagu Dam,dam,ap_dam_barrage_state_v1,"{""origin"": ""GOVERNMENT_DERIVED_MIRROR"", ""nrld_no"": ""AP01LH0091"", ""dam_type"": ""TE"", ""age_years"": null, ""gate_type"": null, ""built_year"": null, ""gate_count"": null, ""river_name"": ""Local Stream"", ""dam_height_m"": 13.0, ""dam_length_m"": 285.0, ""quality_flag"": ""SOURCE_PRESERVED"", ""seismic_zone"": ""Seismic Zone-II"", ""spillway_type"": null, ""structure_code"": ""D03411"", ""authority_level"": ""B2"", ""completion_year"": null, ""registry_status"": null, ""spillway_level_m"": null, ""commencement_year"": null, ""spillway_length_m"": null, ""dam_volume_source_value"": null, ""engineering_completeness"": 0.6, ""design_flood_source_value"": null, ""engineering_fields_available"": 6.0, ""engineering_source_confidence"": 0.8, ""spillway_capacity_source_value"": 66.0}",{},False,2026-09-03T04:52:14.819262+00:00
87,AP_DAM_WRIS_AP01LH0125,Dharmavaram Dam,dam,ap_dam_barrage_state_v1,"{""origin"": ""GOVERNMENT_DERIVED_MIRROR"", ""nrld_no"": ""AP01LH0125"", ""dam_type"": ""TE"", ""age_years"": null, ""gate_type"": null, ""built_year"": null, ""gate_count"": null, ""river_name"": null, ""dam_height_m"": 11.0, ""dam_length_m"": 6393.0, ""quality_flag"": ""SOURCE_PRESERVED"", ""seismic_zone"": ""Seismic Zone-II"", ""spillway_type"": null, ""structure_code"": ""D03453"", ""authority_level"": ""B2"", ""completion_year"": null, ""registry_status"": null, ""spillway_level_m"": null, ""commencement_year"": null, ""spillway_length_m"": null, ""dam_volume_source_value"": null, ""engineering_completeness"": 0.5, ""design_flood_source_value"": null, ""engineering_fields_available"": 5.0, ""engineering_source_confidence"": 0.8, ""spillway_capacity_source_value"": 27402.0}",{},False,2026-09-03T04:52:14.819262+00:00
88,AP_DAM_WRIS_AP01HH0057,Donkarai ( S.H.E.S),dam,ap_dam_barrage_state_v1,"{""origin"": ""GOVERNMENT_DERIVED_MIRROR"", ""nrld_no"": ""AP01HH0057"", ""dam_type"": ""PG"", ""age_years"": 43.0, ""gate_type"": ""RD"", ""built_year"": 1983.0, ""gate_count"": 12.0, ""river_name"": ""Sileru"", ""dam_height_m"": 71.0, ""dam_length_m"": 1398.0, ""quality_flag"": ""SOURCE_PRESERVED"", ""seismic_zone"": ""Seismic Zone-II"", ""spillway_type"": null, ""structure_code"": ""D03456"", ""authority_level"": ""B2"", ""completion_year"": 1983.0, ""registry_status"": ""Completed"", ""spillway_level_m"": 303.88651652, ""commencement_year"": null, ""spillway_length_m"": 598.7, ""dam_volume_source_value"": 2038.0, ""engineering_completeness"": 1.0, ""design_flood_source_value"": 7850.0, ""engineering_fields_available"": 10.0, ""engineering_source_confidence"": 0.8, ""spillway_capacity_source_value"": 15593.0}",{},False,2026-09-03T04:52:14.819262+00:00
89,AP_DAM_WRIS_TL47HH0060,Forebay Lower Sileru ( S.H.E.S) Dam,dam,ap_dam_barrage_state_v1,"{""origin"": ""GOVERNMENT_DERIVED_MIRROR"", ""nrld_no"": ""TL47HH0060"", ""dam_type"": ""TE"", ""age_years"": 48.0, ""gate_type"": ""OT"", ""built_year"": 1978.0, ""gate_count"": null, ""river_name"": ""Sileru"", ""dam_height_m"": 67.0, ""dam_length_m"": 548.0, ""quality_flag"": ""SOURCE_PRESERVED"", ""seismic_zone"": ""Seismic Zone-II"", ""spillway_type"": null, ""structure_code"": ""D03466"", ""authority_level"": ""B2"", ""completion_year"": 1978.0, ""registry_status"": ""Completed"", ""spillway_level_m"": 930.0, ""commencement_year"": null, ""spillway_length_m"": null, ""dam_volume_source_value"": 2669.0, ""engineering_completeness"": 0.8, ""design_flood_source_value"": 167.0, ""engineering_fields_available"": 8.0, ""engineering_source_confidence"": 0.8, ""spillway_capacity_source_value"": null}",{},False,2026-09-03T04:52:14.819262+00:00
90,AP_DAM_WRIS_AP01MH0092,Gandicheruvu (Dist-Prakasam) Dam,dam,ap_dam_barrage_state_v1,"{""origin"": ""GOVERNMENT_DERIVED_MIRROR"", ""nrld_no"": ""AP01MH0092"", ""dam_type"": ""TE"", ""age_years"": null, ""gate_type"": ""OT"", ""built_year"": null, ""gate_count"": null, ""river_name"": null, ""dam_height_m"": 26.69, ""dam_length_m"": 240.0, ""quality_flag"": ""SOURCE_PRESERVED"", ""seismic_zone"": ""Seismic Zone-II"", ""spillway_type"": null, ""structure_code"": ""D03474"", ""authority_level"": ""B2"", ""completion_year"": null, ""registry_status"": null, ""spillway_level_m"": null, ""commencement_year"": null, ""spillway_length_m"": null, ""dam_volume_source_value"": null, ""engineering_completeness"": 0.5, ""design_flood_source_value"": null, ""engineering_fields_available"": 5.0, ""engineering_source_confidence"": 0.8, ""spillway_capacity_source_value"": 255.0}",{},False,2026-09-03T04:52:14.819262+00:00
91,AP_DAM_WRIS_AP01LH0104,Panthulu Cheruvu Dam,dam,ap_dam_barrage_state_v1,"{""origin"": ""GOVERNMENT_DERIVED_MIRROR"", ""nrld_no"": ""AP01LH0104"", ""dam_type"": ""TE"", ""age_years"": null, ""gate_type"": ""LG"", ""built_year"": null, ""gate_count"": null, ""river_name"": null, ""dam_height_m"": 12.0, ""dam_length_m"": 923.0, ""quality_flag"": ""SOURCE_PRESERVED"", ""seismic_zone"": ""Seismic Zone-II"", ""spillway_type"": null, ""structure_code"": ""D03914"", ""authority_level"": ""B2"", ""completion_year"": null, ""registry_status"": null, ""spillway_level_m"": null, ""commencement_year"": null, ""spillway_length_m"": null, ""dam_volume_source_value"": null, ""engineering_completeness"": 0.5, ""design_flood_source_value"": null, ""engineering_fields_available"": 5.0, ""engineering_source_confidence"": 0.8, ""spillway_capacity_source_value"": 140.0}",{},False,2026-09-03T04:52:14.819262+00:00
92,AP_DAM_WRIS_AP01LH0106,Paya Cheruvu Dam,dam,ap_dam_barrage_state_v1,"{""origin"": ""GOVERNMENT_DERIVED_MIRROR"", ""nrld_no"": ""AP01LH0106"", ""dam_type"": ""TE"", ""age_years"": null, ""gate_type"": null, ""built_year"": null, ""gate_count"": null, ""river_name"": null, ""dam_height_m"": 14.0, ""dam_length_m"": 200.0, ""quality_flag"": ""SOURCE_PRESERVED"", ""seismic_zone"": ""Seismic Zone-II"", ""spillway_type"": null, ""structure_code"": ""D03922"", ""authority_level"": ""B2"", ""completion_year"": null, ""registry_status"": null, ""spillway_level_m"": null, ""commencement_year"": null, ""spillway_length_m"": null, ""dam_volume_source_value"": null, ""engineering_completeness"": 0.4, ""design_flood_source_value"": null, ""engineering_fields_available"": 4.0, ""engineering_source_confidence"": 0.8, ""spillway_capacity_source_value"": null}",{},False,2026-09-03T04:52:14.819262+00:00
93,AP_DAM_WRIS_AP01LH0070,Pedaballi Dam,dam,ap_dam_barrage_state_v1,"{""origin"": ""GOVERNMENT_DERIVED_MIRROR"", ""nrld_no"": ""AP01LH0070"", ""dam_type"": ""TE"", ""age_years"": 26.0, ""gate_type"": null, ""built_year"": 2000.0, ""gate_count"": null, ""river_name"": null, ""dam_height_m"": 12.0, ""dam_length_m"": 149.0, ""quality_flag"": ""SOURCE_PRESERVED"", ""seismic_zone"": ""Seismic Zone-II"", ""spillway_type"": null, ""structure_code"": ""D03927"", ""authority_level"": ""B2"", ""completion_year"": 2000.0, ""registry_status"": ""Completed"", ""spillway_level_m"": null, ""commencement_year"": null, ""spillway_length_m"": null, ""dam_volume_source_value"": null, ""engineering_completeness"": 0.6, ""design_flood_source_value"": null, ""engineering_fields_available"": 6.0, ""engineering_source_confidence"": 0.8, ""spillway_capacity_source_value"": 2.0}",{},False,2026-09-03T04:52:14.819262+00:00
94,AP_DAM_WRIS_AP01LH0098,Kampasamudram New Dam,dam,ap_dam_barrage_state_v1,"{""origin"": ""GOVERNMENT_DERIVED_MIRROR"", ""nrld_no"": ""AP01LH0098"", ""dam_type"": ""TE"", ""age_years"": null, ""gate_type"": ""RD"", ""built_year"": null, ""gate_count"": null, ""river_name"": ""Pennar"", ""dam_height_m"": 11.2, ""dam_length_m"": 1830.0, ""quality_flag"": ""SOURCE_PRESERVED"", ""seismic_zone"": ""Seismic Zone-II"", ""spillway_type"": null, ""structure_code"": ""D03639"", ""authority_level"": ""B2"", ""completion_year"": null, ""registry_status"": null, ""spillway_level_m"": null, ""commencement_year"": null, ""spillway_length_m"": null, ""dam_volume_source_value"": null, ""engineering_completeness"": 0.5, ""design_flood_source_value"": null, ""engineering_fields_available"": 5.0, ""engineering_source_confidence"": 0.8, ""spillway_capacity_source_value"": null}",{},False,2026-09-03T04:52:14.819262+00:00
95,AP_DAM_WRIS_AP01MH0100,Kushavathi Dam,dam,ap_dam_barrage_state_v1,"{""origin"": ""GOVERNMENT_DERIVED_MIRROR"", ""nrld_no"": ""AP01MH0100"", ""dam_type"": ""TE"", ""age_years"": null, ""gate_type"": null, ""built_year"": null, ""gate_count"": null, ""river_name"": ""Khushavathi"", ""dam_height_m"": 17.47, ""dam_length_m"": 1030.0, ""quality_flag"": ""SOURCE_PRESERVED"", ""seismic_zone"": ""Seismic Zone-II"", ""spillway_type"": null, ""structure_code"": ""D03683"", ""authority_level"": ""B2"", ""completion_year"": null, ""registry_status"": null, ""spillway_level_m"": null, ""commencement_year"": null, ""spillway_length_m"": null, ""dam_volume_source_value"": null, ""engineering_completeness"": 0.6, ""design_flood_source_value"": null, ""engineering_fields_available"": 6.0, ""engineering_source_confidence"": 0.8, ""spillway_capacity_source_value"": 739.0}",{},False,2026-09-03T04:52:14.819262+00:00
96,AP_DAM_WRIS_AP01LH0102,Madakasira Dam,dam,ap_dam_barrage_state_v1,"{""origin"": ""GOVERNMENT_DERIVED_MIRROR"", ""nrld_no"": ""AP01LH0102"", ""dam_type"": ""TE + PG"", ""age_years"": null, ""gate_type"": null, ""built_year"": null, ""gate_count"": null, ""river_name"": null, ""dam_height_m"": 12.0, ""dam_length_m"": 686.0, ""quality_flag"": ""SOURCE_PRESERVED"", ""seismic_zone"": ""Seismic Zone-II"", ""spillway_type"": null, ""structure_code"": ""D03753"", ""authority_level"": ""B2"", ""completion_year"": null, ""registry_status"": null, ""spillway_level_m"": null, ""commencement_year"": null, ""spillway_length_m"": null, ""dam_volume_source_value"": null, ""engineering_completeness"": 0.5, ""design_flood_source_value"": null, ""engineering_fields_available"": 5.0, ""engineering_source_confidence"": 0.8, ""spillway_capacity_source_value"": 83.0}",{},False,2026-09-03T04:52:14.819262+00:00
97,AP_DAM_WRIS_AP01LH0136,Marala Dam,dam,ap_dam_barrage_state_v1,"{""origin"": ""GOVERNMENT_DERIVED_MIRROR"", ""nrld_no"": ""AP01LH0136"", ""dam_type"": ""TE"", ""age_years"": null, ""gate_type"": null, ""built_year"": null, ""gate_count"": null, ""river_name"": null, ""dam_height_m"": 13.8, ""dam_length_m"": 624.0, ""quality_flag"": ""SOURCE_PRESERVED"", ""seismic_zone"": ""Seismic Zone-II"", ""spillway_type"": null, ""structure_code"": ""D03770"", ""authority_level"": ""B2"", ""completion_year"": null, ""registry_status"": ""Under Construction"", ""spillway_level_m"": null, ""commencement_year"": null, ""spillway_length_m"": null, ""dam_volume_source_value"": null, ""engineering_completeness"": 0.4, ""design_flood_source_value"": null, ""engineering_fields_available"": 4.0, ""engineering_source_confidence"": 0.8, ""spillway_capacity_source_value"": null}",{},False,2026-09-03T04:52:14.819262+00:00
98,AP_DAM_WRIS_AP01MH0036,Muraripalli / Mararipalli Dam,dam,ap_dam_barrage_state_v1,"{""origin"": ""GOVERNMENT_DERIVED_MIRROR"", ""nrld_no"": ""AP01MH0036"", ""dam_type"": ""TE"", ""age_years"": 51.0, ""gate_type"": null, ""built_year"": 1975.0, ""gate_count"": null, ""river_name"": ""Krishna"", ""dam_height_m"": 18.68, ""dam_length_m"": 732.0, ""quality_flag"": ""SOURCE_PRESERVED"", ""seismic_zone"": ""Seismic Zone-II"", ""spillway_type"": null, ""structure_code"": ""D03792"", ""authority_level"": ""B2"", ""completion_year"": 1975.0, ""registry_status"": ""Completed"", ""spillway_level_m"": null, ""commencement_year"": null, ""spillway_length_m"": null, ""dam_volume_source_value"": null, ""engineering_completeness"": 0.6, ""design_flood_source_value"": null, ""engineering_fields_available"": 6.0, ""engineering_source_confidence"": 0.8, ""spillway_capacity_source_value"": null}",{},False,2026-09-03T04:52:14.819262+00:00
99,AP_DAM_WRIS_AP01MH0138,"N.T.R. , Thatiparthi(V), Madugula (M) Dam",dam,ap_dam_barrage_state_v1,"{""origin"": ""GOVERNMENT_DERIVED_MIRROR"", ""nrld_no"": ""AP01MH0138"", ""dam_type"": ""TE + PG"", ""age_years"": null, ""gate_type"": ""LG"", ""built_year"": null, ""gate_count"": null, ""river_name"": null, ""dam_height_m"": 24.51, ""dam_length_m"": 1317.0, ""quality_flag"": ""SOURCE_PRESERVED"", ""seismic_zone"": ""Seismic Zone-II"", ""spillway_type"": null, ""structure_code"": ""D03798"", ""authority_level"": ""B2"", ""completion_year"": null, ""registry_status"": ""Under Construction"", ""spillway_level_m"": null, ""commencement_year"": null, ""spillway_length_m"": null, ""dam_volume_source_value"": null, ""engineering_completeness"": 0.5, ""design_flood_source_value"": null, ""engineering_fields_available"": 5.0, ""engineering_source_confidence"": 0.8, ""spillway_capacity_source_value"": 16386.0}",{},False,2026-09-03T04:52:14.819262+00:00
100,AP_DAM_WRIS_AP01MH0028,Nagurur Dam,dam,ap_dam_barrage_state_v1,"{""origin"": ""GOVERNMENT_DERIVED_MIRROR"", ""nrld_no"": ""AP01MH0028"", ""dam_type"": ""TE"", ""age_years"": 55.0, ""gate_type"": ""LG"", ""built_year"": 1971.0, ""gate_count"": null, ""river_name"": null, ""dam_height_m"": 28.05, ""dam_length_m"": 800.0, ""quality_flag"": ""SOURCE_PRESERVED"", ""seismic_zone"": ""Seismic Zone-II"", ""spillway_type"": null, ""structure_code"": ""D03800"", ""authority_level"": ""B2"", ""completion_year"": 1971.0, ""registry_status"": ""Completed"", ""spillway_level_m"": null, ""commencement_year"": null, ""spillway_length_m"": null, ""dam_volume_source_value"": null, ""engineering_completeness"": 0.5, ""design_flood_source_value"": null, ""engineering_fields_available"": 5.0, ""engineering_source_confidence"": 0.8, ""spillway_capacity_source_value"": null}",{},False,2026-09-03T04:52:14.819262+00:00
101,AP_DAM_WRIS_AP01LH0037,"Pedda Cheruvu , Nagasamudram Dam",dam,ap_dam_barrage_state_v1,"{""origin"": ""GOVERNMENT_DERIVED_MIRROR"", ""nrld_no"": ""AP01LH0037"", ""dam_type"": ""TE"", ""age_years"": 51.0, ""gate_type"": null, ""built_year"": 1975.0, ""gate_count"": null, ""river_name"": null, ""dam_height_m"": 14.0, ""dam_length_m"": 1295.68, ""quality_flag"": ""SOURCE_PRESERVED"", ""seismic_zone"": ""Seismic Zone-II"", ""spillway_type"": null, ""structure_code"": ""D04530"", ""authority_level"": ""B2"", ""completion_year"": 1975.0, ""registry_status"": ""Completed"", ""spillway_level_m"": null, ""commencement_year"": null, ""spillway_length_m"": null, ""dam_volume_source_value"": null, ""engineering_completeness"": 0.6, ""design_flood_source_value"": null, ""engineering_fields_available"": 6.0, ""engineering_source_confidence"": 0.8, ""spillway_capacity_source_value"": 2899.0}",{},False,2026-09-03T04:52:14.819262+00:00
102,AP_DAM_WRIS_AP01LH0108,Pedda Rayala Cheruvu Dam,dam,ap_dam_barrage_state_v1,"{""origin"": ""GOVERNMENT_DERIVED_MIRROR"", ""nrld_no"": ""AP01LH0108"", ""dam_type"": ""TE"", ""age_years"": null, ""gate_type"": null, ""built_year"": null, ""gate_count"": null, ""river_name"": null, ""dam_height_m"": 12.0, ""dam_length_m"": 800.0, ""quality_flag"": ""SOURCE_PRESERVED"", ""seismic_zone"": ""Seismic Zone-II"", ""spillway_type"": null, ""structure_code"": ""D04532"", ""authority_level"": ""B2"", ""completion_year"": null, ""registry_status"": null, ""spillway_level_m"": null, ""commencement_year"": null, ""spillway_length_m"": null, ""dam_volume_source_value"": null, ""engineering_completeness"": 0.4, ""design_flood_source_value"": null, ""engineering_fields_available"": 4.0, ""engineering_source_confidence"": 0.8, ""spillway_capacity_source_value"": null}",{},False,2026-09-03T04:52:14.819262+00:00
103,AP_DAM_WRIS_AP01MH0109,Pedda Tippa Samudram Dam,dam,ap_dam_barrage_state_v1,"{""origin"": ""GOVERNMENT_DERIVED_MIRROR"", ""nrld_no"": ""AP01MH0109"", ""dam_type"": ""TE + PG"", ""age_years"": null, ""gate_type"": null, ""built_year"": null, ""gate_count"": null, ""river_name"": null, ""dam_height_m"": 15.39, ""dam_length_m"": 1550.0, ""quality_flag"": ""SOURCE_PRESERVED"", ""seismic_zone"": ""Seismic Zone-II"", ""spillway_type"": null, ""structure_code"": ""D04533"", ""authority_level"": ""B2"", ""completion_year"": null, ""registry_status"": null, ""spillway_level_m"": null, ""commencement_year"": null, ""spillway_length_m"": null, ""dam_volume_source_value"": null, ""engineering_completeness"": 0.5, ""design_flood_source_value"": null, ""engineering_fields_available"": 5.0, ""engineering_source_confidence"": 0.8, ""spillway_capacity_source_value"": 474.0}",{},False,2026-09-03T04:52:14.819262+00:00
104,AP_DAM_WRIS_AP01LH0107,"Peddabadava, Tulasikrishan Dam",dam,ap_dam_barrage_state_v1,"{""origin"": ""GOVERNMENT_DERIVED_MIRROR"", ""nrld_no"": ""AP01LH0107"", ""dam_type"": ""TE"", ""age_years"": null, ""gate_type"": null, ""built_year"": null, ""gate_count"": null, ""river_name"": ""Peddabadava"", ""dam_height_m"": 10.74, ""dam_length_m"": 571.0, ""quality_flag"": ""SOURCE_PRESERVED"", ""seismic_zone"": ""Seismic Zone-III"", ""spillway_type"": null, ""structure_code"": ""D04534"", ""authority_level"": ""B2"", ""completion_year"": null, ""registry_status"": null, ""spillway_level_m"": null, ""commencement_year"": null, ""spillway_length_m"": null, ""dam_volume_source_value"": 118.0, ""engineering_completeness"": 0.6, ""design_flood_source_value"": null, ""engineering_fields_available"": 6.0, ""engineering_source_confidence"": 0.8, ""spillway_capacity_source_value"": 31.0}",{},False,2026-09-03T04:52:14.819262+00:00
105,AP_DAM_WRIS_D04538,"Peddayetivanka, Annupal Dam",dam,ap_dam_barrage_state_v1,"{""origin"": ""GOVERNMENT_DERIVED_MIRROR"", ""nrld_no"": null, ""dam_type"": ""TE"", ""age_years"": null, ""gate_type"": null, ""built_year"": null, ""gate_count"": null, ""river_name"": ""Peddayetivanka"", ""dam_height_m"": 12.11, ""dam_length_m"": 235.0, ""quality_flag"": ""SOURCE_PRESERVED"", ""seismic_zone"": ""Seismic Zone-III"", ""spillway_type"": null, ""structure_code"": ""D04538"", ""authority_level"": ""B2"", ""completion_year"": null, ""registry_status"": null, ""spillway_level_m"": null, ""commencement_year"": null, ""spillway_length_m"": null, ""dam_volume_source_value"": null, ""engineering_completeness"": 0.6, ""design_flood_source_value"": null, ""engineering_fields_available"": 6.0, ""engineering_source_confidence"": 0.8, ""spillway_capacity_source_value"": 82.0}",{},False,2026-09-03T04:52:14.819262+00:00
106,AP_DAM_WRIS_AP01LH0067,Pendlur Dam,dam,ap_dam_barrage_state_v1,"{""origin"": ""GOVERNMENT_DERIVED_MIRROR"", ""nrld_no"": ""AP01LH0067"", ""dam_type"": ""TE"", ""age_years"": 28.0, ""gate_type"": null, ""built_year"": 1998.0, ""gate_count"": null, ""river_name"": null, ""dam_height_m"": 10.6, ""dam_length_m"": 1045.0, ""quality_flag"": ""SOURCE_PRESERVED"", ""seismic_zone"": ""Seismic Zone-II"", ""spillway_type"": null, ""structure_code"": ""D04553"", ""authority_level"": ""B2"", ""completion_year"": 1998.0, ""registry_status"": ""Completed"", ""spillway_level_m"": null, ""commencement_year"": null, ""spillway_length_m"": null, ""dam_volume_source_value"": null, ""engineering_completeness"": 0.6, ""design_flood_source_value"": null, ""engineering_fields_available"": 6.0, ""engineering_source_confidence"": 0.8, ""spillway_capacity_source_value"": 293.0}",{},False,2026-09-03T04:52:14.819262+00:00
107,AP_DAM_WRIS_AP01LH0111,Peruru Dam,dam,ap_dam_barrage_state_v1,"{""origin"": ""GOVERNMENT_DERIVED_MIRROR"", ""nrld_no"": ""AP01LH0111"", ""dam_type"": ""TE"", ""age_years"": null, ""gate_type"": null, ""built_year"": null, ""gate_count"": null, ""river_name"": null, ""dam_height_m"": 10.0, ""dam_length_m"": 2520.0, ""quality_flag"": ""SOURCE_PRESERVED"", ""seismic_zone"": ""Seismic Zone-III"", ""spillway_type"": null, ""structure_code"": ""D04558"", ""authority_level"": ""B2"", ""completion_year"": null, ""registry_status"": null, ""spillway_level_m"": null, ""commencement_year"": null, ""spillway_length_m"": null, ""dam_volume_source_value"": null, ""engineering_completeness"": 0.4, ""design_flood_source_value"": null, ""engineering_fields_available"": 4.0, ""engineering_source_confidence"": 0.8, ""spillway_capacity_source_value"": null}",{},False,2026-09-03T04:52:14.819262+00:00
108,AP_DAM_WRIS_AP01LH0045,Pittakayagulla Dam,dam,ap_dam_barrage_state_v1,"{""origin"": ""GOVERNMENT_DERIVED_MIRROR"", ""nrld_no"": ""AP01LH0045"", ""dam_type"": ""TE"", ""age_years"": 48.0, ""gate_type"": null, ""built_year"": 1978.0, ""gate_count"": null, ""river_name"": ""Vemuluri Stream"", ""dam_height_m"": 12.5, ""dam_length_m"": null, ""quality_flag"": ""SOURCE_PRESERVED"", ""seismic_zone"": ""Seismic Zone-II"", ""spillway_type"": null, ""structure_code"": ""D04567"", ""authority_level"": ""B2"", ""completion_year"": 1978.0, ""registry_status"": ""Completed"", ""spillway_level_m"": null, ""commencement_year"": null, ""spillway_length_m"": null, ""dam_volume_source_value"": null, ""engineering_completeness"": 0.6, ""design_flood_source_value"": null, ""engineering_fields_available"": 6.0, ""engineering_source_confidence"": 0.8, ""spillway_capacity_source_value"": 429.0}",{},False,2026-09-03T04:52:14.819262+00:00
109,AP_DAM_WRIS_AP01LH0115,Rayalacheruvu Dam,dam,ap_dam_barrage_state_v1,"{""origin"": ""GOVERNMENT_DERIVED_MIRROR"", ""nrld_no"": ""AP01LH0115"", ""dam_type"": ""TE"", ""age_years"": null, ""gate_type"": null, ""built_year"": null, ""gate_count"": null, ""river_name"": ""Pennar"", ""dam_height_m"": 10.0, ""dam_length_m"": 920.0, ""quality_flag"": ""SOURCE_PRESERVED"", ""seismic_zone"": ""Seismic Zone-II"", ""spillway_type"": null, ""structure_code"": ""D04630"", ""authority_level"": ""B2"", ""completion_year"": null, ""registry_status"": null, ""spillway_level_m"": null, ""commencement_year"": null, ""spillway_length_m"": null, ""dam_volume_source_value"": 260.0, ""engineering_completeness"": 0.6, ""design_flood_source_value"": null, ""engineering_fields_available"": 6.0, ""engineering_source_confidence"": 0.8, ""spillway_capacity_source_value"": 21.0}",{},False,2026-09-03T04:52:14.819262+00:00
110,AP_DAM_WRIS_AP01LH0048,Sadasivakona Dam,dam,ap_dam_barrage_state_v1,"{""origin"": ""GOVERNMENT_DERIVED_MIRROR"", ""nrld_no"": ""AP01LH0048"", ""dam_type"": ""TE"", ""age_years"": 47.0, ""gate_type"": null, ""built_year"": 1979.0, ""gate_count"": null, ""river_name"": ""Sadasivakona"", ""dam_height_m"": 14.03, ""dam_length_m"": 619.0, ""quality_flag"": ""SOURCE_PRESERVED"", ""seismic_zone"": ""Seismic Zone-III"", ""spillway_type"": null, ""structure_code"": ""D04649"", ""authority_level"": ""B2"", ""completion_year"": 1979.0, ""registry_status"": ""Completed"", ""spillway_level_m"": null, ""commencement_year"": null, ""spillway_length_m"": null, ""dam_volume_source_value"": 137.0, ""engineering_completeness"": 0.7, ""design_flood_source_value"": null, ""engineering_fields_available"": 7.0, ""engineering_source_confidence"": 0.8, ""spillway_capacity_source_value"": 180.0}",{},False,2026-09-03T04:52:14.819262+00:00
111,AP_DAM_WRIS_AP01LH0055,Thadukuvagu Dam,dam,ap_dam_barrage_state_v1,"{""origin"": ""GOVERNMENT_DERIVED_MIRROR"", ""nrld_no"": ""AP01LH0055"", ""dam_type"": ""TE"", ""age_years"": 44.0, ""gate_type"": null, ""built_year"": 1982.0, ""gate_count"": null, ""river_name"": null, ""dam_height_m"": 12.2, ""dam_length_m"": 900.0, ""quality_flag"": ""SOURCE_PRESERVED"", ""seismic_zone"": ""Seismic Zone-II"", ""spillway_type"": null, ""structure_code"": ""D05261"", ""authority_level"": ""B2"", ""completion_year"": 1982.0, ""registry_status"": ""Completed"", ""spillway_level_m"": null, ""commencement_year"": null, ""spillway_length_m"": null, ""dam_volume_source_value"": null, ""engineering_completeness"": 0.6, ""design_flood_source_value"": null, ""engineering_fields_available"": 6.0, ""engineering_source_confidence"": 0.8, ""spillway_capacity_source_value"": 680.0}",{},False,2026-09-03T04:52:14.819262+00:00
112,AP_DAM_WRIS_AP01MH0145,"Urakagedda , Sankaram (V), Madugula(M) Dam",dam,ap_dam_barrage_state_v1,"{""origin"": ""GOVERNMENT_DERIVED_MIRROR"", ""nrld_no"": ""AP01MH0145"", ""dam_type"": ""TE"", ""age_years"": null, ""gate_type"": null, ""built_year"": null, ""gate_count"": null, ""river_name"": null, ""dam_height_m"": 25.0, ""dam_length_m"": 515.0, ""quality_flag"": ""SOURCE_PRESERVED"", ""seismic_zone"": ""Seismic Zone-II"", ""spillway_type"": null, ""structure_code"": ""D05266"", ""authority_level"": ""B2"", ""completion_year"": null, ""registry_status"": ""Under Construction"", ""spillway_level_m"": null, ""commencement_year"": null, ""spillway_length_m"": null, ""dam_volume_source_value"": null, ""engineering_completeness"": 0.5, ""design_flood_source_value"": null, ""engineering_fields_available"": 5.0, ""engineering_source_confidence"": 0.8, ""spillway_capacity_source_value"": 15651.0}",{},False,2026-09-03T04:52:14.819262+00:00
113,AP_DAM_WRIS_AP01LH0071,Sancherla Dam,dam,ap_dam_barrage_state_v1,"{""origin"": ""GOVERNMENT_DERIVED_MIRROR"", ""nrld_no"": ""AP01LH0071"", ""dam_type"": ""TE"", ""age_years"": 26.0, ""gate_type"": null, ""built_year"": 2000.0, ""gate_count"": null, ""river_name"": null, ""dam_height_m"": 12.0, ""dam_length_m"": 500.0, ""quality_flag"": ""SOURCE_PRESERVED"", ""seismic_zone"": ""Seismic Zone-II"", ""spillway_type"": null, ""structure_code"": ""D05180"", ""authority_level"": ""B2"", ""completion_year"": 2000.0, ""registry_status"": ""Completed"", ""spillway_level_m"": null, ""commencement_year"": null, ""spillway_length_m"": null, ""dam_volume_source_value"": null, ""engineering_completeness"": 0.6, ""design_flood_source_value"": null, ""engineering_fields_available"": 6.0, ""engineering_source_confidence"": 0.8, ""spillway_capacity_source_value"": 340.0}",{},False,2026-09-03T04:52:14.819262+00:00
114,AP_DAM_WRIS_AP01LH0116,Sankarayalapeta Dam,dam,ap_dam_barrage_state_v1,"{""origin"": ""GOVERNMENT_DERIVED_MIRROR"", ""nrld_no"": ""AP01LH0116"", ""dam_type"": ""TE + PG"", ""age_years"": null, ""gate_type"": null, ""built_year"": null, ""gate_count"": null, ""river_name"": null, ""dam_height_m"": 13.0, ""dam_length_m"": 2000.0, ""quality_flag"": ""SOURCE_PRESERVED"", ""seismic_zone"": ""Seismic Zone-II"", ""spillway_type"": null, ""structure_code"": ""D05182"", ""authority_level"": ""B2"", ""completion_year"": null, ""registry_status"": null, ""spillway_level_m"": null, ""commencement_year"": null, ""spillway_length_m"": null, ""dam_volume_source_value"": null, ""engineering_completeness"": 0.4, ""design_flood_source_value"": null, ""engineering_fields_available"": 4.0, ""engineering_source_confidence"": 0.8, ""spillway_capacity_source_value"": null}",{},False,2026-09-03T04:52:14.819262+00:00
115,AP_DAM_WRIS_AP01LH0147,Vanaka Badigedda Dam,dam,ap_dam_barrage_state_v1,"{""origin"": ""GOVERNMENT_DERIVED_MIRROR"", ""nrld_no"": ""AP01LH0147"", ""dam_type"": ""TE + PG"", ""age_years"": null, ""gate_type"": null, ""built_year"": null, ""gate_count"": null, ""river_name"": ""Vanaka Badigedda"", ""dam_height_m"": 13.0, ""dam_length_m"": 630.0, ""quality_flag"": ""SOURCE_PRESERVED"", ""seismic_zone"": ""Seismic Zone-II"", ""spillway_type"": null, ""structure_code"": ""D05291"", ""authority_level"": ""B2"", ""completion_year"": null, ""registry_status"": ""Under Construction"", ""spillway_level_m"": null, ""commencement_year"": null, ""spillway_length_m"": null, ""dam_volume_source_value"": 1.99, ""engineering_completeness"": 0.5, ""design_flood_source_value"": null, ""engineering_fields_available"": 5.0, ""engineering_source_confidence"": 0.8, ""spillway_capacity_source_value"": null}",{},False,2026-09-03T04:52:14.819262+00:00
116,AP_DAM_WRIS_AP01MH0066,Varikunta Dam,dam,ap_dam_barrage_state_v1,"{""origin"": ""GOVERNMENT_DERIVED_MIRROR"", ""nrld_no"": ""AP01MH0066"", ""dam_type"": ""TE"", ""age_years"": 29.0, ""gate_type"": ""RD"", ""built_year"": 1997.0, ""gate_count"": null, ""river_name"": null, ""dam_height_m"": 15.1, ""dam_length_m"": 1156.0, ""quality_flag"": ""SOURCE_PRESERVED"", ""seismic_zone"": ""Seismic Zone-II"", ""spillway_type"": null, ""structure_code"": ""D05292"", ""authority_level"": ""B2"", ""completion_year"": 1997.0, ""registry_status"": ""Completed"", ""spillway_level_m"": null, ""commencement_year"": null, ""spillway_length_m"": null, ""dam_volume_source_value"": null, ""engineering_completeness"": 0.6, ""design_flood_source_value"": null, ""engineering_fields_available"": 6.0, ""engineering_source_confidence"": 0.8, ""spillway_capacity_source_value"": 810.0}",{},False,2026-09-03T04:52:14.819262+00:00
117,AP_DAM_WRIS_AP01LH0032,Vyasasamudram Dam,dam,ap_dam_barrage_state_v1,"{""origin"": ""GOVERNMENT_DERIVED_MIRROR"", ""nrld_no"": ""AP01LH0032"", ""dam_type"": ""TE + PG"", ""age_years"": 52.0, ""gate_type"": ""LG"", ""built_year"": 1974.0, ""gate_count"": null, ""river_name"": null, ""dam_height_m"": 11.29, ""dam_length_m"": 840.0, ""quality_flag"": ""SOURCE_PRESERVED"", ""seismic_zone"": ""Seismic Zone-II"", ""spillway_type"": null, ""structure_code"": ""D05299"", ""authority_level"": ""B2"", ""completion_year"": 1974.0, ""registry_status"": ""Completed"", ""spillway_level_m"": null, ""commencement_year"": null, ""spillway_length_m"": null, ""dam_volume_source_value"": null, ""engineering_completeness"": 0.6, ""design_flood_source_value"": null, ""engineering_fields_available"": 6.0, ""engineering_source_confidence"": 0.8, ""spillway_capacity_source_value"": 169.0}",{},False,2026-09-03T04:52:14.819262+00:00
118,AP_DAM_WRIS_AP01LH0124,Y.T.Cheruvu Dam,dam,ap_dam_barrage_state_v1,"{""origin"": ""GOVERNMENT_DERIVED_MIRROR"", ""nrld_no"": ""AP01LH0124"", ""dam_type"": ""TE + PG"", ""age_years"": null, ""gate_type"": ""LG"", ""built_year"": null, ""gate_count"": null, ""river_name"": null, ""dam_height_m"": 10.0, ""dam_length_m"": 2078.0, ""quality_flag"": ""SOURCE_PRESERVED"", ""seismic_zone"": ""Seismic Zone-II"", ""spillway_type"": null, ""structure_code"": ""D05300"", ""authority_level"": ""B2"", ""completion_year"": null, ""registry_status"": null, ""spillway_level_m"": null, ""commencement_year"": null, ""spillway_length_m"": null, ""dam_volume_source_value"": null, ""engineering_completeness"": 0.5, ""design_flood_source_value"": null, ""engineering_fields_available"": 5.0, ""engineering_source_confidence"": 0.8, ""spillway_capacity_source_value"": 226.0}",{},False,2026-09-03T04:52:14.819262+00:00
119,AP_DAM_WRIS_AP01LH0061,Savisettipalli Dam,dam,ap_dam_barrage_state_v1,"{""origin"": ""GOVERNMENT_DERIVED_MIRROR"", ""nrld_no"": ""AP01LH0061"", ""dam_type"": ""TE"", ""age_years"": 41.0, ""gate_type"": null, ""built_year"": 1985.0, ""gate_count"": null, ""river_name"": null, ""dam_height_m"": 12.0, ""dam_length_m"": 200.0, ""quality_flag"": ""SOURCE_PRESERVED"", ""seismic_zone"": ""Seismic Zone-II"", ""spillway_type"": null, ""structure_code"": ""D05190"", ""authority_level"": ""B2"", ""completion_year"": 1985.0, ""registry_status"": ""Completed"", ""spillway_level_m"": null, ""commencement_year"": null, ""spillway_length_m"": null, ""dam_volume_source_value"": null, ""engineering_completeness"": 0.6, ""design_flood_source_value"": null, ""engineering_fields_available"": 6.0, ""engineering_source_confidence"": 0.8, ""spillway_capacity_source_value"": 130.0}",{},False,2026-09-03T04:52:14.819262+00:00
120,AP_DAM_WRIS_AP01LH0117,"Seethai Cheru, Seethaipally Dam",dam,ap_dam_barrage_state_v1,"{""origin"": ""GOVERNMENT_DERIVED_MIRROR"", ""nrld_no"": ""AP01LH0117"", ""dam_type"": ""TE"", ""age_years"": 104.0, ""gate_type"": null, ""built_year"": 1922.0, ""gate_count"": null, ""river_name"": ""Godavari"", ""dam_height_m"": 11.0, ""dam_length_m"": 1020.0, ""quality_flag"": ""SOURCE_PRESERVED"", ""seismic_zone"": ""Seismic Zone-II"", ""spillway_type"": null, ""structure_code"": ""D05193"", ""authority_level"": ""B2"", ""completion_year"": 1922.0, ""registry_status"": null, ""spillway_level_m"": null, ""commencement_year"": null, ""spillway_length_m"": null, ""dam_volume_source_value"": null, ""engineering_completeness"": 0.7, ""design_flood_source_value"": null, ""engineering_fields_available"": 7.0, ""engineering_source_confidence"": 0.8, ""spillway_capacity_source_value"": 104.0}",{},False,2026-09-03T04:52:14.819262+00:00
121,AP_DAM_WRIS_AP01LH0118,Sreerangarayani Cheruvu Dam,dam,ap_dam_barrage_state_v1,"{""origin"": ""GOVERNMENT_DERIVED_MIRROR"", ""nrld_no"": ""AP01LH0118"", ""dam_type"": ""TE + PG"", ""age_years"": null, ""gate_type"": null, ""built_year"": null, ""gate_count"": null, ""river_name"": null, ""dam_height_m"": 11.708, ""dam_length_m"": 2378.76, ""quality_flag"": ""SOURCE_PRESERVED"", ""seismic_zone"": ""Seismic Zone-II"", ""spillway_type"": null, ""structure_code"": ""D05207"", ""authority_level"": ""B2"", ""completion_year"": null, ""registry_status"": null, ""spillway_level_m"": null, ""commencement_year"": null, ""spillway_length_m"": null, ""dam_volume_source_value"": null, ""engineering_completeness"": 0.5, ""design_flood_source_value"": null, ""engineering_fields_available"": 5.0, ""engineering_source_confidence"": 0.8, ""spillway_capacity_source_value"": 992.0}",{},False,2026-09-03T04:52:14.819262+00:00
122,AP_DAM_WRIS_AP01LH0120,T.Sundupalli Dam,dam,ap_dam_barrage_state_v1,"{""origin"": ""GOVERNMENT_DERIVED_MIRROR"", ""nrld_no"": ""AP01LH0120"", ""dam_type"": ""TE + PG"", ""age_years"": null, ""gate_type"": null, ""built_year"": null, ""gate_count"": null, ""river_name"": null, ""dam_height_m"": 10.0, ""dam_length_m"": 1100.0, ""quality_flag"": ""SOURCE_PRESERVED"", ""seismic_zone"": ""Seismic Zone-II"", ""spillway_type"": null, ""structure_code"": ""D05214"", ""authority_level"": ""B2"", ""completion_year"": null, ""registry_status"": null, ""spillway_level_m"": null, ""commencement_year"": null, ""spillway_length_m"": null, ""dam_volume_source_value"": null, ""engineering_completeness"": 0.5, ""design_flood_source_value"": null, ""engineering_fields_available"": 5.0, ""engineering_source_confidence"": 0.8, ""spillway_capacity_source_value"": 685.0}",{},False,2026-09-03T04:52:14.819262+00:00
123,AP_DAM_WRIS_AP01MH0121,"Tajangi , Tajangi(V) Dam",dam,ap_dam_barrage_state_v1,"{""origin"": ""GOVERNMENT_DERIVED_MIRROR"", ""nrld_no"": ""AP01MH0121"", ""dam_type"": ""TE"", ""age_years"": null, ""gate_type"": null, ""built_year"": null, ""gate_count"": null, ""river_name"": null, ""dam_height_m"": 17.3, ""dam_length_m"": 220.0, ""quality_flag"": ""SOURCE_PRESERVED"", ""seismic_zone"": ""Seismic Zone-II"", ""spillway_type"": null, ""structure_code"": ""D05215"", ""authority_level"": ""B2"", ""completion_year"": null, ""registry_status"": null, ""spillway_level_m"": null, ""commencement_year"": null, ""spillway_length_m"": null, ""dam_volume_source_value"": null, ""engineering_completeness"": 0.5, ""design_flood_source_value"": null, ""engineering_fields_available"": 5.0, ""engineering_source_confidence"": 0.8, ""spillway_capacity_source_value"": 12500.0}",{},False,2026-09-03T04:52:14.819262+00:00
124,AP_DAM_WRIS_D06052,Alaganoor Dam,dam,ap_dam_barrage_state_v1,"{""origin"": ""GOVERNMENT_DERIVED_MIRROR"", ""nrld_no"": null, ""dam_type"": null, ""age_years"": null, ""gate_type"": null, ""built_year"": null, ""gate_count"": null, ""river_name"": null, ""dam_height_m"": null, ""dam_length_m"": null, ""quality_flag"": ""SOURCE_PRESERVED"", ""seismic_zone"": ""Seismic Zone-II"", ""spillway_type"": null, ""structure_code"": ""D06052"", ""authority_level"": ""B2"", ""completion_year"": null, ""registry_status"": null, ""spillway_level_m"": null, ""commencement_year"": null, ""spillway_length_m"": null, ""dam_volume_source_value"": null, ""engineering_completeness"": 0.1, ""design_flood_source_value"": null, ""engineering_fields_available"": 1.0, ""engineering_source_confidence"": 0.8, ""spillway_capacity_source_value"": null}",{},False,2026-09-03T04:52:14.819262+00:00
125,AP_DAM_WRIS_D06074,Eguva Thamballa Palli - Cheruvu Dam,dam,ap_dam_barrage_state_v1,"{""origin"": ""GOVERNMENT_DERIVED_MIRROR"", ""nrld_no"": null, ""dam_type"": null, ""age_years"": null, ""gate_type"": null, ""built_year"": null, ""gate_count"": null, ""river_name"": null, ""dam_height_m"": null, ""dam_length_m"": null, ""quality_flag"": ""SOURCE_PRESERVED"", ""seismic_zone"": ""Seismic Zone-II"", ""spillway_type"": null, ""structure_code"": ""D06074"", ""authority_level"": ""B2"", ""completion_year"": null, ""registry_status"": null, ""spillway_level_m"": null, ""commencement_year"": null, ""spillway_length_m"": null, ""dam_volume_source_value"": null, ""engineering_completeness"": 0.1, ""design_flood_source_value"": null, ""engineering_fields_available"": 1.0, ""engineering_source_confidence"": 0.8, ""spillway_capacity_source_value"": null}",{},False,2026-09-03T04:52:14.819262+00:00
126,AP_DAM_WRIS_AP01HH0023,Guntawada Main Dam,dam,ap_dam_barrage_state_v1,"{""origin"": ""GOVERNMENT_DERIVED_MIRROR"", ""nrld_no"": ""AP01HH0023"", ""dam_type"": null, ""age_years"": null, ""gate_type"": null, ""built_year"": null, ""gate_count"": null, ""river_name"": ""Sileru"", ""dam_height_m"": null, ""dam_length_m"": null, ""quality_flag"": ""SOURCE_PRESERVED"", ""seismic_zone"": ""Seismic Zone-II"", ""spillway_type"": null, ""structure_code"": ""D06086"", ""authority_level"": ""B2"", ""completion_year"": null, ""registry_status"": ""Completed"", ""spillway_level_m"": null, ""commencement_year"": null, ""spillway_length_m"": null, ""dam_volume_source_value"": null, ""engineering_completeness"": 0.4, ""design_flood_source_value"": 7080.0, ""engineering_fields_available"": 4.0, ""engineering_source_confidence"": 0.8, ""spillway_capacity_source_value"": 10933.0}",{},False,2026-09-03T04:52:14.819262+00:00
127,AP_DAM_WRIS_AP01LH0097,Jajigedda Dam,dam,ap_dam_barrage_state_v1,"{""origin"": ""GOVERNMENT_DERIVED_MIRROR"", ""nrld_no"": ""AP01LH0097"", ""dam_type"": null, ""age_years"": null, ""gate_type"": null, ""built_year"": null, ""gate_count"": null, ""river_name"": null, ""dam_height_m"": null, ""dam_length_m"": null, ""quality_flag"": ""SOURCE_PRESERVED"", ""seismic_zone"": ""Seismic Zone-II"", ""spillway_type"": null, ""structure_code"": ""D06091"", ""authority_level"": ""B2"", ""completion_year"": null, ""registry_status"": null, ""spillway_level_m"": null, ""commencement_year"": null, ""spillway_length_m"": null, ""dam_volume_source_value"": null, ""engineering_completeness"": 0.2, ""design_flood_source_value"": null, ""engineering_fields_available"": 2.0, ""engineering_source_confidence"": 0.8, ""spillway_capacity_source_value"": 6230.0}",{},False,2026-09-03T04:52:14.819262+00:00
128,AP_DAM_WRIS_D06095,Kalinga Dal Dam,dam,ap_dam_barrage_state_v1,"{""origin"": ""GOVERNMENT_DERIVED_MIRROR"", ""nrld_no"": null, ""dam_type"": null, ""age_years"": null, ""gate_type"": null, ""built_year"": null, ""gate_count"": null, ""river_name"": null, ""dam_height_m"": null, ""dam_length_m"": null, ""quality_flag"": ""SOURCE_PRESERVED"", ""seismic_zone"": ""Seismic Zone-II"", ""spillway_type"": null, ""structure_code"": ""D06095"", ""authority_level"": ""B2"", ""completion_year"": null, ""registry_status"": null, ""spillway_level_m"": null, ""commencement_year"": null, ""spillway_length_m"": null, ""dam_volume_source_value"": null, ""engineering_completeness"": 0.1, ""design_flood_source_value"": null, ""engineering_fields_available"": 1.0, ""engineering_source_confidence"": 0.8, ""spillway_capacity_source_value"": null}",{},False,2026-09-03T04:52:14.819262+00:00
129,AP_DAM_WRIS_D06139,Ramathirtham Dam,dam,ap_dam_barrage_state_v1,"{""origin"": ""GOVERNMENT_DERIVED_MIRROR"", ""nrld_no"": null, ""dam_type"": null, ""age_years"": null, ""gate_type"": null, ""built_year"": null, ""gate_count"": null, ""river_name"": null, ""dam_height_m"": null, ""dam_length_m"": null, ""quality_flag"": ""SOURCE_PRESERVED"", ""seismic_zone"": ""Seismic Zone-II"", ""spillway_type"": null, ""structure_code"": ""D06139"", ""authority_level"": ""B2"", ""completion_year"": null, ""registry_status"": ""Under Construction"", ""spillway_level_m"": null, ""commencement_year"": null, ""spillway_length_m"": null, ""dam_volume_source_value"": null, ""engineering_completeness"": 0.1, ""design_flood_source_value"": null, ""engineering_fields_available"": 1.0, ""engineering_source_confidence"": 0.8, ""spillway_capacity_source_value"": null}",{},False,2026-09-03T04:52:14.819262+00:00
130,AP_DAM_WRIS_AP01MH0150,Velugodu Dam,dam,ap_dam_barrage_state_v1,"{""origin"": ""GOVERNMENT_DERIVED_MIRROR"", ""nrld_no"": ""AP01MH0150"", ""dam_type"": null, ""age_years"": null, ""gate_type"": null, ""built_year"": null, ""gate_count"": null, ""river_name"": ""Pennar"", ""dam_height_m"": null, ""dam_length_m"": null, ""quality_flag"": ""SOURCE_PRESERVED"", ""seismic_zone"": ""Seismic Zone-II"", ""spillway_type"": null, ""structure_code"": ""D06159"", ""authority_level"": ""B2"", ""completion_year"": null, ""registry_status"": ""Under Construction"", ""spillway_level_m"": null, ""commencement_year"": null, ""spillway_length_m"": null, ""dam_volume_source_value"": null, ""engineering_completeness"": 0.3, ""design_flood_source_value"": null, ""engineering_fields_available"": 3.0, ""engineering_source_confidence"": 0.8, ""spillway_capacity_source_value"": 1232.0}",{},False,2026-09-03T04:52:14.819262+00:00
131,AP_DAM_WRIS_D06026,Midpennar Stage-I/Mid-Pennar Dam,dam,ap_dam_barrage_state_v1,"{""origin"": ""GOVERNMENT_DERIVED_MIRROR"", ""nrld_no"": null, ""dam_type"": ""TE"", ""age_years"": 58.0, ""gate_type"": ""RD"", ""built_year"": 1968.0, ""gate_count"": 14.0, ""river_name"": ""Pennar"", ""dam_height_m"": 43.0, ""dam_length_m"": 1175.0, ""quality_flag"": ""SOURCE_PRESERVED"", ""seismic_zone"": ""Seismic Zone-II"", ""spillway_type"": null, ""structure_code"": ""D06026"", ""authority_level"": ""B2"", ""completion_year"": 1968.0, ""registry_status"": ""Completed"", ""spillway_level_m"": 360.27, ""commencement_year"": null, ""spillway_length_m"": 182.88, ""dam_volume_source_value"": 398.0, ""engineering_completeness"": 1.0, ""design_flood_source_value"": 5318.0, ""engineering_fields_available"": 10.0, ""engineering_source_confidence"": 0.8, ""spillway_capacity_source_value"": 4543.0}",{},False,2026-09-03T04:52:14.819262+00:00
132,AP_DAM_WRIS_AP01LH0005,Thippayapalem Dam,dam,ap_dam_barrage_state_v1,"{""origin"": ""GOVERNMENT_DERIVED_MIRROR"", ""nrld_no"": ""AP01LH0005"", ""dam_type"": ""TE + PG"", ""age_years"": 88.0, ""gate_type"": null, ""built_year"": 1938.0, ""gate_count"": null, ""river_name"": ""-"", ""dam_height_m"": 10.0, ""dam_length_m"": null, ""quality_flag"": ""SOURCE_PRESERVED"", ""seismic_zone"": ""Seismic Zone-II"", ""spillway_type"": null, ""structure_code"": ""D06035"", ""authority_level"": ""B2"", ""completion_year"": 1938.0, ""registry_status"": ""Completed"", ""spillway_level_m"": null, ""commencement_year"": null, ""spillway_length_m"": null, ""dam_volume_source_value"": null, ""engineering_completeness"": 0.5, ""design_flood_source_value"": null, ""engineering_fields_available"": 5.0, ""engineering_source_confidence"": 0.8, ""spillway_capacity_source_value"": null}",{},False,2026-09-03T04:52:14.819262+00:00
133,AP_DAM_WRIS_AP01HH0133,Kandaleru /Kandaleru Dam,dam,ap_dam_barrage_state_v1,"{""origin"": ""GOVERNMENT_DERIVED_MIRROR"", ""nrld_no"": ""AP01HH0133"", ""dam_type"": ""TE"", ""age_years"": 31.0, ""gate_type"": ""RD"", ""built_year"": 1995.0, ""gate_count"": 3.0, ""river_name"": ""Kandleru"", ""dam_height_m"": 49.0, ""dam_length_m"": 10752.0, ""quality_flag"": ""SOURCE_PRESERVED"", ""seismic_zone"": ""Seismic Zone-III"", ""spillway_type"": ""OT"", ""structure_code"": ""D05565"", ""authority_level"": ""B2"", ""completion_year"": 1995.0, ""registry_status"": ""Completed"", ""spillway_level_m"": 85.0, ""commencement_year"": null, ""spillway_length_m"": null, ""dam_volume_source_value"": 16720.0, ""engineering_completeness"": 0.9, ""design_flood_source_value"": 312.0, ""engineering_fields_available"": 9.0, ""engineering_source_confidence"": 0.8, ""spillway_capacity_source_value"": null}",{},False,2026-09-03T04:52:14.819262+00:00
134,AP_DAM_WRIS_D06208,Yeddula Eswaraiah Gandikoata Dam,dam,ap_dam_barrage_state_v1,"{""origin"": ""GOVERNMENT_DERIVED_MIRROR"", ""nrld_no"": null, ""dam_type"": ""PG"", ""age_years"": null, ""gate_type"": ""RD"", ""built_year"": null, ""gate_count"": 14.0, ""river_name"": ""Pennar"", ""dam_height_m"": 38.0, ""dam_length_m"": 325.0, ""quality_flag"": ""SOURCE_PRESERVED"", ""seismic_zone"": ""Seismic Zone-II"", ""spillway_type"": ""OG"", ""structure_code"": ""D06208"", ""authority_level"": ""B2"", ""completion_year"": null, ""registry_status"": ""Completed"", ""spillway_level_m"": 202.2, ""commencement_year"": 2005.0, ""spillway_length_m"": null, ""dam_volume_source_value"": null, ""engineering_completeness"": 0.8, ""design_flood_source_value"": 8180.0, ""engineering_fields_available"": 8.0, ""engineering_source_confidence"": 0.8, ""spillway_capacity_source_value"": null}",{},False,2026-09-03T04:52:14.819262+00:00
135,AP_DAM_WRIS_D06327,Pulichintala,dam,ap_dam_barrage_state_v1,"{""origin"": ""GOVERNMENT_DERIVED_MIRROR"", ""nrld_no"": null, ""dam_type"": null, ""age_years"": null, ""gate_type"": null, ""built_year"": null, ""gate_count"": 4.0, ""river_name"": ""Krishna"", ""dam_height_m"": null, ""dam_length_m"": null, ""quality_flag"": ""SOURCE_PRESERVED"", ""seismic_zone"": ""Seismic Zone-III"", ""spillway_type"": null, ""structure_code"": ""D06327"", ""authority_level"": ""B2"", ""completion_year"": null, ""registry_status"": ""Completed"", ""spillway_level_m"": null, ""commencement_year"": null, ""spillway_length_m"": null, ""dam_volume_source_value"": null, ""engineering_completeness"": 0.4, ""design_flood_source_value"": null, ""engineering_fields_available"": 4.0, ""engineering_source_confidence"": 0.8, ""spillway_capacity_source_value"": 57700.0}",{},False,2026-09-03T04:52:14.819262+00:00
136,AP_DAM_WRIS_D06350,Gooty Tank,dam,ap_dam_barrage_state_v1,"{""origin"": ""GOVERNMENT_DERIVED_MIRROR"", ""nrld_no"": null, ""dam_type"": ""TE"", ""age_years"": null, ""gate_type"": null, ""built_year"": null, ""gate_count"": null, ""river_name"": null, ""dam_height_m"": null, ""dam_length_m"": null, ""quality_flag"": ""SOURCE_PRESERVED"", ""seismic_zone"": ""Seismic Zone-II"", ""spillway_type"": null, ""structure_code"": ""D06350"", ""authority_level"": ""B2"", ""completion_year"": null, ""registry_status"": ""Proposed"", ""spillway_level_m"": null, ""commencement_year"": null, ""spillway_length_m"": null, ""dam_volume_source_value"": null, ""engineering_completeness"": 0.2, ""design_flood_source_value"": null, ""engineering_fields_available"": 2.0, ""engineering_source_confidence"": 0.8, ""spillway_capacity_source_value"": null}",{},False,2026-09-03T04:52:14.819262+00:00
137,AP_DAM_WRIS_D06351,Kanelal Tank,dam,ap_dam_barrage_state_v1,"{""origin"": ""GOVERNMENT_DERIVED_MIRROR"", ""nrld_no"": null, ""dam_type"": ""TE"", ""age_years"": null, ""gate_type"": null, ""built_year"": null, ""gate_count"": null, ""river_name"": null, ""dam_height_m"": null, ""dam_length_m"": null, ""quality_flag"": ""SOURCE_PRESERVED"", ""seismic_zone"": ""Seismic Zone-II"", ""spillway_type"": null, ""structure_code"": ""D06351"", ""authority_level"": ""B2"", ""completion_year"": null, ""registry_status"": ""Proposed"", ""spillway_level_m"": null, ""commencement_year"": null, ""spillway_length_m"": null, ""dam_volume_source_value"": null, ""engineering_completeness"": 0.2, ""design_flood_source_value"": null, ""engineering_fields_available"": 2.0, ""engineering_source_confidence"": 0.8, ""spillway_capacity_source_value"": null}",{},False,2026-09-03T04:52:14.819262+00:00
138,AP_DAM_WRIS_D06352,Pendekallu,dam,ap_dam_barrage_state_v1,"{""origin"": ""GOVERNMENT_DERIVED_MIRROR"", ""nrld_no"": null, ""dam_type"": null, ""age_years"": null, ""gate_type"": null, ""built_year"": null, ""gate_count"": null, ""river_name"": null, ""dam_height_m"": null, ""dam_length_m"": null, ""quality_flag"": ""SOURCE_PRESERVED"", ""seismic_zone"": ""Seismic Zone-II"", ""spillway_type"": null, ""structure_code"": ""D06352"", ""authority_level"": ""B2"", ""completion_year"": null, ""registry_status"": ""Proposed"", ""spillway_level_m"": null, ""commencement_year"": null, ""spillway_length_m"": null, ""dam_volume_source_value"": null, ""engineering_completeness"": 0.1, ""design_flood_source_value"": null, ""engineering_fields_available"": 1.0, ""engineering_source_confidence"": 0.8, ""spillway_capacity_source_value"": null}",{},False,2026-09-03T04:52:14.819262+00:00
139,AP_DAM_WRIS_D06353,Matchukota Balancing Reservoir,dam,ap_dam_barrage_state_v1,"{""origin"": ""GOVERNMENT_DERIVED_MIRROR"", ""nrld_no"": null, ""dam_type"": ""TE"", ""age_years"": null, ""gate_type"": null, ""built_year"": null, ""gate_count"": null, ""river_name"": null, ""dam_height_m"": null, ""dam_length_m"": null, ""quality_flag"": ""SOURCE_PRESERVED"", ""seismic_zone"": ""Seismic Zone-II"", ""spillway_type"": null, ""structure_code"": ""D06353"", ""authority_level"": ""B2"", ""completion_year"": null, ""registry_status"": ""Proposed"", ""spillway_level_m"": null, ""commencement_year"": null, ""spillway_length_m"": null, ""dam_volume_source_value"": null, ""engineering_completeness"": 0.2, ""design_flood_source_value"": null, ""engineering_fields_available"": 2.0, ""engineering_source_confidence"": 0.8, ""spillway_capacity_source_value"": null}",{},False,2026-09-03T04:52:14.819262+00:00
140,AP_DAM_WRIS_D06354,Sri Subbaraya Sagar,dam,ap_dam_barrage_state_v1,"{""origin"": ""GOVERNMENT_DERIVED_MIRROR"", ""nrld_no"": null, ""dam_type"": null, ""age_years"": null, ""gate_type"": null, ""built_year"": null, ""gate_count"": null, ""river_name"": null, ""dam_height_m"": null, ""dam_length_m"": null, ""quality_flag"": ""SOURCE_PRESERVED"", ""seismic_zone"": ""Seismic Zone-II"", ""spillway_type"": null, ""structure_code"": ""D06354"", ""authority_level"": ""B2"", ""completion_year"": null, ""registry_status"": ""Proposed"", ""spillway_level_m"": null, ""commencement_year"": null, ""spillway_length_m"": null, ""dam_volume_source_value"": null, ""engineering_completeness"": 0.1, ""design_flood_source_value"": null, ""engineering_fields_available"": 1.0, ""engineering_source_confidence"": 0.8, ""spillway_capacity_source_value"": null}",{},False,2026-09-03T04:52:14.819262+00:00
141,AP_DAM_WRIS_D06356,P.T.Cheruvu,dam,ap_dam_barrage_state_v1,"{""origin"": ""GOVERNMENT_DERIVED_MIRROR"", ""nrld_no"": null, ""dam_type"": ""TE"", ""age_years"": null, ""gate_type"": null, ""built_year"": null, ""gate_count"": null, ""river_name"": null, ""dam_height_m"": null, ""dam_length_m"": null, ""quality_flag"": ""SOURCE_PRESERVED"", ""seismic_zone"": ""Seismic Zone-II"", ""spillway_type"": null, ""structure_code"": ""D06356"", ""authority_level"": ""B2"", ""completion_year"": null, ""registry_status"": ""Completed"", ""spillway_level_m"": null, ""commencement_year"": null, ""spillway_length_m"": null, ""dam_volume_source_value"": null, ""engineering_completeness"": 0.2, ""design_flood_source_value"": null, ""engineering_fields_available"": 2.0, ""engineering_source_confidence"": 0.8, ""spillway_capacity_source_value"": null}",{},False,2026-09-03T04:52:14.819262+00:00
142,AP_DAM_WRIS_D06393,Spvbs Dam,dam,ap_dam_barrage_state_v1,"{""origin"": ""GOVERNMENT_DERIVED_MIRROR"", ""nrld_no"": null, ""dam_type"": null, ""age_years"": null, ""gate_type"": null, ""built_year"": null, ""gate_count"": null, ""river_name"": ""Pennar"", ""dam_height_m"": null, ""dam_length_m"": null, ""quality_flag"": ""SOURCE_PRESERVED"", ""seismic_zone"": ""Seismic Zone-II"", ""spillway_type"": null, ""structure_code"": ""D06393"", ""authority_level"": ""B2"", ""completion_year"": null, ""registry_status"": ""Completed"", ""spillway_level_m"": null, ""commencement_year"": null, ""spillway_length_m"": null, ""dam_volume_source_value"": null, ""engineering_completeness"": 0.2, ""design_flood_source_value"": null, ""engineering_fields_available"": 2.0, ""engineering_source_confidence"": 0.8, ""spillway_capacity_source_value"": null}",{},False,2026-09-03T04:52:14.819262+00:00
143,AP_DAM_WRIS_D06394,Turimella Reservoir Dam,dam,ap_dam_barrage_state_v1,"{""origin"": ""GOVERNMENT_DERIVED_MIRROR"", ""nrld_no"": null, ""dam_type"": null, ""age_years"": null, ""gate_type"": null, ""built_year"": null, ""gate_count"": null, ""river_name"": null, ""dam_height_m"": null, ""dam_length_m"": null, ""quality_flag"": ""SOURCE_PRESERVED"", ""seismic_zone"": ""Seismic Zone-II"", ""spillway_type"": null, ""structure_code"": ""D06394"", ""authority_level"": ""B2"", ""completion_year"": null, ""registry_status"": ""Proposed"", ""spillway_level_m"": null, ""commencement_year"": null, ""spillway_length_m"": null, ""dam_volume_source_value"": null, ""engineering_completeness"": 0.1, ""design_flood_source_value"": null, ""engineering_fields_available"": 1.0, ""engineering_source_confidence"": 0.8, ""spillway_capacity_source_value"": null}",{},False,2026-09-03T04:52:14.819262+00:00
144,AP_DAM_WRIS_D06395,Kakarla Dam,dam,ap_dam_barrage_state_v1,"{""origin"": ""GOVERNMENT_DERIVED_MIRROR"", ""nrld_no"": null, ""dam_type"": null, ""age_years"": null, ""gate_type"": null, ""built_year"": null, ""gate_count"": null, ""river_name"": ""Peddavagu"", ""dam_height_m"": null, ""dam_length_m"": null, ""quality_flag"": ""SOURCE_PRESERVED"", ""seismic_zone"": ""Seismic Zone-II"", ""spillway_type"": null, ""structure_code"": ""D06395"", ""authority_level"": ""B2"", ""completion_year"": null, ""registry_status"": ""Under Construction"", ""spillway_level_m"": null, ""commencement_year"": null, ""spillway_length_m"": null, ""dam_volume_source_value"": null, ""engineering_completeness"": 0.2, ""design_flood_source_value"": null, ""engineering_fields_available"": 2.0, ""engineering_source_confidence"": 0.8, ""spillway_capacity_source_value"": null}",{},False,2026-09-03T04:52:14.819262+00:00
145,AP_DAM_WRIS_D02215,Sri Tenneti Viswanatham Pedderu Dam,dam,ap_dam_barrage_state_v1,"{""origin"": ""GOVERNMENT_DERIVED_MIRROR"", ""nrld_no"": null, ""dam_type"": null, ""age_years"": 20.0, ""gate_type"": null, ""built_year"": 2006.0, ""gate_count"": 4.0, ""river_name"": ""Pedderu"", ""dam_height_m"": 31.0, ""dam_length_m"": 900.0, ""quality_flag"": ""SOURCE_PRESERVED"", ""seismic_zone"": ""Seismic Zone-II"", ""spillway_type"": null, ""structure_code"": ""D02215"", ""authority_level"": ""B2"", ""completion_year"": 2006.0, ""registry_status"": ""Completed"", ""spillway_level_m"": null, ""commencement_year"": null, ""spillway_length_m"": null, ""dam_volume_source_value"": null, ""engineering_completeness"": 0.6, ""design_flood_source_value"": null, ""engineering_fields_available"": 6.0, ""engineering_source_confidence"": 0.8, ""spillway_capacity_source_value"": null}",{},False,2026-09-03T04:52:14.819262+00:00
146,AP_DAM_WRIS_AP01LH0002,Dondapadu Tank,dam,ap_dam_barrage_state_v1,"{""origin"": ""GOVERNMENT_DERIVED_MIRROR"", ""nrld_no"": ""AP01LH0002"", ""dam_type"": ""TE"", ""age_years"": 116.0, ""gate_type"": null, ""built_year"": 1910.0, ""gate_count"": null, ""river_name"": ""krishna"", ""dam_height_m"": 10.3, ""dam_length_m"": 720.0, ""quality_flag"": ""SOURCE_PRESERVED"", ""seismic_zone"": ""Seismic Zone-II"", ""spillway_type"": null, ""structure_code"": ""D06644"", ""authority_level"": ""B2"", ""completion_year"": 1910.0, ""registry_status"": null, ""spillway_level_m"": null, ""commencement_year"": null, ""spillway_length_m"": null, ""dam_volume_source_value"": null, ""engineering_completeness"": 0.7, ""design_flood_source_value"": null, ""engineering_fields_available"": 7.0, ""engineering_source_confidence"": 0.8, ""spillway_capacity_source_value"": 210.0}",{},False,2026-09-03T04:52:14.819262+00:00
147,AP_DAM_WRIS_AP01MH0003,Siddapuram Tank,dam,ap_dam_barrage_state_v1,"{""origin"": ""GOVERNMENT_DERIVED_MIRROR"", ""nrld_no"": ""AP01MH0003"", ""dam_type"": ""TE"", ""age_years"": 107.0, ""gate_type"": null, ""built_year"": 1919.0, ""gate_count"": null, ""river_name"": ""Bhavana"", ""dam_height_m"": 19.0, ""dam_length_m"": 4904.0, ""quality_flag"": ""SOURCE_PRESERVED"", ""seismic_zone"": ""Seismic Zone-II"", ""spillway_type"": null, ""structure_code"": ""D07171"", ""authority_level"": ""B2"", ""completion_year"": 1919.0, ""registry_status"": null, ""spillway_level_m"": null, ""commencement_year"": null, ""spillway_length_m"": null, ""dam_volume_source_value"": null, ""engineering_completeness"": 0.7, ""design_flood_source_value"": null, ""engineering_fields_available"": 7.0, ""engineering_source_confidence"": 0.8, ""spillway_capacity_source_value"": 492.0}",{},False,2026-09-03T04:52:14.819262+00:00
148,AP_DAM_WRIS_AP01LH0006,Markapur  Tank,dam,ap_dam_barrage_state_v1,"{""origin"": ""GOVERNMENT_DERIVED_MIRROR"", ""nrld_no"": ""AP01LH0006"", ""dam_type"": ""TE"", ""age_years"": 81.0, ""gate_type"": null, ""built_year"": 1945.0, ""gate_count"": null, ""river_name"": ""Mondivagu"", ""dam_height_m"": 10.0, ""dam_length_m"": 1569.0, ""quality_flag"": ""SOURCE_PRESERVED"", ""seismic_zone"": ""Seismic Zone-II"", ""spillway_type"": null, ""structure_code"": ""D06937"", ""authority_level"": ""B2"", ""completion_year"": 1945.0, ""registry_status"": null, ""spillway_level_m"": null, ""commencement_year"": null, ""spillway_length_m"": null, ""dam_volume_source_value"": null, ""engineering_completeness"": 0.7, ""design_flood_source_value"": null, ""engineering_fields_available"": 7.0, ""engineering_source_confidence"": 0.8, ""spillway_capacity_source_value"": 75.0}",{},False,2026-09-03T04:52:14.819262+00:00
149,AP_DAM_WRIS_AP01MH0027,Subba Reddy Sagar,dam,ap_dam_barrage_state_v1,"{""origin"": ""GOVERNMENT_DERIVED_MIRROR"", ""nrld_no"": ""AP01MH0027"", ""dam_type"": ""TE"", ""age_years"": 56.0, ""gate_type"": null, ""built_year"": 1970.0, ""gate_count"": null, ""river_name"": ""Kuntidevi  Vagu"", ""dam_height_m"": 17.5, ""dam_length_m"": 442.0, ""quality_flag"": ""SOURCE_PRESERVED"", ""seismic_zone"": ""Seismic Zone-II"", ""spillway_type"": null, ""structure_code"": ""D07197"", ""authority_level"": ""B2"", ""completion_year"": 1970.0, ""registry_status"": null, ""spillway_level_m"": null, ""commencement_year"": null, ""spillway_length_m"": null, ""dam_volume_source_value"": null, ""engineering_completeness"": 0.7, ""design_flood_source_value"": null, ""engineering_fields_available"": 7.0, ""engineering_source_confidence"": 0.8, ""spillway_capacity_source_value"": 542.0}",{},False,2026-09-03T04:52:14.819262+00:00
150,AP_DAM_WRIS_AP01LH0033,Gujjuvai  Reservoir,dam,ap_dam_barrage_state_v1,"{""origin"": ""GOVERNMENT_DERIVED_MIRROR"", ""nrld_no"": ""AP01LH0033"", ""dam_type"": ""TE"", ""age_years"": 52.0, ""gate_type"": null, ""built_year"": 1974.0, ""gate_count"": null, ""river_name"": ""Peddagedda"", ""dam_height_m"": 15.0, ""dam_length_m"": 800.0, ""quality_flag"": ""SOURCE_PRESERVED"", ""seismic_zone"": ""Seismic Zone-II"", ""spillway_type"": null, ""structure_code"": ""D06701"", ""authority_level"": ""B2"", ""completion_year"": 1974.0, ""registry_status"": null, ""spillway_level_m"": null, ""commencement_year"": null, ""spillway_length_m"": null, ""dam_volume_source_value"": null, ""engineering_completeness"": 0.7, ""design_flood_source_value"": null, ""engineering_fields_available"": 7.0, ""engineering_source_confidence"": 0.8, ""spillway_capacity_source_value"": 90.9}",{},False,2026-09-03T04:52:14.819262+00:00
151,AP_DAM_WRIS_AP01LH0041,Kaleti Vagu Reservoir,dam,ap_dam_barrage_state_v1,"{""origin"": ""GOVERNMENT_DERIVED_MIRROR"", ""nrld_no"": ""AP01LH0041"", ""dam_type"": ""TE"", ""age_years"": 49.0, ""gate_type"": null, ""built_year"": 1977.0, ""gate_count"": null, ""river_name"": ""Local Stream"", ""dam_height_m"": 11.2, ""dam_length_m"": 1850.0, ""quality_flag"": ""SOURCE_PRESERVED"", ""seismic_zone"": ""Seismic Zone-II"", ""spillway_type"": null, ""structure_code"": ""D06780"", ""authority_level"": ""B2"", ""completion_year"": 1977.0, ""registry_status"": null, ""spillway_level_m"": null, ""commencement_year"": null, ""spillway_length_m"": null, ""dam_volume_source_value"": null, ""engineering_completeness"": 0.7, ""design_flood_source_value"": null, ""engineering_fields_available"": 7.0, ""engineering_source_confidence"": 0.8, ""spillway_capacity_source_value"": 683.0}",{},False,2026-09-03T04:52:14.819262+00:00
152,AP_DAM_WRIS_AP01MH0042,Mehadrigedda,dam,ap_dam_barrage_state_v1,"{""origin"": ""GOVERNMENT_DERIVED_MIRROR"", ""nrld_no"": ""AP01MH0042"", ""dam_type"": ""TE"", ""age_years"": 49.0, ""gate_type"": null, ""built_year"": 1977.0, ""gate_count"": null, ""river_name"": ""Mehadrigedda"", ""dam_height_m"": 13.716, ""dam_length_m"": 1609.0, ""quality_flag"": ""SOURCE_PRESERVED"", ""seismic_zone"": ""Seismic Zone-II"", ""spillway_type"": null, ""structure_code"": ""D06942"", ""authority_level"": ""B2"", ""completion_year"": 1977.0, ""registry_status"": null, ""spillway_level_m"": null, ""commencement_year"": null, ""spillway_length_m"": null, ""dam_volume_source_value"": null, ""engineering_completeness"": 0.7, ""design_flood_source_value"": null, ""engineering_fields_available"": 7.0, ""engineering_source_confidence"": 0.8, ""spillway_capacity_source_value"": 1502.0}",{},False,2026-09-03T04:52:14.819262+00:00
153,AP_DAM_WRIS_AP01MH0044,"Peddabommalapuram
Reservoir",dam,ap_dam_barrage_state_v1,"{""origin"": ""GOVERNMENT_DERIVED_MIRROR"", ""nrld_no"": ""AP01MH0044"", ""dam_type"": ""TE"", ""age_years"": 48.0, ""gate_type"": null, ""built_year"": 1978.0, ""gate_count"": null, ""river_name"": ""Local Nala"", ""dam_height_m"": 17.3, ""dam_length_m"": 640.0, ""quality_flag"": ""SOURCE_PRESERVED"", ""seismic_zone"": ""Seismic Zone-II"", ""spillway_type"": null, ""structure_code"": ""D07049"", ""authority_level"": ""B2"", ""completion_year"": 1978.0, ""registry_status"": null, ""spillway_level_m"": null, ""commencement_year"": null, ""spillway_length_m"": null, ""dam_volume_source_value"": null, ""engineering_completeness"": 0.6, ""design_flood_source_value"": null, ""engineering_fields_available"": 6.0, ""engineering_source_confidence"": 0.8, ""spillway_capacity_source_value"": null}",{},False,2026-09-03T04:52:14.819262+00:00
154,AP_DAM_WRIS_AP01LH0050,Saddikutimadugu Reservoir,dam,ap_dam_barrage_state_v1,"{""origin"": ""GOVERNMENT_DERIVED_MIRROR"", ""nrld_no"": ""AP01LH0050"", ""dam_type"": ""TE"", ""age_years"": 46.0, ""gate_type"": null, ""built_year"": 1980.0, ""gate_count"": null, ""river_name"": ""Manneru"", ""dam_height_m"": 10.94, ""dam_length_m"": 800.0, ""quality_flag"": ""SOURCE_PRESERVED"", ""seismic_zone"": ""Seismic Zone-II"", ""spillway_type"": null, ""structure_code"": ""D07112"", ""authority_level"": ""B2"", ""completion_year"": 1980.0, ""registry_status"": null, ""spillway_level_m"": null, ""commencement_year"": null, ""spillway_length_m"": null, ""dam_volume_source_value"": null, ""engineering_completeness"": 0.6, ""design_flood_source_value"": null, ""engineering_fields_available"": 6.0, ""engineering_source_confidence"": 0.8, ""spillway_capacity_source_value"": null}",{},False,2026-09-03T04:52:14.819262+00:00
155,AP_DAM_WRIS_AP01LH0054,Itugulapadu Tank,dam,ap_dam_barrage_state_v1,"{""origin"": ""GOVERNMENT_DERIVED_MIRROR"", ""nrld_no"": ""AP01LH0054"", ""dam_type"": ""TE"", ""age_years"": 44.0, ""gate_type"": null, ""built_year"": 1982.0, ""gate_count"": null, ""river_name"": ""Maderu"", ""dam_height_m"": 10.5, ""dam_length_m"": 520.0, ""quality_flag"": ""SOURCE_PRESERVED"", ""seismic_zone"": ""Seismic Zone-II"", ""spillway_type"": null, ""structure_code"": ""D06735"", ""authority_level"": ""B2"", ""completion_year"": 1982.0, ""registry_status"": null, ""spillway_level_m"": null, ""commencement_year"": null, ""spillway_length_m"": null, ""dam_volume_source_value"": null, ""engineering_completeness"": 0.7, ""design_flood_source_value"": null, ""engineering_fields_available"": 7.0, ""engineering_source_confidence"": 0.8, ""spillway_capacity_source_value"": 668.27}",{},False,2026-09-03T04:52:14.819262+00:00
156,AP_DAM_WRIS_AP01HH0060,Papavinasanam Dam,dam,ap_dam_barrage_state_v1,"{""origin"": ""GOVERNMENT_DERIVED_MIRROR"", ""nrld_no"": ""AP01HH0060"", ""dam_type"": ""TE + PG"", ""age_years"": 41.0, ""gate_type"": null, ""built_year"": 1985.0, ""gate_count"": null, ""river_name"": ""Papavinasanam"", ""dam_height_m"": 50.0, ""dam_length_m"": 274.0, ""quality_flag"": ""SOURCE_PRESERVED"", ""seismic_zone"": ""Seismic Zone-II"", ""spillway_type"": null, ""structure_code"": ""D07029"", ""authority_level"": ""B2"", ""completion_year"": 1985.0, ""registry_status"": null, ""spillway_level_m"": null, ""commencement_year"": null, ""spillway_length_m"": null, ""dam_volume_source_value"": 195.0, ""engineering_completeness"": 0.7, ""design_flood_source_value"": null, ""engineering_fields_available"": 7.0, ""engineering_source_confidence"": 0.8, ""spillway_capacity_source_value"": 201.0}",{},False,2026-09-03T04:52:14.819262+00:00
157,AP_DAM_WRIS_AP01LH0068,Vagetikona Reservoir,dam,ap_dam_barrage_state_v1,"{""origin"": ""GOVERNMENT_DERIVED_MIRROR"", ""nrld_no"": ""AP01LH0068"", ""dam_type"": ""TE"", ""age_years"": 28.0, ""gate_type"": null, ""built_year"": 1998.0, ""gate_count"": null, ""river_name"": ""Local Stream"", ""dam_height_m"": 11.3, ""dam_length_m"": 1306.0, ""quality_flag"": ""SOURCE_PRESERVED"", ""seismic_zone"": ""Seismic Zone-II"", ""spillway_type"": null, ""structure_code"": ""D07265"", ""authority_level"": ""B2"", ""completion_year"": 1998.0, ""registry_status"": null, ""spillway_level_m"": null, ""commencement_year"": null, ""spillway_length_m"": null, ""dam_volume_source_value"": null, ""engineering_completeness"": 0.7, ""design_flood_source_value"": null, ""engineering_fields_available"": 7.0, ""engineering_source_confidence"": 0.8, ""spillway_capacity_source_value"": 285.02}",{},False,2026-09-03T04:52:14.819262+00:00
158,AP_DAM_WRIS_AP01LH0077,Dharakalava Reservoir,dam,ap_dam_barrage_state_v1,"{""origin"": ""GOVERNMENT_DERIVED_MIRROR"", ""nrld_no"": ""AP01LH0077"", ""dam_type"": ""TE"", ""age_years"": 22.0, ""gate_type"": null, ""built_year"": 2004.0, ""gate_count"": null, ""river_name"": ""Hill Stream"", ""dam_height_m"": 20.12, ""dam_length_m"": 250.0, ""quality_flag"": ""SOURCE_PRESERVED"", ""seismic_zone"": ""Seismic Zone-II"", ""spillway_type"": null, ""structure_code"": ""D06628"", ""authority_level"": ""B2"", ""completion_year"": 2004.0, ""registry_status"": null, ""spillway_level_m"": null, ""commencement_year"": null, ""spillway_length_m"": null, ""dam_volume_source_value"": 9000.0, ""engineering_completeness"": 0.7, ""design_flood_source_value"": null, ""engineering_fields_available"": 7.0, ""engineering_source_confidence"": 0.8, ""spillway_capacity_source_value"": 227.67}",{},False,2026-09-03T04:52:14.819262+00:00
159,AP_DAM_WRIS_AP01MH0080,Earlakatta  Tank,dam,ap_dam_barrage_state_v1,"{""origin"": ""GOVERNMENT_DERIVED_MIRROR"", ""nrld_no"": ""AP01MH0080"", ""dam_type"": ""TE"", ""age_years"": 19.0, ""gate_type"": null, ""built_year"": 2007.0, ""gate_count"": null, ""river_name"": ""krishna"", ""dam_height_m"": 17.0, ""dam_length_m"": 571.0, ""quality_flag"": ""SOURCE_PRESERVED"", ""seismic_zone"": ""Seismic Zone-II"", ""spillway_type"": null, ""structure_code"": ""D06654"", ""authority_level"": ""B2"", ""completion_year"": 2007.0, ""registry_status"": null, ""spillway_level_m"": null, ""commencement_year"": null, ""spillway_length_m"": null, ""dam_volume_source_value"": null, ""engineering_completeness"": 0.6, ""design_flood_source_value"": null, ""engineering_fields_available"": 6.0, ""engineering_source_confidence"": 0.8, ""spillway_capacity_source_value"": null}",{},False,2026-09-03T04:52:14.819262+00:00
160,AP_DAM_WRIS_AP01MH0083,"N.T.R. T.G.P-Subsidiary
Reservoir  No 1",dam,ap_dam_barrage_state_v1,"{""origin"": ""GOVERNMENT_DERIVED_MIRROR"", ""nrld_no"": ""AP01MH0083"", ""dam_type"": ""TE"", ""age_years"": null, ""gate_type"": null, ""built_year"": null, ""gate_count"": null, ""river_name"": ""Kunderu"", ""dam_height_m"": 28.0, ""dam_length_m"": 1820.0, ""quality_flag"": ""SOURCE_PRESERVED"", ""seismic_zone"": ""Seismic Zone-II"", ""spillway_type"": null, ""structure_code"": ""D06962"", ""authority_level"": ""B2"", ""completion_year"": null, ""registry_status"": null, ""spillway_level_m"": null, ""commencement_year"": null, ""spillway_length_m"": null, ""dam_volume_source_value"": null, ""engineering_completeness"": 0.5, ""design_flood_source_value"": null, ""engineering_fields_available"": 5.0, ""engineering_source_confidence"": 0.8, ""spillway_capacity_source_value"": null}",{},False,2026-09-03T04:52:14.819262+00:00
161,AP_DAM_WRIS_AP01LH0086,Chennapatnam Cheruvu,dam,ap_dam_barrage_state_v1,"{""origin"": ""GOVERNMENT_DERIVED_MIRROR"", ""nrld_no"": ""AP01LH0086"", ""dam_type"": ""TE"", ""age_years"": null, ""gate_type"": null, ""built_year"": null, ""gate_count"": null, ""river_name"": ""Pennar"", ""dam_height_m"": 10.0, ""dam_length_m"": 950.0, ""quality_flag"": ""SOURCE_PRESERVED"", ""seismic_zone"": ""Seismic Zone-II"", ""spillway_type"": null, ""structure_code"": ""D06568"", ""authority_level"": ""B2"", ""completion_year"": null, ""registry_status"": null, ""spillway_level_m"": null, ""commencement_year"": null, ""spillway_length_m"": null, ""dam_volume_source_value"": null, ""engineering_completeness"": 0.5, ""design_flood_source_value"": null, ""engineering_fields_available"": 5.0, ""engineering_source_confidence"": 0.8, ""spillway_capacity_source_value"": null}",{},False,2026-09-03T04:52:14.819262+00:00
162,AP_DAM_WRIS_AP01LH0087,"Chikkavadiyar, Anantapur",dam,ap_dam_barrage_state_v1,"{""origin"": ""GOVERNMENT_DERIVED_MIRROR"", ""nrld_no"": ""AP01LH0087"", ""dam_type"": ""TE + PG"", ""age_years"": null, ""gate_type"": null, ""built_year"": null, ""gate_count"": null, ""river_name"": ""ghatprabha"", ""dam_height_m"": 10.54, ""dam_length_m"": 4476.0, ""quality_flag"": ""SOURCE_PRESERVED"", ""seismic_zone"": ""Seismic Zone-II"", ""spillway_type"": null, ""structure_code"": ""D06576"", ""authority_level"": ""B2"", ""completion_year"": null, ""registry_status"": null, ""spillway_level_m"": null, ""commencement_year"": null, ""spillway_length_m"": null, ""dam_volume_source_value"": null, ""engineering_completeness"": 0.6, ""design_flood_source_value"": null, ""engineering_fields_available"": 6.0, ""engineering_source_confidence"": 0.8, ""spillway_capacity_source_value"": 501.0}",{},False,2026-09-03T04:52:14.819262+00:00
163,AP_DAM_WRIS_AP01MH0089,Chinnagottigallu Tank,dam,ap_dam_barrage_state_v1,"{""origin"": ""GOVERNMENT_DERIVED_MIRROR"", ""nrld_no"": ""AP01MH0089"", ""dam_type"": ""TE"", ""age_years"": null, ""gate_type"": null, ""built_year"": null, ""gate_count"": null, ""river_name"": ""Swarnamuki R"", ""dam_height_m"": 18.0, ""dam_length_m"": 900.0, ""quality_flag"": ""SOURCE_PRESERVED"", ""seismic_zone"": ""Seismic Zone-II"", ""spillway_type"": null, ""structure_code"": ""D06583"", ""authority_level"": ""B2"", ""completion_year"": null, ""registry_status"": null, ""spillway_level_m"": null, ""commencement_year"": null, ""spillway_length_m"": null, ""dam_volume_source_value"": null, ""engineering_completeness"": 0.6, ""design_flood_source_value"": null, ""engineering_fields_available"": 6.0, ""engineering_source_confidence"": 0.8, ""spillway_capacity_source_value"": 168.51}",{},False,2026-09-03T04:52:14.819262+00:00
164,AP_DAM_WRIS_AP01LH0090,"Chinna Tippa Samudram
Tank",dam,ap_dam_barrage_state_v1,"{""origin"": ""GOVERNMENT_DERIVED_MIRROR"", ""nrld_no"": ""AP01LH0090"", ""dam_type"": ""TE"", ""age_years"": null, ""gate_type"": null, ""built_year"": null, ""gate_count"": null, ""river_name"": ""Thettuvanka"", ""dam_height_m"": 12.2, ""dam_length_m"": 790.0, ""quality_flag"": ""SOURCE_PRESERVED"", ""seismic_zone"": ""Seismic Zone-II"", ""spillway_type"": null, ""structure_code"": ""D06582"", ""authority_level"": ""B2"", ""completion_year"": null, ""registry_status"": null, ""spillway_level_m"": null, ""commencement_year"": null, ""spillway_length_m"": null, ""dam_volume_source_value"": null, ""engineering_completeness"": 0.6, ""design_flood_source_value"": null, ""engineering_fields_available"": 6.0, ""engineering_source_confidence"": 0.8, ""spillway_capacity_source_value"": 354.0}",{},False,2026-09-03T04:52:14.819262+00:00
165,AP_DAM_WRIS_AP01LH0093,"Gowricheru, Mogili",dam,ap_dam_barrage_state_v1,"{""origin"": ""GOVERNMENT_DERIVED_MIRROR"", ""nrld_no"": ""AP01LH0093"", ""dam_type"": ""TE"", ""age_years"": null, ""gate_type"": null, ""built_year"": null, ""gate_count"": null, ""river_name"": ""Ghataprabha"", ""dam_height_m"": 10.0, ""dam_length_m"": 650.0, ""quality_flag"": ""SOURCE_PRESERVED"", ""seismic_zone"": ""Seismic Zone-II"", ""spillway_type"": null, ""structure_code"": ""D06699"", ""authority_level"": ""B2"", ""completion_year"": null, ""registry_status"": null, ""spillway_level_m"": null, ""commencement_year"": null, ""spillway_length_m"": null, ""dam_volume_source_value"": 47.99, ""engineering_completeness"": 0.6, ""design_flood_source_value"": null, ""engineering_fields_available"": 6.0, ""engineering_source_confidence"": 0.8, ""spillway_capacity_source_value"": 136.0}",{},False,2026-09-03T04:52:14.819262+00:00
166,AP_DAM_WRIS_AP01MH0094,Gullur Tank,dam,ap_dam_barrage_state_v1,"{""origin"": ""GOVERNMENT_DERIVED_MIRROR"", ""nrld_no"": ""AP01MH0094"", ""dam_type"": ""TE"", ""age_years"": null, ""gate_type"": null, ""built_year"": null, ""gate_count"": null, ""river_name"": ""Ghataprabha"", ""dam_height_m"": 15.0, ""dam_length_m"": 1040.0, ""quality_flag"": ""SOURCE_PRESERVED"", ""seismic_zone"": ""Seismic Zone-II"", ""spillway_type"": null, ""structure_code"": ""D06702"", ""authority_level"": ""B2"", ""completion_year"": null, ""registry_status"": null, ""spillway_level_m"": null, ""commencement_year"": null, ""spillway_length_m"": null, ""dam_volume_source_value"": null, ""engineering_completeness"": 0.5, ""design_flood_source_value"": null, ""engineering_fields_available"": 5.0, ""engineering_source_confidence"": 0.8, ""spillway_capacity_source_value"": null}",{},False,2026-09-03T04:52:14.819262+00:00
167,AP_DAM_WRIS_AP01MH0095,Gundlamotu Reservoir,dam,ap_dam_barrage_state_v1,"{""origin"": ""GOVERNMENT_DERIVED_MIRROR"", ""nrld_no"": ""AP01MH0095"", ""dam_type"": ""TE"", ""age_years"": null, ""gate_type"": null, ""built_year"": null, ""gate_count"": null, ""river_name"": ""Ghataprabha"", ""dam_height_m"": 16.0, ""dam_length_m"": 605.0, ""quality_flag"": ""SOURCE_PRESERVED"", ""seismic_zone"": ""Seismic Zone-II"", ""spillway_type"": null, ""structure_code"": ""D06704"", ""authority_level"": ""B2"", ""completion_year"": null, ""registry_status"": null, ""spillway_level_m"": null, ""commencement_year"": null, ""spillway_length_m"": null, ""dam_volume_source_value"": null, ""engineering_completeness"": 0.6, ""design_flood_source_value"": null, ""engineering_fields_available"": 6.0, ""engineering_source_confidence"": 0.8, ""spillway_capacity_source_value"": 652.0}",{},False,2026-09-03T04:52:14.819262+00:00
168,AP_DAM_WRIS_AP01LH0099,Koduru Reservoir,dam,ap_dam_barrage_state_v1,"{""origin"": ""GOVERNMENT_DERIVED_MIRROR"", ""nrld_no"": ""AP01LH0099"", ""dam_type"": ""TE"", ""age_years"": null, ""gate_type"": null, ""built_year"": null, ""gate_count"": null, ""river_name"": ""Khushavathi"", ""dam_height_m"": 10.0, ""dam_length_m"": 796.0, ""quality_flag"": ""SOURCE_PRESERVED"", ""seismic_zone"": ""Seismic Zone-II"", ""spillway_type"": null, ""structure_code"": ""D06839"", ""authority_level"": ""B2"", ""completion_year"": null, ""registry_status"": null, ""spillway_level_m"": null, ""commencement_year"": null, ""spillway_length_m"": null, ""dam_volume_source_value"": null, ""engineering_completeness"": 0.6, ""design_flood_source_value"": null, ""engineering_fields_available"": 6.0, ""engineering_source_confidence"": 0.8, ""spillway_capacity_source_value"": 21.24}",{},False,2026-09-03T04:52:14.819262+00:00
169,AP_DAM_WRIS_AP01LH0103,Muthyalacheruvu,dam,ap_dam_barrage_state_v1,"{""origin"": ""GOVERNMENT_DERIVED_MIRROR"", ""nrld_no"": ""AP01LH0103"", ""dam_type"": ""TE"", ""age_years"": null, ""gate_type"": null, ""built_year"": null, ""gate_count"": null, ""river_name"": ""ghatprabha"", ""dam_height_m"": 11.0, ""dam_length_m"": 838.0, ""quality_flag"": ""SOURCE_PRESERVED"", ""seismic_zone"": ""Seismic Zone-II"", ""spillway_type"": null, ""structure_code"": ""D06961"", ""authority_level"": ""B2"", ""completion_year"": null, ""registry_status"": null, ""spillway_level_m"": null, ""commencement_year"": null, ""spillway_length_m"": null, ""dam_volume_source_value"": null, ""engineering_completeness"": 0.6, ""design_flood_source_value"": null, ""engineering_fields_available"": 6.0, ""engineering_source_confidence"": 0.8, ""spillway_capacity_source_value"": 297.44}",{},False,2026-09-03T04:52:14.819262+00:00
170,AP_DAM_WRIS_AP01LH0105,"Pattikondavanka, Guttava",dam,ap_dam_barrage_state_v1,"{""origin"": ""GOVERNMENT_DERIVED_MIRROR"", ""nrld_no"": ""AP01LH0105"", ""dam_type"": ""TE"", ""age_years"": null, ""gate_type"": null, ""built_year"": null, ""gate_count"": null, ""river_name"": ""Ghataprabha"", ""dam_height_m"": 12.48, ""dam_length_m"": 580.0, ""quality_flag"": ""SOURCE_PRESERVED"", ""seismic_zone"": ""Seismic Zone-II"", ""spillway_type"": null, ""structure_code"": ""D07038"", ""authority_level"": ""B2"", ""completion_year"": null, ""registry_status"": null, ""spillway_level_m"": null, ""commencement_year"": null, ""spillway_length_m"": null, ""dam_volume_source_value"": null, ""engineering_completeness"": 0.6, ""design_flood_source_value"": null, ""engineering_fields_available"": 6.0, ""engineering_source_confidence"": 0.8, ""spillway_capacity_source_value"": 59.0}",{},False,2026-09-03T04:52:14.819262+00:00
171,AP_DAM_WRIS_AP01LH0113,"Rallakalva, Kaliyambaka",dam,ap_dam_barrage_state_v1,"{""origin"": ""GOVERNMENT_DERIVED_MIRROR"", ""nrld_no"": ""AP01LH0113"", ""dam_type"": ""TE"", ""age_years"": null, ""gate_type"": null, ""built_year"": null, ""gate_count"": null, ""river_name"": ""Rallakalva"", ""dam_height_m"": 10.0, ""dam_length_m"": 1515.0, ""quality_flag"": ""SOURCE_PRESERVED"", ""seismic_zone"": ""Seismic Zone-II"", ""spillway_type"": null, ""structure_code"": ""D07089"", ""authority_level"": ""B2"", ""completion_year"": null, ""registry_status"": null, ""spillway_level_m"": null, ""commencement_year"": null, ""spillway_length_m"": null, ""dam_volume_source_value"": 81.1, ""engineering_completeness"": 0.6, ""design_flood_source_value"": null, ""engineering_fields_available"": 6.0, ""engineering_source_confidence"": 0.8, ""spillway_capacity_source_value"": 73.0}",{},False,2026-09-03T04:52:14.819262+00:00
172,AP_DAM_WRIS_AP01MH0114,"Rao Cheruvu,  Rajupalem",dam,ap_dam_barrage_state_v1,"{""origin"": ""GOVERNMENT_DERIVED_MIRROR"", ""nrld_no"": ""AP01MH0114"", ""dam_type"": ""TE"", ""age_years"": null, ""gate_type"": null, ""built_year"": null, ""gate_count"": null, ""river_name"": ""Sagileru"", ""dam_height_m"": 16.0, ""dam_length_m"": 460.0, ""quality_flag"": ""SOURCE_PRESERVED"", ""seismic_zone"": ""Seismic Zone-II"", ""spillway_type"": null, ""structure_code"": ""D07100"", ""authority_level"": ""B2"", ""completion_year"": null, ""registry_status"": null, ""spillway_level_m"": null, ""commencement_year"": null, ""spillway_length_m"": null, ""dam_volume_source_value"": null, ""engineering_completeness"": 0.6, ""design_flood_source_value"": null, ""engineering_fields_available"": 6.0, ""engineering_source_confidence"": 0.8, ""spillway_capacity_source_value"": 113.83}",{},False,2026-09-03T04:52:14.819262+00:00
173,AP_DAM_WRIS_AP01LH0119,Swamy Tank,dam,ap_dam_barrage_state_v1,"{""origin"": ""GOVERNMENT_DERIVED_MIRROR"", ""nrld_no"": ""AP01LH0119"", ""dam_type"": ""TE"", ""age_years"": null, ""gate_type"": null, ""built_year"": null, ""gate_count"": null, ""river_name"": ""pennar"", ""dam_height_m"": 11.58, ""dam_length_m"": 375.0, ""quality_flag"": ""SOURCE_PRESERVED"", ""seismic_zone"": ""Seismic Zone-II"", ""spillway_type"": null, ""structure_code"": ""D07220"", ""authority_level"": ""B2"", ""completion_year"": null, ""registry_status"": null, ""spillway_level_m"": null, ""commencement_year"": null, ""spillway_length_m"": null, ""dam_volume_source_value"": null, ""engineering_completeness"": 0.6, ""design_flood_source_value"": null, ""engineering_fields_available"": 6.0, ""engineering_source_confidence"": 0.8, ""spillway_capacity_source_value"": 56.35}",{},False,2026-09-03T04:52:14.819262+00:00
174,AP_DAM_WRIS_AP01LH0122,"Ura Tank, S.R. Puram",dam,ap_dam_barrage_state_v1,"{""origin"": ""GOVERNMENT_DERIVED_MIRROR"", ""nrld_no"": ""AP01LH0122"", ""dam_type"": ""TE"", ""age_years"": null, ""gate_type"": null, ""built_year"": null, ""gate_count"": null, ""river_name"": ""pennar"", ""dam_height_m"": 13.86, ""dam_length_m"": 869.0, ""quality_flag"": ""SOURCE_PRESERVED"", ""seismic_zone"": ""Seismic Zone-II"", ""spillway_type"": null, ""structure_code"": ""D07262"", ""authority_level"": ""B2"", ""completion_year"": null, ""registry_status"": null, ""spillway_level_m"": null, ""commencement_year"": null, ""spillway_length_m"": null, ""dam_volume_source_value"": null, ""engineering_completeness"": 0.6, ""design_flood_source_value"": null, ""engineering_fields_available"": 6.0, ""engineering_source_confidence"": 0.8, ""spillway_capacity_source_value"": 283.0}",{},False,2026-09-03T04:52:14.819262+00:00
175,AP_DAM_WRIS_AP01LH0123,Virupana  Tank,dam,ap_dam_barrage_state_v1,"{""origin"": ""GOVERNMENT_DERIVED_MIRROR"", ""nrld_no"": ""AP01LH0123"", ""dam_type"": ""TE"", ""age_years"": null, ""gate_type"": null, ""built_year"": null, ""gate_count"": null, ""river_name"": ""ghatprabha"", ""dam_height_m"": 12.0, ""dam_length_m"": 589.0, ""quality_flag"": ""SOURCE_PRESERVED"", ""seismic_zone"": ""Seismic Zone-II"", ""spillway_type"": null, ""structure_code"": ""D07280"", ""authority_level"": ""B2"", ""completion_year"": null, ""registry_status"": null, ""spillway_level_m"": null, ""commencement_year"": null, ""spillway_length_m"": null, ""dam_volume_source_value"": null, ""engineering_completeness"": 0.6, ""design_flood_source_value"": null, ""engineering_fields_available"": 6.0, ""engineering_source_confidence"": 0.8, ""spillway_capacity_source_value"": 6.68}",{},False,2026-09-03T04:52:14.819262+00:00
176,AP_DAM_WRIS_AP01MH0152,"N.T.R. T.G.P-Subsidiary
Reservoir  No 2",dam,ap_dam_barrage_state_v1,"{""origin"": ""GOVERNMENT_DERIVED_MIRROR"", ""nrld_no"": ""AP01MH0152"", ""dam_type"": ""TE"", ""age_years"": null, ""gate_type"": null, ""built_year"": null, ""gate_count"": null, ""river_name"": ""Vakkileru  N"", ""dam_height_m"": 18.0, ""dam_length_m"": null, ""quality_flag"": ""SOURCE_PRESERVED"", ""seismic_zone"": ""Seismic Zone-II"", ""spillway_type"": null, ""structure_code"": ""D06963"", ""authority_level"": ""B2"", ""completion_year"": null, ""registry_status"": null, ""spillway_level_m"": null, ""commencement_year"": null, ""spillway_length_m"": null, ""dam_volume_source_value"": null, ""engineering_completeness"": 0.4, ""design_flood_source_value"": null, ""engineering_fields_available"": 4.0, ""engineering_source_confidence"": 0.8, ""spillway_capacity_source_value"": null}",{},False,2026-09-03T04:52:14.819262+00:00
177,AP_DAM_WRIS_AP01HH0159,"Ps Velegonda Project Kakarla
Dam",dam,ap_dam_barrage_state_v1,"{""origin"": ""GOVERNMENT_DERIVED_MIRROR"", ""nrld_no"": ""AP01HH0159"", ""dam_type"": ""TE"", ""age_years"": 12.0, ""gate_type"": null, ""built_year"": 2014.0, ""gate_count"": null, ""river_name"": ""krishna"", ""dam_height_m"": 60.0, ""dam_length_m"": 470.0, ""quality_flag"": ""SOURCE_PRESERVED"", ""seismic_zone"": ""Seismic Zone-II"", ""spillway_type"": null, ""structure_code"": ""D07079"", ""authority_level"": ""B2"", ""completion_year"": 2014.0, ""registry_status"": null, ""spillway_level_m"": null, ""commencement_year"": null, ""spillway_length_m"": null, ""dam_volume_source_value"": 210.0, ""engineering_completeness"": 0.7, ""design_flood_source_value"": null, ""engineering_fields_available"": 7.0, ""engineering_source_confidence"": 0.8, ""spillway_capacity_source_value"": 52.29}",{},False,2026-09-03T04:52:14.819262+00:00
178,AP_DAM_WRIS_AP01MH0166,"Surempalem Reservoir
Project",dam,ap_dam_barrage_state_v1,"{""origin"": ""GOVERNMENT_DERIVED_MIRROR"", ""nrld_no"": ""AP01MH0166"", ""dam_type"": ""TE"", ""age_years"": 20.0, ""gate_type"": null, ""built_year"": 2006.0, ""gate_count"": null, ""river_name"": ""Burada kalva"", ""dam_height_m"": 27.6, ""dam_length_m"": 800.0, ""quality_flag"": ""SOURCE_PRESERVED"", ""seismic_zone"": ""Seismic Zone-II"", ""spillway_type"": null, ""structure_code"": ""D07212"", ""authority_level"": ""B2"", ""completion_year"": 2006.0, ""registry_status"": null, ""spillway_level_m"": null, ""commencement_year"": null, ""spillway_length_m"": null, ""dam_volume_source_value"": 0.3136, ""engineering_completeness"": 0.7, ""design_flood_source_value"": null, ""engineering_fields_available"": 7.0, ""engineering_source_confidence"": 0.8, ""spillway_capacity_source_value"": 52.29}",{},False,2026-09-03T04:52:14.819262+00:00
179,AP_DAM_WRIS_AP01MH0167,Gogarbham Dam,dam,ap_dam_barrage_state_v1,"{""origin"": ""GOVERNMENT_DERIVED_MIRROR"", ""nrld_no"": ""AP01MH0167"", ""dam_type"": ""TE"", ""age_years"": 63.0, ""gate_type"": null, ""built_year"": 1963.0, ""gate_count"": null, ""river_name"": ""Local"", ""dam_height_m"": 24.3, ""dam_length_m"": 54.0, ""quality_flag"": ""SOURCE_PRESERVED"", ""seismic_zone"": ""Seismic Zone-II"", ""spillway_type"": null, ""structure_code"": ""D06688"", ""authority_level"": ""B2"", ""completion_year"": 1963.0, ""registry_status"": null, ""spillway_level_m"": null, ""commencement_year"": null, ""spillway_length_m"": null, ""dam_volume_source_value"": null, ""engineering_completeness"": 0.6, ""design_flood_source_value"": null, ""engineering_fields_available"": 6.0, ""engineering_source_confidence"": 0.8, ""spillway_capacity_source_value"": null}",{},False,2026-09-03T04:52:14.819262+00:00
180,AP_DAM_WRIS_AP01MH0168,Akasaganga,dam,ap_dam_barrage_state_v1,"{""origin"": ""GOVERNMENT_DERIVED_MIRROR"", ""nrld_no"": ""AP01MH0168"", ""dam_type"": ""TE"", ""age_years"": 24.0, ""gate_type"": null, ""built_year"": 2002.0, ""gate_count"": null, ""river_name"": ""Local"", ""dam_height_m"": 28.0, ""dam_length_m"": 170.0, ""quality_flag"": ""SOURCE_PRESERVED"", ""seismic_zone"": ""Seismic Zone-II"", ""spillway_type"": null, ""structure_code"": ""D06420"", ""authority_level"": ""B2"", ""completion_year"": 2002.0, ""registry_status"": null, ""spillway_level_m"": null, ""commencement_year"": null, ""spillway_length_m"": null, ""dam_volume_source_value"": 0.035, ""engineering_completeness"": 0.7, ""design_flood_source_value"": null, ""engineering_fields_available"": 7.0, ""engineering_source_confidence"": 0.8, ""spillway_capacity_source_value"": 52.29}",{},False,2026-09-03T04:52:14.819262+00:00
181,AP_DAM_WRIS_AP01HH0169,"Kumaradhara Pushpadhara
Dam",dam,ap_dam_barrage_state_v1,"{""origin"": ""GOVERNMENT_DERIVED_MIRROR"", ""nrld_no"": ""AP01HH0169"", ""dam_type"": ""TE"", ""age_years"": 15.0, ""gate_type"": null, ""built_year"": 2011.0, ""gate_count"": null, ""river_name"": ""Odher"", ""dam_height_m"": 63.74, ""dam_length_m"": 906.3, ""quality_flag"": ""SOURCE_PRESERVED"", ""seismic_zone"": ""Seismic Zone-II"", ""spillway_type"": null, ""structure_code"": ""D06861"", ""authority_level"": ""B2"", ""completion_year"": 2011.0, ""registry_status"": null, ""spillway_level_m"": null, ""commencement_year"": null, ""spillway_length_m"": null, ""dam_volume_source_value"": 0.25, ""engineering_completeness"": 0.7, ""design_flood_source_value"": null, ""engineering_fields_available"": 7.0, ""engineering_source_confidence"": 0.8, ""spillway_capacity_source_value"": 12500.0}",{},False,2026-09-03T04:52:14.819262+00:00
