asset_code,bridge_name,has_built_year,has_material,has_length,has_width,has_lanes,has_spans,has_piers,has_traffic,has_rainfall,has_flood,has_discharge,has_velocity,has_maintenance,has_inspection,has_condition_history,engineering_feature_count,environment_feature_count,evidence_coverage_score,target_090_evidence_ready,missing_for_strong_evidence
,( Benz Cir Flyover ) Vijayawada - Gannavaram - Pedda Avutapalli Road ( Old NH16 Road ),True,False,True,False,False,False,False,False,True,False,False,False,False,False,False,1,1,0.171,False,material;width;lanes;spans;piers;traffic;flood;discharge;velocity;maintenance;inspection;condition_history
,Addanki Road,False,False,True,False,False,False,False,False,True,False,False,False,False,False,False,1,1,0.121,False,built_year;material;width;lanes;spans;piers;traffic;flood;discharge;velocity;maintenance;inspection;condition_history
,Alluri Seetharamaraju Bridge,False,False,True,False,False,False,False,False,True,False,False,False,False,False,False,1,1,0.121,False,built_year;material;width;lanes;spans;piers;traffic;flood;discharge;velocity;maintenance;inspection;condition_history
,Amalapuram - Challapalli Road,False,False,True,False,False,False,False,False,True,False,False,False,False,False,False,1,1,0.121,False,built_year;material;width;lanes;spans;piers;traffic;flood;discharge;velocity;maintenance;inspection;condition_history
,Anakapalle Bypass,False,False,True,False,False,False,False,False,True,False,False,False,False,False,False,1,1,0.121,False,built_year;material;width;lanes;spans;piers;traffic;flood;discharge;velocity;maintenance;inspection;condition_history
,Anakapalli Main Road,False,False,True,False,False,False,False,False,True,False,False,False,False,False,False,1,1,0.121,False,built_year;material;width;lanes;spans;piers;traffic;flood;discharge;velocity;maintenance;inspection;condition_history
,Anantapur - Kalyandurg - Rayadurg Road,False,False,True,False,False,False,False,False,True,False,True,False,False,False,False,1,2,0.154,False,built_year;material;width;lanes;spans;piers;traffic;flood;velocity;maintenance;inspection;condition_history
,Anantapur - Krishnagiri Road,False,False,True,False,False,False,False,False,True,False,False,False,False,False,False,1,1,0.121,False,built_year;material;width;lanes;spans;piers;traffic;flood;discharge;velocity;maintenance;inspection;condition_history
,Anantapur - Krishnagiri Road,False,False,True,False,False,False,False,False,True,False,False,False,False,False,False,1,1,0.121,False,built_year;material;width;lanes;spans;piers;traffic;flood;discharge;velocity;maintenance;inspection;condition_history
,Anantapur Main Road,False,False,True,False,False,False,False,False,True,False,False,False,False,False,False,1,1,0.121,False,built_year;material;width;lanes;spans;piers;traffic;flood;discharge;velocity;maintenance;inspection;condition_history
,Atmakur R,False,False,True,False,False,False,False,False,True,False,False,False,False,False,False,1,1,0.121,False,built_year;material;width;lanes;spans;piers;traffic;flood;discharge;velocity;maintenance;inspection;condition_history
,Bapatla - Pedanandipadu Road,False,False,True,False,False,False,False,False,False,False,False,False,False,False,False,1,0,0.087,False,built_year;material;width;lanes;spans;piers;traffic;rainfall;flood;discharge;velocity;maintenance;inspection;condition_history
,Bapatla - Pedanandipadu Road,False,False,True,False,False,False,False,False,False,False,False,False,False,False,False,1,0,0.087,False,built_year;material;width;lanes;spans;piers;traffic;rainfall;flood;discharge;velocity;maintenance;inspection;condition_history
,Boorada - Veeraghattam Road,False,False,True,False,False,False,False,False,False,False,False,False,False,False,False,1,0,0.087,False,built_year;material;width;lanes;spans;piers;traffic;rainfall;flood;discharge;velocity;maintenance;inspection;condition_history
,Bridge 1,False,False,True,False,False,False,False,False,False,False,False,False,False,False,False,1,0,0.087,False,built_year;material;width;lanes;spans;piers;traffic;rainfall;flood;discharge;velocity;maintenance;inspection;condition_history
,Budhwarpet Bridge,False,False,True,False,False,False,False,False,True,False,False,False,False,False,False,1,1,0.121,False,built_year;material;width;lanes;spans;piers;traffic;flood;discharge;velocity;maintenance;inspection;condition_history
,BYpass road,False,False,True,False,False,False,False,False,False,False,False,False,False,False,False,1,0,0.087,False,built_year;material;width;lanes;spans;piers;traffic;rainfall;flood;discharge;velocity;maintenance;inspection;condition_history
,Chanumolu Venkata Flyoverr,False,False,True,False,False,False,False,False,True,False,False,False,False,False,False,1,1,0.121,False,built_year;material;width;lanes;spans;piers;traffic;flood;discharge;velocity;maintenance;inspection;condition_history
,Chennai - Tirupati Highway,False,False,True,False,False,False,False,False,True,False,False,False,False,False,False,1,1,0.121,False,built_year;material;width;lanes;spans;piers;traffic;flood;discharge;velocity;maintenance;inspection;condition_history
,Chennai - Tirupati Highway,False,False,True,False,False,False,False,False,True,False,True,False,False,False,False,1,2,0.154,False,built_year;material;width;lanes;spans;piers;traffic;flood;velocity;maintenance;inspection;condition_history
,Chilakapadu Bridge,False,False,True,False,False,False,False,False,True,False,False,False,False,False,False,1,1,0.121,False,built_year;material;width;lanes;spans;piers;traffic;flood;discharge;velocity;maintenance;inspection;condition_history
,Chilakapalem - Ramabhadrapuram - Rayagada Road,False,False,True,False,False,False,False,False,True,False,False,False,False,False,False,1,1,0.121,False,built_year;material;width;lanes;spans;piers;traffic;flood;discharge;velocity;maintenance;inspection;condition_history
,Chilakapalem - Ramabhadrapuram - Rayagada Road,False,False,True,False,False,False,False,False,True,False,False,False,False,False,False,1,1,0.121,False,built_year;material;width;lanes;spans;piers;traffic;flood;discharge;velocity;maintenance;inspection;condition_history
,Chilakapalem - Ramabhadrapuram - Rayagada Road,False,False,True,False,False,False,False,False,False,False,False,False,False,False,False,1,0,0.087,False,built_year;material;width;lanes;spans;piers;traffic;rainfall;flood;discharge;velocity;maintenance;inspection;condition_history
,Chirala-Ongole Bypass,False,False,True,False,False,False,False,False,True,False,False,False,False,False,False,1,1,0.121,False,built_year;material;width;lanes;spans;piers;traffic;flood;discharge;velocity;maintenance;inspection;condition_history
,Chitoor-Thatchur Expressway,False,False,True,False,False,False,False,False,True,False,True,False,False,False,False,1,2,0.154,False,built_year;material;width;lanes;spans;piers;traffic;flood;velocity;maintenance;inspection;condition_history
,Chitoor-Thatchur Expressway,False,False,True,False,False,False,False,False,True,False,False,False,False,False,False,1,1,0.121,False,built_year;material;width;lanes;spans;piers;traffic;flood;discharge;velocity;maintenance;inspection;condition_history
,Chitoor-Thatchur Expressway,False,False,True,False,False,False,False,False,True,False,False,False,False,False,False,1,1,0.121,False,built_year;material;width;lanes;spans;piers;traffic;flood;discharge;velocity;maintenance;inspection;condition_history
,Chittoor - Puttur Road,False,False,True,False,False,False,False,False,True,False,False,False,False,False,False,1,1,0.121,False,built_year;material;width;lanes;spans;piers;traffic;flood;discharge;velocity;maintenance;inspection;condition_history
,Chittoor - Puttur Road,False,False,True,False,False,False,False,False,True,False,False,False,False,False,False,1,1,0.121,False,built_year;material;width;lanes;spans;piers;traffic;flood;discharge;velocity;maintenance;inspection;condition_history
,Chittoor - Puttur Road,False,False,True,False,False,False,False,False,True,False,False,False,False,False,False,1,1,0.121,False,built_year;material;width;lanes;spans;piers;traffic;flood;discharge;velocity;maintenance;inspection;condition_history
,Chivatam Bridge,False,False,True,False,False,False,False,False,True,False,False,False,False,False,False,1,1,0.121,False,built_year;material;width;lanes;spans;piers;traffic;flood;discharge;velocity;maintenance;inspection;condition_history
,Devarapalle Road,False,False,True,False,False,False,False,False,True,False,False,False,False,False,False,1,1,0.121,False,built_year;material;width;lanes;spans;piers;traffic;flood;discharge;velocity;maintenance;inspection;condition_history
,Dharmavaram - Kalyandurg Road,False,False,True,False,False,False,False,False,True,False,False,False,False,False,False,1,1,0.121,False,built_year;material;width;lanes;spans;piers;traffic;flood;discharge;velocity;maintenance;inspection;condition_history
,Dharmavaram - Kalyandurg Road,False,False,True,False,False,False,False,False,True,False,False,False,False,False,False,1,1,0.121,False,built_year;material;width;lanes;spans;piers;traffic;flood;discharge;velocity;maintenance;inspection;condition_history
,Dhone Main Road,False,False,True,False,False,False,False,False,True,False,False,False,False,False,False,1,1,0.121,False,built_year;material;width;lanes;spans;piers;traffic;flood;discharge;velocity;maintenance;inspection;condition_history
,Digavalli - Valasapalli Road,False,False,True,False,False,False,False,False,False,False,False,False,False,False,False,1,0,0.087,False,built_year;material;width;lanes;spans;piers;traffic;rainfall;flood;discharge;velocity;maintenance;inspection;condition_history
,DNR -Dasari Narayana Rao Bridge,False,False,True,False,False,False,False,False,True,False,False,False,False,False,False,1,1,0.121,False,built_year;material;width;lanes;spans;piers;traffic;flood;discharge;velocity;maintenance;inspection;condition_history
,Dr B.R Ambedkar Road,False,False,True,False,False,False,False,False,True,False,False,False,False,False,False,1,1,0.121,False,built_year;material;width;lanes;spans;piers;traffic;flood;discharge;velocity;maintenance;inspection;condition_history
,Eluru - Jangareddigudem Road,False,False,True,False,False,False,False,False,True,False,False,False,False,False,False,1,1,0.121,False,built_year;material;width;lanes;spans;piers;traffic;flood;discharge;velocity;maintenance;inspection;condition_history
,Eluru - Kaikaluru Road,False,False,True,False,False,False,False,False,False,False,False,False,False,False,False,1,0,0.087,False,built_year;material;width;lanes;spans;piers;traffic;rainfall;flood;discharge;velocity;maintenance;inspection;condition_history
,Eluru railway station Road,False,False,True,False,False,False,False,False,False,False,True,False,False,False,False,1,1,0.121,False,built_year;material;width;lanes;spans;piers;traffic;rainfall;flood;velocity;maintenance;inspection;condition_history
,Eluru Road,False,False,True,False,False,False,False,False,False,False,True,False,False,False,False,1,1,0.121,False,built_year;material;width;lanes;spans;piers;traffic;rainfall;flood;velocity;maintenance;inspection;condition_history
,Entrance Via Rajahmundry,False,False,True,False,False,False,False,False,True,False,False,False,False,False,False,1,1,0.121,False,built_year;material;width;lanes;spans;piers;traffic;flood;discharge;velocity;maintenance;inspection;condition_history
,Exit Via Anaparthi - Kakinada Road,False,False,True,False,False,False,False,False,True,False,False,False,False,False,False,1,1,0.121,False,built_year;material;width;lanes;spans;piers;traffic;flood;discharge;velocity;maintenance;inspection;condition_history
,Gajularega Underground Bridge,False,False,True,False,False,False,False,False,True,False,False,False,False,False,False,1,1,0.121,False,built_year;material;width;lanes;spans;piers;traffic;flood;discharge;velocity;maintenance;inspection;condition_history
,Godavari Bridge,True,False,True,False,False,False,False,False,True,False,False,False,False,False,False,1,1,0.171,False,material;width;lanes;spans;piers;traffic;flood;discharge;velocity;maintenance;inspection;condition_history
,Gooty Main Road,False,False,True,False,False,False,False,False,True,False,False,False,False,False,False,1,1,0.121,False,built_year;material;width;lanes;spans;piers;traffic;flood;discharge;velocity;maintenance;inspection;condition_history
,Gudur - Duggarajupatnam Road,False,False,True,False,False,False,False,False,False,False,False,False,False,False,False,1,0,0.087,False,built_year;material;width;lanes;spans;piers;traffic;rainfall;flood;discharge;velocity;maintenance;inspection;condition_history
,Gudur - Tupilipalem Road,False,False,True,False,False,False,False,False,False,False,False,False,False,False,False,1,0,0.087,False,built_year;material;width;lanes;spans;piers;traffic;rainfall;flood;discharge;velocity;maintenance;inspection;condition_history
,Guntur - Chirala Road,False,False,True,False,False,False,False,False,False,False,False,False,False,False,False,1,0,0.087,False,built_year;material;width;lanes;spans;piers;traffic;rainfall;flood;discharge;velocity;maintenance;inspection;condition_history
,Guntur - Hanumanpalem Road,False,False,True,False,False,False,False,False,True,False,False,False,False,False,False,1,1,0.121,False,built_year;material;width;lanes;spans;piers;traffic;flood;discharge;velocity;maintenance;inspection;condition_history
,Guntur Bypass,False,False,True,False,False,False,False,False,True,False,False,False,False,False,False,1,1,0.121,False,built_year;material;width;lanes;spans;piers;traffic;flood;discharge;velocity;maintenance;inspection;condition_history
,Guntur Bypass,False,False,True,False,False,False,False,False,True,False,False,False,False,False,False,1,1,0.121,False,built_year;material;width;lanes;spans;piers;traffic;flood;discharge;velocity;maintenance;inspection;condition_history
,Gunturu - Vinukonda Road,False,False,True,False,False,False,False,False,False,False,False,False,False,False,False,1,0,0.087,False,built_year;material;width;lanes;spans;piers;traffic;rainfall;flood;discharge;velocity;maintenance;inspection;condition_history
,Handri Bridge,False,False,True,False,False,False,False,False,True,False,False,False,False,False,False,1,1,0.121,False,built_year;material;width;lanes;spans;piers;traffic;flood;discharge;velocity;maintenance;inspection;condition_history
,Handri Lane,False,False,True,True,False,False,False,False,True,False,False,False,False,False,False,2,1,0.158,False,built_year;material;lanes;spans;piers;traffic;flood;discharge;velocity;maintenance;inspection;condition_history
,Hindupur Bypass,False,False,True,False,False,False,False,False,True,False,False,False,False,False,False,1,1,0.121,False,built_year;material;width;lanes;spans;piers;traffic;flood;discharge;velocity;maintenance;inspection;condition_history
,Hindupur Bypass,False,False,True,False,False,False,False,False,True,False,False,False,False,False,False,1,1,0.121,False,built_year;material;width;lanes;spans;piers;traffic;flood;discharge;velocity;maintenance;inspection;condition_history
,Howrah - Chennai Main Line,False,False,True,False,False,False,False,False,True,False,False,False,False,False,False,1,1,0.121,False,built_year;material;width;lanes;spans;piers;traffic;flood;discharge;velocity;maintenance;inspection;condition_history
,Howrah - Chennai Main Line,False,False,True,False,False,False,False,False,False,False,False,False,False,False,False,1,0,0.087,False,built_year;material;width;lanes;spans;piers;traffic;rainfall;flood;discharge;velocity;maintenance;inspection;condition_history
,Howrah - Chennai Main Line,False,False,True,False,False,False,False,False,False,False,False,False,False,False,False,1,0,0.087,False,built_year;material;width;lanes;spans;piers;traffic;rainfall;flood;discharge;velocity;maintenance;inspection;condition_history
,Howrah - Chennai Main Line,False,False,True,False,False,False,False,False,True,False,True,False,False,False,False,1,2,0.154,False,built_year;material;width;lanes;spans;piers;traffic;flood;velocity;maintenance;inspection;condition_history
,Howrah - Chennai Main Line,False,False,True,False,False,False,False,False,True,False,False,False,False,False,False,1,1,0.121,False,built_year;material;width;lanes;spans;piers;traffic;flood;discharge;velocity;maintenance;inspection;condition_history
,Howrah - Chennai Main Line,False,False,True,False,False,False,False,False,False,False,False,False,False,False,False,1,0,0.087,False,built_year;material;width;lanes;spans;piers;traffic;rainfall;flood;discharge;velocity;maintenance;inspection;condition_history
,Howrah - Chennai Main Line,False,False,True,False,False,False,False,False,True,False,True,False,False,False,False,1,2,0.154,False,built_year;material;width;lanes;spans;piers;traffic;flood;velocity;maintenance;inspection;condition_history
,Howrah–Chennai main line (Godavari Arch Bridge),True,False,True,False,False,True,True,False,True,False,True,False,False,False,False,3,2,0.279,False,material;width;lanes;traffic;flood;velocity;maintenance;inspection;condition_history
,Howrah–Chennai main line (Godavari Bridge),False,False,True,False,False,False,False,False,True,False,False,False,False,False,False,1,1,0.121,False,built_year;material;width;lanes;spans;piers;traffic;flood;discharge;velocity;maintenance;inspection;condition_history
,Indrapalem road bridge,False,False,True,False,False,False,False,False,True,False,False,False,False,False,False,1,1,0.121,False,built_year;material;width;lanes;spans;piers;traffic;flood;discharge;velocity;maintenance;inspection;condition_history
,Inner Ring Road Flyover,False,False,True,False,False,False,False,False,True,False,False,False,False,False,False,1,1,0.121,False,built_year;material;width;lanes;spans;piers;traffic;flood;discharge;velocity;maintenance;inspection;condition_history
,Jaganaikpur Bridge,False,False,True,False,False,False,False,False,True,False,False,False,False,False,False,1,1,0.121,False,built_year;material;width;lanes;spans;piers;traffic;flood;discharge;velocity;maintenance;inspection;condition_history
,Jaggayyapeta - Wyra Road,False,False,True,False,False,False,False,False,True,False,True,False,False,False,False,1,2,0.154,False,built_year;material;width;lanes;spans;piers;traffic;flood;velocity;maintenance;inspection;condition_history
,Jammalamadugu - Kadiri Road,False,False,True,False,False,False,False,False,True,False,False,False,False,False,False,1,1,0.121,False,built_year;material;width;lanes;spans;piers;traffic;flood;discharge;velocity;maintenance;inspection;condition_history
,Jammalamadugu Muddanuru Road,False,False,True,False,False,False,False,False,True,False,False,False,False,False,False,1,1,0.121,False,built_year;material;width;lanes;spans;piers;traffic;flood;discharge;velocity;maintenance;inspection;condition_history
,Jonnawada Road,False,False,True,False,False,False,False,False,False,False,False,False,False,False,False,1,0,0.087,False,built_year;material;width;lanes;spans;piers;traffic;rainfall;flood;discharge;velocity;maintenance;inspection;condition_history
,Juvvaladinne Road,False,False,True,False,False,False,False,False,False,False,False,False,False,False,False,1,0,0.087,False,built_year;material;width;lanes;spans;piers;traffic;rainfall;flood;discharge;velocity;maintenance;inspection;condition_history
,Kadakatla Road,False,False,True,False,False,False,False,False,True,False,False,False,False,False,False,1,1,0.121,False,built_year;material;width;lanes;spans;piers;traffic;flood;discharge;velocity;maintenance;inspection;condition_history
,Kadapa - Porumamilla Road,False,False,True,False,False,False,False,False,True,False,False,False,False,False,False,1,1,0.121,False,built_year;material;width;lanes;spans;piers;traffic;flood;discharge;velocity;maintenance;inspection;condition_history
,Kadapa - Pulivendula Road,False,False,True,False,False,False,False,False,True,False,False,False,False,False,False,1,1,0.121,False,built_year;material;width;lanes;spans;piers;traffic;flood;discharge;velocity;maintenance;inspection;condition_history
,Kadiri - Vempalle Road,False,False,True,False,False,False,False,False,True,False,False,False,False,False,False,1,1,0.121,False,built_year;material;width;lanes;spans;piers;traffic;flood;discharge;velocity;maintenance;inspection;condition_history
,Kakinada - Rajanagaram (ADB) Road,False,False,True,False,False,False,False,False,True,False,False,False,False,False,False,1,1,0.121,False,built_year;material;width;lanes;spans;piers;traffic;flood;discharge;velocity;maintenance;inspection;condition_history
,Kakinada Bypass,False,False,True,False,False,False,False,False,True,False,False,False,False,False,False,1,1,0.121,False,built_year;material;width;lanes;spans;piers;traffic;flood;discharge;velocity;maintenance;inspection;condition_history
,Kaleswara Rao Flyover,False,False,True,False,False,False,False,False,True,False,False,False,False,False,False,1,1,0.121,False,built_year;material;width;lanes;spans;piers;traffic;flood;discharge;velocity;maintenance;inspection;condition_history
,Kalingapatnam - Srikakulam - Parvathipuram Road,False,False,True,False,False,False,False,False,False,False,False,False,False,False,False,1,0,0.087,False,built_year;material;width;lanes;spans;piers;traffic;rainfall;flood;discharge;velocity;maintenance;inspection;condition_history
,Kalpana Bridge,False,False,True,False,False,False,False,False,True,False,False,False,False,False,False,1,1,0.121,False,built_year;material;width;lanes;spans;piers;traffic;flood;discharge;velocity;maintenance;inspection;condition_history
,Kanaka Durga Flyover,True,False,True,True,False,False,True,False,True,False,False,False,False,False,False,3,1,0.246,False,material;lanes;spans;traffic;flood;discharge;velocity;maintenance;inspection;condition_history
,Kanakadurga Varadhi - Vijayawada - Mangalagiri Road -  Old NH16 Road,False,False,True,False,False,False,False,False,True,False,False,False,False,False,False,1,1,0.121,False,built_year;material;width;lanes;spans;piers;traffic;flood;discharge;velocity;maintenance;inspection;condition_history
,Kancharapalem Flyover - Gnanapuram ( Visakhapatnam Railway Station Back Side ) - NAD  Junction Road,False,False,True,False,False,False,False,False,True,False,False,False,False,False,False,1,1,0.121,False,built_year;material;width;lanes;spans;piers;traffic;flood;discharge;velocity;maintenance;inspection;condition_history
,Kandukur - Gudluru - Thettu Road,False,False,True,False,False,False,False,False,False,False,False,False,False,False,False,1,0,0.087,False,built_year;material;width;lanes;spans;piers;traffic;rainfall;flood;discharge;velocity;maintenance;inspection;condition_history
,Karamchedu Road,False,False,True,False,False,False,False,False,True,False,False,False,False,False,False,1,1,0.121,False,built_year;material;width;lanes;spans;piers;traffic;flood;discharge;velocity;maintenance;inspection;condition_history
,Kasimkota - Bangarumetta Road,False,False,True,False,False,False,False,False,True,False,False,False,False,False,False,1,1,0.121,False,built_year;material;width;lanes;spans;piers;traffic;flood;discharge;velocity;maintenance;inspection;condition_history
,Khajipeta - Kamalapuram Road,False,False,True,False,False,False,False,False,True,False,False,False,False,False,False,1,1,0.121,False,built_year;material;width;lanes;spans;piers;traffic;flood;discharge;velocity;maintenance;inspection;condition_history
,Khammam - Devarapalli Expressway,False,False,True,False,False,False,False,False,True,False,False,False,False,False,False,1,1,0.121,False,built_year;material;width;lanes;spans;piers;traffic;flood;discharge;velocity;maintenance;inspection;condition_history
,Khammam - Devarapalli Expressway,False,False,True,False,False,False,False,False,True,False,False,False,False,False,False,1,1,0.121,False,built_year;material;width;lanes;spans;piers;traffic;flood;discharge;velocity;maintenance;inspection;condition_history
,Komanapalli - Sarubujjili Road,False,False,True,False,False,False,False,False,False,False,False,False,False,False,False,1,0,0.087,False,built_year;material;width;lanes;spans;piers;traffic;rainfall;flood;discharge;velocity;maintenance;inspection;condition_history
,Krishnagiri - Madanapalle Highway,False,False,True,False,False,False,False,False,False,False,False,False,False,False,False,1,0,0.087,False,built_year;material;width;lanes;spans;piers;traffic;rainfall;flood;discharge;velocity;maintenance;inspection;condition_history
,Krishnapatnam Port - Obulavaripalle new line,False,False,True,False,False,False,False,False,False,False,False,False,False,False,False,1,0,0.087,False,built_year;material;width;lanes;spans;piers;traffic;rainfall;flood;discharge;velocity;maintenance;inspection;condition_history
,Krishnapatnam Port - Obulavaripalle new line,False,False,True,False,False,False,False,False,True,False,False,False,False,False,False,1,1,0.121,False,built_year;material;width;lanes;spans;piers;traffic;flood;discharge;velocity;maintenance;inspection;condition_history
,Krishnapatnam Port Road,False,False,True,False,False,False,False,False,False,False,False,False,False,False,False,1,0,0.087,False,built_year;material;width;lanes;spans;piers;traffic;rainfall;flood;discharge;velocity;maintenance;inspection;condition_history
,Kunavaram - Vara Ramachandrapuram - Rekhapalli - Chinturu Road,False,False,True,False,False,False,False,False,True,False,False,False,False,False,False,1,1,0.121,False,built_year;material;width;lanes;spans;piers;traffic;flood;discharge;velocity;maintenance;inspection;condition_history
,Kuppam - Patchur Road,False,False,True,False,False,False,False,False,False,False,False,False,False,False,False,1,0,0.087,False,built_year;material;width;lanes;spans;piers;traffic;rainfall;flood;discharge;velocity;maintenance;inspection;condition_history
,Kurmannapalem Road Flyover,False,False,True,False,False,False,False,False,True,False,False,False,False,False,False,1,1,0.121,False,built_year;material;width;lanes;spans;piers;traffic;flood;discharge;velocity;maintenance;inspection;condition_history
,Kurnool - Ballari Road,False,False,True,False,False,False,False,False,True,False,False,False,False,False,False,1,1,0.121,False,built_year;material;width;lanes;spans;piers;traffic;flood;discharge;velocity;maintenance;inspection;condition_history
,Machilipatnam - Nuzvid - Kalluru Road,False,False,True,False,False,False,False,False,True,False,False,False,False,False,False,1,1,0.121,False,built_year;material;width;lanes;spans;piers;traffic;flood;discharge;velocity;maintenance;inspection;condition_history
,Machilipatnam - Nuzvid - Kalluru Road,False,False,True,False,False,False,False,False,False,False,False,False,False,False,False,1,0,0.087,False,built_year;material;width;lanes;spans;piers;traffic;rainfall;flood;discharge;velocity;maintenance;inspection;condition_history
,Mahal Village Road,False,False,True,False,False,False,False,False,True,False,False,False,False,False,False,1,1,0.121,False,built_year;material;width;lanes;spans;piers;traffic;flood;discharge;velocity;maintenance;inspection;condition_history
,Mangalagiri - Prakasam Barrage Main Road,False,False,True,False,False,False,False,False,True,False,False,False,False,False,False,1,1,0.121,False,built_year;material;width;lanes;spans;piers;traffic;flood;discharge;velocity;maintenance;inspection;condition_history
,Manubolu - Podalakur Road,False,False,True,False,False,False,False,False,False,False,False,False,False,False,False,1,0,0.087,False,built_year;material;width;lanes;spans;piers;traffic;rainfall;flood;discharge;velocity;maintenance;inspection;condition_history
,Marteru - Prakkilanka Road,False,False,True,False,False,False,False,False,True,False,False,False,False,False,False,1,1,0.121,False,built_year;material;width;lanes;spans;piers;traffic;flood;discharge;velocity;maintenance;inspection;condition_history
,Mini BiPass Road,False,False,True,False,False,False,False,False,False,False,False,False,False,False,False,1,0,0.087,False,built_year;material;width;lanes;spans;piers;traffic;rainfall;flood;discharge;velocity;maintenance;inspection;condition_history
,Mini BiPass Road,False,False,True,False,False,False,False,False,False,False,False,False,False,False,False,1,0,0.087,False,built_year;material;width;lanes;spans;piers;traffic;rainfall;flood;discharge;velocity;maintenance;inspection;condition_history
,MOOTHA GOPAL KRISHNA VARADHI,False,False,True,False,False,False,False,False,True,False,False,False,False,False,False,1,1,0.121,False,built_year;material;width;lanes;spans;piers;traffic;flood;discharge;velocity;maintenance;inspection;condition_history
,Mukteshwaram Road,False,False,True,False,False,False,False,False,True,False,False,False,False,False,False,1,1,0.121,False,built_year;material;width;lanes;spans;piers;traffic;flood;discharge;velocity;maintenance;inspection;condition_history
,Mydukuru Road,False,False,True,False,False,False,False,False,True,False,False,False,False,False,False,1,1,0.121,False,built_year;material;width;lanes;spans;piers;traffic;flood;discharge;velocity;maintenance;inspection;condition_history
,Nagaladinne - Aiza Road,False,False,True,False,False,False,False,False,True,False,False,False,False,False,False,1,1,0.121,False,built_year;material;width;lanes;spans;piers;traffic;flood;discharge;velocity;maintenance;inspection;condition_history
,Nagaraju Peta Bridge,False,False,True,True,False,False,False,False,True,False,False,False,False,False,False,2,1,0.158,False,built_year;material;lanes;spans;piers;traffic;flood;discharge;velocity;maintenance;inspection;condition_history
,Nallamada Vagu Bridge,False,False,True,False,False,False,False,False,False,False,True,False,False,False,False,1,1,0.121,False,built_year;material;width;lanes;spans;piers;traffic;rainfall;flood;velocity;maintenance;inspection;condition_history
,Nandigama - Madhira Road,False,False,True,False,False,False,False,False,True,False,False,False,False,False,False,1,1,0.121,False,built_year;material;width;lanes;spans;piers;traffic;flood;discharge;velocity;maintenance;inspection;condition_history
,Nandyal - Thimmanayunipeta Road,False,False,True,False,False,False,False,False,True,False,False,False,False,False,False,1,1,0.121,False,built_year;material;width;lanes;spans;piers;traffic;flood;discharge;velocity;maintenance;inspection;condition_history
,Nandyal Bypass,False,False,True,False,False,False,False,False,True,False,False,False,False,False,False,1,1,0.121,False,built_year;material;width;lanes;spans;piers;traffic;flood;discharge;velocity;maintenance;inspection;condition_history
,Nandyala - Atmakur Road,False,False,True,False,False,False,False,False,True,False,False,False,False,False,False,1,1,0.121,False,built_year;material;width;lanes;spans;piers;traffic;flood;discharge;velocity;maintenance;inspection;condition_history
,Narasapurapupeta - Katravulapalli Road,False,False,True,False,False,False,False,False,True,False,False,False,False,False,False,1,1,0.121,False,built_year;material;width;lanes;spans;piers;traffic;flood;discharge;velocity;maintenance;inspection;condition_history
,Narasaraopet - Chilakurpeta Road,False,False,True,False,False,False,False,False,False,False,False,False,False,False,False,1,0,0.087,False,built_year;material;width;lanes;spans;piers;traffic;rainfall;flood;discharge;velocity;maintenance;inspection;condition_history
,Narasaraopet Guntur Road,False,False,True,False,False,False,False,False,True,False,False,False,False,False,False,1,1,0.121,False,built_year;material;width;lanes;spans;piers;traffic;flood;discharge;velocity;maintenance;inspection;condition_history
,Narayanavalasa Bridge Road,False,False,True,False,False,False,False,False,False,False,False,False,False,False,False,1,0,0.087,False,built_year;material;width;lanes;spans;piers;traffic;rainfall;flood;discharge;velocity;maintenance;inspection;condition_history
,Narketpally - Addanki - Medarametla Road,False,False,True,False,False,False,False,False,True,False,False,False,False,False,False,1,1,0.121,False,built_year;material;width;lanes;spans;piers;traffic;flood;discharge;velocity;maintenance;inspection;condition_history
,Narketpally - Addanki - Medarametla Road,False,False,True,False,False,False,False,False,False,False,False,False,False,False,False,1,0,0.087,False,built_year;material;width;lanes;spans;piers;traffic;rainfall;flood;discharge;velocity;maintenance;inspection;condition_history
,Narsapuram - Aswaraopeta Road,False,False,True,False,False,False,False,False,True,False,False,False,False,False,False,1,1,0.121,False,built_year;material;width;lanes;spans;piers;traffic;flood;discharge;velocity;maintenance;inspection;condition_history
,Nehru Inner Ring Road,False,False,True,False,False,False,False,False,True,False,False,False,False,False,False,1,1,0.121,False,built_year;material;width;lanes;spans;piers;traffic;flood;discharge;velocity;maintenance;inspection;condition_history
,Nehru Inner Ring Road Flyover,False,False,True,False,False,False,False,False,True,False,False,False,False,False,False,1,1,0.121,False,built_year;material;width;lanes;spans;piers;traffic;flood;discharge;velocity;maintenance;inspection;condition_history
,Nehru Inner Ring Road Flyover,False,False,True,False,False,False,False,False,True,False,False,False,False,False,False,1,1,0.121,False,built_year;material;width;lanes;spans;piers;traffic;flood;discharge;velocity;maintenance;inspection;condition_history
,Nellore Bypass,False,False,True,False,False,False,False,False,False,False,False,False,False,False,False,1,0,0.087,False,built_year;material;width;lanes;spans;piers;traffic;rainfall;flood;discharge;velocity;maintenance;inspection;condition_history
,NRpuram road bridge,False,False,True,False,False,False,False,False,True,False,True,False,False,False,False,1,2,0.154,False,built_year;material;width;lanes;spans;piers;traffic;flood;velocity;maintenance;inspection;condition_history
,Nuzvid - Gannavaram Road,False,False,True,False,False,False,False,False,True,False,False,False,False,False,False,1,1,0.121,False,built_year;material;width;lanes;spans;piers;traffic;flood;discharge;velocity;maintenance;inspection;condition_history
,old bridge,False,False,True,False,False,False,False,False,True,False,False,False,False,False,False,1,1,0.121,False,built_year;material;width;lanes;spans;piers;traffic;flood;discharge;velocity;maintenance;inspection;condition_history
,Ongole - Kothapatnam Road,False,False,True,False,False,False,False,False,True,False,False,False,False,False,False,1,1,0.121,False,built_year;material;width;lanes;spans;piers;traffic;flood;discharge;velocity;maintenance;inspection;condition_history
,Ongole Old Bypass,False,False,True,False,False,False,False,False,True,False,False,False,False,False,False,1,1,0.121,False,built_year;material;width;lanes;spans;piers;traffic;flood;discharge;velocity;maintenance;inspection;condition_history
,Palakonda - Hadobhangi Road,False,False,True,False,False,False,False,False,False,False,False,False,False,False,False,1,0,0.087,False,built_year;material;width;lanes;spans;piers;traffic;rainfall;flood;discharge;velocity;maintenance;inspection;condition_history
,Paravada - Lankelapalem - Asakapalli Road,False,False,True,False,False,False,False,False,True,False,False,False,False,False,False,1,1,0.121,False,built_year;material;width;lanes;spans;piers;traffic;flood;discharge;velocity;maintenance;inspection;condition_history
,Pattabhipuram Road,False,False,True,False,False,False,False,False,True,False,False,False,False,False,False,1,1,0.121,False,built_year;material;width;lanes;spans;piers;traffic;flood;discharge;velocity;maintenance;inspection;condition_history
,Payakarao Peta Bridge,False,False,True,False,False,False,False,False,True,False,False,False,False,False,False,1,1,0.121,False,built_year;material;width;lanes;spans;piers;traffic;flood;discharge;velocity;maintenance;inspection;condition_history
,Podili - Vinukonda Road,False,False,True,False,False,False,False,False,True,False,False,False,False,False,False,1,1,0.121,False,built_year;material;width;lanes;spans;piers;traffic;flood;discharge;velocity;maintenance;inspection;condition_history
,Ponnada Bridge,False,False,True,False,False,False,False,False,False,False,False,False,False,False,False,1,0,0.087,False,built_year;material;width;lanes;spans;piers;traffic;rainfall;flood;discharge;velocity;maintenance;inspection;condition_history
,Ponnur - Repalle Road,False,False,True,False,False,False,False,False,True,False,True,False,False,False,False,1,2,0.154,False,built_year;material;width;lanes;spans;piers;traffic;flood;velocity;maintenance;inspection;condition_history
,Port Main Road Flyover,False,False,True,False,False,False,False,False,True,False,False,False,False,False,False,1,1,0.121,False,built_year;material;width;lanes;spans;piers;traffic;flood;discharge;velocity;maintenance;inspection;condition_history
,Prathipadu - Nidadavolu Road,False,False,True,False,False,False,False,False,True,False,False,False,False,False,False,1,1,0.121,False,built_year;material;width;lanes;spans;piers;traffic;flood;discharge;velocity;maintenance;inspection;condition_history
,Proddatur - Chagalamarri Road,False,False,True,False,False,False,False,False,True,False,False,False,False,False,False,1,1,0.121,False,built_year;material;width;lanes;spans;piers;traffic;flood;discharge;velocity;maintenance;inspection;condition_history
,Proddatur - Chagalamarri Road,False,False,True,False,False,False,False,False,True,False,False,False,False,False,False,1,1,0.121,False,built_year;material;width;lanes;spans;piers;traffic;flood;discharge;velocity;maintenance;inspection;condition_history
,Proddatur - Duvvuru Road,False,False,True,False,False,False,False,False,True,False,False,False,False,False,False,1,1,0.121,False,built_year;material;width;lanes;spans;piers;traffic;flood;discharge;velocity;maintenance;inspection;condition_history
,Proddatur Mydukuru Road,False,False,True,False,False,False,False,False,True,False,False,False,False,False,False,1,1,0.121,False,built_year;material;width;lanes;spans;piers;traffic;flood;discharge;velocity;maintenance;inspection;condition_history
,Proddatur Yerraguntla Road,False,False,True,False,False,False,False,False,True,False,False,False,False,False,False,1,1,0.121,False,built_year;material;width;lanes;spans;piers;traffic;flood;discharge;velocity;maintenance;inspection;condition_history
,Pulivendula - Parnapalli Road,False,False,True,False,False,False,False,False,True,False,False,False,False,False,False,1,1,0.121,False,built_year;material;width;lanes;spans;piers;traffic;flood;discharge;velocity;maintenance;inspection;condition_history
,Pulivendula-Tadipatri Road,False,False,True,False,False,False,False,False,True,False,False,False,False,False,False,1,1,0.121,False,built_year;material;width;lanes;spans;piers;traffic;flood;discharge;velocity;maintenance;inspection;condition_history
,Puthalapattu - Naidupeta Road Flyover,False,False,True,False,False,False,False,False,True,False,False,False,False,False,False,1,1,0.121,False,built_year;material;width;lanes;spans;piers;traffic;flood;discharge;velocity;maintenance;inspection;condition_history
,Puttur - Uthukottai - Janappanchatram Road,False,False,True,False,False,False,False,False,True,False,False,False,False,False,False,1,1,0.121,False,built_year;material;width;lanes;spans;piers;traffic;flood;discharge;velocity;maintenance;inspection;condition_history
,Pydiparru Canal Bridge,False,False,True,False,False,False,False,False,True,False,False,False,False,False,False,1,1,0.121,False,built_year;material;width;lanes;spans;piers;traffic;flood;discharge;velocity;maintenance;inspection;condition_history
,Railway Bridge,False,False,True,False,False,False,False,False,True,False,False,False,False,False,False,1,1,0.121,False,built_year;material;width;lanes;spans;piers;traffic;flood;discharge;velocity;maintenance;inspection;condition_history
,Rajahmundry - Bommuru - Kesavaram Road,False,False,True,False,False,False,False,False,True,False,False,False,False,False,False,1,1,0.121,False,built_year;material;width;lanes;spans;piers;traffic;flood;discharge;velocity;maintenance;inspection;condition_history
,Rajavaram - Podalada Road,False,False,True,False,False,False,False,False,True,False,False,False,False,False,False,1,1,0.121,False,built_year;material;width;lanes;spans;piers;traffic;flood;discharge;velocity;maintenance;inspection;condition_history
,Ravipadu Bridge,False,False,True,False,False,False,False,False,True,False,False,False,False,False,False,1,1,0.121,False,built_year;material;width;lanes;spans;piers;traffic;flood;discharge;velocity;maintenance;inspection;condition_history
,Rayachoti - T.Sundupalle - Pincha Road,False,False,True,False,False,False,False,False,True,False,False,False,False,False,False,1,1,0.121,False,built_year;material;width;lanes;spans;piers;traffic;flood;discharge;velocity;maintenance;inspection;condition_history
,Rayachoti - Vempalle Road,False,False,True,False,False,False,False,False,True,False,False,False,False,False,False,1,1,0.121,False,built_year;material;width;lanes;spans;piers;traffic;flood;discharge;velocity;maintenance;inspection;condition_history
,Rayachoti-Rajampet road,False,False,True,False,False,False,False,False,True,False,False,False,False,False,False,1,1,0.121,False,built_year;material;width;lanes;spans;piers;traffic;flood;discharge;velocity;maintenance;inspection;condition_history
,Rayachoti-Rajampet road,False,False,True,False,False,False,False,False,True,False,False,False,False,False,False,1,1,0.121,False,built_year;material;width;lanes;spans;piers;traffic;flood;discharge;velocity;maintenance;inspection;condition_history
,Red Bridge,False,False,True,False,False,False,False,False,True,False,False,False,False,False,False,1,1,0.121,False,built_year;material;width;lanes;spans;piers;traffic;flood;discharge;velocity;maintenance;inspection;condition_history
,Ringroad,False,False,True,False,False,False,False,False,True,False,False,False,False,False,False,1,1,0.121,False,built_year;material;width;lanes;spans;piers;traffic;flood;discharge;velocity;maintenance;inspection;condition_history
,Road cum Railway Bridge,False,False,True,False,False,False,False,False,True,False,True,False,False,False,False,1,2,0.154,False,built_year;material;width;lanes;spans;piers;traffic;flood;velocity;maintenance;inspection;condition_history
,S.V.University Flyover,False,False,True,False,False,False,False,False,True,False,False,False,False,False,False,1,1,0.121,False,built_year;material;width;lanes;spans;piers;traffic;flood;discharge;velocity;maintenance;inspection;condition_history
,Service Road,False,False,True,False,False,False,False,False,False,False,False,False,False,False,False,1,0,0.087,False,built_year;material;width;lanes;spans;piers;traffic;rainfall;flood;discharge;velocity;maintenance;inspection;condition_history
,Signature Bridge,False,False,True,False,False,False,False,False,True,False,False,False,False,False,False,1,1,0.121,False,built_year;material;width;lanes;spans;piers;traffic;flood;discharge;velocity;maintenance;inspection;condition_history
,Singhnagar Flyover,False,False,True,False,False,False,False,False,True,False,False,False,False,False,False,1,1,0.121,False,built_year;material;width;lanes;spans;piers;traffic;flood;discharge;velocity;maintenance;inspection;condition_history
,Solapur–Chennai Economic Corridor,False,False,True,False,False,False,False,False,True,False,False,False,False,False,False,1,1,0.121,False,built_year;material;width;lanes;spans;piers;traffic;flood;discharge;velocity;maintenance;inspection;condition_history
,Sompeta - Kaviti - Edupuram Road,False,False,True,False,False,False,False,False,False,False,True,False,False,False,False,1,1,0.121,False,built_year;material;width;lanes;spans;piers;traffic;rainfall;flood;velocity;maintenance;inspection;condition_history
,Sri Kala Hasthi Main Road,False,False,True,False,False,False,False,False,True,False,False,False,False,False,False,1,1,0.121,False,built_year;material;width;lanes;spans;piers;traffic;flood;discharge;velocity;maintenance;inspection;condition_history
,Srikakulam Road,False,False,True,False,False,False,False,False,False,False,False,False,False,False,False,1,0,0.087,False,built_year;material;width;lanes;spans;piers;traffic;rainfall;flood;discharge;velocity;maintenance;inspection;condition_history
,Srinivasa Sethu / Garuda Varadhi,True,False,True,False,False,False,False,False,True,False,False,False,False,False,False,1,1,0.171,False,material;width;lanes;spans;piers;traffic;flood;discharge;velocity;maintenance;inspection;condition_history
,Suryarao Palem Bridge,False,False,True,False,False,False,False,False,True,False,False,False,False,False,False,1,1,0.121,False,built_year;material;width;lanes;spans;piers;traffic;flood;discharge;velocity;maintenance;inspection;condition_history
,Tadepallegudem Bypass,False,False,True,False,False,False,False,False,True,False,False,False,False,False,False,1,1,0.121,False,built_year;material;width;lanes;spans;piers;traffic;flood;discharge;velocity;maintenance;inspection;condition_history
,Tadepalligudem - Eluru Road,False,False,True,False,False,False,False,False,True,False,False,False,False,False,False,1,1,0.121,False,built_year;material;width;lanes;spans;piers;traffic;flood;discharge;velocity;maintenance;inspection;condition_history
,Tadipatri Main Road,False,False,True,False,False,False,False,False,True,False,False,False,False,False,False,1,1,0.121,False,built_year;material;width;lanes;spans;piers;traffic;flood;discharge;velocity;maintenance;inspection;condition_history
,Tadipatri Road,False,False,True,False,False,False,False,False,True,False,False,False,False,False,False,1,1,0.121,False,built_year;material;width;lanes;spans;piers;traffic;flood;discharge;velocity;maintenance;inspection;condition_history
,Telugu Talli Flyover,False,False,True,False,False,False,False,False,True,False,False,False,False,False,False,1,1,0.121,False,built_year;material;width;lanes;spans;piers;traffic;flood;discharge;velocity;maintenance;inspection;condition_history
,Temburu - Hiramandalam Road,False,False,True,False,False,False,False,False,False,False,False,False,False,False,False,1,0,0.087,False,built_year;material;width;lanes;spans;piers;traffic;rainfall;flood;discharge;velocity;maintenance;inspection;condition_history
,Tenali - Mangalagiri Road,False,False,True,False,False,False,False,False,True,False,False,False,False,False,False,1,1,0.121,False,built_year;material;width;lanes;spans;piers;traffic;flood;discharge;velocity;maintenance;inspection;condition_history
,Tenali - Mangalagiri Road,False,False,True,False,False,False,False,False,True,False,False,False,False,False,False,1,1,0.121,False,built_year;material;width;lanes;spans;piers;traffic;flood;discharge;velocity;maintenance;inspection;condition_history
,Tenali - Narakoduru Road,False,False,True,False,False,False,False,False,True,False,False,False,False,False,False,1,1,0.121,False,built_year;material;width;lanes;spans;piers;traffic;flood;discharge;velocity;maintenance;inspection;condition_history
,Tiruchanur Flyover,False,False,True,False,False,False,False,False,True,False,False,False,False,False,False,1,1,0.121,False,built_year;material;width;lanes;spans;piers;traffic;flood;discharge;velocity;maintenance;inspection;condition_history
,Tirupati Bypass,False,False,True,False,False,False,False,False,True,False,False,False,False,False,False,1,1,0.121,False,built_year;material;width;lanes;spans;piers;traffic;flood;discharge;velocity;maintenance;inspection;condition_history
,Unnamed Rail Bridge - OSM 100019088,False,False,True,False,False,False,False,False,True,False,False,False,False,False,False,1,1,0.121,False,built_year;material;width;lanes;spans;piers;traffic;flood;discharge;velocity;maintenance;inspection;condition_history
,Unnamed Rail Bridge - OSM 100019102,False,False,True,False,False,False,False,False,True,False,False,False,False,False,False,1,1,0.121,False,built_year;material;width;lanes;spans;piers;traffic;flood;discharge;velocity;maintenance;inspection;condition_history
,Unnamed Rail Bridge - OSM 1042518769,False,False,True,False,False,False,False,False,True,False,False,False,False,False,False,1,1,0.121,False,built_year;material;width;lanes;spans;piers;traffic;flood;discharge;velocity;maintenance;inspection;condition_history
,Unnamed Rail Bridge - OSM 1076454897,False,False,True,False,False,False,False,False,True,False,False,False,False,False,False,1,1,0.121,False,built_year;material;width;lanes;spans;piers;traffic;flood;discharge;velocity;maintenance;inspection;condition_history
,Unnamed Rail Bridge - OSM 1103996093,False,False,True,False,False,False,False,False,True,False,False,False,False,False,False,1,1,0.121,False,built_year;material;width;lanes;spans;piers;traffic;flood;discharge;velocity;maintenance;inspection;condition_history
,Unnamed Rail Bridge - OSM 1106236179,False,False,True,False,False,False,False,False,True,False,False,False,False,False,False,1,1,0.121,False,built_year;material;width;lanes;spans;piers;traffic;flood;discharge;velocity;maintenance;inspection;condition_history
,Unnamed Rail Bridge - OSM 114419893,False,False,True,False,False,False,False,False,True,False,False,False,False,False,False,1,1,0.121,False,built_year;material;width;lanes;spans;piers;traffic;flood;discharge;velocity;maintenance;inspection;condition_history
,Unnamed Rail Bridge - OSM 114419922,False,False,True,False,False,False,False,False,True,False,False,False,False,False,False,1,1,0.121,False,built_year;material;width;lanes;spans;piers;traffic;flood;discharge;velocity;maintenance;inspection;condition_history
,Unnamed Rail Bridge - OSM 114419939,False,False,True,False,False,False,False,False,True,False,False,False,False,False,False,1,1,0.121,False,built_year;material;width;lanes;spans;piers;traffic;flood;discharge;velocity;maintenance;inspection;condition_history
,Unnamed Rail Bridge - OSM 1188698420,False,False,True,False,False,False,False,False,True,False,False,False,False,False,False,1,1,0.121,False,built_year;material;width;lanes;spans;piers;traffic;flood;discharge;velocity;maintenance;inspection;condition_history
,Unnamed Rail Bridge - OSM 1188698421,False,False,True,False,False,False,False,False,True,False,False,False,False,False,False,1,1,0.121,False,built_year;material;width;lanes;spans;piers;traffic;flood;discharge;velocity;maintenance;inspection;condition_history
,Unnamed Rail Bridge - OSM 155576331,False,False,True,False,False,False,False,False,True,False,False,False,False,False,False,1,1,0.121,False,built_year;material;width;lanes;spans;piers;traffic;flood;discharge;velocity;maintenance;inspection;condition_history
,Unnamed Rail Bridge - OSM 158323674,False,False,True,False,False,False,False,False,True,False,False,False,False,False,False,1,1,0.121,False,built_year;material;width;lanes;spans;piers;traffic;flood;discharge;velocity;maintenance;inspection;condition_history
,Unnamed Rail Bridge - OSM 245320171,False,False,True,False,False,False,False,False,True,False,False,False,False,False,False,1,1,0.121,False,built_year;material;width;lanes;spans;piers;traffic;flood;discharge;velocity;maintenance;inspection;condition_history
,Unnamed Rail Bridge - OSM 245536029,False,False,True,False,False,False,False,False,True,False,False,False,False,False,False,1,1,0.121,False,built_year;material;width;lanes;spans;piers;traffic;flood;discharge;velocity;maintenance;inspection;condition_history
,Unnamed Rail Bridge - OSM 245536031,False,False,True,False,False,False,False,False,True,False,False,False,False,False,False,1,1,0.121,False,built_year;material;width;lanes;spans;piers;traffic;flood;discharge;velocity;maintenance;inspection;condition_history
,Unnamed Rail Bridge - OSM 245536040,False,False,True,False,False,False,False,False,True,False,False,False,False,False,False,1,1,0.121,False,built_year;material;width;lanes;spans;piers;traffic;flood;discharge;velocity;maintenance;inspection;condition_history
,Unnamed Rail Bridge - OSM 245590217,False,False,True,False,False,False,False,False,True,False,False,False,False,False,False,1,1,0.121,False,built_year;material;width;lanes;spans;piers;traffic;flood;discharge;velocity;maintenance;inspection;condition_history
,Unnamed Rail Bridge - OSM 245598686,False,False,True,False,False,False,False,False,True,False,False,False,False,False,False,1,1,0.121,False,built_year;material;width;lanes;spans;piers;traffic;flood;discharge;velocity;maintenance;inspection;condition_history
,Unnamed Rail Bridge - OSM 245634988,False,False,True,False,False,False,False,False,True,False,False,False,False,False,False,1,1,0.121,False,built_year;material;width;lanes;spans;piers;traffic;flood;discharge;velocity;maintenance;inspection;condition_history
,Unnamed Rail Bridge - OSM 293711605,False,False,True,False,False,False,False,False,True,False,False,False,False,False,False,1,1,0.121,False,built_year;material;width;lanes;spans;piers;traffic;flood;discharge;velocity;maintenance;inspection;condition_history
,Unnamed Rail Bridge - OSM 374253631,False,False,True,False,False,False,False,False,True,False,False,False,False,False,False,1,1,0.121,False,built_year;material;width;lanes;spans;piers;traffic;flood;discharge;velocity;maintenance;inspection;condition_history
,Unnamed Rail Bridge - OSM 47414450,False,False,True,False,False,False,False,False,True,False,False,False,False,False,False,1,1,0.121,False,built_year;material;width;lanes;spans;piers;traffic;flood;discharge;velocity;maintenance;inspection;condition_history
,Unnamed Rail Bridge - OSM 661308013,False,False,True,False,False,False,False,False,True,False,False,False,False,False,False,1,1,0.121,False,built_year;material;width;lanes;spans;piers;traffic;flood;discharge;velocity;maintenance;inspection;condition_history
,Unnamed Rail Bridge - OSM 66763306,False,False,True,False,False,False,False,False,True,False,True,False,False,False,False,1,2,0.154,False,built_year;material;width;lanes;spans;piers;traffic;flood;velocity;maintenance;inspection;condition_history
,Unnamed Rail Bridge - OSM 715903605,False,False,True,False,False,False,False,False,True,False,False,False,False,False,False,1,1,0.121,False,built_year;material;width;lanes;spans;piers;traffic;flood;discharge;velocity;maintenance;inspection;condition_history
,Unnamed Rail Bridge - OSM 77770450,False,False,True,False,False,False,False,False,True,False,False,False,False,False,False,1,1,0.121,False,built_year;material;width;lanes;spans;piers;traffic;flood;discharge;velocity;maintenance;inspection;condition_history
,Unnamed Rail Bridge - OSM 808898742,False,False,True,False,False,False,False,False,True,False,False,False,False,False,False,1,1,0.121,False,built_year;material;width;lanes;spans;piers;traffic;flood;discharge;velocity;maintenance;inspection;condition_history
,Unnamed Rail Bridge - OSM 97471765,False,False,True,False,False,False,False,False,True,False,True,False,False,False,False,1,2,0.154,False,built_year;material;width;lanes;spans;piers;traffic;flood;velocity;maintenance;inspection;condition_history
,Unnamed Rail Bridge - OSM 97689881,False,False,True,False,False,False,False,False,True,False,False,False,False,False,False,1,1,0.121,False,built_year;material;width;lanes;spans;piers;traffic;flood;discharge;velocity;maintenance;inspection;condition_history
,Unnamed Road Bridge - OSM 101362718,False,False,True,False,False,False,False,False,False,False,False,False,False,False,False,1,0,0.087,False,built_year;material;width;lanes;spans;piers;traffic;rainfall;flood;discharge;velocity;maintenance;inspection;condition_history
,Unnamed Road Bridge - OSM 1021485901,False,False,True,False,False,False,False,False,True,False,False,False,False,False,False,1,1,0.121,False,built_year;material;width;lanes;spans;piers;traffic;flood;discharge;velocity;maintenance;inspection;condition_history
,Unnamed Road Bridge - OSM 1031456536,False,False,True,False,False,False,False,False,True,False,False,False,False,False,False,1,1,0.121,False,built_year;material;width;lanes;spans;piers;traffic;flood;discharge;velocity;maintenance;inspection;condition_history
,Unnamed Road Bridge - OSM 103405799,False,False,True,False,False,False,False,False,True,False,False,False,False,False,False,1,1,0.121,False,built_year;material;width;lanes;spans;piers;traffic;flood;discharge;velocity;maintenance;inspection;condition_history
,Unnamed Road Bridge - OSM 103405824,False,False,True,False,False,False,False,False,False,False,False,False,False,False,False,1,0,0.087,False,built_year;material;width;lanes;spans;piers;traffic;rainfall;flood;discharge;velocity;maintenance;inspection;condition_history
,Unnamed Road Bridge - OSM 103406574,False,False,True,False,False,False,False,False,False,False,False,False,False,False,False,1,0,0.087,False,built_year;material;width;lanes;spans;piers;traffic;rainfall;flood;discharge;velocity;maintenance;inspection;condition_history
,Unnamed Road Bridge - OSM 1066618668,False,False,True,False,False,False,False,False,True,False,False,False,False,False,False,1,1,0.121,False,built_year;material;width;lanes;spans;piers;traffic;flood;discharge;velocity;maintenance;inspection;condition_history
,Unnamed Road Bridge - OSM 1066619786,False,False,True,False,False,False,False,False,True,False,False,False,False,False,False,1,1,0.121,False,built_year;material;width;lanes;spans;piers;traffic;flood;discharge;velocity;maintenance;inspection;condition_history
,Unnamed Road Bridge - OSM 1066619803,False,False,True,False,False,False,False,False,True,False,False,False,False,False,False,1,1,0.121,False,built_year;material;width;lanes;spans;piers;traffic;flood;discharge;velocity;maintenance;inspection;condition_history
,Unnamed Road Bridge - OSM 1066627959,False,False,True,False,False,False,False,False,False,False,True,False,False,False,False,1,1,0.121,False,built_year;material;width;lanes;spans;piers;traffic;rainfall;flood;velocity;maintenance;inspection;condition_history
,Unnamed Road Bridge - OSM 1066705679,False,False,True,False,False,False,False,False,True,False,False,False,False,False,False,1,1,0.121,False,built_year;material;width;lanes;spans;piers;traffic;flood;discharge;velocity;maintenance;inspection;condition_history
,Unnamed Road Bridge - OSM 1066705680,False,False,True,False,False,False,False,False,True,False,False,False,False,False,False,1,1,0.121,False,built_year;material;width;lanes;spans;piers;traffic;flood;discharge;velocity;maintenance;inspection;condition_history
,Unnamed Road Bridge - OSM 1066705691,False,False,True,False,False,False,False,False,True,False,False,False,False,False,False,1,1,0.121,False,built_year;material;width;lanes;spans;piers;traffic;flood;discharge;velocity;maintenance;inspection;condition_history
,Unnamed Road Bridge - OSM 1066705692,False,False,True,False,False,False,False,False,True,False,False,False,False,False,False,1,1,0.121,False,built_year;material;width;lanes;spans;piers;traffic;flood;discharge;velocity;maintenance;inspection;condition_history
,Unnamed Road Bridge - OSM 1066705695,False,False,True,False,False,False,False,False,True,False,False,False,False,False,False,1,1,0.121,False,built_year;material;width;lanes;spans;piers;traffic;flood;discharge;velocity;maintenance;inspection;condition_history
,Unnamed Road Bridge - OSM 1066705696,False,False,True,False,False,False,False,False,True,False,False,False,False,False,False,1,1,0.121,False,built_year;material;width;lanes;spans;piers;traffic;flood;discharge;velocity;maintenance;inspection;condition_history
,Unnamed Road Bridge - OSM 1066830024,False,False,True,False,False,False,False,False,True,False,False,False,False,False,False,1,1,0.121,False,built_year;material;width;lanes;spans;piers;traffic;flood;discharge;velocity;maintenance;inspection;condition_history
,Unnamed Road Bridge - OSM 1066830025,False,False,True,False,False,False,False,False,True,False,False,False,False,False,False,1,1,0.121,False,built_year;material;width;lanes;spans;piers;traffic;flood;discharge;velocity;maintenance;inspection;condition_history
,Unnamed Road Bridge - OSM 1070994745,False,False,True,False,False,False,False,False,True,False,False,False,False,False,False,1,1,0.121,False,built_year;material;width;lanes;spans;piers;traffic;flood;discharge;velocity;maintenance;inspection;condition_history
,Unnamed Road Bridge - OSM 1071881617,False,False,True,False,False,False,False,False,True,False,False,False,False,False,False,1,1,0.121,False,built_year;material;width;lanes;spans;piers;traffic;flood;discharge;velocity;maintenance;inspection;condition_history
,Unnamed Road Bridge - OSM 1072601275,False,False,True,False,False,False,False,False,True,False,False,False,False,False,False,1,1,0.121,False,built_year;material;width;lanes;spans;piers;traffic;flood;discharge;velocity;maintenance;inspection;condition_history
,Unnamed Road Bridge - OSM 1072601276,False,False,True,False,False,False,False,False,True,False,False,False,False,False,False,1,1,0.121,False,built_year;material;width;lanes;spans;piers;traffic;flood;discharge;velocity;maintenance;inspection;condition_history
,Unnamed Road Bridge - OSM 1072601308,False,False,True,False,False,False,False,False,True,False,False,False,False,False,False,1,1,0.121,False,built_year;material;width;lanes;spans;piers;traffic;flood;discharge;velocity;maintenance;inspection;condition_history
,Unnamed Road Bridge - OSM 1072601309,False,False,True,False,False,False,False,False,True,False,False,False,False,False,False,1,1,0.121,False,built_year;material;width;lanes;spans;piers;traffic;flood;discharge;velocity;maintenance;inspection;condition_history
,Unnamed Road Bridge - OSM 1072601372,False,False,True,False,False,False,False,False,True,False,False,False,False,False,False,1,1,0.121,False,built_year;material;width;lanes;spans;piers;traffic;flood;discharge;velocity;maintenance;inspection;condition_history
,Unnamed Road Bridge - OSM 1072601373,False,False,True,False,False,False,False,False,True,False,False,False,False,False,False,1,1,0.121,False,built_year;material;width;lanes;spans;piers;traffic;flood;discharge;velocity;maintenance;inspection;condition_history
,Unnamed Road Bridge - OSM 1086853798,False,False,True,False,False,False,False,False,True,False,False,False,False,False,False,1,1,0.121,False,built_year;material;width;lanes;spans;piers;traffic;flood;discharge;velocity;maintenance;inspection;condition_history
,Unnamed Road Bridge - OSM 1086853799,False,False,True,False,False,False,False,False,True,False,False,False,False,False,False,1,1,0.121,False,built_year;material;width;lanes;spans;piers;traffic;flood;discharge;velocity;maintenance;inspection;condition_history
,Unnamed Road Bridge - OSM 1088411415,False,False,True,False,False,False,False,False,True,False,False,False,False,False,False,1,1,0.121,False,built_year;material;width;lanes;spans;piers;traffic;flood;discharge;velocity;maintenance;inspection;condition_history
,Unnamed Road Bridge - OSM 1088411416,False,False,True,False,False,False,False,False,True,False,False,False,False,False,False,1,1,0.121,False,built_year;material;width;lanes;spans;piers;traffic;flood;discharge;velocity;maintenance;inspection;condition_history
,Unnamed Road Bridge - OSM 1088463055,False,False,True,False,False,False,False,False,True,False,True,False,False,False,False,1,2,0.154,False,built_year;material;width;lanes;spans;piers;traffic;flood;velocity;maintenance;inspection;condition_history
,Unnamed Road Bridge - OSM 1088463056,False,False,True,False,False,False,False,False,True,False,True,False,False,False,False,1,2,0.154,False,built_year;material;width;lanes;spans;piers;traffic;flood;velocity;maintenance;inspection;condition_history
,Unnamed Road Bridge - OSM 1088774333,False,False,True,False,False,False,False,False,True,False,True,False,False,False,False,1,2,0.154,False,built_year;material;width;lanes;spans;piers;traffic;flood;velocity;maintenance;inspection;condition_history
,Unnamed Road Bridge - OSM 1088796722,False,False,True,False,False,False,False,False,True,False,True,False,False,False,False,1,2,0.154,False,built_year;material;width;lanes;spans;piers;traffic;flood;velocity;maintenance;inspection;condition_history
,Unnamed Road Bridge - OSM 1088796723,False,False,True,False,False,False,False,False,True,False,True,False,False,False,False,1,2,0.154,False,built_year;material;width;lanes;spans;piers;traffic;flood;velocity;maintenance;inspection;condition_history
,Unnamed Road Bridge - OSM 1089450097,False,False,True,False,False,False,False,False,False,False,False,False,False,False,False,1,0,0.087,False,built_year;material;width;lanes;spans;piers;traffic;rainfall;flood;discharge;velocity;maintenance;inspection;condition_history
,Unnamed Road Bridge - OSM 1089450098,False,False,True,False,False,False,False,False,False,False,False,False,False,False,False,1,0,0.087,False,built_year;material;width;lanes;spans;piers;traffic;rainfall;flood;discharge;velocity;maintenance;inspection;condition_history
,Unnamed Road Bridge - OSM 1095506582,False,False,True,False,False,False,False,False,True,False,False,False,False,False,False,1,1,0.121,False,built_year;material;width;lanes;spans;piers;traffic;flood;discharge;velocity;maintenance;inspection;condition_history
,Unnamed Road Bridge - OSM 1104208218,False,False,True,False,False,False,False,False,False,False,False,False,False,False,False,1,0,0.087,False,built_year;material;width;lanes;spans;piers;traffic;rainfall;flood;discharge;velocity;maintenance;inspection;condition_history
,Unnamed Road Bridge - OSM 1118013452,False,False,True,False,False,False,False,False,True,False,False,False,False,False,False,1,1,0.121,False,built_year;material;width;lanes;spans;piers;traffic;flood;discharge;velocity;maintenance;inspection;condition_history
,Unnamed Road Bridge - OSM 1188578138,False,False,True,False,False,False,False,False,True,False,False,False,False,False,False,1,1,0.121,False,built_year;material;width;lanes;spans;piers;traffic;flood;discharge;velocity;maintenance;inspection;condition_history
,Unnamed Road Bridge - OSM 1189102815,False,False,True,False,False,False,False,False,False,False,True,False,False,False,False,1,1,0.121,False,built_year;material;width;lanes;spans;piers;traffic;rainfall;flood;velocity;maintenance;inspection;condition_history
,Unnamed Road Bridge - OSM 1189228166,False,False,True,False,False,False,False,False,True,False,False,False,False,False,False,1,1,0.121,False,built_year;material;width;lanes;spans;piers;traffic;flood;discharge;velocity;maintenance;inspection;condition_history
,Unnamed Road Bridge - OSM 1189228179,False,False,True,False,False,False,False,False,True,False,False,False,False,False,False,1,1,0.121,False,built_year;material;width;lanes;spans;piers;traffic;flood;discharge;velocity;maintenance;inspection;condition_history
,Unnamed Road Bridge - OSM 1192474763,False,False,True,False,False,False,False,False,False,False,False,False,False,False,False,1,0,0.087,False,built_year;material;width;lanes;spans;piers;traffic;rainfall;flood;discharge;velocity;maintenance;inspection;condition_history
,Unnamed Road Bridge - OSM 1196683907,False,False,True,False,False,False,False,False,True,False,False,False,False,False,False,1,1,0.121,False,built_year;material;width;lanes;spans;piers;traffic;flood;discharge;velocity;maintenance;inspection;condition_history
,Unnamed Road Bridge - OSM 1196683908,False,False,True,False,False,False,False,False,True,False,False,False,False,False,False,1,1,0.121,False,built_year;material;width;lanes;spans;piers;traffic;flood;discharge;velocity;maintenance;inspection;condition_history
,Unnamed Road Bridge - OSM 1202570823,False,False,True,False,False,False,False,False,True,False,False,False,False,False,False,1,1,0.121,False,built_year;material;width;lanes;spans;piers;traffic;flood;discharge;velocity;maintenance;inspection;condition_history
,Unnamed Road Bridge - OSM 1212177602,False,False,True,False,False,False,False,False,True,False,False,False,False,False,False,1,1,0.121,False,built_year;material;width;lanes;spans;piers;traffic;flood;discharge;velocity;maintenance;inspection;condition_history
,Unnamed Road Bridge - OSM 1230518179,False,False,True,False,False,False,False,False,True,False,False,False,False,False,False,1,1,0.121,False,built_year;material;width;lanes;spans;piers;traffic;flood;discharge;velocity;maintenance;inspection;condition_history
,Unnamed Road Bridge - OSM 1237977749,False,False,True,False,False,False,False,False,True,False,False,False,False,False,False,1,1,0.121,False,built_year;material;width;lanes;spans;piers;traffic;flood;discharge;velocity;maintenance;inspection;condition_history
,Unnamed Road Bridge - OSM 1237977751,False,False,True,False,False,False,False,False,True,False,False,False,False,False,False,1,1,0.121,False,built_year;material;width;lanes;spans;piers;traffic;flood;discharge;velocity;maintenance;inspection;condition_history
,Unnamed Road Bridge - OSM 1240072390,False,False,True,False,False,False,False,False,True,False,False,False,False,False,False,1,1,0.121,False,built_year;material;width;lanes;spans;piers;traffic;flood;discharge;velocity;maintenance;inspection;condition_history
,Unnamed Road Bridge - OSM 1240922185,False,False,True,False,False,False,False,False,True,False,False,False,False,False,False,1,1,0.121,False,built_year;material;width;lanes;spans;piers;traffic;flood;discharge;velocity;maintenance;inspection;condition_history
,Unnamed Road Bridge - OSM 1240922187,False,False,True,False,False,False,False,False,True,False,False,False,False,False,False,1,1,0.121,False,built_year;material;width;lanes;spans;piers;traffic;flood;discharge;velocity;maintenance;inspection;condition_history
,Unnamed Road Bridge - OSM 1247725666,False,False,True,False,False,False,False,False,True,False,False,False,False,False,False,1,1,0.121,False,built_year;material;width;lanes;spans;piers;traffic;flood;discharge;velocity;maintenance;inspection;condition_history
,Unnamed Road Bridge - OSM 1249951599,False,False,True,False,False,False,False,False,True,False,False,False,False,False,False,1,1,0.121,False,built_year;material;width;lanes;spans;piers;traffic;flood;discharge;velocity;maintenance;inspection;condition_history
,Unnamed Road Bridge - OSM 1249951601,False,False,True,False,False,False,False,False,True,False,False,False,False,False,False,1,1,0.121,False,built_year;material;width;lanes;spans;piers;traffic;flood;discharge;velocity;maintenance;inspection;condition_history
,Unnamed Road Bridge - OSM 1262299060,False,False,True,False,False,False,False,False,False,False,False,False,False,False,False,1,0,0.087,False,built_year;material;width;lanes;spans;piers;traffic;rainfall;flood;discharge;velocity;maintenance;inspection;condition_history
,Unnamed Road Bridge - OSM 1263217098,False,False,True,False,False,False,False,False,True,False,False,False,False,False,False,1,1,0.121,False,built_year;material;width;lanes;spans;piers;traffic;flood;discharge;velocity;maintenance;inspection;condition_history
,Unnamed Road Bridge - OSM 1270338013,False,False,True,False,False,False,False,False,True,False,False,False,False,False,False,1,1,0.121,False,built_year;material;width;lanes;spans;piers;traffic;flood;discharge;velocity;maintenance;inspection;condition_history
,Unnamed Road Bridge - OSM 1270348870,False,False,True,False,False,False,False,False,True,False,False,False,False,False,False,1,1,0.121,False,built_year;material;width;lanes;spans;piers;traffic;flood;discharge;velocity;maintenance;inspection;condition_history
,Unnamed Road Bridge - OSM 1270845091,False,False,True,False,False,False,False,False,True,False,False,False,False,False,False,1,1,0.121,False,built_year;material;width;lanes;spans;piers;traffic;flood;discharge;velocity;maintenance;inspection;condition_history
,Unnamed Road Bridge - OSM 1282100895,False,False,True,False,False,False,False,False,True,False,False,False,False,False,False,1,1,0.121,False,built_year;material;width;lanes;spans;piers;traffic;flood;discharge;velocity;maintenance;inspection;condition_history
,Unnamed Road Bridge - OSM 1287674214,False,False,True,False,False,False,False,False,False,False,False,False,False,False,False,1,0,0.087,False,built_year;material;width;lanes;spans;piers;traffic;rainfall;flood;discharge;velocity;maintenance;inspection;condition_history
,Unnamed Road Bridge - OSM 1292757619,False,False,True,False,False,False,False,False,False,False,False,False,False,False,False,1,0,0.087,False,built_year;material;width;lanes;spans;piers;traffic;rainfall;flood;discharge;velocity;maintenance;inspection;condition_history
,Unnamed Road Bridge - OSM 1295966710,False,False,True,False,False,False,False,False,True,False,False,False,False,False,False,1,1,0.121,False,built_year;material;width;lanes;spans;piers;traffic;flood;discharge;velocity;maintenance;inspection;condition_history
,Unnamed Road Bridge - OSM 1295966711,False,False,True,False,False,False,False,False,True,False,False,False,False,False,False,1,1,0.121,False,built_year;material;width;lanes;spans;piers;traffic;flood;discharge;velocity;maintenance;inspection;condition_history
,Unnamed Road Bridge - OSM 1295966712,False,False,True,False,False,False,False,False,True,False,False,False,False,False,False,1,1,0.121,False,built_year;material;width;lanes;spans;piers;traffic;flood;discharge;velocity;maintenance;inspection;condition_history
,Unnamed Road Bridge - OSM 1323214353,False,False,True,False,False,False,False,False,True,False,False,False,False,False,False,1,1,0.121,False,built_year;material;width;lanes;spans;piers;traffic;flood;discharge;velocity;maintenance;inspection;condition_history
,Unnamed Road Bridge - OSM 1332136325,False,False,True,False,False,False,False,False,True,False,False,False,False,False,False,1,1,0.121,False,built_year;material;width;lanes;spans;piers;traffic;flood;discharge;velocity;maintenance;inspection;condition_history
,Unnamed Road Bridge - OSM 1337306231,False,False,True,False,False,False,False,False,True,False,False,False,False,False,False,1,1,0.121,False,built_year;material;width;lanes;spans;piers;traffic;flood;discharge;velocity;maintenance;inspection;condition_history
,Unnamed Road Bridge - OSM 1337311285,False,False,True,False,False,False,False,False,True,False,False,False,False,False,False,1,1,0.121,False,built_year;material;width;lanes;spans;piers;traffic;flood;discharge;velocity;maintenance;inspection;condition_history
,Unnamed Road Bridge - OSM 1337311287,False,False,True,False,False,False,False,False,True,False,False,False,False,False,False,1,1,0.121,False,built_year;material;width;lanes;spans;piers;traffic;flood;discharge;velocity;maintenance;inspection;condition_history
,Unnamed Road Bridge - OSM 1337311294,False,False,True,False,False,False,False,False,True,False,False,False,False,False,False,1,1,0.121,False,built_year;material;width;lanes;spans;piers;traffic;flood;discharge;velocity;maintenance;inspection;condition_history
,Unnamed Road Bridge - OSM 1337971115,False,False,True,False,False,False,False,False,True,False,False,False,False,False,False,1,1,0.121,False,built_year;material;width;lanes;spans;piers;traffic;flood;discharge;velocity;maintenance;inspection;condition_history
,Unnamed Road Bridge - OSM 1337971117,False,False,True,False,False,False,False,False,True,False,False,False,False,False,False,1,1,0.121,False,built_year;material;width;lanes;spans;piers;traffic;flood;discharge;velocity;maintenance;inspection;condition_history
,Unnamed Road Bridge - OSM 1343068432,False,False,True,False,False,False,False,False,True,False,False,False,False,False,False,1,1,0.121,False,built_year;material;width;lanes;spans;piers;traffic;flood;discharge;velocity;maintenance;inspection;condition_history
,Unnamed Road Bridge - OSM 1350399234,False,False,True,False,False,False,False,False,False,False,False,False,False,False,False,1,0,0.087,False,built_year;material;width;lanes;spans;piers;traffic;rainfall;flood;discharge;velocity;maintenance;inspection;condition_history
,Unnamed Road Bridge - OSM 135363908,False,False,True,False,False,False,False,False,True,False,False,False,False,False,False,1,1,0.121,False,built_year;material;width;lanes;spans;piers;traffic;flood;discharge;velocity;maintenance;inspection;condition_history
,Unnamed Road Bridge - OSM 135953146,False,False,True,False,False,False,False,False,False,False,False,False,False,False,False,1,0,0.087,False,built_year;material;width;lanes;spans;piers;traffic;rainfall;flood;discharge;velocity;maintenance;inspection;condition_history
,Unnamed Road Bridge - OSM 1410443115,False,False,True,False,False,False,False,False,True,False,False,False,False,False,False,1,1,0.121,False,built_year;material;width;lanes;spans;piers;traffic;flood;discharge;velocity;maintenance;inspection;condition_history
,Unnamed Road Bridge - OSM 1427236212,False,False,True,False,False,False,False,False,True,False,False,False,False,False,False,1,1,0.121,False,built_year;material;width;lanes;spans;piers;traffic;flood;discharge;velocity;maintenance;inspection;condition_history
,Unnamed Road Bridge - OSM 1427243623,False,False,True,False,False,False,False,False,True,False,False,False,False,False,False,1,1,0.121,False,built_year;material;width;lanes;spans;piers;traffic;flood;discharge;velocity;maintenance;inspection;condition_history
,Unnamed Road Bridge - OSM 1432498513,False,False,True,False,False,False,False,False,True,False,False,False,False,False,False,1,1,0.121,False,built_year;material;width;lanes;spans;piers;traffic;flood;discharge;velocity;maintenance;inspection;condition_history
,Unnamed Road Bridge - OSM 1435016759,False,False,True,False,False,False,False,False,True,False,False,False,False,False,False,1,1,0.121,False,built_year;material;width;lanes;spans;piers;traffic;flood;discharge;velocity;maintenance;inspection;condition_history
,Unnamed Road Bridge - OSM 1443619362,False,False,True,False,False,False,False,False,True,False,False,False,False,False,False,1,1,0.121,False,built_year;material;width;lanes;spans;piers;traffic;flood;discharge;velocity;maintenance;inspection;condition_history
,Unnamed Road Bridge - OSM 1448580523,False,False,True,False,False,False,False,False,True,False,False,False,False,False,False,1,1,0.121,False,built_year;material;width;lanes;spans;piers;traffic;flood;discharge;velocity;maintenance;inspection;condition_history
,Unnamed Road Bridge - OSM 1449642615,False,False,True,False,False,False,False,False,False,False,False,False,False,False,False,1,0,0.087,False,built_year;material;width;lanes;spans;piers;traffic;rainfall;flood;discharge;velocity;maintenance;inspection;condition_history
,Unnamed Road Bridge - OSM 1450220899,False,False,True,False,False,False,False,False,True,False,False,False,False,False,False,1,1,0.121,False,built_year;material;width;lanes;spans;piers;traffic;flood;discharge;velocity;maintenance;inspection;condition_history
,Unnamed Road Bridge - OSM 1450220900,False,False,True,False,False,False,False,False,True,False,False,False,False,False,False,1,1,0.121,False,built_year;material;width;lanes;spans;piers;traffic;flood;discharge;velocity;maintenance;inspection;condition_history
,Unnamed Road Bridge - OSM 1451286794,False,False,True,False,False,False,False,False,True,False,False,False,False,False,False,1,1,0.121,False,built_year;material;width;lanes;spans;piers;traffic;flood;discharge;velocity;maintenance;inspection;condition_history
,Unnamed Road Bridge - OSM 1451530411,False,False,True,False,False,False,False,False,True,False,False,False,False,False,False,1,1,0.121,False,built_year;material;width;lanes;spans;piers;traffic;flood;discharge;velocity;maintenance;inspection;condition_history
,Unnamed Road Bridge - OSM 1451530413,False,False,True,False,False,False,False,False,True,False,False,False,False,False,False,1,1,0.121,False,built_year;material;width;lanes;spans;piers;traffic;flood;discharge;velocity;maintenance;inspection;condition_history
,Unnamed Road Bridge - OSM 1459736571,False,False,True,False,False,False,False,False,True,False,False,False,False,False,False,1,1,0.121,False,built_year;material;width;lanes;spans;piers;traffic;flood;discharge;velocity;maintenance;inspection;condition_history
,Unnamed Road Bridge - OSM 1459741515,False,False,True,False,False,False,False,False,True,False,False,False,False,False,False,1,1,0.121,False,built_year;material;width;lanes;spans;piers;traffic;flood;discharge;velocity;maintenance;inspection;condition_history
,Unnamed Road Bridge - OSM 1459741516,False,False,True,False,False,False,False,False,True,False,False,False,False,False,False,1,1,0.121,False,built_year;material;width;lanes;spans;piers;traffic;flood;discharge;velocity;maintenance;inspection;condition_history
,Unnamed Road Bridge - OSM 1466768727,False,False,True,False,False,False,False,False,True,False,False,False,False,False,False,1,1,0.121,False,built_year;material;width;lanes;spans;piers;traffic;flood;discharge;velocity;maintenance;inspection;condition_history
,Unnamed Road Bridge - OSM 1467318281,False,False,True,False,False,False,False,False,False,False,False,False,False,False,False,1,0,0.087,False,built_year;material;width;lanes;spans;piers;traffic;rainfall;flood;discharge;velocity;maintenance;inspection;condition_history
,Unnamed Road Bridge - OSM 1473386581,False,False,True,False,False,False,False,False,True,False,False,False,False,False,False,1,1,0.121,False,built_year;material;width;lanes;spans;piers;traffic;flood;discharge;velocity;maintenance;inspection;condition_history
,Unnamed Road Bridge - OSM 1481464864,False,False,True,False,False,False,False,False,True,False,False,False,False,False,False,1,1,0.121,False,built_year;material;width;lanes;spans;piers;traffic;flood;discharge;velocity;maintenance;inspection;condition_history
,Unnamed Road Bridge - OSM 1485587674,False,False,True,False,False,False,False,False,True,False,False,False,False,False,False,1,1,0.121,False,built_year;material;width;lanes;spans;piers;traffic;flood;discharge;velocity;maintenance;inspection;condition_history
,Unnamed Road Bridge - OSM 1490494905,False,False,True,False,False,False,False,False,True,False,False,False,False,False,False,1,1,0.121,False,built_year;material;width;lanes;spans;piers;traffic;flood;discharge;velocity;maintenance;inspection;condition_history
,Unnamed Road Bridge - OSM 1493552768,False,False,True,False,False,False,False,False,True,False,False,False,False,False,False,1,1,0.121,False,built_year;material;width;lanes;spans;piers;traffic;flood;discharge;velocity;maintenance;inspection;condition_history
,Unnamed Road Bridge - OSM 1493552771,False,False,True,False,False,False,False,False,True,False,False,False,False,False,False,1,1,0.121,False,built_year;material;width;lanes;spans;piers;traffic;flood;discharge;velocity;maintenance;inspection;condition_history
,Unnamed Road Bridge - OSM 1493553304,False,False,True,False,False,False,False,False,True,False,False,False,False,False,False,1,1,0.121,False,built_year;material;width;lanes;spans;piers;traffic;flood;discharge;velocity;maintenance;inspection;condition_history
,Unnamed Road Bridge - OSM 1503816908,False,False,True,False,False,False,False,False,True,False,False,False,False,False,False,1,1,0.121,False,built_year;material;width;lanes;spans;piers;traffic;flood;discharge;velocity;maintenance;inspection;condition_history
,Unnamed Road Bridge - OSM 1503820985,False,False,True,False,False,False,False,False,True,False,False,False,False,False,False,1,1,0.121,False,built_year;material;width;lanes;spans;piers;traffic;flood;discharge;velocity;maintenance;inspection;condition_history
,Unnamed Road Bridge - OSM 1503821002,False,False,True,False,False,False,False,False,True,False,False,False,False,False,False,1,1,0.121,False,built_year;material;width;lanes;spans;piers;traffic;flood;discharge;velocity;maintenance;inspection;condition_history
,Unnamed Road Bridge - OSM 1503821010,False,False,True,False,False,False,False,False,True,False,False,False,False,False,False,1,1,0.121,False,built_year;material;width;lanes;spans;piers;traffic;flood;discharge;velocity;maintenance;inspection;condition_history
,Unnamed Road Bridge - OSM 1503889426,False,False,True,False,False,False,False,False,True,False,False,False,False,False,False,1,1,0.121,False,built_year;material;width;lanes;spans;piers;traffic;flood;discharge;velocity;maintenance;inspection;condition_history
,Unnamed Road Bridge - OSM 1503889442,False,False,True,False,False,False,False,False,True,False,False,False,False,False,False,1,1,0.121,False,built_year;material;width;lanes;spans;piers;traffic;flood;discharge;velocity;maintenance;inspection;condition_history
,Unnamed Road Bridge - OSM 1503889444,False,False,True,False,False,False,False,False,True,False,False,False,False,False,False,1,1,0.121,False,built_year;material;width;lanes;spans;piers;traffic;flood;discharge;velocity;maintenance;inspection;condition_history
,Unnamed Road Bridge - OSM 1503889468,False,False,True,False,False,False,False,False,True,False,False,False,False,False,False,1,1,0.121,False,built_year;material;width;lanes;spans;piers;traffic;flood;discharge;velocity;maintenance;inspection;condition_history
,Unnamed Road Bridge - OSM 1503889470,False,False,True,False,False,False,False,False,True,False,False,False,False,False,False,1,1,0.121,False,built_year;material;width;lanes;spans;piers;traffic;flood;discharge;velocity;maintenance;inspection;condition_history
,Unnamed Road Bridge - OSM 1503939568,False,False,True,False,False,False,False,False,True,False,False,False,False,False,False,1,1,0.121,False,built_year;material;width;lanes;spans;piers;traffic;flood;discharge;velocity;maintenance;inspection;condition_history
,Unnamed Road Bridge - OSM 1503939574,False,False,True,False,False,False,False,False,True,False,False,False,False,False,False,1,1,0.121,False,built_year;material;width;lanes;spans;piers;traffic;flood;discharge;velocity;maintenance;inspection;condition_history
,Unnamed Road Bridge - OSM 1503939582,False,False,True,False,False,False,False,False,True,False,False,False,False,False,False,1,1,0.121,False,built_year;material;width;lanes;spans;piers;traffic;flood;discharge;velocity;maintenance;inspection;condition_history
,Unnamed Road Bridge - OSM 1503939586,False,False,True,False,False,False,False,False,True,False,False,False,False,False,False,1,1,0.121,False,built_year;material;width;lanes;spans;piers;traffic;flood;discharge;velocity;maintenance;inspection;condition_history
,Unnamed Road Bridge - OSM 1503939598,False,False,True,False,False,False,False,False,True,False,False,False,False,False,False,1,1,0.121,False,built_year;material;width;lanes;spans;piers;traffic;flood;discharge;velocity;maintenance;inspection;condition_history
,Unnamed Road Bridge - OSM 1503939600,False,False,True,False,False,False,False,False,True,False,False,False,False,False,False,1,1,0.121,False,built_year;material;width;lanes;spans;piers;traffic;flood;discharge;velocity;maintenance;inspection;condition_history
,Unnamed Road Bridge - OSM 1521243096,False,False,True,False,False,False,False,False,True,False,False,False,False,False,False,1,1,0.121,False,built_year;material;width;lanes;spans;piers;traffic;flood;discharge;velocity;maintenance;inspection;condition_history
,Unnamed Road Bridge - OSM 1521243097,False,False,True,False,False,False,False,False,True,False,False,False,False,False,False,1,1,0.121,False,built_year;material;width;lanes;spans;piers;traffic;flood;discharge;velocity;maintenance;inspection;condition_history
,Unnamed Road Bridge - OSM 1521243099,False,False,True,False,False,False,False,False,True,False,False,False,False,False,False,1,1,0.121,False,built_year;material;width;lanes;spans;piers;traffic;flood;discharge;velocity;maintenance;inspection;condition_history
,Unnamed Road Bridge - OSM 1523446422,False,False,True,False,False,False,False,False,False,False,False,False,False,False,False,1,0,0.087,False,built_year;material;width;lanes;spans;piers;traffic;rainfall;flood;discharge;velocity;maintenance;inspection;condition_history
,Unnamed Road Bridge - OSM 1528183047,False,False,True,False,False,False,False,False,True,False,False,False,False,False,False,1,1,0.121,False,built_year;material;width;lanes;spans;piers;traffic;flood;discharge;velocity;maintenance;inspection;condition_history
,Unnamed Road Bridge - OSM 1528183048,False,False,True,False,False,False,False,False,True,False,False,False,False,False,False,1,1,0.121,False,built_year;material;width;lanes;spans;piers;traffic;flood;discharge;velocity;maintenance;inspection;condition_history
,Unnamed Road Bridge - OSM 1529424403,False,False,True,False,False,False,False,False,True,False,False,False,False,False,False,1,1,0.121,False,built_year;material;width;lanes;spans;piers;traffic;flood;discharge;velocity;maintenance;inspection;condition_history
,Unnamed Road Bridge - OSM 1533184999,False,False,True,False,False,False,False,False,True,False,False,False,False,False,False,1,1,0.121,False,built_year;material;width;lanes;spans;piers;traffic;flood;discharge;velocity;maintenance;inspection;condition_history
,Unnamed Road Bridge - OSM 1533185032,False,False,True,False,False,False,False,False,True,False,False,False,False,False,False,1,1,0.121,False,built_year;material;width;lanes;spans;piers;traffic;flood;discharge;velocity;maintenance;inspection;condition_history
,Unnamed Road Bridge - OSM 1533185128,False,False,True,False,False,False,False,False,True,False,False,False,False,False,False,1,1,0.121,False,built_year;material;width;lanes;spans;piers;traffic;flood;discharge;velocity;maintenance;inspection;condition_history
,Unnamed Road Bridge - OSM 1533185139,False,False,True,False,False,False,False,False,True,False,False,False,False,False,False,1,1,0.121,False,built_year;material;width;lanes;spans;piers;traffic;flood;discharge;velocity;maintenance;inspection;condition_history
,Unnamed Road Bridge - OSM 1534158987,False,False,True,False,False,False,False,False,True,False,True,False,False,False,False,1,2,0.154,False,built_year;material;width;lanes;spans;piers;traffic;flood;velocity;maintenance;inspection;condition_history
,Unnamed Road Bridge - OSM 1535019270,False,False,True,False,False,False,False,False,False,False,False,False,False,False,False,1,0,0.087,False,built_year;material;width;lanes;spans;piers;traffic;rainfall;flood;discharge;velocity;maintenance;inspection;condition_history
,Unnamed Road Bridge - OSM 1535019271,False,False,True,False,False,False,False,False,False,False,False,False,False,False,False,1,0,0.087,False,built_year;material;width;lanes;spans;piers;traffic;rainfall;flood;discharge;velocity;maintenance;inspection;condition_history
,Unnamed Road Bridge - OSM 1535019282,False,False,True,False,False,False,False,False,False,False,False,False,False,False,False,1,0,0.087,False,built_year;material;width;lanes;spans;piers;traffic;rainfall;flood;discharge;velocity;maintenance;inspection;condition_history
,Unnamed Road Bridge - OSM 1543948123,False,False,True,False,False,False,False,False,True,False,False,False,False,False,False,1,1,0.121,False,built_year;material;width;lanes;spans;piers;traffic;flood;discharge;velocity;maintenance;inspection;condition_history
,Unnamed Road Bridge - OSM 1543948128,False,False,True,False,False,False,False,False,True,False,False,False,False,False,False,1,1,0.121,False,built_year;material;width;lanes;spans;piers;traffic;flood;discharge;velocity;maintenance;inspection;condition_history
,Unnamed Road Bridge - OSM 1543948132,False,False,True,False,False,False,False,False,True,False,False,False,False,False,False,1,1,0.121,False,built_year;material;width;lanes;spans;piers;traffic;flood;discharge;velocity;maintenance;inspection;condition_history
,Unnamed Road Bridge - OSM 1546500961,False,False,True,False,False,False,False,False,True,False,False,False,False,False,False,1,1,0.121,False,built_year;material;width;lanes;spans;piers;traffic;flood;discharge;velocity;maintenance;inspection;condition_history
,Unnamed Road Bridge - OSM 1546598620,False,False,True,False,False,False,False,False,True,False,False,False,False,False,False,1,1,0.121,False,built_year;material;width;lanes;spans;piers;traffic;flood;discharge;velocity;maintenance;inspection;condition_history
,Unnamed Road Bridge - OSM 1546598622,False,False,True,False,False,False,False,False,True,False,False,False,False,False,False,1,1,0.121,False,built_year;material;width;lanes;spans;piers;traffic;flood;discharge;velocity;maintenance;inspection;condition_history
,Unnamed Road Bridge - OSM 1546598628,False,False,True,False,False,False,False,False,True,False,False,False,False,False,False,1,1,0.121,False,built_year;material;width;lanes;spans;piers;traffic;flood;discharge;velocity;maintenance;inspection;condition_history
,Unnamed Road Bridge - OSM 1546598647,False,False,True,False,False,False,False,False,True,False,False,False,False,False,False,1,1,0.121,False,built_year;material;width;lanes;spans;piers;traffic;flood;discharge;velocity;maintenance;inspection;condition_history
,Unnamed Road Bridge - OSM 1546656004,False,False,True,False,False,False,False,False,True,False,False,False,False,False,False,1,1,0.121,False,built_year;material;width;lanes;spans;piers;traffic;flood;discharge;velocity;maintenance;inspection;condition_history
,Unnamed Road Bridge - OSM 1546656006,False,False,True,False,False,False,False,False,True,False,False,False,False,False,False,1,1,0.121,False,built_year;material;width;lanes;spans;piers;traffic;flood;discharge;velocity;maintenance;inspection;condition_history
,Unnamed Road Bridge - OSM 1546656008,False,False,True,False,False,False,False,False,True,False,False,False,False,False,False,1,1,0.121,False,built_year;material;width;lanes;spans;piers;traffic;flood;discharge;velocity;maintenance;inspection;condition_history
,Unnamed Road Bridge - OSM 1546656009,False,False,True,False,False,False,False,False,True,False,False,False,False,False,False,1,1,0.121,False,built_year;material;width;lanes;spans;piers;traffic;flood;discharge;velocity;maintenance;inspection;condition_history
,Unnamed Road Bridge - OSM 1546656010,False,False,True,False,False,False,False,False,True,False,False,False,False,False,False,1,1,0.121,False,built_year;material;width;lanes;spans;piers;traffic;flood;discharge;velocity;maintenance;inspection;condition_history
,Unnamed Road Bridge - OSM 1546656046,False,False,True,False,False,False,False,False,True,False,False,False,False,False,False,1,1,0.121,False,built_year;material;width;lanes;spans;piers;traffic;flood;discharge;velocity;maintenance;inspection;condition_history
,Unnamed Road Bridge - OSM 1546656050,False,False,True,False,False,False,False,False,True,False,False,False,False,False,False,1,1,0.121,False,built_year;material;width;lanes;spans;piers;traffic;flood;discharge;velocity;maintenance;inspection;condition_history
,Unnamed Road Bridge - OSM 1547867483,False,False,True,False,False,False,False,False,True,False,False,False,False,False,False,1,1,0.121,False,built_year;material;width;lanes;spans;piers;traffic;flood;discharge;velocity;maintenance;inspection;condition_history
,Unnamed Road Bridge - OSM 170570037,False,False,True,False,False,False,False,False,True,False,False,False,False,False,False,1,1,0.121,False,built_year;material;width;lanes;spans;piers;traffic;flood;discharge;velocity;maintenance;inspection;condition_history
,Unnamed Road Bridge - OSM 170586649,False,False,True,False,False,False,False,False,True,False,False,False,False,False,False,1,1,0.121,False,built_year;material;width;lanes;spans;piers;traffic;flood;discharge;velocity;maintenance;inspection;condition_history
,Unnamed Road Bridge - OSM 170589379,False,False,True,False,False,False,False,False,True,False,False,False,False,False,False,1,1,0.121,False,built_year;material;width;lanes;spans;piers;traffic;flood;discharge;velocity;maintenance;inspection;condition_history
,Unnamed Road Bridge - OSM 171980075,False,False,True,False,False,False,False,False,False,False,False,False,False,False,False,1,0,0.087,False,built_year;material;width;lanes;spans;piers;traffic;rainfall;flood;discharge;velocity;maintenance;inspection;condition_history
,Unnamed Road Bridge - OSM 176051909,False,False,True,False,False,False,False,False,True,False,False,False,False,False,False,1,1,0.121,False,built_year;material;width;lanes;spans;piers;traffic;flood;discharge;velocity;maintenance;inspection;condition_history
,Unnamed Road Bridge - OSM 202919041,False,False,True,False,False,False,False,False,True,False,False,False,False,False,False,1,1,0.121,False,built_year;material;width;lanes;spans;piers;traffic;flood;discharge;velocity;maintenance;inspection;condition_history
,Unnamed Road Bridge - OSM 205622090,False,False,True,False,False,False,False,False,True,False,False,False,False,False,False,1,1,0.121,False,built_year;material;width;lanes;spans;piers;traffic;flood;discharge;velocity;maintenance;inspection;condition_history
,Unnamed Road Bridge - OSM 205731804,False,False,True,False,False,False,False,False,True,False,False,False,False,False,False,1,1,0.121,False,built_year;material;width;lanes;spans;piers;traffic;flood;discharge;velocity;maintenance;inspection;condition_history
,Unnamed Road Bridge - OSM 205731810,False,False,True,False,False,False,False,False,True,False,False,False,False,False,False,1,1,0.121,False,built_year;material;width;lanes;spans;piers;traffic;flood;discharge;velocity;maintenance;inspection;condition_history
,Unnamed Road Bridge - OSM 214952094,False,False,True,False,False,False,False,False,True,False,False,False,False,False,False,1,1,0.121,False,built_year;material;width;lanes;spans;piers;traffic;flood;discharge;velocity;maintenance;inspection;condition_history
,Unnamed Road Bridge - OSM 214952097,False,False,True,False,False,False,False,False,True,False,False,False,False,False,False,1,1,0.121,False,built_year;material;width;lanes;spans;piers;traffic;flood;discharge;velocity;maintenance;inspection;condition_history
,Unnamed Road Bridge - OSM 214952100,False,False,True,False,False,False,False,False,True,False,False,False,False,False,False,1,1,0.121,False,built_year;material;width;lanes;spans;piers;traffic;flood;discharge;velocity;maintenance;inspection;condition_history
,Unnamed Road Bridge - OSM 214952102,False,False,True,False,False,False,False,False,True,False,False,False,False,False,False,1,1,0.121,False,built_year;material;width;lanes;spans;piers;traffic;flood;discharge;velocity;maintenance;inspection;condition_history
,Unnamed Road Bridge - OSM 215053696,False,False,True,False,False,False,False,False,True,False,False,False,False,False,False,1,1,0.121,False,built_year;material;width;lanes;spans;piers;traffic;flood;discharge;velocity;maintenance;inspection;condition_history
,Unnamed Road Bridge - OSM 215053698,False,False,True,False,False,False,False,False,True,False,False,False,False,False,False,1,1,0.121,False,built_year;material;width;lanes;spans;piers;traffic;flood;discharge;velocity;maintenance;inspection;condition_history
,Unnamed Road Bridge - OSM 215053708,False,False,True,False,False,False,False,False,True,False,False,False,False,False,False,1,1,0.121,False,built_year;material;width;lanes;spans;piers;traffic;flood;discharge;velocity;maintenance;inspection;condition_history
,Unnamed Road Bridge - OSM 215053709,False,False,True,False,False,False,False,False,True,False,False,False,False,False,False,1,1,0.121,False,built_year;material;width;lanes;spans;piers;traffic;flood;discharge;velocity;maintenance;inspection;condition_history
,Unnamed Road Bridge - OSM 218637765,False,False,True,False,False,False,False,False,False,False,False,False,False,False,False,1,0,0.087,False,built_year;material;width;lanes;spans;piers;traffic;rainfall;flood;discharge;velocity;maintenance;inspection;condition_history
,Unnamed Road Bridge - OSM 218637767,False,False,True,False,False,False,False,False,False,False,False,False,False,False,False,1,0,0.087,False,built_year;material;width;lanes;spans;piers;traffic;rainfall;flood;discharge;velocity;maintenance;inspection;condition_history
,Unnamed Road Bridge - OSM 218680048,False,False,True,False,False,False,False,False,False,False,False,False,False,False,False,1,0,0.087,False,built_year;material;width;lanes;spans;piers;traffic;rainfall;flood;discharge;velocity;maintenance;inspection;condition_history
,Unnamed Road Bridge - OSM 218701484,False,False,True,False,False,False,False,False,True,False,True,False,False,False,False,1,2,0.154,False,built_year;material;width;lanes;spans;piers;traffic;flood;velocity;maintenance;inspection;condition_history
,Unnamed Road Bridge - OSM 218701485,False,False,True,False,False,False,False,False,True,False,True,False,False,False,False,1,2,0.154,False,built_year;material;width;lanes;spans;piers;traffic;flood;velocity;maintenance;inspection;condition_history
,Unnamed Road Bridge - OSM 218703583,False,False,True,False,False,False,False,False,True,False,False,False,False,False,False,1,1,0.121,False,built_year;material;width;lanes;spans;piers;traffic;flood;discharge;velocity;maintenance;inspection;condition_history
,Unnamed Road Bridge - OSM 218703584,False,False,True,False,False,False,False,False,True,False,False,False,False,False,False,1,1,0.121,False,built_year;material;width;lanes;spans;piers;traffic;flood;discharge;velocity;maintenance;inspection;condition_history
,Unnamed Road Bridge - OSM 218735194,False,False,True,False,False,False,False,False,True,False,False,False,False,False,False,1,1,0.121,False,built_year;material;width;lanes;spans;piers;traffic;flood;discharge;velocity;maintenance;inspection;condition_history
,Unnamed Road Bridge - OSM 218735201,False,False,True,False,False,False,False,False,True,False,False,False,False,False,False,1,1,0.121,False,built_year;material;width;lanes;spans;piers;traffic;flood;discharge;velocity;maintenance;inspection;condition_history
,Unnamed Road Bridge - OSM 218917556,False,False,True,False,False,False,False,False,True,False,False,False,False,False,False,1,1,0.121,False,built_year;material;width;lanes;spans;piers;traffic;flood;discharge;velocity;maintenance;inspection;condition_history
,Unnamed Road Bridge - OSM 218917558,False,False,True,False,False,False,False,False,True,False,False,False,False,False,False,1,1,0.121,False,built_year;material;width;lanes;spans;piers;traffic;flood;discharge;velocity;maintenance;inspection;condition_history
,Unnamed Road Bridge - OSM 218973261,False,False,True,False,False,False,False,False,True,False,False,False,False,False,False,1,1,0.121,False,built_year;material;width;lanes;spans;piers;traffic;flood;discharge;velocity;maintenance;inspection;condition_history
,Unnamed Road Bridge - OSM 218996540,False,False,True,False,False,False,False,False,True,False,False,False,False,False,False,1,1,0.121,False,built_year;material;width;lanes;spans;piers;traffic;flood;discharge;velocity;maintenance;inspection;condition_history
,Unnamed Road Bridge - OSM 219009915,False,False,True,False,False,False,False,False,False,False,True,False,False,False,False,1,1,0.121,False,built_year;material;width;lanes;spans;piers;traffic;rainfall;flood;velocity;maintenance;inspection;condition_history
,Unnamed Road Bridge - OSM 219018320,False,False,True,False,False,False,False,False,True,False,False,False,False,False,False,1,1,0.121,False,built_year;material;width;lanes;spans;piers;traffic;flood;discharge;velocity;maintenance;inspection;condition_history
,Unnamed Road Bridge - OSM 219018321,False,False,True,False,False,False,False,False,True,False,False,False,False,False,False,1,1,0.121,False,built_year;material;width;lanes;spans;piers;traffic;flood;discharge;velocity;maintenance;inspection;condition_history
,Unnamed Road Bridge - OSM 219027805,False,False,True,False,False,False,False,False,False,False,False,False,False,False,False,1,0,0.087,False,built_year;material;width;lanes;spans;piers;traffic;rainfall;flood;discharge;velocity;maintenance;inspection;condition_history
,Unnamed Road Bridge - OSM 219193012,False,False,True,False,False,False,False,False,True,False,False,False,False,False,False,1,1,0.121,False,built_year;material;width;lanes;spans;piers;traffic;flood;discharge;velocity;maintenance;inspection;condition_history
,Unnamed Road Bridge - OSM 22838890,False,False,True,False,False,False,False,False,True,False,False,False,False,False,False,1,1,0.121,False,built_year;material;width;lanes;spans;piers;traffic;flood;discharge;velocity;maintenance;inspection;condition_history
,Unnamed Road Bridge - OSM 233501221,False,False,True,False,False,False,False,False,True,False,False,False,False,False,False,1,1,0.121,False,built_year;material;width;lanes;spans;piers;traffic;flood;discharge;velocity;maintenance;inspection;condition_history
,Unnamed Road Bridge - OSM 238744365,False,False,True,False,False,False,False,False,False,False,True,False,False,False,False,1,1,0.121,False,built_year;material;width;lanes;spans;piers;traffic;rainfall;flood;velocity;maintenance;inspection;condition_history
,Unnamed Road Bridge - OSM 238756163,False,False,True,False,False,False,False,False,True,False,False,False,False,False,False,1,1,0.121,False,built_year;material;width;lanes;spans;piers;traffic;flood;discharge;velocity;maintenance;inspection;condition_history
,Unnamed Road Bridge - OSM 238763103,False,False,True,False,False,False,False,False,False,False,False,False,False,False,False,1,0,0.087,False,built_year;material;width;lanes;spans;piers;traffic;rainfall;flood;discharge;velocity;maintenance;inspection;condition_history
,Unnamed Road Bridge - OSM 238763108,False,False,True,False,False,False,False,False,False,False,False,False,False,False,False,1,0,0.087,False,built_year;material;width;lanes;spans;piers;traffic;rainfall;flood;discharge;velocity;maintenance;inspection;condition_history
,Unnamed Road Bridge - OSM 239846869,False,False,True,False,False,False,False,False,True,False,False,False,False,False,False,1,1,0.121,False,built_year;material;width;lanes;spans;piers;traffic;flood;discharge;velocity;maintenance;inspection;condition_history
,Unnamed Road Bridge - OSM 239850495,False,False,True,False,False,False,False,False,True,False,False,False,False,False,False,1,1,0.121,False,built_year;material;width;lanes;spans;piers;traffic;flood;discharge;velocity;maintenance;inspection;condition_history
,Unnamed Road Bridge - OSM 240045243,False,False,True,False,False,False,False,False,True,False,False,False,False,False,False,1,1,0.121,False,built_year;material;width;lanes;spans;piers;traffic;flood;discharge;velocity;maintenance;inspection;condition_history
,Unnamed Road Bridge - OSM 240048032,False,False,True,False,False,False,False,False,True,False,False,False,False,False,False,1,1,0.121,False,built_year;material;width;lanes;spans;piers;traffic;flood;discharge;velocity;maintenance;inspection;condition_history
,Unnamed Road Bridge - OSM 240048038,False,False,True,False,False,False,False,False,True,False,False,False,False,False,False,1,1,0.121,False,built_year;material;width;lanes;spans;piers;traffic;flood;discharge;velocity;maintenance;inspection;condition_history
,Unnamed Road Bridge - OSM 240049042,False,False,True,False,False,False,False,False,True,False,False,False,False,False,False,1,1,0.121,False,built_year;material;width;lanes;spans;piers;traffic;flood;discharge;velocity;maintenance;inspection;condition_history
,Unnamed Road Bridge - OSM 240049043,False,False,True,False,False,False,False,False,True,False,False,False,False,False,False,1,1,0.121,False,built_year;material;width;lanes;spans;piers;traffic;flood;discharge;velocity;maintenance;inspection;condition_history
,Unnamed Road Bridge - OSM 240049044,False,False,True,False,False,False,False,False,True,False,False,False,False,False,False,1,1,0.121,False,built_year;material;width;lanes;spans;piers;traffic;flood;discharge;velocity;maintenance;inspection;condition_history
,Unnamed Road Bridge - OSM 240898027,False,False,True,False,False,False,False,False,True,False,False,False,False,False,False,1,1,0.121,False,built_year;material;width;lanes;spans;piers;traffic;flood;discharge;velocity;maintenance;inspection;condition_history
,Unnamed Road Bridge - OSM 240898035,False,False,True,False,False,False,False,False,True,False,False,False,False,False,False,1,1,0.121,False,built_year;material;width;lanes;spans;piers;traffic;flood;discharge;velocity;maintenance;inspection;condition_history
,Unnamed Road Bridge - OSM 240960506,False,False,True,False,False,False,False,False,False,False,False,False,False,False,False,1,0,0.087,False,built_year;material;width;lanes;spans;piers;traffic;rainfall;flood;discharge;velocity;maintenance;inspection;condition_history
,Unnamed Road Bridge - OSM 240960511,False,False,True,False,False,False,False,False,False,False,False,False,False,False,False,1,0,0.087,False,built_year;material;width;lanes;spans;piers;traffic;rainfall;flood;discharge;velocity;maintenance;inspection;condition_history
,Unnamed Road Bridge - OSM 245407526,False,False,True,False,False,False,False,False,False,False,False,False,False,False,False,1,0,0.087,False,built_year;material;width;lanes;spans;piers;traffic;rainfall;flood;discharge;velocity;maintenance;inspection;condition_history
,Unnamed Road Bridge - OSM 245407527,False,False,True,False,False,False,False,False,False,False,False,False,False,False,False,1,0,0.087,False,built_year;material;width;lanes;spans;piers;traffic;rainfall;flood;discharge;velocity;maintenance;inspection;condition_history
,Unnamed Road Bridge - OSM 254618281,False,False,True,False,False,False,False,False,True,False,False,False,False,False,False,1,1,0.121,False,built_year;material;width;lanes;spans;piers;traffic;flood;discharge;velocity;maintenance;inspection;condition_history
,Unnamed Road Bridge - OSM 263978582,False,False,True,False,False,False,False,False,True,False,False,False,False,False,False,1,1,0.121,False,built_year;material;width;lanes;spans;piers;traffic;flood;discharge;velocity;maintenance;inspection;condition_history
,Unnamed Road Bridge - OSM 287755639,False,False,True,False,False,False,False,False,False,False,False,False,False,False,False,1,0,0.087,False,built_year;material;width;lanes;spans;piers;traffic;rainfall;flood;discharge;velocity;maintenance;inspection;condition_history
,Unnamed Road Bridge - OSM 287755650,False,False,True,False,False,False,False,False,False,False,False,False,False,False,False,1,0,0.087,False,built_year;material;width;lanes;spans;piers;traffic;rainfall;flood;discharge;velocity;maintenance;inspection;condition_history
,Unnamed Road Bridge - OSM 288592373,False,False,True,False,False,False,False,False,False,False,False,False,False,False,False,1,0,0.087,False,built_year;material;width;lanes;spans;piers;traffic;rainfall;flood;discharge;velocity;maintenance;inspection;condition_history
,Unnamed Road Bridge - OSM 289926820,False,False,True,False,False,False,False,False,True,False,False,False,False,False,False,1,1,0.121,False,built_year;material;width;lanes;spans;piers;traffic;flood;discharge;velocity;maintenance;inspection;condition_history
,Unnamed Road Bridge - OSM 289926827,False,False,True,False,False,False,False,False,True,False,False,False,False,False,False,1,1,0.121,False,built_year;material;width;lanes;spans;piers;traffic;flood;discharge;velocity;maintenance;inspection;condition_history
,Unnamed Road Bridge - OSM 291802663,False,False,True,False,False,False,False,False,True,False,False,False,False,False,False,1,1,0.121,False,built_year;material;width;lanes;spans;piers;traffic;flood;discharge;velocity;maintenance;inspection;condition_history
,Unnamed Road Bridge - OSM 291808170,False,False,True,False,False,False,False,False,True,False,False,False,False,False,False,1,1,0.121,False,built_year;material;width;lanes;spans;piers;traffic;flood;discharge;velocity;maintenance;inspection;condition_history
,Unnamed Road Bridge - OSM 291808171,False,False,True,False,False,False,False,False,True,False,False,False,False,False,False,1,1,0.121,False,built_year;material;width;lanes;spans;piers;traffic;flood;discharge;velocity;maintenance;inspection;condition_history
,Unnamed Road Bridge - OSM 293272311,False,False,True,False,False,False,False,False,True,False,False,False,False,False,False,1,1,0.121,False,built_year;material;width;lanes;spans;piers;traffic;flood;discharge;velocity;maintenance;inspection;condition_history
,Unnamed Road Bridge - OSM 293501825,False,False,True,False,False,False,False,False,True,False,False,False,False,False,False,1,1,0.121,False,built_year;material;width;lanes;spans;piers;traffic;flood;discharge;velocity;maintenance;inspection;condition_history
,Unnamed Road Bridge - OSM 300914516,False,False,True,False,False,False,False,False,False,False,False,False,False,False,False,1,0,0.087,False,built_year;material;width;lanes;spans;piers;traffic;rainfall;flood;discharge;velocity;maintenance;inspection;condition_history
,Unnamed Road Bridge - OSM 308713944,False,False,True,False,False,False,False,False,True,False,False,False,False,False,False,1,1,0.121,False,built_year;material;width;lanes;spans;piers;traffic;flood;discharge;velocity;maintenance;inspection;condition_history
,Unnamed Road Bridge - OSM 309857550,False,False,True,False,False,False,False,False,True,False,False,False,False,False,False,1,1,0.121,False,built_year;material;width;lanes;spans;piers;traffic;flood;discharge;velocity;maintenance;inspection;condition_history
,Unnamed Road Bridge - OSM 325519426,False,False,True,False,False,False,False,False,True,False,False,False,False,False,False,1,1,0.121,False,built_year;material;width;lanes;spans;piers;traffic;flood;discharge;velocity;maintenance;inspection;condition_history
,Unnamed Road Bridge - OSM 325519427,False,False,True,False,False,False,False,False,True,False,False,False,False,False,False,1,1,0.121,False,built_year;material;width;lanes;spans;piers;traffic;flood;discharge;velocity;maintenance;inspection;condition_history
,Unnamed Road Bridge - OSM 325745681,False,False,True,False,False,False,False,False,True,False,False,False,False,False,False,1,1,0.121,False,built_year;material;width;lanes;spans;piers;traffic;flood;discharge;velocity;maintenance;inspection;condition_history
,Unnamed Road Bridge - OSM 331899736,False,False,True,False,False,False,False,False,True,False,False,False,False,False,False,1,1,0.121,False,built_year;material;width;lanes;spans;piers;traffic;flood;discharge;velocity;maintenance;inspection;condition_history
,Unnamed Road Bridge - OSM 333089059,False,False,True,False,False,False,False,False,True,False,False,False,False,False,False,1,1,0.121,False,built_year;material;width;lanes;spans;piers;traffic;flood;discharge;velocity;maintenance;inspection;condition_history
,Unnamed Road Bridge - OSM 358386029,False,False,True,False,False,False,False,False,True,False,False,False,False,False,False,1,1,0.121,False,built_year;material;width;lanes;spans;piers;traffic;flood;discharge;velocity;maintenance;inspection;condition_history
,Unnamed Road Bridge - OSM 379541612,False,False,True,False,False,False,False,False,True,False,True,False,False,False,False,1,2,0.154,False,built_year;material;width;lanes;spans;piers;traffic;flood;velocity;maintenance;inspection;condition_history
,Unnamed Road Bridge - OSM 379541613,False,False,True,False,False,False,False,False,True,False,True,False,False,False,False,1,2,0.154,False,built_year;material;width;lanes;spans;piers;traffic;flood;velocity;maintenance;inspection;condition_history
,Unnamed Road Bridge - OSM 389711577,False,False,True,False,False,False,False,False,True,False,False,False,False,False,False,1,1,0.121,False,built_year;material;width;lanes;spans;piers;traffic;flood;discharge;velocity;maintenance;inspection;condition_history
,Unnamed Road Bridge - OSM 394357819,False,False,True,False,False,False,False,False,True,False,False,False,False,False,False,1,1,0.121,False,built_year;material;width;lanes;spans;piers;traffic;flood;discharge;velocity;maintenance;inspection;condition_history
,Unnamed Road Bridge - OSM 394357824,False,False,True,False,False,False,False,False,True,False,False,False,False,False,False,1,1,0.121,False,built_year;material;width;lanes;spans;piers;traffic;flood;discharge;velocity;maintenance;inspection;condition_history
,Unnamed Road Bridge - OSM 396791607,False,False,True,False,False,False,False,False,False,False,False,False,False,False,False,1,0,0.087,False,built_year;material;width;lanes;spans;piers;traffic;rainfall;flood;discharge;velocity;maintenance;inspection;condition_history
,Unnamed Road Bridge - OSM 396806476,False,False,True,False,False,False,False,False,False,False,False,False,False,False,False,1,0,0.087,False,built_year;material;width;lanes;spans;piers;traffic;rainfall;flood;discharge;velocity;maintenance;inspection;condition_history
,Unnamed Road Bridge - OSM 396962800,False,False,True,False,False,False,False,False,True,False,False,False,False,False,False,1,1,0.121,False,built_year;material;width;lanes;spans;piers;traffic;flood;discharge;velocity;maintenance;inspection;condition_history
,Unnamed Road Bridge - OSM 413992091,False,False,True,False,False,False,False,False,False,False,False,False,False,False,False,1,0,0.087,False,built_year;material;width;lanes;spans;piers;traffic;rainfall;flood;discharge;velocity;maintenance;inspection;condition_history
,Unnamed Road Bridge - OSM 449226572,False,False,True,False,False,False,False,False,True,False,False,False,False,False,False,1,1,0.121,False,built_year;material;width;lanes;spans;piers;traffic;flood;discharge;velocity;maintenance;inspection;condition_history
,Unnamed Road Bridge - OSM 45022241,False,False,True,False,False,False,False,False,False,False,False,False,False,False,False,1,0,0.087,False,built_year;material;width;lanes;spans;piers;traffic;rainfall;flood;discharge;velocity;maintenance;inspection;condition_history
,Unnamed Road Bridge - OSM 45068997,False,False,True,False,False,False,False,False,False,False,True,False,False,False,False,1,1,0.121,False,built_year;material;width;lanes;spans;piers;traffic;rainfall;flood;velocity;maintenance;inspection;condition_history
,Unnamed Road Bridge - OSM 487426230,False,False,True,False,False,False,False,False,True,False,False,False,False,False,False,1,1,0.121,False,built_year;material;width;lanes;spans;piers;traffic;flood;discharge;velocity;maintenance;inspection;condition_history
,Unnamed Road Bridge - OSM 487737363,False,False,True,False,False,False,False,False,True,False,False,False,False,False,False,1,1,0.121,False,built_year;material;width;lanes;spans;piers;traffic;flood;discharge;velocity;maintenance;inspection;condition_history
,Unnamed Road Bridge - OSM 494877310,False,False,True,False,False,False,False,False,True,False,False,False,False,False,False,1,1,0.121,False,built_year;material;width;lanes;spans;piers;traffic;flood;discharge;velocity;maintenance;inspection;condition_history
,Unnamed Road Bridge - OSM 556976694,False,False,True,False,False,False,False,False,True,False,False,False,False,False,False,1,1,0.121,False,built_year;material;width;lanes;spans;piers;traffic;flood;discharge;velocity;maintenance;inspection;condition_history
,Unnamed Road Bridge - OSM 566028955,False,False,True,False,False,False,False,False,True,False,False,False,False,False,False,1,1,0.121,False,built_year;material;width;lanes;spans;piers;traffic;flood;discharge;velocity;maintenance;inspection;condition_history
,Unnamed Road Bridge - OSM 566028958,False,False,True,False,False,False,False,False,True,False,False,False,False,False,False,1,1,0.121,False,built_year;material;width;lanes;spans;piers;traffic;flood;discharge;velocity;maintenance;inspection;condition_history
,Unnamed Road Bridge - OSM 567442395,False,False,True,False,False,False,False,False,True,False,False,False,False,False,False,1,1,0.121,False,built_year;material;width;lanes;spans;piers;traffic;flood;discharge;velocity;maintenance;inspection;condition_history
,Unnamed Road Bridge - OSM 568703896,False,False,True,False,False,False,False,False,False,False,True,False,False,False,False,1,1,0.121,False,built_year;material;width;lanes;spans;piers;traffic;rainfall;flood;velocity;maintenance;inspection;condition_history
,Unnamed Road Bridge - OSM 571948907,False,False,True,False,False,False,False,False,True,False,False,False,False,False,False,1,1,0.121,False,built_year;material;width;lanes;spans;piers;traffic;flood;discharge;velocity;maintenance;inspection;condition_history
,Unnamed Road Bridge - OSM 571948908,False,False,True,False,False,False,False,False,True,False,False,False,False,False,False,1,1,0.121,False,built_year;material;width;lanes;spans;piers;traffic;flood;discharge;velocity;maintenance;inspection;condition_history
,Unnamed Road Bridge - OSM 571948965,False,False,True,False,False,False,False,False,True,False,False,False,False,False,False,1,1,0.121,False,built_year;material;width;lanes;spans;piers;traffic;flood;discharge;velocity;maintenance;inspection;condition_history
,Unnamed Road Bridge - OSM 571948969,False,False,True,False,False,False,False,False,True,False,False,False,False,False,False,1,1,0.121,False,built_year;material;width;lanes;spans;piers;traffic;flood;discharge;velocity;maintenance;inspection;condition_history
,Unnamed Road Bridge - OSM 571948991,False,False,True,False,False,False,False,False,True,False,False,False,False,False,False,1,1,0.121,False,built_year;material;width;lanes;spans;piers;traffic;flood;discharge;velocity;maintenance;inspection;condition_history
,Unnamed Road Bridge - OSM 571948995,False,False,True,False,False,False,False,False,True,False,False,False,False,False,False,1,1,0.121,False,built_year;material;width;lanes;spans;piers;traffic;flood;discharge;velocity;maintenance;inspection;condition_history
,Unnamed Road Bridge - OSM 571985552,False,False,True,False,False,False,False,False,True,False,False,False,False,False,False,1,1,0.121,False,built_year;material;width;lanes;spans;piers;traffic;flood;discharge;velocity;maintenance;inspection;condition_history
,Unnamed Road Bridge - OSM 571985587,False,False,True,False,False,False,False,False,False,False,False,False,False,False,False,1,0,0.087,False,built_year;material;width;lanes;spans;piers;traffic;rainfall;flood;discharge;velocity;maintenance;inspection;condition_history
,Unnamed Road Bridge - OSM 571985590,False,False,True,False,False,False,False,False,False,False,False,False,False,False,False,1,0,0.087,False,built_year;material;width;lanes;spans;piers;traffic;rainfall;flood;discharge;velocity;maintenance;inspection;condition_history
,Unnamed Road Bridge - OSM 580892130,False,False,True,False,False,False,False,False,False,False,False,False,False,False,False,1,0,0.087,False,built_year;material;width;lanes;spans;piers;traffic;rainfall;flood;discharge;velocity;maintenance;inspection;condition_history
,Unnamed Road Bridge - OSM 581942272,False,False,True,False,False,False,False,False,False,False,False,False,False,False,False,1,0,0.087,False,built_year;material;width;lanes;spans;piers;traffic;rainfall;flood;discharge;velocity;maintenance;inspection;condition_history
,Unnamed Road Bridge - OSM 581942274,False,False,True,False,False,False,False,False,False,False,False,False,False,False,False,1,0,0.087,False,built_year;material;width;lanes;spans;piers;traffic;rainfall;flood;discharge;velocity;maintenance;inspection;condition_history
,Unnamed Road Bridge - OSM 581946371,False,False,True,False,False,False,False,False,False,False,False,False,False,False,False,1,0,0.087,False,built_year;material;width;lanes;spans;piers;traffic;rainfall;flood;discharge;velocity;maintenance;inspection;condition_history
,Unnamed Road Bridge - OSM 581946372,False,False,True,False,False,False,False,False,False,False,False,False,False,False,False,1,0,0.087,False,built_year;material;width;lanes;spans;piers;traffic;rainfall;flood;discharge;velocity;maintenance;inspection;condition_history
,Unnamed Road Bridge - OSM 582025579,False,False,True,False,False,False,False,False,False,False,False,False,False,False,False,1,0,0.087,False,built_year;material;width;lanes;spans;piers;traffic;rainfall;flood;discharge;velocity;maintenance;inspection;condition_history
,Unnamed Road Bridge - OSM 582025580,False,False,True,False,False,False,False,False,False,False,False,False,False,False,False,1,0,0.087,False,built_year;material;width;lanes;spans;piers;traffic;rainfall;flood;discharge;velocity;maintenance;inspection;condition_history
,Unnamed Road Bridge - OSM 58614320,False,False,True,False,False,False,False,False,False,False,False,False,False,False,False,1,0,0.087,False,built_year;material;width;lanes;spans;piers;traffic;rainfall;flood;discharge;velocity;maintenance;inspection;condition_history
,Unnamed Road Bridge - OSM 588007121,False,False,True,False,False,False,False,False,True,False,False,False,False,False,False,1,1,0.121,False,built_year;material;width;lanes;spans;piers;traffic;flood;discharge;velocity;maintenance;inspection;condition_history
,Unnamed Road Bridge - OSM 588007123,False,False,True,False,False,False,False,False,True,False,False,False,False,False,False,1,1,0.121,False,built_year;material;width;lanes;spans;piers;traffic;flood;discharge;velocity;maintenance;inspection;condition_history
,Unnamed Road Bridge - OSM 588007124,False,False,True,False,False,False,False,False,True,False,False,False,False,False,False,1,1,0.121,False,built_year;material;width;lanes;spans;piers;traffic;flood;discharge;velocity;maintenance;inspection;condition_history
,Unnamed Road Bridge - OSM 591387221,False,False,True,False,False,False,False,False,True,False,False,False,False,False,False,1,1,0.121,False,built_year;material;width;lanes;spans;piers;traffic;flood;discharge;velocity;maintenance;inspection;condition_history
,Unnamed Road Bridge - OSM 591387223,False,False,True,False,False,False,False,False,True,False,False,False,False,False,False,1,1,0.121,False,built_year;material;width;lanes;spans;piers;traffic;flood;discharge;velocity;maintenance;inspection;condition_history
,Unnamed Road Bridge - OSM 617251100,False,False,True,False,False,False,False,False,True,False,False,False,False,False,False,1,1,0.121,False,built_year;material;width;lanes;spans;piers;traffic;flood;discharge;velocity;maintenance;inspection;condition_history
,Unnamed Road Bridge - OSM 624647603,False,False,True,False,False,False,False,False,True,False,False,False,False,False,False,1,1,0.121,False,built_year;material;width;lanes;spans;piers;traffic;flood;discharge;velocity;maintenance;inspection;condition_history
,Unnamed Road Bridge - OSM 626334023,False,False,True,False,False,False,False,False,True,False,True,False,False,False,False,1,2,0.154,False,built_year;material;width;lanes;spans;piers;traffic;flood;velocity;maintenance;inspection;condition_history
,Unnamed Road Bridge - OSM 626334028,False,False,True,False,False,False,False,False,True,False,True,False,False,False,False,1,2,0.154,False,built_year;material;width;lanes;spans;piers;traffic;flood;velocity;maintenance;inspection;condition_history
,Unnamed Road Bridge - OSM 627108469,False,False,True,False,False,False,False,False,True,False,False,False,False,False,False,1,1,0.121,False,built_year;material;width;lanes;spans;piers;traffic;flood;discharge;velocity;maintenance;inspection;condition_history
,Unnamed Road Bridge - OSM 627108471,False,False,True,False,False,False,False,False,True,False,False,False,False,False,False,1,1,0.121,False,built_year;material;width;lanes;spans;piers;traffic;flood;discharge;velocity;maintenance;inspection;condition_history
,Unnamed Road Bridge - OSM 637279672,False,False,True,False,False,False,False,False,True,False,True,False,False,False,False,1,2,0.154,False,built_year;material;width;lanes;spans;piers;traffic;flood;velocity;maintenance;inspection;condition_history
,Unnamed Road Bridge - OSM 637279674,False,False,True,False,False,False,False,False,True,False,True,False,False,False,False,1,2,0.154,False,built_year;material;width;lanes;spans;piers;traffic;flood;velocity;maintenance;inspection;condition_history
,Unnamed Road Bridge - OSM 642533197,False,False,True,False,False,False,False,False,False,False,False,False,False,False,False,1,0,0.087,False,built_year;material;width;lanes;spans;piers;traffic;rainfall;flood;discharge;velocity;maintenance;inspection;condition_history
,Unnamed Road Bridge - OSM 644690387,False,False,True,False,False,False,False,False,True,False,False,False,False,False,False,1,1,0.121,False,built_year;material;width;lanes;spans;piers;traffic;flood;discharge;velocity;maintenance;inspection;condition_history
,Unnamed Road Bridge - OSM 654170719,False,False,True,False,False,False,False,False,True,False,False,False,False,False,False,1,1,0.121,False,built_year;material;width;lanes;spans;piers;traffic;flood;discharge;velocity;maintenance;inspection;condition_history
,Unnamed Road Bridge - OSM 666051226,False,False,True,False,False,False,False,False,False,False,True,False,False,False,False,1,1,0.121,False,built_year;material;width;lanes;spans;piers;traffic;rainfall;flood;velocity;maintenance;inspection;condition_history
,Unnamed Road Bridge - OSM 666275362,False,False,True,False,False,False,False,False,True,False,False,False,False,False,False,1,1,0.121,False,built_year;material;width;lanes;spans;piers;traffic;flood;discharge;velocity;maintenance;inspection;condition_history
,Unnamed Road Bridge - OSM 678191817,False,False,True,False,False,False,False,False,True,False,False,False,False,False,False,1,1,0.121,False,built_year;material;width;lanes;spans;piers;traffic;flood;discharge;velocity;maintenance;inspection;condition_history
,Unnamed Road Bridge - OSM 680510506,False,False,True,False,False,False,False,False,True,False,False,False,False,False,False,1,1,0.121,False,built_year;material;width;lanes;spans;piers;traffic;flood;discharge;velocity;maintenance;inspection;condition_history
,Unnamed Road Bridge - OSM 680510508,False,False,True,False,False,False,False,False,True,False,False,False,False,False,False,1,1,0.121,False,built_year;material;width;lanes;spans;piers;traffic;flood;discharge;velocity;maintenance;inspection;condition_history
,Unnamed Road Bridge - OSM 696733866,False,False,True,False,False,False,False,False,False,False,False,False,False,False,False,1,0,0.087,False,built_year;material;width;lanes;spans;piers;traffic;rainfall;flood;discharge;velocity;maintenance;inspection;condition_history
,Unnamed Road Bridge - OSM 706804511,False,False,True,False,False,False,False,False,False,False,True,False,False,False,False,1,1,0.121,False,built_year;material;width;lanes;spans;piers;traffic;rainfall;flood;velocity;maintenance;inspection;condition_history
,Unnamed Road Bridge - OSM 711656226,False,False,True,False,False,False,False,False,True,False,False,False,False,False,False,1,1,0.121,False,built_year;material;width;lanes;spans;piers;traffic;flood;discharge;velocity;maintenance;inspection;condition_history
,Unnamed Road Bridge - OSM 712223903,False,False,True,False,False,False,False,False,False,False,False,False,False,False,False,1,0,0.087,False,built_year;material;width;lanes;spans;piers;traffic;rainfall;flood;discharge;velocity;maintenance;inspection;condition_history
,Unnamed Road Bridge - OSM 732793219,False,False,True,False,False,False,False,False,False,False,False,False,False,False,False,1,0,0.087,False,built_year;material;width;lanes;spans;piers;traffic;rainfall;flood;discharge;velocity;maintenance;inspection;condition_history
,Unnamed Road Bridge - OSM 738515651,False,False,True,False,False,False,False,False,True,False,False,False,False,False,False,1,1,0.121,False,built_year;material;width;lanes;spans;piers;traffic;flood;discharge;velocity;maintenance;inspection;condition_history
,Unnamed Road Bridge - OSM 738598913,False,False,True,False,False,False,False,False,True,False,True,False,False,False,False,1,2,0.154,False,built_year;material;width;lanes;spans;piers;traffic;flood;velocity;maintenance;inspection;condition_history
,Unnamed Road Bridge - OSM 741632679,False,False,True,False,False,False,False,False,False,False,False,False,False,False,False,1,0,0.087,False,built_year;material;width;lanes;spans;piers;traffic;rainfall;flood;discharge;velocity;maintenance;inspection;condition_history
,Unnamed Road Bridge - OSM 767782117,False,False,True,False,False,False,False,False,True,False,True,False,False,False,False,1,2,0.154,False,built_year;material;width;lanes;spans;piers;traffic;flood;velocity;maintenance;inspection;condition_history
,Unnamed Road Bridge - OSM 792492795,False,False,True,False,False,False,False,False,False,False,True,False,False,False,False,1,1,0.121,False,built_year;material;width;lanes;spans;piers;traffic;rainfall;flood;velocity;maintenance;inspection;condition_history
,Unnamed Road Bridge - OSM 799550889,False,False,True,False,False,False,False,False,True,False,False,False,False,False,False,1,1,0.121,False,built_year;material;width;lanes;spans;piers;traffic;flood;discharge;velocity;maintenance;inspection;condition_history
,Unnamed Road Bridge - OSM 799550890,False,False,True,False,False,False,False,False,True,False,False,False,False,False,False,1,1,0.121,False,built_year;material;width;lanes;spans;piers;traffic;flood;discharge;velocity;maintenance;inspection;condition_history
,Unnamed Road Bridge - OSM 814348007,False,False,True,False,False,False,False,False,True,False,False,False,False,False,False,1,1,0.121,False,built_year;material;width;lanes;spans;piers;traffic;flood;discharge;velocity;maintenance;inspection;condition_history
,Unnamed Road Bridge - OSM 814348011,False,False,True,False,False,False,False,False,True,False,False,False,False,False,False,1,1,0.121,False,built_year;material;width;lanes;spans;piers;traffic;flood;discharge;velocity;maintenance;inspection;condition_history
,Unnamed Road Bridge - OSM 814348013,False,False,True,False,False,False,False,False,True,False,False,False,False,False,False,1,1,0.121,False,built_year;material;width;lanes;spans;piers;traffic;flood;discharge;velocity;maintenance;inspection;condition_history
,Unnamed Road Bridge - OSM 814348021,False,False,True,False,False,False,False,False,True,False,False,False,False,False,False,1,1,0.121,False,built_year;material;width;lanes;spans;piers;traffic;flood;discharge;velocity;maintenance;inspection;condition_history
,Unnamed Road Bridge - OSM 824068231,False,False,True,False,False,False,False,False,False,False,False,False,False,False,False,1,0,0.087,False,built_year;material;width;lanes;spans;piers;traffic;rainfall;flood;discharge;velocity;maintenance;inspection;condition_history
,Unnamed Road Bridge - OSM 824648209,False,False,True,False,False,False,False,False,True,False,False,False,False,False,False,1,1,0.121,False,built_year;material;width;lanes;spans;piers;traffic;flood;discharge;velocity;maintenance;inspection;condition_history
,Unnamed Road Bridge - OSM 826036568,False,False,True,False,False,False,False,False,True,False,False,False,False,False,False,1,1,0.121,False,built_year;material;width;lanes;spans;piers;traffic;flood;discharge;velocity;maintenance;inspection;condition_history
,Unnamed Road Bridge - OSM 826596404,False,False,True,False,False,False,False,False,False,False,False,False,False,False,False,1,0,0.087,False,built_year;material;width;lanes;spans;piers;traffic;rainfall;flood;discharge;velocity;maintenance;inspection;condition_history
,Unnamed Road Bridge - OSM 826596472,False,False,True,False,False,False,False,False,True,False,False,False,False,False,False,1,1,0.121,False,built_year;material;width;lanes;spans;piers;traffic;flood;discharge;velocity;maintenance;inspection;condition_history
,Unnamed Road Bridge - OSM 826596473,False,False,True,False,False,False,False,False,True,False,False,False,False,False,False,1,1,0.121,False,built_year;material;width;lanes;spans;piers;traffic;flood;discharge;velocity;maintenance;inspection;condition_history
,Unnamed Road Bridge - OSM 831640720,False,False,True,False,False,False,False,False,True,False,False,False,False,False,False,1,1,0.121,False,built_year;material;width;lanes;spans;piers;traffic;flood;discharge;velocity;maintenance;inspection;condition_history
,Unnamed Road Bridge - OSM 831640721,False,False,True,False,False,False,False,False,True,False,False,False,False,False,False,1,1,0.121,False,built_year;material;width;lanes;spans;piers;traffic;flood;discharge;velocity;maintenance;inspection;condition_history
,Unnamed Road Bridge - OSM 838908503,False,False,True,False,False,False,False,False,True,False,False,False,False,False,False,1,1,0.121,False,built_year;material;width;lanes;spans;piers;traffic;flood;discharge;velocity;maintenance;inspection;condition_history
,Unnamed Road Bridge - OSM 849662463,False,False,True,False,False,False,False,False,True,False,False,False,False,False,False,1,1,0.121,False,built_year;material;width;lanes;spans;piers;traffic;flood;discharge;velocity;maintenance;inspection;condition_history
,Unnamed Road Bridge - OSM 849700052,False,False,True,False,False,False,False,False,True,False,False,False,False,False,False,1,1,0.121,False,built_year;material;width;lanes;spans;piers;traffic;flood;discharge;velocity;maintenance;inspection;condition_history
,Unnamed Road Bridge - OSM 85132314,False,False,True,False,False,False,False,False,True,False,False,False,False,False,False,1,1,0.121,False,built_year;material;width;lanes;spans;piers;traffic;flood;discharge;velocity;maintenance;inspection;condition_history
,Unnamed Road Bridge - OSM 851480108,False,False,True,False,False,False,False,False,True,False,False,False,False,False,False,1,1,0.121,False,built_year;material;width;lanes;spans;piers;traffic;flood;discharge;velocity;maintenance;inspection;condition_history
,Unnamed Road Bridge - OSM 851480111,False,False,True,False,False,False,False,False,True,False,False,False,False,False,False,1,1,0.121,False,built_year;material;width;lanes;spans;piers;traffic;flood;discharge;velocity;maintenance;inspection;condition_history
,Unnamed Road Bridge - OSM 852292469,False,False,True,False,False,False,False,False,True,False,False,False,False,False,False,1,1,0.121,False,built_year;material;width;lanes;spans;piers;traffic;flood;discharge;velocity;maintenance;inspection;condition_history
,Unnamed Road Bridge - OSM 852292470,False,False,True,False,False,False,False,False,True,False,False,False,False,False,False,1,1,0.121,False,built_year;material;width;lanes;spans;piers;traffic;flood;discharge;velocity;maintenance;inspection;condition_history
,Unnamed Road Bridge - OSM 853664884,False,False,True,False,False,False,False,False,True,False,True,False,False,False,False,1,2,0.154,False,built_year;material;width;lanes;spans;piers;traffic;flood;velocity;maintenance;inspection;condition_history
,Unnamed Road Bridge - OSM 853664885,False,False,True,False,False,False,False,False,True,False,True,False,False,False,False,1,2,0.154,False,built_year;material;width;lanes;spans;piers;traffic;flood;velocity;maintenance;inspection;condition_history
,Unnamed Road Bridge - OSM 854500437,False,False,True,False,False,False,False,False,False,False,False,False,False,False,False,1,0,0.087,False,built_year;material;width;lanes;spans;piers;traffic;rainfall;flood;discharge;velocity;maintenance;inspection;condition_history
,Unnamed Road Bridge - OSM 874509722,False,False,True,False,False,False,False,False,False,False,False,False,False,False,False,1,0,0.087,False,built_year;material;width;lanes;spans;piers;traffic;rainfall;flood;discharge;velocity;maintenance;inspection;condition_history
,Unnamed Road Bridge - OSM 877458357,False,False,True,False,False,False,False,False,False,False,False,False,False,False,False,1,0,0.087,False,built_year;material;width;lanes;spans;piers;traffic;rainfall;flood;discharge;velocity;maintenance;inspection;condition_history
,Unnamed Road Bridge - OSM 877458360,False,False,True,False,False,False,False,False,False,False,False,False,False,False,False,1,0,0.087,False,built_year;material;width;lanes;spans;piers;traffic;rainfall;flood;discharge;velocity;maintenance;inspection;condition_history
,Unnamed Road Bridge - OSM 881861638,False,False,True,False,False,False,False,False,True,False,False,False,False,False,False,1,1,0.121,False,built_year;material;width;lanes;spans;piers;traffic;flood;discharge;velocity;maintenance;inspection;condition_history
,Unnamed Road Bridge - OSM 891688120,False,False,True,False,False,False,False,False,False,False,False,False,False,False,False,1,0,0.087,False,built_year;material;width;lanes;spans;piers;traffic;rainfall;flood;discharge;velocity;maintenance;inspection;condition_history
,Unnamed Road Bridge - OSM 891688122,False,False,True,False,False,False,False,False,False,False,False,False,False,False,False,1,0,0.087,False,built_year;material;width;lanes;spans;piers;traffic;rainfall;flood;discharge;velocity;maintenance;inspection;condition_history
,Unnamed Road Bridge - OSM 892353885,False,False,True,False,False,False,False,False,False,False,False,False,False,False,False,1,0,0.087,False,built_year;material;width;lanes;spans;piers;traffic;rainfall;flood;discharge;velocity;maintenance;inspection;condition_history
,Unnamed Road Bridge - OSM 892353904,False,False,True,False,False,False,False,False,False,False,False,False,False,False,False,1,0,0.087,False,built_year;material;width;lanes;spans;piers;traffic;rainfall;flood;discharge;velocity;maintenance;inspection;condition_history
,Unnamed Road Bridge - OSM 892353906,False,False,True,False,False,False,False,False,False,False,False,False,False,False,False,1,0,0.087,False,built_year;material;width;lanes;spans;piers;traffic;rainfall;flood;discharge;velocity;maintenance;inspection;condition_history
,Unnamed Road Bridge - OSM 899241805,False,False,True,False,False,False,False,False,False,False,False,False,False,False,False,1,0,0.087,False,built_year;material;width;lanes;spans;piers;traffic;rainfall;flood;discharge;velocity;maintenance;inspection;condition_history
,Unnamed Road Bridge - OSM 91559451,False,False,True,False,False,False,False,False,False,False,True,False,False,False,False,1,1,0.121,False,built_year;material;width;lanes;spans;piers;traffic;rainfall;flood;velocity;maintenance;inspection;condition_history
,Unnamed Road Bridge - OSM 91559461,False,False,True,False,False,False,False,False,False,False,False,False,False,False,False,1,0,0.087,False,built_year;material;width;lanes;spans;piers;traffic;rainfall;flood;discharge;velocity;maintenance;inspection;condition_history
,Unnamed Road Bridge - OSM 92192399,False,False,True,False,False,False,False,False,False,False,False,False,False,False,False,1,0,0.087,False,built_year;material;width;lanes;spans;piers;traffic;rainfall;flood;discharge;velocity;maintenance;inspection;condition_history
,Unnamed Road Bridge - OSM 959070870,False,False,True,False,False,False,False,False,True,False,False,False,False,False,False,1,1,0.121,False,built_year;material;width;lanes;spans;piers;traffic;flood;discharge;velocity;maintenance;inspection;condition_history
,Vatsavai - Penuganchiprolu Road,False,False,True,False,False,False,False,False,True,False,False,False,False,False,False,1,1,0.121,False,built_year;material;width;lanes;spans;piers;traffic;flood;discharge;velocity;maintenance;inspection;condition_history
,Veduruparthi Bridge,False,False,True,False,False,False,False,False,True,False,False,False,False,False,False,1,1,0.121,False,built_year;material;width;lanes;spans;piers;traffic;flood;discharge;velocity;maintenance;inspection;condition_history
,Veleru Bypass Road,False,False,True,False,False,False,False,False,True,False,False,False,False,False,False,1,1,0.121,False,built_year;material;width;lanes;spans;piers;traffic;flood;discharge;velocity;maintenance;inspection;condition_history
,Velugodu - Gadivemula - Kalva - Veldurthi - Krishnagiri - P Kota Konda - Devarabanda,False,False,True,False,False,False,False,False,True,False,False,False,False,False,False,1,1,0.121,False,built_year;material;width;lanes;spans;piers;traffic;flood;discharge;velocity;maintenance;inspection;condition_history
,Vepulamitta Road,False,False,True,False,False,False,False,False,True,False,False,False,False,False,False,1,1,0.121,False,built_year;material;width;lanes;spans;piers;traffic;flood;discharge;velocity;maintenance;inspection;condition_history
,Vijayawada - Machilipatnam Road,False,False,True,False,False,False,False,False,True,False,False,False,False,False,False,1,1,0.121,False,built_year;material;width;lanes;spans;piers;traffic;flood;discharge;velocity;maintenance;inspection;condition_history
,Vijayawada - Machilipatnam Road,False,False,True,False,False,False,False,False,True,False,False,False,False,False,False,1,1,0.121,False,built_year;material;width;lanes;spans;piers;traffic;flood;discharge;velocity;maintenance;inspection;condition_history
,Vijayawada - Machilipatnam Road,False,False,True,False,False,False,False,False,True,False,False,False,False,False,False,1,1,0.121,False,built_year;material;width;lanes;spans;piers;traffic;flood;discharge;velocity;maintenance;inspection;condition_history
,Vijayawada West Bypass,False,False,True,False,False,False,False,False,True,False,False,False,False,False,False,1,1,0.121,False,built_year;material;width;lanes;spans;piers;traffic;flood;discharge;velocity;maintenance;inspection;condition_history
,Vijayawada West Bypass,False,False,True,False,False,False,False,False,True,False,False,False,False,False,False,1,1,0.121,False,built_year;material;width;lanes;spans;piers;traffic;flood;discharge;velocity;maintenance;inspection;condition_history
,Vijayawada West Bypass,False,False,True,False,False,False,False,False,True,False,False,False,False,False,False,1,1,0.121,False,built_year;material;width;lanes;spans;piers;traffic;flood;discharge;velocity;maintenance;inspection;condition_history
,Vijayawada West Bypass,False,False,True,False,False,False,False,False,True,False,False,False,False,False,False,1,1,0.121,False,built_year;material;width;lanes;spans;piers;traffic;flood;discharge;velocity;maintenance;inspection;condition_history
,Vinukonda - Mupparajuvaripalem Road,False,False,True,False,False,False,False,False,True,False,False,False,False,False,False,1,1,0.121,False,built_year;material;width;lanes;spans;piers;traffic;flood;discharge;velocity;maintenance;inspection;condition_history
,Vizianagaram - Bhimasingi - Kottavalasa Road,False,False,True,False,False,False,False,False,True,False,False,False,False,False,False,1,1,0.121,False,built_year;material;width;lanes;spans;piers;traffic;flood;discharge;velocity;maintenance;inspection;condition_history
,Vizianagaram - Bhimasingi - Kottavalasa Road,False,False,True,False,False,False,False,False,True,False,False,False,False,False,False,1,1,0.121,False,built_year;material;width;lanes;spans;piers;traffic;flood;discharge;velocity;maintenance;inspection;condition_history
,Vizianagaram - Nellimarla Road,False,False,True,False,False,False,False,False,True,False,False,False,False,False,False,1,1,0.121,False,built_year;material;width;lanes;spans;piers;traffic;flood;discharge;velocity;maintenance;inspection;condition_history
,Vizianagaram - Padmanabham - Sontyam Road,False,False,True,False,False,False,False,False,True,False,False,False,False,False,False,1,1,0.121,False,built_year;material;width;lanes;spans;piers;traffic;flood;discharge;velocity;maintenance;inspection;condition_history
,Vizianagaram - Palakonda Road,False,False,True,False,False,False,False,False,True,False,False,False,False,False,False,1,1,0.121,False,built_year;material;width;lanes;spans;piers;traffic;flood;discharge;velocity;maintenance;inspection;condition_history
,Vizianagaram - Palakonda Road,False,False,True,False,False,False,False,False,False,False,False,False,False,False,False,1,0,0.087,False,built_year;material;width;lanes;spans;piers;traffic;rainfall;flood;discharge;velocity;maintenance;inspection;condition_history
,Vizianagaram - S Kota Road,False,False,True,False,False,False,False,False,True,False,True,False,False,False,False,1,2,0.154,False,built_year;material;width;lanes;spans;piers;traffic;flood;velocity;maintenance;inspection;condition_history
,Vizianagaram Bypass,False,False,True,False,False,False,False,False,True,False,False,False,False,False,False,1,1,0.121,False,built_year;material;width;lanes;spans;piers;traffic;flood;discharge;velocity;maintenance;inspection;condition_history
,Yelamalakuduru bridge,False,False,True,False,False,False,False,False,True,False,False,False,False,False,False,1,1,0.121,False,built_year;material;width;lanes;spans;piers;traffic;flood;discharge;velocity;maintenance;inspection;condition_history
,Yelamanchili - Gajuwaka Road,False,False,True,False,False,False,False,False,True,False,False,False,False,False,False,1,1,0.121,False,built_year;material;width;lanes;spans;piers;traffic;flood;discharge;velocity;maintenance;inspection;condition_history
,Yerraguntla - Vempalle Road,False,False,True,False,False,False,False,False,True,False,False,False,False,False,False,1,1,0.121,False,built_year;material;width;lanes;spans;piers;traffic;flood;discharge;velocity;maintenance;inspection;condition_history
