"canonical_asset_code","bridge_name","bridge_type","district","latitude","longitude","road_ref","osm_length_m","official_length_m","length_for_model_m","width_m","pier_count","span_count","max_span_m","material","completion_year","age_years","engineering_status","inspection_status","evidence_type","evidence_authority","evidence_verification","engineering_ready","inspection_ready","traffic_ready","climate_ready","hydrology_ready","longitudinal_ready","ml_health_available","ml_risk_available","ml_rul_available","health_display","risk_display","rul_display","next_required_step","production_scope"
"AP_BR_CAN2_00505","( Benz Cir Flyover ) Vijayawada - Gannavaram - Pedda Avutapalli Road ( Old NH16 Road )","ROAD","","16.500526","80.656633","","3114.32","1470","1470","","","","","","2019","7","VERIFIED_ENGINEERING_EVIDENCE","MISSING","VERIFIED_MAINTENANCE_HISTORY","National Highways Authority of India","VERIFIED_MAINTENANCE","True","False","False","False","False","False","False","False","False","WITHHELD","WITHHELD","WITHHELD","CURRENT_STRUCTURAL_INSPECTION_REQUIRED","ALL_BRIDGES"
"AP_BR_CAN2_00362","Addanki Road","ROAD","","15.811346","79.961518","MDR045","356.54","","356.54","","","","","","","","OSM_GEOMETRY_ONLY","MISSING","","","","False","False","False","False","False","False","False","False","False","WITHHELD","WITHHELD","WITHHELD","VERIFIED_ENGINEERING_EVIDENCE_REQUIRED","ALL_BRIDGES"
"AP_BR_CAN2_00350","Alluri Seetharamaraju Bridge","ROAD","","16.51988","80.643217","","75.35","","75.35","","","","","","","","OSM_GEOMETRY_ONLY","MISSING","","","","False","False","False","False","False","False","False","False","False","WITHHELD","WITHHELD","WITHHELD","VERIFIED_ENGINEERING_EVIDENCE_REQUIRED","ALL_BRIDGES"
"AP_BR_CAN2_00117","Amalapuram - Challapalli Road","ROAD","","16.580191","82.029024","SH286","2049.66","","2049.66","","","","","","","","OSM_GEOMETRY_ONLY","MISSING","","","","False","False","False","False","False","False","False","False","False","WITHHELD","WITHHELD","WITHHELD","VERIFIED_ENGINEERING_EVIDENCE_REQUIRED","ALL_BRIDGES"
"AP_BR_CAN2_00278","Anakapalle Bypass","ROAD","","17.67949","82.991918","NH16","351.93","","351.93","","","","","","","","OSM_GEOMETRY_ONLY","MISSING","","","","False","False","False","False","False","False","False","False","False","WITHHELD","WITHHELD","WITHHELD","VERIFIED_ENGINEERING_EVIDENCE_REQUIRED","ALL_BRIDGES"
"AP_BR_CAN2_00450","Anakapalli Main Road","ROAD","","17.69047","82.995628","","719.47","","719.47","","","","","","","","OSM_GEOMETRY_ONLY","MISSING","","","","False","False","False","False","False","False","False","False","False","WITHHELD","WITHHELD","WITHHELD","VERIFIED_ENGINEERING_EVIDENCE_REQUIRED","ALL_BRIDGES"
"AP_BR_CAN2_00470","Anantapur - Kalyandurg - Rayadurg Road","ROAD","","14.634737","77.284729","NH544DD","170.25","","170.25","","","","","","","","OSM_GEOMETRY_ONLY","MISSING","","","","False","False","False","False","False","False","False","False","False","WITHHELD","WITHHELD","WITHHELD","VERIFIED_ENGINEERING_EVIDENCE_REQUIRED","ALL_BRIDGES"
"AP_BR_CAN2_00183","Anantapur - Krishnagiri Road","ROAD","","14.46484","77.870191","NH42","358.39","","358.39","","","","","","","","OSM_GEOMETRY_ONLY","MISSING","","","","False","False","False","False","False","False","False","False","False","WITHHELD","WITHHELD","WITHHELD","VERIFIED_ENGINEERING_EVIDENCE_REQUIRED","ALL_BRIDGES"
"AP_BR_CAN2_00182","Anantapur - Krishnagiri Road","ROAD","","13.708189","78.378134","NH42","172.11","","172.11","","","","","","","","OSM_GEOMETRY_ONLY","MISSING","","","","False","False","False","False","False","False","False","False","False","WITHHELD","WITHHELD","WITHHELD","VERIFIED_ENGINEERING_EVIDENCE_REQUIRED","ALL_BRIDGES"
"AP_BR_CAN2_00104","Anantapur Main Road","ROAD","","14.682242","77.592666","","1431.72","","1431.72","","","","","","","","OSM_GEOMETRY_ONLY","MISSING","","","","False","False","False","False","False","False","False","False","False","WITHHELD","WITHHELD","WITHHELD","VERIFIED_ENGINEERING_EVIDENCE_REQUIRED","ALL_BRIDGES"
"AP_BR_CAN2_00521","Atmakur R","ROAD","","15.473994","78.462342","","550.48","","550.48","","","","","","","","OSM_GEOMETRY_ONLY","MISSING","","","","False","False","False","False","False","False","False","False","False","WITHHELD","WITHHELD","WITHHELD","VERIFIED_ENGINEERING_EVIDENCE_REQUIRED","ALL_BRIDGES"
"AP_BR_CAN2_00414","Bapatla - Pedanandipadu Road","ROAD","","15.983058","80.439298","SH271","234.68","","234.68","","","","","","","","OSM_GEOMETRY_ONLY","MISSING","","","","False","False","False","False","False","False","False","False","False","WITHHELD","WITHHELD","WITHHELD","VERIFIED_ENGINEERING_EVIDENCE_REQUIRED","ALL_BRIDGES"
"AP_BR_CAN2_00413","Bapatla - Pedanandipadu Road","ROAD","","15.907354","80.465164","SH271","857.05","","857.05","","","","","","","","OSM_GEOMETRY_ONLY","MISSING","","","","False","False","False","False","False","False","False","False","False","WITHHELD","WITHHELD","WITHHELD","VERIFIED_ENGINEERING_EVIDENCE_REQUIRED","ALL_BRIDGES"
"AP_BR_CAN2_00100","Boorada - Veeraghattam Road","ROAD","","18.662659","83.5876","SH 104","385.2","","385.2","","","","","","","","OSM_GEOMETRY_ONLY","MISSING","","","","False","False","False","False","False","False","False","False","False","WITHHELD","WITHHELD","WITHHELD","VERIFIED_ENGINEERING_EVIDENCE_REQUIRED","ALL_BRIDGES"
"AP_BR_CAN2_00404","Bridge 1","ROAD","","18.675478","83.952238","","36.99","","36.99","","","","","","","","OSM_GEOMETRY_ONLY","MISSING","","","","False","False","False","False","False","False","False","False","False","WITHHELD","WITHHELD","WITHHELD","VERIFIED_ENGINEERING_EVIDENCE_REQUIRED","ALL_BRIDGES"
"AP_BR_CAN2_00328","Budhwarpet Bridge","ROAD","","15.824735","78.047393","","272.9","","272.9","","","","","","","","OSM_GEOMETRY_ONLY","MISSING","","","","False","False","False","False","False","False","False","False","False","WITHHELD","WITHHELD","WITHHELD","VERIFIED_ENGINEERING_EVIDENCE_REQUIRED","ALL_BRIDGES"
"AP_BR_CAN2_00099","BYpass road","ROAD","","18.782275","83.432155","MDR030","266.67","","266.67","","","","","","","","OSM_GEOMETRY_ONLY","MISSING","","","","False","False","False","False","False","False","False","False","False","WITHHELD","WITHHELD","WITHHELD","VERIFIED_ENGINEERING_EVIDENCE_REQUIRED","ALL_BRIDGES"
"AP_BR_CAN2_00251","Chanumolu Venkata Flyoverr","ROAD","","16.543462","80.613777","","277.58","","277.58","","","","","","","","OSM_GEOMETRY_ONLY","MISSING","","","","False","False","False","False","False","False","False","False","False","WITHHELD","WITHHELD","WITHHELD","VERIFIED_ENGINEERING_EVIDENCE_REQUIRED","ALL_BRIDGES"
"AP_BR_CAN2_00301","Chennai - Tirupati Highway","ROAD","","13.602837","79.511745","NH716","402.33","","402.33","","","","","","","","OSM_GEOMETRY_ONLY","MISSING","","","","False","False","False","False","False","False","False","False","False","WITHHELD","WITHHELD","WITHHELD","VERIFIED_ENGINEERING_EVIDENCE_REQUIRED","ALL_BRIDGES"
"AP_BR_CAN2_00300","Chennai - Tirupati Highway","ROAD","","13.317412","79.592613","NH716","170.86","","170.86","","","","","","","","OSM_GEOMETRY_ONLY","MISSING","","","","False","False","False","False","False","False","False","False","False","WITHHELD","WITHHELD","WITHHELD","VERIFIED_ENGINEERING_EVIDENCE_REQUIRED","ALL_BRIDGES"
"AP_BR_CAN2_00396","Chilakapadu Bridge","ROAD","","16.81311","81.68432","","39.13","","39.13","","","","","","","","OSM_GEOMETRY_ONLY","MISSING","","","","False","False","False","False","False","False","False","False","False","WITHHELD","WITHHELD","WITHHELD","VERIFIED_ENGINEERING_EVIDENCE_REQUIRED","ALL_BRIDGES"
"AP_BR_CAN2_00106","Chilakapalem - Ramabhadrapuram - Rayagada Road","ROAD","","18.666012","83.37238","SH 4","858.06","","858.06","","","","","","","","OSM_GEOMETRY_ONLY","MISSING","","","","False","False","False","False","False","False","False","False","False","WITHHELD","WITHHELD","WITHHELD","VERIFIED_ENGINEERING_EVIDENCE_REQUIRED","ALL_BRIDGES"
"AP_BR_CAN2_00108","Chilakapalem - Ramabhadrapuram - Rayagada Road","ROAD","","18.569511","83.344108","SH 4","485.33","","485.33","","","","","","","","OSM_GEOMETRY_ONLY","MISSING","","","","False","False","False","False","False","False","False","False","False","WITHHELD","WITHHELD","WITHHELD","VERIFIED_ENGINEERING_EVIDENCE_REQUIRED","ALL_BRIDGES"
"AP_BR_CAN2_00107","Chilakapalem - Ramabhadrapuram - Rayagada Road","ROAD","","18.365185","83.74985","SH 4","616.01","","616.01","","","","","","","","OSM_GEOMETRY_ONLY","MISSING","","","","False","False","False","False","False","False","False","False","False","WITHHELD","WITHHELD","WITHHELD","VERIFIED_ENGINEERING_EVIDENCE_REQUIRED","ALL_BRIDGES"
"AP_BR_CAN2_00330","Chirala-Ongole Bypass","ROAD","","15.840114","80.381565","NH167A","241.63","","241.63","","","","","","","","OSM_GEOMETRY_ONLY","MISSING","","","","False","False","False","False","False","False","False","False","False","WITHHELD","WITHHELD","WITHHELD","VERIFIED_ENGINEERING_EVIDENCE_REQUIRED","ALL_BRIDGES"
"AP_BR_CAN2_00204","Chitoor-Thatchur Expressway","ROAD","","13.300109","79.589021","NH716B","427.83","","427.83","","","","","","","","OSM_GEOMETRY_ONLY","MISSING","","","","False","False","False","False","False","False","False","False","False","WITHHELD","WITHHELD","WITHHELD","VERIFIED_ENGINEERING_EVIDENCE_REQUIRED","ALL_BRIDGES"
"AP_BR_CAN2_00205","Chitoor-Thatchur Expressway","ROAD","","13.210508","79.229223","NH716B","454.59","","454.59","","","","","","","","OSM_GEOMETRY_ONLY","MISSING","","","","False","False","False","False","False","False","False","False","False","WITHHELD","WITHHELD","WITHHELD","VERIFIED_ENGINEERING_EVIDENCE_REQUIRED","ALL_BRIDGES"
"AP_BR_CAN2_00203","Chitoor-Thatchur Expressway","ROAD","","13.196951","79.198632","NH716B","552.33","","552.33","","","","","","","","OSM_GEOMETRY_ONLY","MISSING","","","","False","False","False","False","False","False","False","False","False","WITHHELD","WITHHELD","WITHHELD","VERIFIED_ENGINEERING_EVIDENCE_REQUIRED","ALL_BRIDGES"
"AP_BR_CAN2_00411","Chittoor - Puttur Road","ROAD","","13.336061","79.421229","SH69","209.1","","209.1","","","","","","","","OSM_GEOMETRY_ONLY","MISSING","","","","False","False","False","False","False","False","False","False","False","WITHHELD","WITHHELD","WITHHELD","VERIFIED_ENGINEERING_EVIDENCE_REQUIRED","ALL_BRIDGES"
"AP_BR_CAN2_00412","Chittoor - Puttur Road","ROAD","","13.228832","79.17638","SH69","257.31","","257.31","","","","","","","","OSM_GEOMETRY_ONLY","MISSING","","","","False","False","False","False","False","False","False","False","False","WITHHELD","WITHHELD","WITHHELD","VERIFIED_ENGINEERING_EVIDENCE_REQUIRED","ALL_BRIDGES"
"AP_BR_CAN2_00410","Chittoor - Puttur Road","ROAD","","13.216692","79.103913","SH69","387.37","","387.37","","","","","","","","OSM_GEOMETRY_ONLY","MISSING","","","","False","False","False","False","False","False","False","False","False","WITHHELD","WITHHELD","WITHHELD","VERIFIED_ENGINEERING_EVIDENCE_REQUIRED","ALL_BRIDGES"
"AP_BR_CAN2_00369","Chivatam Bridge","ROAD","","16.775313","81.672577","MDR0160","44.29","","44.29","","","","","","","","OSM_GEOMETRY_ONLY","MISSING","","","","False","False","False","False","False","False","False","False","False","WITHHELD","WITHHELD","WITHHELD","VERIFIED_ENGINEERING_EVIDENCE_REQUIRED","ALL_BRIDGES"
"AP_BR_CAN2_00416","Devarapalle Road","ROAD","","17.90998","83.186447","MDR014","796.44","","796.44","","","","","","","","OSM_GEOMETRY_ONLY","MISSING","","","","False","False","False","False","False","False","False","False","False","WITHHELD","WITHHELD","WITHHELD","VERIFIED_ENGINEERING_EVIDENCE_REQUIRED","ALL_BRIDGES"
"AP_BR_CAN2_00471","Dharmavaram - Kalyandurg Road","ROAD","","14.490799","77.320183","SH49","255.7","","255.7","","","","","","","","OSM_GEOMETRY_ONLY","MISSING","","","","False","False","False","False","False","False","False","False","False","WITHHELD","WITHHELD","WITHHELD","VERIFIED_ENGINEERING_EVIDENCE_REQUIRED","ALL_BRIDGES"
"AP_BR_CAN2_00472","Dharmavaram - Kalyandurg Road","ROAD","","14.413239","77.713813","SH49","804.77","","804.77","","","","","","","","OSM_GEOMETRY_ONLY","MISSING","","","","False","False","False","False","False","False","False","False","False","WITHHELD","WITHHELD","WITHHELD","VERIFIED_ENGINEERING_EVIDENCE_REQUIRED","ALL_BRIDGES"
"AP_BR_CAN2_00291","Dhone Main Road","ROAD","","15.395436","77.873068","MDR078","1269.16","","1269.16","","","","","","","","OSM_GEOMETRY_ONLY","MISSING","","","","False","False","False","False","False","False","False","False","False","WITHHELD","WITHHELD","WITHHELD","VERIFIED_ENGINEERING_EVIDENCE_REQUIRED","ALL_BRIDGES"
"AP_BR_CAN2_00420","Digavalli - Valasapalli Road","ROAD","","16.870131","80.983683","SH199","268.42","","268.42","","","","","","","","OSM_GEOMETRY_ONLY","MISSING","","","","False","False","False","False","False","False","False","False","False","WITHHELD","WITHHELD","WITHHELD","VERIFIED_ENGINEERING_EVIDENCE_REQUIRED","ALL_BRIDGES"
"AP_BR_CAN2_00510","DNR -Dasari Narayana Rao Bridge","ROAD","","16.518574","81.725173","","18.04","","18.04","","","","","","","","OSM_GEOMETRY_ONLY","MISSING","","","","False","False","False","False","False","False","False","False","False","WITHHELD","WITHHELD","WITHHELD","VERIFIED_ENGINEERING_EVIDENCE_REQUIRED","ALL_BRIDGES"
"AP_BR_CAN2_00474","Dr B.R Ambedkar Road","ROAD","","14.670388","77.590103","","960.41","","960.41","","","","","","","","OSM_GEOMETRY_ONLY","MISSING","","","","False","False","False","False","False","False","False","False","False","WITHHELD","WITHHELD","WITHHELD","VERIFIED_ENGINEERING_EVIDENCE_REQUIRED","ALL_BRIDGES"
"AP_BR_CAN2_00407","Eluru - Jangareddigudem Road","ROAD","","17.086732","81.271377","SH26","264.64","","264.64","","","","","","","","OSM_GEOMETRY_ONLY","MISSING","","","","False","False","False","False","False","False","False","False","False","WITHHELD","WITHHELD","WITHHELD","VERIFIED_ENGINEERING_EVIDENCE_REQUIRED","ALL_BRIDGES"
"AP_BR_CAN2_00541","Eluru - Kaikaluru Road","ROAD","","16.613974","81.164505","SH258","451.59","","451.59","","","","","","","","OSM_GEOMETRY_ONLY","MISSING","","","","False","False","False","False","False","False","False","False","False","WITHHELD","WITHHELD","WITHHELD","VERIFIED_ENGINEERING_EVIDENCE_REQUIRED","ALL_BRIDGES"
"AP_BR_CAN2_00253","Eluru railway station Road","ROAD","","16.713927","81.112841","SH258","602.72","","602.72","","","","","","","","OSM_GEOMETRY_ONLY","MISSING","","","","False","False","False","False","False","False","False","False","False","WITHHELD","WITHHELD","WITHHELD","VERIFIED_ENGINEERING_EVIDENCE_REQUIRED","ALL_BRIDGES"
"AP_BR_CAN2_00543","Eluru Road","ROAD","","16.69813","81.052577","MDR06","569.33","","569.33","","","","","","","","OSM_GEOMETRY_ONLY","MISSING","","","","False","False","False","False","False","False","False","False","False","WITHHELD","WITHHELD","WITHHELD","VERIFIED_ENGINEERING_EVIDENCE_REQUIRED","ALL_BRIDGES"
"AP_BR_CAN2_00079","Entrance Via Rajahmundry","ROAD","","16.926505","81.922047","SH17","387.96","","387.96","","","","","","","","OSM_GEOMETRY_ONLY","MISSING","","","","False","False","False","False","False","False","False","False","False","WITHHELD","WITHHELD","WITHHELD","VERIFIED_ENGINEERING_EVIDENCE_REQUIRED","ALL_BRIDGES"
"AP_BR_CAN2_00080","Exit Via Anaparthi - Kakinada Road","ROAD","","16.925397","81.925237","SH17","381.92","","381.92","","","","","","","","OSM_GEOMETRY_ONLY","MISSING","","","","False","False","False","False","False","False","False","False","False","WITHHELD","WITHHELD","WITHHELD","VERIFIED_ENGINEERING_EVIDENCE_REQUIRED","ALL_BRIDGES"
"AP_BR_CAN2_00563","Gajularega Underground Bridge","ROAD","","18.12023","83.398515","","16.98","","16.98","","","","","","","","OSM_GEOMETRY_ONLY","MISSING","","","","False","False","False","False","False","False","False","False","False","WITHHELD","WITHHELD","WITHHELD","VERIFIED_ENGINEERING_EVIDENCE_REQUIRED","ALL_BRIDGES"
"AP_BR_CAN2_00378","Godavari Bridge","ROAD","","16.997476","81.764122","","2840.68","2984","2984","","","","","","1974","52","VERIFIED_ENGINEERING_EVIDENCE","MISSING","HISTORICAL_STRUCTURAL_INSPECTION","RDSO / Indian Railways","VERIFIED_HISTORICAL","True","False","False","False","False","False","False","False","False","WITHHELD","WITHHELD","WITHHELD","CURRENT_STRUCTURAL_INSPECTION_REQUIRED","ALL_BRIDGES"
"AP_BR_CAN2_00315","Gooty Main Road","ROAD","","15.113717","77.632345","NH67","182.4","","182.4","","","","","","","","OSM_GEOMETRY_ONLY","MISSING","","","","False","False","False","False","False","False","False","False","False","WITHHELD","WITHHELD","WITHHELD","VERIFIED_ENGINEERING_EVIDENCE_REQUIRED","ALL_BRIDGES"
"AP_BR_CAN2_00165","Gudur - Duggarajupatnam Road","ROAD","","14.007741","80.067007","SH385","569.3","","569.3","","","","","","","","OSM_GEOMETRY_ONLY","MISSING","","","","False","False","False","False","False","False","False","False","False","WITHHELD","WITHHELD","WITHHELD","VERIFIED_ENGINEERING_EVIDENCE_REQUIRED","ALL_BRIDGES"
"AP_BR_CAN2_00480","Gudur - Tupilipalem Road","ROAD","","14.030252","80.094566","SH379","228.71","","228.71","","","","","","","","OSM_GEOMETRY_ONLY","MISSING","","","","False","False","False","False","False","False","False","False","False","WITHHELD","WITHHELD","WITHHELD","VERIFIED_ENGINEERING_EVIDENCE_REQUIRED","ALL_BRIDGES"
"AP_BR_CAN2_00331","Guntur - Chirala Road","ROAD","","15.915559","80.48255","SH40","848.36","","848.36","","","","","","","","OSM_GEOMETRY_ONLY","MISSING","","","","False","False","False","False","False","False","False","False","False","WITHHELD","WITHHELD","WITHHELD","VERIFIED_ENGINEERING_EVIDENCE_REQUIRED","ALL_BRIDGES"
"AP_BR_CAN2_00535","Guntur - Hanumanpalem Road","ROAD","","16.295335","80.467819","SH","391.03","","391.03","","","","","","","","OSM_GEOMETRY_ONLY","MISSING","","","","False","False","False","False","False","False","False","False","False","WITHHELD","WITHHELD","WITHHELD","VERIFIED_ENGINEERING_EVIDENCE_REQUIRED","ALL_BRIDGES"
"AP_BR_CAN2_00534","Guntur Bypass","ROAD","","16.282151","80.401759","NH16","675.65","","675.65","","","","","","","","OSM_GEOMETRY_ONLY","MISSING","","","","False","False","False","False","False","False","False","False","False","WITHHELD","WITHHELD","WITHHELD","VERIFIED_ENGINEERING_EVIDENCE_REQUIRED","ALL_BRIDGES"
"AP_BR_CAN2_00533","Guntur Bypass","ROAD","","16.271792","80.432137","NH16","1428.9","","1428.9","","","","","","","","OSM_GEOMETRY_ONLY","MISSING","","","","False","False","False","False","False","False","False","False","False","WITHHELD","WITHHELD","WITHHELD","VERIFIED_ENGINEERING_EVIDENCE_REQUIRED","ALL_BRIDGES"
"AP_BR_CAN2_00520","Gunturu - Vinukonda Road","ROAD","","16.100314","79.811617","NH544D","154.57","","154.57","","","","","","","","OSM_GEOMETRY_ONLY","MISSING","","","","False","False","False","False","False","False","False","False","False","WITHHELD","WITHHELD","WITHHELD","VERIFIED_ENGINEERING_EVIDENCE_REQUIRED","ALL_BRIDGES"
"AP_BR_CAN2_00126","Handri Bridge","ROAD","","15.811637","78.029419","NH44","388.48","","388.48","","","","","","","","OSM_GEOMETRY_ONLY","MISSING","","","","False","False","False","False","False","False","False","False","False","WITHHELD","WITHHELD","WITHHELD","VERIFIED_ENGINEERING_EVIDENCE_REQUIRED","ALL_BRIDGES"
"AP_BR_CAN2_00570","Handri Lane","ROAD","","15.627759","77.834868","","614.59","","614.59","100.0","","","","","","","OSM_GEOMETRY_ONLY","MISSING","","","","False","False","False","False","False","False","False","False","False","WITHHELD","WITHHELD","WITHHELD","VERIFIED_ENGINEERING_EVIDENCE_REQUIRED","ALL_BRIDGES"
"AP_BR_CAN2_00061","Hindupur Bypass","ROAD","","13.893314","77.486586","NH544E","263.43","","263.43","","","","","","","","OSM_GEOMETRY_ONLY","MISSING","","","","False","False","False","False","False","False","False","False","False","WITHHELD","WITHHELD","WITHHELD","VERIFIED_ENGINEERING_EVIDENCE_REQUIRED","ALL_BRIDGES"
"AP_BR_CAN2_00062","Hindupur Bypass","ROAD","","13.884664","77.500047","NH544E","215.15","","215.15","","","","","","","","OSM_GEOMETRY_ONLY","MISSING","","","","False","False","False","False","False","False","False","False","False","WITHHELD","WITHHELD","WITHHELD","VERIFIED_ENGINEERING_EVIDENCE_REQUIRED","ALL_BRIDGES"
"AP_BR_CAN2_00169","Howrah - Chennai Main Line","RAIL","","16.50172","80.610682","","2263.39","","2263.39","","","","","","","","OSM_GEOMETRY_ONLY","MISSING","ENGINEERING_ONLY","Indian Railways / engineering references","NO_CURRENT_INSPECTION","False","False","False","False","False","False","False","False","False","WITHHELD","WITHHELD","WITHHELD","VERIFIED_ENGINEERING_EVIDENCE_REQUIRED","ALL_BRIDGES"
"AP_BR_CAN2_00172","Howrah - Chennai Main Line","RAIL","","18.367743","83.854303","","699.68","","699.68","","","","","","","","OSM_GEOMETRY_ONLY","MISSING","ENGINEERING_ONLY","Indian Railways / engineering references","NO_CURRENT_INSPECTION","False","False","False","False","False","False","False","False","False","WITHHELD","WITHHELD","WITHHELD","VERIFIED_ENGINEERING_EVIDENCE_REQUIRED","ALL_BRIDGES"
"AP_BR_CAN2_00171","Howrah - Chennai Main Line","RAIL","","18.427868","83.94147","","942.97","","942.97","","","","","","","","OSM_GEOMETRY_ONLY","MISSING","ENGINEERING_ONLY","Indian Railways / engineering references","NO_CURRENT_INSPECTION","False","False","False","False","False","False","False","False","False","WITHHELD","WITHHELD","WITHHELD","VERIFIED_ENGINEERING_EVIDENCE_REQUIRED","ALL_BRIDGES"
"AP_BR_CAN2_00173","Howrah - Chennai Main Line","RAIL","","15.376721","80.046764","","619.06","","619.06","","","","","","","","OSM_GEOMETRY_ONLY","MISSING","ENGINEERING_ONLY","Indian Railways / engineering references","NO_CURRENT_INSPECTION","False","False","False","False","False","False","False","False","False","WITHHELD","WITHHELD","WITHHELD","VERIFIED_ENGINEERING_EVIDENCE_REQUIRED","ALL_BRIDGES"
"AP_BR_CAN2_00170","Howrah - Chennai Main Line","RAIL","","13.948716","79.897691","","861.53","","861.53","","","","","","","","OSM_GEOMETRY_ONLY","MISSING","ENGINEERING_ONLY","Indian Railways / engineering references","NO_CURRENT_INSPECTION","False","False","False","False","False","False","False","False","False","WITHHELD","WITHHELD","WITHHELD","VERIFIED_ENGINEERING_EVIDENCE_REQUIRED","ALL_BRIDGES"
"AP_BR_CAN2_00175","Howrah - Chennai Main Line","RAIL","","14.471577","79.989908","","1499.16","","1499.16","","","","","","","","OSM_GEOMETRY_ONLY","MISSING","ENGINEERING_ONLY","Indian Railways / engineering references","NO_CURRENT_INSPECTION","False","False","False","False","False","False","False","False","False","WITHHELD","WITHHELD","WITHHELD","VERIFIED_ENGINEERING_EVIDENCE_REQUIRED","ALL_BRIDGES"
"AP_BR_CAN2_00174","Howrah - Chennai Main Line","RAIL","","15.318368","80.031447","","949.4","","949.4","","","","","","","","OSM_GEOMETRY_ONLY","MISSING","ENGINEERING_ONLY","Indian Railways / engineering references","NO_CURRENT_INSPECTION","False","False","False","False","False","False","False","False","False","WITHHELD","WITHHELD","WITHHELD","VERIFIED_ENGINEERING_EVIDENCE_REQUIRED","ALL_BRIDGES"
"AP_BR_CAN2_00426","Howrah–Chennai main line (Godavari Arch Bridge)","RAIL","East Godavari","17.007871","81.754137","","2759.33","2745","2745","","28","28","97.552","PRESTRESSED_RCC_TWIN_ARCHES_M45","1997","29","VERIFIED_ENGINEERING_EVIDENCE","HISTORICAL_EVIDENCE_ONLY","ENGINEERING_ONLY","Indian Railways / engineering references","NO_CURRENT_INSPECTION","True","False","False","False","False","False","False","False","False","WITHHELD","WITHHELD","WITHHELD","CURRENT_STRUCTURAL_INSPECTION_REQUIRED","ALL_BRIDGES"
"AP_BR_CAN2_00427","Howrah–Chennai main line (Godavari Bridge)","RAIL","","16.997362","81.764319","","2886.01","","2886.01","","","","","","","","OSM_GEOMETRY_ONLY","MISSING","HISTORICAL_STRUCTURAL_INSPECTION","RDSO / Indian Railways","VERIFIED_HISTORICAL","False","False","False","False","False","False","False","False","False","WITHHELD","WITHHELD","WITHHELD","VERIFIED_ENGINEERING_EVIDENCE_REQUIRED","ALL_BRIDGES"
"AP_BR_CAN2_00553","Indrapalem road bridge","ROAD","","16.959752","82.223249","SH191","46.46","","46.46","","","","","","","","OSM_GEOMETRY_ONLY","MISSING","","","","False","False","False","False","False","False","False","False","False","WITHHELD","WITHHELD","WITHHELD","VERIFIED_ENGINEERING_EVIDENCE_REQUIRED","ALL_BRIDGES"
"AP_BR_CAN2_00252","Inner Ring Road Flyover","ROAD","","16.546568","80.615147","SH32","761.05","","761.05","","","","","","","","OSM_GEOMETRY_ONLY","MISSING","","","","False","False","False","False","False","False","False","False","False","WITHHELD","WITHHELD","WITHHELD","VERIFIED_ENGINEERING_EVIDENCE_REQUIRED","ALL_BRIDGES"
"AP_BR_CAN2_00371","Jaganaikpur Bridge","ROAD","","16.942791","82.233349","NH216","90.8","","90.8","","","","","","","","OSM_GEOMETRY_ONLY","MISSING","","","","False","False","False","False","False","False","False","False","False","WITHHELD","WITHHELD","WITHHELD","VERIFIED_ENGINEERING_EVIDENCE_REQUIRED","ALL_BRIDGES"
"AP_BR_CAN2_00463","Jaggayyapeta - Wyra Road","ROAD","","16.949823","80.21671","SH192","780.45","","780.45","","","","","","","","OSM_GEOMETRY_ONLY","MISSING","","","","False","False","False","False","False","False","False","False","False","WITHHELD","WITHHELD","WITHHELD","VERIFIED_ENGINEERING_EVIDENCE_REQUIRED","ALL_BRIDGES"
"AP_BR_CAN2_00255","Jammalamadugu - Kadiri Road","ROAD","","14.339053","78.201814","NH716G","703.17","","703.17","","","","","","","","OSM_GEOMETRY_ONLY","MISSING","","","","False","False","False","False","False","False","False","False","False","WITHHELD","WITHHELD","WITHHELD","VERIFIED_ENGINEERING_EVIDENCE_REQUIRED","ALL_BRIDGES"
"AP_BR_CAN2_00477","Jammalamadugu Muddanuru Road","ROAD","","14.82414","78.376053","NH167K","674.31","","674.31","","","","","","","","OSM_GEOMETRY_ONLY","MISSING","","","","False","False","False","False","False","False","False","False","False","WITHHELD","WITHHELD","WITHHELD","VERIFIED_ENGINEERING_EVIDENCE_REQUIRED","ALL_BRIDGES"
"AP_BR_CAN2_00479","Jonnawada Road","ROAD","","14.476821","79.892339","SH440","320.2","","320.2","","","","","","","","OSM_GEOMETRY_ONLY","MISSING","","","","False","False","False","False","False","False","False","False","False","WITHHELD","WITHHELD","WITHHELD","VERIFIED_ENGINEERING_EVIDENCE_REQUIRED","ALL_BRIDGES"
"AP_BR_CAN2_00007","Juvvaladinne Road","ROAD","","14.819502","80.067508","MDR0128","298.24","","298.24","","","","","","","","OSM_GEOMETRY_ONLY","MISSING","","","","False","False","False","False","False","False","False","False","False","WITHHELD","WITHHELD","WITHHELD","VERIFIED_ENGINEERING_EVIDENCE_REQUIRED","ALL_BRIDGES"
"AP_BR_CAN2_00421","Kadakatla Road","ROAD","","16.813441","81.517569","","535.24","","535.24","","","","","","","","OSM_GEOMETRY_ONLY","MISSING","","","","False","False","False","False","False","False","False","False","False","WITHHELD","WITHHELD","WITHHELD","VERIFIED_ENGINEERING_EVIDENCE_REQUIRED","ALL_BRIDGES"
"AP_BR_CAN2_00409","Kadapa - Porumamilla Road","ROAD","","14.462103","78.959807","SH56","834.28","","834.28","","","","","","","","OSM_GEOMETRY_ONLY","MISSING","","","","False","False","False","False","False","False","False","False","False","WITHHELD","WITHHELD","WITHHELD","VERIFIED_ENGINEERING_EVIDENCE_REQUIRED","ALL_BRIDGES"
"AP_BR_CAN2_00526","Kadapa - Pulivendula Road","ROAD","","14.407278","78.510896","SH51","373.58","","373.58","","","","","","","","OSM_GEOMETRY_ONLY","MISSING","","","","False","False","False","False","False","False","False","False","False","WITHHELD","WITHHELD","WITHHELD","VERIFIED_ENGINEERING_EVIDENCE_REQUIRED","ALL_BRIDGES"
"AP_BR_CAN2_00354","Kadiri - Vempalle Road","ROAD","","14.310437","78.48935","SH359","262.66","","262.66","","","","","","","","OSM_GEOMETRY_ONLY","MISSING","","","","False","False","False","False","False","False","False","False","False","WITHHELD","WITHHELD","WITHHELD","VERIFIED_ENGINEERING_EVIDENCE_REQUIRED","ALL_BRIDGES"
"AP_BR_CAN2_00372","Kakinada - Rajanagaram (ADB) Road","ROAD","","17.034474","82.18865","SH216","564.32","","564.32","","","","","","","","OSM_GEOMETRY_ONLY","MISSING","","","","False","False","False","False","False","False","False","False","False","WITHHELD","WITHHELD","WITHHELD","VERIFIED_ENGINEERING_EVIDENCE_REQUIRED","ALL_BRIDGES"
"AP_BR_CAN2_00547","Kakinada Bypass","ROAD","","17.002109","82.206545","NH216","316.91","","316.91","","","","","","","","OSM_GEOMETRY_ONLY","MISSING","","","","False","False","False","False","False","False","False","False","False","WITHHELD","WITHHELD","WITHHELD","VERIFIED_ENGINEERING_EVIDENCE_REQUIRED","ALL_BRIDGES"
"AP_BR_CAN2_00250","Kaleswara Rao Flyover","ROAD","","16.511477","80.614901","","612.1","","612.1","","","","","","","","OSM_GEOMETRY_ONLY","MISSING","","","","False","False","False","False","False","False","False","False","False","WITHHELD","WITHHELD","WITHHELD","VERIFIED_ENGINEERING_EVIDENCE_REQUIRED","ALL_BRIDGES"
"AP_BR_CAN2_00098","Kalingapatnam - Srikakulam - Parvathipuram Road","ROAD","","18.783554","83.433247","SH 1","746.35","","746.35","","","","","","","","OSM_GEOMETRY_ONLY","MISSING","","","","False","False","False","False","False","False","False","False","False","WITHHELD","WITHHELD","WITHHELD","VERIFIED_ENGINEERING_EVIDENCE_REQUIRED","ALL_BRIDGES"
"AP_BR_CAN2_00050","Kalpana Bridge","ROAD","","16.956017","82.241631","MDR0212","148.59","","148.59","","","","","","","","OSM_GEOMETRY_ONLY","MISSING","","","","False","False","False","False","False","False","False","False","False","WITHHELD","WITHHELD","WITHHELD","VERIFIED_ENGINEERING_EVIDENCE_REQUIRED","ALL_BRIDGES"
"AP_BR_CAN2_00001","Kanaka Durga Flyover","ROAD","NTR","16.511156","80.609323","NH65","749.58","2600","2600","23.7744","45","","45","LRPC_STRANDS_AND_TMT_REINFORCEMENT","2020","6","VERIFIED_ENGINEERING_EVIDENCE","NO_STRUCTURAL_CONDITION_RESULT","VERIFIED_MAINTENANCE_HISTORY","MoRTH / R&B NH Division Vijayawada","VERIFIED_MAINTENANCE","True","False","False","False","False","False","False","False","False","WITHHELD","WITHHELD","WITHHELD","CURRENT_STRUCTURAL_INSPECTION_REQUIRED","ALL_BRIDGES"
"AP_BR_CAN2_00285","Kanakadurga Varadhi - Vijayawada - Mangalagiri Road -  Old NH16 Road","ROAD","","16.493323","80.626718","","3656.04","","3656.04","","","","","","","","OSM_GEOMETRY_ONLY","MISSING","","","","False","False","False","False","False","False","False","False","False","WITHHELD","WITHHELD","WITHHELD","VERIFIED_ENGINEERING_EVIDENCE_REQUIRED","ALL_BRIDGES"
"AP_BR_CAN2_00564","Kancharapalem Flyover - Gnanapuram ( Visakhapatnam Railway Station Back Side ) - NAD  Junction Road","ROAD","","17.728872","83.281444","","1642.96","","1642.96","","","","","","","","OSM_GEOMETRY_ONLY","MISSING","","","","False","False","False","False","False","False","False","False","False","WITHHELD","WITHHELD","WITHHELD","VERIFIED_ENGINEERING_EVIDENCE_REQUIRED","ALL_BRIDGES"
"AP_BR_CAN2_00326","Kandukur - Gudluru - Thettu Road","ROAD","","15.117864","79.895938","SH404","208.59","","208.59","","","","","","","","OSM_GEOMETRY_ONLY","MISSING","","","","False","False","False","False","False","False","False","False","False","WITHHELD","WITHHELD","WITHHELD","VERIFIED_ENGINEERING_EVIDENCE_REQUIRED","ALL_BRIDGES"
"AP_BR_CAN2_00329","Karamchedu Road","ROAD","","15.832872","80.357525","","615.88","","615.88","","","","","","","","OSM_GEOMETRY_ONLY","MISSING","","","","False","False","False","False","False","False","False","False","False","WITHHELD","WITHHELD","WITHHELD","VERIFIED_ENGINEERING_EVIDENCE_REQUIRED","ALL_BRIDGES"
"AP_BR_CAN2_00358","Kasimkota - Bangarumetta Road","ROAD","","17.684804","82.985405","SH148","742.87","","742.87","","","","","","","","OSM_GEOMETRY_ONLY","MISSING","","","","False","False","False","False","False","False","False","False","False","WITHHELD","WITHHELD","WITHHELD","VERIFIED_ENGINEERING_EVIDENCE_REQUIRED","ALL_BRIDGES"
"AP_BR_CAN2_00359","Khajipeta - Kamalapuram Road","ROAD","","14.62368","78.68642","SH337","735.58","","735.58","","","","","","","","OSM_GEOMETRY_ONLY","MISSING","","","","False","False","False","False","False","False","False","False","False","WITHHELD","WITHHELD","WITHHELD","VERIFIED_ENGINEERING_EVIDENCE_REQUIRED","ALL_BRIDGES"
"AP_BR_CAN2_00081","Khammam - Devarapalli Expressway","ROAD","","17.077113","81.298827","NH365BG","478.1","","478.1","","","","","","","","OSM_GEOMETRY_ONLY","MISSING","","","","False","False","False","False","False","False","False","False","False","WITHHELD","WITHHELD","WITHHELD","VERIFIED_ENGINEERING_EVIDENCE_REQUIRED","ALL_BRIDGES"
"AP_BR_CAN2_00082","Khammam - Devarapalli Expressway","ROAD","","17.076151","81.332538","NH365BG","1020.05","","1020.05","","","","","","","","OSM_GEOMETRY_ONLY","MISSING","","","","False","False","False","False","False","False","False","False","False","WITHHELD","WITHHELD","WITHHELD","VERIFIED_ENGINEERING_EVIDENCE_REQUIRED","ALL_BRIDGES"
"AP_BR_CAN2_00558","Komanapalli - Sarubujjili Road","ROAD","","18.54824","83.976412","SH115","583.46","","583.46","","","","","","","","OSM_GEOMETRY_ONLY","MISSING","","","","False","False","False","False","False","False","False","False","False","WITHHELD","WITHHELD","WITHHELD","VERIFIED_ENGINEERING_EVIDENCE_REQUIRED","ALL_BRIDGES"
"AP_BR_CAN2_00246","Krishnagiri - Madanapalle Highway","ROAD","","12.744564","78.347084","NH42","656.91","","656.91","","","","","","","","OSM_GEOMETRY_ONLY","MISSING","","","","False","False","False","False","False","False","False","False","False","WITHHELD","WITHHELD","WITHHELD","VERIFIED_ENGINEERING_EVIDENCE_REQUIRED","ALL_BRIDGES"
"AP_BR_CAN2_00492","Krishnapatnam Port - Obulavaripalle new line","RAIL","","14.302732","79.911968","","303.3","","303.3","","","","","","","","OSM_GEOMETRY_ONLY","MISSING","","","","False","False","False","False","False","False","False","False","False","WITHHELD","WITHHELD","WITHHELD","VERIFIED_ENGINEERING_EVIDENCE_REQUIRED","ALL_BRIDGES"
"AP_BR_CAN2_00493","Krishnapatnam Port - Obulavaripalle new line","RAIL","","14.190523","79.522367","","308.06","","308.06","","","","","","","","OSM_GEOMETRY_ONLY","MISSING","","","","False","False","False","False","False","False","False","False","False","WITHHELD","WITHHELD","WITHHELD","VERIFIED_ENGINEERING_EVIDENCE_REQUIRED","ALL_BRIDGES"
"AP_BR_CAN2_00483","Krishnapatnam Port Road","ROAD","","14.272709","80.092145","NH67","320.06","","320.06","","","","","","","","OSM_GEOMETRY_ONLY","MISSING","","","","False","False","False","False","False","False","False","False","False","WITHHELD","WITHHELD","WITHHELD","VERIFIED_ENGINEERING_EVIDENCE_REQUIRED","ALL_BRIDGES"
"AP_BR_CAN2_00257","Kunavaram - Vara Ramachandrapuram - Rekhapalli - Chinturu Road","ROAD","","17.573789","81.260205","MDR050","508.71","","508.71","","","","","","","","OSM_GEOMETRY_ONLY","MISSING","","","","False","False","False","False","False","False","False","False","False","WITHHELD","WITHHELD","WITHHELD","VERIFIED_ENGINEERING_EVIDENCE_REQUIRED","ALL_BRIDGES"
"AP_BR_CAN2_00511","Kuppam - Patchur Road","ROAD","","12.682266","78.398193","SH514","427.78","","427.78","","","","","","","","OSM_GEOMETRY_ONLY","MISSING","","","","False","False","False","False","False","False","False","False","False","WITHHELD","WITHHELD","WITHHELD","VERIFIED_ENGINEERING_EVIDENCE_REQUIRED","ALL_BRIDGES"
"AP_BR_CAN2_00133","Kurmannapalem Road Flyover","ROAD","","17.702936","83.155937","MDR0110","963.24","","","","","","","","","","VERIFIED_IDENTITY_OSM_GEOMETRY_ENGINEERING_VALUES_PENDING","MISSING","","","","False","False","False","False","False","False","False","False","False","WITHHELD","WITHHELD","WITHHELD","VERIFIED_ENGINEERING_EVIDENCE_REQUIRED","ALL_BRIDGES"
"AP_BR_CAN2_00367","Kurnool - Ballari Road","ROAD","","15.677807","77.754098","SH27","405.89","","405.89","","","","","","","","OSM_GEOMETRY_ONLY","MISSING","","","","False","False","False","False","False","False","False","False","False","WITHHELD","WITHHELD","WITHHELD","VERIFIED_ENGINEERING_EVIDENCE_REQUIRED","ALL_BRIDGES"
"AP_BR_CAN2_00218","Machilipatnam - Nuzvid - Kalluru Road","ROAD","","16.652749","80.965297","NH216H","562.2","","562.2","","","","","","","","OSM_GEOMETRY_ONLY","MISSING","","","","False","False","False","False","False","False","False","False","False","WITHHELD","WITHHELD","WITHHELD","VERIFIED_ENGINEERING_EVIDENCE_REQUIRED","ALL_BRIDGES"
"AP_BR_CAN2_00219","Machilipatnam - Nuzvid - Kalluru Road","ROAD","","16.343304","81.056437","NH216H","323","","323","","","","","","","","OSM_GEOMETRY_ONLY","MISSING","","","","False","False","False","False","False","False","False","False","False","WITHHELD","WITHHELD","WITHHELD","VERIFIED_ENGINEERING_EVIDENCE_REQUIRED","ALL_BRIDGES"
"AP_BR_CAN2_00092","Mahal Village Road","ROAD","","13.772626","78.784005","MDR0302","259.44","","259.44","","","","","","","","OSM_GEOMETRY_ONLY","MISSING","","","","False","False","False","False","False","False","False","False","False","WITHHELD","WITHHELD","WITHHELD","VERIFIED_ENGINEERING_EVIDENCE_REQUIRED","ALL_BRIDGES"
"AP_BR_CAN2_00376","Mangalagiri - Prakasam Barrage Main Road","ROAD","","16.50554","80.60455","","1145.52","","1145.52","","","","","","","","OSM_GEOMETRY_ONLY","MISSING","","","","False","False","False","False","False","False","False","False","False","WITHHELD","WITHHELD","WITHHELD","VERIFIED_ENGINEERING_EVIDENCE_REQUIRED","ALL_BRIDGES"
"AP_BR_CAN2_00519","Manubolu - Podalakur Road","ROAD","","14.222367","79.875894","SH446","447.29","","447.29","","","","","","","","OSM_GEOMETRY_ONLY","MISSING","","","","False","False","False","False","False","False","False","False","False","WITHHELD","WITHHELD","WITHHELD","VERIFIED_ENGINEERING_EVIDENCE_REQUIRED","ALL_BRIDGES"
"AP_BR_CAN2_00293","Marteru - Prakkilanka Road","ROAD","","16.907316","81.677636","SH22","331.45","","331.45","","","","","","","","OSM_GEOMETRY_ONLY","MISSING","","","","False","False","False","False","False","False","False","False","False","WITHHELD","WITHHELD","WITHHELD","VERIFIED_ENGINEERING_EVIDENCE_REQUIRED","ALL_BRIDGES"
"AP_BR_CAN2_00056","Mini BiPass Road","ROAD","","14.45866","79.990216","","563.94","","563.94","","","","","","","","OSM_GEOMETRY_ONLY","MISSING","","","","False","False","False","False","False","False","False","False","False","WITHHELD","WITHHELD","WITHHELD","VERIFIED_ENGINEERING_EVIDENCE_REQUIRED","ALL_BRIDGES"
"AP_BR_CAN2_00055","Mini BiPass Road","ROAD","","14.44197","79.986254","","725.34","","725.34","","","","","","","","OSM_GEOMETRY_ONLY","MISSING","","","","False","False","False","False","False","False","False","False","False","WITHHELD","WITHHELD","WITHHELD","VERIFIED_ENGINEERING_EVIDENCE_REQUIRED","ALL_BRIDGES"
"AP_BR_CAN2_00051","MOOTHA GOPAL KRISHNA VARADHI","ROAD","","16.969775","82.230062","","711.49","","711.49","","","","","","","","OSM_GEOMETRY_ONLY","MISSING","","","","False","False","False","False","False","False","False","False","False","WITHHELD","WITHHELD","WITHHELD","VERIFIED_ENGINEERING_EVIDENCE_REQUIRED","ALL_BRIDGES"
"AP_BR_CAN2_00464","Mukteshwaram Road","ROAD","","16.68633","82.031708","SH14","210.65","","210.65","","","","","","","","OSM_GEOMETRY_ONLY","MISSING","","","","False","False","False","False","False","False","False","False","False","WITHHELD","WITHHELD","WITHHELD","VERIFIED_ENGINEERING_EVIDENCE_REQUIRED","ALL_BRIDGES"
"AP_BR_CAN2_00352","Mydukuru Road","ROAD","","14.726145","78.668799","NH67","461.39","","461.39","","","","","","","","OSM_GEOMETRY_ONLY","MISSING","","","","False","False","False","False","False","False","False","False","False","WITHHELD","WITHHELD","WITHHELD","VERIFIED_ENGINEERING_EVIDENCE_REQUIRED","ALL_BRIDGES"
"AP_BR_CAN2_00540","Nagaladinne - Aiza Road","ROAD","","15.919253","77.568925","","504.65","","504.65","","","","","","","","OSM_GEOMETRY_ONLY","MISSING","","","","False","False","False","False","False","False","False","False","False","WITHHELD","WITHHELD","WITHHELD","VERIFIED_ENGINEERING_EVIDENCE_REQUIRED","ALL_BRIDGES"
"AP_BR_CAN2_00119","Nagaraju Peta Bridge","ROAD","","16.524662","81.725041","","175.71","","175.71","3.0","","","","","","","OSM_GEOMETRY_ONLY","MISSING","","","","False","False","False","False","False","False","False","False","False","WITHHELD","WITHHELD","WITHHELD","VERIFIED_ENGINEERING_EVIDENCE_REQUIRED","ALL_BRIDGES"
"AP_BR_CAN2_00296","Nallamada Vagu Bridge","ROAD","","15.925139","80.50914","NH216","188.82","","188.82","","","","","","","","OSM_GEOMETRY_ONLY","MISSING","","","","False","False","False","False","False","False","False","False","False","WITHHELD","WITHHELD","WITHHELD","VERIFIED_ENGINEERING_EVIDENCE_REQUIRED","ALL_BRIDGES"
"AP_BR_CAN2_00357","Nandigama - Madhira Road","ROAD","","16.77579","80.301136","SH222","460.05","","460.05","","","","","","","","OSM_GEOMETRY_ONLY","MISSING","","","","False","False","False","False","False","False","False","False","False","WITHHELD","WITHHELD","WITHHELD","VERIFIED_ENGINEERING_EVIDENCE_REQUIRED","ALL_BRIDGES"
"AP_BR_CAN2_00514","Nandyal - Thimmanayunipeta Road","ROAD","","15.227535","78.339859","NH167K","197.54","","197.54","","","","","","","","OSM_GEOMETRY_ONLY","MISSING","","","","False","False","False","False","False","False","False","False","False","WITHHELD","WITHHELD","WITHHELD","VERIFIED_ENGINEERING_EVIDENCE_REQUIRED","ALL_BRIDGES"
"AP_BR_CAN2_00303","Nandyal Bypass","ROAD","","15.474121","78.441614","NH40","2791.01","","2791.01","","","","","","","","OSM_GEOMETRY_ONLY","MISSING","","","","False","False","False","False","False","False","False","False","False","WITHHELD","WITHHELD","WITHHELD","VERIFIED_ENGINEERING_EVIDENCE_REQUIRED","ALL_BRIDGES"
"AP_BR_CAN2_00125","Nandyala - Atmakur Road","ROAD","","15.508087","78.515043","NH167K","229.45","","229.45","","","","","","","","OSM_GEOMETRY_ONLY","MISSING","","","","False","False","False","False","False","False","False","False","False","WITHHELD","WITHHELD","WITHHELD","VERIFIED_ENGINEERING_EVIDENCE_REQUIRED","ALL_BRIDGES"
"AP_BR_CAN2_00030","Narasapurapupeta - Katravulapalli Road","ROAD","","16.9692","82.0353","SH174","460.44","","460.44","","","","","","","","OSM_GEOMETRY_ONLY","MISSING","","","","False","False","False","False","False","False","False","False","False","WITHHELD","WITHHELD","WITHHELD","VERIFIED_ENGINEERING_EVIDENCE_REQUIRED","ALL_BRIDGES"
"AP_BR_CAN2_00088","Narasaraopet - Chilakurpeta Road","ROAD","","16.23122","80.061435","NH167A","453.53","","453.53","","","","","","","","OSM_GEOMETRY_ONLY","MISSING","","","","False","False","False","False","False","False","False","False","False","WITHHELD","WITHHELD","WITHHELD","VERIFIED_ENGINEERING_EVIDENCE_REQUIRED","ALL_BRIDGES"
"AP_BR_CAN2_00374","Narasaraopet Guntur Road","ROAD","","16.319034","80.341879","NH544D","1442.84","","1442.84","","","","","","","","OSM_GEOMETRY_ONLY","MISSING","","","","False","False","False","False","False","False","False","False","False","WITHHELD","WITHHELD","WITHHELD","VERIFIED_ENGINEERING_EVIDENCE_REQUIRED","ALL_BRIDGES"
"AP_BR_CAN2_00065","Narayanavalasa Bridge Road","ROAD","","18.48352","83.810366","MDR","537.16","","537.16","","","","","","","","OSM_GEOMETRY_ONLY","MISSING","","","","False","False","False","False","False","False","False","False","False","WITHHELD","WITHHELD","WITHHELD","VERIFIED_ENGINEERING_EVIDENCE_REQUIRED","ALL_BRIDGES"
"AP_BR_CAN2_00013","Narketpally - Addanki - Medarametla Road","ROAD","","16.594336","79.737422","NH167A","165.19","","165.19","","","","","","","","OSM_GEOMETRY_ONLY","MISSING","","","","False","False","False","False","False","False","False","False","False","WITHHELD","WITHHELD","WITHHELD","VERIFIED_ENGINEERING_EVIDENCE_REQUIRED","ALL_BRIDGES"
"AP_BR_CAN2_00014","Narketpally - Addanki - Medarametla Road","ROAD","","16.155123","79.92643","NAM","1612.29","","1612.29","","","","","","","","OSM_GEOMETRY_ONLY","MISSING","","","","False","False","False","False","False","False","False","False","False","WITHHELD","WITHHELD","WITHHELD","VERIFIED_ENGINEERING_EVIDENCE_REQUIRED","ALL_BRIDGES"
"AP_BR_CAN2_00292","Narsapuram - Aswaraopeta Road","ROAD","","16.808967","81.531173","SH24","391.54","","391.54","","","","","","","","OSM_GEOMETRY_ONLY","MISSING","","","","False","False","False","False","False","False","False","False","False","WITHHELD","WITHHELD","WITHHELD","VERIFIED_ENGINEERING_EVIDENCE_REQUIRED","ALL_BRIDGES"
"AP_BR_CAN2_00423","Nehru Inner Ring Road","ROAD","","16.525808","80.676119","","710.68","","710.68","","","","","","","","OSM_GEOMETRY_ONLY","MISSING","","","","False","False","False","False","False","False","False","False","False","WITHHELD","WITHHELD","WITHHELD","VERIFIED_ENGINEERING_EVIDENCE_REQUIRED","ALL_BRIDGES"
"AP_BR_CAN2_00132","Nehru Inner Ring Road Flyover","ROAD","","16.543961","80.611803","","403.68","","403.68","","","","","","","","OSM_GEOMETRY_ONLY","MISSING","","","","False","False","False","False","False","False","False","False","False","WITHHELD","WITHHELD","WITHHELD","VERIFIED_ENGINEERING_EVIDENCE_REQUIRED","ALL_BRIDGES"
"AP_BR_CAN2_00131","Nehru Inner Ring Road Flyover","ROAD","","16.540152","80.678941","","1844.16","","1844.16","","","","","","","","OSM_GEOMETRY_ONLY","MISSING","","","","False","False","False","False","False","False","False","False","False","WITHHELD","WITHHELD","WITHHELD","VERIFIED_ENGINEERING_EVIDENCE_REQUIRED","ALL_BRIDGES"
"AP_BR_CAN2_00248","Nellore Bypass","ROAD","","14.477092","80.009588","NH16","1764.33","","1764.33","","","","","","","","OSM_GEOMETRY_ONLY","MISSING","","","","False","False","False","False","False","False","False","False","False","WITHHELD","WITHHELD","WITHHELD","VERIFIED_ENGINEERING_EVIDENCE_REQUIRED","ALL_BRIDGES"
"AP_BR_CAN2_00572","NRpuram road bridge","ROAD","","18.217875","83.117041","","44.87","","44.87","","","","","","","","OSM_GEOMETRY_ONLY","MISSING","","","","False","False","False","False","False","False","False","False","False","WITHHELD","WITHHELD","WITHHELD","VERIFIED_ENGINEERING_EVIDENCE_REQUIRED","ALL_BRIDGES"
"AP_BR_CAN2_00377","Nuzvid - Gannavaram Road","ROAD","","16.556205","80.79215","SH238","620.35","","620.35","","","","","","","","OSM_GEOMETRY_ONLY","MISSING","","","","False","False","False","False","False","False","False","False","False","WITHHELD","WITHHELD","WITHHELD","VERIFIED_ENGINEERING_EVIDENCE_REQUIRED","ALL_BRIDGES"
"AP_BR_CAN2_00155","old bridge","ROAD","","17.484163","82.742237","","282.95","","282.95","","","","","","","","OSM_GEOMETRY_ONLY","MISSING","","","","False","False","False","False","False","False","False","False","False","WITHHELD","WITHHELD","WITHHELD","VERIFIED_ENGINEERING_EVIDENCE_REQUIRED","ALL_BRIDGES"
"AP_BR_CAN2_00387","Ongole - Kothapatnam Road","ROAD","","15.500846","80.059777","SH301","986.81","","986.81","","","","","","","","OSM_GEOMETRY_ONLY","MISSING","","","","False","False","False","False","False","False","False","False","False","WITHHELD","WITHHELD","WITHHELD","VERIFIED_ENGINEERING_EVIDENCE_REQUIRED","ALL_BRIDGES"
"AP_BR_CAN2_00454","Ongole Old Bypass","ROAD","","15.515048","80.036463","","1587.22","","1587.22","","","","","","","","OSM_GEOMETRY_ONLY","MISSING","","","","False","False","False","False","False","False","False","False","False","WITHHELD","WITHHELD","WITHHELD","VERIFIED_ENGINEERING_EVIDENCE_REQUIRED","ALL_BRIDGES"
"AP_BR_CAN2_00498","Palakonda - Hadobhangi Road","ROAD","","18.788049","83.942456","SH89","528.54","","528.54","","","","","","","","OSM_GEOMETRY_ONLY","MISSING","","","","False","False","False","False","False","False","False","False","False","WITHHELD","WITHHELD","WITHHELD","VERIFIED_ENGINEERING_EVIDENCE_REQUIRED","ALL_BRIDGES"
"AP_BR_CAN2_00385","Paravada - Lankelapalem - Asakapalli Road","ROAD","","17.683192","83.095943","SH152","1029.18","","1029.18","","","","","","","","OSM_GEOMETRY_ONLY","MISSING","","","","False","False","False","False","False","False","False","False","False","WITHHELD","WITHHELD","WITHHELD","VERIFIED_ENGINEERING_EVIDENCE_REQUIRED","ALL_BRIDGES"
"AP_BR_CAN2_00536","Pattabhipuram Road","ROAD","","16.301791","80.426626","","1417.57","","1417.57","","","","","","","","OSM_GEOMETRY_ONLY","MISSING","","","","False","False","False","False","False","False","False","False","False","WITHHELD","WITHHELD","WITHHELD","VERIFIED_ENGINEERING_EVIDENCE_REQUIRED","ALL_BRIDGES"
"AP_BR_CAN2_00415","Payakarao Peta Bridge","ROAD","","17.361987","82.547408","","135","","135","","","","","","","","OSM_GEOMETRY_ONLY","MISSING","","","","False","False","False","False","False","False","False","False","False","WITHHELD","WITHHELD","WITHHELD","VERIFIED_ENGINEERING_EVIDENCE_REQUIRED","ALL_BRIDGES"
"AP_BR_CAN2_00418","Podili - Vinukonda Road","ROAD","","16.001734","79.683998","SH42","221.02","","221.02","","","","","","","","OSM_GEOMETRY_ONLY","MISSING","","","","False","False","False","False","False","False","False","False","False","WITHHELD","WITHHELD","WITHHELD","VERIFIED_ENGINEERING_EVIDENCE_REQUIRED","ALL_BRIDGES"
"AP_BR_CAN2_00559","Ponnada Bridge","ROAD","","18.271937","83.899099","MDR0146","463.14","","463.14","","","","","","","","OSM_GEOMETRY_ONLY","MISSING","","","","False","False","False","False","False","False","False","False","False","WITHHELD","WITHHELD","WITHHELD","VERIFIED_ENGINEERING_EVIDENCE_REQUIRED","ALL_BRIDGES"
"AP_BR_CAN2_00332","Ponnur - Repalle Road","ROAD","","16.064166","80.555952","MDR063","794.88","","794.88","","","","","","","","OSM_GEOMETRY_ONLY","MISSING","","","","False","False","False","False","False","False","False","False","False","WITHHELD","WITHHELD","WITHHELD","VERIFIED_ENGINEERING_EVIDENCE_REQUIRED","ALL_BRIDGES"
"AP_BR_CAN2_00147","Port Main Road Flyover","ROAD","","17.716231","83.281277","","3779.97","","3779.97","","","","","","","","OSM_GEOMETRY_ONLY","MISSING","","","","False","False","False","False","False","False","False","False","False","WITHHELD","WITHHELD","WITHHELD","VERIFIED_ENGINEERING_EVIDENCE_REQUIRED","ALL_BRIDGES"
"AP_BR_CAN2_00176","Prathipadu - Nidadavolu Road","ROAD","","16.852586","81.652848","SH210","207.99","","207.99","","","","","","","","OSM_GEOMETRY_ONLY","MISSING","","","","False","False","False","False","False","False","False","False","False","WITHHELD","WITHHELD","WITHHELD","VERIFIED_ENGINEERING_EVIDENCE_REQUIRED","ALL_BRIDGES"
"AP_BR_CAN2_00113","Proddatur - Chagalamarri Road","ROAD","","14.949428","78.574422","NH440","187.27","","187.27","","","","","","","","OSM_GEOMETRY_ONLY","MISSING","","","","False","False","False","False","False","False","False","False","False","WITHHELD","WITHHELD","WITHHELD","VERIFIED_ENGINEERING_EVIDENCE_REQUIRED","ALL_BRIDGES"
"AP_BR_CAN2_00114","Proddatur - Chagalamarri Road","ROAD","","14.936386","78.535029","NH440","373.9","","373.9","","","","","","","","OSM_GEOMETRY_ONLY","MISSING","","","","False","False","False","False","False","False","False","False","False","WITHHELD","WITHHELD","WITHHELD","VERIFIED_ENGINEERING_EVIDENCE_REQUIRED","ALL_BRIDGES"
"AP_BR_CAN2_00112","Proddatur - Duvvuru Road","ROAD","","14.789239","78.603743","MDR0260","350.91","","350.91","","","","","","","","OSM_GEOMETRY_ONLY","MISSING","","","","False","False","False","False","False","False","False","False","False","WITHHELD","WITHHELD","WITHHELD","VERIFIED_ENGINEERING_EVIDENCE_REQUIRED","ALL_BRIDGES"
"AP_BR_CAN2_00162","Proddatur Mydukuru Road","ROAD","","14.719759","78.718191","NH67","563.09","","563.09","","","","","","","","OSM_GEOMETRY_ONLY","MISSING","","","","False","False","False","False","False","False","False","False","False","WITHHELD","WITHHELD","WITHHELD","VERIFIED_ENGINEERING_EVIDENCE_REQUIRED","ALL_BRIDGES"
"AP_BR_CAN2_00476","Proddatur Yerraguntla Road","ROAD","","14.714688","78.549728","NH67","1199.27","","1199.27","","","","","","","","OSM_GEOMETRY_ONLY","MISSING","","","","False","False","False","False","False","False","False","False","False","WITHHELD","WITHHELD","WITHHELD","VERIFIED_ENGINEERING_EVIDENCE_REQUIRED","ALL_BRIDGES"
"AP_BR_CAN2_00468","Pulivendula - Parnapalli Road","ROAD","","14.569102","77.966531","SH343","471.06","","471.06","","","","","","","","OSM_GEOMETRY_ONLY","MISSING","","","","False","False","False","False","False","False","False","False","False","WITHHELD","WITHHELD","WITHHELD","VERIFIED_ENGINEERING_EVIDENCE_REQUIRED","ALL_BRIDGES"
"AP_BR_CAN2_00508","Pulivendula-Tadipatri Road","ROAD","","14.710344","78.054113","MDR024","565.53","","565.53","","","","","","","","OSM_GEOMETRY_ONLY","MISSING","","","","False","False","False","False","False","False","False","False","False","WITHHELD","WITHHELD","WITHHELD","VERIFIED_ENGINEERING_EVIDENCE_REQUIRED","ALL_BRIDGES"
"AP_BR_CAN2_00373","Puthalapattu - Naidupeta Road Flyover","ROAD","","13.635353","79.495545","SH61","1613.11","","1613.11","","","","","","","","OSM_GEOMETRY_ONLY","MISSING","","","","False","False","False","False","False","False","False","False","False","WITHHELD","WITHHELD","WITHHELD","VERIFIED_ENGINEERING_EVIDENCE_REQUIRED","ALL_BRIDGES"
"AP_BR_CAN2_00011","Puttur - Uthukottai - Janappanchatram Road","ROAD","","13.398644","79.758704","NH716A","173.16","","173.16","","","","","","","","OSM_GEOMETRY_ONLY","MISSING","","","","False","False","False","False","False","False","False","False","False","WITHHELD","WITHHELD","WITHHELD","VERIFIED_ENGINEERING_EVIDENCE_REQUIRED","ALL_BRIDGES"
"AP_BR_CAN2_00448","Pydiparru Canal Bridge","ROAD","","16.753009","81.668749","","49.28","","49.28","","","","","","","","OSM_GEOMETRY_ONLY","MISSING","","","","False","False","False","False","False","False","False","False","False","WITHHELD","WITHHELD","WITHHELD","VERIFIED_ENGINEERING_EVIDENCE_REQUIRED","ALL_BRIDGES"
"AP_BR_CAN2_00316","Railway Bridge","RAIL","","16.502821","80.610608","","1130.75","","1130.75","","","","","","","","OSM_GEOMETRY_ONLY","MISSING","","","","False","False","False","False","False","False","False","False","False","WITHHELD","WITHHELD","WITHHELD","VERIFIED_ENGINEERING_EVIDENCE_REQUIRED","ALL_BRIDGES"
"AP_BR_CAN2_00335","Rajahmundry - Bommuru - Kesavaram Road","ROAD","","16.976013","81.78812","SH189","740.97","","740.97","","","","","","","","OSM_GEOMETRY_ONLY","MISSING","","","","False","False","False","False","False","False","False","False","False","WITHHELD","WITHHELD","WITHHELD","VERIFIED_ENGINEERING_EVIDENCE_REQUIRED","ALL_BRIDGES"
"AP_BR_CAN2_00512","Rajavaram - Podalada Road","ROAD","","16.587204","81.885325","SH16","706.53","","706.53","","","","","","","","OSM_GEOMETRY_ONLY","MISSING","","","","False","False","False","False","False","False","False","False","False","WITHHELD","WITHHELD","WITHHELD","VERIFIED_ENGINEERING_EVIDENCE_REQUIRED","ALL_BRIDGES"
"AP_BR_CAN2_00430","Ravipadu Bridge","ROAD","","16.769131","81.586019","MDR039","47.16","","47.16","","","","","","","","OSM_GEOMETRY_ONLY","MISSING","","","","False","False","False","False","False","False","False","False","False","WITHHELD","WITHHELD","WITHHELD","VERIFIED_ENGINEERING_EVIDENCE_REQUIRED","ALL_BRIDGES"
"AP_BR_CAN2_00084","Rayachoti - T.Sundupalle - Pincha Road","ROAD","","13.983487","78.968903","SH387","290.26","","290.26","","","","","","","","OSM_GEOMETRY_ONLY","MISSING","","","","False","False","False","False","False","False","False","False","False","WITHHELD","WITHHELD","WITHHELD","VERIFIED_ENGINEERING_EVIDENCE_REQUIRED","ALL_BRIDGES"
"AP_BR_CAN2_00353","Rayachoti - Vempalle Road","ROAD","","14.335928","78.483519","NH440","278.9","","278.9","","","","","","","","OSM_GEOMETRY_ONLY","MISSING","","","","False","False","False","False","False","False","False","False","False","WITHHELD","WITHHELD","WITHHELD","VERIFIED_ENGINEERING_EVIDENCE_REQUIRED","ALL_BRIDGES"
"AP_BR_CAN2_00063","Rayachoti-Rajampet road","ROAD","","14.1852","79.15382","SH34","753.18","","753.18","","","","","","","","OSM_GEOMETRY_ONLY","MISSING","","","","False","False","False","False","False","False","False","False","False","WITHHELD","WITHHELD","WITHHELD","VERIFIED_ENGINEERING_EVIDENCE_REQUIRED","ALL_BRIDGES"
"AP_BR_CAN2_00064","Rayachoti-Rajampet road","ROAD","","14.126976","79.01789","SH34","618.62","","618.62","","","","","","","","OSM_GEOMETRY_ONLY","MISSING","","","","False","False","False","False","False","False","False","False","False","WITHHELD","WITHHELD","WITHHELD","VERIFIED_ENGINEERING_EVIDENCE_REQUIRED","ALL_BRIDGES"
"AP_BR_CAN2_00334","Red Bridge","ROAD","","16.585627","82.018556","","18.93","","18.93","","","","","","","","OSM_GEOMETRY_ONLY","MISSING","","","","False","False","False","False","False","False","False","False","False","WITHHELD","WITHHELD","WITHHELD","VERIFIED_ENGINEERING_EVIDENCE_REQUIRED","ALL_BRIDGES"
"AP_BR_CAN2_00356","Ringroad","ROAD","","16.299686","80.440363","SH288","435.61","","435.61","","","","","","","","OSM_GEOMETRY_ONLY","MISSING","","","","False","False","False","False","False","False","False","False","False","WITHHELD","WITHHELD","WITHHELD","VERIFIED_ENGINEERING_EVIDENCE_REQUIRED","ALL_BRIDGES"
"AP_BR_CAN2_00379","Road cum Railway Bridge","ROAD","","16.999376","81.741246","","462.32","","462.32","","","","","","","","OSM_GEOMETRY_ONLY","MISSING","","","","False","False","False","False","False","False","False","False","False","WITHHELD","WITHHELD","WITHHELD","VERIFIED_ENGINEERING_EVIDENCE_REQUIRED","ALL_BRIDGES"
"AP_BR_CAN2_00134","S.V.University Flyover","ROAD","","13.623999","79.392109","","2329.26","","","","","","","","","","VERIFIED_OSM_IDENTITY_ENGINEERING_VALUES_PENDING","MISSING","","","","False","False","False","False","False","False","False","False","False","WITHHELD","WITHHELD","WITHHELD","VERIFIED_ENGINEERING_EVIDENCE_REQUIRED","ALL_BRIDGES"
"AP_BR_CAN2_00115","Service Road","ROAD","","18.374291","83.989773","","591.72","","591.72","","","","","","","","OSM_GEOMETRY_ONLY","MISSING","","","","False","False","False","False","False","False","False","False","False","WITHHELD","WITHHELD","WITHHELD","VERIFIED_ENGINEERING_EVIDENCE_REQUIRED","ALL_BRIDGES"
"AP_BR_CAN2_00502","Signature Bridge","ROAD","","18.106651","83.394775","","62.06","","62.06","","","","","","","","OSM_GEOMETRY_ONLY","MISSING","","","","False","False","False","False","False","False","False","False","False","WITHHELD","WITHHELD","WITHHELD","VERIFIED_ENGINEERING_EVIDENCE_REQUIRED","ALL_BRIDGES"
"AP_BR_CAN2_00348","Singhnagar Flyover","ROAD","","16.533558","80.636071","","847.05","","","","","","","","","","VERIFIED_PUBLIC_IDENTITY_OSM_GEOMETRY_ENGINEERING_VALUES_PENDING","MISSING","","","","False","False","False","False","False","False","False","False","False","WITHHELD","WITHHELD","WITHHELD","VERIFIED_ENGINEERING_EVIDENCE_REQUIRED","ALL_BRIDGES"
"AP_BR_CAN2_00152","Solapur–Chennai Economic Corridor","ROAD","","15.767963","78.012837","NH150C","839.88","","839.88","","","","","","","","OSM_GEOMETRY_ONLY","MISSING","","","","False","False","False","False","False","False","False","False","False","WITHHELD","WITHHELD","WITHHELD","VERIFIED_ENGINEERING_EVIDENCE_REQUIRED","ALL_BRIDGES"
"AP_BR_CAN2_00469","Sompeta - Kaviti - Edupuram Road","ROAD","","19.077197","84.701175","SH82","553.59","","553.59","","","","","","","","OSM_GEOMETRY_ONLY","MISSING","","","","False","False","False","False","False","False","False","False","False","WITHHELD","WITHHELD","WITHHELD","VERIFIED_ENGINEERING_EVIDENCE_REQUIRED","ALL_BRIDGES"
"AP_BR_CAN2_00242","Sri Kala Hasthi Main Road","ROAD","","13.753491","79.698242","SH480","448.93","","448.93","","","","","","","","OSM_GEOMETRY_ONLY","MISSING","","","","False","False","False","False","False","False","False","False","False","WITHHELD","WITHHELD","WITHHELD","VERIFIED_ENGINEERING_EVIDENCE_REQUIRED","ALL_BRIDGES"
"AP_BR_CAN2_00249","Srikakulam Road","ROAD","","18.304941","83.889808","MDR06","494.14","","494.14","","","","","","","","OSM_GEOMETRY_ONLY","MISSING","","","","False","False","False","False","False","False","False","False","False","WITHHELD","WITHHELD","WITHHELD","VERIFIED_ENGINEERING_EVIDENCE_REQUIRED","ALL_BRIDGES"
"AP_BR_CAN2_00076","Srinivasa Sethu / Garuda Varadhi","ROAD","","13.636514","79.428291","","8032.95","7000","7000","","","","","","2023","3","VERIFIED_PROJECT_ENGINEERING_EVIDENCE","MISSING","CONSTRUCTION_COMPLETION_INSPECTION","Tirumala Tirupati Devasthanams","VERIFIED_CONSTRUCTION_STAGE","True","False","False","False","False","False","False","False","False","WITHHELD","WITHHELD","WITHHELD","CURRENT_STRUCTURAL_INSPECTION_REQUIRED","ALL_BRIDGES"
"AP_BR_CAN2_00395","Suryarao Palem Bridge","ROAD","","16.796506","81.665095","","22.76","","22.76","","","","","","","","OSM_GEOMETRY_ONLY","MISSING","","","","False","False","False","False","False","False","False","False","False","WITHHELD","WITHHELD","WITHHELD","VERIFIED_ENGINEERING_EVIDENCE_REQUIRED","ALL_BRIDGES"
"AP_BR_CAN2_00283","Tadepallegudem Bypass","ROAD","","16.812906","81.574296","NH216A","311.33","","311.33","","","","","","","","OSM_GEOMETRY_ONLY","MISSING","","","","False","False","False","False","False","False","False","False","False","WITHHELD","WITHHELD","WITHHELD","VERIFIED_ENGINEERING_EVIDENCE_REQUIRED","ALL_BRIDGES"
"AP_BR_CAN2_00422","Tadepalligudem - Eluru Road","ROAD","","16.810704","81.517045","MDR01","718.21","","718.21","","","","","","","","OSM_GEOMETRY_ONLY","MISSING","","","","False","False","False","False","False","False","False","False","False","WITHHELD","WITHHELD","WITHHELD","VERIFIED_ENGINEERING_EVIDENCE_REQUIRED","ALL_BRIDGES"
"AP_BR_CAN2_00124","Tadipatri Main Road","ROAD","","14.922265","78.01492","","1100.81","","1100.81","","","","","","","","OSM_GEOMETRY_ONLY","MISSING","","","","False","False","False","False","False","False","False","False","False","WITHHELD","WITHHELD","WITHHELD","VERIFIED_ENGINEERING_EVIDENCE_REQUIRED","ALL_BRIDGES"
"AP_BR_CAN2_00342","Tadipatri Road","ROAD","","14.915728","78.000217","","642.34","","642.34","","","","","","","","OSM_GEOMETRY_ONLY","MISSING","","","","False","False","False","False","False","False","False","False","False","WITHHELD","WITHHELD","WITHHELD","VERIFIED_ENGINEERING_EVIDENCE_REQUIRED","ALL_BRIDGES"
"AP_BR_CAN2_00394","Telugu Talli Flyover","ROAD","","17.724932","83.302948","","2898.54","","2898.54","","","","","","","","OSM_GEOMETRY_ONLY","MISSING","","","","False","False","False","False","False","False","False","False","False","WITHHELD","WITHHELD","WITHHELD","VERIFIED_ENGINEERING_EVIDENCE_REQUIRED","ALL_BRIDGES"
"AP_BR_CAN2_00254","Temburu - Hiramandalam Road","ROAD","","18.688779","83.962105","SH101","486.83","","486.83","","","","","","","","OSM_GEOMETRY_ONLY","MISSING","","","","False","False","False","False","False","False","False","False","False","WITHHELD","WITHHELD","WITHHELD","VERIFIED_ENGINEERING_EVIDENCE_REQUIRED","ALL_BRIDGES"
"AP_BR_CAN2_00403","Tenali - Mangalagiri Road","ROAD","","16.409471","80.613536","SH316","443.16","","443.16","","","","","","","","OSM_GEOMETRY_ONLY","MISSING","","","","False","False","False","False","False","False","False","False","False","WITHHELD","WITHHELD","WITHHELD","VERIFIED_ENGINEERING_EVIDENCE_REQUIRED","ALL_BRIDGES"
"AP_BR_CAN2_00402","Tenali - Mangalagiri Road","ROAD","","16.426357","80.577559","SH316","915.45","","915.45","","","","","","","","OSM_GEOMETRY_ONLY","MISSING","","","","False","False","False","False","False","False","False","False","False","WITHHELD","WITHHELD","WITHHELD","VERIFIED_ENGINEERING_EVIDENCE_REQUIRED","ALL_BRIDGES"
"AP_BR_CAN2_00517","Tenali - Narakoduru Road","ROAD","","16.238236","80.641738","SH261","492.91","","492.91","","","","","","","","OSM_GEOMETRY_ONLY","MISSING","","","","False","False","False","False","False","False","False","False","False","WITHHELD","WITHHELD","WITHHELD","VERIFIED_ENGINEERING_EVIDENCE_REQUIRED","ALL_BRIDGES"
"AP_BR_CAN2_00447","Tiruchanur Flyover","ROAD","","13.611155","79.443473","NH71","2297.99","","2297.99","","","","","","","","OSM_GEOMETRY_ONLY","MISSING","","","","False","False","False","False","False","False","False","False","False","WITHHELD","WITHHELD","WITHHELD","VERIFIED_ENGINEERING_EVIDENCE_REQUIRED","ALL_BRIDGES"
"AP_BR_CAN2_00019","Tirupati Bypass","ROAD","","13.591894","79.345715","NH140","598.38","","598.38","","","","","","","","OSM_GEOMETRY_ONLY","MISSING","","","","False","False","False","False","False","False","False","False","False","WITHHELD","WITHHELD","WITHHELD","VERIFIED_ENGINEERING_EVIDENCE_REQUIRED","ALL_BRIDGES"
"AP_BR_CAN2_00002","Unnamed Rail Bridge - OSM 100019088","RAIL","","14.626759","77.607352","","303.64","","303.64","","","","","","","","OSM_GEOMETRY_ONLY","MISSING","","","","False","False","False","False","False","False","False","False","False","WITHHELD","WITHHELD","WITHHELD","VERIFIED_ENGINEERING_EVIDENCE_REQUIRED","ALL_BRIDGES"
"AP_BR_CAN2_00003","Unnamed Rail Bridge - OSM 100019102","RAIL","","14.626686","77.607282","","303.63","","303.63","","","","","","","","OSM_GEOMETRY_ONLY","MISSING","","","","False","False","False","False","False","False","False","False","False","WITHHELD","WITHHELD","WITHHELD","VERIFIED_ENGINEERING_EVIDENCE_REQUIRED","ALL_BRIDGES"
"AP_BR_CAN2_00012","Unnamed Rail Bridge - OSM 1042518769","RAIL","","16.687586","82.044324","","2651.77","","2651.77","","","","","","","","OSM_GEOMETRY_ONLY","MISSING","","","","False","False","False","False","False","False","False","False","False","WITHHELD","WITHHELD","WITHHELD","VERIFIED_ENGINEERING_EVIDENCE_REQUIRED","ALL_BRIDGES"
"AP_BR_CAN2_00037","Unnamed Rail Bridge - OSM 1076454897","RAIL","","15.460841","79.558399","","482.23","","482.23","","","","","","","","OSM_GEOMETRY_ONLY","MISSING","","","","False","False","False","False","False","False","False","False","False","WITHHELD","WITHHELD","WITHHELD","VERIFIED_ENGINEERING_EVIDENCE_REQUIRED","ALL_BRIDGES"
"AP_BR_CAN2_00052","Unnamed Rail Bridge - OSM 1103996093","RAIL","","16.531593","81.958641","","1351.63","","1351.63","","","","","","","","OSM_GEOMETRY_ONLY","MISSING","","","","False","False","False","False","False","False","False","False","False","WITHHELD","WITHHELD","WITHHELD","VERIFIED_ENGINEERING_EVIDENCE_REQUIRED","ALL_BRIDGES"
"AP_BR_CAN2_00054","Unnamed Rail Bridge - OSM 1106236179","RAIL","","17.711277","83.26302","","325.61","","325.61","","","","","","","","OSM_GEOMETRY_ONLY","MISSING","","","","False","False","False","False","False","False","False","False","False","WITHHELD","WITHHELD","WITHHELD","VERIFIED_ENGINEERING_EVIDENCE_REQUIRED","ALL_BRIDGES"
"AP_BR_CAN2_00058","Unnamed Rail Bridge - OSM 114419893","RAIL","","14.587272","78.680864","","672.1","","672.1","","","","","","","","OSM_GEOMETRY_ONLY","MISSING","","","","False","False","False","False","False","False","False","False","False","WITHHELD","WITHHELD","WITHHELD","VERIFIED_ENGINEERING_EVIDENCE_REQUIRED","ALL_BRIDGES"
"AP_BR_CAN2_00059","Unnamed Rail Bridge - OSM 114419922","RAIL","","14.742484","78.51937","","771.4","","771.4","","","","","","","","OSM_GEOMETRY_ONLY","MISSING","","","","False","False","False","False","False","False","False","False","False","WITHHELD","WITHHELD","WITHHELD","VERIFIED_ENGINEERING_EVIDENCE_REQUIRED","ALL_BRIDGES"
"AP_BR_CAN2_00060","Unnamed Rail Bridge - OSM 114419939","RAIL","","14.256641","79.109192","","1089.8","","1089.8","","","","","","","","OSM_GEOMETRY_ONLY","MISSING","","","","False","False","False","False","False","False","False","False","False","WITHHELD","WITHHELD","WITHHELD","VERIFIED_ENGINEERING_EVIDENCE_REQUIRED","ALL_BRIDGES"
"AP_BR_CAN2_00067","Unnamed Rail Bridge - OSM 1188698420","RAIL","","14.935996","77.575772","","515.83","","515.83","","","","","","","","OSM_GEOMETRY_ONLY","MISSING","","","","False","False","False","False","False","False","False","False","False","WITHHELD","WITHHELD","WITHHELD","VERIFIED_ENGINEERING_EVIDENCE_REQUIRED","ALL_BRIDGES"
"AP_BR_CAN2_00068","Unnamed Rail Bridge - OSM 1188698421","RAIL","","14.935972","77.575715","","517.38","","517.38","","","","","","","","OSM_GEOMETRY_ONLY","MISSING","","","","False","False","False","False","False","False","False","False","False","WITHHELD","WITHHELD","WITHHELD","VERIFIED_ENGINEERING_EVIDENCE_REQUIRED","ALL_BRIDGES"
"AP_BR_CAN2_00239","Unnamed Rail Bridge - OSM 155576331","RAIL","","16.876946","80.094389","","330.76","","330.76","","","","","","","","OSM_GEOMETRY_ONLY","MISSING","","","","False","False","False","False","False","False","False","False","False","WITHHELD","WITHHELD","WITHHELD","VERIFIED_ENGINEERING_EVIDENCE_REQUIRED","ALL_BRIDGES"
"AP_BR_CAN2_00240","Unnamed Rail Bridge - OSM 158323674","RAIL","","15.956799","77.301959","","947.91","","947.91","","","","","","","","OSM_GEOMETRY_ONLY","MISSING","","","","False","False","False","False","False","False","False","False","False","WITHHELD","WITHHELD","WITHHELD","VERIFIED_ENGINEERING_EVIDENCE_REQUIRED","ALL_BRIDGES"
"AP_BR_CAN2_00317","Unnamed Rail Bridge - OSM 245320171","RAIL","","16.679236","79.655355","","491.45","","491.45","","","","","","","","OSM_GEOMETRY_ONLY","MISSING","","","","False","False","False","False","False","False","False","False","False","WITHHELD","WITHHELD","WITHHELD","VERIFIED_ENGINEERING_EVIDENCE_REQUIRED","ALL_BRIDGES"
"AP_BR_CAN2_00320","Unnamed Rail Bridge - OSM 245536029","RAIL","","14.780353","78.172273","","567.09","","567.09","","","","","","","","OSM_GEOMETRY_ONLY","MISSING","","","","False","False","False","False","False","False","False","False","False","WITHHELD","WITHHELD","WITHHELD","VERIFIED_ENGINEERING_EVIDENCE_REQUIRED","ALL_BRIDGES"
"AP_BR_CAN2_00321","Unnamed Rail Bridge - OSM 245536031","RAIL","","14.958369","77.913787","","572.41","","572.41","","","","","","","","OSM_GEOMETRY_ONLY","MISSING","","","","False","False","False","False","False","False","False","False","False","WITHHELD","WITHHELD","WITHHELD","VERIFIED_ENGINEERING_EVIDENCE_REQUIRED","ALL_BRIDGES"
"AP_BR_CAN2_00322","Unnamed Rail Bridge - OSM 245536040","RAIL","","14.958369","77.91373","","573.51","","573.51","","","","","","","","OSM_GEOMETRY_ONLY","MISSING","","","","False","False","False","False","False","False","False","False","False","WITHHELD","WITHHELD","WITHHELD","VERIFIED_ENGINEERING_EVIDENCE_REQUIRED","ALL_BRIDGES"
"AP_BR_CAN2_00323","Unnamed Rail Bridge - OSM 245590217","RAIL","","14.587471","78.68021","","674.09","","674.09","","","","","","","","OSM_GEOMETRY_ONLY","MISSING","","","","False","False","False","False","False","False","False","False","False","WITHHELD","WITHHELD","WITHHELD","VERIFIED_ENGINEERING_EVIDENCE_REQUIRED","ALL_BRIDGES"
"AP_BR_CAN2_00324","Unnamed Rail Bridge - OSM 245598686","RAIL","","14.256619","79.109138","","1092.02","","1092.02","","","","","","","","OSM_GEOMETRY_ONLY","MISSING","","","","False","False","False","False","False","False","False","False","False","WITHHELD","WITHHELD","WITHHELD","VERIFIED_ENGINEERING_EVIDENCE_REQUIRED","ALL_BRIDGES"
"AP_BR_CAN2_00325","Unnamed Rail Bridge - OSM 245634988","RAIL","","13.403193","79.554474","","21588.35","","21588.35","","","","","","","","OSM_GEOMETRY_ONLY","MISSING","","","","False","False","False","False","False","False","False","False","False","WITHHELD","WITHHELD","WITHHELD","VERIFIED_ENGINEERING_EVIDENCE_REQUIRED","ALL_BRIDGES"
"AP_BR_CAN2_00347","Unnamed Rail Bridge - OSM 293711605","RAIL","","15.957264","77.302044","","951.58","","951.58","","","","","","","","OSM_GEOMETRY_ONLY","MISSING","","","","False","False","False","False","False","False","False","False","False","WITHHELD","WITHHELD","WITHHELD","VERIFIED_ENGINEERING_EVIDENCE_REQUIRED","ALL_BRIDGES"
"AP_BR_CAN2_00375","Unnamed Rail Bridge - OSM 374253631","RAIL","","15.831979","78.032225","","977.88","","977.88","","","","","","","","OSM_GEOMETRY_ONLY","MISSING","","","","False","False","False","False","False","False","False","False","False","WITHHELD","WITHHELD","WITHHELD","VERIFIED_ENGINEERING_EVIDENCE_REQUIRED","ALL_BRIDGES"
"AP_BR_CAN2_00401","Unnamed Rail Bridge - OSM 47414450","RAIL","","14.936352","77.57599","","531.19","","531.19","","","","","","","","OSM_GEOMETRY_ONLY","MISSING","","","","False","False","False","False","False","False","False","False","False","WITHHELD","WITHHELD","WITHHELD","VERIFIED_ENGINEERING_EVIDENCE_REQUIRED","ALL_BRIDGES"
"AP_BR_CAN2_00482","Unnamed Rail Bridge - OSM 661308013","RAIL","","14.936085","77.575942","","522.34","","522.34","","","","","","","","OSM_GEOMETRY_ONLY","MISSING","","","","False","False","False","False","False","False","False","False","False","WITHHELD","WITHHELD","WITHHELD","VERIFIED_ENGINEERING_EVIDENCE_REQUIRED","ALL_BRIDGES"
"AP_BR_CAN2_00486","Unnamed Rail Bridge - OSM 66763306","RAIL","","16.943135","80.22292","","766.1","","766.1","","","","","","","","OSM_GEOMETRY_ONLY","MISSING","","","","False","False","False","False","False","False","False","False","False","WITHHELD","WITHHELD","WITHHELD","VERIFIED_ENGINEERING_EVIDENCE_REQUIRED","ALL_BRIDGES"
"AP_BR_CAN2_00497","Unnamed Rail Bridge - OSM 715903605","RAIL","","13.659707","78.904135","","421.51","","421.51","","","","","","","","OSM_GEOMETRY_ONLY","MISSING","","","","False","False","False","False","False","False","False","False","False","WITHHELD","WITHHELD","WITHHELD","VERIFIED_ENGINEERING_EVIDENCE_REQUIRED","ALL_BRIDGES"
"AP_BR_CAN2_00507","Unnamed Rail Bridge - OSM 77770450","RAIL","","14.780227","78.172431","","563.58","","563.58","","","","","","","","OSM_GEOMETRY_ONLY","MISSING","","","","False","False","False","False","False","False","False","False","False","WITHHELD","WITHHELD","WITHHELD","VERIFIED_ENGINEERING_EVIDENCE_REQUIRED","ALL_BRIDGES"
"AP_BR_CAN2_00518","Unnamed Rail Bridge - OSM 808898742","RAIL","","14.676843","77.059136","","577.09","","577.09","","","","","","","","OSM_GEOMETRY_ONLY","MISSING","","","","False","False","False","False","False","False","False","False","False","WITHHELD","WITHHELD","WITHHELD","VERIFIED_ENGINEERING_EVIDENCE_REQUIRED","ALL_BRIDGES"
"AP_BR_CAN2_00577","Unnamed Rail Bridge - OSM 97471765","RAIL","","17.00742","81.754176","","2754.7","","2754.7","","","","","","","","OSM_GEOMETRY_ONLY","MISSING","","","","False","False","False","False","False","False","False","False","False","WITHHELD","WITHHELD","WITHHELD","VERIFIED_ENGINEERING_EVIDENCE_REQUIRED","ALL_BRIDGES"
"AP_BR_CAN2_00578","Unnamed Rail Bridge - OSM 97689881","RAIL","","15.848654","78.039415","","900.02","","900.02","","","","","","","","OSM_GEOMETRY_ONLY","MISSING","","","","False","False","False","False","False","False","False","False","False","WITHHELD","WITHHELD","WITHHELD","VERIFIED_ENGINEERING_EVIDENCE_REQUIRED","ALL_BRIDGES"
"AP_BR_CAN2_00004","Unnamed Road Bridge - OSM 101362718","ROAD","","16.576396","79.330336","NH565","382.7","","382.7","","","","","","","","OSM_GEOMETRY_ONLY","MISSING","","","","False","False","False","False","False","False","False","False","False","WITHHELD","WITHHELD","WITHHELD","VERIFIED_ENGINEERING_EVIDENCE_REQUIRED","ALL_BRIDGES"
"AP_BR_CAN2_00005","Unnamed Road Bridge - OSM 1021485901","ROAD","","14.574067","78.794019","NH40","689.54","","689.54","","","","","","","","OSM_GEOMETRY_ONLY","MISSING","","","","False","False","False","False","False","False","False","False","False","WITHHELD","WITHHELD","WITHHELD","VERIFIED_ENGINEERING_EVIDENCE_REQUIRED","ALL_BRIDGES"
"AP_BR_CAN2_00006","Unnamed Road Bridge - OSM 1031456536","ROAD","","16.934272","81.950667","SH186","370.25","","370.25","","","","","","","","OSM_GEOMETRY_ONLY","MISSING","","","","False","False","False","False","False","False","False","False","False","WITHHELD","WITHHELD","WITHHELD","VERIFIED_ENGINEERING_EVIDENCE_REQUIRED","ALL_BRIDGES"
"AP_BR_CAN2_00008","Unnamed Road Bridge - OSM 103405799","ROAD","","16.674097","82.158156","NH216","281.03","","281.03","","","","","","","","OSM_GEOMETRY_ONLY","MISSING","","","","False","False","False","False","False","False","False","False","False","WITHHELD","WITHHELD","WITHHELD","VERIFIED_ENGINEERING_EVIDENCE_REQUIRED","ALL_BRIDGES"
"AP_BR_CAN2_00009","Unnamed Road Bridge - OSM 103405824","ROAD","","16.718017","82.201386","NH216","1813.08","","1813.08","","","","","","","","OSM_GEOMETRY_ONLY","MISSING","","","","False","False","False","False","False","False","False","False","False","WITHHELD","WITHHELD","WITHHELD","VERIFIED_ENGINEERING_EVIDENCE_REQUIRED","ALL_BRIDGES"
"AP_BR_CAN2_00010","Unnamed Road Bridge - OSM 103406574","ROAD","","16.452296","81.783777","NH216","1261.72","","1261.72","","","","","","","","OSM_GEOMETRY_ONLY","MISSING","","","","False","False","False","False","False","False","False","False","False","WITHHELD","WITHHELD","WITHHELD","VERIFIED_ENGINEERING_EVIDENCE_REQUIRED","ALL_BRIDGES"
"AP_BR_CAN2_00015","Unnamed Road Bridge - OSM 1066618668","ROAD","","15.709005","80.251233","NH216","1034.96","","1034.96","","","","","","","","OSM_GEOMETRY_ONLY","MISSING","","","","False","False","False","False","False","False","False","False","False","WITHHELD","WITHHELD","WITHHELD","VERIFIED_ENGINEERING_EVIDENCE_REQUIRED","ALL_BRIDGES"
"AP_BR_CAN2_00016","Unnamed Road Bridge - OSM 1066619786","ROAD","","15.680665","80.214437","NH216","191.57","","191.57","","","","","","","","OSM_GEOMETRY_ONLY","MISSING","","","","False","False","False","False","False","False","False","False","False","WITHHELD","WITHHELD","WITHHELD","VERIFIED_ENGINEERING_EVIDENCE_REQUIRED","ALL_BRIDGES"
"AP_BR_CAN2_00017","Unnamed Road Bridge - OSM 1066619803","ROAD","","15.681212","80.207357","NH216","293.63","","293.63","","","","","","","","OSM_GEOMETRY_ONLY","MISSING","","","","False","False","False","False","False","False","False","False","False","WITHHELD","WITHHELD","WITHHELD","VERIFIED_ENGINEERING_EVIDENCE_REQUIRED","ALL_BRIDGES"
"AP_BR_CAN2_00018","Unnamed Road Bridge - OSM 1066627959","ROAD","","15.950177","80.563307","NH216","150.07","","150.07","","","","","","","","OSM_GEOMETRY_ONLY","MISSING","","","","False","False","False","False","False","False","False","False","False","WITHHELD","WITHHELD","WITHHELD","VERIFIED_ENGINEERING_EVIDENCE_REQUIRED","ALL_BRIDGES"
"AP_BR_CAN2_00020","Unnamed Road Bridge - OSM 1066705679","ROAD","","13.285704","79.047318","NH140","501.65","","501.65","","","","","","","","OSM_GEOMETRY_ONLY","MISSING","","","","False","False","False","False","False","False","False","False","False","WITHHELD","WITHHELD","WITHHELD","VERIFIED_ENGINEERING_EVIDENCE_REQUIRED","ALL_BRIDGES"
"AP_BR_CAN2_00021","Unnamed Road Bridge - OSM 1066705680","ROAD","","13.285705","79.047172","NH140","504.6","","504.6","","","","","","","","OSM_GEOMETRY_ONLY","MISSING","","","","False","False","False","False","False","False","False","False","False","WITHHELD","WITHHELD","WITHHELD","VERIFIED_ENGINEERING_EVIDENCE_REQUIRED","ALL_BRIDGES"
"AP_BR_CAN2_00022","Unnamed Road Bridge - OSM 1066705691","ROAD","","13.273271","79.051167","NH140","201.19","","201.19","","","","","","","","OSM_GEOMETRY_ONLY","MISSING","","","","False","False","False","False","False","False","False","False","False","WITHHELD","WITHHELD","WITHHELD","VERIFIED_ENGINEERING_EVIDENCE_REQUIRED","ALL_BRIDGES"
"AP_BR_CAN2_00023","Unnamed Road Bridge - OSM 1066705692","ROAD","","13.273215","79.051026","NH140","201.03","","201.03","","","","","","","","OSM_GEOMETRY_ONLY","MISSING","","","","False","False","False","False","False","False","False","False","False","WITHHELD","WITHHELD","WITHHELD","VERIFIED_ENGINEERING_EVIDENCE_REQUIRED","ALL_BRIDGES"
"AP_BR_CAN2_00024","Unnamed Road Bridge - OSM 1066705695","ROAD","","13.2691","79.052913","NH140","301.69","","301.69","","","","","","","","OSM_GEOMETRY_ONLY","MISSING","","","","False","False","False","False","False","False","False","False","False","WITHHELD","WITHHELD","WITHHELD","VERIFIED_ENGINEERING_EVIDENCE_REQUIRED","ALL_BRIDGES"
"AP_BR_CAN2_00025","Unnamed Road Bridge - OSM 1066705696","ROAD","","13.269039","79.052769","NH140","300.46","","300.46","","","","","","","","OSM_GEOMETRY_ONLY","MISSING","","","","False","False","False","False","False","False","False","False","False","WITHHELD","WITHHELD","WITHHELD","VERIFIED_ENGINEERING_EVIDENCE_REQUIRED","ALL_BRIDGES"
"AP_BR_CAN2_00026","Unnamed Road Bridge - OSM 1066830024","ROAD","","13.315722","79.107386","NH 40","160.33","","160.33","","","","","","","","OSM_GEOMETRY_ONLY","MISSING","","","","False","False","False","False","False","False","False","False","False","WITHHELD","WITHHELD","WITHHELD","VERIFIED_ENGINEERING_EVIDENCE_REQUIRED","ALL_BRIDGES"
"AP_BR_CAN2_00027","Unnamed Road Bridge - OSM 1066830025","ROAD","","13.315826","79.10743","NH 40","160.57","","160.57","","","","","","","","OSM_GEOMETRY_ONLY","MISSING","","","","False","False","False","False","False","False","False","False","False","WITHHELD","WITHHELD","WITHHELD","VERIFIED_ENGINEERING_EVIDENCE_REQUIRED","ALL_BRIDGES"
"AP_BR_CAN2_00028","Unnamed Road Bridge - OSM 1070994745","ROAD","","14.559239","79.620492","MDR0139","1665.16","","1665.16","","","","","","","","OSM_GEOMETRY_ONLY","MISSING","","","","False","False","False","False","False","False","False","False","False","WITHHELD","WITHHELD","WITHHELD","VERIFIED_ENGINEERING_EVIDENCE_REQUIRED","ALL_BRIDGES"
"AP_BR_CAN2_00029","Unnamed Road Bridge - OSM 1071881617","ROAD","","14.602261","79.616863","MDR0138","282.61","","282.61","","","","","","","","OSM_GEOMETRY_ONLY","MISSING","","","","False","False","False","False","False","False","False","False","False","WITHHELD","WITHHELD","WITHHELD","VERIFIED_ENGINEERING_EVIDENCE_REQUIRED","ALL_BRIDGES"
"AP_BR_CAN2_00031","Unnamed Road Bridge - OSM 1072601275","ROAD","","13.284577","79.121738","NH40","183.84","","183.84","","","","","","","","OSM_GEOMETRY_ONLY","MISSING","","","","False","False","False","False","False","False","False","False","False","WITHHELD","WITHHELD","WITHHELD","VERIFIED_ENGINEERING_EVIDENCE_REQUIRED","ALL_BRIDGES"
"AP_BR_CAN2_00032","Unnamed Road Bridge - OSM 1072601276","ROAD","","13.284591","79.121839","NH40","183.87","","183.87","","","","","","","","OSM_GEOMETRY_ONLY","MISSING","","","","False","False","False","False","False","False","False","False","False","WITHHELD","WITHHELD","WITHHELD","VERIFIED_ENGINEERING_EVIDENCE_REQUIRED","ALL_BRIDGES"
"AP_BR_CAN2_00033","Unnamed Road Bridge - OSM 1072601308","ROAD","","13.275891","79.120861","NH40","191.83","","191.83","","","","","","","","OSM_GEOMETRY_ONLY","MISSING","","","","False","False","False","False","False","False","False","False","False","WITHHELD","WITHHELD","WITHHELD","VERIFIED_ENGINEERING_EVIDENCE_REQUIRED","ALL_BRIDGES"
"AP_BR_CAN2_00034","Unnamed Road Bridge - OSM 1072601309","ROAD","","13.275908","79.120736","NH40","191.17","","191.17","","","","","","","","OSM_GEOMETRY_ONLY","MISSING","","","","False","False","False","False","False","False","False","False","False","WITHHELD","WITHHELD","WITHHELD","VERIFIED_ENGINEERING_EVIDENCE_REQUIRED","ALL_BRIDGES"
"AP_BR_CAN2_00035","Unnamed Road Bridge - OSM 1072601372","ROAD","","13.23996","79.114585","NH40","339.06","","339.06","","","","","","","","OSM_GEOMETRY_ONLY","MISSING","","","","False","False","False","False","False","False","False","False","False","WITHHELD","WITHHELD","WITHHELD","VERIFIED_ENGINEERING_EVIDENCE_REQUIRED","ALL_BRIDGES"
"AP_BR_CAN2_00036","Unnamed Road Bridge - OSM 1072601373","ROAD","","13.239922","79.11445","NH40","345.75","","345.75","","","","","","","","OSM_GEOMETRY_ONLY","MISSING","","","","False","False","False","False","False","False","False","False","False","WITHHELD","WITHHELD","WITHHELD","VERIFIED_ENGINEERING_EVIDENCE_REQUIRED","ALL_BRIDGES"
"AP_BR_CAN2_00038","Unnamed Road Bridge - OSM 1086853798","ROAD","","17.894614","83.377121","NH16","172.12","","172.12","","","","","","","","OSM_GEOMETRY_ONLY","MISSING","","","","False","False","False","False","False","False","False","False","False","WITHHELD","WITHHELD","WITHHELD","VERIFIED_ENGINEERING_EVIDENCE_REQUIRED","ALL_BRIDGES"
"AP_BR_CAN2_00039","Unnamed Road Bridge - OSM 1086853799","ROAD","","17.894718","83.377005","NH16","171.03","","171.03","","","","","","","","OSM_GEOMETRY_ONLY","MISSING","","","","False","False","False","False","False","False","False","False","False","WITHHELD","WITHHELD","WITHHELD","VERIFIED_ENGINEERING_EVIDENCE_REQUIRED","ALL_BRIDGES"
"AP_BR_CAN2_00040","Unnamed Road Bridge - OSM 1088411415","ROAD","","17.054216","81.57432","NH16","230.53","","230.53","","","","","","","","OSM_GEOMETRY_ONLY","MISSING","","","","False","False","False","False","False","False","False","False","False","WITHHELD","WITHHELD","WITHHELD","VERIFIED_ENGINEERING_EVIDENCE_REQUIRED","ALL_BRIDGES"
"AP_BR_CAN2_00041","Unnamed Road Bridge - OSM 1088411416","ROAD","","17.054015","81.5742","NH16","225.57","","225.57","","","","","","","","OSM_GEOMETRY_ONLY","MISSING","","","","False","False","False","False","False","False","False","False","False","WITHHELD","WITHHELD","WITHHELD","VERIFIED_ENGINEERING_EVIDENCE_REQUIRED","ALL_BRIDGES"
"AP_BR_CAN2_00042","Unnamed Road Bridge - OSM 1088463055","ROAD","","16.98101","81.461292","NH16","205.84","","205.84","","","","","","","","OSM_GEOMETRY_ONLY","MISSING","","","","False","False","False","False","False","False","False","False","False","WITHHELD","WITHHELD","WITHHELD","VERIFIED_ENGINEERING_EVIDENCE_REQUIRED","ALL_BRIDGES"
"AP_BR_CAN2_00043","Unnamed Road Bridge - OSM 1088463056","ROAD","","16.98106","81.461142","NH16","205.85","","205.85","","","","","","","","OSM_GEOMETRY_ONLY","MISSING","","","","False","False","False","False","False","False","False","False","False","WITHHELD","WITHHELD","WITHHELD","VERIFIED_ENGINEERING_EVIDENCE_REQUIRED","ALL_BRIDGES"
"AP_BR_CAN2_00044","Unnamed Road Bridge - OSM 1088774333","ROAD","","16.969378","81.436679","NH16","741.8","","741.8","","","","","","","","OSM_GEOMETRY_ONLY","MISSING","","","","False","False","False","False","False","False","False","False","False","WITHHELD","WITHHELD","WITHHELD","VERIFIED_ENGINEERING_EVIDENCE_REQUIRED","ALL_BRIDGES"
"AP_BR_CAN2_00045","Unnamed Road Bridge - OSM 1088796722","ROAD","","16.966524","81.432126","NH16","164.59","","164.59","","","","","","","","OSM_GEOMETRY_ONLY","MISSING","","","","False","False","False","False","False","False","False","False","False","WITHHELD","WITHHELD","WITHHELD","VERIFIED_ENGINEERING_EVIDENCE_REQUIRED","ALL_BRIDGES"
"AP_BR_CAN2_00046","Unnamed Road Bridge - OSM 1088796723","ROAD","","16.966762","81.432178","NH16","169.47","","169.47","","","","","","","","OSM_GEOMETRY_ONLY","MISSING","","","","False","False","False","False","False","False","False","False","False","WITHHELD","WITHHELD","WITHHELD","VERIFIED_ENGINEERING_EVIDENCE_REQUIRED","ALL_BRIDGES"
"AP_BR_CAN2_00047","Unnamed Road Bridge - OSM 1089450097","ROAD","","16.829109","81.250246","NH16","228.01","","228.01","","","","","","","","OSM_GEOMETRY_ONLY","MISSING","","","","False","False","False","False","False","False","False","False","False","WITHHELD","WITHHELD","WITHHELD","VERIFIED_ENGINEERING_EVIDENCE_REQUIRED","ALL_BRIDGES"
"AP_BR_CAN2_00048","Unnamed Road Bridge - OSM 1089450098","ROAD","","16.829193","81.250114","NH16","233.09","","233.09","","","","","","","","OSM_GEOMETRY_ONLY","MISSING","","","","False","False","False","False","False","False","False","False","False","WITHHELD","WITHHELD","WITHHELD","VERIFIED_ENGINEERING_EVIDENCE_REQUIRED","ALL_BRIDGES"
"AP_BR_CAN2_00049","Unnamed Road Bridge - OSM 1095506582","ROAD","","15.713994","77.969966","SH29","333.64","","333.64","","","","","","","","OSM_GEOMETRY_ONLY","MISSING","","","","False","False","False","False","False","False","False","False","False","WITHHELD","WITHHELD","WITHHELD","VERIFIED_ENGINEERING_EVIDENCE_REQUIRED","ALL_BRIDGES"
"AP_BR_CAN2_00053","Unnamed Road Bridge - OSM 1104208218","ROAD","","16.446303","81.779103","NH216","1435.99","","1435.99","","","","","","","","OSM_GEOMETRY_ONLY","MISSING","","","","False","False","False","False","False","False","False","False","False","WITHHELD","WITHHELD","WITHHELD","VERIFIED_ENGINEERING_EVIDENCE_REQUIRED","ALL_BRIDGES"
"AP_BR_CAN2_00057","Unnamed Road Bridge - OSM 1118013452","ROAD","","13.889109","78.998065","MDR0285","271.59","","271.59","","","","","","","","OSM_GEOMETRY_ONLY","MISSING","","","","False","False","False","False","False","False","False","False","False","WITHHELD","WITHHELD","WITHHELD","VERIFIED_ENGINEERING_EVIDENCE_REQUIRED","ALL_BRIDGES"
"AP_BR_CAN2_00066","Unnamed Road Bridge - OSM 1188578138","ROAD","","14.893301","78.618606","MDR074","313.94","","313.94","","","","","","","","OSM_GEOMETRY_ONLY","MISSING","","","","False","False","False","False","False","False","False","False","False","WITHHELD","WITHHELD","WITHHELD","VERIFIED_ENGINEERING_EVIDENCE_REQUIRED","ALL_BRIDGES"
"AP_BR_CAN2_00069","Unnamed Road Bridge - OSM 1189102815","ROAD","","16.162472","81.102167","NH216","155.95","","155.95","","","","","","","","OSM_GEOMETRY_ONLY","MISSING","","","","False","False","False","False","False","False","False","False","False","WITHHELD","WITHHELD","WITHHELD","VERIFIED_ENGINEERING_EVIDENCE_REQUIRED","ALL_BRIDGES"
"AP_BR_CAN2_00070","Unnamed Road Bridge - OSM 1189228166","ROAD","","14.764065","78.523346","SH57","785.19","","785.19","","","","","","","","OSM_GEOMETRY_ONLY","MISSING","","","","False","False","False","False","False","False","False","False","False","WITHHELD","WITHHELD","WITHHELD","VERIFIED_ENGINEERING_EVIDENCE_REQUIRED","ALL_BRIDGES"
"AP_BR_CAN2_00071","Unnamed Road Bridge - OSM 1189228179","ROAD","","14.763989","78.523145","SH57","787.52","","787.52","","","","","","","","OSM_GEOMETRY_ONLY","MISSING","","","","False","False","False","False","False","False","False","False","False","WITHHELD","WITHHELD","WITHHELD","VERIFIED_ENGINEERING_EVIDENCE_REQUIRED","ALL_BRIDGES"
"AP_BR_CAN2_00072","Unnamed Road Bridge - OSM 1192474763","ROAD","","18.46739","84.061914","NH326A","659.85","","659.85","","","","","","","","OSM_GEOMETRY_ONLY","MISSING","","","","False","False","False","False","False","False","False","False","False","WITHHELD","WITHHELD","WITHHELD","VERIFIED_ENGINEERING_EVIDENCE_REQUIRED","ALL_BRIDGES"
"AP_BR_CAN2_00073","Unnamed Road Bridge - OSM 1196683907","ROAD","","17.173157","82.057041","NH16","243.64","","243.64","","","","","","","","OSM_GEOMETRY_ONLY","MISSING","","","","False","False","False","False","False","False","False","False","False","WITHHELD","WITHHELD","WITHHELD","VERIFIED_ENGINEERING_EVIDENCE_REQUIRED","ALL_BRIDGES"
"AP_BR_CAN2_00074","Unnamed Road Bridge - OSM 1196683908","ROAD","","17.173053","82.057083","NH16","242.64","","242.64","","","","","","","","OSM_GEOMETRY_ONLY","MISSING","","","","False","False","False","False","False","False","False","False","False","WITHHELD","WITHHELD","WITHHELD","VERIFIED_ENGINEERING_EVIDENCE_REQUIRED","ALL_BRIDGES"
"AP_BR_CAN2_00075","Unnamed Road Bridge - OSM 1202570823","ROAD","","14.619453","77.619115","NH42","1234.94","","1234.94","","","","","","","","OSM_GEOMETRY_ONLY","MISSING","","","","False","False","False","False","False","False","False","False","False","WITHHELD","WITHHELD","WITHHELD","VERIFIED_ENGINEERING_EVIDENCE_REQUIRED","ALL_BRIDGES"
"AP_BR_CAN2_00078","Unnamed Road Bridge - OSM 1212177602","ROAD","","18.505209","83.195486","NH26","166.97","","166.97","","","","","","","","OSM_GEOMETRY_ONLY","MISSING","","","","False","False","False","False","False","False","False","False","False","WITHHELD","WITHHELD","WITHHELD","VERIFIED_ENGINEERING_EVIDENCE_REQUIRED","ALL_BRIDGES"
"AP_BR_CAN2_00083","Unnamed Road Bridge - OSM 1230518179","ROAD","","14.773576","78.143438","NH67;NH544D","585.63","","585.63","","","","","","","","OSM_GEOMETRY_ONLY","MISSING","","","","False","False","False","False","False","False","False","False","False","WITHHELD","WITHHELD","WITHHELD","VERIFIED_ENGINEERING_EVIDENCE_REQUIRED","ALL_BRIDGES"
"AP_BR_CAN2_00086","Unnamed Road Bridge - OSM 1237977749","ROAD","","17.694572","83.03002","NH16","203.78","","203.78","","","","","","","","OSM_GEOMETRY_ONLY","MISSING","","","","False","False","False","False","False","False","False","False","False","WITHHELD","WITHHELD","WITHHELD","VERIFIED_ENGINEERING_EVIDENCE_REQUIRED","ALL_BRIDGES"
"AP_BR_CAN2_00087","Unnamed Road Bridge - OSM 1237977751","ROAD","","17.694595","83.029884","NH16","198.1","","198.1","","","","","","","","OSM_GEOMETRY_ONLY","MISSING","","","","False","False","False","False","False","False","False","False","False","WITHHELD","WITHHELD","WITHHELD","VERIFIED_ENGINEERING_EVIDENCE_REQUIRED","ALL_BRIDGES"
"AP_BR_CAN2_00089","Unnamed Road Bridge - OSM 1240072390","ROAD","","18.052518","83.01367","MDR084","274.76","","274.76","","","","","","","","OSM_GEOMETRY_ONLY","MISSING","","","","False","False","False","False","False","False","False","False","False","WITHHELD","WITHHELD","WITHHELD","VERIFIED_ENGINEERING_EVIDENCE_REQUIRED","ALL_BRIDGES"
"AP_BR_CAN2_00090","Unnamed Road Bridge - OSM 1240922185","ROAD","","15.042127","78.540683","NH40;NH544F","194.07","","194.07","","","","","","","","OSM_GEOMETRY_ONLY","MISSING","","","","False","False","False","False","False","False","False","False","False","WITHHELD","WITHHELD","WITHHELD","VERIFIED_ENGINEERING_EVIDENCE_REQUIRED","ALL_BRIDGES"
"AP_BR_CAN2_00091","Unnamed Road Bridge - OSM 1240922187","ROAD","","15.042221","78.540767","NH40;NH544F","204.8","","204.8","","","","","","","","OSM_GEOMETRY_ONLY","MISSING","","","","False","False","False","False","False","False","False","False","False","WITHHELD","WITHHELD","WITHHELD","VERIFIED_ENGINEERING_EVIDENCE_REQUIRED","ALL_BRIDGES"
"AP_BR_CAN2_00097","Unnamed Road Bridge - OSM 1247725666","ROAD","","16.692329","79.817099","","903.65","","903.65","","","","","","","","OSM_GEOMETRY_ONLY","MISSING","","","","False","False","False","False","False","False","False","False","False","WITHHELD","WITHHELD","WITHHELD","VERIFIED_ENGINEERING_EVIDENCE_REQUIRED","ALL_BRIDGES"
"AP_BR_CAN2_00101","Unnamed Road Bridge - OSM 1249951599","ROAD","","18.16855","83.366174","NH26","151.56","","151.56","","","","","","","","OSM_GEOMETRY_ONLY","MISSING","","","","False","False","False","False","False","False","False","False","False","WITHHELD","WITHHELD","WITHHELD","VERIFIED_ENGINEERING_EVIDENCE_REQUIRED","ALL_BRIDGES"
"AP_BR_CAN2_00102","Unnamed Road Bridge - OSM 1249951601","ROAD","","18.168625","83.366078","NH26","158.53","","158.53","","","","","","","","OSM_GEOMETRY_ONLY","MISSING","","","","False","False","False","False","False","False","False","False","False","WITHHELD","WITHHELD","WITHHELD","VERIFIED_ENGINEERING_EVIDENCE_REQUIRED","ALL_BRIDGES"
"AP_BR_CAN2_00103","Unnamed Road Bridge - OSM 1262299060","ROAD","","15.294646","79.466205","NH565","156.44","","156.44","","","","","","","","OSM_GEOMETRY_ONLY","MISSING","","","","False","False","False","False","False","False","False","False","False","WITHHELD","WITHHELD","WITHHELD","VERIFIED_ENGINEERING_EVIDENCE_REQUIRED","ALL_BRIDGES"
"AP_BR_CAN2_00105","Unnamed Road Bridge - OSM 1263217098","ROAD","","14.777656","78.452516","MDR0326","665.16","","665.16","","","","","","","","OSM_GEOMETRY_ONLY","MISSING","","","","False","False","False","False","False","False","False","False","False","WITHHELD","WITHHELD","WITHHELD","VERIFIED_ENGINEERING_EVIDENCE_REQUIRED","ALL_BRIDGES"
"AP_BR_CAN2_00109","Unnamed Road Bridge - OSM 1270338013","ROAD","","13.838078","79.744302","MDR0214","399.25","","399.25","","","","","","","","OSM_GEOMETRY_ONLY","MISSING","","","","False","False","False","False","False","False","False","False","False","WITHHELD","WITHHELD","WITHHELD","VERIFIED_ENGINEERING_EVIDENCE_REQUIRED","ALL_BRIDGES"
"AP_BR_CAN2_00110","Unnamed Road Bridge - OSM 1270348870","ROAD","","13.871674","79.825603","","508.96","","508.96","","","","","","","","OSM_GEOMETRY_ONLY","MISSING","","","","False","False","False","False","False","False","False","False","False","WITHHELD","WITHHELD","WITHHELD","VERIFIED_ENGINEERING_EVIDENCE_REQUIRED","ALL_BRIDGES"
"AP_BR_CAN2_00111","Unnamed Road Bridge - OSM 1270845091","ROAD","","14.841939","78.618967","MDR0230","268.75","","268.75","","","","","","","","OSM_GEOMETRY_ONLY","MISSING","","","","False","False","False","False","False","False","False","False","False","WITHHELD","WITHHELD","WITHHELD","VERIFIED_ENGINEERING_EVIDENCE_REQUIRED","ALL_BRIDGES"
"AP_BR_CAN2_00116","Unnamed Road Bridge - OSM 1282100895","ROAD","","17.292217","81.643249","","1143.16","","1143.16","","","","","","","","OSM_GEOMETRY_ONLY","MISSING","","","","False","False","False","False","False","False","False","False","False","WITHHELD","WITHHELD","WITHHELD","VERIFIED_ENGINEERING_EVIDENCE_REQUIRED","ALL_BRIDGES"
"AP_BR_CAN2_00118","Unnamed Road Bridge - OSM 1287674214","ROAD","","14.46963","79.984328","","645.21","","645.21","","","","","","","","OSM_GEOMETRY_ONLY","MISSING","","","","False","False","False","False","False","False","False","False","False","WITHHELD","WITHHELD","WITHHELD","VERIFIED_ENGINEERING_EVIDENCE_REQUIRED","ALL_BRIDGES"
"AP_BR_CAN2_00120","Unnamed Road Bridge - OSM 1292757619","ROAD","","15.129391","79.418887","NH565","153.41","","153.41","","","","","","","","OSM_GEOMETRY_ONLY","MISSING","","","","False","False","False","False","False","False","False","False","False","WITHHELD","WITHHELD","WITHHELD","VERIFIED_ENGINEERING_EVIDENCE_REQUIRED","ALL_BRIDGES"
"AP_BR_CAN2_00121","Unnamed Road Bridge - OSM 1295966710","ROAD","","16.5909","80.885532","NH16","335.7","","335.7","","","","","","","","OSM_GEOMETRY_ONLY","MISSING","","","","False","False","False","False","False","False","False","False","False","WITHHELD","WITHHELD","WITHHELD","VERIFIED_ENGINEERING_EVIDENCE_REQUIRED","ALL_BRIDGES"
"AP_BR_CAN2_00122","Unnamed Road Bridge - OSM 1295966711","ROAD","","16.590585","80.885407","NH16","337.23","","337.23","","","","","","","","OSM_GEOMETRY_ONLY","MISSING","","","","False","False","False","False","False","False","False","False","False","WITHHELD","WITHHELD","WITHHELD","VERIFIED_ENGINEERING_EVIDENCE_REQUIRED","ALL_BRIDGES"
"AP_BR_CAN2_00123","Unnamed Road Bridge - OSM 1295966712","ROAD","","16.592955","80.887608","NH16","255.51","","255.51","","","","","","","","OSM_GEOMETRY_ONLY","MISSING","","","","False","False","False","False","False","False","False","False","False","WITHHELD","WITHHELD","WITHHELD","VERIFIED_ENGINEERING_EVIDENCE_REQUIRED","ALL_BRIDGES"
"AP_BR_CAN2_00135","Unnamed Road Bridge - OSM 1323214353","ROAD","","14.751813","79.065975","NH67","3661.1","","3661.1","","","","","","","","OSM_GEOMETRY_ONLY","MISSING","","","","False","False","False","False","False","False","False","False","False","WITHHELD","WITHHELD","WITHHELD","VERIFIED_ENGINEERING_EVIDENCE_REQUIRED","ALL_BRIDGES"
"AP_BR_CAN2_00136","Unnamed Road Bridge - OSM 1332136325","ROAD","","16.45815","80.884435","","527.44","","527.44","","","","","","","","OSM_GEOMETRY_ONLY","MISSING","","","","False","False","False","False","False","False","False","False","False","WITHHELD","WITHHELD","WITHHELD","VERIFIED_ENGINEERING_EVIDENCE_REQUIRED","ALL_BRIDGES"
"AP_BR_CAN2_00137","Unnamed Road Bridge - OSM 1337306231","ROAD","","13.650083","79.54045","NH71","151.57","","151.57","","","","","","","","OSM_GEOMETRY_ONLY","MISSING","","","","False","False","False","False","False","False","False","False","False","WITHHELD","WITHHELD","WITHHELD","VERIFIED_ENGINEERING_EVIDENCE_REQUIRED","ALL_BRIDGES"
"AP_BR_CAN2_00138","Unnamed Road Bridge - OSM 1337311285","ROAD","","13.75947","79.683933","NH71","1211.44","","1211.44","","","","","","","","OSM_GEOMETRY_ONLY","MISSING","","","","False","False","False","False","False","False","False","False","False","WITHHELD","WITHHELD","WITHHELD","VERIFIED_ENGINEERING_EVIDENCE_REQUIRED","ALL_BRIDGES"
"AP_BR_CAN2_00139","Unnamed Road Bridge - OSM 1337311287","ROAD","","13.766991","79.699338","NH71","533.27","","533.27","","","","","","","","OSM_GEOMETRY_ONLY","MISSING","","","","False","False","False","False","False","False","False","False","False","WITHHELD","WITHHELD","WITHHELD","VERIFIED_ENGINEERING_EVIDENCE_REQUIRED","ALL_BRIDGES"
"AP_BR_CAN2_00140","Unnamed Road Bridge - OSM 1337311294","ROAD","","13.759353","79.684015","NH71","1202.39","","1202.39","","","","","","","","OSM_GEOMETRY_ONLY","MISSING","","","","False","False","False","False","False","False","False","False","False","WITHHELD","WITHHELD","WITHHELD","VERIFIED_ENGINEERING_EVIDENCE_REQUIRED","ALL_BRIDGES"
"AP_BR_CAN2_00141","Unnamed Road Bridge - OSM 1337971115","ROAD","","13.690518","79.591625","NH71","219.08","","219.08","","","","","","","","OSM_GEOMETRY_ONLY","MISSING","","","","False","False","False","False","False","False","False","False","False","WITHHELD","WITHHELD","WITHHELD","VERIFIED_ENGINEERING_EVIDENCE_REQUIRED","ALL_BRIDGES"
"AP_BR_CAN2_00142","Unnamed Road Bridge - OSM 1337971117","ROAD","","13.690378","79.591714","NH71","220.58","","220.58","","","","","","","","OSM_GEOMETRY_ONLY","MISSING","","","","False","False","False","False","False","False","False","False","False","WITHHELD","WITHHELD","WITHHELD","VERIFIED_ENGINEERING_EVIDENCE_REQUIRED","ALL_BRIDGES"
"AP_BR_CAN2_00143","Unnamed Road Bridge - OSM 1343068432","ROAD","","17.72591","83.209479","","940.22","","940.22","","","","","","","","OSM_GEOMETRY_ONLY","MISSING","","","","False","False","False","False","False","False","False","False","False","WITHHELD","WITHHELD","WITHHELD","VERIFIED_ENGINEERING_EVIDENCE_REQUIRED","ALL_BRIDGES"
"AP_BR_CAN2_00144","Unnamed Road Bridge - OSM 1350399234","ROAD","","15.469055","77.001517","SH299","267.83","","267.83","","","","","","","","OSM_GEOMETRY_ONLY","MISSING","","","","False","False","False","False","False","False","False","False","False","WITHHELD","WITHHELD","WITHHELD","VERIFIED_ENGINEERING_EVIDENCE_REQUIRED","ALL_BRIDGES"
"AP_BR_CAN2_00145","Unnamed Road Bridge - OSM 135363908","ROAD","","16.780741","81.857026","NH216A","2728.2","","2728.2","","","","","","","","OSM_GEOMETRY_ONLY","MISSING","","","","False","False","False","False","False","False","False","False","False","WITHHELD","WITHHELD","WITHHELD","VERIFIED_ENGINEERING_EVIDENCE_REQUIRED","ALL_BRIDGES"
"AP_BR_CAN2_00146","Unnamed Road Bridge - OSM 135953146","ROAD","","16.095962","78.911427","NH765","324.01","","324.01","","","","","","","","OSM_GEOMETRY_ONLY","MISSING","","","","False","False","False","False","False","False","False","False","False","WITHHELD","WITHHELD","WITHHELD","VERIFIED_ENGINEERING_EVIDENCE_REQUIRED","ALL_BRIDGES"
"AP_BR_CAN2_00149","Unnamed Road Bridge - OSM 1410443115","ROAD","","17.716405","83.290567","","736.84","","736.84","","","","","","","","OSM_GEOMETRY_ONLY","MISSING","","","","False","False","False","False","False","False","False","False","False","WITHHELD","WITHHELD","WITHHELD","VERIFIED_ENGINEERING_EVIDENCE_REQUIRED","ALL_BRIDGES"
"AP_BR_CAN2_00150","Unnamed Road Bridge - OSM 1427236212","ROAD","","15.17737","78.244649","","2558.14","","2558.14","","","","","","","","OSM_GEOMETRY_ONLY","MISSING","","","","False","False","False","False","False","False","False","False","False","WITHHELD","WITHHELD","WITHHELD","VERIFIED_ENGINEERING_EVIDENCE_REQUIRED","ALL_BRIDGES"
"AP_BR_CAN2_00151","Unnamed Road Bridge - OSM 1427243623","ROAD","","15.8001","78.03697","","673.02","","673.02","","","","","","","","OSM_GEOMETRY_ONLY","MISSING","","","","False","False","False","False","False","False","False","False","False","WITHHELD","WITHHELD","WITHHELD","VERIFIED_ENGINEERING_EVIDENCE_REQUIRED","ALL_BRIDGES"
"AP_BR_CAN2_00153","Unnamed Road Bridge - OSM 1432498513","ROAD","","14.704184","77.045369","NH544DD","299.75","","299.75","","","","","","","","OSM_GEOMETRY_ONLY","MISSING","","","","False","False","False","False","False","False","False","False","False","WITHHELD","WITHHELD","WITHHELD","VERIFIED_ENGINEERING_EVIDENCE_REQUIRED","ALL_BRIDGES"
"AP_BR_CAN2_00154","Unnamed Road Bridge - OSM 1435016759","ROAD","","14.752002","79.06536","NH67","3659.55","","3659.55","","","","","","","","OSM_GEOMETRY_ONLY","MISSING","","","","False","False","False","False","False","False","False","False","False","WITHHELD","WITHHELD","WITHHELD","VERIFIED_ENGINEERING_EVIDENCE_REQUIRED","ALL_BRIDGES"
"AP_BR_CAN2_00156","Unnamed Road Bridge - OSM 1443619362","ROAD","","14.773594","78.143584","NH67;NH544D","584.88","","584.88","","","","","","","","OSM_GEOMETRY_ONLY","MISSING","","","","False","False","False","False","False","False","False","False","False","WITHHELD","WITHHELD","WITHHELD","VERIFIED_ENGINEERING_EVIDENCE_REQUIRED","ALL_BRIDGES"
"AP_BR_CAN2_00157","Unnamed Road Bridge - OSM 1448580523","ROAD","","14.574282","79.747814","SH436","1341.31","","1341.31","","","","","","","","OSM_GEOMETRY_ONLY","MISSING","","","","False","False","False","False","False","False","False","False","False","WITHHELD","WITHHELD","WITHHELD","VERIFIED_ENGINEERING_EVIDENCE_REQUIRED","ALL_BRIDGES"
"AP_BR_CAN2_00158","Unnamed Road Bridge - OSM 1449642615","ROAD","","14.441821","79.986309","","726.97","","726.97","","","","","","","","OSM_GEOMETRY_ONLY","MISSING","","","","False","False","False","False","False","False","False","False","False","WITHHELD","WITHHELD","WITHHELD","VERIFIED_ENGINEERING_EVIDENCE_REQUIRED","ALL_BRIDGES"
"AP_BR_CAN2_00159","Unnamed Road Bridge - OSM 1450220899","ROAD","","18.362655","83.336549","NH26","232.13","","232.13","","","","","","","","OSM_GEOMETRY_ONLY","MISSING","","","","False","False","False","False","False","False","False","False","False","WITHHELD","WITHHELD","WITHHELD","VERIFIED_ENGINEERING_EVIDENCE_REQUIRED","ALL_BRIDGES"
"AP_BR_CAN2_00160","Unnamed Road Bridge - OSM 1450220900","ROAD","","18.364908","83.336012","NH26","291.49","","291.49","","","","","","","","OSM_GEOMETRY_ONLY","MISSING","","","","False","False","False","False","False","False","False","False","False","WITHHELD","WITHHELD","WITHHELD","VERIFIED_ENGINEERING_EVIDENCE_REQUIRED","ALL_BRIDGES"
"AP_BR_CAN2_00161","Unnamed Road Bridge - OSM 1451286794","ROAD","","15.840048","80.381762","NH167A","246.91","","246.91","","","","","","","","OSM_GEOMETRY_ONLY","MISSING","","","","False","False","False","False","False","False","False","False","False","WITHHELD","WITHHELD","WITHHELD","VERIFIED_ENGINEERING_EVIDENCE_REQUIRED","ALL_BRIDGES"
"AP_BR_CAN2_00163","Unnamed Road Bridge - OSM 1451530411","ROAD","","13.763728","78.291176","NH42","201.16","","201.16","","","","","","","","OSM_GEOMETRY_ONLY","MISSING","","","","False","False","False","False","False","False","False","False","False","WITHHELD","WITHHELD","WITHHELD","VERIFIED_ENGINEERING_EVIDENCE_REQUIRED","ALL_BRIDGES"
"AP_BR_CAN2_00164","Unnamed Road Bridge - OSM 1451530413","ROAD","","13.763929","78.291154","NH42","176.88","","176.88","","","","","","","","OSM_GEOMETRY_ONLY","MISSING","","","","False","False","False","False","False","False","False","False","False","WITHHELD","WITHHELD","WITHHELD","VERIFIED_ENGINEERING_EVIDENCE_REQUIRED","ALL_BRIDGES"
"AP_BR_CAN2_00166","Unnamed Road Bridge - OSM 1459736571","ROAD","","14.343375","78.002688","NH342","190","","190","","","","","","","","OSM_GEOMETRY_ONLY","MISSING","","","","False","False","False","False","False","False","False","False","False","WITHHELD","WITHHELD","WITHHELD","VERIFIED_ENGINEERING_EVIDENCE_REQUIRED","ALL_BRIDGES"
"AP_BR_CAN2_00167","Unnamed Road Bridge - OSM 1459741515","ROAD","","14.293232","78.042019","NH42","350.25","","350.25","","","","","","","","OSM_GEOMETRY_ONLY","MISSING","","","","False","False","False","False","False","False","False","False","False","WITHHELD","WITHHELD","WITHHELD","VERIFIED_ENGINEERING_EVIDENCE_REQUIRED","ALL_BRIDGES"
"AP_BR_CAN2_00168","Unnamed Road Bridge - OSM 1459741516","ROAD","","14.293309","78.042097","NH42","373.69","","373.69","","","","","","","","OSM_GEOMETRY_ONLY","MISSING","","","","False","False","False","False","False","False","False","False","False","WITHHELD","WITHHELD","WITHHELD","VERIFIED_ENGINEERING_EVIDENCE_REQUIRED","ALL_BRIDGES"
"AP_BR_CAN2_00177","Unnamed Road Bridge - OSM 1466768727","ROAD","","18.334419","82.855806","NH516E","940.15","","940.15","","","","","","","","OSM_GEOMETRY_ONLY","MISSING","","","","False","False","False","False","False","False","False","False","False","WITHHELD","WITHHELD","WITHHELD","VERIFIED_ENGINEERING_EVIDENCE_REQUIRED","ALL_BRIDGES"
"AP_BR_CAN2_00178","Unnamed Road Bridge - OSM 1467318281","ROAD","","16.805035","81.23325","NH16","208.42","","208.42","","","","","","","","OSM_GEOMETRY_ONLY","MISSING","","","","False","False","False","False","False","False","False","False","False","WITHHELD","WITHHELD","WITHHELD","VERIFIED_ENGINEERING_EVIDENCE_REQUIRED","ALL_BRIDGES"
"AP_BR_CAN2_00179","Unnamed Road Bridge - OSM 1473386581","ROAD","","16.642974","81.670292","","807.6","","807.6","","","","","","","","OSM_GEOMETRY_ONLY","MISSING","","","","False","False","False","False","False","False","False","False","False","WITHHELD","WITHHELD","WITHHELD","VERIFIED_ENGINEERING_EVIDENCE_REQUIRED","ALL_BRIDGES"
"AP_BR_CAN2_00180","Unnamed Road Bridge - OSM 1481464864","ROAD","","16.529574","81.95983","NH216","1018.99","","1018.99","","","","","","","","OSM_GEOMETRY_ONLY","MISSING","","","","False","False","False","False","False","False","False","False","False","WITHHELD","WITHHELD","WITHHELD","VERIFIED_ENGINEERING_EVIDENCE_REQUIRED","ALL_BRIDGES"
"AP_BR_CAN2_00181","Unnamed Road Bridge - OSM 1485587674","ROAD","","13.708235","78.378235","NH42","170.01","","170.01","","","","","","","","OSM_GEOMETRY_ONLY","MISSING","","","","False","False","False","False","False","False","False","False","False","WITHHELD","WITHHELD","WITHHELD","VERIFIED_ENGINEERING_EVIDENCE_REQUIRED","ALL_BRIDGES"
"AP_BR_CAN2_00184","Unnamed Road Bridge - OSM 1490494905","ROAD","","15.953535","80.283617","NH167A","466.49","","466.49","","","","","","","","OSM_GEOMETRY_ONLY","MISSING","","","","False","False","False","False","False","False","False","False","False","WITHHELD","WITHHELD","WITHHELD","VERIFIED_ENGINEERING_EVIDENCE_REQUIRED","ALL_BRIDGES"
"AP_BR_CAN2_00185","Unnamed Road Bridge - OSM 1493552768","ROAD","","14.081595","78.166788","NH42","961.59","","961.59","","","","","","","","OSM_GEOMETRY_ONLY","MISSING","","","","False","False","False","False","False","False","False","False","False","WITHHELD","WITHHELD","WITHHELD","VERIFIED_ENGINEERING_EVIDENCE_REQUIRED","ALL_BRIDGES"
"AP_BR_CAN2_00186","Unnamed Road Bridge - OSM 1493552771","ROAD","","14.08196","78.166781","NH42","956.02","","956.02","","","","","","","","OSM_GEOMETRY_ONLY","MISSING","","","","False","False","False","False","False","False","False","False","False","WITHHELD","WITHHELD","WITHHELD","VERIFIED_ENGINEERING_EVIDENCE_REQUIRED","ALL_BRIDGES"
"AP_BR_CAN2_00187","Unnamed Road Bridge - OSM 1493553304","ROAD","","14.054023","78.171231","NH42","177.47","","177.47","","","","","","","","OSM_GEOMETRY_ONLY","MISSING","","","","False","False","False","False","False","False","False","False","False","WITHHELD","WITHHELD","WITHHELD","VERIFIED_ENGINEERING_EVIDENCE_REQUIRED","ALL_BRIDGES"
"AP_BR_CAN2_00188","Unnamed Road Bridge - OSM 1503816908","ROAD","","13.658467","78.816289","NH71","210.6","","210.6","","","","","","","","OSM_GEOMETRY_ONLY","MISSING","","","","False","False","False","False","False","False","False","False","False","WITHHELD","WITHHELD","WITHHELD","VERIFIED_ENGINEERING_EVIDENCE_REQUIRED","ALL_BRIDGES"
"AP_BR_CAN2_00189","Unnamed Road Bridge - OSM 1503820985","ROAD","","13.625035","78.563942","NH71","736.57","","736.57","","","","","","","","OSM_GEOMETRY_ONLY","MISSING","","","","False","False","False","False","False","False","False","False","False","WITHHELD","WITHHELD","WITHHELD","VERIFIED_ENGINEERING_EVIDENCE_REQUIRED","ALL_BRIDGES"
"AP_BR_CAN2_00190","Unnamed Road Bridge - OSM 1503821002","ROAD","","13.633151","78.673714","NH71","156.54","","156.54","","","","","","","","OSM_GEOMETRY_ONLY","MISSING","","","","False","False","False","False","False","False","False","False","False","WITHHELD","WITHHELD","WITHHELD","VERIFIED_ENGINEERING_EVIDENCE_REQUIRED","ALL_BRIDGES"
"AP_BR_CAN2_00191","Unnamed Road Bridge - OSM 1503821010","ROAD","","13.624916","78.563974","NH71","736.69","","736.69","","","","","","","","OSM_GEOMETRY_ONLY","MISSING","","","","False","False","False","False","False","False","False","False","False","WITHHELD","WITHHELD","WITHHELD","VERIFIED_ENGINEERING_EVIDENCE_REQUIRED","ALL_BRIDGES"
"AP_BR_CAN2_00192","Unnamed Road Bridge - OSM 1503889426","ROAD","","13.658363","78.816271","NH71","210.59","","210.59","","","","","","","","OSM_GEOMETRY_ONLY","MISSING","","","","False","False","False","False","False","False","False","False","False","WITHHELD","WITHHELD","WITHHELD","VERIFIED_ENGINEERING_EVIDENCE_REQUIRED","ALL_BRIDGES"
"AP_BR_CAN2_00193","Unnamed Road Bridge - OSM 1503889442","ROAD","","13.643122","78.740615","NH71","439.22","","439.22","","","","","","","","OSM_GEOMETRY_ONLY","MISSING","","","","False","False","False","False","False","False","False","False","False","WITHHELD","WITHHELD","WITHHELD","VERIFIED_ENGINEERING_EVIDENCE_REQUIRED","ALL_BRIDGES"
"AP_BR_CAN2_00194","Unnamed Road Bridge - OSM 1503889444","ROAD","","13.642948","78.740859","NH71","444.63","","444.63","","","","","","","","OSM_GEOMETRY_ONLY","MISSING","","","","False","False","False","False","False","False","False","False","False","WITHHELD","WITHHELD","WITHHELD","VERIFIED_ENGINEERING_EVIDENCE_REQUIRED","ALL_BRIDGES"
"AP_BR_CAN2_00195","Unnamed Road Bridge - OSM 1503889468","ROAD","","13.664305","78.924456","NH71","305.88","","305.88","","","","","","","","OSM_GEOMETRY_ONLY","MISSING","","","","False","False","False","False","False","False","False","False","False","WITHHELD","WITHHELD","WITHHELD","VERIFIED_ENGINEERING_EVIDENCE_REQUIRED","ALL_BRIDGES"
"AP_BR_CAN2_00196","Unnamed Road Bridge - OSM 1503889470","ROAD","","13.664186","78.924483","NH71","306.45","","306.45","","","","","","","","OSM_GEOMETRY_ONLY","MISSING","","","","False","False","False","False","False","False","False","False","False","WITHHELD","WITHHELD","WITHHELD","VERIFIED_ENGINEERING_EVIDENCE_REQUIRED","ALL_BRIDGES"
"AP_BR_CAN2_00197","Unnamed Road Bridge - OSM 1503939568","ROAD","","13.654173","79.119215","NH71","336.24","","336.24","","","","","","","","OSM_GEOMETRY_ONLY","MISSING","","","","False","False","False","False","False","False","False","False","False","WITHHELD","WITHHELD","WITHHELD","VERIFIED_ENGINEERING_EVIDENCE_REQUIRED","ALL_BRIDGES"
"AP_BR_CAN2_00198","Unnamed Road Bridge - OSM 1503939574","ROAD","","13.650608","79.026654","NH71","411.32","","411.32","","","","","","","","OSM_GEOMETRY_ONLY","MISSING","","","","False","False","False","False","False","False","False","False","False","WITHHELD","WITHHELD","WITHHELD","VERIFIED_ENGINEERING_EVIDENCE_REQUIRED","ALL_BRIDGES"
"AP_BR_CAN2_00199","Unnamed Road Bridge - OSM 1503939582","ROAD","","13.650488","79.026713","NH71","409.8","","409.8","","","","","","","","OSM_GEOMETRY_ONLY","MISSING","","","","False","False","False","False","False","False","False","False","False","WITHHELD","WITHHELD","WITHHELD","VERIFIED_ENGINEERING_EVIDENCE_REQUIRED","ALL_BRIDGES"
"AP_BR_CAN2_00200","Unnamed Road Bridge - OSM 1503939586","ROAD","","13.654052","79.119226","NH71","336.85","","336.85","","","","","","","","OSM_GEOMETRY_ONLY","MISSING","","","","False","False","False","False","False","False","False","False","False","WITHHELD","WITHHELD","WITHHELD","VERIFIED_ENGINEERING_EVIDENCE_REQUIRED","ALL_BRIDGES"
"AP_BR_CAN2_00201","Unnamed Road Bridge - OSM 1503939598","ROAD","","13.646043","78.732667","NH71","217.64","","217.64","","","","","","","","OSM_GEOMETRY_ONLY","MISSING","","","","False","False","False","False","False","False","False","False","False","WITHHELD","WITHHELD","WITHHELD","VERIFIED_ENGINEERING_EVIDENCE_REQUIRED","ALL_BRIDGES"
"AP_BR_CAN2_00202","Unnamed Road Bridge - OSM 1503939600","ROAD","","13.645924","78.73237","NH71","330.47","","330.47","","","","","","","","OSM_GEOMETRY_ONLY","MISSING","","","","False","False","False","False","False","False","False","False","False","WITHHELD","WITHHELD","WITHHELD","VERIFIED_ENGINEERING_EVIDENCE_REQUIRED","ALL_BRIDGES"
"AP_BR_CAN2_00206","Unnamed Road Bridge - OSM 1521243096","ROAD","","15.910661","80.300794","NH167A","486.57","","486.57","","","","","","","","OSM_GEOMETRY_ONLY","MISSING","","","","False","False","False","False","False","False","False","False","False","WITHHELD","WITHHELD","WITHHELD","VERIFIED_ENGINEERING_EVIDENCE_REQUIRED","ALL_BRIDGES"
"AP_BR_CAN2_00207","Unnamed Road Bridge - OSM 1521243097","ROAD","","15.910721","80.300899","NH167A","483.59","","483.59","","","","","","","","OSM_GEOMETRY_ONLY","MISSING","","","","False","False","False","False","False","False","False","False","False","WITHHELD","WITHHELD","WITHHELD","VERIFIED_ENGINEERING_EVIDENCE_REQUIRED","ALL_BRIDGES"
"AP_BR_CAN2_00208","Unnamed Road Bridge - OSM 1521243099","ROAD","","15.953756","80.283501","NH167A","473.54","","473.54","","","","","","","","OSM_GEOMETRY_ONLY","MISSING","","","","False","False","False","False","False","False","False","False","False","WITHHELD","WITHHELD","WITHHELD","VERIFIED_ENGINEERING_EVIDENCE_REQUIRED","ALL_BRIDGES"
"AP_BR_CAN2_00209","Unnamed Road Bridge - OSM 1523446422","ROAD","","16.474138","79.42465","NH167AD","315.2","","315.2","","","","","","","","OSM_GEOMETRY_ONLY","MISSING","","","","False","False","False","False","False","False","False","False","False","WITHHELD","WITHHELD","WITHHELD","VERIFIED_ENGINEERING_EVIDENCE_REQUIRED","ALL_BRIDGES"
"AP_BR_CAN2_00210","Unnamed Road Bridge - OSM 1528183047","ROAD","","13.655712","79.548329","NH71","258.12","","258.12","","","","","","","","OSM_GEOMETRY_ONLY","MISSING","","","","False","False","False","False","False","False","False","False","False","WITHHELD","WITHHELD","WITHHELD","VERIFIED_ENGINEERING_EVIDENCE_REQUIRED","ALL_BRIDGES"
"AP_BR_CAN2_00211","Unnamed Road Bridge - OSM 1528183048","ROAD","","13.655807","79.548212","NH71","263.9","","263.9","","","","","","","","OSM_GEOMETRY_ONLY","MISSING","","","","False","False","False","False","False","False","False","False","False","WITHHELD","WITHHELD","WITHHELD","VERIFIED_ENGINEERING_EVIDENCE_REQUIRED","ALL_BRIDGES"
"AP_BR_CAN2_00212","Unnamed Road Bridge - OSM 1529424403","ROAD","","18.321304","82.87732","NH516E","214.35","","214.35","","","","","","","","OSM_GEOMETRY_ONLY","MISSING","","","","False","False","False","False","False","False","False","False","False","WITHHELD","WITHHELD","WITHHELD","VERIFIED_ENGINEERING_EVIDENCE_REQUIRED","ALL_BRIDGES"
"AP_BR_CAN2_00213","Unnamed Road Bridge - OSM 1533184999","ROAD","","13.631604","78.611146","NH71","249.71","","249.71","","","","","","","","OSM_GEOMETRY_ONLY","MISSING","","","","False","False","False","False","False","False","False","False","False","WITHHELD","WITHHELD","WITHHELD","VERIFIED_ENGINEERING_EVIDENCE_REQUIRED","ALL_BRIDGES"
"AP_BR_CAN2_00214","Unnamed Road Bridge - OSM 1533185032","ROAD","","13.631463","78.611351","NH71","247.57","","247.57","","","","","","","","OSM_GEOMETRY_ONLY","MISSING","","","","False","False","False","False","False","False","False","False","False","WITHHELD","WITHHELD","WITHHELD","VERIFIED_ENGINEERING_EVIDENCE_REQUIRED","ALL_BRIDGES"
"AP_BR_CAN2_00215","Unnamed Road Bridge - OSM 1533185128","ROAD","","13.659979","78.88444","NH71","198.47","","198.47","","","","","","","","OSM_GEOMETRY_ONLY","MISSING","","","","False","False","False","False","False","False","False","False","False","WITHHELD","WITHHELD","WITHHELD","VERIFIED_ENGINEERING_EVIDENCE_REQUIRED","ALL_BRIDGES"
"AP_BR_CAN2_00216","Unnamed Road Bridge - OSM 1533185139","ROAD","","13.664181","78.901156","NH71","199.32","","199.32","","","","","","","","OSM_GEOMETRY_ONLY","MISSING","","","","False","False","False","False","False","False","False","False","False","WITHHELD","WITHHELD","WITHHELD","VERIFIED_ENGINEERING_EVIDENCE_REQUIRED","ALL_BRIDGES"
"AP_BR_CAN2_00217","Unnamed Road Bridge - OSM 1534158987","ROAD","","16.423893","81.001337","","1297.02","","1297.02","","","","","","","","OSM_GEOMETRY_ONLY","MISSING","","","","False","False","False","False","False","False","False","False","False","WITHHELD","WITHHELD","WITHHELD","VERIFIED_ENGINEERING_EVIDENCE_REQUIRED","ALL_BRIDGES"
"AP_BR_CAN2_00220","Unnamed Road Bridge - OSM 1535019270","ROAD","","16.578147","81.33073","NH165","252.72","","252.72","","","","","","","","OSM_GEOMETRY_ONLY","MISSING","","","","False","False","False","False","False","False","False","False","False","WITHHELD","WITHHELD","WITHHELD","VERIFIED_ENGINEERING_EVIDENCE_REQUIRED","ALL_BRIDGES"
"AP_BR_CAN2_00221","Unnamed Road Bridge - OSM 1535019271","ROAD","","16.578231","81.330815","NH165","255.41","","255.41","","","","","","","","OSM_GEOMETRY_ONLY","MISSING","","","","False","False","False","False","False","False","False","False","False","WITHHELD","WITHHELD","WITHHELD","VERIFIED_ENGINEERING_EVIDENCE_REQUIRED","ALL_BRIDGES"
"AP_BR_CAN2_00222","Unnamed Road Bridge - OSM 1535019282","ROAD","","16.584916","81.452898","NH165","461","","461","","","","","","","","OSM_GEOMETRY_ONLY","MISSING","","","","False","False","False","False","False","False","False","False","False","WITHHELD","WITHHELD","WITHHELD","VERIFIED_ENGINEERING_EVIDENCE_REQUIRED","ALL_BRIDGES"
"AP_BR_CAN2_00223","Unnamed Road Bridge - OSM 1543948123","ROAD","","14.139462","77.820259","NH342","188.83","","188.83","","","","","","","","OSM_GEOMETRY_ONLY","MISSING","","","","False","False","False","False","False","False","False","False","False","WITHHELD","WITHHELD","WITHHELD","VERIFIED_ENGINEERING_EVIDENCE_REQUIRED","ALL_BRIDGES"
"AP_BR_CAN2_00224","Unnamed Road Bridge - OSM 1543948128","ROAD","","14.139587","77.82025","NH342","188.41","","188.41","","","","","","","","OSM_GEOMETRY_ONLY","MISSING","","","","False","False","False","False","False","False","False","False","False","WITHHELD","WITHHELD","WITHHELD","VERIFIED_ENGINEERING_EVIDENCE_REQUIRED","ALL_BRIDGES"
"AP_BR_CAN2_00225","Unnamed Road Bridge - OSM 1543948132","ROAD","","14.153278","77.830666","NH342","458.93","","458.93","","","","","","","","OSM_GEOMETRY_ONLY","MISSING","","","","False","False","False","False","False","False","False","False","False","WITHHELD","WITHHELD","WITHHELD","VERIFIED_ENGINEERING_EVIDENCE_REQUIRED","ALL_BRIDGES"
"AP_BR_CAN2_00226","Unnamed Road Bridge - OSM 1546500961","ROAD","","14.619641","77.619236","NH42","1233.51","","1233.51","","","","","","","","OSM_GEOMETRY_ONLY","MISSING","","","","False","False","False","False","False","False","False","False","False","WITHHELD","WITHHELD","WITHHELD","VERIFIED_ENGINEERING_EVIDENCE_REQUIRED","ALL_BRIDGES"
"AP_BR_CAN2_00227","Unnamed Road Bridge - OSM 1546598620","ROAD","","14.90409","78.027971","NH544D;NH67","2296.18","","2296.18","","","","","","","","OSM_GEOMETRY_ONLY","MISSING","","","","False","False","False","False","False","False","False","False","False","WITHHELD","WITHHELD","WITHHELD","VERIFIED_ENGINEERING_EVIDENCE_REQUIRED","ALL_BRIDGES"
"AP_BR_CAN2_00228","Unnamed Road Bridge - OSM 1546598622","ROAD","","14.939155","78.030054","NH544D;NH67","206.79","","206.79","","","","","","","","OSM_GEOMETRY_ONLY","MISSING","","","","False","False","False","False","False","False","False","False","False","WITHHELD","WITHHELD","WITHHELD","VERIFIED_ENGINEERING_EVIDENCE_REQUIRED","ALL_BRIDGES"
"AP_BR_CAN2_00229","Unnamed Road Bridge - OSM 1546598628","ROAD","","14.903182","78.027886","NH544D;NH67","2183.93","","2183.93","","","","","","","","OSM_GEOMETRY_ONLY","MISSING","","","","False","False","False","False","False","False","False","False","False","WITHHELD","WITHHELD","WITHHELD","VERIFIED_ENGINEERING_EVIDENCE_REQUIRED","ALL_BRIDGES"
"AP_BR_CAN2_00230","Unnamed Road Bridge - OSM 1546598647","ROAD","","14.966497","78.021521","NH544D;NH67","150.33","","150.33","","","","","","","","OSM_GEOMETRY_ONLY","MISSING","","","","False","False","False","False","False","False","False","False","False","WITHHELD","WITHHELD","WITHHELD","VERIFIED_ENGINEERING_EVIDENCE_REQUIRED","ALL_BRIDGES"
"AP_BR_CAN2_00231","Unnamed Road Bridge - OSM 1546656004","ROAD","","14.939188","78.030192","NH544D;NH67","204.57","","204.57","","","","","","","","OSM_GEOMETRY_ONLY","MISSING","","","","False","False","False","False","False","False","False","False","False","WITHHELD","WITHHELD","WITHHELD","VERIFIED_ENGINEERING_EVIDENCE_REQUIRED","ALL_BRIDGES"
"AP_BR_CAN2_00232","Unnamed Road Bridge - OSM 1546656006","ROAD","","14.890694","78.02384","NH544D","190.39","","190.39","","","","","","","","OSM_GEOMETRY_ONLY","MISSING","","","","False","False","False","False","False","False","False","False","False","WITHHELD","WITHHELD","WITHHELD","VERIFIED_ENGINEERING_EVIDENCE_REQUIRED","ALL_BRIDGES"
"AP_BR_CAN2_00233","Unnamed Road Bridge - OSM 1546656008","ROAD","","14.890645","78.024017","NH544D","194.69","","194.69","","","","","","","","OSM_GEOMETRY_ONLY","MISSING","","","","False","False","False","False","False","False","False","False","False","WITHHELD","WITHHELD","WITHHELD","VERIFIED_ENGINEERING_EVIDENCE_REQUIRED","ALL_BRIDGES"
"AP_BR_CAN2_00234","Unnamed Road Bridge - OSM 1546656009","ROAD","","14.918399","78.032231","NH544D;NH67","1203.38","","1203.38","","","","","","","","OSM_GEOMETRY_ONLY","MISSING","","","","False","False","False","False","False","False","False","False","False","WITHHELD","WITHHELD","WITHHELD","VERIFIED_ENGINEERING_EVIDENCE_REQUIRED","ALL_BRIDGES"
"AP_BR_CAN2_00235","Unnamed Road Bridge - OSM 1546656010","ROAD","","14.919011","78.032228","NH544D;NH67","1086.64","","1086.64","","","","","","","","OSM_GEOMETRY_ONLY","MISSING","","","","False","False","False","False","False","False","False","False","False","WITHHELD","WITHHELD","WITHHELD","VERIFIED_ENGINEERING_EVIDENCE_REQUIRED","ALL_BRIDGES"
"AP_BR_CAN2_00236","Unnamed Road Bridge - OSM 1546656046","ROAD","","14.971884","78.005141","NH67","211.68","","211.68","","","","","","","","OSM_GEOMETRY_ONLY","MISSING","","","","False","False","False","False","False","False","False","False","False","WITHHELD","WITHHELD","WITHHELD","VERIFIED_ENGINEERING_EVIDENCE_REQUIRED","ALL_BRIDGES"
"AP_BR_CAN2_00237","Unnamed Road Bridge - OSM 1546656050","ROAD","","14.971814","78.005373","NH67","203.22","","203.22","","","","","","","","OSM_GEOMETRY_ONLY","MISSING","","","","False","False","False","False","False","False","False","False","False","WITHHELD","WITHHELD","WITHHELD","VERIFIED_ENGINEERING_EVIDENCE_REQUIRED","ALL_BRIDGES"
"AP_BR_CAN2_00238","Unnamed Road Bridge - OSM 1547867483","ROAD","","17.729026","83.216342","","725.45","","725.45","","","","","","","","OSM_GEOMETRY_ONLY","MISSING","","","","False","False","False","False","False","False","False","False","False","WITHHELD","WITHHELD","WITHHELD","VERIFIED_ENGINEERING_EVIDENCE_REQUIRED","ALL_BRIDGES"
"AP_BR_CAN2_00241","Unnamed Road Bridge - OSM 170570037","ROAD","","13.766851","79.69937","NH71","532.39","","532.39","","","","","","","","OSM_GEOMETRY_ONLY","MISSING","","","","False","False","False","False","False","False","False","False","False","WITHHELD","WITHHELD","WITHHELD","VERIFIED_ENGINEERING_EVIDENCE_REQUIRED","ALL_BRIDGES"
"AP_BR_CAN2_00243","Unnamed Road Bridge - OSM 170586649","ROAD","","13.948682","79.895306","MDR074","401.51","","401.51","","","","","","","","OSM_GEOMETRY_ONLY","MISSING","","","","False","False","False","False","False","False","False","False","False","WITHHELD","WITHHELD","WITHHELD","VERIFIED_ENGINEERING_EVIDENCE_REQUIRED","ALL_BRIDGES"
"AP_BR_CAN2_00244","Unnamed Road Bridge - OSM 170589379","ROAD","","13.9483","79.90119","NH16","418.47","","418.47","","","","","","","","OSM_GEOMETRY_ONLY","MISSING","","","","False","False","False","False","False","False","False","False","False","WITHHELD","WITHHELD","WITHHELD","VERIFIED_ENGINEERING_EVIDENCE_REQUIRED","ALL_BRIDGES"
"AP_BR_CAN2_00245","Unnamed Road Bridge - OSM 171980075","ROAD","","17.632538","80.890027","SH212","221.69","","221.69","","","","","","","","OSM_GEOMETRY_ONLY","MISSING","","","","False","False","False","False","False","False","False","False","False","WITHHELD","WITHHELD","WITHHELD","VERIFIED_ENGINEERING_EVIDENCE_REQUIRED","ALL_BRIDGES"
"AP_BR_CAN2_00247","Unnamed Road Bridge - OSM 176051909","ROAD","","13.94828","79.901406","NH16","418.01","","418.01","","","","","","","","OSM_GEOMETRY_ONLY","MISSING","","","","False","False","False","False","False","False","False","False","False","WITHHELD","WITHHELD","WITHHELD","VERIFIED_ENGINEERING_EVIDENCE_REQUIRED","ALL_BRIDGES"
"AP_BR_CAN2_00256","Unnamed Road Bridge - OSM 202919041","ROAD","","16.71874","80.316933","NH65","465","","465","","","","","","","","OSM_GEOMETRY_ONLY","MISSING","","","","False","False","False","False","False","False","False","False","False","WITHHELD","WITHHELD","WITHHELD","VERIFIED_ENGINEERING_EVIDENCE_REQUIRED","ALL_BRIDGES"
"AP_BR_CAN2_00258","Unnamed Road Bridge - OSM 205622090","ROAD","","14.641503","78.541855","NH67","317.1","","317.1","","","","","","","","OSM_GEOMETRY_ONLY","MISSING","","","","False","False","False","False","False","False","False","False","False","WITHHELD","WITHHELD","WITHHELD","VERIFIED_ENGINEERING_EVIDENCE_REQUIRED","ALL_BRIDGES"
"AP_BR_CAN2_00259","Unnamed Road Bridge - OSM 205731804","ROAD","","13.968304","79.901966","NH16","182.25","","182.25","","","","","","","","OSM_GEOMETRY_ONLY","MISSING","","","","False","False","False","False","False","False","False","False","False","WITHHELD","WITHHELD","WITHHELD","VERIFIED_ENGINEERING_EVIDENCE_REQUIRED","ALL_BRIDGES"
"AP_BR_CAN2_00260","Unnamed Road Bridge - OSM 205731810","ROAD","","13.968338","79.901752","NH16","161.54","","161.54","","","","","","","","OSM_GEOMETRY_ONLY","MISSING","","","","False","False","False","False","False","False","False","False","False","WITHHELD","WITHHELD","WITHHELD","VERIFIED_ENGINEERING_EVIDENCE_REQUIRED","ALL_BRIDGES"
"AP_BR_CAN2_00261","Unnamed Road Bridge - OSM 214952094","ROAD","","14.993825","77.613752","NH44","181.6","","181.6","","","","","","","","OSM_GEOMETRY_ONLY","MISSING","","","","False","False","False","False","False","False","False","False","False","WITHHELD","WITHHELD","WITHHELD","VERIFIED_ENGINEERING_EVIDENCE_REQUIRED","ALL_BRIDGES"
"AP_BR_CAN2_00262","Unnamed Road Bridge - OSM 214952097","ROAD","","14.993657","77.613831","NH44","179.74","","179.74","","","","","","","","OSM_GEOMETRY_ONLY","MISSING","","","","False","False","False","False","False","False","False","False","False","WITHHELD","WITHHELD","WITHHELD","VERIFIED_ENGINEERING_EVIDENCE_REQUIRED","ALL_BRIDGES"
"AP_BR_CAN2_00263","Unnamed Road Bridge - OSM 214952100","ROAD","","14.940544","77.597605","NH44","530.11","","530.11","","","","","","","","OSM_GEOMETRY_ONLY","MISSING","","","","False","False","False","False","False","False","False","False","False","WITHHELD","WITHHELD","WITHHELD","VERIFIED_ENGINEERING_EVIDENCE_REQUIRED","ALL_BRIDGES"
"AP_BR_CAN2_00264","Unnamed Road Bridge - OSM 214952102","ROAD","","14.940532","77.597809","NH44","529.12","","529.12","","","","","","","","OSM_GEOMETRY_ONLY","MISSING","","","","False","False","False","False","False","False","False","False","False","WITHHELD","WITHHELD","WITHHELD","VERIFIED_ENGINEERING_EVIDENCE_REQUIRED","ALL_BRIDGES"
"AP_BR_CAN2_00265","Unnamed Road Bridge - OSM 215053696","ROAD","","14.618665","77.60165","NH44;NH42","167.6","","167.6","","","","","","","","OSM_GEOMETRY_ONLY","MISSING","","","","False","False","False","False","False","False","False","False","False","WITHHELD","WITHHELD","WITHHELD","VERIFIED_ENGINEERING_EVIDENCE_REQUIRED","ALL_BRIDGES"
"AP_BR_CAN2_00266","Unnamed Road Bridge - OSM 215053698","ROAD","","14.618539","77.601907","NH44;NH42","160.1","","160.1","","","","","","","","OSM_GEOMETRY_ONLY","MISSING","","","","False","False","False","False","False","False","False","False","False","WITHHELD","WITHHELD","WITHHELD","VERIFIED_ENGINEERING_EVIDENCE_REQUIRED","ALL_BRIDGES"
"AP_BR_CAN2_00267","Unnamed Road Bridge - OSM 215053708","ROAD","","14.683438","77.582995","NH44","764.74","","764.74","","","","","","","","OSM_GEOMETRY_ONLY","MISSING","","","","False","False","False","False","False","False","False","False","False","WITHHELD","WITHHELD","WITHHELD","VERIFIED_ENGINEERING_EVIDENCE_REQUIRED","ALL_BRIDGES"
"AP_BR_CAN2_00268","Unnamed Road Bridge - OSM 215053709","ROAD","","14.68401","77.583228","NH44","741.74","","741.74","","","","","","","","OSM_GEOMETRY_ONLY","MISSING","","","","False","False","False","False","False","False","False","False","False","WITHHELD","WITHHELD","WITHHELD","VERIFIED_ENGINEERING_EVIDENCE_REQUIRED","ALL_BRIDGES"
"AP_BR_CAN2_00269","Unnamed Road Bridge - OSM 218637765","ROAD","","18.882188","84.53315","NH16","170.8","","170.8","","","","","","","","OSM_GEOMETRY_ONLY","MISSING","","","","False","False","False","False","False","False","False","False","False","WITHHELD","WITHHELD","WITHHELD","VERIFIED_ENGINEERING_EVIDENCE_REQUIRED","ALL_BRIDGES"
"AP_BR_CAN2_00270","Unnamed Road Bridge - OSM 218637767","ROAD","","18.882391","84.532908","NH16","172.78","","172.78","","","","","","","","OSM_GEOMETRY_ONLY","MISSING","","","","False","False","False","False","False","False","False","False","False","WITHHELD","WITHHELD","WITHHELD","VERIFIED_ENGINEERING_EVIDENCE_REQUIRED","ALL_BRIDGES"
"AP_BR_CAN2_00271","Unnamed Road Bridge - OSM 218680048","ROAD","","18.39271","84.02077","NH16","154.15","","154.15","","","","","","","","OSM_GEOMETRY_ONLY","MISSING","","","","False","False","False","False","False","False","False","False","False","WITHHELD","WITHHELD","WITHHELD","VERIFIED_ENGINEERING_EVIDENCE_REQUIRED","ALL_BRIDGES"
"AP_BR_CAN2_00272","Unnamed Road Bridge - OSM 218701484","ROAD","","18.138048","83.613477","NH16","161.01","","161.01","","","","","","","","OSM_GEOMETRY_ONLY","MISSING","","","","False","False","False","False","False","False","False","False","False","WITHHELD","WITHHELD","WITHHELD","VERIFIED_ENGINEERING_EVIDENCE_REQUIRED","ALL_BRIDGES"
"AP_BR_CAN2_00273","Unnamed Road Bridge - OSM 218701485","ROAD","","18.137942","83.613579","NH16","155.16","","155.16","","","","","","","","OSM_GEOMETRY_ONLY","MISSING","","","","False","False","False","False","False","False","False","False","False","WITHHELD","WITHHELD","WITHHELD","VERIFIED_ENGINEERING_EVIDENCE_REQUIRED","ALL_BRIDGES"
"AP_BR_CAN2_00274","Unnamed Road Bridge - OSM 218703583","ROAD","","18.065544","83.528316","NH16","342.45","","342.45","","","","","","","","OSM_GEOMETRY_ONLY","MISSING","","","","False","False","False","False","False","False","False","False","False","WITHHELD","WITHHELD","WITHHELD","VERIFIED_ENGINEERING_EVIDENCE_REQUIRED","ALL_BRIDGES"
"AP_BR_CAN2_00275","Unnamed Road Bridge - OSM 218703584","ROAD","","18.065431","83.527925","NH16","334.17","","334.17","","","","","","","","OSM_GEOMETRY_ONLY","MISSING","","","","False","False","False","False","False","False","False","False","False","WITHHELD","WITHHELD","WITHHELD","VERIFIED_ENGINEERING_EVIDENCE_REQUIRED","ALL_BRIDGES"
"AP_BR_CAN2_00276","Unnamed Road Bridge - OSM 218735194","ROAD","","17.938456","83.421854","NH16","304.73","","304.73","","","","","","","","OSM_GEOMETRY_ONLY","MISSING","","","","False","False","False","False","False","False","False","False","False","WITHHELD","WITHHELD","WITHHELD","VERIFIED_ENGINEERING_EVIDENCE_REQUIRED","ALL_BRIDGES"
"AP_BR_CAN2_00277","Unnamed Road Bridge - OSM 218735201","ROAD","","17.938535","83.421666","NH16","308.75","","308.75","","","","","","","","OSM_GEOMETRY_ONLY","MISSING","","","","False","False","False","False","False","False","False","False","False","WITHHELD","WITHHELD","WITHHELD","VERIFIED_ENGINEERING_EVIDENCE_REQUIRED","ALL_BRIDGES"
"AP_BR_CAN2_00279","Unnamed Road Bridge - OSM 218917556","ROAD","","17.227716","82.121079","NH16","205.22","","205.22","","","","","","","","OSM_GEOMETRY_ONLY","MISSING","","","","False","False","False","False","False","False","False","False","False","WITHHELD","WITHHELD","WITHHELD","VERIFIED_ENGINEERING_EVIDENCE_REQUIRED","ALL_BRIDGES"
"AP_BR_CAN2_00280","Unnamed Road Bridge - OSM 218917558","ROAD","","17.227574","82.121218","NH16","195.81","","195.81","","","","","","","","OSM_GEOMETRY_ONLY","MISSING","","","","False","False","False","False","False","False","False","False","False","WITHHELD","WITHHELD","WITHHELD","VERIFIED_ENGINEERING_EVIDENCE_REQUIRED","ALL_BRIDGES"
"AP_BR_CAN2_00281","Unnamed Road Bridge - OSM 218973261","ROAD","","16.779878","81.855394","NH216A","2369.1","","2369.1","","","","","","","","OSM_GEOMETRY_ONLY","MISSING","","","","False","False","False","False","False","False","False","False","False","WITHHELD","WITHHELD","WITHHELD","VERIFIED_ENGINEERING_EVIDENCE_REQUIRED","ALL_BRIDGES"
"AP_BR_CAN2_00282","Unnamed Road Bridge - OSM 218996540","ROAD","","16.688531","81.810368","NH216A","954.14","","954.14","","","","","","","","OSM_GEOMETRY_ONLY","MISSING","","","","False","False","False","False","False","False","False","False","False","WITHHELD","WITHHELD","WITHHELD","VERIFIED_ENGINEERING_EVIDENCE_REQUIRED","ALL_BRIDGES"
"AP_BR_CAN2_00284","Unnamed Road Bridge - OSM 219009915","ROAD","","16.741271","81.077239","NH16","215.84","","215.84","","","","","","","","OSM_GEOMETRY_ONLY","MISSING","","","","False","False","False","False","False","False","False","False","False","WITHHELD","WITHHELD","WITHHELD","VERIFIED_ENGINEERING_EVIDENCE_REQUIRED","ALL_BRIDGES"
"AP_BR_CAN2_00286","Unnamed Road Bridge - OSM 219018320","ROAD","","15.641489","80.016012","NH16","348.2","","348.2","","","","","","","","OSM_GEOMETRY_ONLY","MISSING","","","","False","False","False","False","False","False","False","False","False","WITHHELD","WITHHELD","WITHHELD","VERIFIED_ENGINEERING_EVIDENCE_REQUIRED","ALL_BRIDGES"
"AP_BR_CAN2_00287","Unnamed Road Bridge - OSM 219018321","ROAD","","15.641515","80.015846","NH16","347.38","","347.38","","","","","","","","OSM_GEOMETRY_ONLY","MISSING","","","","False","False","False","False","False","False","False","False","False","WITHHELD","WITHHELD","WITHHELD","VERIFIED_ENGINEERING_EVIDENCE_REQUIRED","ALL_BRIDGES"
"AP_BR_CAN2_00288","Unnamed Road Bridge - OSM 219027805","ROAD","","18.330438","83.883794","NH16","380.87","","380.87","","","","","","","","OSM_GEOMETRY_ONLY","MISSING","","","","False","False","False","False","False","False","False","False","False","WITHHELD","WITHHELD","WITHHELD","VERIFIED_ENGINEERING_EVIDENCE_REQUIRED","ALL_BRIDGES"
"AP_BR_CAN2_00289","Unnamed Road Bridge - OSM 219193012","ROAD","","16.718843","80.316995","NH65","463.32","","463.32","","","","","","","","OSM_GEOMETRY_ONLY","MISSING","","","","False","False","False","False","False","False","False","False","False","WITHHELD","WITHHELD","WITHHELD","VERIFIED_ENGINEERING_EVIDENCE_REQUIRED","ALL_BRIDGES"
"AP_BR_CAN2_00290","Unnamed Road Bridge - OSM 22838890","ROAD","","15.947248","77.361482","NH167","151.41","","151.41","","","","","","","","OSM_GEOMETRY_ONLY","MISSING","","","","False","False","False","False","False","False","False","False","False","WITHHELD","WITHHELD","WITHHELD","VERIFIED_ENGINEERING_EVIDENCE_REQUIRED","ALL_BRIDGES"
"AP_BR_CAN2_00294","Unnamed Road Bridge - OSM 233501221","ROAD","","14.639234","78.541021","NH67","321.56","","321.56","","","","","","","","OSM_GEOMETRY_ONLY","MISSING","","","","False","False","False","False","False","False","False","False","False","WITHHELD","WITHHELD","WITHHELD","VERIFIED_ENGINEERING_EVIDENCE_REQUIRED","ALL_BRIDGES"
"AP_BR_CAN2_00295","Unnamed Road Bridge - OSM 238744365","ROAD","","19.09494","84.682616","NH16","172.52","","172.52","","","","","","","","OSM_GEOMETRY_ONLY","MISSING","","","","False","False","False","False","False","False","False","False","False","WITHHELD","WITHHELD","WITHHELD","VERIFIED_ENGINEERING_EVIDENCE_REQUIRED","ALL_BRIDGES"
"AP_BR_CAN2_00297","Unnamed Road Bridge - OSM 238756163","ROAD","","15.600087","80.087981","NH216","313.8","","313.8","","","","","","","","OSM_GEOMETRY_ONLY","MISSING","","","","False","False","False","False","False","False","False","False","False","WITHHELD","WITHHELD","WITHHELD","VERIFIED_ENGINEERING_EVIDENCE_REQUIRED","ALL_BRIDGES"
"AP_BR_CAN2_00298","Unnamed Road Bridge - OSM 238763103","ROAD","","16.397207","81.470134","NH216","274.21","","274.21","","","","","","","","OSM_GEOMETRY_ONLY","MISSING","","","","False","False","False","False","False","False","False","False","False","WITHHELD","WITHHELD","WITHHELD","VERIFIED_ENGINEERING_EVIDENCE_REQUIRED","ALL_BRIDGES"
"AP_BR_CAN2_00299","Unnamed Road Bridge - OSM 238763108","ROAD","","16.405626","81.580321","NH216","193.71","","193.71","","","","","","","","OSM_GEOMETRY_ONLY","MISSING","","","","False","False","False","False","False","False","False","False","False","WITHHELD","WITHHELD","WITHHELD","VERIFIED_ENGINEERING_EVIDENCE_REQUIRED","ALL_BRIDGES"
"AP_BR_CAN2_00302","Unnamed Road Bridge - OSM 239846869","ROAD","","13.782515","78.805116","NH40","180.92","","180.92","","","","","","","","OSM_GEOMETRY_ONLY","MISSING","","","","False","False","False","False","False","False","False","False","False","WITHHELD","WITHHELD","WITHHELD","VERIFIED_ENGINEERING_EVIDENCE_REQUIRED","ALL_BRIDGES"
"AP_BR_CAN2_00304","Unnamed Road Bridge - OSM 239850495","ROAD","","14.574255","78.793798","NH40","683.97","","683.97","","","","","","","","OSM_GEOMETRY_ONLY","MISSING","","","","False","False","False","False","False","False","False","False","False","WITHHELD","WITHHELD","WITHHELD","VERIFIED_ENGINEERING_EVIDENCE_REQUIRED","ALL_BRIDGES"
"AP_BR_CAN2_00305","Unnamed Road Bridge - OSM 240045243","ROAD","","15.862038","78.009704","NH44","636.76","","636.76","","","","","","","","OSM_GEOMETRY_ONLY","MISSING","","","","False","False","False","False","False","False","False","False","False","WITHHELD","WITHHELD","WITHHELD","VERIFIED_ENGINEERING_EVIDENCE_REQUIRED","ALL_BRIDGES"
"AP_BR_CAN2_00306","Unnamed Road Bridge - OSM 240048032","ROAD","","15.673125","77.965767","NH44","431.35","","431.35","","","","","","","","OSM_GEOMETRY_ONLY","MISSING","","","","False","False","False","False","False","False","False","False","False","WITHHELD","WITHHELD","WITHHELD","VERIFIED_ENGINEERING_EVIDENCE_REQUIRED","ALL_BRIDGES"
"AP_BR_CAN2_00307","Unnamed Road Bridge - OSM 240048038","ROAD","","15.672552","77.96536","NH44","437.11","","437.11","","","","","","","","OSM_GEOMETRY_ONLY","MISSING","","","","False","False","False","False","False","False","False","False","False","WITHHELD","WITHHELD","WITHHELD","VERIFIED_ENGINEERING_EVIDENCE_REQUIRED","ALL_BRIDGES"
"AP_BR_CAN2_00308","Unnamed Road Bridge - OSM 240049042","ROAD","","14.707565","77.59767","NH44","1275.32","","1275.32","","","","","","","","OSM_GEOMETRY_ONLY","MISSING","","","","False","False","False","False","False","False","False","False","False","WITHHELD","WITHHELD","WITHHELD","VERIFIED_ENGINEERING_EVIDENCE_REQUIRED","ALL_BRIDGES"
"AP_BR_CAN2_00309","Unnamed Road Bridge - OSM 240049043","ROAD","","14.717285","77.603156","NH44","248.91","","248.91","","","","","","","","OSM_GEOMETRY_ONLY","MISSING","","","","False","False","False","False","False","False","False","False","False","WITHHELD","WITHHELD","WITHHELD","VERIFIED_ENGINEERING_EVIDENCE_REQUIRED","ALL_BRIDGES"
"AP_BR_CAN2_00310","Unnamed Road Bridge - OSM 240049044","ROAD","","14.71697","77.60322","NH44","248.08","","248.08","","","","","","","","OSM_GEOMETRY_ONLY","MISSING","","","","False","False","False","False","False","False","False","False","False","WITHHELD","WITHHELD","WITHHELD","VERIFIED_ENGINEERING_EVIDENCE_REQUIRED","ALL_BRIDGES"
"AP_BR_CAN2_00311","Unnamed Road Bridge - OSM 240898027","ROAD","","16.952217","80.049056","NH65","181.79","","181.79","","","","","","","","OSM_GEOMETRY_ONLY","MISSING","","","","False","False","False","False","False","False","False","False","False","WITHHELD","WITHHELD","WITHHELD","VERIFIED_ENGINEERING_EVIDENCE_REQUIRED","ALL_BRIDGES"
"AP_BR_CAN2_00312","Unnamed Road Bridge - OSM 240898035","ROAD","","16.952099","80.048997","NH65","180.88","","180.88","","","","","","","","OSM_GEOMETRY_ONLY","MISSING","","","","False","False","False","False","False","False","False","False","False","WITHHELD","WITHHELD","WITHHELD","VERIFIED_ENGINEERING_EVIDENCE_REQUIRED","ALL_BRIDGES"
"AP_BR_CAN2_00313","Unnamed Road Bridge - OSM 240960506","ROAD","","16.575271","81.344553","NH165","237.2","","237.2","","","","","","","","OSM_GEOMETRY_ONLY","MISSING","","","","False","False","False","False","False","False","False","False","False","WITHHELD","WITHHELD","WITHHELD","VERIFIED_ENGINEERING_EVIDENCE_REQUIRED","ALL_BRIDGES"
"AP_BR_CAN2_00314","Unnamed Road Bridge - OSM 240960511","ROAD","","16.546437","81.534352","NH165","746.49","","746.49","","","","","","","","OSM_GEOMETRY_ONLY","MISSING","","","","False","False","False","False","False","False","False","False","False","WITHHELD","WITHHELD","WITHHELD","VERIFIED_ENGINEERING_EVIDENCE_REQUIRED","ALL_BRIDGES"
"AP_BR_CAN2_00318","Unnamed Road Bridge - OSM 245407526","ROAD","","15.211492","80.016246","NH16","207.29","","207.29","","","","","","","","OSM_GEOMETRY_ONLY","MISSING","","","","False","False","False","False","False","False","False","False","False","WITHHELD","WITHHELD","WITHHELD","VERIFIED_ENGINEERING_EVIDENCE_REQUIRED","ALL_BRIDGES"
"AP_BR_CAN2_00319","Unnamed Road Bridge - OSM 245407527","ROAD","","15.211411","80.016412","NH16","203.25","","203.25","","","","","","","","OSM_GEOMETRY_ONLY","MISSING","","","","False","False","False","False","False","False","False","False","False","WITHHELD","WITHHELD","WITHHELD","VERIFIED_ENGINEERING_EVIDENCE_REQUIRED","ALL_BRIDGES"
"AP_BR_CAN2_00327","Unnamed Road Bridge - OSM 254618281","ROAD","","15.463639","78.483056","NH167K","903.07","","903.07","","","","","","","","OSM_GEOMETRY_ONLY","MISSING","","","","False","False","False","False","False","False","False","False","False","WITHHELD","WITHHELD","WITHHELD","VERIFIED_ENGINEERING_EVIDENCE_REQUIRED","ALL_BRIDGES"
"AP_BR_CAN2_00333","Unnamed Road Bridge - OSM 263978582","ROAD","","17.748868","81.387327","NH326","433.63","","433.63","","","","","","","","OSM_GEOMETRY_ONLY","MISSING","","","","False","False","False","False","False","False","False","False","False","WITHHELD","WITHHELD","WITHHELD","VERIFIED_ENGINEERING_EVIDENCE_REQUIRED","ALL_BRIDGES"
"AP_BR_CAN2_00336","Unnamed Road Bridge - OSM 287755639","ROAD","","14.479978","79.990364","NH67","346.8","","346.8","","","","","","","","OSM_GEOMETRY_ONLY","MISSING","","","","False","False","False","False","False","False","False","False","False","WITHHELD","WITHHELD","WITHHELD","VERIFIED_ENGINEERING_EVIDENCE_REQUIRED","ALL_BRIDGES"
"AP_BR_CAN2_00337","Unnamed Road Bridge - OSM 287755650","ROAD","","14.478718","79.9886","NH67","389.64","","389.64","","","","","","","","OSM_GEOMETRY_ONLY","MISSING","","","","False","False","False","False","False","False","False","False","False","WITHHELD","WITHHELD","WITHHELD","VERIFIED_ENGINEERING_EVIDENCE_REQUIRED","ALL_BRIDGES"
"AP_BR_CAN2_00338","Unnamed Road Bridge - OSM 288592373","ROAD","","18.374555","83.989397","NH16","604.02","","604.02","","","","","","","","OSM_GEOMETRY_ONLY","MISSING","","","","False","False","False","False","False","False","False","False","False","WITHHELD","WITHHELD","WITHHELD","VERIFIED_ENGINEERING_EVIDENCE_REQUIRED","ALL_BRIDGES"
"AP_BR_CAN2_00339","Unnamed Road Bridge - OSM 289926820","ROAD","","16.936435","81.758343","SH204","930.28","","930.28","","","","","","","","OSM_GEOMETRY_ONLY","MISSING","","","","False","False","False","False","False","False","False","False","False","WITHHELD","WITHHELD","WITHHELD","VERIFIED_ENGINEERING_EVIDENCE_REQUIRED","ALL_BRIDGES"
"AP_BR_CAN2_00340","Unnamed Road Bridge - OSM 289926827","ROAD","","16.937182","81.776659","SH204","1494.09","","1494.09","","","","","","","","OSM_GEOMETRY_ONLY","MISSING","","","","False","False","False","False","False","False","False","False","False","WITHHELD","WITHHELD","WITHHELD","VERIFIED_ENGINEERING_EVIDENCE_REQUIRED","ALL_BRIDGES"
"AP_BR_CAN2_00341","Unnamed Road Bridge - OSM 291802663","ROAD","","14.579756","78.67345","NH716;NH544F","534.16","","534.16","","","","","","","","OSM_GEOMETRY_ONLY","MISSING","","","","False","False","False","False","False","False","False","False","False","WITHHELD","WITHHELD","WITHHELD","VERIFIED_ENGINEERING_EVIDENCE_REQUIRED","ALL_BRIDGES"
"AP_BR_CAN2_00343","Unnamed Road Bridge - OSM 291808170","ROAD","","14.673809","79.556673","NH67","307.42","","307.42","","","","","","","","OSM_GEOMETRY_ONLY","MISSING","","","","False","False","False","False","False","False","False","False","False","WITHHELD","WITHHELD","WITHHELD","VERIFIED_ENGINEERING_EVIDENCE_REQUIRED","ALL_BRIDGES"
"AP_BR_CAN2_00344","Unnamed Road Bridge - OSM 291808171","ROAD","","14.722413","79.018672","NH67","198.53","","198.53","","","","","","","","OSM_GEOMETRY_ONLY","MISSING","","","","False","False","False","False","False","False","False","False","False","WITHHELD","WITHHELD","WITHHELD","VERIFIED_ENGINEERING_EVIDENCE_REQUIRED","ALL_BRIDGES"
"AP_BR_CAN2_00345","Unnamed Road Bridge - OSM 293272311","ROAD","","16.683933","81.805442","NH216A","428.01","","428.01","","","","","","","","OSM_GEOMETRY_ONLY","MISSING","","","","False","False","False","False","False","False","False","False","False","WITHHELD","WITHHELD","WITHHELD","VERIFIED_ENGINEERING_EVIDENCE_REQUIRED","ALL_BRIDGES"
"AP_BR_CAN2_00346","Unnamed Road Bridge - OSM 293501825","ROAD","","15.861912","78.009844","NH44","640.4","","640.4","","","","","","","","OSM_GEOMETRY_ONLY","MISSING","","","","False","False","False","False","False","False","False","False","False","WITHHELD","WITHHELD","WITHHELD","VERIFIED_ENGINEERING_EVIDENCE_REQUIRED","ALL_BRIDGES"
"AP_BR_CAN2_00349","Unnamed Road Bridge - OSM 300914516","ROAD","","15.717136","79.305284","NH565","746.59","","746.59","","","","","","","","OSM_GEOMETRY_ONLY","MISSING","","","","False","False","False","False","False","False","False","False","False","WITHHELD","WITHHELD","WITHHELD","VERIFIED_ENGINEERING_EVIDENCE_REQUIRED","ALL_BRIDGES"
"AP_BR_CAN2_00351","Unnamed Road Bridge - OSM 308713944","ROAD","","14.93945","78.945238","NH167B","204.53","","204.53","","","","","","","","OSM_GEOMETRY_ONLY","MISSING","","","","False","False","False","False","False","False","False","False","False","WITHHELD","WITHHELD","WITHHELD","VERIFIED_ENGINEERING_EVIDENCE_REQUIRED","ALL_BRIDGES"
"AP_BR_CAN2_00355","Unnamed Road Bridge - OSM 309857550","ROAD","","16.299667","80.457696","MDR0105","601.38","","601.38","","","","","","","","OSM_GEOMETRY_ONLY","MISSING","","","","False","False","False","False","False","False","False","False","False","WITHHELD","WITHHELD","WITHHELD","VERIFIED_ENGINEERING_EVIDENCE_REQUIRED","ALL_BRIDGES"
"AP_BR_CAN2_00363","Unnamed Road Bridge - OSM 325519426","ROAD","","13.70355","80.011189","NH16","187.4","","187.4","","","","","","","","OSM_GEOMETRY_ONLY","MISSING","","","","False","False","False","False","False","False","False","False","False","WITHHELD","WITHHELD","WITHHELD","VERIFIED_ENGINEERING_EVIDENCE_REQUIRED","ALL_BRIDGES"
"AP_BR_CAN2_00364","Unnamed Road Bridge - OSM 325519427","ROAD","","13.703587","80.011066","NH16","183.69","","183.69","","","","","","","","OSM_GEOMETRY_ONLY","MISSING","","","","False","False","False","False","False","False","False","False","False","WITHHELD","WITHHELD","WITHHELD","VERIFIED_ENGINEERING_EVIDENCE_REQUIRED","ALL_BRIDGES"
"AP_BR_CAN2_00365","Unnamed Road Bridge - OSM 325745681","ROAD","","14.260212","79.11327","NH716","1023.33","","1023.33","","","","","","","","OSM_GEOMETRY_ONLY","MISSING","","","","False","False","False","False","False","False","False","False","False","WITHHELD","WITHHELD","WITHHELD","VERIFIED_ENGINEERING_EVIDENCE_REQUIRED","ALL_BRIDGES"
"AP_BR_CAN2_00366","Unnamed Road Bridge - OSM 331899736","ROAD","","13.444266","79.551091","MDR0359","763.93","","763.93","","","","","","","","OSM_GEOMETRY_ONLY","MISSING","","","","False","False","False","False","False","False","False","False","False","WITHHELD","WITHHELD","WITHHELD","VERIFIED_ENGINEERING_EVIDENCE_REQUIRED","ALL_BRIDGES"
"AP_BR_CAN2_00368","Unnamed Road Bridge - OSM 333089059","ROAD","","15.628694","77.895701","MDR073","412.19","","412.19","","","","","","","","OSM_GEOMETRY_ONLY","MISSING","","","","False","False","False","False","False","False","False","False","False","WITHHELD","WITHHELD","WITHHELD","VERIFIED_ENGINEERING_EVIDENCE_REQUIRED","ALL_BRIDGES"
"AP_BR_CAN2_00370","Unnamed Road Bridge - OSM 358386029","ROAD","","16.596554","80.892321","NH16","1476.83","","1476.83","","","","","","","","OSM_GEOMETRY_ONLY","MISSING","","","","False","False","False","False","False","False","False","False","False","WITHHELD","WITHHELD","WITHHELD","VERIFIED_ENGINEERING_EVIDENCE_REQUIRED","ALL_BRIDGES"
"AP_BR_CAN2_00380","Unnamed Road Bridge - OSM 379541612","ROAD","","17.038455","81.747599","NH16","4113.53","","4113.53","","","","","","","","OSM_GEOMETRY_ONLY","MISSING","","","","False","False","False","False","False","False","False","False","False","WITHHELD","WITHHELD","WITHHELD","VERIFIED_ENGINEERING_EVIDENCE_REQUIRED","ALL_BRIDGES"
"AP_BR_CAN2_00381","Unnamed Road Bridge - OSM 379541613","ROAD","","17.038265","81.746785","NH16","4116.92","","4116.92","","","","","","","","OSM_GEOMETRY_ONLY","MISSING","","","","False","False","False","False","False","False","False","False","False","WITHHELD","WITHHELD","WITHHELD","VERIFIED_ENGINEERING_EVIDENCE_REQUIRED","ALL_BRIDGES"
"AP_BR_CAN2_00382","Unnamed Road Bridge - OSM 389711577","ROAD","","15.94991","77.362237","NH167","462.4","","462.4","","","","","","","","OSM_GEOMETRY_ONLY","MISSING","","","","False","False","False","False","False","False","False","False","False","WITHHELD","WITHHELD","WITHHELD","VERIFIED_ENGINEERING_EVIDENCE_REQUIRED","ALL_BRIDGES"
"AP_BR_CAN2_00383","Unnamed Road Bridge - OSM 394357819","ROAD","","16.966064","82.236403","NH216","603.5","","603.5","","","","","","","","OSM_GEOMETRY_ONLY","MISSING","","","","False","False","False","False","False","False","False","False","False","WITHHELD","WITHHELD","WITHHELD","VERIFIED_ENGINEERING_EVIDENCE_REQUIRED","ALL_BRIDGES"
"AP_BR_CAN2_00384","Unnamed Road Bridge - OSM 394357824","ROAD","","16.966527","82.238974","MDR0211","354.15","","354.15","","","","","","","","OSM_GEOMETRY_ONLY","MISSING","","","","False","False","False","False","False","False","False","False","False","WITHHELD","WITHHELD","WITHHELD","VERIFIED_ENGINEERING_EVIDENCE_REQUIRED","ALL_BRIDGES"
"AP_BR_CAN2_00388","Unnamed Road Bridge - OSM 396791607","ROAD","","14.912782","79.989222","NH167BG","735.9","","735.9","","","","","","","","OSM_GEOMETRY_ONLY","MISSING","","","","False","False","False","False","False","False","False","False","False","WITHHELD","WITHHELD","WITHHELD","VERIFIED_ENGINEERING_EVIDENCE_REQUIRED","ALL_BRIDGES"
"AP_BR_CAN2_00389","Unnamed Road Bridge - OSM 396806476","ROAD","","14.012166","80.017034","SH377","242.92","","242.92","","","","","","","","OSM_GEOMETRY_ONLY","MISSING","","","","False","False","False","False","False","False","False","False","False","WITHHELD","WITHHELD","WITHHELD","VERIFIED_ENGINEERING_EVIDENCE_REQUIRED","ALL_BRIDGES"
"AP_BR_CAN2_00390","Unnamed Road Bridge - OSM 396962800","ROAD","","16.526047","80.676192","","696.19","","696.19","","","","","","","","OSM_GEOMETRY_ONLY","MISSING","","","","False","False","False","False","False","False","False","False","False","WITHHELD","WITHHELD","WITHHELD","VERIFIED_ENGINEERING_EVIDENCE_REQUIRED","ALL_BRIDGES"
"AP_BR_CAN2_00397","Unnamed Road Bridge - OSM 413992091","ROAD","","16.233412","80.053357","MDR0109","633.55","","633.55","","","","","","","","OSM_GEOMETRY_ONLY","MISSING","","","","False","False","False","False","False","False","False","False","False","WITHHELD","WITHHELD","WITHHELD","VERIFIED_ENGINEERING_EVIDENCE_REQUIRED","ALL_BRIDGES"
"AP_BR_CAN2_00398","Unnamed Road Bridge - OSM 449226572","ROAD","","17.716774","83.26835","","514.96","","514.96","","","","","","","","OSM_GEOMETRY_ONLY","MISSING","","","","False","False","False","False","False","False","False","False","False","WITHHELD","WITHHELD","WITHHELD","VERIFIED_ENGINEERING_EVIDENCE_REQUIRED","ALL_BRIDGES"
"AP_BR_CAN2_00399","Unnamed Road Bridge - OSM 45022241","ROAD","","18.374406","83.989554","NH16","621.63","","621.63","","","","","","","","OSM_GEOMETRY_ONLY","MISSING","","","","False","False","False","False","False","False","False","False","False","WITHHELD","WITHHELD","WITHHELD","VERIFIED_ENGINEERING_EVIDENCE_REQUIRED","ALL_BRIDGES"
"AP_BR_CAN2_00400","Unnamed Road Bridge - OSM 45068997","ROAD","","16.741138","81.077327","NH16","214.62","","214.62","","","","","","","","OSM_GEOMETRY_ONLY","MISSING","","","","False","False","False","False","False","False","False","False","False","WITHHELD","WITHHELD","WITHHELD","VERIFIED_ENGINEERING_EVIDENCE_REQUIRED","ALL_BRIDGES"
"AP_BR_CAN2_00405","Unnamed Road Bridge - OSM 487426230","ROAD","","17.71643","83.269278","","708.58","","708.58","","","","","","","","OSM_GEOMETRY_ONLY","MISSING","","","","False","False","False","False","False","False","False","False","False","WITHHELD","WITHHELD","WITHHELD","VERIFIED_ENGINEERING_EVIDENCE_REQUIRED","ALL_BRIDGES"
"AP_BR_CAN2_00406","Unnamed Road Bridge - OSM 487737363","ROAD","","16.962345","82.237737","MDR0211","270.89","","270.89","","","","","","","","OSM_GEOMETRY_ONLY","MISSING","","","","False","False","False","False","False","False","False","False","False","WITHHELD","WITHHELD","WITHHELD","VERIFIED_ENGINEERING_EVIDENCE_REQUIRED","ALL_BRIDGES"
"AP_BR_CAN2_00408","Unnamed Road Bridge - OSM 494877310","ROAD","","16.563727","81.033008","MDR061","381.7","","381.7","","","","","","","","OSM_GEOMETRY_ONLY","MISSING","","","","False","False","False","False","False","False","False","False","False","WITHHELD","WITHHELD","WITHHELD","VERIFIED_ENGINEERING_EVIDENCE_REQUIRED","ALL_BRIDGES"
"AP_BR_CAN2_00419","Unnamed Road Bridge - OSM 556976694","ROAD","","15.626418","77.264156","SH75","1024.74","","1024.74","","","","","","","","OSM_GEOMETRY_ONLY","MISSING","","","","False","False","False","False","False","False","False","False","False","WITHHELD","WITHHELD","WITHHELD","VERIFIED_ENGINEERING_EVIDENCE_REQUIRED","ALL_BRIDGES"
"AP_BR_CAN2_00424","Unnamed Road Bridge - OSM 566028955","ROAD","","15.761233","78.020815","NH40","208.42","","208.42","","","","","","","","OSM_GEOMETRY_ONLY","MISSING","","","","False","False","False","False","False","False","False","False","False","WITHHELD","WITHHELD","WITHHELD","VERIFIED_ENGINEERING_EVIDENCE_REQUIRED","ALL_BRIDGES"
"AP_BR_CAN2_00425","Unnamed Road Bridge - OSM 566028958","ROAD","","15.761335","78.020863","NH40","205.48","","205.48","","","","","","","","OSM_GEOMETRY_ONLY","MISSING","","","","False","False","False","False","False","False","False","False","False","WITHHELD","WITHHELD","WITHHELD","VERIFIED_ENGINEERING_EVIDENCE_REQUIRED","ALL_BRIDGES"
"AP_BR_CAN2_00428","Unnamed Road Bridge - OSM 567442395","ROAD","","14.258543","79.112921","","984.66","","984.66","","","","","","","","OSM_GEOMETRY_ONLY","MISSING","","","","False","False","False","False","False","False","False","False","False","WITHHELD","WITHHELD","WITHHELD","VERIFIED_ENGINEERING_EVIDENCE_REQUIRED","ALL_BRIDGES"
"AP_BR_CAN2_00429","Unnamed Road Bridge - OSM 568703896","ROAD","","19.095179","84.682488","NH16","175.2","","175.2","","","","","","","","OSM_GEOMETRY_ONLY","MISSING","","","","False","False","False","False","False","False","False","False","False","WITHHELD","WITHHELD","WITHHELD","VERIFIED_ENGINEERING_EVIDENCE_REQUIRED","ALL_BRIDGES"
"AP_BR_CAN2_00431","Unnamed Road Bridge - OSM 571948907","ROAD","","15.522105","77.920758","NH44","383.36","","383.36","","","","","","","","OSM_GEOMETRY_ONLY","MISSING","","","","False","False","False","False","False","False","False","False","False","WITHHELD","WITHHELD","WITHHELD","VERIFIED_ENGINEERING_EVIDENCE_REQUIRED","ALL_BRIDGES"
"AP_BR_CAN2_00432","Unnamed Road Bridge - OSM 571948908","ROAD","","15.522187","77.92067","NH44","367.44","","367.44","","","","","","","","OSM_GEOMETRY_ONLY","MISSING","","","","False","False","False","False","False","False","False","False","False","WITHHELD","WITHHELD","WITHHELD","VERIFIED_ENGINEERING_EVIDENCE_REQUIRED","ALL_BRIDGES"
"AP_BR_CAN2_00433","Unnamed Road Bridge - OSM 571948965","ROAD","","15.712175","77.996099","NH44","299.43","","299.43","","","","","","","","OSM_GEOMETRY_ONLY","MISSING","","","","False","False","False","False","False","False","False","False","False","WITHHELD","WITHHELD","WITHHELD","VERIFIED_ENGINEERING_EVIDENCE_REQUIRED","ALL_BRIDGES"
"AP_BR_CAN2_00434","Unnamed Road Bridge - OSM 571948969","ROAD","","15.712453","77.996093","NH44","298.02","","298.02","","","","","","","","OSM_GEOMETRY_ONLY","MISSING","","","","False","False","False","False","False","False","False","False","False","WITHHELD","WITHHELD","WITHHELD","VERIFIED_ENGINEERING_EVIDENCE_REQUIRED","ALL_BRIDGES"
"AP_BR_CAN2_00435","Unnamed Road Bridge - OSM 571948991","ROAD","","15.73035","78.00452","NH44","288.68","","288.68","","","","","","","","OSM_GEOMETRY_ONLY","MISSING","","","","False","False","False","False","False","False","False","False","False","WITHHELD","WITHHELD","WITHHELD","VERIFIED_ENGINEERING_EVIDENCE_REQUIRED","ALL_BRIDGES"
"AP_BR_CAN2_00436","Unnamed Road Bridge - OSM 571948995","ROAD","","15.730445","78.004427","NH44","289.11","","289.11","","","","","","","","OSM_GEOMETRY_ONLY","MISSING","","","","False","False","False","False","False","False","False","False","False","WITHHELD","WITHHELD","WITHHELD","VERIFIED_ENGINEERING_EVIDENCE_REQUIRED","ALL_BRIDGES"
"AP_BR_CAN2_00437","Unnamed Road Bridge - OSM 571985552","ROAD","","14.707636","77.597571","NH44","1280.98","","1280.98","","","","","","","","OSM_GEOMETRY_ONLY","MISSING","","","","False","False","False","False","False","False","False","False","False","WITHHELD","WITHHELD","WITHHELD","VERIFIED_ENGINEERING_EVIDENCE_REQUIRED","ALL_BRIDGES"
"AP_BR_CAN2_00438","Unnamed Road Bridge - OSM 571985587","ROAD","","15.194444","77.701886","NH44","236.82","","236.82","","","","","","","","OSM_GEOMETRY_ONLY","MISSING","","","","False","False","False","False","False","False","False","False","False","WITHHELD","WITHHELD","WITHHELD","VERIFIED_ENGINEERING_EVIDENCE_REQUIRED","ALL_BRIDGES"
"AP_BR_CAN2_00439","Unnamed Road Bridge - OSM 571985590","ROAD","","15.194712","77.701916","NH44","242.08","","242.08","","","","","","","","OSM_GEOMETRY_ONLY","MISSING","","","","False","False","False","False","False","False","False","False","False","WITHHELD","WITHHELD","WITHHELD","VERIFIED_ENGINEERING_EVIDENCE_REQUIRED","ALL_BRIDGES"
"AP_BR_CAN2_00440","Unnamed Road Bridge - OSM 580892130","ROAD","","15.151075","77.618502","SH33","828.4","","828.4","","","","","","","","OSM_GEOMETRY_ONLY","MISSING","","","","False","False","False","False","False","False","False","False","False","WITHHELD","WITHHELD","WITHHELD","VERIFIED_ENGINEERING_EVIDENCE_REQUIRED","ALL_BRIDGES"
"AP_BR_CAN2_00441","Unnamed Road Bridge - OSM 581942272","ROAD","","14.155301","79.864481","NH16","286.56","","286.56","","","","","","","","OSM_GEOMETRY_ONLY","MISSING","","","","False","False","False","False","False","False","False","False","False","WITHHELD","WITHHELD","WITHHELD","VERIFIED_ENGINEERING_EVIDENCE_REQUIRED","ALL_BRIDGES"
"AP_BR_CAN2_00442","Unnamed Road Bridge - OSM 581942274","ROAD","","14.155353","79.86435","NH16","260.51","","260.51","","","","","","","","OSM_GEOMETRY_ONLY","MISSING","","","","False","False","False","False","False","False","False","False","False","WITHHELD","WITHHELD","WITHHELD","VERIFIED_ENGINEERING_EVIDENCE_REQUIRED","ALL_BRIDGES"
"AP_BR_CAN2_00443","Unnamed Road Bridge - OSM 581946371","ROAD","","14.193432","79.872483","NH16","224.76","","224.76","","","","","","","","OSM_GEOMETRY_ONLY","MISSING","","","","False","False","False","False","False","False","False","False","False","WITHHELD","WITHHELD","WITHHELD","VERIFIED_ENGINEERING_EVIDENCE_REQUIRED","ALL_BRIDGES"
"AP_BR_CAN2_00444","Unnamed Road Bridge - OSM 581946372","ROAD","","14.193562","79.872295","NH16","222.81","","222.81","","","","","","","","OSM_GEOMETRY_ONLY","MISSING","","","","False","False","False","False","False","False","False","False","False","WITHHELD","WITHHELD","WITHHELD","VERIFIED_ENGINEERING_EVIDENCE_REQUIRED","ALL_BRIDGES"
"AP_BR_CAN2_00445","Unnamed Road Bridge - OSM 582025579","ROAD","","15.178666","80.011261","NH16","203.63","","203.63","","","","","","","","OSM_GEOMETRY_ONLY","MISSING","","","","False","False","False","False","False","False","False","False","False","WITHHELD","WITHHELD","WITHHELD","VERIFIED_ENGINEERING_EVIDENCE_REQUIRED","ALL_BRIDGES"
"AP_BR_CAN2_00446","Unnamed Road Bridge - OSM 582025580","ROAD","","15.178647","80.011443","NH16","198.71","","198.71","","","","","","","","OSM_GEOMETRY_ONLY","MISSING","","","","False","False","False","False","False","False","False","False","False","WITHHELD","WITHHELD","WITHHELD","VERIFIED_ENGINEERING_EVIDENCE_REQUIRED","ALL_BRIDGES"
"AP_BR_CAN2_00449","Unnamed Road Bridge - OSM 58614320","ROAD","","18.330845","83.884318","NH16","416.74","","416.74","","","","","","","","OSM_GEOMETRY_ONLY","MISSING","","","","False","False","False","False","False","False","False","False","False","WITHHELD","WITHHELD","WITHHELD","VERIFIED_ENGINEERING_EVIDENCE_REQUIRED","ALL_BRIDGES"
"AP_BR_CAN2_00451","Unnamed Road Bridge - OSM 588007121","ROAD","","15.497243","80.068612","NH16","693.37","","693.37","","","","","","","","OSM_GEOMETRY_ONLY","MISSING","","","","False","False","False","False","False","False","False","False","False","WITHHELD","WITHHELD","WITHHELD","VERIFIED_ENGINEERING_EVIDENCE_REQUIRED","ALL_BRIDGES"
"AP_BR_CAN2_00452","Unnamed Road Bridge - OSM 588007123","ROAD","","15.473033","80.053524","NH16","2024.53","","2024.53","","","","","","","","OSM_GEOMETRY_ONLY","MISSING","","","","False","False","False","False","False","False","False","False","False","WITHHELD","WITHHELD","WITHHELD","VERIFIED_ENGINEERING_EVIDENCE_REQUIRED","ALL_BRIDGES"
"AP_BR_CAN2_00453","Unnamed Road Bridge - OSM 588007124","ROAD","","15.497313","80.068447","NH16","691.68","","691.68","","","","","","","","OSM_GEOMETRY_ONLY","MISSING","","","","False","False","False","False","False","False","False","False","False","WITHHELD","WITHHELD","WITHHELD","VERIFIED_ENGINEERING_EVIDENCE_REQUIRED","ALL_BRIDGES"
"AP_BR_CAN2_00455","Unnamed Road Bridge - OSM 591387221","ROAD","","16.894412","80.139392","NH65","213.5","","213.5","","","","","","","","OSM_GEOMETRY_ONLY","MISSING","","","","False","False","False","False","False","False","False","False","False","WITHHELD","WITHHELD","WITHHELD","VERIFIED_ENGINEERING_EVIDENCE_REQUIRED","ALL_BRIDGES"
"AP_BR_CAN2_00456","Unnamed Road Bridge - OSM 591387223","ROAD","","16.894301","80.139673","NH65","212.53","","212.53","","","","","","","","OSM_GEOMETRY_ONLY","MISSING","","","","False","False","False","False","False","False","False","False","False","WITHHELD","WITHHELD","WITHHELD","VERIFIED_ENGINEERING_EVIDENCE_REQUIRED","ALL_BRIDGES"
"AP_BR_CAN2_00457","Unnamed Road Bridge - OSM 617251100","ROAD","","18.541422","83.533386","SH110","259.76","","259.76","","","","","","","","OSM_GEOMETRY_ONLY","MISSING","","","","False","False","False","False","False","False","False","False","False","WITHHELD","WITHHELD","WITHHELD","VERIFIED_ENGINEERING_EVIDENCE_REQUIRED","ALL_BRIDGES"
"AP_BR_CAN2_00458","Unnamed Road Bridge - OSM 624647603","ROAD","","15.472895","80.052972","NH16","2032.29","","2032.29","","","","","","","","OSM_GEOMETRY_ONLY","MISSING","","","","False","False","False","False","False","False","False","False","False","WITHHELD","WITHHELD","WITHHELD","VERIFIED_ENGINEERING_EVIDENCE_REQUIRED","ALL_BRIDGES"
"AP_BR_CAN2_00459","Unnamed Road Bridge - OSM 626334023","ROAD","","15.317578","80.028182","NH16","420.69","","420.69","","","","","","","","OSM_GEOMETRY_ONLY","MISSING","","","","False","False","False","False","False","False","False","False","False","WITHHELD","WITHHELD","WITHHELD","VERIFIED_ENGINEERING_EVIDENCE_REQUIRED","ALL_BRIDGES"
"AP_BR_CAN2_00460","Unnamed Road Bridge - OSM 626334028","ROAD","","15.317637","80.028359","NH16","414.4","","414.4","","","","","","","","OSM_GEOMETRY_ONLY","MISSING","","","","False","False","False","False","False","False","False","False","False","WITHHELD","WITHHELD","WITHHELD","VERIFIED_ENGINEERING_EVIDENCE_REQUIRED","ALL_BRIDGES"
"AP_BR_CAN2_00461","Unnamed Road Bridge - OSM 627108469","ROAD","","13.588753","80.034181","NH16","772.05","","772.05","","","","","","","","OSM_GEOMETRY_ONLY","MISSING","","","","False","False","False","False","False","False","False","False","False","WITHHELD","WITHHELD","WITHHELD","VERIFIED_ENGINEERING_EVIDENCE_REQUIRED","ALL_BRIDGES"
"AP_BR_CAN2_00462","Unnamed Road Bridge - OSM 627108471","ROAD","","13.588894","80.033914","NH16","714.06","","714.06","","","","","","","","OSM_GEOMETRY_ONLY","MISSING","","","","False","False","False","False","False","False","False","False","False","WITHHELD","WITHHELD","WITHHELD","VERIFIED_ENGINEERING_EVIDENCE_REQUIRED","ALL_BRIDGES"
"AP_BR_CAN2_00466","Unnamed Road Bridge - OSM 637279672","ROAD","","15.376083","80.04246","NH16","247.31","","247.31","","","","","","","","OSM_GEOMETRY_ONLY","MISSING","","","","False","False","False","False","False","False","False","False","False","WITHHELD","WITHHELD","WITHHELD","VERIFIED_ENGINEERING_EVIDENCE_REQUIRED","ALL_BRIDGES"
"AP_BR_CAN2_00467","Unnamed Road Bridge - OSM 637279674","ROAD","","15.376044","80.042295","NH16","248.96","","248.96","","","","","","","","OSM_GEOMETRY_ONLY","MISSING","","","","False","False","False","False","False","False","False","False","False","WITHHELD","WITHHELD","WITHHELD","VERIFIED_ENGINEERING_EVIDENCE_REQUIRED","ALL_BRIDGES"
"AP_BR_CAN2_00475","Unnamed Road Bridge - OSM 642533197","ROAD","","14.553415","79.980683","NH16","652.59","","652.59","","","","","","","","OSM_GEOMETRY_ONLY","MISSING","","","","False","False","False","False","False","False","False","False","False","WITHHELD","WITHHELD","WITHHELD","VERIFIED_ENGINEERING_EVIDENCE_REQUIRED","ALL_BRIDGES"
"AP_BR_CAN2_00478","Unnamed Road Bridge - OSM 644690387","ROAD","","14.56773","78.804777","","710.19","","710.19","","","","","","","","OSM_GEOMETRY_ONLY","MISSING","","","","False","False","False","False","False","False","False","False","False","WITHHELD","WITHHELD","WITHHELD","VERIFIED_ENGINEERING_EVIDENCE_REQUIRED","ALL_BRIDGES"
"AP_BR_CAN2_00481","Unnamed Road Bridge - OSM 654170719","ROAD","","16.086618","78.896797","","510.47","","510.47","","","","","","","","OSM_GEOMETRY_ONLY","MISSING","","","","False","False","False","False","False","False","False","False","False","WITHHELD","WITHHELD","WITHHELD","VERIFIED_ENGINEERING_EVIDENCE_REQUIRED","ALL_BRIDGES"
"AP_BR_CAN2_00484","Unnamed Road Bridge - OSM 666051226","ROAD","","18.722374","84.385943","MDR010","543.03","","543.03","","","","","","","","OSM_GEOMETRY_ONLY","MISSING","","","","False","False","False","False","False","False","False","False","False","WITHHELD","WITHHELD","WITHHELD","VERIFIED_ENGINEERING_EVIDENCE_REQUIRED","ALL_BRIDGES"
"AP_BR_CAN2_00485","Unnamed Road Bridge - OSM 666275362","ROAD","","15.426709","79.860241","MDR0101","253.68","","253.68","","","","","","","","OSM_GEOMETRY_ONLY","MISSING","","","","False","False","False","False","False","False","False","False","False","WITHHELD","WITHHELD","WITHHELD","VERIFIED_ENGINEERING_EVIDENCE_REQUIRED","ALL_BRIDGES"
"AP_BR_CAN2_00488","Unnamed Road Bridge - OSM 678191817","ROAD","","13.509091","79.891933","MDR028","305.47","","305.47","","","","","","","","OSM_GEOMETRY_ONLY","MISSING","","","","False","False","False","False","False","False","False","False","False","WITHHELD","WITHHELD","WITHHELD","VERIFIED_ENGINEERING_EVIDENCE_REQUIRED","ALL_BRIDGES"
"AP_BR_CAN2_00489","Unnamed Road Bridge - OSM 680510506","ROAD","","16.936016","81.747577","SH204","544.35","","544.35","","","","","","","","OSM_GEOMETRY_ONLY","MISSING","","","","False","False","False","False","False","False","False","False","False","WITHHELD","WITHHELD","WITHHELD","VERIFIED_ENGINEERING_EVIDENCE_REQUIRED","ALL_BRIDGES"
"AP_BR_CAN2_00490","Unnamed Road Bridge - OSM 680510508","ROAD","","16.935494","81.735403","SH204","822.76","","822.76","","","","","","","","OSM_GEOMETRY_ONLY","MISSING","","","","False","False","False","False","False","False","False","False","False","WITHHELD","WITHHELD","WITHHELD","VERIFIED_ENGINEERING_EVIDENCE_REQUIRED","ALL_BRIDGES"
"AP_BR_CAN2_00491","Unnamed Road Bridge - OSM 696733866","ROAD","","16.628138","79.48875","","582.92","","582.92","","","","","","","","OSM_GEOMETRY_ONLY","MISSING","","","","False","False","False","False","False","False","False","False","False","WITHHELD","WITHHELD","WITHHELD","VERIFIED_ENGINEERING_EVIDENCE_REQUIRED","ALL_BRIDGES"
"AP_BR_CAN2_00494","Unnamed Road Bridge - OSM 706804511","ROAD","","18.673946","84.438381","MDR0137","481.51","","481.51","","","","","","","","OSM_GEOMETRY_ONLY","MISSING","","","","False","False","False","False","False","False","False","False","False","WITHHELD","WITHHELD","WITHHELD","VERIFIED_ENGINEERING_EVIDENCE_REQUIRED","ALL_BRIDGES"
"AP_BR_CAN2_00495","Unnamed Road Bridge - OSM 711656226","ROAD","","15.880212","77.830464","","686.08","","686.08","","","","","","","","OSM_GEOMETRY_ONLY","MISSING","","","","False","False","False","False","False","False","False","False","False","WITHHELD","WITHHELD","WITHHELD","VERIFIED_ENGINEERING_EVIDENCE_REQUIRED","ALL_BRIDGES"
"AP_BR_CAN2_00496","Unnamed Road Bridge - OSM 712223903","ROAD","","15.956189","77.183917","","835.25","","835.25","","","","","","","","OSM_GEOMETRY_ONLY","MISSING","","","","False","False","False","False","False","False","False","False","False","WITHHELD","WITHHELD","WITHHELD","VERIFIED_ENGINEERING_EVIDENCE_REQUIRED","ALL_BRIDGES"
"AP_BR_CAN2_00499","Unnamed Road Bridge - OSM 732793219","ROAD","","15.946188","79.512691","MDR01","486.65","","486.65","","","","","","","","OSM_GEOMETRY_ONLY","MISSING","","","","False","False","False","False","False","False","False","False","False","WITHHELD","WITHHELD","WITHHELD","VERIFIED_ENGINEERING_EVIDENCE_REQUIRED","ALL_BRIDGES"
"AP_BR_CAN2_00500","Unnamed Road Bridge - OSM 738515651","ROAD","","16.771744","80.054819","","860.49","","860.49","","","","","","","","OSM_GEOMETRY_ONLY","MISSING","","","","False","False","False","False","False","False","False","False","False","WITHHELD","WITHHELD","WITHHELD","VERIFIED_ENGINEERING_EVIDENCE_REQUIRED","ALL_BRIDGES"
"AP_BR_CAN2_00501","Unnamed Road Bridge - OSM 738598913","ROAD","","15.616869","79.804438","","960.73","","960.73","","","","","","","","OSM_GEOMETRY_ONLY","MISSING","","","","False","False","False","False","False","False","False","False","False","WITHHELD","WITHHELD","WITHHELD","VERIFIED_ENGINEERING_EVIDENCE_REQUIRED","ALL_BRIDGES"
"AP_BR_CAN2_00503","Unnamed Road Bridge - OSM 741632679","ROAD","","16.804975","81.233394","NH16","209.13","","209.13","","","","","","","","OSM_GEOMETRY_ONLY","MISSING","","","","False","False","False","False","False","False","False","False","False","WITHHELD","WITHHELD","WITHHELD","VERIFIED_ENGINEERING_EVIDENCE_REQUIRED","ALL_BRIDGES"
"AP_BR_CAN2_00506","Unnamed Road Bridge - OSM 767782117","ROAD","","17.214755","81.63682","NH365BB","200.1","","200.1","","","","","","","","OSM_GEOMETRY_ONLY","MISSING","","","","False","False","False","False","False","False","False","False","False","WITHHELD","WITHHELD","WITHHELD","VERIFIED_ENGINEERING_EVIDENCE_REQUIRED","ALL_BRIDGES"
"AP_BR_CAN2_00513","Unnamed Road Bridge - OSM 792492795","ROAD","","18.665386","84.424518","","691.98","","691.98","","","","","","","","OSM_GEOMETRY_ONLY","MISSING","","","","False","False","False","False","False","False","False","False","False","WITHHELD","WITHHELD","WITHHELD","VERIFIED_ENGINEERING_EVIDENCE_REQUIRED","ALL_BRIDGES"
"AP_BR_CAN2_00515","Unnamed Road Bridge - OSM 799550889","ROAD","","15.388563","78.509303","NH40;NH544F","522.01","","522.01","","","","","","","","OSM_GEOMETRY_ONLY","MISSING","","","","False","False","False","False","False","False","False","False","False","WITHHELD","WITHHELD","WITHHELD","VERIFIED_ENGINEERING_EVIDENCE_REQUIRED","ALL_BRIDGES"
"AP_BR_CAN2_00516","Unnamed Road Bridge - OSM 799550890","ROAD","","15.388571","78.509186","NH40;NH544F","521.91","","521.91","","","","","","","","OSM_GEOMETRY_ONLY","MISSING","","","","False","False","False","False","False","False","False","False","False","WITHHELD","WITHHELD","WITHHELD","VERIFIED_ENGINEERING_EVIDENCE_REQUIRED","ALL_BRIDGES"
"AP_BR_CAN2_00522","Unnamed Road Bridge - OSM 814348007","ROAD","","15.510434","78.338591","NH40","178.29","","178.29","","","","","","","","OSM_GEOMETRY_ONLY","MISSING","","","","False","False","False","False","False","False","False","False","False","WITHHELD","WITHHELD","WITHHELD","VERIFIED_ENGINEERING_EVIDENCE_REQUIRED","ALL_BRIDGES"
"AP_BR_CAN2_00523","Unnamed Road Bridge - OSM 814348011","ROAD","","15.510491","78.338623","NH40","178.08","","178.08","","","","","","","","OSM_GEOMETRY_ONLY","MISSING","","","","False","False","False","False","False","False","False","False","False","WITHHELD","WITHHELD","WITHHELD","VERIFIED_ENGINEERING_EVIDENCE_REQUIRED","ALL_BRIDGES"
"AP_BR_CAN2_00524","Unnamed Road Bridge - OSM 814348013","ROAD","","15.509317","78.340941","NH40","168.45","","168.45","","","","","","","","OSM_GEOMETRY_ONLY","MISSING","","","","False","False","False","False","False","False","False","False","False","WITHHELD","WITHHELD","WITHHELD","VERIFIED_ENGINEERING_EVIDENCE_REQUIRED","ALL_BRIDGES"
"AP_BR_CAN2_00525","Unnamed Road Bridge - OSM 814348021","ROAD","","15.50924","78.340923","NH40","171.73","","171.73","","","","","","","","OSM_GEOMETRY_ONLY","MISSING","","","","False","False","False","False","False","False","False","False","False","WITHHELD","WITHHELD","WITHHELD","VERIFIED_ENGINEERING_EVIDENCE_REQUIRED","ALL_BRIDGES"
"AP_BR_CAN2_00527","Unnamed Road Bridge - OSM 824068231","ROAD","","16.574457","79.311294","","1312.4","","1312.4","","","","","","","","OSM_GEOMETRY_ONLY","MISSING","","","","False","False","False","False","False","False","False","False","False","WITHHELD","WITHHELD","WITHHELD","VERIFIED_ENGINEERING_EVIDENCE_REQUIRED","ALL_BRIDGES"
"AP_BR_CAN2_00528","Unnamed Road Bridge - OSM 824648209","ROAD","","14.458852","78.812053","","547.87","","547.87","","","","","","","","OSM_GEOMETRY_ONLY","MISSING","","","","False","False","False","False","False","False","False","False","False","WITHHELD","WITHHELD","WITHHELD","VERIFIED_ENGINEERING_EVIDENCE_REQUIRED","ALL_BRIDGES"
"AP_BR_CAN2_00529","Unnamed Road Bridge - OSM 826036568","ROAD","","17.819183","81.405354","NH326","335.5","","335.5","","","","","","","","OSM_GEOMETRY_ONLY","MISSING","","","","False","False","False","False","False","False","False","False","False","WITHHELD","WITHHELD","WITHHELD","VERIFIED_ENGINEERING_EVIDENCE_REQUIRED","ALL_BRIDGES"
"AP_BR_CAN2_00530","Unnamed Road Bridge - OSM 826596404","ROAD","","16.190354","80.26092","NH16","465.64","","465.64","","","","","","","","OSM_GEOMETRY_ONLY","MISSING","","","","False","False","False","False","False","False","False","False","False","WITHHELD","WITHHELD","WITHHELD","VERIFIED_ENGINEERING_EVIDENCE_REQUIRED","ALL_BRIDGES"
"AP_BR_CAN2_00531","Unnamed Road Bridge - OSM 826596472","ROAD","","16.282211","80.399337","NH16","380.43","","380.43","","","","","","","","OSM_GEOMETRY_ONLY","MISSING","","","","False","False","False","False","False","False","False","False","False","WITHHELD","WITHHELD","WITHHELD","VERIFIED_ENGINEERING_EVIDENCE_REQUIRED","ALL_BRIDGES"
"AP_BR_CAN2_00532","Unnamed Road Bridge - OSM 826596473","ROAD","","16.282344","80.399371","NH16","381.28","","381.28","","","","","","","","OSM_GEOMETRY_ONLY","MISSING","","","","False","False","False","False","False","False","False","False","False","WITHHELD","WITHHELD","WITHHELD","VERIFIED_ENGINEERING_EVIDENCE_REQUIRED","ALL_BRIDGES"
"AP_BR_CAN2_00537","Unnamed Road Bridge - OSM 831640720","ROAD","","14.689319","77.584039","NH44","661.92","","661.92","","","","","","","","OSM_GEOMETRY_ONLY","MISSING","","","","False","False","False","False","False","False","False","False","False","WITHHELD","WITHHELD","WITHHELD","VERIFIED_ENGINEERING_EVIDENCE_REQUIRED","ALL_BRIDGES"
"AP_BR_CAN2_00538","Unnamed Road Bridge - OSM 831640721","ROAD","","14.689273","77.584162","NH44","658.18","","658.18","","","","","","","","OSM_GEOMETRY_ONLY","MISSING","","","","False","False","False","False","False","False","False","False","False","WITHHELD","WITHHELD","WITHHELD","VERIFIED_ENGINEERING_EVIDENCE_REQUIRED","ALL_BRIDGES"
"AP_BR_CAN2_00539","Unnamed Road Bridge - OSM 838908503","ROAD","","14.7913","77.083127","SH416","499.61","","499.61","","","","","","","","OSM_GEOMETRY_ONLY","MISSING","","","","False","False","False","False","False","False","False","False","False","WITHHELD","WITHHELD","WITHHELD","VERIFIED_ENGINEERING_EVIDENCE_REQUIRED","ALL_BRIDGES"
"AP_BR_CAN2_00544","Unnamed Road Bridge - OSM 849662463","ROAD","","16.300526","80.458418","MDR0105","597.9","","597.9","","","","","","","","OSM_GEOMETRY_ONLY","MISSING","","","","False","False","False","False","False","False","False","False","False","WITHHELD","WITHHELD","WITHHELD","VERIFIED_ENGINEERING_EVIDENCE_REQUIRED","ALL_BRIDGES"
"AP_BR_CAN2_00545","Unnamed Road Bridge - OSM 849700052","ROAD","","16.199627","80.815377","MDR0129","607.83","","607.83","","","","","","","","OSM_GEOMETRY_ONLY","MISSING","","","","False","False","False","False","False","False","False","False","False","WITHHELD","WITHHELD","WITHHELD","VERIFIED_ENGINEERING_EVIDENCE_REQUIRED","ALL_BRIDGES"
"AP_BR_CAN2_00548","Unnamed Road Bridge - OSM 85132314","ROAD","","16.69031","81.81313","NH216A","1306.06","","1306.06","","","","","","","","OSM_GEOMETRY_ONLY","MISSING","","","","False","False","False","False","False","False","False","False","False","WITHHELD","WITHHELD","WITHHELD","VERIFIED_ENGINEERING_EVIDENCE_REQUIRED","ALL_BRIDGES"
"AP_BR_CAN2_00549","Unnamed Road Bridge - OSM 851480108","ROAD","","15.456733","80.047767","NH16","749.16","","749.16","","","","","","","","OSM_GEOMETRY_ONLY","MISSING","","","","False","False","False","False","False","False","False","False","False","WITHHELD","WITHHELD","WITHHELD","VERIFIED_ENGINEERING_EVIDENCE_REQUIRED","ALL_BRIDGES"
"AP_BR_CAN2_00550","Unnamed Road Bridge - OSM 851480111","ROAD","","15.456721","80.0479","NH16","748.1","","748.1","","","","","","","","OSM_GEOMETRY_ONLY","MISSING","","","","False","False","False","False","False","False","False","False","False","WITHHELD","WITHHELD","WITHHELD","VERIFIED_ENGINEERING_EVIDENCE_REQUIRED","ALL_BRIDGES"
"AP_BR_CAN2_00551","Unnamed Road Bridge - OSM 852292469","ROAD","","15.516195","80.069846","NH16","1085.33","","1085.33","","","","","","","","OSM_GEOMETRY_ONLY","MISSING","","","","False","False","False","False","False","False","False","False","False","WITHHELD","WITHHELD","WITHHELD","VERIFIED_ENGINEERING_EVIDENCE_REQUIRED","ALL_BRIDGES"
"AP_BR_CAN2_00552","Unnamed Road Bridge - OSM 852292470","ROAD","","15.516087","80.070143","NH16","1091.11","","1091.11","","","","","","","","OSM_GEOMETRY_ONLY","MISSING","","","","False","False","False","False","False","False","False","False","False","WITHHELD","WITHHELD","WITHHELD","VERIFIED_ENGINEERING_EVIDENCE_REQUIRED","ALL_BRIDGES"
"AP_BR_CAN2_00554","Unnamed Road Bridge - OSM 853664884","ROAD","","15.303229","80.028148","NH16","802.3","","802.3","","","","","","","","OSM_GEOMETRY_ONLY","MISSING","","","","False","False","False","False","False","False","False","False","False","WITHHELD","WITHHELD","WITHHELD","VERIFIED_ENGINEERING_EVIDENCE_REQUIRED","ALL_BRIDGES"
"AP_BR_CAN2_00555","Unnamed Road Bridge - OSM 853664885","ROAD","","15.303248","80.027991","NH16","801.67","","801.67","","","","","","","","OSM_GEOMETRY_ONLY","MISSING","","","","False","False","False","False","False","False","False","False","False","WITHHELD","WITHHELD","WITHHELD","VERIFIED_ENGINEERING_EVIDENCE_REQUIRED","ALL_BRIDGES"
"AP_BR_CAN2_00556","Unnamed Road Bridge - OSM 854500437","ROAD","","16.190469","80.260863","NH16","460.51","","460.51","","","","","","","","OSM_GEOMETRY_ONLY","MISSING","","","","False","False","False","False","False","False","False","False","False","WITHHELD","WITHHELD","WITHHELD","VERIFIED_ENGINEERING_EVIDENCE_REQUIRED","ALL_BRIDGES"
"AP_BR_CAN2_00557","Unnamed Road Bridge - OSM 874509722","ROAD","","18.324609","84.124493","MDRMDR0147","262.88","","262.88","","","","","","","","OSM_GEOMETRY_ONLY","MISSING","","","","False","False","False","False","False","False","False","False","False","WITHHELD","WITHHELD","WITHHELD","VERIFIED_ENGINEERING_EVIDENCE_REQUIRED","ALL_BRIDGES"
"AP_BR_CAN2_00560","Unnamed Road Bridge - OSM 877458357","ROAD","","18.333861","83.891783","NH16","576.9","","576.9","","","","","","","","OSM_GEOMETRY_ONLY","MISSING","","","","False","False","False","False","False","False","False","False","False","WITHHELD","WITHHELD","WITHHELD","VERIFIED_ENGINEERING_EVIDENCE_REQUIRED","ALL_BRIDGES"
"AP_BR_CAN2_00561","Unnamed Road Bridge - OSM 877458360","ROAD","","18.334046","83.891636","NH16","594.13","","594.13","","","","","","","","OSM_GEOMETRY_ONLY","MISSING","","","","False","False","False","False","False","False","False","False","False","WITHHELD","WITHHELD","WITHHELD","VERIFIED_ENGINEERING_EVIDENCE_REQUIRED","ALL_BRIDGES"
"AP_BR_CAN2_00562","Unnamed Road Bridge - OSM 881861638","ROAD","","17.669749","83.157776","","1973.59","","1973.59","","","","","","","","OSM_GEOMETRY_ONLY","MISSING","","","","False","False","False","False","False","False","False","False","False","WITHHELD","WITHHELD","WITHHELD","VERIFIED_ENGINEERING_EVIDENCE_REQUIRED","ALL_BRIDGES"
"AP_BR_CAN2_00565","Unnamed Road Bridge - OSM 891688120","ROAD","","14.616795","79.980928","NH16","702.06","","702.06","","","","","","","","OSM_GEOMETRY_ONLY","MISSING","","","","False","False","False","False","False","False","False","False","False","WITHHELD","WITHHELD","WITHHELD","VERIFIED_ENGINEERING_EVIDENCE_REQUIRED","ALL_BRIDGES"
"AP_BR_CAN2_00566","Unnamed Road Bridge - OSM 891688122","ROAD","","14.616785","79.980786","NH16","699.85","","699.85","","","","","","","","OSM_GEOMETRY_ONLY","MISSING","","","","False","False","False","False","False","False","False","False","False","WITHHELD","WITHHELD","WITHHELD","VERIFIED_ENGINEERING_EVIDENCE_REQUIRED","ALL_BRIDGES"
"AP_BR_CAN2_00567","Unnamed Road Bridge - OSM 892353885","ROAD","","14.553226","79.980919","NH16","689.29","","689.29","","","","","","","","OSM_GEOMETRY_ONLY","MISSING","","","","False","False","False","False","False","False","False","False","False","WITHHELD","WITHHELD","WITHHELD","VERIFIED_ENGINEERING_EVIDENCE_REQUIRED","ALL_BRIDGES"
"AP_BR_CAN2_00568","Unnamed Road Bridge - OSM 892353904","ROAD","","14.565844","79.985941","NH16","801.09","","801.09","","","","","","","","OSM_GEOMETRY_ONLY","MISSING","","","","False","False","False","False","False","False","False","False","False","WITHHELD","WITHHELD","WITHHELD","VERIFIED_ENGINEERING_EVIDENCE_REQUIRED","ALL_BRIDGES"
"AP_BR_CAN2_00569","Unnamed Road Bridge - OSM 892353906","ROAD","","14.565682","79.985792","NH16","773.11","","773.11","","","","","","","","OSM_GEOMETRY_ONLY","MISSING","","","","False","False","False","False","False","False","False","False","False","WITHHELD","WITHHELD","WITHHELD","VERIFIED_ENGINEERING_EVIDENCE_REQUIRED","ALL_BRIDGES"
"AP_BR_CAN2_00571","Unnamed Road Bridge - OSM 899241805","ROAD","","16.014244","81.065074","","530.32","","530.32","","","","","","","","OSM_GEOMETRY_ONLY","MISSING","","","","False","False","False","False","False","False","False","False","False","WITHHELD","WITHHELD","WITHHELD","VERIFIED_ENGINEERING_EVIDENCE_REQUIRED","ALL_BRIDGES"
"AP_BR_CAN2_00573","Unnamed Road Bridge - OSM 91559451","ROAD","","16.038895","80.884717","NH216","2580.37","","2580.37","","","","","","","","OSM_GEOMETRY_ONLY","MISSING","","","","False","False","False","False","False","False","False","False","False","WITHHELD","WITHHELD","WITHHELD","VERIFIED_ENGINEERING_EVIDENCE_REQUIRED","ALL_BRIDGES"
"AP_BR_CAN2_00574","Unnamed Road Bridge - OSM 91559461","ROAD","","16.045424","80.907191","NH216","394.29","","394.29","","","","","","","","OSM_GEOMETRY_ONLY","MISSING","","","","False","False","False","False","False","False","False","False","False","WITHHELD","WITHHELD","WITHHELD","VERIFIED_ENGINEERING_EVIDENCE_REQUIRED","ALL_BRIDGES"
"AP_BR_CAN2_00575","Unnamed Road Bridge - OSM 92192399","ROAD","","14.472898","79.99077","","754.28","","754.28","","","","","","","","OSM_GEOMETRY_ONLY","MISSING","","","","False","False","False","False","False","False","False","False","False","WITHHELD","WITHHELD","WITHHELD","VERIFIED_ENGINEERING_EVIDENCE_REQUIRED","ALL_BRIDGES"
"AP_BR_CAN2_00576","Unnamed Road Bridge - OSM 959070870","ROAD","","17.563463","82.8612","SH157","636.38","","636.38","","","","","","","","OSM_GEOMETRY_ONLY","MISSING","","","","False","False","False","False","False","False","False","False","False","WITHHELD","WITHHELD","WITHHELD","VERIFIED_ENGINEERING_EVIDENCE_REQUIRED","ALL_BRIDGES"
"AP_BR_CAN2_00487","Vatsavai - Penuganchiprolu Road","ROAD","","16.906819","80.250391","","756.47","","756.47","","","","","","","","OSM_GEOMETRY_ONLY","MISSING","","","","False","False","False","False","False","False","False","False","False","WITHHELD","WITHHELD","WITHHELD","VERIFIED_ENGINEERING_EVIDENCE_REQUIRED","ALL_BRIDGES"
"AP_BR_CAN2_00393","Veduruparthi Bridge","ROAD","","17.658838","82.964063","","120.52","","120.52","","","","","","","","OSM_GEOMETRY_ONLY","MISSING","","","","False","False","False","False","False","False","False","False","False","WITHHELD","WITHHELD","WITHHELD","VERIFIED_ENGINEERING_EVIDENCE_REQUIRED","ALL_BRIDGES"
"AP_BR_CAN2_00542","Veleru Bypass Road","ROAD","","16.642816","80.9471","MDR095","964.68","","964.68","","","","","","","","OSM_GEOMETRY_ONLY","MISSING","","","","False","False","False","False","False","False","False","False","False","WITHHELD","WITHHELD","WITHHELD","VERIFIED_ENGINEERING_EVIDENCE_REQUIRED","ALL_BRIDGES"
"AP_BR_CAN2_00473","Velugodu - Gadivemula - Kalva - Veldurthi - Krishnagiri - P Kota Konda - Devarabanda","ROAD","","15.547609","77.888884","SH31","306.01","","306.01","","","","","","","","OSM_GEOMETRY_ONLY","MISSING","","","","False","False","False","False","False","False","False","False","False","WITHHELD","WITHHELD","WITHHELD","VERIFIED_ENGINEERING_EVIDENCE_REQUIRED","ALL_BRIDGES"
"AP_BR_CAN2_00504","Vepulamitta Road","ROAD","","14.128711","78.822446","MDR010","283.01","","283.01","","","","","","","","OSM_GEOMETRY_ONLY","MISSING","","","","False","False","False","False","False","False","False","False","False","WITHHELD","WITHHELD","WITHHELD","VERIFIED_ENGINEERING_EVIDENCE_REQUIRED","ALL_BRIDGES"
"AP_BR_CAN2_00096","Vijayawada - Machilipatnam Road","ROAD","","16.36048","80.880271","NH65","345.54","","345.54","","","","","","","","OSM_GEOMETRY_ONLY","MISSING","","","","False","False","False","False","False","False","False","False","False","WITHHELD","WITHHELD","WITHHELD","VERIFIED_ENGINEERING_EVIDENCE_REQUIRED","ALL_BRIDGES"
"AP_BR_CAN2_00094","Vijayawada - Machilipatnam Road","ROAD","","16.316386","80.979664","NH65","717.24","","717.24","","","","","","","","OSM_GEOMETRY_ONLY","MISSING","","","","False","False","False","False","False","False","False","False","False","WITHHELD","WITHHELD","WITHHELD","VERIFIED_ENGINEERING_EVIDENCE_REQUIRED","ALL_BRIDGES"
"AP_BR_CAN2_00095","Vijayawada - Machilipatnam Road","ROAD","","16.334688","80.923102","NH65","1873.79","","1873.79","","","","","","","","OSM_GEOMETRY_ONLY","MISSING","","","","False","False","False","False","False","False","False","False","False","WITHHELD","WITHHELD","WITHHELD","VERIFIED_ENGINEERING_EVIDENCE_REQUIRED","ALL_BRIDGES"
"AP_BR_CAN2_00128","Vijayawada West Bypass","ROAD","","16.564158","80.585193","NH16","1095.33","","1095.33","","","","","","","","OSM_GEOMETRY_ONLY","MISSING","","","","False","False","False","False","False","False","False","False","False","WITHHELD","WITHHELD","WITHHELD","VERIFIED_ENGINEERING_EVIDENCE_REQUIRED","ALL_BRIDGES"
"AP_BR_CAN2_00127","Vijayawada West Bypass","ROAD","","16.558917","80.813479","NH16","513.19","","513.19","","","","","","","","OSM_GEOMETRY_ONLY","MISSING","","","","False","False","False","False","False","False","False","False","False","WITHHELD","WITHHELD","WITHHELD","VERIFIED_ENGINEERING_EVIDENCE_REQUIRED","ALL_BRIDGES"
"AP_BR_CAN2_00130","Vijayawada West Bypass","ROAD","","16.472291","80.543259","NH16","746.48","","746.48","","","","","","","","OSM_GEOMETRY_ONLY","MISSING","","","","False","False","False","False","False","False","False","False","False","WITHHELD","WITHHELD","WITHHELD","VERIFIED_ENGINEERING_EVIDENCE_REQUIRED","ALL_BRIDGES"
"AP_BR_CAN2_00129","Vijayawada West Bypass","ROAD","","16.536872","80.558666","NH16","6897.07","","6897.07","","","","","","","","OSM_GEOMETRY_ONLY","MISSING","","","","False","False","False","False","False","False","False","False","False","WITHHELD","WITHHELD","WITHHELD","VERIFIED_ENGINEERING_EVIDENCE_REQUIRED","ALL_BRIDGES"
"AP_BR_CAN2_00417","Vinukonda - Mupparajuvaripalem Road","ROAD","","16.013365","79.741673","SH344","360.82","","360.82","","","","","","","","OSM_GEOMETRY_ONLY","MISSING","","","","False","False","False","False","False","False","False","False","False","WITHHELD","WITHHELD","WITHHELD","VERIFIED_ENGINEERING_EVIDENCE_REQUIRED","ALL_BRIDGES"
"AP_BR_CAN2_00391","Vizianagaram - Bhimasingi - Kottavalasa Road","ROAD","","17.967872","83.222144","SH134","994.41","","994.41","","","","","","","","OSM_GEOMETRY_ONLY","MISSING","","","","False","False","False","False","False","False","False","False","False","WITHHELD","WITHHELD","WITHHELD","VERIFIED_ENGINEERING_EVIDENCE_REQUIRED","ALL_BRIDGES"
"AP_BR_CAN2_00392","Vizianagaram - Bhimasingi - Kottavalasa Road","ROAD","","18.043494","83.302478","SH134","1011.03","","1011.03","","","","","","","","OSM_GEOMETRY_ONLY","MISSING","","","","False","False","False","False","False","False","False","False","False","WITHHELD","WITHHELD","WITHHELD","VERIFIED_ENGINEERING_EVIDENCE_REQUIRED","ALL_BRIDGES"
"AP_BR_CAN2_00465","Vizianagaram - Nellimarla Road","ROAD","","18.149923","83.443173","SH6","627.74","","627.74","","","","","","","","OSM_GEOMETRY_ONLY","MISSING","","","","False","False","False","False","False","False","False","False","False","WITHHELD","WITHHELD","WITHHELD","VERIFIED_ENGINEERING_EVIDENCE_REQUIRED","ALL_BRIDGES"
"AP_BR_CAN2_00093","Vizianagaram - Padmanabham - Sontyam Road","ROAD","","17.986198","83.331237","SH138","201.4","","201.4","","","","","","","","OSM_GEOMETRY_ONLY","MISSING","","","","False","False","False","False","False","False","False","False","False","WITHHELD","WITHHELD","WITHHELD","VERIFIED_ENGINEERING_EVIDENCE_REQUIRED","ALL_BRIDGES"
"AP_BR_CAN2_00361","Vizianagaram - Palakonda Road","ROAD","","18.283318","83.534841","SH6","828.99","","828.99","","","","","","","","OSM_GEOMETRY_ONLY","MISSING","","","","False","False","False","False","False","False","False","False","False","WITHHELD","WITHHELD","WITHHELD","VERIFIED_ENGINEERING_EVIDENCE_REQUIRED","ALL_BRIDGES"
"AP_BR_CAN2_00360","Vizianagaram - Palakonda Road","ROAD","","18.57039","83.736706","SH6","353.12","","353.12","","","","","","","","OSM_GEOMETRY_ONLY","MISSING","","","","False","False","False","False","False","False","False","False","False","WITHHELD","WITHHELD","WITHHELD","VERIFIED_ENGINEERING_EVIDENCE_REQUIRED","ALL_BRIDGES"
"AP_BR_CAN2_00148","Vizianagaram - S Kota Road","ROAD","","18.167548","83.190931","NH516E","375.62","","375.62","","","","","","","","OSM_GEOMETRY_ONLY","MISSING","","","","False","False","False","False","False","False","False","False","False","WITHHELD","WITHHELD","WITHHELD","VERIFIED_ENGINEERING_EVIDENCE_REQUIRED","ALL_BRIDGES"
"AP_BR_CAN2_00085","Vizianagaram Bypass","ROAD","","18.072557","83.357193","NH26","307.39","","307.39","","","","","","","","OSM_GEOMETRY_ONLY","MISSING","","","","False","False","False","False","False","False","False","False","False","WITHHELD","WITHHELD","WITHHELD","VERIFIED_ENGINEERING_EVIDENCE_REQUIRED","ALL_BRIDGES"
"AP_BR_CAN2_00546","Yelamalakuduru bridge","ROAD","","16.482682","80.668425","","71.76","","71.76","","","","","","","","OSM_GEOMETRY_ONLY","MISSING","","","","False","False","False","False","False","False","False","False","False","WITHHELD","WITHHELD","WITHHELD","VERIFIED_ENGINEERING_EVIDENCE_REQUIRED","ALL_BRIDGES"
"AP_BR_CAN2_00386","Yelamanchili - Gajuwaka Road","ROAD","","17.52786","82.902856","SH157","306.09","","306.09","","","","","","","","OSM_GEOMETRY_ONLY","MISSING","","","","False","False","False","False","False","False","False","False","False","WITHHELD","WITHHELD","WITHHELD","VERIFIED_ENGINEERING_EVIDENCE_REQUIRED","ALL_BRIDGES"
"AP_BR_CAN2_00509","Yerraguntla - Vempalle Road","ROAD","","14.452125","78.469618","NH440","264.38","","264.38","","","","","","","","OSM_GEOMETRY_ONLY","MISSING","","","","False","False","False","False","False","False","False","False","False","WITHHELD","WITHHELD","WITHHELD","VERIFIED_ENGINEERING_EVIDENCE_REQUIRED","ALL_BRIDGES"
