source_id,document,page,ml8d_classification,review_tier,canonical_asset_count,canonical_asset_codes,canonical_asset_names,inspection_context,condition_words,rating_values,defect_words,bridge_identifiers,candidate_training_label,verified_for_ml,manual_review_required,page_text_excerpt
NHAI_AP_GIDDALUR_VINUKONDA,NHAI_Giddalur_Vinukonda_NH544D.pdf,19,IDENTIFIED_BRIDGE_CONDITION_CANDIDATE,D_INSUFFICIENT_FOR_LABEL,0,,,False,,,,Km.212.983; Km 213.000; Km 322.800; Km 322.840,False,False,True,"to augment the existing road from design Km.212.983 (Existing Km 213.000) to Design Km 322.800 (existing Km 322.840)(Design Length 112.797km) on the section of National Highway No. 544D (hereinafter called the ""NH-544D"") in the State of Andhra Pradesh by Two-Laning thereof (the ""Project"") on design, build, operate and transfer (the ""DBOT Annuity"" or ""Hybrid Annuity"") basis, which shall be partly financed by the Concessionaire who shall recover its investment and costs through payments to be made by the Authority, in accordance with the terms and conditions to be set forth in a concession agreement to be entered into. (B) The Authority had adopted a single stage two envelope bidding process and accordingly invited proposals by its Request for Proposals dated 22.12.2017 (the ""Request for Proposals"" or ""RFP"") for qualification and selection of bidders for construction, operation and maintenance of the above referred Project on Hybrid Annuity basis. (C) The Authority had prescribed the technical and commercial terms and conditions in the RFP, and invited bids comprising technical and financial bids from the bidders for undertaking the Project. (D) After evaluation of the bids received, the Authority had technically qualified certain bidders including, interalia, the selected bidder c"
NHAI_AP_GIDDALUR_VINUKONDA,NHAI_Giddalur_Vinukonda_NH544D.pdf,20,IDENTIFIED_BRIDGE_CONDITION_CANDIDATE,D_INSUFFICIENT_FOR_LABEL,0,,,False,,,,km 212.983; km 213.000; km 322.840,False,False,True,"National Highways Authority of India Concession Agreement ARTICLE 1 DEFINITIONS AND INTERPRETATION 1.1 Definitions The words and expressions beginning with capital letters and defined in this Agreement (including those in Article 42) shall, unless the context otherwise requires, have the meaning ascribed thereto herein, and the words and expressions defined in the Schedules and used therein shall have the meaning ascribed thereto in the Schedules. 1.2 Interpretation 1.2.1 In this Agreement, unless the context otherwise requires, .': (a) references to any legislation or any provision thereof shall include amendment or re-enactment or consolidation of such legislation or any provision thereof so far as such amendment or re-enactment or consolidation applies or is capable of applying to any transaction entered into hereunder; (b) references to laws of India or Indian law or regulation having the force of law shall include the laws, acts, ordinances, rules, regulations, bye laws or notifications which have the force of law in the territory of India and as from time to time may be amended, modified, supplemented, extended or re­ enacted; t.(c) references to a ""person"" and words denoting a natural person shall be !-; ~ construed as a reference to any individual, firm, company, corporat"
NHAI_AP_GIDDALUR_VINUKONDA,NHAI_Giddalur_Vinukonda_NH544D.pdf,26,IDENTIFIED_BRIDGE_CONDITION_CANDIDATE,D_INSUFFICIENT_FOR_LABEL,0,,,False,,,,km 212.983; km 213.000; km 322.800; km 322.840,False,False,True,"National Highways Authority of India Concession Agreement ARTICLE 3 GRANTOF CONCESSION 3.1 The Concession 3.1.1 Subject to and in accordance with the provisions of this Agreement, Applicable Laws and Applicable Permits, the Authority hereby grants to the Concessionairethe concession set forth herein including the exclusive right, license and authority to construct, operate and maintain the Project (the ""Concession"") during the Construction Period of 730(Seven hundred and thirty) days and Operation Period of 15 (Fifteen) years commencing from COD, and the Concessionaire hereby accepts the Concession and agrees to implement the Project subjectto and in accordance with the terms and conditions set forth herein. 3.1.2 Subject to and in accordance with the provisions of this Agreement, the Concession hereby granted shall oblige or entitle (asthe case may be) the Concessionaire to: (a] Right of Way, access and license to the Site for the purpose of and to the extent conferred by the provisions of this Agreement; (b) finance and construct the Project; (c) manage, operate and maintain the Project; (d) perform and fulfill all of the Concessionaire's obligations under and in accordance with this Agreement; (e) save as otherwise expressly provided in this Agreement, bear and pay all costs, "
NHAI_AP_GIDDALUR_VINUKONDA,NHAI_Giddalur_Vinukonda_NH544D.pdf,27,IDENTIFIED_BRIDGE_CONDITION_CANDIDATE,D_INSUFFICIENT_FOR_LABEL,0,,,False,,,,km 322.840,False,False,True,". National Highways Authority of India Concession Agreement ARTICLE 4 CONDITIONS PRECEDENT 4.1 Conditions Precedent 4.1.1 Save and except as expressly provided in Articles 4, S, 6, 7, 8, 9, 10, 22, 28,38 and 41, or unless the context otherwise requires, the respective rights and obligations of the Parties under this Agreement shall be subject to the satisfaction in full of the conditions precedent specified in this Clause4.1 (the ""Conditions Precedent""). 4.1.2 The Concessionaire may, upon providing the Performance Security to the Authority in accordance with Article 9, at any time after 30 (thirty) days from the date of this Agreement or on an earlier day acceptable to the Authority, by notice require the Authority to satisfy all of the Conditions Precedent set forth in this Clause4.1.2 within a period of 120 (one hundred and twenty) days thereafter. The Conditions Precedent required to be satisfied by the Authority shall be deemed to have been fulfilled when the Authority shall have: (a) procured for the Concessionaire the Right of Way to the Site in accordance with the provisions of Clauses 10.3.1 and 10.3.2; (b) procured all Applicable Permits relating to environmental protection, and conservation in respect land forming part of the Right of Way under Clause 10.3.1 and 10.3.2;"
NHAI_AP_GIDDALUR_VINUKONDA,NHAI_Giddalur_Vinukonda_NH544D.pdf,28,IDENTIFIED_BRIDGE_CONDITION_CANDIDATE,D_INSUFFICIENT_FOR_LABEL,0,,,False,,,,km 213.000; km 322.840,False,False,True,"National Highways Authority of India Concession Agreement (e) executed the Financing Agreements and delivered to the Authority 3 (three) true copies thereof, duly attested by a Director of the Concessionaire; (f) delivered to the Authority 3 (three) true copies of the Financial Package and the Financial Model, duly attested by a Director of the Concessionaire, along with 3 (three) soft copies of the Financial Model in MS Excel version or any substitute thereof, which is acceptable to the Senior Lenders; and (g) delivered to the Authority from the Consortium Members, their respective confirmation of the correctness of the representations and warranties set forth in Sub-clauses (k), (I) and (m) of Clause 7.1 of this Agreement. 4.1.4 Each Party shall make all reasonable endeavours to satisfy the Conditions Precedent within the time stipulated and shall provide the other Party with such reasonable cooperation as may be required to assist that Party in satisfying the Conditions Precedent for which that Party is responsible. Subject only to payment of Damages, it is agreed between the Parties that the obligation to fulfill each parties' Conditions Precedent is an independent obligation of the respective Party. 4.1.S The Parties shall notify each other in writing at least once a month o"
NHAI_AP_GIDDALUR_VINUKONDA,NHAI_Giddalur_Vinukonda_NH544D.pdf,30,IDENTIFIED_BRIDGE_CONDITION_CANDIDATE,D_INSUFFICIENT_FOR_LABEL,0,,,False,GOOD,,,km 83; km 322.840,False,False,True,"National Highways Authority of India Concession Agreement ARTICLE 5 OBI.IGATIONS OF THE CONCESSIONAIRE 5.1 Obligations of the Concessionaire 5.1.1 Subject to and on the terms and conditions of this Agreement, the Concessionaire shall, at its own cost and expense, procure finance for and undertake the design, engineering, procurement, construction, operation and maintenance of the Project and observe, fulfill, comply with and perform all its obligations set out in this Agreement or arising hereunder. ~.- 5.1.2 The Concessionaire shall comply (including renewals as required) Agreement. with all Applicable in the performance Laws and Applicable Permits of its obligations under this 5.1.3 5.1.4 Saveand except as otherwise provided in this Agreement or Applicable Laws, asthe case may be, the Concessionaire shall, in discharge of all its obligations under this Agreement, conform with and adhere to Good Industry Practice at all times. The Concessionaire shall, at its own cost and expense, in addition to and not in derogation of its obligations elsewhere set out in this Agreement: ..~. (a) make, or cause to be made, necessary applications to the relevant Government Instrumentalities with such particulars and details as may be required for obtaining Applicable Permits, other than those se"
NHAI_AP_GIDDALUR_VINUKONDA,NHAI_Giddalur_Vinukonda_NH544D.pdf,36,IDENTIFIED_BRIDGE_CONDITION_CANDIDATE,D_INSUFFICIENT_FOR_LABEL,0,,,False,,,,km 212.9; km 213.000; km 322.840,False,False,True,"::~ National Highways Authority of India Concession Agreement other than approval of the General Approval Drawings of the Railway authorities for construction of such road over bridges/under bridges. 6.2 Maintenance obligations prior to Appointed Date 6.2.1 During the Development Period, the Concessionaire shall maintain the existing Project Highway, in such a manner so as to ensure that the road is in pothole free condition and also to ensure that the quality of service and safety are maintained and in the event of any material deterioration or damage other than normal wear and tear, the Concessionaire shall undertake repair thereof. It.is deemed that the Concessionaire has made necessary provisions for inclusion of costs related to maintenance during the Development Period in its Bid. Provided that in case Appointed Date is not achieved and the Concession Agreement is terminated prior to achievement of Appointed Date, the Concessionaire shall be reimbursed the cost of maintenance during Development Period by the Authority after due certification by the Authorized Representative of the Authority. For the purpose of such reimbursement, the lump sum per kilometer rate of reimbursement for a period of 1 (one) year would be Rs.2,84,000/-(Rupees two lakh Eighty four thousand only)and"
NHAI_AP_GIDDALUR_VINUKONDA,NHAI_Giddalur_Vinukonda_NH544D.pdf,38,IDENTIFIED_BRIDGE_CONDITION_CANDIDATE,D_INSUFFICIENT_FOR_LABEL,0,,,False,,,,km 213.000,False,False,True,"National Highways Authority of India Concession Agreement (j) it has complied with Applicable Laws in all material respects and has not been subject to any fines, penalties, injunctive relief or any other civil or criminal liabilities which in the aggregate have or may have a material adverse effect on its ability to perform its obligations under this Agreement; .~.: (k) it shall at no time undertake or permit any Change in Ownership except in accordance with the provisions of Clause 5.3 and that the selected bidder, together with its Associates, hold not less than 51% (fifty-one percent) of its issued and paid up Equity as on the date of this Agreement; Provided further that any such request made under Clause 7.1(k) and / or Article 42, at the option of the Authority, may be required to be accompanied by a suitable no objection letter from Senior Lenders (I) the selected bidder is duly organized and validly existing under the laws of the jurisdiction of its incorporation or registration, as the case may be, and has requested the Authority to enter into this Agreement with itself/ the Concessionaire pursuant to the Letter of Award, and has agreed to and unconditionally accepted the terms and conditions set forth in this Agreement; (m) all its rights and interests in the Project s"
NHAI_AP_GIDDALUR_VINUKONDA,NHAI_Giddalur_Vinukonda_NH544D.pdf,39,IDENTIFIED_BRIDGE_CONDITION_CANDIDATE,D_INSUFFICIENT_FOR_LABEL,0,,,False,GOOD,,,km 21.; km 213.000; km 322.800; km 322.840,False,False,True,"NationalHighways Authorityof India Concession Agreement (b) It has taken all necessary actions under Applicable execution, delivery and performance of this Agreement; Laws to authorize the (c) It has the financial standing and capacity to perform its obligations under this Agreement; (d) This Agreement constitutes a legal, valid and binding obligation enforceable against it in accordance with the terms hereof; (e) it has no knowledge of any violation or default with respect to any order, writ, injunction or any decree of any court or any legally binding order of any Government Instrumentality which may result in any material adverse effect on the Authority's ability to perform its obligations under this Agreement; (f) (g) It has complied with Applicable Laws in all material respects; It has the right, power and authority to manage and operate the Project; and (h) It shall procure good and valid right to the Site, and has power and authority to grant a license in respect thereto to the Concessionaire. 7.3 Disclosure In the event that any occurrence or circumstance comes to the attention of either Party that renders any of its aforesaid representations or warranties untrue or incorrect, such Party shall immediately notify the other Party of the same. Such notification shall not hav"
NHAI_AP_GIDDALUR_VINUKONDA,NHAI_Giddalur_Vinukonda_NH544D.pdf,40,IDENTIFIED_BRIDGE_CONDITION_CANDIDATE,D_INSUFFICIENT_FOR_LABEL,0,,,False,,,,km 213.000; km 322.800; km 322.840,False,False,True,"National Highways Authority of India Concession Agreement ARTICLE 8 DISCLAIMER 8.1 Disclaimer 8.1.1 The Concessionaire acknowledges that prior to the execution of this Agreement, the Concessionaire has, after a complete and careful examination, made an independent evaluation of the Request for Proposals, Scope of the Project, Specifications and Standards, Site, existing structures, local conditions, physical qualities of ground, subsoil and geology, and all information provided by the Authority or obtained, procured or gathered otherwise, and has determined to its satisfaction the accuracy or otherwise thereof and the nature and extent of difficulties, risks and hazards as are likely to arise or may be faced by it in the course of performance of its obligations hereunder. The Authority makes no representation whatsoever, express, implicit or otherwise, regarding the accuracy, adequacy, correctness, reliability and/or completeness of any assessment, assumptions, statement or information provided by it and the Concessionaire confirms that it shall have no claim whatsoever against the Authority in this regard. 8.1.2 The Concessionaire acknowledges and hereby accepts the risk of inadequacy, mistake or error in or relating to any of the matters set forth in Clause 8.1.1 above and here"
NHAI_AP_GIDDALUR_VINUKONDA,NHAI_Giddalur_Vinukonda_NH544D.pdf,42,IDENTIFIED_BRIDGE_CONDITION_CANDIDATE,D_INSUFFICIENT_FOR_LABEL,0,,,False,,,,km 212.983; km 322.840,False,False,True,"; ARTICLE 9 PERFORMANCE SECURITY -;National Highways Authority of India Concession Agreement ;:. 9.1 Performance Security 9.1.1 The Concessionaire shall, for the performance of its obligations hereunder, provide to the Authority no later than 30(thirty) days from the date of this Agreement, an irrevocable and unconditional guarantee from a Bank for a sum equivalent to Rs. 33.93 Crare (Rupees Thirty Three Crore Ninety Three Lakh only) in the form set forth in Schedule-F (the ""Performance Security""). Until such time the Performance Security is provided by the Concessionaire pursuant hereto and the same comes into effect, the Bid Security shall remain in force and effect, and upon such provision of the Performance Security pursuant hereto, the Authority shall release the Bid Security to the Concessionaire. 9.1.2 Notwithstanding anything to the contrary contained in this Agreement, in the event Performance Security is not provided by the Concessionaire within a period of 30(thirty) days from the date of this Agreement, the Authority may encash the Bid Security and appropriate the proceeds thereof as Damages, and thereupon all rights, privileges, claims and entitlements of the Concessionaire under or arising out of this Agreement shall be deemed to have been waived by, and to have cea"
NHAI_AP_GIDDALUR_VINUKONDA,NHAI_Giddalur_Vinukonda_NH544D.pdf,43,IDENTIFIED_BRIDGE_CONDITION_CANDIDATE,D_INSUFFICIENT_FOR_LABEL,0,,,False,,,,km 212.9,False,False,True,"National Highways Authority of India Concession Agreement ·,', and shall be kept alive by the Concessionaire if the Concessionaire is in breach of this Agreement. Upon request made by the Concessionaire for release of the Performance Security along with the particulars which establish satisfaction of the requirements specified in this Clause 9.3, the Authority shall release the Performance Security forthwith. 9.4 Deleted 9.5 Deleted 9.6 References to Performance Security References to Performance Security occurring in this Agreement for and in respect of any period prior to the delivery of the Performance Security by the Concessionaire to the Authority, or in respect of any period subsequent to the expiry or release thereof, as the case may be, shall be construed solely for the purposes of calculating the amount of Damages payable by the Concessionaire. 9.7 Additional Performance Security ,::..: The Concessionaire shall alongwith the Performance Security provide to the Authority an irrevocable and unconditional guarantee from a Bank for a sum equivalent to Rs. Nil in the form set forth in Schedule-F (the ""Additional Performance Security""),to be modified, , mutatis mutandis, for this purpose as security to the Authority if the Bid Project Cost of the Selected Bidder is lower by mo"
NHAI_AP_GIDDALUR_VINUKONDA,NHAI_Giddalur_Vinukonda_NH544D.pdf,44,IDENTIFIED_BRIDGE_CONDITION_CANDIDATE,D_INSUFFICIENT_FOR_LABEL,0,,,False,,,,km 212.983; km 322.840,False,False,True,"National Highways Authority of India Concession Agreement ARTICLE 10 RIGHT OF WAV 10.1 The Site The site of the Project shall comprise the real estate described in Schedule-A and in respect of which the Right of Way shall be provided and granted by the Authority to the Concessionaire as a licensee under and in accordance with this Agreement (the ""Site""). For the avoidance of doubt, it is hereby acknowledged and agreed that references to the Site shall be construed as references to the real estate required for the Project as set forth in Schedule-A. 10.2 License, Access and Right of Way 10.2.1 The Authority hereby grants to the Concessionaire access to the Site for carrying out any surveys, investigations and soil tests that the Concessionaire may deem necessary during the Development Period, it being expressly agreed and understood that the Authority shall have no liability whatsoever in respect of survey, investigations and tests carried out or work undertaken by the Concessionaire on or about the Site pursuant hereto in the event of Termination or otherwise. 10.2.2 In consideration of the Project, this Agreement and the covenants and warranties on the part of the Concessionaire herein contained, the Authority, in accordance with the terms and conditions set forth herein, hereby"
NHAI_AP_GIDDALUR_VINUKONDA,NHAI_Giddalur_Vinukonda_NH544D.pdf,47,IDENTIFIED_BRIDGE_CONDITION_CANDIDATE,D_INSUFFICIENT_FOR_LABEL,0,,,True,,,,km 213.0,False,False,True,"National Highways Authority of India Concession Agreement 10.4 Site to be free from Encumbrances Subject to the provisions of Clause 10.3, the Site shall be made available by the Authority to the Concessionaire pursuant hereto free from all Encumbrances and occupations and without the Concessionaire being required to make any payment to the Authority on account of any costs, compensation, expenses and charges for the acquisition and use of such Site for the duration of the Concession Period, except insofar as otherwise expressly provided in this Agreement. For the avoidance of doubt, it is agreed that existing rights of way, easements, privileges, liberties and appurtenances to the Licensed Premisesshall not be deemed to be Encumbrances. It is further agreed that ;: the Concessionaire accepts and undertakes to bear any and all risks arising out of the inadequacy or physical condition of the Site. 10.5 Protection of Site from Encumbrances During the Concession Period, the Concessionaire shall protect the Site from any and all occupations, encroachments or Encumbrances, and shall not place or create nor permit any Contractor or other person claiming through or under the Concessionaire to place or create any Encumbrance or security interest over all or any part of the Site or the Pr"
NHAI_AP_GIDDALUR_VINUKONDA,NHAI_Giddalur_Vinukonda_NH544D.pdf,49,IDENTIFIED_BRIDGE_CONDITION_CANDIDATE,D_INSUFFICIENT_FOR_LABEL,0,,,False,SATISFACTORY,,,km .; km 213.000; km 322.800; km 322.840,False,False,True,"National Highways Authority of India Concession Agreement ARTICLE 11 UTILITIES, ASSOCIATED ROADS AND TREES 11.1 Existing utilities and roads Notwithstanding anything to the contrary contained herein, the Concessionaire shall ensure that the respective entities owning the existing roads, right of way or utilities on, under or above the Site are enabled by it to keep such utilities in continuous satisfactory use, if necessary, by providing suitable temporary or permanent diversions with the authority of the controlling body of that road, right of way or utility, and the Authority shall, upon written request from the Concessionaire, initiate and undertake at the Concessionaire's cost, legal proceedings for acquisition of any right of way necessary for such diversion. 11.2 Shifting of obstructing utilities 11.2.1 The Concessionaire shall, subject to Applicable Laws and with assistance of the Authority, undertake shifting of any utility including electric lines, water pipes and ., telephone cabies, to an appropriate location or alignment within or outside the Site if and only if such utility causes or shall cause a material adverse effect on the construction, operation or maintenance of the Project. The cost of such shifting shall be borne by the Authority or by the entity owning such"
NHAI_AP_GIDDALUR_VINUKONDA,NHAI_Giddalur_Vinukonda_NH544D.pdf,50,IDENTIFIED_BRIDGE_CONDITION_CANDIDATE,D_INSUFFICIENT_FOR_LABEL,0,,,False,GOOD,,,km 2; km 213.00; km .; km 322.840,False,False,True,"National Highways Authority of India Concession Agreement ARTICLE 12 CONSTRUCTION OF THE PROJECT 12.1 Obligations prior to commencement of construction In addition to its obligations of maintaining the Project Highway during the Development Period, prior to commencement of Construction Works, the Concessionaire shall: (a) submit to the Authority and the Independent Engineer its detailed design, construction methodology, quality assurance procedures, and the procurement, engineering and construction time schedule for completion of the Project in accordance with the Project Completion Schedule asset forth in Schedule-G; (b) Appoint its representative duly authorized to deal with the Authority in respect of all matters under or arising out of or relating to this Agreement; (c) undertake, do and perform all such acts, deeds and things as may be necessary or required before commencement of construction under and in accordance with this Agreement, Applicable Laws and Applicable Permits; and (d) Make its own arrangements for quarrying and procurement of materials needed for the Project under and in accordance with Applicable Laws and Applicable Permits. 12.2 Drawings In respect of the Concessionaire's obligations relating to the Drawings of the Project as set forth in Schedule-H, the fo"
NHAI_AP_GIDDALUR_VINUKONDA,NHAI_Giddalur_Vinukonda_NH544D.pdf,52,IDENTIFIED_BRIDGE_CONDITION_CANDIDATE,D_INSUFFICIENT_FOR_LABEL,0,,,False,GOOD,,,km 212.983; km 213.; km 322.800; km 322.840,False,False,True,"National Highways Authority of India Concession Agreement 12.3.3 In the event that the Project is not completed and COD does not occur within 270 (two hundred and seventy) days from the Scheduled Completion Date, unless the delay is on account of reasons attributable to the Authority or due to Force Majeure, the Authority shall be entitled to terminate this Agreement. 12.4 Maintenance during Construction Period 12.4.1 During the Construction Period, the Concessionaire shall maintain, at its cost, the existing Project Highway to ensure that the road is in pothole free condition is maintained, and shall undertake the necessary repair and maintenance works for this purpose; provided that the Concessionaire may, at its cost, interrupt and divert the Users and other persons if such interruption and diversion is necessary for the efficient progress of Construction Works and conforms to Good Industry Practice; provided further that such interruption and diversion shall be undertaken by the Concessionaire only with the prior written approval of the Independent Engineer which approval shall not be unreasonably withheld. For the avoidance of doubt, it is agreed that the Concessionaire shall at all times be responsible for ensuring safe operation of the Project. 12.4.2 In the event of defau"
NHAI_AP_GIDDALUR_VINUKONDA,NHAI_Giddalur_Vinukonda_NH544D.pdf,56,IDENTIFIED_BRIDGE_CONDITION_CANDIDATE,D_INSUFFICIENT_FOR_LABEL,0,,,False,GOOD,,,km 212.9; km 213.000; km 322.840,False,False,True,"National Highways Authority of India Concession Agreement ARTICLE 14 COMPLETION CERTIFICATE 14.1 Tests 14.1.1 No later than 30 (thirty) days prior to the likely completion of the Project, the Concessionaire shall notify the Independent Engineer of its intent to subject the Project to Tests. The date and time of each of the Tests shall be determined by the Independent Engineer in consultation with the Concessionaire, and notified to the Authority who may designate its representative to witness the Tests. The Concessionaire shall provide such assistance as the Independent Engineer may reasonably require for conducting the Tests. In the event of the Concessionaire and the Independent Engineer failing to mutually agree on the dates for conducting the Tests, the Concessionaire shall fix the dates by not less than 10 (ten) days' notice to the Independent Engineer, and in the event the Independent Engineer delays the Tests hereunder, the Authority shall impose exemplary penalties on the Independent Engineer and shall ensure that Tests are completed in time either by the Independent Engineer or any substitute thereof. 14.1.2 All Tests shall be conducted in accordance with Schedule-I at the cost and expense of the Concessionaire. The Independent Engineer shall observe, monitor and review "
NHAI_AP_GIDDALUR_VINUKONDA,NHAI_Giddalur_Vinukonda_NH544D.pdf,57,IDENTIFIED_BRIDGE_CONDITION_CANDIDATE,B_IDENTIFIER_NEEDS_ASSET_LINK,0,,,True,GOOD,,,km 213.000; km 322.840,False,False,True,"National Highways Authority of India Concession Agreement attributable to the Authority; provided further that the Punch List shall also include the cost of completion for each of the outstanding items. 14.3.2 The Parties hereto expressly agree that a Provisional Certificate under this Clause 14.3 may, upon request of the Concessionaire to this effect, be issued for operating part of the Project, if the Concessionaire has completed construction of 100% (Hundred per cent) of the Site made available to the Concessionaire up to 146 days from the Appointed Date. Upon issue of such Provisional Certificate, the provisions of Article 15 shall apply to such completed part, and the rights and obligations of the Concessionaire for and in respect of such completed part of the Project shall be construed accordingly. 14.4 Completion of Punch List items "" 14.4.1 All items in the Punch List shall be completed by the Concessionaire within 90 (ninety) days of the date of issue of the Provisional Certificate and for any delay thereafter, other than for reasons solely attributable to the Authority or due to Force Majeure, the Authority shall be entitled to recover Damages from the Concessionaire to be calculated and paid for each day of delay until all items are completed, at the lower of [a] 0.1% "
NHAI_AP_GIDDALUR_VINUKONDA,NHAI_Giddalur_Vinukonda_NH544D.pdf,61,IDENTIFIED_BRIDGE_CONDITION_CANDIDATE,D_INSUFFICIENT_FOR_LABEL,0,,,False,,,,km 213.000; km 322.840,False,False,True,"National Highways Authority of India ConcessionAgreement Scope Order"") requiring the Concessionaire to proceed with the performance thereof. In the event that the Parties are unable to agree, the Authority may, by issuing a Change of Scope Order, require the Concessionaire to proceed with the performance thereof pending resolution of the Dispute, or carry out the works in accordance with Clause 16.S. 16.2.4 The provisions of this Agreement, insofar as they relate to Construction Works and Tests, shall apply mutatis mutandis to the works undertaken by the Concessionaire under this Article 16. 16.3 Payment for Change of Scope Within 7 (seven) days of issuing a Change of Scope Order, the Authority shall make an advance payment to the Concessionaire in a sum equal to 20% (twenty per cent) of the cost of Change of Scope as agreed hereunder, and in the event of a Dispute, 20% (twenty per cent) of the cost assessed by the Independent Engineer. The Concessionaire shall, after commencement of work, present to the Authority bills for payment in respect of the works in progress or completed works, as the case may be, supported by such Documentation as is reasonably sufficient for the Authority to determine the !~- accuracy thereof. Within 30 (thirty) days of receipt of such bills, the Autho"
NHAI_AP_GIDDALUR_VINUKONDA,NHAI_Giddalur_Vinukonda_NH544D.pdf,64,IDENTIFIED_BRIDGE_CONDITION_CANDIDATE,B_IDENTIFIER_NEEDS_ASSET_LINK,0,,,True,GOOD,,,km 212.; km 213.000; km 322.840,False,False,True,"National Highways Authority of India Concession Agreement agreed that the debris and material excavated shall be carried to and deposited at the location identified by the Authority and/or Independent Engineer. 17.1.3 The Concessionaire shall maintain, in conformity with Good Industry Practice, all stretches of approach roads. 17.2 Maintenance Requirements The Concessionaire shall procure that at all times during the Operation Period; the Project conforms to the maintenance requirements set forth in Schedule-K (the ""Maintenance Requirements""). 17.3 Maintenance Manual 17.3.1 No later than 90 (ninety) days prior to the Scheduled Completion Date, the Concessionaire shall, in consultation with the Independent Engineer, evolve a repair and maintenance manual (the ""Maintenance Manual"") for the regular and preventive maintenance of the Project in conformity with the Specifications and Standards, Maintenance Requirements, Safety Requirements and Good Industry Practice, and shall provide 5 (five) copies thereof to the Authority and 2 (two) copies to the Independent Engineer. The Maintenance Manual shall be revised and updated once every 3 (three) years and the provisions of this Clause shall apply, mutatis mutandis, to such revision. 17.3.2 Without prejudice to the provision of Clause 17."
NHAI_AP_GIDDALUR_VINUKONDA,NHAI_Giddalur_Vinukonda_NH544D.pdf,65,IDENTIFIED_BRIDGE_CONDITION_CANDIDATE,D_INSUFFICIENT_FOR_LABEL,0,,,False,GOOD,,,km 213.000; km 322.840,False,False,True,"National Highways Authority of India Concession Agreement 17.4.3 The Concessionaire may modify the Maintenance Program as may be reasonable in the circumstances, and the procedure specified in Clauses 17.4.1 and 17.4.2 shall apply mutatis mutandis to such modifications. 17.5 Safety, breakdowns and accidents 17.5.1 The Concessionaire shall ensure safe conditions for the Users, and in the event of unsafe conditions, closures, diversions, breakdowns and accidents, it shall follow the relevant operating procedures including the setting up of temporary Lights and removal of obstruction and debris without delay. Such procedures shall conform to the provisions of this Agreement, Applicable Laws, Applicable Permits and Good Industry Practice. 17.5.2 The Concessionaire's responsibility for rescue operations on the Project shall be limited to an initial response to any particular incident until such time as the competent authority takes charge and shall include prompt removal of vehicles or debris or any other obstruction, which may endanger or interrupt the use of the Project. For this purpose, it shall maintain and operate a round-the-clock rescue post with equipment in accordance with Good Industry Practice. 17.6 De-commissioning due to Emergency 17.6.1 If, in the reasonable opinion of "
NHAI_AP_GIDDALUR_VINUKONDA,NHAI_Giddalur_Vinukonda_NH544D.pdf,66,IDENTIFIED_BRIDGE_CONDITION_CANDIDATE,D_INSUFFICIENT_FOR_LABEL,0,,,True,,,,km 213.000,False,False,True,"National Highways Authority of India Concession Agreement and 6 (six) hours in a day at a time specified by the Independent Engineer as off-peak hours when usage of the Project is comparatively lower. 17.7.3 Upon receiving the permission pursuant to Clause 17.7.1, the Concessionaire shall be entitled to close the designated part of the Project for the period specified therein, and in the event of any delay in re-opening such part, the Concessionaire shall pay Damages to the Authority calculated at the rate of 0.5 % (zero point Five per cent) of the Performance Security,for each day of delay until that part of the Project hasbeen re-opened for use. 17.8 Damages for breach of maintenance obligations 17.B.1 In the event that the Concessionaire fails to repair or rectify any defect or deficiency set forth in the Maintenance Requirements within the period specified therein, it shall be deemed to be in breach of this Agreement and the Authority shall be entitled to recover Damages, to be calculated and paid for each day of delay until the breach is cured, at the higher of (a) 2% (two per cent) of the Performance Security, and (b) 0.1% (zero point one per cent) of the cost of such repair or rectification as estimated by the Independent Engineer. Recovery of such Damages shall be without"
NHAI_AP_GIDDALUR_VINUKONDA,NHAI_Giddalur_Vinukonda_NH544D.pdf,67,IDENTIFIED_BRIDGE_CONDITION_CANDIDATE,D_INSUFFICIENT_FOR_LABEL,0,,,False,GOOD,,,km 212.; km 213.000; km 322.840,False,False,True,"National Highways Authority of India Concession Agreement the Authority may, without prejudice to any of its rights under this Agreement including Termination thereof, by notice require the Concessionaire to take reasonable measures immediately for rectifying or removing such hardship or danger, as the case may be. 17.10.2 In the event that the Concessionaire, upon notice under Clause 17.10.1, fails to rectify or remove any hardship or danger within a reasonable period, the Authority may exercise overriding powers under this Clause 17.10.2 and take over the performance of any or all the obligations of the Concessionaire to the extent deemed necessary by it for rectifying or removing such hardship or danger; provided that the exercise of such overriding powers by the Authority shall be of no greater scope and of no longer duration than is reasonably required hereunder; provided further that any costs and expenses incurred by the Authority in discharge of its obligations hereunder shall be deemed to be O&M Expenses, and the Authority shall be entitled to recover them from the Concessionaire in accordance with the provisions of Ciause 17.9 along with the Damages specified therein. 17.10.3 In the event of a national emergency, civil commotion or any other act specified in Clause 28.3"
NHAI_AP_GIDDALUR_VINUKONDA,NHAI_Giddalur_Vinukonda_NH544D.pdf,68,IDENTIFIED_BRIDGE_CONDITION_CANDIDATE,D_INSUFFICIENT_FOR_LABEL,0,,,False,,,,km 213.000; km 322.800; km 322.840,False,False,True,"National Highways Authority of India Concession Agreement The Concessionaire shall not be considered in breach of its obligations under this Agreement if any part of the Project is not available to Users on account of any of the following for the duration thereof: (a) an event of Force Majeure; (b) measures taken to ensure the safe use of the Project except when unsafe conditions occurred because of failure of the Concessionaire to perform its obligations under this Agreement; or (c) compliance with a request from the Authority or the directions of any Government Instrumentality, the effect of which isto closeall or any part of the Project: Provided, that any such non-availability and particulars thereof shall be notified by the Concessionaire to the Authority and the Independent Engineer without any delay; Provided further that the Concessionaire shall keep all unaffected parts of the Project open to Users, provided they can be operated safely. 17.14 Deleted 17.15 Installation and operation of CCTV The Concessionaire shall install and operate a closed circuit television system to monitor such parts of the Project as may be necessary and expedient for a safe, secure and smooth operation thereof. 17.16 Advertising on the Site i I The Concessionaire shall not undertake or permit an"
NHAI_AP_GIDDALUR_VINUKONDA,NHAI_Giddalur_Vinukonda_NH544D.pdf,69,IDENTIFIED_BRIDGE_CONDITION_CANDIDATE,D_INSUFFICIENT_FOR_LABEL,0,,,False,GOOD,,,km 212.983; km 213.000; km 322.800; km 322.840,False,False,True,"'I:' National Highways Authority of India Concession Agreement ARTICLE 18 SAFETY REQUIREMENTS 18.1 Safety Requirements 18.1.1 The Concessionaire shall comply with the provisions of this Agreement, Applicable Laws and Applicable Permits and conform to Good Industry Practice for securing the safety of the Users. In particular, the Concessionaire shall develop, implement and administer a surveillance and safety program for providing a safe environment on or about the Project, and shall comply with the safety requirements set forth in Schedule-L (the ""Safety Requirements""). 18.1.2 The Authority shall appoint an experienced and qualified firm or organization (the ""Safety Consultant"") for carrying out safety audit of the Project in accordance with the Safety Requirements, and shall take all other actions necessary for securing compliance with the Safety Requirements. 18.2 Expenditure on Safety Requirements All costs and expenses arising out of or relating to Safety Requirements shall be borne by the Concessionaire to the extent such costs and expenses form part of the works and services included in the Scope of the Project, and works and services, if any, not forming part of the Scope of the Project shall be undertaken and funded in accordance with the provisions of Article 16. ~. '. '"
NHAI_AP_GIDDALUR_VINUKONDA,NHAI_Giddalur_Vinukonda_NH544D.pdf,70,IDENTIFIED_BRIDGE_CONDITION_CANDIDATE,B_IDENTIFIER_NEEDS_ASSET_LINK,0,,,True,GOOD,,,km 212.983; km 213.000; km 322.840,False,False,True,"National Highways Authority of India ConcessionAgreement ARTICLE 19 MONITORING OF OPERATION AND MAINTENANCE 19.1 Monthly status reports 19.1.1 During the Operation Period, the Concessionaire shall, no later than 7 (seven) days after the close of each month, furnish to the Authority and the Independent Engineer a monthly report stating in reasonable detail the condition of the Project including its compliance or otherwise with the Maintenance Requirements, Maintenance Manual, Maintenance Program and Safety Requirements, and shall promptly give such other relevant information as may be required by the Independent Engineer or the Authority, In particular, such report shall separately identify and state in reasonable detail the defects and deficiencies that require rectification. .~. 19.1.2 During the Operation Period, the Concessionaire shall, no later than 10 (ten) days after the close of each month, furnish a monthly management report which shall include a summary of: (a) key performance indicators achieved in the month, along with an analysis of reasons for failures, if any, and proposals to remedy the same; (b) key operational hurdles and deliverables in the succeeding month along with strategies for addressing the same and for otherwise improving the Project's operational perfo"
NHAI_AP_GIDDALUR_VINUKONDA,NHAI_Giddalur_Vinukonda_NH544D.pdf,71,IDENTIFIED_BRIDGE_CONDITION_CANDIDATE,D_INSUFFICIENT_FOR_LABEL,0,,,True,,,,km 212.983; km 213.000; km 322.840,False,False,True,"National Highways Authority of India ConcessionAgreement report in respect thereof to the Independent Engineer and the Authority within 15 (fifteen) days of receiving the O&M Inspection Report or the test results, as the case may be; provided that where the remedying of such defects or deficiencies is likely to take more than 15 (fifteen) days, the Concessionaire shall submit progress reports of the repair works once every week until such works are completed in conformity with this Agreement. 19.4.2 The Independent Engineer shall require the Concessionaire to carry out or cause to be carried out tests, at its own cost, to determine that such remedial measures have brought the Project into compliance with the Maintenance Requirements and the procedure set forth in this Clause 19.4 shall be repeated until the Project conforms to the Maintenance Requirements. In the event that remedial measures are not completed by the Concessionaire in conformity with the provisions of this Agreement, the Authority shall be entitled to recover Damages from the Concessionaire under and in accordance with the provisions of Clause 17.8. 19.5 Reports of unusual occurrence ,'. The Concessionaire shall, prior to the close of each day, send to the Authority and the Independent Engineer, by facsimile or e-"
NHAI_AP_GIDDALUR_VINUKONDA,NHAI_Giddalur_Vinukonda_NH544D.pdf,73,IDENTIFIED_BRIDGE_CONDITION_CANDIDATE,D_INSUFFICIENT_FOR_LABEL,0,,,False,GOOD,,,km 212.983; km 213.000; km 322.800; km 322.840,False,False,True,"National Highways Authority of India ConcessionAgreement 20.7 Recurring expenditure on Police assistance On or before the Scheduled Two-Laning Date, the Concessionaire shall provide to the State Police Department or a substitute thereof one Jeep or similar vehicle in good .­.:. working condition along with chauffeurs for round-the-clock patrolling as set forth in Clause 20.2 and shall meet the operating costs of such vehicle including the salaries and allowances of the chauffeurs. 20.8 Recurring expenditure on Medical Aid Posts On or before COD, the Concessionaire shall provide to the State Medical Department or a substitute thereof to be designated by the Authority one ambulance in good working condition along with chauffeurs for round-the-clock ambulance services as set forth in '.~. Clause 20.4 and meet the operating costs of such ambulance including the salaries and allowances of the chauffeurs. The Concessionaire shall also reimburse to the State Medical Department (or a substitute thereof to be designated by the Authority) the actual expenditure incurred by it in each Accounting Year on the medical equipment, ,"";­ and the pay and allowances of up to 2 (two) medical personnel deployed exclusively for t the Medical Aid Postsand ambulance, and shall maintain the Medical Aid Po"
NHAI_AP_GIDDALUR_VINUKONDA,NHAI_Giddalur_Vinukonda_NH544D.pdf,74,IDENTIFIED_BRIDGE_CONDITION_CANDIDATE,D_INSUFFICIENT_FOR_LABEL,0,,,False,FAIR,,,km 83; km 213.000; km 322.840,False,False,True,"National Highways Authority of India Concession Agreement ARTICLE 21 INDEPENDENT ENGINEER 21.1 Appointment of Independent Engineer The Authority shall appoint a consulting engineering firm substantially in accordance with the selection criteria set forth in Schedule-M, to be the independent consultant under this Agreement (the ""Independent Engineer""). The appointment shall be made no later than 60 (sixty) days from the date of this Agreement and shall be for a period of Construction Period plus six (6) months).On expiry or termination of the aforesaid appointment, the Authority shall appoint an Independent Engineer for a further term of 3 (three) years in accordance with the provisions of Schedule-M, and such procedure shall be repeated after expiry of each appointment. 21.2 Duties and functions 21.2.1 The Independent Engineer shall discharge its duties and functions substantially in accordance with the terms of reference set forth in Scheduie-N. 21.2.2 The Independent Engineer shall submit regular periodic reports (at least once every month) to the Authority in respect of its duties and functions set forth in Schedule-N. 21.2.3 A true copy of all communications sent by the Authority to the Independent Engineer and by the Independent Engineer to the Authority shall be sent forthw"
NHAI_AP_GIDDALUR_VINUKONDA,NHAI_Giddalur_Vinukonda_NH544D.pdf,82,IDENTIFIED_BRIDGE_CONDITION_CANDIDATE,D_INSUFFICIENT_FOR_LABEL,0,,,False,SATISFACTORY,,,km 212.983; km 213.000; km 322.800; km 322.840,False,False,True,"National Highways Authority of India Concession Agreement applicable Price Index Multiple, which product shall be Rs.1.2cr. (Rupees one point two crore) 23.8 Mobilization Advance The Authority shall, on request of the Concessionaire, make an advance payment in a sum not exceeding 10% (ten per cent) of the Bid Project Cost (the ""Mobilization Advance""). This advance payment shall be made in two equal instalments. The Concessionaire may request the Authority for the first instalment of the advance payment at any time after the Appointed Date, along with furnishing a Bank Guarantee in a form satisfactory to the Authority. The Concessionaire may request the Authority for the second instalment of the advance payment at any time, after 60(sixtyj days from the Appointed Date, along with furnishing a Bank Guarantee in a form satisfactory to the Authority. The first and second instalments of the Mobilization Advance shall be paid by the Authority within 30 (thirty) days of receipt of the respective requests in this behalf from the Concessionaire. The rate of interest on the Mobilization Advance shall be equal to the Bank Rate, compounded annually. The Mobilization Advance shall be deducted by the Authority in 4 (four) equal instalments from each of the payments to be made by the Authority "
NHAI_AP_GIDDALUR_VINUKONDA,NHAI_Giddalur_Vinukonda_NH544D.pdf,84,IDENTIFIED_BRIDGE_CONDITION_CANDIDATE,D_INSUFFICIENT_FOR_LABEL,0,,,False,,,,km 2; km 213.000; km 322.840,False,False,True,"National Highways Authority of India ConcessionAgreement ARTICLE 25 ESCROW ACCOUNT 25.1 Escrow Account 25.1.1 The Concessionaire shall, prior to the Appointed Date, open and establish an Escrow Account with a Bank (the ""Escrow Bank"") in accordance with this Agreement read with the EscrowAgreement. 25.1.2 The nature and scope of the Escrow Account are fully described in the agreement (the ""Escrow Agreement"") to be entered into amongst the Concessionaire,the Authority, the Escrow Bank and the Senior Lenders through the Lenders' Representative, which shall be substantially in the form set forth in Schedule-O. 25.2 Deposits into Escrow Account The Concessionaire shall deposit or cause to be deposited the following inflows and receipts into the EscrowAccount: (a) All funds constituting the Financial Package; (b) All revenues from or in respect of the Project, including the proceeds of any rentals, deposits, capital receipts or insurance claims; and (c) All payments by the Authority, after deduction of any outstanding payments. 25.3 Withdrawals during Concession Period 25.3.1 The Concessionaire shall, at the time of opening the Escrow Account, give irrevocable instructions, by way of an Escrow Agreement, to the Escrow Bank instructing, inter alia, that deposits in the Escrow Account sh"
NHAI_AP_GIDDALUR_VINUKONDA,NHAI_Giddalur_Vinukonda_NH544D.pdf,85,IDENTIFIED_BRIDGE_CONDITION_CANDIDATE,D_INSUFFICIENT_FOR_LABEL,0,,,False,,,,km 212.983; km 213.000; km 322.840,False,False,True,"National HighwaysAuthority of India Concession Agreement (i) Monthly proportionate provision of debt service payments due in an Accounting Year in respect of Subordinated Debt; (j) Any reserve requirements set forth in the Financing Agreements; and (k) Balance, if any, in accordance with the instructions of the Concessionaire. 25.3.2 The Concessionaire shall not in any manner modify the order of payment specified in Clause 25.3.1, except with the prior written approval of the Authority. 25.4 Withdrawals upon Termination 25.4.1 Notwithstanding anything to the contrary contained in this Agreement, all amounts standing to the credit of the Escrow Account shall, upon Termination, be appropriated in the following order: (a) All taxes Project; due and payable by the Concessionaire for and in respect of the ~'. (b) Deleted; (c) Percentage of Debt Due excluding Subordinated Debt if required to be as per the terms of this Agreement; (d) Outstanding payments due to the Authority; (e) All payments and Damages certified by the Authority as due and payable to it by the Concessionaire; (f) Retention and payments relating to the liability for defects and deficiencies set forth in Article 33; (g) Outstanding Debt Service including the balance of Debt Due; (h) Outstanding Subordinated Debt; (i) I"
NHAI_AP_GIDDALUR_VINUKONDA,NHAI_Giddalur_Vinukonda_NH544D.pdf,86,IDENTIFIED_BRIDGE_CONDITION_CANDIDATE,D_INSUFFICIENT_FOR_LABEL,0,,,False,GOOD,,,km 213.000,False,False,True,"National Highways Authority of India Concession Agreement ARTICLE 26 INSURANCE 26.1 Insurance during Concession Period The Concessionaire shall effect and maintain at its own cost, during the Construction Period and the Operation Period, such insurances for such maximum sums as may be required under the Financing Agreements and Appiicable Laws, and such insurances as may be necessary or prudent in accordance with Good Industry Practice. The Concessionaire shall also effect and maintain such insurances as may be necessary for mitigating the risks that may devolve on the Authority as a consequence of any act or omission of the Concessionaire during the Construction Period. The Concessionaire shall procure that in each insurance policy, the Authority shall be a co-insured and that the insurer shall pay the proceeds of insurance into the Escrow Account. For the avoidance of doubt, the level of insurance to be maintained by the Concessionaire after repayment of Senior Lenders' dues in full shall be determined on the same principles as applicable for determining the ievel of insurance prior to such repayment of Senior Lenders' dues. 26.2 Insurance Cover Without prejudice to the provisions contained in Clause 26.1, the Concessionaire shall, during the Operation Period, procure and maint"
NHAI_AP_GIDDALUR_VINUKONDA,NHAI_Giddalur_Vinukonda_NH544D.pdf,87,IDENTIFIED_BRIDGE_CONDITION_CANDIDATE,D_INSUFFICIENT_FOR_LABEL,0,,,False,GOOD,,,km 21; km 322.840,False,False,True,"-,-;."" National Highways Authority of India Concession Agreement All insurances obtained by the Concessionaire in accordance with this Article 26 shall be maintained with insurers on terms consistent with Good Industry Practice. Within 15 (fifteen) days of obtaining any insurance cover, the Concessionaire shall furnish to the Authority, notarized true copies of the certificate(s) of insurance, copies of insurance policies and premium payment receipts in respect of such insurance, and no such insurance shall be cancelled, modified, or allowed to expire or lapse until the expiration of at least 45 (forty five) days after notice of such proposed cancellation, modification or nonrenewal has been delivered by the Concessionaire to the Authority. 26.5 Remedy for failure to insure If the Concessionaire shall fail to effect and keep in force all insurances for which it is responsible pursuant hereto, the Authority shall have the option to either keep in force any such insurances, and pay such premier and recover the costs thereof from the Concessionaire, or in the event of computation of a Termination Payment, treat an amount equal to the Insurance Cover as deemed to have been received by the Concessionaire. 26.6 Waiver of subrogation All insurance policies in respect of the insurance ob"
NHAI_AP_GIDDALUR_VINUKONDA,NHAI_Giddalur_Vinukonda_NH544D.pdf,89,IDENTIFIED_BRIDGE_CONDITION_CANDIDATE,D_INSUFFICIENT_FOR_LABEL,0,,,False,GOOD,,,km 21; km 322.840,False,False,True,"National Highways Authority of India Concession Agreement ARTICLE 27 ACCOUNTS AND AUDIT 27.1 Audited accounts 27.1.1 The Concessionaire shall maintain books of accounts recording all its receipts (including all revenues derived/collected by it from or on account of the Project and/or its use), income, expenditure, payments (including payments from the Escrow Account), assets and liabilities, in accordance with this Agreement, Good Industry Practice, Applicable Laws and Applicable Permits. The Concessionaire shall provide 2 (two) copies of its Balance Sheet, Cash Flow Statement and Profit and Loss Account, along with a report thereon by its Statutory Auditors, within 180 (one hundred and eighty) days of the close of the Accounting Year to which they pertain and such audited accounts, save and except where expressly provided to the contrary, shall form the basis of payments by either Party under this Agreement. The Authority shall have the right to inspect the records of the Concessionaire during office hours and require copies of relevant extracts of books of accounts, duly certified by the Statutory Auditors, to be provided to the Authority for verification of basis of payments, and in the event of any discrepancy or error being found, the same shall be rectified and such rectifi"
NHAI_AP_GIDDALUR_VINUKONDA,NHAI_Giddalur_Vinukonda_NH544D.pdf,92,IDENTIFIED_BRIDGE_CONDITION_CANDIDATE,B_IDENTIFIER_NEEDS_ASSET_LINK,0,,,True,GOOD,,,km 212.983; km 213.000; km 322.840,False,False,True,"National Highways Authority of India Concession Agreement ARTICLE 28 FORCE MAJEURE 28.1 Force Majeure As used in this Agreement, the expression ""Force Majeure"" or ""Force Majeure Event"" shall, save and except as expressly provided otherwise, mean occurrence in India of any or all of Non-Political Event, Indirect Political Event and Political Event, as defined in Clauses 2.8.2., 2.8.3 and 2.8.4 respectively, if it affects the performance by the Party claiming the benefit of Force Majeure (the ""Affected Party"") of its obligations under this Agreement and which act or event (a) is beyond the reasonable control ofthe Affected Party, and (b) the Affected Party could not have prevented or overcome by exercise of due diligence and following Good Industry Practice, and (c) has Material Adverse Effect on the Affected Party. 28.2 Non-Political Event A Non-Political Event shall mean one or more of the following acts or events: (a) act of God, epidemic, extremely adverse weather conditions, lightning, earthquake, landslide, cyclone, flood, volcanic eruption, chemical or radioactive contamination or ionizing radiation, fire or explosion (to the extent of contamination or radiation or fire or explosion originating from a source external to the Site); (b) strikes or boycotts (other than those in"
NHAI_AP_GIDDALUR_VINUKONDA,NHAI_Giddalur_Vinukonda_NH544D.pdf,93,IDENTIFIED_BRIDGE_CONDITION_CANDIDATE,D_INSUFFICIENT_FOR_LABEL,0,,,False,,,,km 322.840,False,False,True,"National Highways Authority of India Concession Agreement (a) An act of war (whether declared or undeclared), invasion, armed conflict or act of foreign enemy, blockade, embargo, riot, insurrection, terrorist or military action, civil commotion or politically motivated sabotage; (b) any political or economic upheaval, disturbance, movement, struggle or similar occurrence which could not have been anticipated or foreseen by a prudent person and which causes the construction or operation of the Project to be financially unviable or otherwise not feasible; (c) industry-wide or State-wide strikes or industrial action for a continuous period of 24 (twenty four) hours and exceeding an aggregate period of 7 (seven) days in an Accounting Year; (d) Deleted (e) failure of the Authority to permit the Concessionaire to continue its Construction Works, with or without modifications, in the event of stoppage of such works after discovery of any geological or archaeological finds or for any other reason; (f) Any failure or delay of a Contractor to the extent caused by any Indirect Political Event and which does not result in any offsetting compensation being payable to the Concessionaire by or on behalf of such Contractor; :..: (g) Any Indirect Political Event that causesa Non-Political Event; "
NHAI_AP_GIDDALUR_VINUKONDA,NHAI_Giddalur_Vinukonda_NH544D.pdf,101,IDENTIFIED_BRIDGE_CONDITION_CANDIDATE,D_INSUFFICIENT_FOR_LABEL,0,,,False,,,,km 213.0; km 322.840,False,False,True,"National Highways Authority of India Concession Agreement ARTICLE 31 TERMINATION 31.1 Termination for Concessionaire Default 31.1.1 Save as otherwise provided in this Agreement, in the event that any of the defaults specified below shall have occurred, and the Concessionaire fails to cure the default within the Cure Period set forth below, or where no Cure Period is specified, then within a Cure Period of 60 (sixty) days, the Concessionaire shall be deemed to be in default of this Agreement (the ""Concessionaire Default""), unless the default has occurred as a result of any breach of this Agreement by the Authority or due to Force Majeure. The defaults referred to herein shall include the following: (a) The Performance Security has been encashed and appropriated in accordance with Clause 9.2 and the Concessionaire fails to replenish or provide fresh Performance Security within a Cure Period of 15 (fifteen) days; .•.. ~i(b) subsequent to the replenishment or furnishing of fresh Performance Security in accordance with Clause 9.2, the Concessionaire fails to meet any Condition :;':', Precedent or cure the Concessionaire Default, as the case may be, for which whole or part of the Performance Security was appropriated, within a Cure Period of 120 (one hundred and twenty) days; (c) the C"
NHAI_AP_GIDDALUR_VINUKONDA,NHAI_Giddalur_Vinukonda_NH544D.pdf,102,IDENTIFIED_BRIDGE_CONDITION_CANDIDATE,D_INSUFFICIENT_FOR_LABEL,0,,,False,GOOD,,,km 322.840,False,False,True,"National Highways Authority of India Concession Agreement the assets or undertaking of the Concessionaire, and such transfer causes a .Material Adverse Effect; ....(p) an execution levied on any of the assets of the Concessionaire has caused a Material Adverse Effect; (q) the Concessionaire is adjudged bankrupt or insolvent, or if a trustee or receiver is appointed for the Concessionaire or for the whole or material part of its assets that has a material bearing on the Project; (r) the Concessionaire has been, or is in the process of being liquidated, dissolved, wound-up, amalgamated or reconstituted in a manner that would cause, in the reasonable opinion of the Authority, a Material Adverse Effect; (s) a resolution for winding up of the Concessionaire is passed, or any petition for winding up of the Concessionaire is admitted by a court of competent jurisdiction and a provisional liquidator or receiver is appointed and such order has not been set aside within 90 (ninety) days of the date thereof or the Concessionaire is ordered to be wound up by a court except for the purpose of amalgamation or reconstruction; provided that, as part of such amalgamation or reconstruction, the entire property, assets and undertaking of the Concessionaire are transferred to the amalgamated or reco"
NHAI_AP_GIDDALUR_VINUKONDA,NHAI_Giddalur_Vinukonda_NH544D.pdf,105,IDENTIFIED_BRIDGE_CONDITION_CANDIDATE,D_INSUFFICIENT_FOR_LABEL,0,,,False,,,SETTLEMENT,km 213.000,False,False,True,"National Highways Authority of India Concession Agreement (ii) In case the termination occurs on or after COD, the Authority shall pay to the Concessionaire, by way of Termination Payment, an amount equal to sum of Annuity Payments remaining unpaid for and in respect ofthe Concession Period, including interest thereon up to the Transfer Date. 31.3.4 Termination Payment shall become due and payable to the Concessionaire within 15 (fifteen) days of a demand being made by the Concessionaire to the Authority with the necessary particulars, and in the event of any delay, the Authority shall pay interest at a rate equal to 3% (three per cent) above the daily average Bank Rate on the amount of Termination Payment remaining unpaid; provided that such delay shall not exceed 90 (ninety) days. For the avoidance of doubt, it is expressly agreed that Termination Payment shall constitute full discharge by the Authority of its payment obligations in respect thereof hereunder. 31.3.5 The Concessionaire expressly agrees that Termination Payment under this Article 31 shall constitute a full and final settlement of all claims of the Concessionaire on account :-:of Termination of this Agreement for any reason whatsoever and that the Concessionaire or any shareholder thereof shall not have any furthe"
NHAI_AP_GIDDALUR_VINUKONDA,NHAI_Giddalur_Vinukonda_NH544D.pdf,107,IDENTIFIED_BRIDGE_CONDITION_CANDIDATE,D_INSUFFICIENT_FOR_LABEL,0,,,False,,,,km 21; km 213.000; km 322.840,False,False,True,"National Highways Authority of India Concession Agreement ARTICLE 32 DIVESTMENT OF RIGHTS AND INTEREST 32.1 Divestment Requirements 32.1.1 Upon Termination, the Concessionaire shall comply with and conform to the following Divestment Requirements: (a) Notify to the Authority forthwith the location and particulars of all Project Assets; (b) deliver forthwith the actual or constructive possession of the Project, free and clear of all Encumbrances, save and except to the extent set forth in the Substitution Agreement; (c) cure all Project Assets, including the road, bridges, structures and equipment, of all defects and deficiencies so that the Project is compliant with the Maintenance Requirements; provided that in the event of Termination during the Construction Period, all Project Assets shall be handed over on 'as is where is' basis after bringing them to a safe condition; (d) deliver and transfer relevant records, reports, Intellectual Property and other licenses pertaining to the Project and its design, engineering, construction, operation and maintenance, including all programmers and manuals pertaining thereto, and complete 'as built' Drawings as on the Transfer Date. For the avoidance of doubt, the Concessionaire represents and warrants that the Intellectual Property deliver"
NHAI_AP_GIDDALUR_VINUKONDA,NHAI_Giddalur_Vinukonda_NH544D.pdf,108,IDENTIFIED_BRIDGE_CONDITION_CANDIDATE,B_IDENTIFIER_NEEDS_ASSET_LINK,0,,,True,GOOD; FAIR,,,km 212.; km 213.000; km 322.840,False,False,True,"National Highways Authority of India Concession Agreement Not earlier than 90 (ninety) days prior to Termination but not later than 15 (fifteen) days prior to the effective date of such Termination, the Independent Engineer shall verify, after giving due notice to the Concessionaire specifying the time, date and place of such verification and/or inspection, compliance by the Concessionaire with the Maintenance Requirements, and if required, cause appropriate tests to be carried out at the Concessionaire's cost for this purpose. Defaults, if any, in the Maintenance Requirements shall be cured by the Concessionaire at its cost and the provisions of Article 33 shall apply, mutatis mutandis, in relation to curing of defects or deficiencies under this Article 32. .;;"" 32.3 Cooperation and assistance on transfer of Project ::. 32.3.1 The Parties shall cooperate on a best effort basis and take all necessary measures, in good faith, to achieve a smooth transfer of the Project in accordance with the provisions of this Agreement so as to protect the safety of and avoid undue delay or inconvenience to the Users, other members of the public or the lawful occupiers of any part of the Site. 32.3.2 The Parties shall provide to each other, 9 (nine) months prior to the Transfer Date in the event "
NHAI_AP_GIDDALUR_VINUKONDA,NHAI_Giddalur_Vinukonda_NH544D.pdf,110,IDENTIFIED_BRIDGE_CONDITION_CANDIDATE,D_INSUFFICIENT_FOR_LABEL,0,,,True,,,,km 213.000; km 322.840,False,False,True,"- National Highways Authority of India Concession Agreement ARTICLE 33 DEFECTS LIABILITY AFTER TERMINATION 33.1 Liability for defects after Termination The Concessionaire shall be responsible for all defects and deficiencies in the Project for a period of 120 (one hundred and twenty) days after Termination, and it shall have the obligation to repair or rectify, at its own cost, all defects and deficiencies observed by the Independent Engineer in the Project during the aforesaid period. In the event that the Concessionaire fails to repair or rectify such defect or deficiency within a period of 15 (fifteen) days from the date of notice issued by the Authority in this behalf, the Authority shall be entitled to get the same repaired or rectified at the Concessionaire's risk and cost so as to make the Project conform to the Maintenance Requirements. All costs incurred by the Authority hereunder shall be reimbursed by the Concessionaire to the Authority within 15 (fifteen) days of receipt of demand thereof, and in the event of default in reimbursing such costs, the Authority shall be entitled to recover the same from the funds retained in the Escrow Account under the provisions of Clause 33.2 or from the Performance Guarantee provided thereunder. For the avoidance of doubt, the provisi"
NHAI_AP_GIDDALUR_VINUKONDA,NHAI_Giddalur_Vinukonda_NH544D.pdf,112,IDENTIFIED_BRIDGE_CONDITION_CANDIDATE,D_INSUFFICIENT_FOR_LABEL,0,,,False,,,,km 213.000; km 0; km 322.840,False,False,True,"I'-' ~.-. National Highways Authority of India Concession Agreement ,. ARTICLE 34 ASSIGNMENT AND CHARGES 34.1 Restrictions on assignment and charges 34.1.1 Subject to Clauses 34.2 and 34.3, this Agreement shall not be assigned by the Concessionaire to any person, save and except with the prior consent in writing of the Authority, which consent the Authority shall be entitled to decline without assigningany reason. 34.1.2 Subject to the provisions of Clause 34.2, the Concessionaire shall not create nor permit to subsist any Encumbrance, or otherwise transfer or dispose of all or any of its rights and benefits under this Agreement or any Project Agreement to which the Concessionaire is a party, except with prior consent in writing of the Authority, which consent the Authority shall be entitled to decline without assigning any reason. 34.2 Permitted assignment and charges The restraints set forth in Clause34.1 shall not apply to: (a) liens arising by operation of law (or by an agreement evidencing the same) in the ordinary course of business of the Project; (b) mortgages/pledges/hypothecation of goods/assets other than Project Assets and their related documents of title, arising or created in the ordinary course of business of the Project, and as security only for indebtedness to th"
NHAI_AP_GIDDALUR_VINUKONDA,NHAI_Giddalur_Vinukonda_NH544D.pdf,116,IDENTIFIED_BRIDGE_CONDITION_CANDIDATE,D_INSUFFICIENT_FOR_LABEL,0,,,False,,,,km 2; km 213.000; km 322.840,False,False,True,"National Highways Authority of India Concession Agreement ARTICLE 36 LIABILITY AND INDEMNITY 36.1 General indemnity 36.1.1 The Concessionaire shall indemnify, defend, save and hold harmless the Authority and its officers, servants, agents, Government Instrumentalities and Government owned and/or controlled entities/enterprises, (the ""Authority Indemnified Persons"") against any and all suits, proceedings, actions, demands and claims from third parties for any loss, damage, cost and expense of whatever kind and nature, whether arising out of any breach by the Concessionaire of any of its obligations under this Agreement or any related agreement or on account of any defect or deficiency in the provision of services by the Concessionaire to the Authority or to any User, or from any negligence of the Concessionaire under contract or tort or on any other ground whatsoever, except to the extent that any such suits, proceedings, actions, demands and claims have arisen due to any negligent act or omission, or breach or default of this Agreement on the part of the Authority Indemnified Persons. 36.1.2 The Authority shall indemnify, defend, save and hold harmless the Concessionaire against any and all suits, proceedings, actions, demands and claims from third parties for any loss, damage', "
NHAI_AP_GIDDALUR_VINUKONDA,NHAI_Giddalur_Vinukonda_NH544D.pdf,118,IDENTIFIED_BRIDGE_CONDITION_CANDIDATE,D_INSUFFICIENT_FOR_LABEL,0,,,False,SATISFACTORY,,,km 212.983; km 322.840,False,False,True,"National Highways Authority of India Concession Agreement without the prior written consent of the Indemnifying Party (which consent shali not be unreasonably withheld or delayed). 36.4.3 If the Indemnifying Party exercises its rights under Clause 36.3, the Indemnified Party shali nevertheless have the right to employ its own counsel, and such counsel may participate in such action, but the fees and expenses of such counsel shali be at the expense of the Indemnified Party, when and as incurred, unless: (a) The employment of counsel by such party has been authorized in writing by the Indemnifying Party; (b) The Indemnified Party shali have reasonably concluded that there may be a conflict of interest between the Indemnifying Party and the Indemnified Party in the conduct of the defense of such action; (c) the Indemnifying Party shali not, in fact, have employed independent counsel reasonably satisfactory to the Indemnified Party, to assume the defense of such action and shali have been so notified by the Indemnified Party; or (d) The Indemnified Party shali have reasonably conciuded and specifically notified the Indemnifying Party either: (I) that there may be specific defenses available to it which are different from or additional to those available to the Indemnifying Party; or "
NHAI_AP_GIDDALUR_VINUKONDA,NHAI_Giddalur_Vinukonda_NH544D.pdf,120,IDENTIFIED_BRIDGE_CONDITION_CANDIDATE,D_INSUFFICIENT_FOR_LABEL,0,,,False,GOOD,,SETTLEMENT,km .9; km 213.000; km 322.840,False,False,True,"National Highways Authority of India Concession Agreement ARTICLE 38 DISPUTE RESOLUTION 38.1 Dispute resolution 38.1.1 Any dispute, difference or controversy of whatever nature howsoever arising under or out of or in relation to this Agreement (including its interpretation) between the Parties, and so notified in writing by either Party to the other Party (the ""Dispute"") shall, in the first instance, be attempted to be resolved amicably in accordance with the conciliation procedure set forth in Clause 38.2. '.' ~ 38.1.2 The Parties agree to use their best efforts for resolving all Disputes arising under or in respect of this Agreement promptly, equitably and in good faith, and further agree to provide each other with reasonable access during normal business hours to all non­ privileged records, information and data pertaining to any Dispute. 38.2 Conciliation In the event of any Dispute between the Parties, either Party may call upon the Independent Engineer to mediate and assist the Parties in arriving at an amicable settlement thereof. Failing mediation by the Independent Engineer or without the intervention of the Independent Engineer, either Party may require such Dispute to be referred to the Chairman of the Authority and the Chairman of the Board of Directors of the Concess"
NHAI_AP_GIDDALUR_VINUKONDA,NHAI_Giddalur_Vinukonda_NH544D.pdf,123,IDENTIFIED_BRIDGE_CONDITION_CANDIDATE,D_INSUFFICIENT_FOR_LABEL,0,,,False,FAIR,,,km 212.983; km 213.000; km 322.800; km 322.840,False,False,True,"National Highways Authority of India Concession Agreement ARTICLE 40 REDRESSAL OF PUBLIC GRIEVANCES 40.1 Complaints Register 40.1.1 The Concessionaire shall maintain a public relations office at the Site where it shall keep a register (the ""Complaint Register"") open to public access at all times for recording of complaints by any person (the ""Complainant""). Information relating to the availability of and access to the Complaint Register shall be prominently displayed by the Concessionaire at each the Site so asto bring it to the attention of all Users. 40.1.2 The Complaint Register shall be securely bound and each page thereof shall be duly numbered. It shall have appropriate columns including the complaint number, date, name and address of the Complainant, substance of the complaint and the action taken by the Concessionaire. Immediately after a complaint is registered, the Concessionaire shall give a receipt to the Complainant stating the date and complaint number. 40.1.3 Without prejudice to the provisions of Clauses 40.1.1 and 40.1.2, the Authority may, in consultation with the Concessionaire, specify the procedure for making complaints in electronic form and for responses thereto. 40.2 Redressal of complaints 40.2.1 The Concessionaire shall inspect the Complaint Register eve"
NHAI_AP_GIDDALUR_VINUKONDA,NHAI_Giddalur_Vinukonda_NH544D.pdf,124,IDENTIFIED_BRIDGE_CONDITION_CANDIDATE,D_INSUFFICIENT_FOR_LABEL,0,,,False,,,,km 212.983; km 213.000; km 322.840,False,False,True,"National HighwaysAuthorityof India ConcessionAgreement ARTICLE 41 MISCELLANEOUS 41.1 Governing law and jurisdiction This Agreement shall be construed and interpreted in accordance with and governed by the laws of India, and the courts in New Delhi shall have exclusive jurisdiction over matters arising out of or relating to this Agreement. 41.2 Waiver of immunity Each Party unconditionally and irrevocably: (a) Agrees that the execution, delivery and performance by it of this Agreement constitute commercial acts done and performed for commercial purpose; (b) agrees that, should any proceedings be brought against it or its assets, property ,"": or revenues in any jurisdiction in relation to this Agreement or any transaction contemplated by this Agreement, no immunity (whether by reason of sovereignty or otherwise) from such proceedings shall be claimed by or on behalf of the Party with respect to its assets; (c] waives any right of immunity which it or its assets, property or revenues now has, may acquire in the future or which may be attributed to it in any jurisdiction; and (d) consents generally in respect of the enforcement of any judgment or award against it in any such proceedings to the giving of any relief or the issue of any process in any jurisdiction in connection with suc"
NHAI_AP_GIDDALUR_VINUKONDA,NHAI_Giddalur_Vinukonda_NH544D.pdf,125,IDENTIFIED_BRIDGE_CONDITION_CANDIDATE,D_INSUFFICIENT_FOR_LABEL,0,,,True,,,,km 322.840,False,False,True,"National HighwaysAuthorityof India ConcessionAgreement 41.5 Waiver 41.5.1 Waiver, including partial or conditional waiver, by either Party of any default by the other Party in the observance and performance of any provision of or obligations under this Agreement: (a) Shall not operate or be construed as a waiver of any other or subsequent default hereof or of other provisions of or obligations under this Agreement; (b) Shall not be effective unless it is in writing and executed by a duly authorized representative of the Party; and (c) Shall not affect the validity or enforceability of this Agreement in any manner. 41.5.2 Neither the failure by either Party to insist on any occasion upon the performance of the terms, conditions and provisions of this Agreement or any obligation thereunder nor time or other indulgence granted by a Party to the other Party shall be treated or deemed as waiver of such breach or acceptance of any variation or the relinquishment of any such right hereunder. 41.6 Liability for review of Documents and Drawings Except to the extent expressly provided in this Agreement (a) no review, comment or approval by the Authority or the Independent Engineer ,. ,of any Project Agreement, Document or Drawing submitted by the Concessionaire nor any observation or inspe"
NHAI_AP_GIDDALUR_VINUKONDA,NHAI_Giddalur_Vinukonda_NH544D.pdf,126,IDENTIFIED_BRIDGE_CONDITION_CANDIDATE,D_INSUFFICIENT_FOR_LABEL,0,,,False,GOOD,,,km 2.; km 213.000; km 322.840,False,False,True,"National Highways Authority of India Concession Agreement 41.8.2 All obligations surviving Termination shall only survive for a period of 3 (three) years following the date of such Termination. 41.9 Entire Agreement This Agreement and the Schedules together constitute a complete and exclusive statement of the terms of the agreement between the Parties on the subject hereof, and no amendment or modification hereto shall be valid and effective unless such modification or amendment is agreed to in writing by the Parties and duly executed by persons especially empowered in this behalf by the respective Parties. All prior written -, or oral understandings, offers or other communications of every kind pertaining to this Agreement are abrogated and withdrawn. For the avoidance of doubt, the Parties hereto agree that any obligations of the Concessionaire arising from the Request for Proposals, as the case may be, shall be deemed to form part of this Agreement and treated as such. 41.10 Severability If for any reason whatsoever, any provision of this Agreement is or becomes invalid, illegal or unenforceable or is declared by any court of competent jurisdiction or any other instrumentality to be invalid, illegal or unenforceable, the validity, legality or enforceability of the remaining pr"
NHAI_AP_GIDDALUR_VINUKONDA,NHAI_Giddalur_Vinukonda_NH544D.pdf,129,IDENTIFIED_BRIDGE_CONDITION_CANDIDATE,D_INSUFFICIENT_FOR_LABEL,0,,,False,,,,km 322.840,False,False,True,"National Highways Authority of India Concession Agreement ~ .­ ARTICLE 42 DEFINITIONS 42.1 Definitions In this Agreement, the following words and expressions shall, unless repugnant to the context or meaning thereof, have the meaning hereinafter respectively assigned to them: .. ""Accounting Year"" means the financial year commencing from the first day of April of .:~. any calendar year and ending on the thirty-first day of March of the next calendar year; ""Additional Performance Security"" shall have the meaning as set forth in Clause9.7; ""Adjusted Equity"" means the Equity funded in Indian Rupees and adjusted on the first day of the current month (the ""Reference Date""), in the manner set forth below, to reflect the change in its value on account of depreciation and variations in WPI, and for any Reference Date occurring: (a) on or before COD, the Adjusted Equity shall be a sum equal to the Equity funded in Indian Rupees and expended on the Project, revised to the extent of one half of the variation in WPI occurring between the first day of the month of Appointed Date and the Reference Date; ""Affected Party"" shall have the meaning as set forth in Clause28.1; ""Agreement"" or ""Concession Agreement"" means this Agreement, its Recitals, and the Scheduies hereto and any amendments thereto "
NHAI_AP_GIDDALUR_VINUKONDA,NHAI_Giddalur_Vinukonda_NH544D.pdf,131,IDENTIFIED_BRIDGE_CONDITION_CANDIDATE,D_INSUFFICIENT_FOR_LABEL,0,,,False,,,,km 212.983; km 213.000; km 322.840,False,False,True,"__ National Highways Authority of India Concession Agreement (d) a change in the interpretation or application of any Indian law by a judgment of a court of record which has become final, conclusive and binding, as compared to such interpretation or application by a court of record prior to the Bid Date; or (e) Any change in the rates of any of the Taxes that have a direct effect on the Project; ""Change in Ownership"" means a transfer of the direct and/or indirect legal or beneficial ownership of any shares, or securities convertible into shares, that causes the aggregate holding of the selected bidder, together with its Associates, in the total Equity to decline below 51% (fifty one per cent) thereof during Construction Period and two years thereafter; provided that any material variation (as compared to the representations made by the Concessionaire during the bidding process for the purposes of meeting the minimum conditions of eligibility or for evaluation of its application or bid, as the case may be,) in the proportion of the equity holding of the selected bidder to the total Equity, if it occurs prior to completion of a period two years after COD, shall constitute Changein Ownership; :.:' ""Change of Scope"" shall have the meaning as set forth in Clause16.1.1; ""Company"" means"
NHAI_AP_GIDDALUR_VINUKONDA,NHAI_Giddalur_Vinukonda_NH544D.pdf,133,IDENTIFIED_BRIDGE_CONDITION_CANDIDATE,D_INSUFFICIENT_FOR_LABEL,0,,,False,,,,km 213.000,False,False,True,"National Highways Authority of India Concession Agreement ""Divestment Requirements"" means the obligations of the Concessionaire for and in respect of Termination as set forth in Clause 32.1; ""Document"" or ""Documentation"" means documentation in printed or written form, or in tapes, discs, drawings, computer programmers, writings, reports, photographs, films, cassettes, or expressed in any.other written, electronic, audio or visual form; ""Drawings"" means all of the drawings, calculations and documents pertaining to the Project as set forth in Schedule-H, and shall include 'as built' drawings of the Project; ""EPC Contract"" means the engineering, procurement and construction contract or contracts entered into by the Concessionaire with one or more Contractors for, inter alia, engineering and construction of the Project in accordance with the provisions of this Agreement; ""EPC Contractor"" means the person with whom the Concessionaire has entered into an EPC Contract; ""Emergency"" means a condition or situation that is likely to endanger the security of the individuals on or about the Project, including Users thereof, or which poses an immediate threat of material damage to any of the Project Assets; ""Encumbrances"" means, in relation to the Project, any encumbrances such as mortgage, ch"
NHAI_AP_GIDDALUR_VINUKONDA,NHAI_Giddalur_Vinukonda_NH544D.pdf,134,IDENTIFIED_BRIDGE_CONDITION_CANDIDATE,D_INSUFFICIENT_FOR_LABEL,0,,,False,GOOD,,,km 213.000; km 322.840,False,False,True,"National Highways Authority of India Concession Agreement Lender's Representative shall be treated as date on which the Financial Close is achieved; ""Financial Default"" shall have the meaning asset forth in Schedule-R; ""Financial Model"" means the financial model adopted by Senior Lenders, setting forth the capital and operating costs of the Project and revenues therefrom on the basis of which financial viability of the Project has been determined by the Senior Lenders, and includes a description of the assumptions and parameters used for making calculations and projections therein; ""Financial Package"" means the financing package indicating the total capital cost of the Project and the means of financing thereof, as set forth in the Financial Model and approved by the Senior Lenders, and includes Equity, all financial assistance specified in the Financing Agreements and Subordinated Debt, if any; ~. ""Financing Agreements"" means the agreements executed by the Concessionaire in respect of financial assistance to be provided by the Senior Lenders by way of loans, guarantees, subscription to non-convertible debentures and other debt instruments including loan agreements, guarantees, notes, debentures, bonds and other debt instruments, security agreements, and other documents relating "
NHAI_AP_GIDDALUR_VINUKONDA,NHAI_Giddalur_Vinukonda_NH544D.pdf,137,IDENTIFIED_BRIDGE_CONDITION_CANDIDATE,D_INSUFFICIENT_FOR_LABEL,0,,,False,,,,Km 212.983; Km 213.000; Km 322.800; Km 322.840,False,False,True,"National Highways Authority of India Concession Agreement Substitution Agreement, or any agreement for procurement of goods and services involving a consideration of up to Rs. 25 Crore (Rupees Twenty FiveCrore only); ""Project Assets"" means all physical and other assets relating to and forming part of the Site including (a) rights over the Site in the form of license, Right of Way or otherwise; (b) tangible assets such as civil works and equipment including foundations, embankments, pavements, road surface, interchanges, bridges, culverts, road over bridges, drainage works, traffic signals, sign boards, kilometer-stones, toll plazals], electrical systems, communication systems, rest areas, relief centers, maintenance depots and administrative offices; (c) Project Facilities situated on the Site; (d) all rights of the Concessionaire under the Project Agreements; (e) financial assets, such as receivables, security deposits etc.; (f) insurance proceeds; and (g) Applicable Permits and authorizations relating to or in respect of the Project; ""Project Completion Schedule"" means the progressive Project Milestones set forth in Schedule-G for completion of the Project on or before the Scheduled Completion Date; ""Project Facilities"" means all the amenities and facilities situated on the Sit"
NHAI_AP_GIDDALUR_VINUKONDA,NHAI_Giddalur_Vinukonda_NH544D.pdf,138,IDENTIFIED_BRIDGE_CONDITION_CANDIDATE,D_INSUFFICIENT_FOR_LABEL,0,,,False,,,,km 322.840,False,False,True,"National Highways Authority of India Concession Agreement State Bank of India, and in the absence of such rate, the average of similar rates quoted in Delhi by the Bank of India and the Bank of Baroda; ""Reference Index Date"" means, in respect of the specified date or month, as the case may be, that last day of the preceding month with reference to which the Price Index or any constituent thereof is revised and in the event such revision has not been notified, the last such Price Index or any constituent thereof shall be adopted provisionally and used until the Price Index or such constituent thereof is revised and notified; ""Request for Proposals"" or ""RFP"" shall have the meaning as set forth in Recital (B); ""Right of Way"" means the constructive possession of the Site, together with all way leaves, easements, unrestricted access and other rights of way, howsoever described, necessary for construction, operation and maintenance of the Project in accordance with this Agreement; ""Safety Consultant"" shall have the meaning as set forth in Clause 18.1.2; ""Safety Requirements"" shall have the meaning as set forth in Clause 18.1.1; ""Scheduled Completion Date"" shall have the meaning as set forth in Clause 12.3.1; ""Scope of the Project"" shall have the meaning as set forth in Clause 2.1; ""Sen"
NHAI_AP_GIDDALUR_VINUKONDA,NHAI_Giddalur_Vinukonda_NH544D.pdf,139,IDENTIFIED_BRIDGE_CONDITION_CANDIDATE,D_INSUFFICIENT_FOR_LABEL,0,,,False,,,,km 212.983; km 213.000; km 322.840,False,False,True,"National Highways Authority of India Concession Agreement 125 Rehabilitation and Upgradatia {;; onda section of NH-544Dfrom Design km 212.983 (existing km 213.000) to Design k· 2!JlIlitJ .sting km 322.840) (Design length 112.797 km) in the State ofAndhra Pradesh to two lane with paved shoulder under NH (0) on Hybrid Annuity Mode ::: r~-.. ;: (b) all accrued interest on the debt referred to in Sub-clause (a) above but restricted -',' to the lesser of actual interest rate and a rate equal to 5% (five per cent) above the Bank Rate in case of loans expressed in Indian Rupees and lesser of the actual interest rate and 6 (six) month L1BOR (London Inter-Bank Offer Rate) plus 2% (two per cent) in case of loans expressed in foreign currency, but does not include any interest that had fallen due 1 (one) year prior to the Transfer Date; provided that if all or any part of the Subordinated Debt is convertible into Equity at the option of the lenders and/or the Concessionaire's shareholders, it shall for the purposes of this Agreement be deemed to be Subordinated Debt even after such conversion and the principal thereof shall be dealt with as if such conversion had not been undertaken; ""Substitution Agreement"" shall have the meaning as set forth in Clause 34.3.1; ""Suspension"" shall have the m"
NHAI_AP_GIDDALUR_VINUKONDA,NHAI_Giddalur_Vinukonda_NH544D.pdf,174,IDENTIFIED_BRIDGE_CONDITION_CANDIDATE,D_INSUFFICIENT_FOR_LABEL,0,,,False,,,,km 212.983; km 2; km 322.800; km 322.840,False,False,True,"Rehabilitation and Upgradation of Giddalur -. vinukonda section ofNH-544D from Design km 212.983 (existing km 2 [3.000) to Design km 322.800 (existing km 322.840) (Design length 112.797 krn) in the State of Andhrn Pradesh to two lane with paved shoulder under NH(O) on Hybrid Annuity Mode. same as that of main carriageway. (b) Rigid Pavement - Toll Plaza The rigid pavement shall be designed for minimum CVPO of 2176 for 30 years design period. However, minimum thickness of GSB, OLC and PQC in rigid pavement shall be 150 mm, 150 mm and 280 mm respectively. ~. 5.2Type of Pavement: Flexible pavement is proposed for main carriageway(existing and bypasses) with paved shoulder including Bus Bays & Truck Lay bye as well as service/slip roads for the entire project ienyiil except eli toll plazas where rigid pavernem has been adopted Design Requirements shall be as specified in the Manual. 5.3 Reconstruction of damaged stretches: The existing road shall be reconstructed in the following sections by providing drainage layer and the pavement composition as per design of new pavement. . "" Sr. Section ' Lenath Ikml 'No."" From Ikm) ' To Ikml ' 1 221.000 221.400 0.400 2 258.200 259.000 0.800 3 260.700 261.100 0.400 4 268.100 268.700 0.600 5 289.000 289.400 0.400 6 301.300 304.111 2.811 7 304.166 "
NHAI_AP_GIDDALUR_VINUKONDA,NHAI_Giddalur_Vinukonda_NH544D.pdf,186,IDENTIFIED_BRIDGE_CONDITION_CANDIDATE,D_INSUFFICIENT_FOR_LABEL,0,,,False,,,,km 212; km 213.000; km 322.800; km 322.840,False,False,True,"Rehabilitation and Upgradation of'Giddalur - vinukonda section ofNH-544D from Design km 212,983 (existing km 213.000) to Design km 322.800 (existing km 322.840) (Design length 112.797 km) in the State of Andhra Pradesh to two lane with paved shoulder under NH(O) on Hybrid Annuity Mode. E. New Construction as Box Culverts: .. / Desigl1cllai~age(kl11) , ,'rotal Length "" "", "" Remarks' 1 00,620 2m Gobburu Bypass 2 00.800 2m 3 01,140 2m 4 01.220 2m 5 01.400 2m 6 01.680 2m 7 01,960 2m 8 292.600 2m Tirpuranthakam Bypass 9 292.625 2m 10 292.900 2m 11 293.760 2m 12 294.860 2m 13 295.160 2m ~: ;,.. ~. ~: F t­ '.: , F. New Hume Pipe Culverts: SL. No .. ,'.,' , "",' NeW Design "". Chainage' ,Total' Length Remarks, Nil G. Reconstruction of Box/Slab Culverts for Median Drain: S. N 0, Existing Chainage (Km) Design Chainage (Km) Total Length Proposed Width Nil "" :~ H. Widening of Pipe Culverts for Median Drain outlets: S. No Existing Cliainag e (Km) , Design Chainage '(Km) , Type of, Structure Span Arrangement. Existing IProposed I Existing Proposed Nil t­ ;' I· f~ r: ,r , Note 1: Proposed width/overall width of the above culverts shall be equal to Roadway width of approachto culvert as per TCS Schedule given in Clause 4,3 of Schedule B, i i Note 2: Following repair/~~Igtl!!ening measure shall be "
NHAI_AP_GIDDALUR_VINUKONDA,NHAI_Giddalur_Vinukonda_NH544D.pdf,187,IDENTIFIED_BRIDGE_CONDITION_CANDIDATE,D_INSUFFICIENT_FOR_LABEL,0,,,False,,,CRACKING,km 212.983; km 213.000; km 322.800; km 322.840,False,False,True,"Rehabilitation and Upgradarion ofGiddalur- Vinukonda section ofNH-544D from Design km 212.983 (existing km 213.000) to Design km 322.800 (existing km 322.840) (Design length 112.797 km) in the Slate of Andhra Pradesh [0 two lane with paved shoulder under NHDP-IV under NH(O) on Hybrid Annuity Mode. 12. Details of Bridges to be Reconstructed I Widened I New Construction Details of Major Bridges and Minor Bridges to be reconstructed / widened I new construction are given below A. Rehabilitation & Repair of Existing Major Bridges: The following existing major bridges, proposed to be either retained or retained and widened, shall be repaired /strengthenedas per the details given below. S.No .EXisting Chaillage .•(K.m) . Design·' Chainage (Km) , '\"" ~ i 1 280.550 280.209 3 x 23.2m 1.Om 8.5m Refer foot Note below +- 2 I 284.175 ,.... . '. .Cfl, d .' .; 3 _ 306.960 . ~ flv ""/~"" -~\ I 283.864 306.854 EXisting bridge is to be I widened to 16m total width with rehabilitation Existing bridge is to be widened to 16m total width with rehabilitation 6 x 11m 12 x 5.4m 10.0m 10.0m 16.0m 16.0m Refer foot Note below Refer foot Note below . G~Jt ~!!f\>lIowing repair/strengthening measure shall be carried out to eXisting Major Bridges: ~. """"1::/ Damaged ParapeUCrash Barrier shall be replaced. ~. , • "
NHAI_AP_GIDDALUR_VINUKONDA,NHAI_Giddalur_Vinukonda_NH544D.pdf,191,BRIDGE_LEVEL_CONDITION_CANDIDATE,C_AMBIGUOUS_MULTI_ASSET_PAGE,132,AP_BR_OSM_W1081167107; AP_BR_OSM_W1086848414; AP_BR_OSM_W1086848416; AP_BR_OSM_W1086848436; AP_BR_OSM_W1086848440; AP_BR_OSM_W1088411426; AP_BR_OSM_W1088411432; AP_BR_OSM_W1088411472; AP_BR_OSM_W1088411473; AP_BR_OSM_W1088411477; AP_BR_OSM_W1088411479; AP_BR_OSM_W1088426820; AP_BR_OSM_W1088426833; AP_BR_OSM_W1088426835; AP_BR_OSM_W1088463022; AP_BR_OSM_W1088463024; AP_BR_OSM_W1089450070; AP_BR_OSM_W1089450073; AP_BR_OSM_W1089450078; AP_BR_OSM_W1089450081; AP_BR_OSM_W1120249872; AP_BR_OSM_W1155071501; AP_BR_OSM_W1155071503; AP_BR_OSM_W1191649245; AP_BR_OSM_W1225609297; AP_BR_OSM_W1232731403; AP_BR_OSM_W1232731423; AP_BR_OSM_W1237976449; AP_BR_OSM_W1237978378; AP_BR_OSM_W1237978510; AP_BR_OSM_W1237978514; AP_BR_OSM_W1237979758; AP_BR_OSM_W1237979762; AP_BR_OSM_W1243542316; AP_BR_OSM_W1243542321; AP_BR_OSM_W1245312598; AP_BR_OSM_W1245312599; AP_BR_OSM_W1273875767; AP_BR_OSM_W1273875769; AP_BR_OSM_W1273875773; AP_BR_OSM_W1273875775; AP_BR_OSM_W1273875815; AP_BR_OSM_W1273875817; AP_BR_OSM_W1273875869; AP_BR_OSM_W1273875875; AP_BR_OSM_W1273875877; AP_BR_OSM_W1306892617; AP_BR_OSM_W1306892623; AP_BR_OSM_W1324235692; AP_BR_OSM_W1329295334; AP_BR_OSM_W1329295340; AP_BR_OSM_W1362529455; AP_BR_OSM_W1362529457; AP_BR_OSM_W1367602016; AP_BR_OSM_W1384358138; AP_BR_OSM_W1451125171; AP_BR_OSM_W1463702254; AP_BR_OSM_W1463702255; AP_BR_OSM_W1467110239; AP_BR_OSM_W1470248110; AP_BR_OSM_W1470248112; AP_BR_OSM_W1470248115; AP_BR_OSM_W1470248117; AP_BR_OSM_W1470254032; AP_BR_OSM_W1470254034; AP_BR_OSM_W1470254037; AP_BR_OSM_W1470254039; AP_BR_OSM_W1470254042; AP_BR_OSM_W1470254595; AP_BR_OSM_W1470254597; AP_BR_OSM_W1492140167; AP_BR_OSM_W1492140169; AP_BR_OSM_W1498208935; AP_BR_OSM_W1498208941; AP_BR_OSM_W1498244122; AP_BR_OSM_W1509394849; AP_BR_OSM_W1509394850; AP_BR_OSM_W1513126572; AP_BR_OSM_W1513126574; AP_BR_OSM_W1513577126; AP_BR_OSM_W1523945375; AP_BR_OSM_W1523945376; AP_BR_OSM_W1524280480; AP_BR_OSM_W1526081025; AP_BR_OSM_W1534018757; AP_BR_OSM_W1534018759; AP_BR_OSM_W1540667922; AP_BR_OSM_W1544023678; AP_BR_OSM_W1544023680; AP_BR_OSM_W1546593842; AP_BR_OSM_W1546593845; AP_BR_OSM_W480403927; AP_BR_OSM_W480403929; AP_BR_OSM_W673858216; AP_BR_OSM_W673858223; AP_BR_OSM_W826596384; AP_BR_OSM_W826596386; AP_BR_OSM_W826596400; AP_BR_OSM_W826596402; AP_BR_OSM_W826596413; AP_BR_OSM_W826596416; AP_BR_OSM_W826596424; AP_BR_OSM_W826596430; AP_BR_OSM_W826596440; AP_BR_OSM_W826596442; AP_BR_OSM_W826596445; AP_BR_OSM_W826596449; AP_BR_OSM_W826596455; AP_BR_OSM_W826596458; AP_BR_OSM_W826596464; AP_BR_OSM_W826596466; AP_BR_OSM_W826596490; AP_BR_OSM_W826596496; AP_BR_OSM_W839529008; AP_BR_OSM_W843783103; AP_BR_OSM_W843783106; AP_BR_OSM_W845261050; AP_BR_OSM_W851480115; AP_BR_OSM_W851518401; AP_BR_OSM_W852274598; AP_BR_OSM_W852304662; AP_BR_OSM_W852304667; AP_BR_OSM_W852304670; AP_BR_OSM_W854500413; AP_BR_OSM_W854500419; AP_BR_OSM_W854500422; AP_BR_OSM_W854500428; AP_BR_OSM_W854500429; AP_BR_OSM_W854500435; AP_BR_OSM_W855374531; AP_BR_OSM_W855376825; AP_BR_OSM_W855376827,Service Road,False,,,CRACKING,km 211.983; km 213.000; km 311.800,False,False,True,"Rehabilitation and Upgradarion ofGiddalur - Vinukonda section of NH·544D from Design km 211.983 (existing km 213.000) 10 Design km 311.800 (exisuig krn 311.840) (Design length 112.797 km] in the State of Andhra Pradesh to two lane with paved shoulder under NHDP-IV under NH(O) on Hybrid Annuity Mode. . Sr.No Existing Chainage (Km) Design. - Chainage (Km) - SRlMCW -Proposal Span Arrangement Total width of Structure .Nature of Extent of Repairs / Strengthening to be carried out -for existing bridge 31 322.225 322.200 MCW Retained and Widened with Rehabilitation 6x3m 16m Refer foot Note below - -. SR - Service Road/Slip Road, MCW - Main Carriageway Width is excluding the gap between Main Carriageway & Service Road. Note: Following repair/strengthening measure as per requirement shall be carried out to existing Minor Bridges: • Damaged ParapeVCrash Barrier shall be replaced. • Damaged footpath and hand rails shall be replaced. • All damaged expansion joints shall be replaced. "".. Wearing coat shall be removed completely up to top of deck slab and re-Iaid with drainage spouts. ~ '\Defective bearing shall be replaced. ~( !]~,protect the foundation of Piers and abutments. . , ,. §,urface cracks in the substructure shall be repaired .. \ '.'. ,cp,roper improvements shall be made for revet"
NHAI_AP_GIDDALUR_VINUKONDA,NHAI_Giddalur_Vinukonda_NH544D.pdf,194,IDENTIFIED_BRIDGE_CONDITION_CANDIDATE,D_INSUFFICIENT_FOR_LABEL,0,,,False,,,CRACKING,km 213.000,False,False,True,"Rehabilitation and Upgredaticn ofGiddalur- Vinukonda section ofNH-544D from Design krn 212,983 (existing km 213.000) to Design kill 322,800 (existing krn 322.840) (Design length 111.797 km) in the State of Andhra Pradesh to IWO lane with paved shoulder under NH(O)on Hybrid Annuity Mode. • Damaged Wearing coat shall be removed completely up to top of deck slab and re-laid with drainage spouts. • Defective bearing shall be replaced. • Protect the foundation of Piers and abutments. • Surface cracks in the substructure shall be repaired. • Proper improvements shall be made for revetment. • Exposed Reinforcement at the bottom of deck slab shall be repaired by guniting. • Girders and slabs shall be rehabilitated and strengthened as per requirement. f: 15. Right of Way The details of ROW are given in Annexure - II of schedule A. 16. Utilities ~.' Provision for accommodating utilities shall be made both overhead as well as underground Wherever required as per IRC 98. 17. Rain Water Harvesting Structure As per Ministry of Environment and Forests Notification, New Delhi dated 14.01.1997 (as amended on 13.01.1998, 05.01.1999 & 6.11.2000), the construction of Rain water, harvesting structure is mandatory in and around Water Crisis area, notified by the Central Ground Water Board. l:18. Chang"
NHAI_AP_GIDDALUR_VINUKONDA,NHAI_Giddalur_Vinukonda_NH544D.pdf,197,IDENTIFIED_BRIDGE_CONDITION_CANDIDATE,D_INSUFFICIENT_FOR_LABEL,0,,,False,,,,km 212.983; km 213; km 322.800; km 322.840,False,False,True,"Rehabilitation and Upgradation of Giddatur - vinukonda section ofNH-S44D from Design km 212.983 (existing km 213,000) to Design km 322.800 (existing km 322.840) (Design length 112.797 km) in the State of Andhra Pradesh to two lane with paved shoulder under NH(O) on Hybrid Annuity Mode. Above mentioned toll lanes are minimum. However concessionaire shall assess actual requirement of toll lanes as per site condition andthe provision of the manual. These toll lanes shall be finalized in consultation with Independent Engineer/ Project Director, NHAI. The additional toll lanes shall not be treated as change of scope (ii) Solar panels shall be erected over the Toll Plaza Canopy to generate the green energy. Same shall be utilized for toll plaza lighting with LED lights and other energy requirement within toll plaza area. In addition to solar panels conventional lighting shall be provided by Concessionaire. (iii) All Toll Lanes to be equipped with ETC equipment. (iv) Weigh in Motion (WIM) devices shall be provided in toll lanes at Toll . PlazaLocation (v). Static weigh bridges to be provided after the toll barrier for each direction of travel. (vi) Point of sale (POS) with card swiping machines shall be provided. (vii) A separate toilet facilities for road users shall be provided near b"
NHAI_AP_GIDDALUR_VINUKONDA,NHAI_Giddalur_Vinukonda_NH544D.pdf,211,IDENTIFIED_BRIDGE_CONDITION_CANDIDATE,D_INSUFFICIENT_FOR_LABEL,0,,,False,,,,km 212.983; km 213.000; km 322.800; km 322.840,False,False,True,"National Highways Authority of India Concession Agreement SCHEDULE - E (See Clause 4.1.3) APPLICABLE PERMITS 1 1.1 Part-I Applicable Permits The Concessionaire shall obtain, as required under Applicable Applicable Permits on or before the Appointed Date. Laws, the following Part-II (a) Permission of the State Government for extraction of boulders from quarries for and in respect of at least 20% (twenty per cent) of the total length of the Project; and (a) Permission of Village Panchayat and the Pollution Control Board for installation of crushers; (b) (c) license for use of explosives; Permission of the State Government for drawing water from river/reservoir; and :­ 1.2 (d) Any other permits or clearances required under Applicable Laws. Unless otherwise specified in this Agreement, Applicable Permits, as required, relating to environmental protection and conservation shall have been procured by the Authority as a Condition Precedent. I­,i 197 Rehabilitation and Upgradotion of Giddalur - Vinukonda section of NH-544D from Design km 212.983 (existing km 213.000) to Design km 322.800 (existing km 322.840) (Design length 112.797 km) in the State of Andhra Pradesh to twa fane with paved shoulder under NH (0) an Hybrid Annuity Made"
NHAI_AP_GIDDALUR_VINUKONDA,NHAI_Giddalur_Vinukonda_NH544D.pdf,212,IDENTIFIED_BRIDGE_CONDITION_CANDIDATE,D_INSUFFICIENT_FOR_LABEL,0,,,False,,,,km 212.983; km 213.000; km 322.800; km 322.840,False,False,True,"National Highways Authority of India Concession Agreement SCHEDULE - F (See Clause 9.1) PERFORMANCE SECURITY The Chairman, National Highways Authority of India New Delhi WHEREAS: (A) GV ROAD PROJECTS PRIVATE LIMITED (the ""Concessionaire"") and the Chairman, National Highways Authority of India (the ""Authority"") have entered into a Concession Agreement dated (the ""Agreement"") whereby the Authority has agreed to the Concessionaire undertaking Rehabilitation and Upgradation of Giddalur - Vinukonda section of NH-544D from Design km 212.983 (existing km 213.000) to Design km 322.800 (existing km 322.840) (Design length 112.797 km) in the State of Andhra Pradesh to two lane with paved shoulder under NH (0) on design, build, operate and transfer (""DBOT Annuity or Hybrid Annuity"") basis, subject to and in accordance with the provisions of the Agreement. (8) The Agreement requires the Concessionaire to furnish a Performance Security to the Authority in a sum of Rs. 33.93 Cr. (Rupees Thirty Three Crore Ninety Three Lakh only) (the ""Guarantee Amount"") as security for due and faithful performance of its obligations, under and in accordance with the Agreement, during the Construction Period (as defined in the Agreement). (e) We, through our Branch at (the ""Bank"") have agreed to furnish this Ba"
NHAI_AP_GIDDALUR_VINUKONDA,NHAI_Giddalur_Vinukonda_NH544D.pdf,213,IDENTIFIED_BRIDGE_CONDITION_CANDIDATE,D_INSUFFICIENT_FOR_LABEL,0,,,False,,,,km 213.000,False,False,True,"National Highways Authority of India Concession Agreement them pending before any court, tribunal, arbitrators or any other authority or body, or by the discharge of the Concessionaire for any reason whatsoever. 3. In order to give effect to this Guarantee, the Authority shall be entitled to act as if the Bank were the principal debtor and any change in the constitution of the Concessionaire and/or the Bank, whether by their absorption with any other body or corporation or otherwise, shall not in any way or manner affect the liability or obligation of the Bank under this Guarantee. 4. It shall not be necessary, and the Bank hereby waives any necessity, for the Authority to proceed against the Concessionaire before presenting to the Bank its demand under this Guarantee. 5. The Authority shall have the liberty, without affecting in any manner the liability of the Bank under this Guarantee, to vary at any time, the terms and conditions of the Agreement or to extend the time or period for the compliance with, fulfilment and/ or performance of all or any of the obligations of the Concessionaire contained in the Agreement or to postpone for any time, and from time to time, any of the rights and powers exercisable by the Authority against the Concessionaire, and either to enforce or for"
NHAI_AP_GIDDALUR_VINUKONDA,NHAI_Giddalur_Vinukonda_NH544D.pdf,227,IDENTIFIED_BRIDGE_CONDITION_CANDIDATE,D_INSUFFICIENT_FOR_LABEL,0,,,False,GOOD,,,km 212.983; km 213.000; km 322.800; km 322.840,False,False,True,"National Highways Authority of India ConcessionAgreement form part of the sample. For the bridge portion, one spot shall be selected at random by the Independent Engineer in each span of the bridge. 2.7 Structural Test for bridges: All major and minor bridges, including over bridges, underpasses and flyovers, constructed by the Concessionaire shall be subjected to the Rebound Hammer and Ultrasonic Pulse Velocity tests, to be conducted in accordance with the procedure described in Special Report No. 17: 1996 of the IRC Highway Research Board on Non-destructive Testing Techniques, at two spots in every span, to be chosen at random by the Independent Engineer. Bridges with a span of 15 (fifteen) meters or more shall also be subjected to load testing. '"" 2.8 Other Tests: The Independent Engineer may require the Concessionaire to carry out or cause to be carried additional Tests, in accordance with Good Industry Practice, for determining the compliance of the Project with Specifications and Standards. 2.9 Environmental audit: The Independent Engineer shall carry out a check to determine conformity of the Project with the environmental requirements set forth in Applicable Lawsand Applicable Permits. 2.10 Safety review: Safety audit of the Project shall have been undertaken by the Safet"
NHAI_AP_GIDDALUR_VINUKONDA,NHAI_Giddalur_Vinukonda_NH544D.pdf,230,IDENTIFIED_BRIDGE_CONDITION_CANDIDATE,D_INSUFFICIENT_FOR_LABEL,0,,,False,GOOD,,,km 212.983; km 213.000; km 322.840,False,False,True,". National Highways Authority of India Concession Agreement SCHEDULE - K (See Clause 17.2) MAINTENANCE REQUIREMENTS 1 Maintenance Requirements :1.1 The Concessionaire shall, at all times, operate and maintain the Project in I accordance with the provisions of the Agreement, Applicable Laws and Applicable Permits. In particular, the Concessionaire shall, at all times during the Operation Period, conform to the maintenance requirements set forth in this Schedule-K(the ""Maintenance Requirements""). 1.2 The Concessionaire shall repair or rectify any defect or deficiency set forth in Paragraph 2 of this Schedule-K within the time limit specified therein and any failure in this behalf shall constitute a breach of the Agreement. Upon occurrence of any breach hereunder, the Authority shall be entitled to recover Damagesas set forth in Clause 17.8 of the Agreement, without prejudice to the rights of the Authority under the Agreement, including Termination thereof. ,2. Repair/rectification of defects and deficiencies :: 2.1 The obligations of the Concessionaire in respect of Maintenance Requirements shall include repair and rectification of the defects and deficiencies specified in Annex - I of this Schedule - Kwithin the time limit set forth therein. 2.2 The Concessionaire shall at all tim"
NHAI_AP_GIDDALUR_VINUKONDA,NHAI_Giddalur_Vinukonda_NH544D.pdf,231,IDENTIFIED_BRIDGE_CONDITION_CANDIDATE,D_INSUFFICIENT_FOR_LABEL,0,,,True,,,,km 212.983; km 213.000; km 322.800; km 322.840,False,False,True,"National HighwaysAuthority of India Concession Agreement Notwithstanding anything to the contrary contained in this Schedule-K, if any defect, deficiency or deterioration in the Project poses a hazard to safety or risk of damage to property, the Concessionaire shall promptly take all reasonable measures for eliminating or minimizing such danger. 6 Daily Inspection by the Concessionaire The Concessionaire shall, through its engineer, undertake a daily visual inspection of the Project and maintain a record thereof in a register to be kept in such form and manner as the Independent Engineer may specify. Such record shall be kept in safe custody of the Concessionaire and shall be open to inspection by the Authority and the Independent Engineer at any time during office hours. 7 Divestment Requirements All defects and deficiencies specified in this Schedule-K shall be repaired and rectified by the Concessionaire so that the Project conforms to the Maintenance Requirements on the Transfer Date. 8 Display of Schedule - K The Concessionaire shall display copy of this Schedule -K at the site along with the complaint register stipulated in article 40. 217 Rehabilitation and Upgradation of Giddalur- Vinukondo section of NH-544D from Design km 212.983 (existing km 213.000) to Design km 322.8"
NHAI_AP_GIDDALUR_VINUKONDA,NHAI_Giddalur_Vinukonda_NH544D.pdf,232,IDENTIFIED_BRIDGE_CONDITION_CANDIDATE,D_INSUFFICIENT_FOR_LABEL,0,,,False,POOR,,CRACKING,km 322.840,False,False,True,"National Highways Authority of India Concession Agreement ANNEX-I (Schedule-K) Repair/Rectification of Defects and Deficiencies The Concessionaire shall repair and rectify the defects and deficiencies specified in this Annex-I of Schedule-K within the time limit set forth herein. ROADS (a) S.No. Nature of defect or deficiency Time limit for Repair/ rectification Carriageway and paved shoulders (i) Breach or blockade Temporary restoration of traffic within 24 hours; permanent restoration within 15 days (ii) Roughness value exceeding 2,750 mm in a stretch of 1 180 days km (as measured by a standardized rough meter/bump integrator) (iii) Pot holes 48 hours (iv) Cracking in more than 5% of road surface in a stretch of 30 days 1km (v) Rutting exceeding 10 mm in more than 2% of road 30 days surface in a stretch of 1 km (measured with 3 m straight edge) (vi) Bleeding/skidding 7 days (Vii) Raveling/Stripping of bitumen surface exceeding 10 Sq m 15 days (viii Damageto pavement edges exceeding 100 mm 15 days (ix) Removai of debris 6 hours Hard/earth shoulders, side slopes, drains and culverts (i) Variation by more than 2% in the prescribed slope of 30 days camber/ cross faII (ii) Edge drop at shoulders exceeding 40 mm 7 days (iii) Variation by more than 15% in the prescribed side 30 days ("
NHAI_AP_GIDDALUR_VINUKONDA,NHAI_Giddalur_Vinukonda_NH544D.pdf,233,IDENTIFIED_BRIDGE_CONDITION_CANDIDATE,D_INSUFFICIENT_FOR_LABEL,0,,,False,,,CRACKING; SPALLING; SCOUR; DEFORMATION; SETTLEMENT,km 213; km 322.800; km 322.840,False,False,True,"National Highways Authority of India Concession Agreement Deterioration in health of trees and bushes (ii) Replacement of trees and bushes (iii) Removal of vegetation affecting sight line and road structures Rest areas (iv) Cleaning of toilets (Ii) (i) Defects in electrical, water and sanitary installations Other Project Facilities and Approach roads Damage or deterioration in Approach Roads, [pedestrian facilities, truck lay-bys, bus-bays, bus- shelters, cattle crossings, Traffic Aid Posts, Medical Aid Posts and other works] (i) Timely watering and treatment 90 days 15 days Every4 hours 24 hours 15 days BRIDGES Superstructure of bridges Cracks Temporary measures (i) Within 48 hours Permanent measures Within 45 days Spalling/scaling 15 days (ii) Foundations of bridges (i) Scouring and/or cavitation 15 days Piers, abutments, return walls and wing walls (i) Cracks and damages including settlement and tilting 30 days Bearings (metallic) of bridges (i) Deformation 15 days Joints in bridges (il Loosening and malfunctioning of joints 15 days Other items relating to bridges (i) Deforming of pads in elastomeric bearings 7 days (ii) Gathering of dirt in bearings and joints or clogging of 3 days spouts, weep holes and vent-holes (iii Damage or deterioration in parapets and handrails 3 days"
NHAI_AP_GIDDALUR_VINUKONDA,NHAI_Giddalur_Vinukonda_NH544D.pdf,235,IDENTIFIED_BRIDGE_CONDITION_CANDIDATE,D_INSUFFICIENT_FOR_LABEL,0,,,False,GOOD,,,km 212.; km 322.840,False,False,True,": National Highways Authority of India Concession Agreement of victims killed or injured, impacting vehicles, location of accidents and other relevant factors. 4.2 The Concessionaire shall provide to the Safety Consultant, in four copies, the relevant drawings containing the design details that have a bearing on safety of Users (the ""Safety Drawings""). Such design details shall include horizontal and vertical alignments; sightlines; layouts of intersections; interchanges; road cross-section; bridges and culverts; side drains; provision for parked vehicles, slow moving vehicles (tractors, bullock carts, bicycles) and pedestrians; bus bays; truck lay-bys; and other incidental or consequential information. The Safety Consultant shall review the design details and forward 3 (three) copies of the Safety Drawings with its recommendations, if any, to the Independent Engineer who shall record its comments, if any, and forward one copy each to the Authority and the Concessionaire. 4.3 The accident data and the design details shall be compiled, analysed and used by the Safety Consultant for evolving a package of recommendations consisting of safety related measures for the Project. The safety audit shall be completed in a period of three months and a report thereof (the ""Safety Report"") sh"
NHAI_AP_GIDDALUR_VINUKONDA,NHAI_Giddalur_Vinukonda_NH544D.pdf,240,IDENTIFIED_BRIDGE_CONDITION_CANDIDATE,B_IDENTIFIER_NEEDS_ASSET_LINK,0,,,True,GOOD; FAIR,,,km 21; km 213.000; km 322.840,False,False,True,"National HighwaysAuthority of India Concession Agreement 3.2 The Independent Engineer shall discharge its duties in a fair, impartial and efficient manner, consistent with the highest standards of professional integrity and Good Industry Practice. 4 Development Period 4.1 During the Development Period, the Independent Engineer shall undertake a detailed review of the Drawings to be furnished by the Concessionaire along with supporting data, including the geo-technical and hydrological investigations, characteristics of materials from borrow areas and quarry sites, topographical surveys and traffic surveys. The Independent Engineer shall complete such review and send its comments/observations to the Authority and the Concessionaire within lS (fifteen) days of receipt of such Drawings. In particular, such comments shall specify the conformity or otherwise of such Drawings with the Scope of the Project and Specifications and Standards. 4.2 The Independent Engineer shall review any modified Drawings or supporting Documents sent to it by the Concessionaire and furnish its comments within 7 (seven) days of receiving such Drawings or Documents. 4.3 The Independent Engineer shall review the Drawings sent to it by the Safety Consultant in accordance with Schedule-L and furnish its comment"
NHAI_AP_GIDDALUR_VINUKONDA,NHAI_Giddalur_Vinukonda_NH544D.pdf,241,IDENTIFIED_BRIDGE_CONDITION_CANDIDATE,B_IDENTIFIER_NEEDS_ASSET_LINK,0,,,True,GOOD; FAIR,,,km 212.; km 322.840,False,False,True,". National Highways Authority of India Concession Agreement in reasonable detail the lapses, defects or deficiencies observed by it in the construction of the Project. The Inspection Report shall also contain a review of the maintenance of the existing lanes in conformity with the provisions of the Agreement. The Independent Engineer shall send a copy of' its Inspection Report to the Authority and the Concessionaire within 7 (seven) daysof the inspection. 5.4 The Independent Engineer may inspect the Project more than once in a month ifany lapses, defects or deficiencies require such inspections. 5.5 For determining that the Construction Works conform to Specifications and Standards, the Independent Engineer shall require the Concessionaire to carry out, or cause to be carried out, tests on a sample basis, to be specified by the Independent Engineer in accordance with Good Industry Practice for quality assurance. For purposes of this Paragraph 5.5, the tests specified in the IRC Special Publication-ll (Handbook of Quality Control for Construction of Roads and Runways) and the Specifications for Road and Bridge Works issued by the Authority (the ""Quality Control Manuals"") or any modification/substitution thereof shall be deemed to be tests conforming to Good Industry Practice for q"
NHAI_AP_GIDDALUR_VINUKONDA,NHAI_Giddalur_Vinukonda_NH544D.pdf,242,IDENTIFIED_BRIDGE_CONDITION_CANDIDATE,D_INSUFFICIENT_FOR_LABEL,0,,,False,FAIR,,,km 2; km 213.000; km 322.840,False,False,True,"National Highways Authority of India Concession Agreement Users in the zone of construction or that any work is being carried out in a manner that threatens the safety of the workers and the Users, it shall make a recommendation to the Authority forthwith, identifying the whole or part of the Construction Works that should be suspended for ensuring safety in respect thereof. 5.11 In the event that the Concessionaire carries out any remedial measures to secure the safety of suspended works and Users, it may, by notice in writing, require the Independent Engineer to inspect such works, and within 3 (three) days of receiving such notice, the Independent Engineer shall inspect the suspended works and make a report to the Authority forthwith, recommending whether or not such suspension may be revoked by the Authority. 5.12 If suspension of Construction Works is for reasons not attributable to the Concessionaire, the Independent Engineer shall determine the extension of dates set forth in the Project Completion Schedule, to which the Concessionaire is reasonably entitled, and shall notify the Authority and the Concessionaire of the same. 5.13 The Independent Engineer shall carry out, or cause to be carried out, all the Tests specified in Schedule-I and issue a Completion Certificate or"
NHAI_AP_GIDDALUR_VINUKONDA,NHAI_Giddalur_Vinukonda_NH544D.pdf,243,IDENTIFIED_BRIDGE_CONDITION_CANDIDATE,B_IDENTIFIER_NEEDS_ASSET_LINK,0,,,True,GOOD,,,km 213.000; km 322.840,False,False,True,"National Highways Authority of India Concession Agreement section of the O&M Inspection Report, the Independent Engineer shall describe in reasonable detail the lapses, defects or deficiencies observed by it in O&M of the Project. The Independent Engineer shall send a copy of its O&M Inspection Report to the Authority and the Concessionaire within 7 (seven) days of the inspection. 6.5 The Independent Engineer may inspect the Project more than once in a month, if any lapses, defects or deficiencies require such inspections. 6.6 The Independent Engineer shall in its O&M Inspection Report specify the tests, if any, that the Concessionaire shall carry out, or cause to be carried out, for the purpose of determining that the Project is in conformity with the Maintenance Requirements. It shall monitor and review the results of such tests and the remedial measures, if any, taken by the Concessionaire in this behalf. 6.7 In respect of any defect or deficiency referred to in Paragraph 3 of Schedule- K, the Independent Engineer shall, in conformity with Good Industry Practice, specify the permissible limit of deviation or deterioration with reference to the Specifications and Standards and shall also specify the time limit for repair or rectification of any deviation or deterioration beyond"
NHAI_AP_GIDDALUR_VINUKONDA,NHAI_Giddalur_Vinukonda_NH544D.pdf,244,IDENTIFIED_BRIDGE_CONDITION_CANDIDATE,B_IDENTIFIER_NEEDS_ASSET_LINK,0,,,True,GOOD,,SETTLEMENT,km 213.000; km 322.840,False,False,True,"National Highways Authority of India Concession Agreement ., o the sum set forth in Clause33.2, it shall recommend retention of the required amount in the Escrow Account and the period of retention thereof. 7.2 The Independent Engineer shall inspect the Project once in every 15 (fifteen) days during a period of 90 (ninety) days after Termination for determining the liability of the Concessionaire under Article 33, in respect of the defects or deficiencies specified therein. If any such defect or deficiency is found by the Independent Engineer, it shall make a report in reasonable detail and send it forthwith to the Authority and the Concessionaire. 8 Determination of costs and time 8.1 The Independent Engineer shall determine the costs, and/or their reasonableness, that are required to be determined by it under the Agreement. 8.2 The Independent Engineer shall determine the period, or any extension thereof, that is required to be determined by it under the Agreement. 9 Assistance in Dispute resolution 9.1 When called upon by either Party in the event of any Dispute, the Independent Engineer shall mediate and assistthe Parties in arriving at an amicabie settlement. 9.2 In the event of any disagreement between the Parties regarding the meaning, scope and nature of Good Industry Pra"
NHAI_AP_GIDDALUR_VINUKONDA,NHAI_Giddalur_Vinukonda_NH544D.pdf,246,IDENTIFIED_BRIDGE_CONDITION_CANDIDATE,D_INSUFFICIENT_FOR_LABEL,0,,,False,,,,km 212.983; km 213.000; km 322.800; km 322.840,False,False,True,"National Highways Authority of India Concession Agreement SCHEDULE-O (See Clause 2S.1.2) ESCROW AGREEMENT THISESCROWAGREEMENTis entered into on this the day of 20_ AMONGST 1 GV ROAD PROJECTS PRIVATE LIMITED, a company incorporated under the provisions of the Companies Act, 2013 and having its registered office at # 8-2-686/B/11/6/1, Plot No. 9, Road No. 12, Banjara Hills, Hyderabad, Telangana, India 500 034 (hereinafter referred to as the ""Concessionaire"" which expression shall, unless repugnant to the context or meaning thereof, include its successors, permitted assigns and substitutes); 2 (insert name and particulars of Lenders' Representative) and having its registered office at.. acting for and on behalf of the Senior Lenders as their duly authorized agent with regard to matters arising out of or in relation to this Agreement (hereinafter referred to as the ""Lenders' Representative"" which expression shall, unless repugnant to the context or meaning thereof, include its successors and substitutes); 3 (insert name and particulars of the Escrow Bank) and having its registered office at..................................................... (hereinafter referred to as the ""Escrow Bank"" which expression shall, unless repugnant to the context or meaning thereof, include its successor"
NHAI_AP_GIDDALUR_VINUKONDA,NHAI_Giddalur_Vinukonda_NH544D.pdf,248,IDENTIFIED_BRIDGE_CONDITION_CANDIDATE,D_INSUFFICIENT_FOR_LABEL,0,,,False,,,,km 213.000; km 322.840,False,False,True,"National Highways Authority of India Concession Agreement 2.1 Escrow Bank to act astrustee 2.1.1 The Concessionaire hereby appoints the Escrow Bank to act as trustee for the Authority, the Lenders' Representative and the Concessionaire in connection herewith and authorizes the Escrow Bank to exercise such rights, powers, authorities and discretion as are specifically delegated to the Escrow Bank by the terms hereof together with all such rights, powers, authorities and discretion as are reasonably incidental hereto, and the Escrow Bank accepts such appointment pursuant to the terms hereof. 2.1.2 The Concessionaire hereby declares that all rights, title and interest in and to the Escrow Account shall be vested in the Escrow Bank and held in trust for the Authority, the Lenders' Representative and the Concessionaire, and applied in accordance with the terms of this Agreement. No person other than the Authority, the Lenders' Representative and the Concessionaire shall have any rights hereunder as the beneficiaries of or as third party beneficiaries under this Agreement. 2.2 Acceptance of Escrow Bank The Escrow Bank hereby agrees to act as such and to accept all payments and other amounts to be delivered to and held by the Escrow Bank pursuant to the provisions of this Agreement. The"
NHAI_AP_GIDDALUR_VINUKONDA,NHAI_Giddalur_Vinukonda_NH544D.pdf,250,IDENTIFIED_BRIDGE_CONDITION_CANDIDATE,D_INSUFFICIENT_FOR_LABEL,0,,,False,,,,km 2; km 213.000; km 322.840,False,False,True,"National Highways Authority of India Concession Agreement make direct payments to the EPC Contractor under and in accordance with the express provisions contained in this behalf in the Financing Agreements. 3.4 Interest on deposits The Escrow Bank agrees and undertakes that all interest accruing on the balances of the Escrow Account shall be credited to the Escrow Account; provided that the Escrow Bank shall be entitled to appropriate therefrom the fee and expenses due to it from the Concessionaire in relation to the Escrow Account and credit the balance remaining to the Escrow Account. 4 WITHDRAWALS FROM ESCROW ACCOUNT 4.1 Withdrawals during Concession Period 4.1.1 At the beginning of every month, or at such shorter intervals as the Lenders' Representative and the Concessionaire may by written instructions determine, the Escrow Bank shall withdraw amounts from the Escrow Account and appropriate them in the following order by depositing such amounts in the relevant Sub-Accounts for making due payments, and if such payments are not due in any month, then retain such monies in such Sub-Accounts and payout therefrom on the Payment Date{s); (a) All taxes due and payable by the Concessionaire for and in respect of the Project; (b) Deleted; (c) All payments relating to construction of "
NHAI_AP_GIDDALUR_VINUKONDA,NHAI_Giddalur_Vinukonda_NH544D.pdf,251,IDENTIFIED_BRIDGE_CONDITION_CANDIDATE,D_INSUFFICIENT_FOR_LABEL,0,,,False,,,,km 21; km 213.000; km 322.840,False,False,True,"National Highways Authority of India ConcessionAgreement fresh information received during the course of the year makes such modification necessary. :."" 4.2 Withdrawals upon Termination upon Termination of the Concession Agreement, all [~ amounts standing to the credit of the Escrow Account shall, notwithstanding anything in this Agreement, be appropriated and dealt with in the following order: (a) All taxes due and payable by the Concessionaire for and in respect of the Project; (b) Deleted; (c) 90% (ninety per cent) of Debt Due excluding Subordinated Debt; (d) all payments and Damages certified by the Authority as due and payable to it by the Concessionaire pursuant to the Concession Agreement, including any claims in connection with or arising out of Termination; :0:-: (e) Retention and payments arising out of, or in relation to, liability for defects and deficiencies set forth in Article 33 of the Concession Agreement; (f) Outstanding Debt Service including the balance of Debt Due; (g) Outstanding Subordinated Debt; (h) Incurred or accrued O&M Expenses; (i) Any other payments required to be made under the Concession Agreement; and Ul Balance, if any, in accordance with the instructions of the Concessionaire: Provided that the disbursements specified in Sub-clause (i) of this "
NHAI_AP_GIDDALUR_VINUKONDA,NHAI_Giddalur_Vinukonda_NH544D.pdf,252,IDENTIFIED_BRIDGE_CONDITION_CANDIDATE,D_INSUFFICIENT_FOR_LABEL,0,,,False,,,,km 212.; km 213.000; km 322.840,False,False,True,"National Highways Authority of India Concession Agreement , rthe Authority hereunder shall be deemed to have been taken for and on behalf of the Concessionaire. 5 OBLIGATIONS OFTHE ESCROW BANK 5.1 Segregation offunds Monies and other property received by the Escrow Bank under this Agreement shall, until used or applied in accordance with this Agreement, be held by the Escrow Bank in trust for the purposes for which they were received, and shall be segregated from other funds and property ofthe Escrow Bank. 5.2 Notification of balances 7(seven) business days prior to each Payment Date (and for this purpose the Escrow Bank shall be entitled to rely on an affirmation by the Concessionaire and/or the Lenders' Representative as to the relevant Payment Dates), the Escrow Bank shall notify the Lenders' Representative of the balances in the Escrow Account and Sub-Accounts as at the close of business on the immediately preceding businessday. 5.3 Communications and notices "" , r- In discharge of its duties and obligations hereunder, the Escrow Bank: ! , i(a) May, in the absence of bad faith or gross negligence on its part, rely as to any F matters of fact which tight reasonably be expected to be within the knowledge i. Iof the Concessionaire upon a certificate signed by or on behalf of the"
NHAI_AP_GIDDALUR_VINUKONDA,NHAI_Giddalur_Vinukonda_NH544D.pdf,253,IDENTIFIED_BRIDGE_CONDITION_CANDIDATE,D_INSUFFICIENT_FOR_LABEL,0,,,False,SATISFACTORY,,,km 213.000,False,False,True,"National Highways Authority of India Concession Agreement Account. The Escrow Bank represents and warrants that it is not aware of any reason why such regulatory approvals will not ordinarily be granted to the Escrow Bank. 6 ESCROW DEFAULT 6.1 Escrow Default 6.1.1 Following events shall constitute an event of default by the Concessionaire (an ""Escrow Default"") unless such event of default has occurred as a result of Force Majeure or any act or omission of the Authority or the Lenders' Representative: (a) the Concessionaire commits breach of this Agreement by failing to deposit any receipts into the Escrow Account as provided herein and fails to cure such breach by depositing the same into the Escrow Account within a Cure Period of 5 (five) business days; (b) the Concessionaire causes the Escrow Bank to transfer funds to any account of the Concessionaire in breach of the terms of this Agreement and fails to cure such breach by depositing the relevant funds into the Escrow Account or any Sub-Account in which such' transfer should have been made, within a Cure Period of 5 (five) business days; or ~: 6.1.2 7 (c) the Concessionaire commits or causes any other breach of the provisions of this Agreement and fails to cure the same within a Cure Period of 5 (five) business days. Upon occu"
NHAI_AP_GIDDALUR_VINUKONDA,NHAI_Giddalur_Vinukonda_NH544D.pdf,255,IDENTIFIED_BRIDGE_CONDITION_CANDIDATE,D_INSUFFICIENT_FOR_LABEL,0,,,False,,,,km 213.000; km 322.840,False,False,True,"National Highways Authority of India Concession Agreement responsible for indemnifying such claim hereunder (the ""Indemnifying Party"") within 15 (fifteen) days of receipt of the claim and shall not settle or pay the claim without the prior approval of the Indemnifying Party, which approval shall not be unreasonably withheld or delayed. In the event that the Indemnifying Party wishes to contest or dispute the claim, it may conduct the proceedings in the name of the Indemnified Party and shall bear all costs involved in contesting the same. The Indemnified Party shall provide all cooperation and assistance in contesting any claim and shall sign all such writings and documents asthe Indemnifying Party may reasonably require. 10 DISPUTE RESOLUTION 10.1 Dispute resolution 10.1.1 Any dispute, difference or claim arising out of or in connection with this Agreement, which is not resolved amicably, shall be decided finally by reference to arbitration to a Board of Arbitrators comprising one nominee of each Party to the dispute, and where the number of such nominees is an even number, the nominees shall elect another person to such Board. Such arbitration shall be held in accordance with the Rules of Arbitration of the International Centre for Alternative Dispute Resolution, New Delhi (the"
NHAI_AP_GIDDALUR_VINUKONDA,NHAI_Giddalur_Vinukonda_NH544D.pdf,261,IDENTIFIED_BRIDGE_CONDITION_CANDIDATE,D_INSUFFICIENT_FOR_LABEL,0,,,False,,,,km 212.983; km 213.000; km 322.800; km 322.840,False,False,True,"National Highways Authority of India ConcessionAgreement SCHEDUlE- Q (SeeClause32.4) VESTING CERTIFICATE 1 The Chairman, National Highways Authority of India (the ""Authority"") refers to the Concession Agreement dated (the ""Agreement"") entered into between the Authority and GV ROAD PROJECTS PRIVATE LIMITED (the ""Concessionaire"") for Rehabilitation and Upgradation of Giddalur - Vinukonda section of NH-544D from Design km 212.983 (existing km 213.000) to Design km 322.800 (existing km 322.840) (Design length 112.797 km) in the State of Andhra Pradesh to two lane with paved shoulder under NH (0) (the ""Project Highway"") on design, build, operate and transfer (""DBOT Annuity or Hybrid Annuity"") basis. 2 The Authority hereby acknowledges compliance and fulfilment by the Concessionaire of the Divestment Requirements set forth in Clause 32.1 of the Agreement on the basis that upon issue of this Vesting Certificate, the Authority shall be deemed to have acquired, and all title and interest of the Concessionaire in or about the Project shall be deemed to have vested unto the Authority, free from any encumbrances, charges and liens whatsoever. 3 Notwithstanding anything to the contrary contained hereinabove, it shall be a condition of this Vesting Certificate that nothing contained herein sha"
NHAI_AP_GIDDALUR_VINUKONDA,NHAI_Giddalur_Vinukonda_NH544D.pdf,262,IDENTIFIED_BRIDGE_CONDITION_CANDIDATE,D_INSUFFICIENT_FOR_LABEL,0,,,False,,,,km 212.983; km 213.000; km 322.800; km 322.840,False,False,True,"National Highways Authority of India Concession Agreement SCHEDULE - R (See Clause 34.3.1) SUBSTITUTION AGREEMENT THIS SUBSTITUTION AGREEMENT is entered into on this the day of... 20 . ~.: AMONGST 1 The NATIONAL HIGHWAYS AUTHORITY OF INDIA, established under the National Highways Authority of India Act 1988, represented by its Chairman and having its principal offices at G-5 & 6, Sector - 10, Dwarka, New Delhi - 110075 (Hereinafter I f rreferred to as the ""Authority"" which expression shall unless repugnant to the context or l'.meaning thereof include its administrators, successors and assigns); ."" 2 GV ROAD PROJECTS PRIVATE LIMITED, a company incorporated under the provisions of the Companies Act, 2013 and having its registered office at having its registered office at # 8-2-686/B/11/6/1, Plot No.9, Road No. 12, Banjara Hills, Hyderabad, Telangana, India 500034 (Hereinafter referred to as the ""Concessionaire"" which expression shall unless repugnant to the context or meaning thereof indude its successors and permitted assigns and substitutes); ~; 3 (insert name and particulars of Lenders' Representative) and having i its registered office at.. r acting for and on behalf of the Senior rLenders as their duly authorized agent with regard to matters arising out of or in relation , ~-,"
NHAI_AP_GIDDALUR_VINUKONDA,NHAI_Giddalur_Vinukonda_NH544D.pdf,263,IDENTIFIED_BRIDGE_CONDITION_CANDIDATE,D_INSUFFICIENT_FOR_LABEL,0,,,False,,,,km 212.983; km 322.840,False,False,True,"I National Highways Authority of India Concession Agreement NOW, THEREFORE, in consideration of the foregoing and the respective covenants and agreements set forth in this Agreement, the receipt and sufficiency of which is hereby acknowledged, and intending to be legally bound hereby, the Parties agree asfollows: 1 DEFINITIONS AND INTERPRETATION 1.1 Definitions In this Substitution Agreement, the following words and expressions shall, unless repugnant to the context or meaning thereof, have the meaning hereinafter respectively assigned to them: ""Agreement"" means this Substitution Agreement and any amendment thereto made in accordance with the provisions contained in this Agreement; ""Financial Default"" means occurrence of a material breach of the terms and conditions of the Financing Agreements or a continuous default in Debt Service by the Concessionaire for a minimum period of 3 (three) months; ""Lenders' Representative"" means the person referred to as the Lenders' Representative in the foregoing Recitals; ""Nominated Company"" means a company, incorporated under the provisions of the Companies Act, 1956, including any re-enactment or amendment thereof, selected by the Lenders' Representative, on behalf of Senior Lenders, and proposed to the Authority for assignment/transfer of the"
NHAI_AP_GIDDALUR_VINUKONDA,NHAI_Giddalur_Vinukonda_NH544D.pdf,265,IDENTIFIED_BRIDGE_CONDITION_CANDIDATE,D_INSUFFICIENT_FOR_LABEL,0,,,False,,,,km 213.000,False,False,True,", . National Highways Authority of India Concession Agreement 3.3.2 In the event that the Lenders' Representative makes a representation to the Authority within the period of 15 (fifteen) days specified in Clause 3.3.1, stating that it intends to substitute the Concessionaire by a Nominated Company, the Lenders' Representative shall be entitled to undertake and complete the substitution of the Concessionaire by a Nominated Company in accordance with the provisions of this Agreement within a period of 180 (one hundred and eighty) days from the date of such representation, and the Authority shall either withhold Termination or undertake Suspension for the aforesaid period of 180 (one hundred and eighty) days; provided that upon written i""_' request from the Lenders' Representative and the Concessionaire, the Authority shall extend the aforesaid period of 180 (one hundred and eighty) days by a period not exceeding 90 (ninety) days; provided further that the Lenders' Representative may at any time withdraw its representation hereunder and upon such withdrawal, the Authority may terminate this Agreement in accordance with the provisions hereof. 3.4 Procedure for substitution 3.4.1 The Authority and the Concessionaire hereby agree that on or after the date of Notice of Financial Defaul"
NHAI_AP_GIDDALUR_VINUKONDA,NHAI_Giddalur_Vinukonda_NH544D.pdf,268,IDENTIFIED_BRIDGE_CONDITION_CANDIDATE,D_INSUFFICIENT_FOR_LABEL,0,,,False,,,,km 213.000; km 3,False,False,True,"National Highways Authority of India ConcessionAgreement entitled to reimbursement (the ""Indemnified Party""), it shall notify the other Party responsible for indemnifying such claim hereunder (the ""Indemnifying Party"") within 15 (fifteen) days of receipt of the claim and shall not settle or pay the claim without the prior approval of the Indemnifying Party, such approval not to be unreasonably withheld or delayed. In the event that the Indemnifying Party wishes to contest or dispute the claim, it may conduct the proceedings in the name of the Indemnified Party and shall bear all costs involved in contesting the same. The Indemnified Party shall provide all cooperation and assistance in contesting any claim and shall sign all such writings and documents as the Indemnifying Party may reasonably require. 8 DISPUTE RESOLUTION 8.1 Dispute resolution 8.1.1 Any dispute, difference or claim arising out of or in connection with this Agreement which is not resolved amicably shall be decided by reference to arbitration to a Board of Arbitrators comprising one nominee each of the Authority, Concessionaire and the ..-: Lenders' Representative. Such arbitration shall be held in accordance with the Rules of Arbitration of the International Centre for Alternative Dispute Resolution, New Delhi (t"
NHAI_AP_GIDDALUR_VINUKONDA,NHAI_Giddalur_Vinukonda_NH544D.pdf,269,IDENTIFIED_BRIDGE_CONDITION_CANDIDATE,D_INSUFFICIENT_FOR_LABEL,0,,,False,,,,km 212.983; km 213.000; km 3,False,False,True,"National Highways Authority of India Concession Agreement making, enforcement or execution against it or in respect of any assets, property or revenues whatsoever irrespective of their use or intended use of any order or judgment that may be made or given in connection therewith). 9.3 Priority of agreements In the event of any conflict between the Concession Agreement and this Agreement, the provisions contained in the Concession Agreement shall prevail over this Agreement. 9.4 Alteration of terms All additions, amendments, modifications and variations to this Agreement shall be effectual and binding only if in writing and signed by the duly authorized representatives of the Parties 9.5 Waiver 9.5.1 Waiver by any Party of a default by another Party in the observance and performance of any provision of or obligations under this Agreement: (a) Shall not operate or be construed as a waiver of any other or subsequent default hereof or of other provisions of or obligations under this Agreement; (b) Shall not be effective unless it is in writing and executed by a duly authorized representative of the Party; and (c) Shall not affect the validity or enforceability of this Agreement in any manner. 9.5.2 Neither the failure by either Party to insist on any occasion upon the performance of "
NHAI_AP_GIDDALUR_VINUKONDA,NHAI_Giddalur_Vinukonda_NH544D.pdf,270,IDENTIFIED_BRIDGE_CONDITION_CANDIDATE,D_INSUFFICIENT_FOR_LABEL,0,,,False,GOOD,,,km 212.983; km 213.000; km 32,False,False,True,"National Highways Authority of India Concession Agreement If for any reason whatever any provision of this Agreement is or becomes invalid, illegal or unenforceable or is declared by any court of competent jurisdiction or any other instrumentality to be invalid, illegal or unenforceable, the validity, legality or enforceability of the remaining provisions shall not be affected in any manner, and the Parties will negotiate in good faith with a view to agreeing to one or more provisions which may be substituted for such invalid, unenforceable or illegal provisions, as nearly as is practicable to such invalid, illegal or unenforceable provision. Failure to agree upon any such provisions shall not be subject to dispute resolution under Clause 8 of this Agreement or otherwise. 9.9 Successors and assigns This Agreement shall be binding on and shall inure to the benefit of the Parties and their respective successors and permitted assigns. 9.10 Notices All notices or other communications to be given or made under this Agreement shall be in writing, shall either be delivered personally or sent by courier or registered post with an additional copy to be sent by facsimile or e-mail. The address for service of each Party, its facsimile number and e-mail address are set out under its name on "
NHAI_AP_GIDDALUR_VINUKONDA,NHAI_Giddalur_Vinukonda_NH544D.pdf,272,IDENTIFIED_BRIDGE_CONDITION_CANDIDATE,D_INSUFFICIENT_FOR_LABEL,0,,,False,,,,km 212.983; km 213.000; km 322.800; km 322.840,False,False,True,"Reply to Queries raised by the bidders during Pre-Bid meeting dated 15.01.2018 for the project ""Rehabilitation and Upgradation of Giddalur - Vinukonda section of NH-544D from Design km 212.983 (existing km 213.000) to Design km 322.800 (existing km 322.840) (Design length 112.797 km) in the State of Andhra Pradesh to two lane with paved shoulder under NHDP-IV under Bharatmala Pariyojana on Hybrid Annuity Mode"" Replies The existing pavement composition is given in Chapter S of the Final Feasibility Report. Already uploaded on e-tender portal. Now uploaded on e-tender portal. Yes, the Concessionaire may follow his own design for various components of the structures subject to its fulfilling codal provisions and obtaining prior approval of AE. However, total length of the I:..:> C X structures shall be kept same as provided in Annex-I <:TI of schedule -B. 00 The existing ROW (Km wise), have been given in the feasibility report/Schedules. If the land available at site is lessthan this, the same may be considered as encroachment. As per extant guidelines of Govt. of India. As per RFP 117 ~-7-9(,,/J ~~:?"""" ~r.};"";'O:C' ... ·',-. '-,-' . "",~ ...,_.:;. - --;-'-;~----;--:-~~~'~---::-'-;7'.--:"" .... \;:-:.:;;'~.:\.;.: ...,.:':..,.... :.:.', ...... ~: ""':-;-'~7""!:""""'-:-~:~"""""""":'T'''-;--.-. "
NHAI_AP_GIDDALUR_VINUKONDA,NHAI_Giddalur_Vinukonda_NH544D.pdf,275,IDENTIFIED_BRIDGE_CONDITION_CANDIDATE,D_INSUFFICIENT_FOR_LABEL,0,,,False,,,,chainage 274.350; ch. 274.624; km 212.983; km 322.800.,False,False,True,"~~:~, ..~ ~ ~---- .. \\\.)~ (,,--tJ ~\\I>' ~*W).?-~ ..- Sr. No. Clause Query Replies This observation is not clear. The start design chainage is km 212.983 and the end design chainage is km 322.800. However, as mentioned in Schedule A, 16 km stretch from Devrajgattu (existing chainage 274.350) to Kesinanpalli (existing ch. 274.624) ""IS common with NH-565 (part of NH-565) and is not in the scope of the project except Gobburu bypass and 400 m approach of each of two flyovers proposed at junction of project highway with NH-565. As far as the project highway is concerned, the chainage at both ends of the common portion is same. 18 -, ,0 Chainage Start chainage and end chainage are same for project length which are not in scope ,1? .0' Pavement Design Can contractor modifies given pavement thickness as per IRC As per RFP The stretches where bypass, reconstruction of damaged stretches and raising of existing road are proposed is given in Annex-I of Schedule B. Except these stretches, overlay shall be provided in the entire project corridor. ftJ Overlay Location of Overlay not provided, please provide «~'."".~~ ;;.---,-:-,-_.- . ,';."" :'.'!;. 't,- .-- ---.~.., -- - ••- ;-'--,.~ •• '~'''':~':':',""'':':'~' -,'.;-' ~---- .:; ';'"" \; .• : .,.': ;, ;:.' --'''7 -_-------'.-'7~·...""c~.....·,· ."
NHAI_AP_GIDDALUR_VINUKONDA,NHAI_Giddalur_Vinukonda_NH544D.pdf,277,IDENTIFIED_BRIDGE_CONDITION_CANDIDATE,D_INSUFFICIENT_FOR_LABEL,0,,,False,,,,km 212.983; km 213.000; km 322.800; km 322.840,False,False,True,"Corrigendum-II Sub: Rehabilitation and Upgradation of Giddalur - Vinukonda section of NH-544D from Design km 212.983 (existing km 213.000) to Design km 322.800 (existing km 322.840) (Design length 112.797 km) in the State of Andhra Pradesh to two lane with paved shoulders under NHDP-IV under NH(O) on Hybrid Annuity Mode. Clause of DCA Existing Provision Modified Provision 42.1 Definitions . , I ""Project Agreements' means this Agreement, the Financing Agreements, EPC Contract, O&M Contract, and any other material agreements or contracts that may be entered into by the Concessionaire with any person in connection with matters relating to, arising out of or incidental to the Project, but does not include the Escrow Agreement, Substitution Agreement, orany agreement for procurement of goods and services involving a consideration ofup toRs.30.65 Crore (rupees thirty crore sixtyfive lakh only); ""Project Agreements"" means this Agreement, the Financing Agreements, EPC Contract, O&M Contract, and any other material agreements or contracts that may be entered into by the Concessionaire with any person in connection with matters relating to, arising out of or incidental to the Project, but does not include the Escrow Agreement, Substttution Agreement, or any agreement for procurement of goo"
NHAI_AP_GIDDALUR_VINUKONDA,NHAI_Giddalur_Vinukonda_NH544D.pdf,286,IDENTIFIED_BRIDGE_CONDITION_CANDIDATE,D_INSUFFICIENT_FOR_LABEL,0,,,False,,,,km 212.983; km 213.000; km 322.800; km 322.840; km 40,False,False,True,"Integrity pact (Refer clause 4.4) Integrity Pact applicable for works having value of Rs. 100 Cr and above Rehabilitation and Upgradation of Giddalur - Vinukonda section of NH-s44D from Design ,i:· ,. km 212.983 (existing km 213.000) to Design km 322.800 (existing km 322.840) (Design length 112.797 km) in the State of Andhra Pradesh to two lane with paved shoulder under NH (0) on Hybrid Annuity Mode (Andhra Pradesh Division) Tender No. NHAI/Tech/AP/NH-s44D/Gid-Vinu/2017-18 dated 22.12.2017 This Integrity Pact is made at on this day of ,2018 Between National Highways Authority of India (NHAI), a statutory body constituted under the National Highways Authority of India Act, 1988, which has been entrusted with the responsibility of development, maintenance and management of National Highways, having its office at G-5 & 6, Sector-It), Dwarka, New Delhi, hereinafter referred to as ""The Principal"", which expression shall unless repugnant to the meaning or contract thereof include its successors and permitted assigns. and ,.,-, GV ROAD PROJECTS PRIVATE LIMITED, a company incorporated under the provisions of the Companies Act, 2013 with CIN U4s209TG2018PTC12383s and having its registered office at # 8-2-686/B/11/6/1, Plot No.9, Road No. 12, Banjara Hills, Hyderabad, Telangana, India 500 "
NHAI_AP_GIDDALUR_VINUKONDA,NHAI_Giddalur_Vinukonda_NH544D.pdf,292,IDENTIFIED_BRIDGE_CONDITION_CANDIDATE,D_INSUFFICIENT_FOR_LABEL,0,,,False,,,,km 212.983,False,False,True,"Bidder/Contractor/ Concessionaire/Consultant. The parties offer to the Monitor the option to participate in such meetings. (5) As soon as the Monitor notices, or believes to notice any transgression as given in Article-2, he may request the Management of the Principal to take corrective action, or to take relevant action. The monitor can in this regard submit non- binding recommendations. Beyond this, the Monitor has no right to demand from the parties that they act in a specific manner, refrain from action or tolerate action. (6) The Monitor will submit a written report to the Chairman, NHAI within 8-10 weeks from the date of reference or intimation to him by the Principal and, should the occasion arise, submit proposals for correcting problematic situations. (7) If the Monitor has reported to the Chairman, NHAI, a substantiated suspicion of under relevant IPC/PC Act or any other Statutory Acts, and the Chairman, NHAI has not, within the reasonable time taken visible action to proceed against such offence or reported it the Chief Vigilance Officer, the Monitor may also transmit this information directly to the Central Vigilance Commissioner. (8) The word 'Monitor' would include both singular and plural. Article 9 Pact Duration This Pact begins when both parties have signed (In c"
NHAI_AP_GIDDALUR_VINUKONDA,NHAI_Giddalur_Vinukonda_NH544D.pdf,299,IDENTIFIED_BRIDGE_CONDITION_CANDIDATE,D_INSUFFICIENT_FOR_LABEL,0,,,False,,,,km 212.983; km 213.000; km 322.840; km 322.800; km 213.0001; km 213..000; km 322..,False,False,True,"¥'q'Tl'{ fPho,'e y-, -1 i·251ji~ 10l:I~:iO 14],:'P~ ,(I~'tlr ,(1'514""\lrf ~ $RIo' Fax 91.11.25093507 J 2509351.l(,rgq; ~ .m< 'lOi'Wf ""l'llF!q) National Highways Authority of India (h1ir:i5try of R08d Transport and H""'ghways) ci-5 """" 6, ~-IO, m'f.!, :d f<ttit-11007~ C; S E. G. Scctor-f O. Dwar su. New Delhl··'100/~ Notice Inviting Bicj Bid no. NHAllTech/ AP/NH-544D/Gid-Vinu!2017-18 Dated: 22_12.2017 RFP for Rehabilitation and Upgradation of Giddalur - Vinukonda section of NH-544D from Design km 212.983 (existing km 213.000) to Design krn 322.800 (existing km 322.840) (Design length 112.797 km) in the State of Andhra Pradesh to two lane with paved shoulder under NHDp·IV under Bharatmala Pariyojana on Hybrid Annuity Mode. The Government of India had entrusted to the Authority the development, maintenance and management of National Highway No. 544D including the section from Design km 212.983 (existing krn 213.000) to Design km 322.800 (existing km 322.840) (Design length 112.797 km). The Authority had resolved to augment the existing road from Design km 212.983 (eXisting km 213.0001 to Design km 322.800 (existing km 322.840) (Design length 112.797 km) on the Giddalur . Vir,ukonda section of National Highway No. S44D (hereinafter called the ""NH 5440"") in the State of Andhra Pradesh b"
NHAI_AP_GIDDALUR_VINUKONDA,NHAI_Giddalur_Vinukonda_NH544D.pdf,308,IDENTIFIED_BRIDGE_CONDITION_CANDIDATE,D_INSUFFICIENT_FOR_LABEL,0,,,False,,,,km 322.840; km 322.800; km 212.983; km 213.000; km 2,False,False,True,"National Highways Authority oflndia Request for Proposals NATIONAL HIGHWAYS AUTHORITY OF INDIA G-5 & 6, Sector-l 0, Dwarka, New Delhi-II 0075 Notice Inviting Bid Bid No. NHAIffech/APfNH-544D/Gid-Vinu/201 7-18 Dated 22.12.2017 RFP for Rehabilitation and Upgradation of Giddalur - Vinukonda section of NH-544D from Design krn 212.983 (existing Ian 213.000) to Design krn 322.800 (existing km 322.840) (Design length 112.797 km) in the State of Andhra Pradesh to two lane with paved shoulder under NHDP-IV under Bharatmala Pariyojana on Hybrid Annuity Mode. The Government of India had entrusted to the Authority the development, maintenance and management of National Highway No. 544D including the section from Design Ian 212.983 (existing Ian 213.000) to Design km 322.800 (existing km 322.840) (Design length 112.797 Ian). The Authority had resolved to augment the existing road from Design Ian 212.983 (existing Ian 213.000) to Design Ian 322.800 (existing Ian 322.840) (Design length 112.797 km) on the Giddalur - Vinukonda section of National Highway No. 5440 (hereinafter called the ""NH 5440"") in the State of Andhra Pradesh by Two­ Laning thereof (the ""Project"") on design, build, operate and transfer (the ""DBOT Annuity"" or ""Hybrid Annuity"") basis, and has decided to carry out the bidding pro"
NHAI_AP_GIDDALUR_VINUKONDA,NHAI_Giddalur_Vinukonda_NH544D.pdf,321,IDENTIFIED_BRIDGE_CONDITION_CANDIDATE,D_INSUFFICIENT_FOR_LABEL,0,,,False,,,,km 213.000; km 322.840,False,False,True,"National Highways Authority oflndia Request for Proposals Bidder has the option to provide the Bid Security either as a Demand Draft or in the form of a Bank Guarantee acceptable to the Authority, as per format at Appendix-H. The Bidders shall also submit Demand Draft of Rs.60,0001-(Rupees Sixty thousand only) towards cost of bid document. 2.1.7 The validity period of the Bank Guarantee or Demand Draft, as the case may be, shall not be less than 120 (one hundred and twenty) days from the Bid Due Date with claim period of 60 (Sixty) days, and may be extended as may be mutually agreed between the Authority and the Bidder. The Bid shall be summarily rejected if it is not accompanied by the Bid Security. The Bid Security shall be refundable no later than 90(ninety) days from the Bid Due Date except in the case of the Selected Bidder whose Bid Security shall be retained till it has provided a Performance Security under the Agreement. 2.1.8 The Bidder should submit a Power of Attorney as per the format at Appendix-Ill, authorising the signatory of the Bid to commit the Bidder. 2.1.9 In case the Bidder is a Consortium, the Members thereof should furnish a Power of Attorney in favour of any Member, which Member shall thereafter be identified as the Lead Member, in the format at Appendix "
NHAI_AP_GIDDALUR_VINUKONDA,NHAI_Giddalur_Vinukonda_NH544D.pdf,326,IDENTIFIED_BRIDGE_CONDITION_CANDIDATE,D_INSUFFICIENT_FOR_LABEL,0,,,False,,,,km 322.840,False,False,True,"National Highways Authority ofIndia Request for Proposals '.; Regulations, 2011, or any substitute thereof, as In force on the date of such acquisition. The Bidder shall promptly inform the Authority of any change in the shareholding, as above, and failure to do so shall render the Bidder liable for disqualification from the Bidding Process. .. ~ 2.1.21 Notwithstanding anything to the contrary contained herein, in the event that the Bid Due Date falls within three months of the closing of the latest financial year of a Bidder, it shall ignore such financial year for the purposes of its Application and furnish all its information and certification with reference to the 5 (five) years or I (one) year, as the case may be, preceding its latest financial year. For the :.: avoidance of doubt, financial year shall, for the purposes of an Application hereunder, mean the accounting year followed by the Applicant in the course of its '.; normal business. 2.1.22 During the period from the date of the Concession Agreement until the Appointed Date (the ""Development Period""), the Concessionaire shall maintain the existing Project road, in such a manner so as to ensure that the road is in pothole free condition and also to ensure that the quality of service and safety are maintained and in the "
NHAI_AP_GIDDALUR_VINUKONDA,NHAI_Giddalur_Vinukonda_NH544D.pdf,355,IDENTIFIED_BRIDGE_CONDITION_CANDIDATE,D_INSUFFICIENT_FOR_LABEL,0,,,False,FAIR,,,km 322.840,False,False,True,"National Highways Authority of India Request for Proposals be deemed to be a part of the Concession Agreement. SECTION-5 5. PRE-BID CONFERENCE 5.1 Pre-Bid conference of the Bidders shall be convened at the designated date, time and place. A maximum of two representatives of prospective Bidders shall be allowed to participate on production of authority letter from the Bidder. 5.2 During the course of Pre-Bid conference(s), the Bidders will be free to seek clarifications and make suggestions for consideration of the Authority. The Authority shall endeavour to provide clarifications and such further information as it may, in its sole discretion, consider appropriate for facilitating a fair, transparent and competitive Bidding Process. ,-. ukonda section of NH-544D from I1 km 322.840) (Design length 112.7 J' under NJ-fDP-1V under Bharatn 57"
NHAI_AP_GIDDALUR_VINUKONDA,NHAI_Giddalur_Vinukonda_NH544D.pdf,356,IDENTIFIED_BRIDGE_CONDITION_CANDIDATE,D_INSUFFICIENT_FOR_LABEL,0,,,False,,,,km213.000,False,False,True,"National Highways Authority of India Requestfor Proposals SECTION-6 6. MISCELLANEOUS 6.1 The Bidding Process shall be governed by, and construed in accordance with, the laws of India and the Courts at New Delhi shall have exclusive jurisdiction over all disputes arising under, pursuant to and/ or in connection with the Bidding Process. 6.2 The Authority, in its sole discretion and without incurring any obligation or liability, reserves the right, at any time, to; (a) suspend and/ or cancel the Bidding Process and/ or amend and/ or supplement the Bidding Process or modify the dates or other terms and conditions relating thereto; (b) consult with any Bidder In order to receive clarification or further information; (c) retain any information and/ or evidence submitted to the Authority by, on behalf of, and/ or in relation to any Bidder; and/ or (d) independently verify, disqualify, reject and/ or accept any and all submissions or other information and/ or evidence submitted by or on behalf of any Bidder. 6.3 It shall be deemed that by submitting the Bid, the Bidder agrees and releases the Authority, its employees, agents and advisers, irrevocably, unconditionally, fully and finally from any and all liability for claims, losses, damages, costs, expenses or liabilities in any way rela"
NHAI_AP_GIDDALUR_VINUKONDA,NHAI_Giddalur_Vinukonda_NH544D.pdf,357,IDENTIFIED_BRIDGE_CONDITION_CANDIDATE,D_INSUFFICIENT_FOR_LABEL,0,,,False,,,,km 212.983; km 213.000; km 322.800; km 322.840,False,False,True,"National Highways Authority of India Request for Proposals APPENDIXIA LETTER COMPRISING THE TECHNICAL BID (Refer Clause 2.1.5,2.11 and 3.2) The General Manager (T) National Highways Authority of India G-5&6, Sector 10, Dwarka, New Delhi - 110075 Sub: BID for Rehabilitation and Upgradation ofGiddalur - Vinukonda section ofNH-544D from Design km 212.983 (existing km 213.000) to Design km 322.800 (existing km 322.840) (Design length 112.797 km) in the State of Andhra Pradesh to two lane with paved shoulder under NHDP-IV under Bharatmala Pariyojana on Hybrid Annuity Mode Dear Sir, 1. With reference to your RFP document dated $I/we, having examined the RFP document and understood its contents, hereby submit my/our Bid for the aforesaid project. The Bid is unconditional and unqualified. 2. 1/ We acknowledge that the Authority will be relying on the information provided in the Bid and the documents accompanying such Bid for selection of the Concessionaire for the aforesaid Project, and we certify that all information provided in the Bid and in Annexes [ to IV is true and correct; nothing has been omitted which renders such information misleading; and all documents accompanying such Bid are true copies of their respective originals. 3. This statement is made for the express purpose of ou"
NHAI_AP_GIDDALUR_VINUKONDA,NHAI_Giddalur_Vinukonda_NH544D.pdf,363,IDENTIFIED_BRIDGE_CONDITION_CANDIDATE,D_INSUFFICIENT_FOR_LABEL,0,,,False,,,,km 212.983; km 213.000; km 322.800; km 322.840,False,False,True,"National Highways Authority ofIndia Request for Proposals APPENDIX - IB Letter comprising the Financial BID (Refer Clauses 2.1.5, 2.11.1 and 3.2) (NOT TO BE SUBMITTED IN THE TECIDNCAL BID) The General Manager (T) National Highways Authority of lndia G-5&6, Sector 10, Dwarka, New Delhi - 110 075 Dated: Sub: BID for Rehabilitation and Upgradation ofGiddalur - Vinukonda section ofNH-544D from Design km 212.983 (existing km 213.000) to Design km 322.800 (existing km 322.840) (Design length 112.797 km) in the State of Andhra Pradesh to two lane with paved shoulder under NHDP-IV under Bharatmala Pariyojana on Hybrid Annuity Mode Project Dear Sir, With reference to your RFP document dated *** **$, l/we, having examined the Bidding Documents and understood their contents, hereby submit my/our Bid for the aforesaid Project. The Bid is unconditional and unqualified. 2. 1/ We acknowledge that the Authority will be relying on the information provided in the Bid and the documents accompanying the Bid for selection of the Concessionaire for the aforesaid Project, and we certify that all information provided in the Bid are true and correct; nothing has been omitted which renders such information misleading; and all documents accompanying the Bid are true cop ies of their respective originals. 3"
NHAI_AP_GIDDALUR_VINUKONDA,NHAI_Giddalur_Vinukonda_NH544D.pdf,368,IDENTIFIED_BRIDGE_CONDITION_CANDIDATE,D_INSUFFICIENT_FOR_LABEL,0,,,False,,,,km 212.983; km 322.840,False,False,True,"National Highways Authority of India Request for Proposals Appendix IA Annex-II @ Provide details of only those projects that have been undertaken by the Bidder under its own name and! or by an Associate specified in Clause 2.1.18 and! or by a project company eligible under Clause 3.4.3(b). In case of Categories 1 and 2, include only those projects which have an estimated capital cost exceeding the amount specified in Clause 3.4.3(c) and for Categories 3 and 4, include only those projects where the payments made/received exceed the amount specified in Clause 3.4.4. In case the Bid Due Date falls within 3 (three) months of the close of the latest financial year, refer to Clause 2.1.21. # A Bidder consisting of a single entity should fill in details as per the row titled Single entity Bidder and ignore the rows titled Consortium Member. In case of a Consortium, the row titled Single entity Bidder may be ignored In case credit is claimed for an Associate, necessary evidence to establish the relationship of the Bidder with such Associate, in terms of Clause 2.1.18, shall be provided * Member Code shall indicate NA for Not Applicable in case ofa single entity Applicant. For other Members, the following abbreviations are suggested viz. LM means Lead Member, TM means Technical Member, F"
NHAI_AP_GIDDALUR_VINUKONDA,NHAI_Giddalur_Vinukonda_NH544D.pdf,376,IDENTIFIED_BRIDGE_CONDITION_CANDIDATE,D_INSUFFICIENT_FOR_LABEL,0,,,False,,,,km 21; km 322.840,False,False,True,"National Highways Authority oflndia Request for Proposals Appendix fA Annex-V ANNEX-V Statement of Legal Capacity (To beforwarded on the leuerhead ofthe Bidder! Lead Member of Consortium) Ref. Date: To, General Manager (T) National Highways Authority ofindia G-5&6, Sector-lO, Dwarka, ':'; New Delhi-ll0075 Dear Sir, We hereby confirm that weI our members in the Consortium (constitution of which has been described in the application) satisfy the terms and conditions laid out in the RFP document. We have agreed that (insert member's name) will act as the Lead Member of our Consortium.' We have agreed that (insert individual's name) will act as our representative/ will act as the representative of the Consortium on its behalf* and has been duly authorized to submit the RFP. Further, the authorised signatory is vested with requisite powers to furnish such letter and authenticate the same. Thanking you, C"". Yours faithfully, (Signature, name and designation of the authorised signatory) -.;110, I.~.:::"" ...-- T For and on behalf of . !.I .. '''?I/=::--~~\ ~l,\ • ?i\se hever is not applicable. <' '. Rehabthtattoi fit7 J, Giddalur - Vinukonda section of NH-544D from Des; (existing km 21 m 322.800 (existing km 322.840) (Design length 112,797 km) of Andhra Prades ane with paved shoulder und"
NHAI_AP_GIDDALUR_VINUKONDA,NHAI_Giddalur_Vinukonda_NH544D.pdf,379,IDENTIFIED_BRIDGE_CONDITION_CANDIDATE,D_INSUFFICIENT_FOR_LABEL,0,,,False,,,,km 322.800; km322.840,False,False,True,"National Highways Authority of India Request for Proposals APPENDIX - II Bank Guarantee for Bid Security (Refer Clauses 2.1.6 and 2.20.1) B.G. No. Dated: 1. In consideration of you, National Highways Authority of India, having its office at G­ 5&6, Sector- I0, Dwarka, New Delhi-II 0075, (hereinafter referred to as the ""Authority"", which expression shall unless it be repugnant to the subject or context thereof include its, successors and assigns) having agreed to receive the Bid of (a Company registered under Companies Act, 1956/2013) and having its registered office at .................. (and acting on behalf of its Consortium) (hereinafter referred to as the ""Bidder"" which expression shall unless it be repugnant to the subject or context thereof include itsltheir executors administrators, successors and assigns), for the Rehabilitation and Upgradation of Giddalur - Vinukonda section of NH-544D from Design Ian 212.983 (existing Ian 213.000) to Design km 322.800 (existing Ian 322.840) (Design length 112.797 Ian) in the State of Andhra Pradesh to two lane with paved shoulder under NHDP-IV under Bharatmala Pariyojana on Hybrid Annuity Mode (hereinafter referred to as ""the Project"") pursuant to the RFP Document dated issued in respect of the Project and other related documents includ"
NHAI_AP_GIDDALUR_VINUKONDA,NHAI_Giddalur_Vinukonda_NH544D.pdf,380,IDENTIFIED_BRIDGE_CONDITION_CANDIDATE,D_INSUFFICIENT_FOR_LABEL,0,,,False,,,,km 21; km 322,False,False,True,"National Highways Authority oflndia Request for Proposals from the Authority stating that the amount claimed is due to the Authority by reason of failure of the Bidder to fulfil and comply with the terms and conditions contained in the Bidding Documents including failure of the said Bidder to keep its Bid open during the Bid validity period as setforth in the said Bidding Documents for any reason whatsoever. Any such demand made on the Bank shall be conclusive as regards amount due and payable by the Bank under this Guarantee. However, our liability under this Guarantee shall be restricted to an amount not exceeding Rs. 5.65 Crore (Rupees Five Crore and Sixty Five Lakh only). ;;­ 4. This Guarantee shall be irrevocable and remain in full force for a period of 120 (one hundred and twenty) days from the Bid Due Date and a claim period of 60 (sixty) days or for such extended period as may be mutually agreed between the Authority and the Bidder, and agreed to by the Bank, and shall continue to be enforceable till all amounts under this Guarantee have been paid. 5. We, the Bank, further agree that the Authority shall be the sole judge to decide as to whether the Bidder is in default of due and faithful fulfilment and compliance with the terms and conditions contained in the Bidding Doc"
NHAI_AP_GIDDALUR_VINUKONDA,NHAI_Giddalur_Vinukonda_NH544D.pdf,385,IDENTIFIED_BRIDGE_CONDITION_CANDIDATE,D_INSUFFICIENT_FOR_LABEL,0,,,False,,,,km 212.983; km 213.000; km 322.800; km 322.840; km 2,False,False,True,"National Highways Authority oflndia Request for Proposals APPENDIX-IV Format for Power of Attorney for Lead Member of Consortium (Refer Clause 2.1.9) Whereas the National Highways Authority of India (""the Authority"") has invited bids from interested parties for the Rehabilitation and Upgradation of Giddalur - Vinukonda section of NH-544D from Design km 212.983 (existing km 213.000) to Design km 322.800 (existing km 322.840) (Design length 112.797 km) in the State of Andhra Pradesh to two lane with paved shoulder under NHDP-IV under Bharatmala Pariyojana on Hybrid Annuity Mode {""the Project'').Whereas, , and ....................... (collectively the ""Consortium"") being Members of the Consortium are interested in bidding for the Project in accordance with the terms and conditions of the Request for Proposal and other connected documents in respect of the Project, and s: ~. Whereas, it is necessary for the Members of the Consortium to designate one of them as the Lead Member with all necessary power and authority to do for and on behalf of the Consortium, all acts, deeds and things as may be necessary in connection with the Consortium's bid for the Project and its execution. NOW THEREFORE KNOW ALL MEN BY THESE PRESENTS We, having our registered office at , Mis . ...................."
NHAI_AP_GIDDALUR_VINUKONDA,NHAI_Giddalur_Vinukonda_NH544D.pdf,389,IDENTIFIED_BRIDGE_CONDITION_CANDIDATE,D_INSUFFICIENT_FOR_LABEL,0,,,False,,,,km 322.840,False,False,True,"National Highways Authority oflndia Request for Proposals shoulder under NHDP-IV under Bharatmala Pariyojana on BOT (Hybrid Annuity) Mode(the ""Project"") through public private partnership. (B) The Parties are interested in jointly bidding for the Project as members of a Consortium and in accordance with the terms and conditions of the RFP document and other bid documents in respect of the Project, and (C) It is a necessary condition under the RFP document that the members of the Consortium shall enter into a Joint Bidding Agreement and furnish a copy thereof with the Bid. NOW IT IS HEREBY AGREED as follows :-;; 1. Definitions and Interpretations In this Agreement, the capitalised terms shall, unless the context otherwise requires, have the meaning ascribed thereto under the RFP. 2. Consortium 2.1 The Patties do hereby irrevocably constitute a consortium (the ""Consortium"") for the purposes ofjointly participating in the Bidding Process for the Project. 2.2 The Parties hereby undertake to participate in the Bidding Process only through this Consortium and not individually and/ or through any other consortium constituted for this Project, either directly or indirectly or through any of their Associates. 3. Covenants The Parties hereby undertake that in the event the Consortium is de"
NHAI_AP_GIDDALUR_VINUKONDA,NHAI_Giddalur_Vinukonda_NH544D.pdf,395,IDENTIFIED_BRIDGE_CONDITION_CANDIDATE,D_INSUFFICIENT_FOR_LABEL,0,,,False,,,,km 212.983; km 213.000; km 322.800; km 322.840,False,False,True,"National Highways Authority of India Request for Proposals APPENDIX VI Integrity pact (Refer clause 4.4) Draft Integrity Pact Format applicable for works having value of Rs. 100 Cr and above Rehabilitation and Upgradation of Giddalur - Vinukonda section of NH-544D from Design km 212.983 (existing km 213.000) to Design km 322.800 (existing km 322.840) (Design length 112.797 km) in the State of Andhra Pradesh to two lane with paved shoulder under NHDP-IV under Bharatmala Pariyojana on BOT (Hybrid Annuity) Mode (the ""Project"") through an public private partnership. '. Tender No. _ This Integrity Pact is made at on this day of 2014 Between [National Highways Authority of India (NHAI), a statutory body constituted under the National Highways Authority of India Act, 1988, which has been entrusted with the responsibility of development, maintenance and management of National Highways, having its office at G-5 & 6, Sector- 10, Dwarka, New Delhi, hereinafter referred to as ""The Principal"", which expression shall unless repugnant to the meaning or contract thereof include its successors and permitted assigns.] '. j and _________________________ . hereinafter referred to as ""The Bidder/ Contractor/ Concessionaire/ Consultant"" and which expression shall unless repugnant to be meaning or cont"
NHAI_AP_GIDDALUR_VINUKONDA,NHAI_Giddalur_Vinukonda_NH544D.pdf,404,IDENTIFIED_BRIDGE_CONDITION_CANDIDATE,D_INSUFFICIENT_FOR_LABEL,0,,,False,,,,km 212.983; km 213.000; km 322.800; km 322.840,False,False,True,"e : f· l!IU BVSR Constructions Pvt. ltd. ~"" # 8·2-686IB/11/6/1, Plot No.9, Road No. 12, Banjara Hills, 8 VSH Hyderabad- 500 034. Ph: +914023332445, Fax: 23331893. . APPENDIX IA LETTER COMPRISING THETECHNICAL BID (Refer Clause 2.1.5, 2.11 and 3.2) The General Manager (T) National Highways Authority of India G-5&6, Sector 10, Dwarka, New Delhi - 110 075 Sub: BID for Rehabilitation and Upgradation of Giddalur - Vinukonda section of NH­ 544D from Design km 212.983 (existing km 213.000) to Design km 322.800 (existing km 322.840) (Design length 112.797 km) in the State of Andhra Pradesh to two lane with paved shoulder under NHDP-IV under NH (0) on Hybrid Annuity Mode Dear Sir, I. With reference to your RFP document dated: 22.12.2017 Ifwe, having examined the RFP document and understood its contents, hereby submit my/our Bid for the aforesaid project. The Bid is unconditional and unqualified. 2. If We acknowledge that the Authority will be relying on the information provided in the Bid and the documents accompanying such Bid for selection of the Concessionaire for the aforesaid Project, and we certify that all information provided in the Bid and in Annexes I to IV is true and correct; nothing has been omitted which renders such information misleading; and all documents accompanying such"
NHAI_AP_GIDDALUR_VINUKONDA,NHAI_Giddalur_Vinukonda_NH544D.pdf,448,IDENTIFIED_BRIDGE_CONDITION_CANDIDATE,D_INSUFFICIENT_FOR_LABEL,0,,,False,,,,km 212.983; km 213.000; km 322.800; km 322.840,False,False,True,"APPENDIX VI Integrity pact (Refer clause 4.4) Draft Integrity Pact Format applicable for works having value of Rs.l00 Crand above Rehabilitation and Upgradation of Glddalur - Vinukonda section of NH-544D from Design km 212.983 (existing km 213.000} to Design km 322.800 (existing km 322.840} (Design length 112.797 km)ln the State of Andhra Pradesh to two lane with paved shoulder under NHDP-IV under NH (0) on Hybrid Annuity Mode (the ""Project"") through an public private partnership. '-- ,Dlvlslon) Tender No. : BidNo. NHAI/Tech/AP/NH-544D/Gld-Vinu/2017-18 This Integrity Pact is made at Hyderabad on this 26th day of February, 2018 Between National Highways Authority of India (NHAI), a statutory body constituted under the National Highways Authority of India Act, 1988, which has been entrusted with the responsibility of development, maintenance and management of National Highways, having Its office at G-5 & 6, sector-to, Dwarka, New Deihl, hereinafter referred to as ""The Principal"", which expression shall unless repugnant to the meaning or contract thereof include its successors and permitted assigns. and M/s BVSR Constructions Pvt ltd, having Registered office at H. No. 5-8-51/1, Fathe Sulthan lane, Nampally, Hyderabad - 500 001, Telangana and Corporate Office at H. No. 8-2­ 686/B/ll"
NHAI_AP_GIDDALUR_VINUKONDA,NHAI_Giddalur_Vinukonda_NH544D.pdf,459,IDENTIFIED_BRIDGE_CONDITION_CANDIDATE,D_INSUFFICIENT_FOR_LABEL,0,,,False,,,,km 212.983; km213.000; km 322.800; km 322.840,False,False,True,"~ BVSR Constructions Pvt. Ltd. ~~ # 8-2-68618/111611, Pial No.9, Road No. 12, Sanjara Hills, 8 VSH Hyderabad-500 034. Ph: +91 4023332445,Fax: 23331893. APPENDIX·m Lettercomprising the Financial BID (ReferClauses 2.1.5,2.1I.l and 3.2) (NOT TO BE SUBMITTED IN THE TECHINCAL BID) The General Manager (T) National Highways Authorityof India G·5&6, Sector 10,Dwarka, NewDelhi - 110075 Dated: 15.03.2018 Sub: BID for Rehabilitation and Upgradation of Giddalur - Vinukonda section of NH-544D from Design km 212.983 (existing km213.000)to Design km 322.800(existing km 322.840) (Design length 112.797km) in the State of AndhraPradesh to two lane with paved shoulderunderNHDP· IV underNH (0) on Hybrid AnnuityMode. Dear Sir, With reference to your RFP document dated: 22.12.2017 l/we, having examined the Bidding Documents and understood their contents, hereby submit my/our Bid for the aforesaid Project. The Bid is unconditional and unqualified. 2. JJ We acknowledge that the Authority will be relying on the information provided in the Bid and the documents accompanying the Bid for selection of the Concessionaire for the aforesaid Project, and we certify that all information provided in the Bid are true and correct; nothing has been omitted which renders such information misleading; and all documents "
NHAI_AP_GIDDALUR_VINUKONDA,NHAI_Giddalur_Vinukonda_NH544D.pdf,468,IDENTIFIED_BRIDGE_CONDITION_CANDIDATE,D_INSUFFICIENT_FOR_LABEL,0,,,False,,,,km 212.983; km 322.800; km 322.840,False,False,True,"~IPhone. 91·11·25074100/25074200 ('ffi?'Fi ~ ~ ,,~ """"""""',,) ttem I Fax: 91·11-25093507 I 25093514 :--..... ~ '( I\jj J:jIl f W'tjCfl '(0 I... . .~... '( I ~I £j iij. National Highways Authority of India (Ministry of Road Transport and Highways) <t-5 l('i 6. Wtn-10, GT<'l'T, 'I{ ~-110075 ORIGINAL COPYG-5& 6, Sector-l0. Dwarka, NewDelhi-110075 NHAllTeCh/APINH.544D/Gid-Vinu/2017-18/,I';-)(; l1 Dated: 26.03.2018 To M/s BVSR Constructions Pvt. Ltd. H. No. 8-2-686/B/11/6/1, Plot No.9, Road No. 12, Banjara Hills, Hyderabad - 500034. Email: bvsrconstructionspvtltd@gmail.com Fax No. 040-23331893 (Kind Attn: Shri P. Ravi Sankar Reddy) Sub: Rehabilitation and Upgradation of Giddalur - Vinukonda section of NH-544D from Design km 212.983 (existing krn 213.000) to Design km 322.800 (existing km 322.840) (Design length 112.797 km) in the State of Andhra Pradesh to two lane with paved shoulder under NH(O) on Hybrid Annuity Mode-Issue of letter of Award (LOA) - Reg Ref: Your bid submitted for subject project Dear Sir, This is to notify that based on your bid submitted for the subject project, your offer of Bid . I:. Project Cost of Rs.678.69 Crore (Rupees Six Hundred Seventy Eight Crore and Sixty Nine Lakh only) and First Year O&M Cost of Rs.11.00 crore (Rupees Eleven Crore) is hereby accepted by"
NHAI_AP_GIDDALUR_VINUKONDA,NHAI_Giddalur_Vinukonda_NH544D.pdf,470,IDENTIFIED_BRIDGE_CONDITION_CANDIDATE,D_INSUFFICIENT_FOR_LABEL,0,,,False,,,,km 212.983; km 213.000; km 322.800; km 322.840,False,False,True,"~ ,(I~~ '(I,}'pwt W~Cfl'(Or ~I Phone: 91-11-25074100/25074200 (~ qrt4~., .alIT ~ ~) t'R! I Fax: 91-11-25093507 I 25093514 National Highways Authority of India (Ministry of Road Transport and Highways) ""4t-5 ~ 6, t<m:-l0, ~, ~ ftffil-ll0075 DUPLICATE COpyG-5& 6, Sector-10, Dwarka, New Delhi-l10075 NHAlrrech/APINH-544D/Gid-Yinu/2017-18!; ISIC.s.'- Dated: 26.03.2018 To Mis BVSR Constructions Pvt. Ltd. H. No. 8-2-686/B/11/6/1, Plot 1'10. 9, Road No. 12, Banjara Hills, Hyderabad - 500034. Email: bvsrconstructionspvtltd@gmail.com Fax No. 040-23331893 (Kind Attn: Shri P. Ravi Sankar Reddy) Sub: Rehabilitation and Upgradation of Giddalur - Vinukonda section of NH-544D from Design km 212.983 (existing km 213.000) to Design km 322.800 (existing km 322.840) (Design length 112.797 km) in the State of Andhra Pradesh to two lane with paved shoulder under NH(O) on Hybrid Annuity Mode-Issue of letter of Award (LOA) - Reg Ref: Your bid submitted for subject project Dear Sir, This is to notify that based on your bid submitted for the subject project, your offer of Bid Project Cost of Rs.678.69 Crore (Rupees Six Hundred Seventy Eight Crore and Sixty Nine Lakh only) and First Year DaM Cost of Rs.ll.00 crore (Rupees Eleven Crore) is hereby accepted by NHAI and you are hereby declared as the ""Selected"
NHAI_AP_GIDDALUR_VINUKONDA,NHAI_Giddalur_Vinukonda_NH544D.pdf,499,IDENTIFIED_BRIDGE_CONDITION_CANDIDATE,D_INSUFFICIENT_FOR_LABEL,0,,,False,,,,km 212.983; km 213.000; km 322.800; km 322.840,False,False,True,"s. PRAMOD KUMAR ADVOCATE To, The General Manager {Tl - Andhra Pradesh National Highways Authority of India G - 5 & 6, Sector-10, Dwarka, New Delhi-110075 Dear Sir, Date: 02.05.2018 Legal Opinion We noted that M/s BVSR Constructions Pvt. l.td., ( hereinafter referred to as the"" selected Bidder"") had submitted bid dated 16.03.2018 for the work of ""Rehabilitation and Upgradation of Giddalur - Vinukonda section of NH-544D from Design km 212.983 (existing km 213.000) to Design km 322.800 (existing km 322.840) (Design length 112.797 km) in the State of Andhra Pradesh to two lane with paved shoulder under NHDP-IV under Bharatmala Pariyojana on Hybrid Annuity Mode Project"" and received Letter of Award vide LOA.No.NHAI/Tech/AP/NH­ 544D/Gid-Vinu/2017-18/115164, Dated: 26.03.2018 issued by the General Manager (Tech) - AP, National Highways Authority of India, G-5 & 6, Sector-lO, Dwarka, New Delhi-110075. As per the Letter of Award quoted above the selected bidder is required among the other conditions, to promote and incorporate the Concessionaire as limited liability company under the companies act 2013 and as the entity which shall undertake and perform the obligations and exercise the rights of the selected bidder under the LOA including the obligation to enter into the Concession Agreem"
NHAI_AP_TADA_NELLORE,NHAI_Tada_Nellore_NH5_Vol_II.pdf,8,IDENTIFIED_BRIDGE_CONDITION_CANDIDATE,B_IDENTIFIER_NEEDS_ASSET_LINK,0,,,True,,,CRACKING; SPALLING; CORROSION; RUST; DELAMINATION; LEACHING; DEFORMATION,km 52.8; km 163.6.,False,False,True,"2.8 Cross Drainage Structure Culverts The culvert inventory and condition survey was canied out between 3rd and 7"" February 2000. The number and type of culverts along the project road occurring in Andhra Pradesh are given in Table A-4 below. Table A-4 : Numbers and types of Culvert Various details pertaining to the culverts were collected including type, location, general condition, span, length, etc., The general purpose of the culverts was considered to be the provision of a crossing for the irrigation streams and drainage. In a few cases it has been to facilitate the crossing of pipelines. The majority of the culverts have been neglected and not received routine maintenance consequently they were found to be heavily silted and in some cases inhibited the flow. General defects that were observed, were erosion of the bed, leaching of abutment walls, edge breaking of slabs, corrosion of reinforcement, obstruction of the vent due to the growth of vegetation, etc., The detailed findings of the inventory and condition survey are provided in Appendix A5.6 of the Final Feasibility Report submitted by the Consultant (SWK). Description Slab Culvert Pipe Culvert Total Bridges Total 117 85 202 A detailed bridge inventory and condition survey was carried out on all the bridges between km "
NHAI_AP_TADA_NELLORE,NHAI_Tada_Nellore_NH5_Vol_II.pdf,12,BRIDGE_LEVEL_CONDITION_CANDIDATE,C_AMBIGUOUS_MULTI_ASSET_PAGE,2,AP_BR_OSM_W1444463666; AP_BR_OSM_W834616114,MAIN ROAD,False,GOOD,,,km 217; km 252; km 252.00; km 265; km 226,False,False,True,"Proposal of CIDBI, Malaysia for construction of new 2 lanes by the side of existing 2 lanes in the reach from km 217 (Nandigama) to km 252 (Ibrahimpatnam) in Andhra Pradesh - Schedules i SCHEDULE A2 SITE OF THE PROJECT 1. GENERAL National Highway No. 9 takes off from NH4 at Pune in the State of Maharashtra and after passing through Hyderabad, the capital city of Andhra Pradcsh, joins NHS at Vijayawada. It passes through the districts of Sangareddy, Hyderabad, Nalgonda and Krishna. Thus; it is an important National Highway, which connects two major National Highways, Nos 4 & 5, and also connects Hyderabad with Vijayawada, the two largest towns of Andhra Pradesh, one the State Capital and the other a big commercial and business centre. The distance from Hyderabad to Vijayalvada is 270 krn. But in this project, four laning of the reach from km 217 (Nandigama) to km 252.00 (Ibrahimpatnam) only has been included. However; CIDBI shall operate. maintain and collect toll on recently four laned reach from km 252.00 (Ibrahimpatnam) to km 265 (Vijayawada). This stretch of road passes through the agricultural belt of the State. The terrain is generally plain and the gradients are flat. The area is predominantly black cotton soil and is rich and fertile. At the stretch between krn 242 to km 2"
NHAI_AP_TADA_NELLORE,NHAI_Tada_Nellore_NH5_Vol_II.pdf,13,IDENTIFIED_BRIDGE_CONDITION_CANDIDATE,D_INSUFFICIENT_FOR_LABEL,0,,,False,,,,km 226-10; km 240.060-5; km 230.365-1; km 233.220-3; km 246.020-4; km 247.450-3; km 251.640-2,False,False,True,"2.3 Traffic The Average Daily Traffic flow (both directions) at Ibrahimpatnam in Vijayawada- Nandigama Section on the basis of special classified volume count undertaken by CIDBI for a continuous period of 7 days was of the order of 12,440 vehicles (26,847 PCUs). Traffic flows are mainly heterogeneous in nature primarily dominated by goods traffic. The share of multi-axle vehicles with goods traffic was 6%. Average Annual Daily Traffic (AADT) by using seasonal factor for December was estimated as 13,945 vehicles (30,202 PCUs). The trafic forecasts based on estimated growth rates are detailed below 2.4 Pavement Composition Of Existing Two Lane Carriageway Category Vehlcles PCUs Recently, the existing two lane carriagenay has been brought to 7 m width (with GSB- 300 mm: WMM-300 mm) strengthened with 130 mm DBM + 40 mm BC after PCC. Hard shoulders to 1.5 m width on either side have been provided with a crust of 300 mm GSB + 430 mm WMM + 40 mm BC. Soft shoulders of 1.0 m width on either side have been provided. 2.5 Drainage Year The road side drainage along the Project Highway has been improved. In urban areas drains and paving of open areas have been provided. The reaches where overtopping was experienced have been raised. 2.6 Road Geometry 2035 217463 354962 The alignment of the Pr"
NHAI_AP_TADA_NELLORE,NHAI_Tada_Nellore_NH5_Vol_II.pdf,16,BRIDGE_LEVEL_CONDITION_CANDIDATE,C_AMBIGUOUS_MULTI_ASSET_PAGE,132,AP_BR_OSM_W1081167107; AP_BR_OSM_W1086848414; AP_BR_OSM_W1086848416; AP_BR_OSM_W1086848436; AP_BR_OSM_W1086848440; AP_BR_OSM_W1088411426; AP_BR_OSM_W1088411432; AP_BR_OSM_W1088411472; AP_BR_OSM_W1088411473; AP_BR_OSM_W1088411477; AP_BR_OSM_W1088411479; AP_BR_OSM_W1088426820; AP_BR_OSM_W1088426833; AP_BR_OSM_W1088426835; AP_BR_OSM_W1088463022; AP_BR_OSM_W1088463024; AP_BR_OSM_W1089450070; AP_BR_OSM_W1089450073; AP_BR_OSM_W1089450078; AP_BR_OSM_W1089450081; AP_BR_OSM_W1120249872; AP_BR_OSM_W1155071501; AP_BR_OSM_W1155071503; AP_BR_OSM_W1191649245; AP_BR_OSM_W1225609297; AP_BR_OSM_W1232731403; AP_BR_OSM_W1232731423; AP_BR_OSM_W1237976449; AP_BR_OSM_W1237978378; AP_BR_OSM_W1237978510; AP_BR_OSM_W1237978514; AP_BR_OSM_W1237979758; AP_BR_OSM_W1237979762; AP_BR_OSM_W1243542316; AP_BR_OSM_W1243542321; AP_BR_OSM_W1245312598; AP_BR_OSM_W1245312599; AP_BR_OSM_W1273875767; AP_BR_OSM_W1273875769; AP_BR_OSM_W1273875773; AP_BR_OSM_W1273875775; AP_BR_OSM_W1273875815; AP_BR_OSM_W1273875817; AP_BR_OSM_W1273875869; AP_BR_OSM_W1273875875; AP_BR_OSM_W1273875877; AP_BR_OSM_W1306892617; AP_BR_OSM_W1306892623; AP_BR_OSM_W1324235692; AP_BR_OSM_W1329295334; AP_BR_OSM_W1329295340; AP_BR_OSM_W1362529455; AP_BR_OSM_W1362529457; AP_BR_OSM_W1367602016; AP_BR_OSM_W1384358138; AP_BR_OSM_W1451125171; AP_BR_OSM_W1463702254; AP_BR_OSM_W1463702255; AP_BR_OSM_W1467110239; AP_BR_OSM_W1470248110; AP_BR_OSM_W1470248112; AP_BR_OSM_W1470248115; AP_BR_OSM_W1470248117; AP_BR_OSM_W1470254032; AP_BR_OSM_W1470254034; AP_BR_OSM_W1470254037; AP_BR_OSM_W1470254039; AP_BR_OSM_W1470254042; AP_BR_OSM_W1470254595; AP_BR_OSM_W1470254597; AP_BR_OSM_W1492140167; AP_BR_OSM_W1492140169; AP_BR_OSM_W1498208935; AP_BR_OSM_W1498208941; AP_BR_OSM_W1498244122; AP_BR_OSM_W1509394849; AP_BR_OSM_W1509394850; AP_BR_OSM_W1513126572; AP_BR_OSM_W1513126574; AP_BR_OSM_W1513577126; AP_BR_OSM_W1523945375; AP_BR_OSM_W1523945376; AP_BR_OSM_W1524280480; AP_BR_OSM_W1526081025; AP_BR_OSM_W1534018757; AP_BR_OSM_W1534018759; AP_BR_OSM_W1540667922; AP_BR_OSM_W1544023678; AP_BR_OSM_W1544023680; AP_BR_OSM_W1546593842; AP_BR_OSM_W1546593845; AP_BR_OSM_W480403927; AP_BR_OSM_W480403929; AP_BR_OSM_W673858216; AP_BR_OSM_W673858223; AP_BR_OSM_W826596384; AP_BR_OSM_W826596386; AP_BR_OSM_W826596400; AP_BR_OSM_W826596402; AP_BR_OSM_W826596413; AP_BR_OSM_W826596416; AP_BR_OSM_W826596424; AP_BR_OSM_W826596430; AP_BR_OSM_W826596440; AP_BR_OSM_W826596442; AP_BR_OSM_W826596445; AP_BR_OSM_W826596449; AP_BR_OSM_W826596455; AP_BR_OSM_W826596458; AP_BR_OSM_W826596464; AP_BR_OSM_W826596466; AP_BR_OSM_W826596490; AP_BR_OSM_W826596496; AP_BR_OSM_W839529008; AP_BR_OSM_W843783103; AP_BR_OSM_W843783106; AP_BR_OSM_W845261050; AP_BR_OSM_W851480115; AP_BR_OSM_W851518401; AP_BR_OSM_W852274598; AP_BR_OSM_W852304662; AP_BR_OSM_W852304667; AP_BR_OSM_W852304670; AP_BR_OSM_W854500413; AP_BR_OSM_W854500419; AP_BR_OSM_W854500422; AP_BR_OSM_W854500428; AP_BR_OSM_W854500429; AP_BR_OSM_W854500435; AP_BR_OSM_W855374531; AP_BR_OSM_W855376825; AP_BR_OSM_W855376827,Service Road,False,,,,km 55.300; km 56.050; km 56.150; km 59.100; km 59.725; km 59.250; km 59.825; km 65.000; km 66.250; km 65.350; km 66.800; km 74.350; km 75.750; km 93.475; km 94.250; km 131.225; km 132.475; km 131.425; km 132.450; km 136.225; km 137.200; km 155.200; km 155.950; km 163.100; km 162.850; km 163.000,False,False,True,"2.1.9 comply with any specified programme requirements, including for the completion of the new road; 2.1.10 enable standards of reliability, durability, accessibility, maintainability, quality control and assurance and fitness for purpose appropriate to a highway of the character of the Project Highway to be achieved throughout the Contract Period; 2.1.11 ensure adequate off-street parking facilities such as rest areas and truck lay bys for both passenger and goods vehicles; 2.1.12 provide adequate bus bays for stopping of buses and bus shelters for commuters to wait under protection; and 2.1.13 achieve a high standard in the appearance and aesthetic quality of the Project Highway and achieve integration of the Project Highway with the character of the surrounding landscape through both sensitive design and sensitive management of all visible elements including those on the existing road. 2.2 Cross Sections The project highway shall be widened to have a 4 lane divided caniageway facility. The details of type of cross-section shall be to IRC and MOST requirements and specifications. The detailed design for the main carriageway, service roads and important junctions must be carried out. The horizontal and vertical controls are to be governed by the IRC and MOST specifications and "
NHAI_AP_TADA_NELLORE,NHAI_Tada_Nellore_NH5_Vol_II.pdf,18,IDENTIFIED_BRIDGE_CONDITION_CANDIDATE,D_INSUFFICIENT_FOR_LABEL,0,,,False,,,,km 52.8; km 66.1; km 13.3; Km 110,False,False,True,"The recommended designs (values rounded to nearest cm) are shown in Table B-4. Table B-4 Recommended Overlay Design The section krn 110- 120 is presently being strengthened. According to the Specification the strengthening is based on Benkelman Deflections and a projected traffic of 168 million ESALs, using IRC 81. As the traffic projection is higher than our projection, there is no need for additional strengthening. From km 52.8 66.1 120.0 134.4 The methodology adopted for the pavement design can be obtained from the PPR report submitted by the Consultants (SWK). 2.3.4 Rigid Pavement Design To km 66.1 110.0 134.4 163.6 The design for rigid pavement was based on various methods and the recommended design to be adopted at the Toll areas, Check post and the Truck lay bys are as indicated in Table B-5. Table B-5 Rigid Pavement Composition for Project Highway Length km 13.3 37.8 14.4 29.2 Required overlay mm 130 140 160 170 2.3.5 Joints Designation of Pavement Layer Dowelled PCC Lean concrete sub-base Subgrade (CBR > 6%) Contraction joints with dowel bars shall be provided. 2.4 Geometric Improvements Check Post, Toll Area & Truck Layby 2.4.1 Complete geometric improvement must be carried out and the horizontal and vertical alignments shall conform to IRC and MOST specifications and r"
NHAI_AP_TADA_NELLORE,NHAI_Tada_Nellore_NH5_Vol_II.pdf,21,BRIDGE_LEVEL_CONDITION_CANDIDATE,D_INSUFFICIENT_FOR_LABEL,1,AP_BR_OSM_W1327825130,Railway Track,True,,,,,False,False,True,2.10 Cross - Drainage Structures 2.10.1 Culverts All the cross-drainage structures shall be designed in accordance with the design standards set in Schedule D. All the cross drainage structures for the new carriageway shall be designed for 3 lane capacity. The details of recommended improvements for culverts have been dealt in the PPR report of the Consultants (SWK) 2.10.2 New Bridges There are forty-two bridges out of which forty bridges are across rivers/streams and two across the railway tracks. All the new bridges shall have the width for three-lane and the existing bridges have to be retained after necessary repair and rehabilitation. The rivers are both major and minor. The streams cater for the storm water flow from the nearby agricultural fields or open land. 2.10.3 Underpasses To cater for the pedestrian crossings the main carriageway underpasses have been proposed at various locations as detailed in Schedule C. These underpasses will have a clear span of 6.00 m with a vertical clearance of 2.5 m. Approach embankments on the main carriageway at pedestrian underpasses will be supported by reinforced earth retaining walls in order to minimise land acquisition. 2.10.4 Geotechnical Investigation Complete Geotechnical Investigation has been carried out at the bridge locations
NHAI_AP_TADA_NELLORE,NHAI_Tada_Nellore_NH5_Vol_II.pdf,23,IDENTIFIED_BRIDGE_CONDITION_CANDIDATE,D_INSUFFICIENT_FOR_LABEL,0,,,False,,,,Km 217; Km 221; Km 222.7; Km 225.1; Km 226.3; Km 226.8; Km 231.5; Km 233.4; Km 240.0; Km 251.5; Km 252.0,False,False,True,"2.1.8 Provide a safe, clear and informative system of road signs: 2.1.9 Comply with any specified programme requirements, including for the completion of the new road: 2.1.10 Enable standards of reliability, durability, accessibility, maintainability, quality control and assurance and fitness for purpose appropriate to a highway of the character of the Project Highway to be achieved throughout the Contract Period; 2.1.1 1 Ensure adequate off-street parking facilities for both passenger and goods vehicles: 2.1.12 Provide adequate bus bays for stopping of buses and bus shelters for commuters to wait under protection; and 2.1.13 Achieve a high standard in the appearance and aesthetic quality of the Project Highway and achieve integration of the Project Highway with the character of the surrounding landscape through both sensitive design and sensitive management of all visible clements including those on the existing road. 2.1.14 Undertake proper safety aud~t through Independent Consultant before COD 2.1.15 Carry out accident recording and reporting (to Independent Consultant/NHAI) by type on regular basis. 2.1.16 Ensure adequate safety to the Project workers on the work site. 2.2 Cross Sections The Project Highway shall be widened to have a 4 lane divided carriageway facility includ"
NHAI_AP_TADA_NELLORE,NHAI_Tada_Nellore_NH5_Vol_II.pdf,24,BRIDGE_LEVEL_CONDITION_CANDIDATE,C_AMBIGUOUS_MULTI_ASSET_PAGE,132,AP_BR_OSM_W1081167107; AP_BR_OSM_W1086848414; AP_BR_OSM_W1086848416; AP_BR_OSM_W1086848436; AP_BR_OSM_W1086848440; AP_BR_OSM_W1088411426; AP_BR_OSM_W1088411432; AP_BR_OSM_W1088411472; AP_BR_OSM_W1088411473; AP_BR_OSM_W1088411477; AP_BR_OSM_W1088411479; AP_BR_OSM_W1088426820; AP_BR_OSM_W1088426833; AP_BR_OSM_W1088426835; AP_BR_OSM_W1088463022; AP_BR_OSM_W1088463024; AP_BR_OSM_W1089450070; AP_BR_OSM_W1089450073; AP_BR_OSM_W1089450078; AP_BR_OSM_W1089450081; AP_BR_OSM_W1120249872; AP_BR_OSM_W1155071501; AP_BR_OSM_W1155071503; AP_BR_OSM_W1191649245; AP_BR_OSM_W1225609297; AP_BR_OSM_W1232731403; AP_BR_OSM_W1232731423; AP_BR_OSM_W1237976449; AP_BR_OSM_W1237978378; AP_BR_OSM_W1237978510; AP_BR_OSM_W1237978514; AP_BR_OSM_W1237979758; AP_BR_OSM_W1237979762; AP_BR_OSM_W1243542316; AP_BR_OSM_W1243542321; AP_BR_OSM_W1245312598; AP_BR_OSM_W1245312599; AP_BR_OSM_W1273875767; AP_BR_OSM_W1273875769; AP_BR_OSM_W1273875773; AP_BR_OSM_W1273875775; AP_BR_OSM_W1273875815; AP_BR_OSM_W1273875817; AP_BR_OSM_W1273875869; AP_BR_OSM_W1273875875; AP_BR_OSM_W1273875877; AP_BR_OSM_W1306892617; AP_BR_OSM_W1306892623; AP_BR_OSM_W1324235692; AP_BR_OSM_W1329295334; AP_BR_OSM_W1329295340; AP_BR_OSM_W1362529455; AP_BR_OSM_W1362529457; AP_BR_OSM_W1367602016; AP_BR_OSM_W1384358138; AP_BR_OSM_W1451125171; AP_BR_OSM_W1463702254; AP_BR_OSM_W1463702255; AP_BR_OSM_W1467110239; AP_BR_OSM_W1470248110; AP_BR_OSM_W1470248112; AP_BR_OSM_W1470248115; AP_BR_OSM_W1470248117; AP_BR_OSM_W1470254032; AP_BR_OSM_W1470254034; AP_BR_OSM_W1470254037; AP_BR_OSM_W1470254039; AP_BR_OSM_W1470254042; AP_BR_OSM_W1470254595; AP_BR_OSM_W1470254597; AP_BR_OSM_W1492140167; AP_BR_OSM_W1492140169; AP_BR_OSM_W1498208935; AP_BR_OSM_W1498208941; AP_BR_OSM_W1498244122; AP_BR_OSM_W1509394849; AP_BR_OSM_W1509394850; AP_BR_OSM_W1513126572; AP_BR_OSM_W1513126574; AP_BR_OSM_W1513577126; AP_BR_OSM_W1523945375; AP_BR_OSM_W1523945376; AP_BR_OSM_W1524280480; AP_BR_OSM_W1526081025; AP_BR_OSM_W1534018757; AP_BR_OSM_W1534018759; AP_BR_OSM_W1540667922; AP_BR_OSM_W1544023678; AP_BR_OSM_W1544023680; AP_BR_OSM_W1546593842; AP_BR_OSM_W1546593845; AP_BR_OSM_W480403927; AP_BR_OSM_W480403929; AP_BR_OSM_W673858216; AP_BR_OSM_W673858223; AP_BR_OSM_W826596384; AP_BR_OSM_W826596386; AP_BR_OSM_W826596400; AP_BR_OSM_W826596402; AP_BR_OSM_W826596413; AP_BR_OSM_W826596416; AP_BR_OSM_W826596424; AP_BR_OSM_W826596430; AP_BR_OSM_W826596440; AP_BR_OSM_W826596442; AP_BR_OSM_W826596445; AP_BR_OSM_W826596449; AP_BR_OSM_W826596455; AP_BR_OSM_W826596458; AP_BR_OSM_W826596464; AP_BR_OSM_W826596466; AP_BR_OSM_W826596490; AP_BR_OSM_W826596496; AP_BR_OSM_W839529008; AP_BR_OSM_W843783103; AP_BR_OSM_W843783106; AP_BR_OSM_W845261050; AP_BR_OSM_W851480115; AP_BR_OSM_W851518401; AP_BR_OSM_W852274598; AP_BR_OSM_W852304662; AP_BR_OSM_W852304667; AP_BR_OSM_W852304670; AP_BR_OSM_W854500413; AP_BR_OSM_W854500419; AP_BR_OSM_W854500422; AP_BR_OSM_W854500428; AP_BR_OSM_W854500429; AP_BR_OSM_W854500435; AP_BR_OSM_W855374531; AP_BR_OSM_W855376825; AP_BR_OSM_W855376827,Service Road,False,,,,km 21; km 22; km 217; km 221; km 229.6; km 236.7; km 242.2.; km 239; km 238; km 233.400; km 237.00; km 233.4; km 240.0,False,False,True,"2.3 Construction of new 2 lane bypasses including construction of all cross drainage works (majorlminor bridges and culverts) and development of at grade intersections : 2 3 1 Bypass to Nandigama Town The project reach from km 21 7 to km 22 1.2 passes through Nandigama town. The right of way in this reach is restricted and the reach is densely populated with commercial and residential areas existing on either side of the road. In order to cater the requirements for 30 years concession period, it is advisable to provide a 2 lane bypass to this town on RHS from km 217 to km 221 (5 km) and utilise the already strengthened existing 2 lanes for one direction of traffic. 2.3.2 Bypass to Kanchikacherla and Paritala B>~ass to Kanchikacherla : The road from km 229.6 to km 236.7 passcs through Kanchikacherla. The right of way in this reach is restricted and the reach is densely populated with commercial and residential areas existing on either side of the road. In order to cater the requirements for 30 years concession period. it is advisable to provide a 2-lane bypass to this town on RHS. Bypass to Paritala Village : The road passes through Paritala Village from km 236.7 to km 242.2. Towards Vijayawada end of the village in km 239, there is a narrow neck On LHS there are graveyard and hig"
NHAI_AP_TADA_NELLORE,NHAI_Tada_Nellore_NH5_Vol_II.pdf,54,IDENTIFIED_BRIDGE_CONDITION_CANDIDATE,D_INSUFFICIENT_FOR_LABEL,0,,,False,,,,km.52.8; km.,False,False,True,"Schedule G SCHEDULE OF USER FEE TO BE PUBLISHED IN THE GAZETTE OF INDIA EXTRAORDINARY PART I1 - Section 3 Sub Section (ii) PUBLISHED BY AUTHORITY MINISTRY OF ROAD TRANSPORT 81 HIGHWAY (ROADS WING) New Delhi, the NOTIFICATION Whereas the National Highways Authority of India on behalf of the ........................... Government has entered into an agreement with MIS for the development of Tada-Nellore and Nandigama-Vljayawada Section which is part of National Highways No.5 from km.52.8 and ends at km. 163.6 and part of National Highways No. 9 from km. 216 to km. 265, both in the State of Andhra Pradesh. And whereas, having regard to the expenditure involved in building, maintenance, management and operation of the said stretch of National Highway, interest on the capital invested, reasonable returns, the volume of traffic and the period of such agreement, the Central Government has decided to determine the rates of fee and period of fee collection. Now, therefore, in exercise of the powers conferred under sub rule 2 read with sub rule 1 of rule 3 of ""National Highways (Collection of fees by any person for the use of sections of National Highwayslpermanent bridgeltemporary bridge on National Highway) Rules 1997 hereinafter referred to as 'the said rules, the Central Government her"
NHAI_AP_TADA_NELLORE,NHAI_Tada_Nellore_NH5_Vol_II.pdf,55,IDENTIFIED_BRIDGE_CONDITION_CANDIDATE,D_INSUFFICIENT_FOR_LABEL,0,,,False,,,,km.52.8; km.163.6; km.217; km.265,False,False,True,"SCHEDULE OF USER FEE (Rates of fees to be recovered from the users of NH-5 from km.52.8 to km.163.6 and NH-9 from km.217 to km.265 effective as on . . .. . .. . .. 2001). #To be specified in Rupees (up to two decimal places) per Trip per vehicle in the notification S.No. (1 1. 2. 3. 4. 5. Notes : 1. The aforesaid Fee will be revised with effect from July 1 for one year. The revised fee shall be computed (""Computed Fee"") as follows: CATEGORY OF VEHICLE (2) A car, passenger van or jeep Light Goods Vehicle (LGV) Truck Bus Earth moving equipment and Heavy construction machinery including oversized vehicles carrying boilers, turbines, generators, etc. Base Fee X WPl, BASE FEE # RATE OF FEE PER VEHICLE PER TRIP (IN RUPEES PER KM) (3) 0.40 0.70 1.40 1.40 3.00 Where WPI, = is the WPI on March 31, 1997 WPli = is the WPI on March 31 preceding the fee-revision date. The Actual Fees to be charged shall be rounded off to the nearest five Rupees. 2. Following types of vehicles are exempted from the toll : Ambulances, fire tenders, and official vehicles transporting and accompanying the President of India, the Vice-President of India, the Prime Minister of India, Ministers of the government of India, Governors, Lt. Governors, Chief Ministers, Presiding Officers of Central and the state legislat"
NHAI_AP_TADA_NELLORE,NHAI_Tada_Nellore_NH5_Vol_II.pdf,102,IDENTIFIED_BRIDGE_CONDITION_CANDIDATE,D_INSUFFICIENT_FOR_LABEL,0,,,False,,,,km.,False,False,True,"Schedule L, TRANSFER CERTIFICATE INVe, (name of the Independent Consultant) issue this certificate, designated Transfer Certificate for widening the existing 2-lanes to 4-lanes divided carriageway facility including rehabilitation of existing 2-lanes of (a) NH-5 from km. 52.8 to km. 163.6 on the Tada-Nellore Section in Andhra Pradesh, India; (b) NH-9 from km. 217 to km. 252 on the Nandigama-lbrahimpatnam Section in Andhra Pradesh, India, on Build, Operate and Transfer (""BOP) basis and (c) operation, maintenance and collection of fees of NH-9 from km. 253 to km. 265 on Ibrahimpatnam-Vijayawada Section in Andhra Pradesh, India, by the Concessionaire (name of the Concessionaire) as per the Concession Agreement between the National Highway Authority of India (NHAI) and the said Concessionaire, being satisfied that the Project Highway has been constructed, operated and maintained during the Concession Period is in sound, durable and operational condition on completion of the said concession period, and it is in a fit condition for transfer by the said Concessionaire to the NHAI or its nominee. The transfer of the said Project Highway together with facilities thereon shall be affected on the strength of this certificate. Place of lssue Date of lssue (Independent Consultant)"
