SlNo,Station,Agency,State LGD Code,State,District LGD Code,District,Tehsil,Block,Village,River,Basin,Tributary,Subtributary,SubSubtributary,Local River,Latitude,Longitude,Data Acquisition Time,River Water Level (m),Area (m2),Velocity (m/sec),Total_discharge (m3/sec)
1,NAGARI,Andhra Pradesh SW,28,Andhra Pradesh,503,CHITTOOR,PUTTUR,-,-,Muchkundi,West flowing rivers from Tapi to Tadri,-,-,-,Kushastali,13.31694444,79.59861111,01-01-2021 08:00,104.9,9.638,,7.841
2,NAGARI,Andhra Pradesh SW,28,Andhra Pradesh,503,CHITTOOR,PUTTUR,-,-,Muchkundi,West flowing rivers from Tapi to Tadri,-,-,-,Kushastali,13.31694444,79.59861111,02-01-2021 08:00,104.9,9.638,,7.841
3,NAGARI,Andhra Pradesh SW,28,Andhra Pradesh,503,CHITTOOR,PUTTUR,-,-,Muchkundi,West flowing rivers from Tapi to Tadri,-,-,-,Kushastali,13.31694444,79.59861111,03-01-2021 08:00,104.8,7.425,,6.607
4,NAGARI,Andhra Pradesh SW,28,Andhra Pradesh,503,CHITTOOR,PUTTUR,-,-,Muchkundi,West flowing rivers from Tapi to Tadri,-,-,-,Kushastali,13.31694444,79.59861111,04-01-2021 08:00,104.8,7.425,,6.607
5,NAGARI,Andhra Pradesh SW,28,Andhra Pradesh,503,CHITTOOR,PUTTUR,-,-,Muchkundi,West flowing rivers from Tapi to Tadri,-,-,-,Kushastali,13.31694444,79.59861111,05-01-2021 08:00,104.8,7.425,,6.607
6,NAGARI,Andhra Pradesh SW,28,Andhra Pradesh,503,CHITTOOR,PUTTUR,-,-,Muchkundi,West flowing rivers from Tapi to Tadri,-,-,-,Kushastali,13.31694444,79.59861111,06-01-2021 08:00,104.8,7.425,,6.607
7,NAGARI,Andhra Pradesh SW,28,Andhra Pradesh,503,CHITTOOR,PUTTUR,-,-,Muchkundi,West flowing rivers from Tapi to Tadri,-,-,-,Kushastali,13.31694444,79.59861111,07-01-2021 08:00,104.7,5.348,,4.48
8,NAGARI,Andhra Pradesh SW,28,Andhra Pradesh,503,CHITTOOR,PUTTUR,-,-,Muchkundi,West flowing rivers from Tapi to Tadri,-,-,-,Kushastali,13.31694444,79.59861111,08-01-2021 08:00,104.7,5.348,,4.48
9,NAGARI,Andhra Pradesh SW,28,Andhra Pradesh,503,CHITTOOR,PUTTUR,-,-,Muchkundi,West flowing rivers from Tapi to Tadri,-,-,-,Kushastali,13.31694444,79.59861111,09-01-2021 08:00,104.7,5.348,,4.48
10,NAGARI,Andhra Pradesh SW,28,Andhra Pradesh,503,CHITTOOR,PUTTUR,-,-,Muchkundi,West flowing rivers from Tapi to Tadri,-,-,-,Kushastali,13.31694444,79.59861111,10-01-2021 08:00,104.7,5.348,,4.48
11,NAGARI,Andhra Pradesh SW,28,Andhra Pradesh,503,CHITTOOR,PUTTUR,-,-,Muchkundi,West flowing rivers from Tapi to Tadri,-,-,-,Kushastali,13.31694444,79.59861111,11-01-2021 08:00,104.7,5.348,,4.48
12,NAGARI,Andhra Pradesh SW,28,Andhra Pradesh,503,CHITTOOR,PUTTUR,-,-,Muchkundi,West flowing rivers from Tapi to Tadri,-,-,-,Kushastali,13.31694444,79.59861111,12-01-2021 08:00,104.7,5.348,,4.48
13,NAGARI,Andhra Pradesh SW,28,Andhra Pradesh,503,CHITTOOR,PUTTUR,-,-,Muchkundi,West flowing rivers from Tapi to Tadri,-,-,-,Kushastali,13.31694444,79.59861111,13-01-2021 08:00,104.7,5.348,,4.48
14,NAGARI,Andhra Pradesh SW,28,Andhra Pradesh,503,CHITTOOR,PUTTUR,-,-,Muchkundi,West flowing rivers from Tapi to Tadri,-,-,-,Kushastali,13.31694444,79.59861111,14-01-2021 08:00,104.6,4.111,,3.01
15,NAGARI,Andhra Pradesh SW,28,Andhra Pradesh,503,CHITTOOR,PUTTUR,-,-,Muchkundi,West flowing rivers from Tapi to Tadri,-,-,-,Kushastali,13.31694444,79.59861111,15-01-2021 08:00,104.6,4.111,,3.01
16,NAGARI,Andhra Pradesh SW,28,Andhra Pradesh,503,CHITTOOR,PUTTUR,-,-,Muchkundi,West flowing rivers from Tapi to Tadri,-,-,-,Kushastali,13.31694444,79.59861111,16-01-2021 08:00,104.6,4.111,,3.01
17,NAGARI,Andhra Pradesh SW,28,Andhra Pradesh,503,CHITTOOR,PUTTUR,-,-,Muchkundi,West flowing rivers from Tapi to Tadri,-,-,-,Kushastali,13.31694444,79.59861111,17-01-2021 08:00,104.6,4.111,,3.01
18,NAGARI,Andhra Pradesh SW,28,Andhra Pradesh,503,CHITTOOR,PUTTUR,-,-,Muchkundi,West flowing rivers from Tapi to Tadri,-,-,-,Kushastali,13.31694444,79.59861111,18-01-2021 08:00,104.5,4.111,,3.01
19,NAGARI,Andhra Pradesh SW,28,Andhra Pradesh,503,CHITTOOR,PUTTUR,-,-,Muchkundi,West flowing rivers from Tapi to Tadri,-,-,-,Kushastali,13.31694444,79.59861111,19-01-2021 08:00,104.5,2.357,,1.41
20,NAGARI,Andhra Pradesh SW,28,Andhra Pradesh,503,CHITTOOR,PUTTUR,-,-,Muchkundi,West flowing rivers from Tapi to Tadri,-,-,-,Kushastali,13.31694444,79.59861111,20-01-2021 08:00,104.5,2.357,,1.41
21,NAGARI,Andhra Pradesh SW,28,Andhra Pradesh,503,CHITTOOR,PUTTUR,-,-,Muchkundi,West flowing rivers from Tapi to Tadri,-,-,-,Kushastali,13.31694444,79.59861111,21-01-2021 08:00,104.5,2.357,,1.41
22,NAGARI,Andhra Pradesh SW,28,Andhra Pradesh,503,CHITTOOR,PUTTUR,-,-,Muchkundi,West flowing rivers from Tapi to Tadri,-,-,-,Kushastali,13.31694444,79.59861111,22-01-2021 08:00,104.5,2.357,,1.41
23,NAGARI,Andhra Pradesh SW,28,Andhra Pradesh,503,CHITTOOR,PUTTUR,-,-,Muchkundi,West flowing rivers from Tapi to Tadri,-,-,-,Kushastali,13.31694444,79.59861111,23-01-2021 08:00,104.5,2.357,,1.41
24,NAGARI,Andhra Pradesh SW,28,Andhra Pradesh,503,CHITTOOR,PUTTUR,-,-,Muchkundi,West flowing rivers from Tapi to Tadri,-,-,-,Kushastali,13.31694444,79.59861111,24-01-2021 08:00,104.5,2.357,,1.41
25,NAGARI,Andhra Pradesh SW,28,Andhra Pradesh,503,CHITTOOR,PUTTUR,-,-,Muchkundi,West flowing rivers from Tapi to Tadri,-,-,-,Kushastali,13.31694444,79.59861111,25-01-2021 08:00,104.4,1.593,,0.824
26,NAGARI,Andhra Pradesh SW,28,Andhra Pradesh,503,CHITTOOR,PUTTUR,-,-,Muchkundi,West flowing rivers from Tapi to Tadri,-,-,-,Kushastali,13.31694444,79.59861111,26-01-2021 08:00,104.4,1.593,,0.824
27,NAGARI,Andhra Pradesh SW,28,Andhra Pradesh,503,CHITTOOR,PUTTUR,-,-,Muchkundi,West flowing rivers from Tapi to Tadri,-,-,-,Kushastali,13.31694444,79.59861111,27-01-2021 08:00,104.4,1.593,,0.824
28,NAGARI,Andhra Pradesh SW,28,Andhra Pradesh,503,CHITTOOR,PUTTUR,-,-,Muchkundi,West flowing rivers from Tapi to Tadri,-,-,-,Kushastali,13.31694444,79.59861111,28-01-2021 08:00,104.4,1.593,,0.824
29,NAGARI,Andhra Pradesh SW,28,Andhra Pradesh,503,CHITTOOR,PUTTUR,-,-,Muchkundi,West flowing rivers from Tapi to Tadri,-,-,-,Kushastali,13.31694444,79.59861111,29-01-2021 08:00,104.4,1.593,,0.824
30,NAGARI,Andhra Pradesh SW,28,Andhra Pradesh,503,CHITTOOR,PUTTUR,-,-,Muchkundi,West flowing rivers from Tapi to Tadri,-,-,-,Kushastali,13.31694444,79.59861111,30-01-2021 08:00,104.4,1.593,,0.824
31,NAGARI,Andhra Pradesh SW,28,Andhra Pradesh,503,CHITTOOR,PUTTUR,-,-,Muchkundi,West flowing rivers from Tapi to Tadri,-,-,-,Kushastali,13.31694444,79.59861111,31-01-2021 08:00,104.4,1.593,,0.824
32,NAGARI,Andhra Pradesh SW,28,Andhra Pradesh,503,CHITTOOR,PUTTUR,-,-,Muchkundi,West flowing rivers from Tapi to Tadri,-,-,-,Kushastali,13.31694444,79.59861111,01-12-2023 08:00,104.8,7.362,,4.911
33,NARASINGARAYANIPETA,Andhra Pradesh SW,28,Andhra Pradesh,503,CHITTOOR,CHITTOOR,-,-,Savitri,West flowing rivers from Tapi to Tadri,-,-,-,Savitri,13.18000000,79.21111111,01-01-2021 08:00,245.38,10.13,,9.13
34,NARASINGARAYANIPETA,Andhra Pradesh SW,28,Andhra Pradesh,503,CHITTOOR,CHITTOOR,-,-,Savitri,West flowing rivers from Tapi to Tadri,-,-,-,Savitri,13.18000000,79.21111111,02-01-2021 08:00,245.35,8.48,,6.99
35,NARASINGARAYANIPETA,Andhra Pradesh SW,28,Andhra Pradesh,503,CHITTOOR,CHITTOOR,-,-,Savitri,West flowing rivers from Tapi to Tadri,-,-,-,Savitri,13.18000000,79.21111111,03-01-2021 08:00,245.38,9.891,,8.79
36,NARASINGARAYANIPETA,Andhra Pradesh SW,28,Andhra Pradesh,503,CHITTOOR,CHITTOOR,-,-,Savitri,West flowing rivers from Tapi to Tadri,-,-,-,Savitri,13.18000000,79.21111111,04-01-2021 08:00,245.36,9.173,,7.84
37,NARASINGARAYANIPETA,Andhra Pradesh SW,28,Andhra Pradesh,503,CHITTOOR,CHITTOOR,-,-,Savitri,West flowing rivers from Tapi to Tadri,-,-,-,Savitri,13.18000000,79.21111111,05-01-2021 08:00,245.37,9.41,,8.14
38,NARASINGARAYANIPETA,Andhra Pradesh SW,28,Andhra Pradesh,503,CHITTOOR,CHITTOOR,-,-,Savitri,West flowing rivers from Tapi to Tadri,-,-,-,Savitri,13.18000000,79.21111111,06-01-2021 08:00,245.38,10.13,,9.13
39,NARASINGARAYANIPETA,Andhra Pradesh SW,28,Andhra Pradesh,503,CHITTOOR,CHITTOOR,-,-,Savitri,West flowing rivers from Tapi to Tadri,-,-,-,Savitri,13.18000000,79.21111111,07-01-2021 08:00,245.42,12.075,,12.08
40,NARASINGARAYANIPETA,Andhra Pradesh SW,28,Andhra Pradesh,503,CHITTOOR,CHITTOOR,-,-,Savitri,West flowing rivers from Tapi to Tadri,-,-,-,Savitri,13.18000000,79.21111111,08-01-2021 08:00,245.46,14.053,,15.31
41,NARASINGARAYANIPETA,Andhra Pradesh SW,28,Andhra Pradesh,503,CHITTOOR,CHITTOOR,-,-,Savitri,West flowing rivers from Tapi to Tadri,-,-,-,Savitri,13.18000000,79.21111111,09-01-2021 08:00,245.48,15.053,,16.95
42,NARASINGARAYANIPETA,Andhra Pradesh SW,28,Andhra Pradesh,503,CHITTOOR,CHITTOOR,-,-,Savitri,West flowing rivers from Tapi to Tadri,-,-,-,Savitri,13.18000000,79.21111111,10-01-2021 08:00,245.47,14.304,,15.72
43,NARASINGARAYANIPETA,Andhra Pradesh SW,28,Andhra Pradesh,503,CHITTOOR,CHITTOOR,-,-,Savitri,West flowing rivers from Tapi to Tadri,-,-,-,Savitri,13.18000000,79.21111111,11-01-2021 08:00,245.47,14.553,,16.13
44,NARASINGARAYANIPETA,Andhra Pradesh SW,28,Andhra Pradesh,503,CHITTOOR,CHITTOOR,-,-,Savitri,West flowing rivers from Tapi to Tadri,-,-,-,Savitri,13.18000000,79.21111111,12-01-2021 08:00,245.47,14.304,,15.72
45,NARASINGARAYANIPETA,Andhra Pradesh SW,28,Andhra Pradesh,503,CHITTOOR,CHITTOOR,-,-,Savitri,West flowing rivers from Tapi to Tadri,-,-,-,Savitri,13.18000000,79.21111111,13-01-2021 08:00,245.31,6.624,,5.04
46,NARASINGARAYANIPETA,Andhra Pradesh SW,28,Andhra Pradesh,503,CHITTOOR,CHITTOOR,-,-,Savitri,West flowing rivers from Tapi to Tadri,-,-,-,Savitri,13.18000000,79.21111111,14-01-2021 08:00,245.31,6.624,,5.04
47,NARASINGARAYANIPETA,Andhra Pradesh SW,28,Andhra Pradesh,503,CHITTOOR,CHITTOOR,-,-,Savitri,West flowing rivers from Tapi to Tadri,-,-,-,Savitri,13.18000000,79.21111111,15-01-2021 08:00,245.32,7.003,,5.49
48,NARASINGARAYANIPETA,Andhra Pradesh SW,28,Andhra Pradesh,503,CHITTOOR,CHITTOOR,-,-,Savitri,West flowing rivers from Tapi to Tadri,-,-,-,Savitri,13.18000000,79.21111111,16-01-2021 08:00,245.32,7.003,,5.49
49,NARASINGARAYANIPETA,Andhra Pradesh SW,28,Andhra Pradesh,503,CHITTOOR,CHITTOOR,-,-,Savitri,West flowing rivers from Tapi to Tadri,-,-,-,Savitri,13.18000000,79.21111111,17-01-2021 08:00,245.31,6.624,,5.04
50,NARASINGARAYANIPETA,Andhra Pradesh SW,28,Andhra Pradesh,503,CHITTOOR,CHITTOOR,-,-,Savitri,West flowing rivers from Tapi to Tadri,-,-,-,Savitri,13.18000000,79.21111111,18-01-2021 08:00,245.31,6.624,,5.04
51,NARASINGARAYANIPETA,Andhra Pradesh SW,28,Andhra Pradesh,503,CHITTOOR,CHITTOOR,-,-,Savitri,West flowing rivers from Tapi to Tadri,-,-,-,Savitri,13.18000000,79.21111111,19-01-2021 08:00,245.28,5.556,,4.03
52,NARASINGARAYANIPETA,Andhra Pradesh SW,28,Andhra Pradesh,503,CHITTOOR,CHITTOOR,-,-,Savitri,West flowing rivers from Tapi to Tadri,-,-,-,Savitri,13.18000000,79.21111111,20-01-2021 08:00,245.29,5.87,,4.38
53,NARASINGARAYANIPETA,Andhra Pradesh SW,28,Andhra Pradesh,503,CHITTOOR,CHITTOOR,-,-,Savitri,West flowing rivers from Tapi to Tadri,-,-,-,Savitri,13.18000000,79.21111111,21-01-2021 08:00,245.25,4.63,,3.07
54,NARASINGARAYANIPETA,Andhra Pradesh SW,28,Andhra Pradesh,503,CHITTOOR,CHITTOOR,-,-,Savitri,West flowing rivers from Tapi to Tadri,-,-,-,Savitri,13.18000000,79.21111111,22-01-2021 08:00,245.27,5.087,,3.54
55,NARASINGARAYANIPETA,Andhra Pradesh SW,28,Andhra Pradesh,503,CHITTOOR,CHITTOOR,-,-,Savitri,West flowing rivers from Tapi to Tadri,-,-,-,Savitri,13.18000000,79.21111111,23-01-2021 08:00,245.45,13.307,,14.1
56,NARASINGARAYANIPETA,Andhra Pradesh SW,28,Andhra Pradesh,503,CHITTOOR,CHITTOOR,-,-,Savitri,West flowing rivers from Tapi to Tadri,-,-,-,Savitri,13.18000000,79.21111111,24-01-2021 08:00,245.25,3.946,,2.52
57,NARASINGARAYANIPETA,Andhra Pradesh SW,28,Andhra Pradesh,503,CHITTOOR,CHITTOOR,-,-,Savitri,West flowing rivers from Tapi to Tadri,-,-,-,Savitri,13.18000000,79.21111111,25-01-2021 08:00,245.18,2.447,,1.3
58,NARASINGARAYANIPETA,Andhra Pradesh SW,28,Andhra Pradesh,503,CHITTOOR,CHITTOOR,-,-,Savitri,West flowing rivers from Tapi to Tadri,-,-,-,Savitri,13.18000000,79.21111111,26-01-2021 08:00,245.19,2.561,,1.39
59,NARASINGARAYANIPETA,Andhra Pradesh SW,28,Andhra Pradesh,503,CHITTOOR,CHITTOOR,-,-,Savitri,West flowing rivers from Tapi to Tadri,-,-,-,Savitri,13.18000000,79.21111111,27-01-2021 08:00,245.17,2.131,,1.06
60,NARASINGARAYANIPETA,Andhra Pradesh SW,28,Andhra Pradesh,503,CHITTOOR,CHITTOOR,-,-,Savitri,West flowing rivers from Tapi to Tadri,-,-,-,Savitri,13.18000000,79.21111111,28-01-2021 08:00,245.3,6.029,,4.55
61,NARASINGARAYANIPETA,Andhra Pradesh SW,28,Andhra Pradesh,503,CHITTOOR,CHITTOOR,-,-,Savitri,West flowing rivers from Tapi to Tadri,-,-,-,Savitri,13.18000000,79.21111111,29-01-2021 08:00,245.32,7.197,,5.72
62,NARASINGARAYANIPETA,Andhra Pradesh SW,28,Andhra Pradesh,503,CHITTOOR,CHITTOOR,-,-,Savitri,West flowing rivers from Tapi to Tadri,-,-,-,Savitri,13.18000000,79.21111111,30-01-2021 08:00,245.34,7.791,,6.39
63,NARASINGARAYANIPETA,Andhra Pradesh SW,28,Andhra Pradesh,503,CHITTOOR,CHITTOOR,-,-,Savitri,West flowing rivers from Tapi to Tadri,-,-,-,Savitri,13.18000000,79.21111111,31-01-2021 08:00,245.17,2.131,,1.06
64,NARASINGARAYANIPETA,Andhra Pradesh SW,28,Andhra Pradesh,503,CHITTOOR,CHITTOOR,-,-,Savitri,West flowing rivers from Tapi to Tadri,-,-,-,Savitri,13.18000000,79.21111111,01-02-2021 08:00,245.16,1.93,,0.91
65,NARASINGARAYANIPETA,Andhra Pradesh SW,28,Andhra Pradesh,503,CHITTOOR,CHITTOOR,-,-,Savitri,West flowing rivers from Tapi to Tadri,-,-,-,Savitri,13.18000000,79.21111111,02-02-2021 08:00,245.2,2.778,,1.57
66,NARASINGARAYANIPETA,Andhra Pradesh SW,28,Andhra Pradesh,503,CHITTOOR,CHITTOOR,-,-,Savitri,West flowing rivers from Tapi to Tadri,-,-,-,Savitri,13.18000000,79.21111111,03-02-2021 08:00,245.17,2.233,,1.13
67,NARASINGARAYANIPETA,Andhra Pradesh SW,28,Andhra Pradesh,503,CHITTOOR,CHITTOOR,-,-,Savitri,West flowing rivers from Tapi to Tadri,-,-,-,Savitri,13.18000000,79.21111111,04-02-2021 08:00,245.25,3.946,,2.52
68,NARASINGARAYANIPETA,Andhra Pradesh SW,28,Andhra Pradesh,503,CHITTOOR,CHITTOOR,-,-,Savitri,West flowing rivers from Tapi to Tadri,-,-,-,Savitri,13.18000000,79.21111111,05-02-2021 08:00,245.25,3.946,,2.52
69,NARASINGARAYANIPETA,Andhra Pradesh SW,28,Andhra Pradesh,503,CHITTOOR,CHITTOOR,-,-,Savitri,West flowing rivers from Tapi to Tadri,-,-,-,Savitri,13.18000000,79.21111111,06-02-2021 08:00,245.25,4.63,,3.07
70,NARASINGARAYANIPETA,Andhra Pradesh SW,28,Andhra Pradesh,503,CHITTOOR,CHITTOOR,-,-,Savitri,West flowing rivers from Tapi to Tadri,-,-,-,Savitri,13.18000000,79.21111111,07-02-2021 08:00,245.25,4.63,,3.07
71,NARASINGARAYANIPETA,Andhra Pradesh SW,28,Andhra Pradesh,503,CHITTOOR,CHITTOOR,-,-,Savitri,West flowing rivers from Tapi to Tadri,-,-,-,Savitri,13.18000000,79.21111111,08-02-2021 08:00,245.17,2.131,,1.06
72,NARASINGARAYANIPETA,Andhra Pradesh SW,28,Andhra Pradesh,503,CHITTOOR,CHITTOOR,-,-,Savitri,West flowing rivers from Tapi to Tadri,-,-,-,Savitri,13.18000000,79.21111111,09-02-2021 08:00,245.17,2.131,,1.06
73,NARASINGARAYANIPETA,Andhra Pradesh SW,28,Andhra Pradesh,503,CHITTOOR,CHITTOOR,-,-,Savitri,West flowing rivers from Tapi to Tadri,-,-,-,Savitri,13.18000000,79.21111111,10-02-2021 08:00,245.18,2.346,,1.22
74,NARASINGARAYANIPETA,Andhra Pradesh SW,28,Andhra Pradesh,503,CHITTOOR,CHITTOOR,-,-,Savitri,West flowing rivers from Tapi to Tadri,-,-,-,Savitri,13.18000000,79.21111111,11-02-2021 08:00,245.15,1.822,,0.84
75,NARASINGARAYANIPETA,Andhra Pradesh SW,28,Andhra Pradesh,503,CHITTOOR,CHITTOOR,-,-,Savitri,West flowing rivers from Tapi to Tadri,-,-,-,Savitri,13.18000000,79.21111111,12-02-2021 08:00,245.17,2.131,,1.06
76,NARASINGARAYANIPETA,Andhra Pradesh SW,28,Andhra Pradesh,503,CHITTOOR,CHITTOOR,-,-,Savitri,West flowing rivers from Tapi to Tadri,-,-,-,Savitri,13.18000000,79.21111111,13-02-2021 08:00,245.22,3.237,,1.97
77,NARASINGARAYANIPETA,Andhra Pradesh SW,28,Andhra Pradesh,503,CHITTOOR,CHITTOOR,-,-,Savitri,West flowing rivers from Tapi to Tadri,-,-,-,Savitri,13.18000000,79.21111111,14-02-2021 08:00,245.22,3.237,,1.97
78,NARASINGARAYANIPETA,Andhra Pradesh SW,28,Andhra Pradesh,503,CHITTOOR,CHITTOOR,-,-,Savitri,West flowing rivers from Tapi to Tadri,-,-,-,Savitri,13.18000000,79.21111111,15-02-2021 08:00,245.17,2.131,,1.06
79,NARASINGARAYANIPETA,Andhra Pradesh SW,28,Andhra Pradesh,503,CHITTOOR,CHITTOOR,-,-,Savitri,West flowing rivers from Tapi to Tadri,-,-,-,Savitri,13.18000000,79.21111111,16-02-2021 08:00,245.21,3.115,,1.86
80,NARASINGARAYANIPETA,Andhra Pradesh SW,28,Andhra Pradesh,503,CHITTOOR,CHITTOOR,-,-,Savitri,West flowing rivers from Tapi to Tadri,-,-,-,Savitri,13.18000000,79.21111111,17-02-2021 08:00,245.15,1.822,,0.84
81,NARASINGARAYANIPETA,Andhra Pradesh SW,28,Andhra Pradesh,503,CHITTOOR,CHITTOOR,-,-,Savitri,West flowing rivers from Tapi to Tadri,-,-,-,Savitri,13.18000000,79.21111111,18-02-2021 08:00,245.15,1.822,,0.84
82,NARASINGARAYANIPETA,Andhra Pradesh SW,28,Andhra Pradesh,503,CHITTOOR,CHITTOOR,-,-,Savitri,West flowing rivers from Tapi to Tadri,-,-,-,Savitri,13.18000000,79.21111111,19-02-2021 08:00,245.17,2.131,,1.06
83,NARASINGARAYANIPETA,Andhra Pradesh SW,28,Andhra Pradesh,503,CHITTOOR,CHITTOOR,-,-,Savitri,West flowing rivers from Tapi to Tadri,-,-,-,Savitri,13.18000000,79.21111111,20-02-2021 08:00,245.15,1.306,,0.53
84,NARASINGARAYANIPETA,Andhra Pradesh SW,28,Andhra Pradesh,503,CHITTOOR,CHITTOOR,-,-,Savitri,West flowing rivers from Tapi to Tadri,-,-,-,Savitri,13.18000000,79.21111111,21-02-2021 08:00,245.15,1.306,,0.53
85,NARASINGARAYANIPETA,Andhra Pradesh SW,28,Andhra Pradesh,503,CHITTOOR,CHITTOOR,-,-,Savitri,West flowing rivers from Tapi to Tadri,-,-,-,Savitri,13.18000000,79.21111111,22-02-2021 08:00,245.15,1.306,,0.53
86,NARASINGARAYANIPETA,Andhra Pradesh SW,28,Andhra Pradesh,503,CHITTOOR,CHITTOOR,-,-,Savitri,West flowing rivers from Tapi to Tadri,-,-,-,Savitri,13.18000000,79.21111111,23-02-2021 08:00,245.15,1.306,,0.53
87,NARASINGARAYANIPETA,Andhra Pradesh SW,28,Andhra Pradesh,503,CHITTOOR,CHITTOOR,-,-,Savitri,West flowing rivers from Tapi to Tadri,-,-,-,Savitri,13.18000000,79.21111111,24-02-2021 08:00,245.23,3.581,,2.24
88,NARASINGARAYANIPETA,Andhra Pradesh SW,28,Andhra Pradesh,503,CHITTOOR,CHITTOOR,-,-,Savitri,West flowing rivers from Tapi to Tadri,-,-,-,Savitri,13.18000000,79.21111111,25-02-2021 08:00,245.15,1.306,,0.53
89,NARASINGARAYANIPETA,Andhra Pradesh SW,28,Andhra Pradesh,503,CHITTOOR,CHITTOOR,-,-,Savitri,West flowing rivers from Tapi to Tadri,-,-,-,Savitri,13.18000000,79.21111111,26-02-2021 08:00,245.22,3.237,,1.97
90,NARASINGARAYANIPETA,Andhra Pradesh SW,28,Andhra Pradesh,503,CHITTOOR,CHITTOOR,-,-,Savitri,West flowing rivers from Tapi to Tadri,-,-,-,Savitri,13.18000000,79.21111111,27-02-2021 08:00,245.14,1.235,,0.49
91,NARASINGARAYANIPETA,Andhra Pradesh SW,28,Andhra Pradesh,503,CHITTOOR,CHITTOOR,-,-,Savitri,West flowing rivers from Tapi to Tadri,-,-,-,Savitri,13.18000000,79.21111111,28-02-2021 08:00,245.14,1.235,,0.49
92,NARASINGARAYANIPETA,Andhra Pradesh SW,28,Andhra Pradesh,503,CHITTOOR,CHITTOOR,-,-,Savitri,West flowing rivers from Tapi to Tadri,-,-,-,Savitri,13.18000000,79.21111111,01-03-2021 08:00,245.13,1.102,,0.42
93,NARASINGARAYANIPETA,Andhra Pradesh SW,28,Andhra Pradesh,503,CHITTOOR,CHITTOOR,-,-,Savitri,West flowing rivers from Tapi to Tadri,-,-,-,Savitri,13.18000000,79.21111111,02-03-2021 08:00,245.14,1.167,,0.45
94,NARASINGARAYANIPETA,Andhra Pradesh SW,28,Andhra Pradesh,503,CHITTOOR,CHITTOOR,-,-,Savitri,West flowing rivers from Tapi to Tadri,-,-,-,Savitri,13.18000000,79.21111111,03-03-2021 08:00,245.14,1.235,,0.49
95,NARASINGARAYANIPETA,Andhra Pradesh SW,28,Andhra Pradesh,503,CHITTOOR,CHITTOOR,-,-,Savitri,West flowing rivers from Tapi to Tadri,-,-,-,Savitri,13.18000000,79.21111111,04-03-2021 08:00,245.14,1.235,,0.49
96,NARASINGARAYANIPETA,Andhra Pradesh SW,28,Andhra Pradesh,503,CHITTOOR,CHITTOOR,-,-,Savitri,West flowing rivers from Tapi to Tadri,-,-,-,Savitri,13.18000000,79.21111111,05-03-2021 08:00,245.15,1.306,,0.53
97,NARASINGARAYANIPETA,Andhra Pradesh SW,28,Andhra Pradesh,503,CHITTOOR,CHITTOOR,-,-,Savitri,West flowing rivers from Tapi to Tadri,-,-,-,Savitri,13.18000000,79.21111111,06-03-2021 08:00,245.13,1.041,,0.38
98,NARASINGARAYANIPETA,Andhra Pradesh SW,28,Andhra Pradesh,503,CHITTOOR,CHITTOOR,-,-,Savitri,West flowing rivers from Tapi to Tadri,-,-,-,Savitri,13.18000000,79.21111111,07-03-2021 08:00,245.13,1.041,,0.38
99,NARASINGARAYANIPETA,Andhra Pradesh SW,28,Andhra Pradesh,503,CHITTOOR,CHITTOOR,-,-,Savitri,West flowing rivers from Tapi to Tadri,-,-,-,Savitri,13.18000000,79.21111111,08-03-2021 08:00,245.11,0.798,,0.27
100,NARASINGARAYANIPETA,Andhra Pradesh SW,28,Andhra Pradesh,503,CHITTOOR,CHITTOOR,-,-,Savitri,West flowing rivers from Tapi to Tadri,-,-,-,Savitri,13.18000000,79.21111111,09-03-2021 08:00,245.11,0.798,,0.27
101,NARASINGARAYANIPETA,Andhra Pradesh SW,28,Andhra Pradesh,503,CHITTOOR,CHITTOOR,-,-,Savitri,West flowing rivers from Tapi to Tadri,-,-,-,Savitri,13.18000000,79.21111111,10-03-2021 08:00,245.1,0.747,,0.25
102,NARASINGARAYANIPETA,Andhra Pradesh SW,28,Andhra Pradesh,503,CHITTOOR,CHITTOOR,-,-,Savitri,West flowing rivers from Tapi to Tadri,-,-,-,Savitri,13.18000000,79.21111111,11-03-2021 08:00,245.1,0.747,,0.25
103,NARASINGARAYANIPETA,Andhra Pradesh SW,28,Andhra Pradesh,503,CHITTOOR,CHITTOOR,-,-,Savitri,West flowing rivers from Tapi to Tadri,-,-,-,Savitri,13.18000000,79.21111111,12-03-2021 08:00,245.11,0.798,,0.27
104,NARASINGARAYANIPETA,Andhra Pradesh SW,28,Andhra Pradesh,503,CHITTOOR,CHITTOOR,-,-,Savitri,West flowing rivers from Tapi to Tadri,-,-,-,Savitri,13.18000000,79.21111111,13-03-2021 08:00,245.12,0.918,,0.32
105,NARASINGARAYANIPETA,Andhra Pradesh SW,28,Andhra Pradesh,503,CHITTOOR,CHITTOOR,-,-,Savitri,West flowing rivers from Tapi to Tadri,-,-,-,Savitri,13.18000000,79.21111111,14-03-2021 08:00,245.12,0.918,,0.32
106,NARASINGARAYANIPETA,Andhra Pradesh SW,28,Andhra Pradesh,503,CHITTOOR,CHITTOOR,-,-,Savitri,West flowing rivers from Tapi to Tadri,-,-,-,Savitri,13.18000000,79.21111111,15-03-2021 08:00,245.11,0.798,,0.27
107,NARASINGARAYANIPETA,Andhra Pradesh SW,28,Andhra Pradesh,503,CHITTOOR,CHITTOOR,-,-,Savitri,West flowing rivers from Tapi to Tadri,-,-,-,Savitri,13.18000000,79.21111111,16-03-2021 08:00,245.13,1.041,,0.38
108,NARASINGARAYANIPETA,Andhra Pradesh SW,28,Andhra Pradesh,503,CHITTOOR,CHITTOOR,-,-,Savitri,West flowing rivers from Tapi to Tadri,-,-,-,Savitri,13.18000000,79.21111111,17-03-2021 08:00,245.11,0.855,,0.3
109,NARASINGARAYANIPETA,Andhra Pradesh SW,28,Andhra Pradesh,503,CHITTOOR,CHITTOOR,-,-,Savitri,West flowing rivers from Tapi to Tadri,-,-,-,Savitri,13.18000000,79.21111111,18-03-2021 08:00,245.11,0.855,,0.3
110,NARASINGARAYANIPETA,Andhra Pradesh SW,28,Andhra Pradesh,503,CHITTOOR,CHITTOOR,-,-,Savitri,West flowing rivers from Tapi to Tadri,-,-,-,Savitri,13.18000000,79.21111111,19-03-2021 08:00,245.105,0.798,,0.27
111,NARASINGARAYANIPETA,Andhra Pradesh SW,28,Andhra Pradesh,503,CHITTOOR,CHITTOOR,-,-,Savitri,West flowing rivers from Tapi to Tadri,-,-,-,Savitri,13.18000000,79.21111111,20-03-2021 08:00,245.1,0.747,,0.25
112,NARASINGARAYANIPETA,Andhra Pradesh SW,28,Andhra Pradesh,503,CHITTOOR,CHITTOOR,-,-,Savitri,West flowing rivers from Tapi to Tadri,-,-,-,Savitri,13.18000000,79.21111111,21-03-2021 08:00,245.1,0.747,,0.25
113,NARASINGARAYANIPETA,Andhra Pradesh SW,28,Andhra Pradesh,503,CHITTOOR,CHITTOOR,-,-,Savitri,West flowing rivers from Tapi to Tadri,-,-,-,Savitri,13.18000000,79.21111111,22-03-2021 08:00,245.09,0.65,,0.21
114,NARASINGARAYANIPETA,Andhra Pradesh SW,28,Andhra Pradesh,503,CHITTOOR,CHITTOOR,-,-,Savitri,West flowing rivers from Tapi to Tadri,-,-,-,Savitri,13.18000000,79.21111111,23-03-2021 08:00,245.1,0.696,,0.23
115,NARASINGARAYANIPETA,Andhra Pradesh SW,28,Andhra Pradesh,503,CHITTOOR,CHITTOOR,-,-,Savitri,West flowing rivers from Tapi to Tadri,-,-,-,Savitri,13.18000000,79.21111111,24-03-2021 08:00,245.09,0.65,,0.21
116,NARASINGARAYANIPETA,Andhra Pradesh SW,28,Andhra Pradesh,503,CHITTOOR,CHITTOOR,-,-,Savitri,West flowing rivers from Tapi to Tadri,-,-,-,Savitri,13.18000000,79.21111111,25-03-2021 08:00,245.09,0.65,,0.21
117,NARASINGARAYANIPETA,Andhra Pradesh SW,28,Andhra Pradesh,503,CHITTOOR,CHITTOOR,-,-,Savitri,West flowing rivers from Tapi to Tadri,-,-,-,Savitri,13.18000000,79.21111111,26-03-2021 08:00,245.09,0.65,,0.21
118,NARASINGARAYANIPETA,Andhra Pradesh SW,28,Andhra Pradesh,503,CHITTOOR,CHITTOOR,-,-,Savitri,West flowing rivers from Tapi to Tadri,-,-,-,Savitri,13.18000000,79.21111111,27-03-2021 08:00,245.09,0.607,,0.2
119,NARASINGARAYANIPETA,Andhra Pradesh SW,28,Andhra Pradesh,503,CHITTOOR,CHITTOOR,-,-,Savitri,West flowing rivers from Tapi to Tadri,-,-,-,Savitri,13.18000000,79.21111111,28-03-2021 08:00,245.09,0.607,,0.2
120,NARASINGARAYANIPETA,Andhra Pradesh SW,28,Andhra Pradesh,503,CHITTOOR,CHITTOOR,-,-,Savitri,West flowing rivers from Tapi to Tadri,-,-,-,Savitri,13.18000000,79.21111111,29-03-2021 08:00,245.09,0.65,,0.21
121,NARASINGARAYANIPETA,Andhra Pradesh SW,28,Andhra Pradesh,503,CHITTOOR,CHITTOOR,-,-,Savitri,West flowing rivers from Tapi to Tadri,-,-,-,Savitri,13.18000000,79.21111111,30-03-2021 08:00,245.09,0.607,,0.2
122,NARASINGARAYANIPETA,Andhra Pradesh SW,28,Andhra Pradesh,503,CHITTOOR,CHITTOOR,-,-,Savitri,West flowing rivers from Tapi to Tadri,-,-,-,Savitri,13.18000000,79.21111111,31-03-2021 08:00,245.09,0.65,,0.21
123,NARASINGARAYANIPETA,Andhra Pradesh SW,28,Andhra Pradesh,503,CHITTOOR,CHITTOOR,-,-,Savitri,West flowing rivers from Tapi to Tadri,-,-,-,Savitri,13.18000000,79.21111111,06-06-2021 08:00,245.535,17.849,,21.431
124,NARASINGARAYANIPETA,Andhra Pradesh SW,28,Andhra Pradesh,503,CHITTOOR,CHITTOOR,-,-,Savitri,West flowing rivers from Tapi to Tadri,-,-,-,Savitri,13.18000000,79.21111111,07-06-2021 08:00,245.24,3.818,,2.419
125,NARASINGARAYANIPETA,Andhra Pradesh SW,28,Andhra Pradesh,503,CHITTOOR,CHITTOOR,-,-,Savitri,West flowing rivers from Tapi to Tadri,-,-,-,Savitri,13.18000000,79.21111111,08-06-2021 08:00,245.245,3.946,,2.518
126,NARASINGARAYANIPETA,Andhra Pradesh SW,28,Andhra Pradesh,503,CHITTOOR,CHITTOOR,-,-,Savitri,West flowing rivers from Tapi to Tadri,-,-,-,Savitri,13.18000000,79.21111111,09-06-2021 08:00,245.185,2.561,,1.391
127,NARASINGARAYANIPETA,Andhra Pradesh SW,28,Andhra Pradesh,503,CHITTOOR,CHITTOOR,-,-,Savitri,West flowing rivers from Tapi to Tadri,-,-,-,Savitri,13.18000000,79.21111111,10-06-2021 08:00,245.15,1.822,,0.836
128,NARASINGARAYANIPETA,Andhra Pradesh SW,28,Andhra Pradesh,503,CHITTOOR,CHITTOOR,-,-,Savitri,West flowing rivers from Tapi to Tadri,-,-,-,Savitri,13.18000000,79.21111111,11-06-2021 08:00,245.135,1.167,,0.449
129,NARASINGARAYANIPETA,Andhra Pradesh SW,28,Andhra Pradesh,503,CHITTOOR,CHITTOOR,-,-,Savitri,West flowing rivers from Tapi to Tadri,-,-,-,Savitri,13.18000000,79.21111111,12-06-2021 08:00,245.135,1.167,,0.449
130,NARASINGARAYANIPETA,Andhra Pradesh SW,28,Andhra Pradesh,503,CHITTOOR,CHITTOOR,-,-,Savitri,West flowing rivers from Tapi to Tadri,-,-,-,Savitri,13.18000000,79.21111111,13-06-2021 08:00,245.14,1.235,,0.486
131,NARASINGARAYANIPETA,Andhra Pradesh SW,28,Andhra Pradesh,503,CHITTOOR,CHITTOOR,-,-,Savitri,West flowing rivers from Tapi to Tadri,-,-,-,Savitri,13.18000000,79.21111111,14-06-2021 08:00,245.135,1.167,,0.449
132,NARASINGARAYANIPETA,Andhra Pradesh SW,28,Andhra Pradesh,503,CHITTOOR,CHITTOOR,-,-,Savitri,West flowing rivers from Tapi to Tadri,-,-,-,Savitri,13.18000000,79.21111111,15-06-2021 08:00,245.21,3.115,,1.86
133,NARASINGARAYANIPETA,Andhra Pradesh SW,28,Andhra Pradesh,503,CHITTOOR,CHITTOOR,-,-,Savitri,West flowing rivers from Tapi to Tadri,-,-,-,Savitri,13.18000000,79.21111111,16-06-2021 08:00,245.15,1.822,,0.836
134,NARASINGARAYANIPETA,Andhra Pradesh SW,28,Andhra Pradesh,503,CHITTOOR,CHITTOOR,-,-,Savitri,West flowing rivers from Tapi to Tadri,-,-,-,Savitri,13.18000000,79.21111111,17-06-2021 08:00,245.125,1.041,,0.383
135,NARASINGARAYANIPETA,Andhra Pradesh SW,28,Andhra Pradesh,503,CHITTOOR,CHITTOOR,-,-,Savitri,West flowing rivers from Tapi to Tadri,-,-,-,Savitri,13.18000000,79.21111111,18-06-2021 08:00,245.095,0.696,,0.23
136,NARASINGARAYANIPETA,Andhra Pradesh SW,28,Andhra Pradesh,503,CHITTOOR,CHITTOOR,-,-,Savitri,West flowing rivers from Tapi to Tadri,-,-,-,Savitri,13.18000000,79.21111111,19-06-2021 08:00,245.09,0.65,,0.212
137,NARASINGARAYANIPETA,Andhra Pradesh SW,28,Andhra Pradesh,503,CHITTOOR,CHITTOOR,-,-,Savitri,West flowing rivers from Tapi to Tadri,-,-,-,Savitri,13.18000000,79.21111111,20-06-2021 08:00,245.09,0.65,,0.212
138,NARASINGARAYANIPETA,Andhra Pradesh SW,28,Andhra Pradesh,503,CHITTOOR,CHITTOOR,-,-,Savitri,West flowing rivers from Tapi to Tadri,-,-,-,Savitri,13.18000000,79.21111111,21-06-2021 08:00,245.07,0.486,,0.149
139,NARASINGARAYANIPETA,Andhra Pradesh SW,28,Andhra Pradesh,503,CHITTOOR,CHITTOOR,-,-,Savitri,West flowing rivers from Tapi to Tadri,-,-,-,Savitri,13.18000000,79.21111111,22-06-2021 08:00,245.06,0.417,,0.124
140,NARASINGARAYANIPETA,Andhra Pradesh SW,28,Andhra Pradesh,503,CHITTOOR,CHITTOOR,-,-,Savitri,West flowing rivers from Tapi to Tadri,-,-,-,Savitri,13.18000000,79.21111111,23-06-2021 08:00,245.055,0.387,,0.113
141,NARASINGARAYANIPETA,Andhra Pradesh SW,28,Andhra Pradesh,503,CHITTOOR,CHITTOOR,-,-,Savitri,West flowing rivers from Tapi to Tadri,-,-,-,Savitri,13.18000000,79.21111111,24-06-2021 08:00,245.075,0.522,,0.162
142,NARASINGARAYANIPETA,Andhra Pradesh SW,28,Andhra Pradesh,503,CHITTOOR,CHITTOOR,-,-,Savitri,West flowing rivers from Tapi to Tadri,-,-,-,Savitri,13.18000000,79.21111111,25-06-2021 08:00,245.09,0.65,,0.212
143,NARASINGARAYANIPETA,Andhra Pradesh SW,28,Andhra Pradesh,503,CHITTOOR,CHITTOOR,-,-,Savitri,West flowing rivers from Tapi to Tadri,-,-,-,Savitri,13.18000000,79.21111111,26-06-2021 08:00,245.095,0.696,,0.23
144,NARASINGARAYANIPETA,Andhra Pradesh SW,28,Andhra Pradesh,503,CHITTOOR,CHITTOOR,-,-,Savitri,West flowing rivers from Tapi to Tadri,-,-,-,Savitri,13.18000000,79.21111111,27-06-2021 08:00,245.09,0.65,,0.212
145,NARASINGARAYANIPETA,Andhra Pradesh SW,28,Andhra Pradesh,503,CHITTOOR,CHITTOOR,-,-,Savitri,West flowing rivers from Tapi to Tadri,-,-,-,Savitri,13.18000000,79.21111111,28-06-2021 08:00,245.08,0.564,,0.178
146,NARASINGARAYANIPETA,Andhra Pradesh SW,28,Andhra Pradesh,503,CHITTOOR,CHITTOOR,-,-,Savitri,West flowing rivers from Tapi to Tadri,-,-,-,Savitri,13.18000000,79.21111111,29-06-2021 08:00,245.08,0.564,,0.178
147,NARASINGARAYANIPETA,Andhra Pradesh SW,28,Andhra Pradesh,503,CHITTOOR,CHITTOOR,-,-,Savitri,West flowing rivers from Tapi to Tadri,-,-,-,Savitri,13.18000000,79.21111111,30-06-2021 08:00,245.135,1.167,,0.449
148,NARASINGARAYANIPETA,Andhra Pradesh SW,28,Andhra Pradesh,503,CHITTOOR,CHITTOOR,-,-,Savitri,West flowing rivers from Tapi to Tadri,-,-,-,Savitri,13.18000000,79.21111111,01-07-2021 08:00,245.155,1.93,,0.912
149,NARASINGARAYANIPETA,Andhra Pradesh SW,28,Andhra Pradesh,503,CHITTOOR,CHITTOOR,-,-,Savitri,West flowing rivers from Tapi to Tadri,-,-,-,Savitri,13.18000000,79.21111111,02-07-2021 08:00,245.15,1.822,,0.836
150,NARASINGARAYANIPETA,Andhra Pradesh SW,28,Andhra Pradesh,503,CHITTOOR,CHITTOOR,-,-,Savitri,West flowing rivers from Tapi to Tadri,-,-,-,Savitri,13.18000000,79.21111111,03-07-2021 08:00,245.31,6.811,,5.263
151,NARASINGARAYANIPETA,Andhra Pradesh SW,28,Andhra Pradesh,503,CHITTOOR,CHITTOOR,-,-,Savitri,West flowing rivers from Tapi to Tadri,-,-,-,Savitri,13.18000000,79.21111111,04-07-2021 08:00,245.31,6.811,,5.263
152,NARASINGARAYANIPETA,Andhra Pradesh SW,28,Andhra Pradesh,503,CHITTOOR,CHITTOOR,-,-,Savitri,West flowing rivers from Tapi to Tadri,-,-,-,Savitri,13.18000000,79.21111111,05-07-2021 08:00,245.18,2.447,,1.3
153,NARASINGARAYANIPETA,Andhra Pradesh SW,28,Andhra Pradesh,503,CHITTOOR,CHITTOOR,-,-,Savitri,West flowing rivers from Tapi to Tadri,-,-,-,Savitri,13.18000000,79.21111111,06-07-2021 08:00,245.15,1.822,,0.836
154,NARASINGARAYANIPETA,Andhra Pradesh SW,28,Andhra Pradesh,503,CHITTOOR,CHITTOOR,-,-,Savitri,West flowing rivers from Tapi to Tadri,-,-,-,Savitri,13.18000000,79.21111111,07-07-2021 08:00,245.145,1.306,,0.526
155,NARASINGARAYANIPETA,Andhra Pradesh SW,28,Andhra Pradesh,503,CHITTOOR,CHITTOOR,-,-,Savitri,West flowing rivers from Tapi to Tadri,-,-,-,Savitri,13.18000000,79.21111111,08-07-2021 08:00,245.135,1.167,,0.449
156,NARASINGARAYANIPETA,Andhra Pradesh SW,28,Andhra Pradesh,503,CHITTOOR,CHITTOOR,-,-,Savitri,West flowing rivers from Tapi to Tadri,-,-,-,Savitri,13.18000000,79.21111111,09-07-2021 08:00,245.16,2.025,,0.98
157,NARASINGARAYANIPETA,Andhra Pradesh SW,28,Andhra Pradesh,503,CHITTOOR,CHITTOOR,-,-,Savitri,West flowing rivers from Tapi to Tadri,-,-,-,Savitri,13.18000000,79.21111111,10-07-2021 08:00,245.435,12.815,,13.281
158,NARASINGARAYANIPETA,Andhra Pradesh SW,28,Andhra Pradesh,503,CHITTOOR,CHITTOOR,-,-,Savitri,West flowing rivers from Tapi to Tadri,-,-,-,Savitri,13.18000000,79.21111111,11-07-2021 08:00,245.435,12.815,,13.281
159,NARASINGARAYANIPETA,Andhra Pradesh SW,28,Andhra Pradesh,503,CHITTOOR,CHITTOOR,-,-,Savitri,West flowing rivers from Tapi to Tadri,-,-,-,Savitri,13.18000000,79.21111111,12-07-2021 08:00,245.21,3.115,,1.86
160,NARASINGARAYANIPETA,Andhra Pradesh SW,28,Andhra Pradesh,503,CHITTOOR,CHITTOOR,-,-,Savitri,West flowing rivers from Tapi to Tadri,-,-,-,Savitri,13.18000000,79.21111111,13-07-2021 08:00,245.19,2.664,,1.474
161,NARASINGARAYANIPETA,Andhra Pradesh SW,28,Andhra Pradesh,503,CHITTOOR,CHITTOOR,-,-,Savitri,West flowing rivers from Tapi to Tadri,-,-,-,Savitri,13.18000000,79.21111111,14-07-2021 08:00,245.22,3.346,,2.069
162,NARASINGARAYANIPETA,Andhra Pradesh SW,28,Andhra Pradesh,503,CHITTOOR,CHITTOOR,-,-,Savitri,West flowing rivers from Tapi to Tadri,-,-,-,Savitri,13.18000000,79.21111111,15-07-2021 08:00,245.19,2.664,,1.474
163,NARASINGARAYANIPETA,Andhra Pradesh SW,28,Andhra Pradesh,503,CHITTOOR,CHITTOOR,-,-,Savitri,West flowing rivers from Tapi to Tadri,-,-,-,Savitri,13.18000000,79.21111111,16-07-2021 08:00,245.19,2.664,,1.474
164,NARASINGARAYANIPETA,Andhra Pradesh SW,28,Andhra Pradesh,503,CHITTOOR,CHITTOOR,-,-,Savitri,West flowing rivers from Tapi to Tadri,-,-,-,Savitri,13.18000000,79.21111111,17-07-2021 08:00,245.19,2.664,,1.474
165,NARASINGARAYANIPETA,Andhra Pradesh SW,28,Andhra Pradesh,503,CHITTOOR,CHITTOOR,-,-,Savitri,West flowing rivers from Tapi to Tadri,-,-,-,Savitri,13.18000000,79.21111111,18-07-2021 08:00,245.19,2.664,,1.474
166,NARASINGARAYANIPETA,Andhra Pradesh SW,28,Andhra Pradesh,503,CHITTOOR,CHITTOOR,-,-,Savitri,West flowing rivers from Tapi to Tadri,-,-,-,Savitri,13.18000000,79.21111111,19-07-2021 08:00,245.27,5.244,,3.702
167,NARASINGARAYANIPETA,Andhra Pradesh SW,28,Andhra Pradesh,503,CHITTOOR,CHITTOOR,-,-,Savitri,West flowing rivers from Tapi to Tadri,-,-,-,Savitri,13.18000000,79.21111111,20-07-2021 08:00,245.215,3.237,,1.97
168,NARASINGARAYANIPETA,Andhra Pradesh SW,28,Andhra Pradesh,503,CHITTOOR,CHITTOOR,-,-,Savitri,West flowing rivers from Tapi to Tadri,-,-,-,Savitri,13.18000000,79.21111111,21-07-2021 08:00,245.215,3.237,,1.97
169,NARASINGARAYANIPETA,Andhra Pradesh SW,28,Andhra Pradesh,503,CHITTOOR,CHITTOOR,-,-,Savitri,West flowing rivers from Tapi to Tadri,-,-,-,Savitri,13.18000000,79.21111111,22-07-2021 08:00,245.37,9.65,,8.448
170,NARASINGARAYANIPETA,Andhra Pradesh SW,28,Andhra Pradesh,503,CHITTOOR,CHITTOOR,-,-,Savitri,West flowing rivers from Tapi to Tadri,-,-,-,Savitri,13.18000000,79.21111111,23-07-2021 08:00,245.19,2.664,,1.474
171,NARASINGARAYANIPETA,Andhra Pradesh SW,28,Andhra Pradesh,503,CHITTOOR,CHITTOOR,-,-,Savitri,West flowing rivers from Tapi to Tadri,-,-,-,Savitri,13.18000000,79.21111111,24-07-2021 08:00,245.19,2.664,,1.474
172,NARASINGARAYANIPETA,Andhra Pradesh SW,28,Andhra Pradesh,503,CHITTOOR,CHITTOOR,-,-,Savitri,West flowing rivers from Tapi to Tadri,-,-,-,Savitri,13.18000000,79.21111111,25-07-2021 08:00,245.19,2.664,,1.474
173,NARASINGARAYANIPETA,Andhra Pradesh SW,28,Andhra Pradesh,503,CHITTOOR,CHITTOOR,-,-,Savitri,West flowing rivers from Tapi to Tadri,-,-,-,Savitri,13.18000000,79.21111111,26-07-2021 08:00,245.32,7.197,,5.724
174,NARASINGARAYANIPETA,Andhra Pradesh SW,28,Andhra Pradesh,503,CHITTOOR,CHITTOOR,-,-,Savitri,West flowing rivers from Tapi to Tadri,-,-,-,Savitri,13.18000000,79.21111111,27-07-2021 08:00,245.26,4.935,,3.381
175,NARASINGARAYANIPETA,Andhra Pradesh SW,28,Andhra Pradesh,503,CHITTOOR,CHITTOOR,-,-,Savitri,West flowing rivers from Tapi to Tadri,-,-,-,Savitri,13.18000000,79.21111111,28-07-2021 08:00,245.25,4.63,,3.073
176,NARASINGARAYANIPETA,Andhra Pradesh SW,28,Andhra Pradesh,503,CHITTOOR,CHITTOOR,-,-,Savitri,West flowing rivers from Tapi to Tadri,-,-,-,Savitri,13.18000000,79.21111111,29-07-2021 08:00,245.235,3.706,,2.338
177,NARASINGARAYANIPETA,Andhra Pradesh SW,28,Andhra Pradesh,503,CHITTOOR,CHITTOOR,-,-,Savitri,West flowing rivers from Tapi to Tadri,-,-,-,Savitri,13.18000000,79.21111111,30-07-2021 08:00,245.295,6.029,,4.551
178,NARASINGARAYANIPETA,Andhra Pradesh SW,28,Andhra Pradesh,503,CHITTOOR,CHITTOOR,-,-,Savitri,West flowing rivers from Tapi to Tadri,-,-,-,Savitri,13.18000000,79.21111111,31-07-2021 08:00,245.19,2.664,,1.474
179,NARASINGARAYANIPETA,Andhra Pradesh SW,28,Andhra Pradesh,503,CHITTOOR,CHITTOOR,-,-,Savitri,West flowing rivers from Tapi to Tadri,-,-,-,Savitri,13.18000000,79.21111111,01-08-2021 08:00,245.31,6.811,,5.263
180,NARASINGARAYANIPETA,Andhra Pradesh SW,28,Andhra Pradesh,503,CHITTOOR,CHITTOOR,-,-,Savitri,West flowing rivers from Tapi to Tadri,-,-,-,Savitri,13.18000000,79.21111111,02-08-2021 08:00,245.31,6.811,,5.263
181,NARASINGARAYANIPETA,Andhra Pradesh SW,28,Andhra Pradesh,503,CHITTOOR,CHITTOOR,-,-,Savitri,West flowing rivers from Tapi to Tadri,-,-,-,Savitri,13.18000000,79.21111111,03-08-2021 08:00,245.175,2.346,,1.222
182,NARASINGARAYANIPETA,Andhra Pradesh SW,28,Andhra Pradesh,503,CHITTOOR,CHITTOOR,-,-,Savitri,West flowing rivers from Tapi to Tadri,-,-,-,Savitri,13.18000000,79.21111111,04-08-2021 08:00,245.15,1.822,,0.836
183,NARASINGARAYANIPETA,Andhra Pradesh SW,28,Andhra Pradesh,503,CHITTOOR,CHITTOOR,-,-,Savitri,West flowing rivers from Tapi to Tadri,-,-,-,Savitri,13.18000000,79.21111111,05-08-2021 08:00,245.145,1.306,,0.526
184,NARASINGARAYANIPETA,Andhra Pradesh SW,28,Andhra Pradesh,503,CHITTOOR,CHITTOOR,-,-,Savitri,West flowing rivers from Tapi to Tadri,-,-,-,Savitri,13.18000000,79.21111111,06-08-2021 08:00,245.145,1.306,,0.526
185,NARASINGARAYANIPETA,Andhra Pradesh SW,28,Andhra Pradesh,503,CHITTOOR,CHITTOOR,-,-,Savitri,West flowing rivers from Tapi to Tadri,-,-,-,Savitri,13.18000000,79.21111111,07-08-2021 08:00,245.14,1.235,,0.486
186,NARASINGARAYANIPETA,Andhra Pradesh SW,28,Andhra Pradesh,503,CHITTOOR,CHITTOOR,-,-,Savitri,West flowing rivers from Tapi to Tadri,-,-,-,Savitri,13.18000000,79.21111111,08-08-2021 08:00,245.14,1.235,,0.486
187,NARASINGARAYANIPETA,Andhra Pradesh SW,28,Andhra Pradesh,503,CHITTOOR,CHITTOOR,-,-,Savitri,West flowing rivers from Tapi to Tadri,-,-,-,Savitri,13.18000000,79.21111111,09-08-2021 08:00,245.15,1.822,,0.836
188,NARASINGARAYANIPETA,Andhra Pradesh SW,28,Andhra Pradesh,503,CHITTOOR,CHITTOOR,-,-,Savitri,West flowing rivers from Tapi to Tadri,-,-,-,Savitri,13.18000000,79.21111111,10-08-2021 08:00,245.145,1.306,,0.526
189,NARASINGARAYANIPETA,Andhra Pradesh SW,28,Andhra Pradesh,503,CHITTOOR,CHITTOOR,-,-,Savitri,West flowing rivers from Tapi to Tadri,-,-,-,Savitri,13.18000000,79.21111111,11-08-2021 08:00,245.145,1.306,,0.526
190,NARASINGARAYANIPETA,Andhra Pradesh SW,28,Andhra Pradesh,503,CHITTOOR,CHITTOOR,-,-,Savitri,West flowing rivers from Tapi to Tadri,-,-,-,Savitri,13.18000000,79.21111111,12-08-2021 08:00,245.295,6.029,,4.551
191,NARASINGARAYANIPETA,Andhra Pradesh SW,28,Andhra Pradesh,503,CHITTOOR,CHITTOOR,-,-,Savitri,West flowing rivers from Tapi to Tadri,-,-,-,Savitri,13.18000000,79.21111111,13-08-2021 08:00,245.17,2.233,,1.134
192,NARASINGARAYANIPETA,Andhra Pradesh SW,28,Andhra Pradesh,503,CHITTOOR,CHITTOOR,-,-,Savitri,West flowing rivers from Tapi to Tadri,-,-,-,Savitri,13.18000000,79.21111111,14-08-2021 08:00,245.145,1.306,,0.526
193,NARASINGARAYANIPETA,Andhra Pradesh SW,28,Andhra Pradesh,503,CHITTOOR,CHITTOOR,-,-,Savitri,West flowing rivers from Tapi to Tadri,-,-,-,Savitri,13.18000000,79.21111111,15-08-2021 08:00,245.145,1.306,,0.526
194,NARASINGARAYANIPETA,Andhra Pradesh SW,28,Andhra Pradesh,503,CHITTOOR,CHITTOOR,-,-,Savitri,West flowing rivers from Tapi to Tadri,-,-,-,Savitri,13.18000000,79.21111111,16-08-2021 08:00,245.16,2.025,,0.98
195,NARASINGARAYANIPETA,Andhra Pradesh SW,28,Andhra Pradesh,503,CHITTOOR,CHITTOOR,-,-,Savitri,West flowing rivers from Tapi to Tadri,-,-,-,Savitri,13.18000000,79.21111111,17-08-2021 08:00,245.15,1.822,,0.836
196,NARASINGARAYANIPETA,Andhra Pradesh SW,28,Andhra Pradesh,503,CHITTOOR,CHITTOOR,-,-,Savitri,West flowing rivers from Tapi to Tadri,-,-,-,Savitri,13.18000000,79.21111111,18-08-2021 08:00,245.145,1.306,,0.526
197,NARASINGARAYANIPETA,Andhra Pradesh SW,28,Andhra Pradesh,503,CHITTOOR,CHITTOOR,-,-,Savitri,West flowing rivers from Tapi to Tadri,-,-,-,Savitri,13.18000000,79.21111111,19-08-2021 08:00,245.135,1.167,,0.449
198,NARASINGARAYANIPETA,Andhra Pradesh SW,28,Andhra Pradesh,503,CHITTOOR,CHITTOOR,-,-,Savitri,West flowing rivers from Tapi to Tadri,-,-,-,Savitri,13.18000000,79.21111111,20-08-2021 08:00,245.135,1.167,,0.449
199,NARASINGARAYANIPETA,Andhra Pradesh SW,28,Andhra Pradesh,503,CHITTOOR,CHITTOOR,-,-,Savitri,West flowing rivers from Tapi to Tadri,-,-,-,Savitri,13.18000000,79.21111111,21-08-2021 08:00,245.12,0.975,,0.349
200,NARASINGARAYANIPETA,Andhra Pradesh SW,28,Andhra Pradesh,503,CHITTOOR,CHITTOOR,-,-,Savitri,West flowing rivers from Tapi to Tadri,-,-,-,Savitri,13.18000000,79.21111111,22-08-2021 08:00,245.12,0.975,,0.349
201,NARASINGARAYANIPETA,Andhra Pradesh SW,28,Andhra Pradesh,503,CHITTOOR,CHITTOOR,-,-,Savitri,West flowing rivers from Tapi to Tadri,-,-,-,Savitri,13.18000000,79.21111111,23-08-2021 08:00,245.64,25.563,,34.401
202,NARASINGARAYANIPETA,Andhra Pradesh SW,28,Andhra Pradesh,503,CHITTOOR,CHITTOOR,-,-,Savitri,West flowing rivers from Tapi to Tadri,-,-,-,Savitri,13.18000000,79.21111111,24-08-2021 08:00,245.25,4.63,,3.073
203,NARASINGARAYANIPETA,Andhra Pradesh SW,28,Andhra Pradesh,503,CHITTOOR,CHITTOOR,-,-,Savitri,West flowing rivers from Tapi to Tadri,-,-,-,Savitri,13.18000000,79.21111111,25-08-2021 08:00,245.345,8.48,,6.985
204,NARASINGARAYANIPETA,Andhra Pradesh SW,28,Andhra Pradesh,503,CHITTOOR,CHITTOOR,-,-,Savitri,West flowing rivers from Tapi to Tadri,-,-,-,Savitri,13.18000000,79.21111111,26-08-2021 08:00,245.305,6.624,,5.044
205,NARASINGARAYANIPETA,Andhra Pradesh SW,28,Andhra Pradesh,503,CHITTOOR,CHITTOOR,-,-,Savitri,West flowing rivers from Tapi to Tadri,-,-,-,Savitri,13.18000000,79.21111111,27-08-2021 08:00,245.605,21.63,,27.417
206,NARASINGARAYANIPETA,Andhra Pradesh SW,28,Andhra Pradesh,503,CHITTOOR,CHITTOOR,-,-,Savitri,West flowing rivers from Tapi to Tadri,-,-,-,Savitri,13.18000000,79.21111111,28-08-2021 08:00,245.48,15.053,,16.953
207,NARASINGARAYANIPETA,Andhra Pradesh SW,28,Andhra Pradesh,503,CHITTOOR,CHITTOOR,-,-,Savitri,West flowing rivers from Tapi to Tadri,-,-,-,Savitri,13.18000000,79.21111111,29-08-2021 08:00,245.48,15.053,,16.953
208,NARASINGARAYANIPETA,Andhra Pradesh SW,28,Andhra Pradesh,503,CHITTOOR,CHITTOOR,-,-,Savitri,West flowing rivers from Tapi to Tadri,-,-,-,Savitri,13.18000000,79.21111111,30-08-2021 08:00,245.58,20.231,,24.966
209,NARASINGARAYANIPETA,Andhra Pradesh SW,28,Andhra Pradesh,503,CHITTOOR,CHITTOOR,-,-,Savitri,West flowing rivers from Tapi to Tadri,-,-,-,Savitri,13.18000000,79.21111111,31-08-2021 08:00,245.385,10.37,,9.479
210,NARASINGARAYANIPETA,Andhra Pradesh SW,28,Andhra Pradesh,503,CHITTOOR,CHITTOOR,-,-,Savitri,West flowing rivers from Tapi to Tadri,-,-,-,Savitri,13.18000000,79.21111111,01-09-2021 08:00,245.325,7.393,,5.941
211,NARASINGARAYANIPETA,Andhra Pradesh SW,28,Andhra Pradesh,503,CHITTOOR,CHITTOOR,-,-,Savitri,West flowing rivers from Tapi to Tadri,-,-,-,Savitri,13.18000000,79.21111111,02-09-2021 08:00,245.355,8.936,,7.544
212,NARASINGARAYANIPETA,Andhra Pradesh SW,28,Andhra Pradesh,503,CHITTOOR,CHITTOOR,-,-,Savitri,West flowing rivers from Tapi to Tadri,-,-,-,Savitri,13.18000000,79.21111111,03-09-2021 08:00,245.35,8.705,,7.258
213,NARASINGARAYANIPETA,Andhra Pradesh SW,28,Andhra Pradesh,503,CHITTOOR,CHITTOOR,-,-,Savitri,West flowing rivers from Tapi to Tadri,-,-,-,Savitri,13.18000000,79.21111111,04-09-2021 08:00,245.785,40.721,,52.803
214,NARASINGARAYANIPETA,Andhra Pradesh SW,28,Andhra Pradesh,503,CHITTOOR,CHITTOOR,-,-,Savitri,West flowing rivers from Tapi to Tadri,-,-,-,Savitri,13.18000000,79.21111111,05-09-2021 08:00,245.785,40.721,,52.803
215,NARASINGARAYANIPETA,Andhra Pradesh SW,28,Andhra Pradesh,503,CHITTOOR,CHITTOOR,-,-,Savitri,West flowing rivers from Tapi to Tadri,-,-,-,Savitri,13.18000000,79.21111111,06-09-2021 08:00,245.8,42.342,,55.505
216,NARASINGARAYANIPETA,Andhra Pradesh SW,28,Andhra Pradesh,503,CHITTOOR,CHITTOOR,-,-,Savitri,West flowing rivers from Tapi to Tadri,-,-,-,Savitri,13.18000000,79.21111111,07-09-2021 08:00,245.74,34.882,,45.71
217,NARASINGARAYANIPETA,Andhra Pradesh SW,28,Andhra Pradesh,503,CHITTOOR,CHITTOOR,-,-,Savitri,West flowing rivers from Tapi to Tadri,-,-,-,Savitri,13.18000000,79.21111111,08-09-2021 08:00,245.56,19.155,,23.326
218,NARASINGARAYANIPETA,Andhra Pradesh SW,28,Andhra Pradesh,503,CHITTOOR,CHITTOOR,-,-,Savitri,West flowing rivers from Tapi to Tadri,-,-,-,Savitri,13.18000000,79.21111111,09-09-2021 08:00,245.4,11.099,,10.566
219,NARASINGARAYANIPETA,Andhra Pradesh SW,28,Andhra Pradesh,503,CHITTOOR,CHITTOOR,-,-,Savitri,West flowing rivers from Tapi to Tadri,-,-,-,Savitri,13.18000000,79.21111111,10-09-2021 08:00,245.4,11.099,,10.566
220,NARASINGARAYANIPETA,Andhra Pradesh SW,28,Andhra Pradesh,503,CHITTOOR,CHITTOOR,-,-,Savitri,West flowing rivers from Tapi to Tadri,-,-,-,Savitri,13.18000000,79.21111111,11-09-2021 08:00,245.43,12.567,,12.875
221,NARASINGARAYANIPETA,Andhra Pradesh SW,28,Andhra Pradesh,503,CHITTOOR,CHITTOOR,-,-,Savitri,West flowing rivers from Tapi to Tadri,-,-,-,Savitri,13.18000000,79.21111111,12-09-2021 08:00,245.43,12.567,,12.875
222,NARASINGARAYANIPETA,Andhra Pradesh SW,28,Andhra Pradesh,503,CHITTOOR,CHITTOOR,-,-,Savitri,West flowing rivers from Tapi to Tadri,-,-,-,Savitri,13.18000000,79.21111111,13-09-2021 08:00,245.46,14.053,,15.314
223,NARASINGARAYANIPETA,Andhra Pradesh SW,28,Andhra Pradesh,503,CHITTOOR,CHITTOOR,-,-,Savitri,West flowing rivers from Tapi to Tadri,-,-,-,Savitri,13.18000000,79.21111111,14-09-2021 08:00,245.29,5.87,,4.375
224,NARASINGARAYANIPETA,Andhra Pradesh SW,28,Andhra Pradesh,503,CHITTOOR,CHITTOOR,-,-,Savitri,West flowing rivers from Tapi to Tadri,-,-,-,Savitri,13.18000000,79.21111111,15-09-2021 08:00,245.42,12.075,,12.083
225,NARASINGARAYANIPETA,Andhra Pradesh SW,28,Andhra Pradesh,503,CHITTOOR,CHITTOOR,-,-,Savitri,West flowing rivers from Tapi to Tadri,-,-,-,Savitri,13.18000000,79.21111111,16-09-2021 08:00,245.385,10.37,,9.479
226,NARASINGARAYANIPETA,Andhra Pradesh SW,28,Andhra Pradesh,503,CHITTOOR,CHITTOOR,-,-,Savitri,West flowing rivers from Tapi to Tadri,-,-,-,Savitri,13.18000000,79.21111111,17-09-2021 08:00,245.385,10.37,,9.479
227,NARASINGARAYANIPETA,Andhra Pradesh SW,28,Andhra Pradesh,503,CHITTOOR,CHITTOOR,-,-,Savitri,West flowing rivers from Tapi to Tadri,-,-,-,Savitri,13.18000000,79.21111111,18-09-2021 08:00,245.34,8.258,,6.719
228,NARASINGARAYANIPETA,Andhra Pradesh SW,28,Andhra Pradesh,503,CHITTOOR,CHITTOOR,-,-,Savitri,West flowing rivers from Tapi to Tadri,-,-,-,Savitri,13.18000000,79.21111111,19-09-2021 08:00,245.34,8.258,,6.719
229,NARASINGARAYANIPETA,Andhra Pradesh SW,28,Andhra Pradesh,503,CHITTOOR,CHITTOOR,-,-,Savitri,West flowing rivers from Tapi to Tadri,-,-,-,Savitri,13.18000000,79.21111111,20-09-2021 08:00,245.495,15.812,,18.227
230,NARASINGARAYANIPETA,Andhra Pradesh SW,28,Andhra Pradesh,503,CHITTOOR,CHITTOOR,-,-,Savitri,West flowing rivers from Tapi to Tadri,-,-,-,Savitri,13.18000000,79.21111111,21-09-2021 08:00,245.4,11.099,,10.566
231,NARASINGARAYANIPETA,Andhra Pradesh SW,28,Andhra Pradesh,503,CHITTOOR,CHITTOOR,-,-,Savitri,West flowing rivers from Tapi to Tadri,-,-,-,Savitri,13.18000000,79.21111111,22-09-2021 08:00,245.395,10.858,,10.202
232,NARASINGARAYANIPETA,Andhra Pradesh SW,28,Andhra Pradesh,503,CHITTOOR,CHITTOOR,-,-,Savitri,West flowing rivers from Tapi to Tadri,-,-,-,Savitri,13.18000000,79.21111111,23-09-2021 08:00,245.495,15.812,,18.227
233,NARASINGARAYANIPETA,Andhra Pradesh SW,28,Andhra Pradesh,503,CHITTOOR,CHITTOOR,-,-,Savitri,West flowing rivers from Tapi to Tadri,-,-,-,Savitri,13.18000000,79.21111111,24-09-2021 08:00,245.555,18.888,,22.922
234,NARASINGARAYANIPETA,Andhra Pradesh SW,28,Andhra Pradesh,503,CHITTOOR,CHITTOOR,-,-,Savitri,West flowing rivers from Tapi to Tadri,-,-,-,Savitri,13.18000000,79.21111111,25-09-2021 08:00,245.455,13.806,,14.917
235,NARASINGARAYANIPETA,Andhra Pradesh SW,28,Andhra Pradesh,503,CHITTOOR,CHITTOOR,-,-,Savitri,West flowing rivers from Tapi to Tadri,-,-,-,Savitri,13.18000000,79.21111111,26-09-2021 08:00,245.455,13.806,,14.917
236,NARASINGARAYANIPETA,Andhra Pradesh SW,28,Andhra Pradesh,503,CHITTOOR,CHITTOOR,-,-,Savitri,West flowing rivers from Tapi to Tadri,-,-,-,Savitri,13.18000000,79.21111111,27-09-2021 08:00,245.535,17.849,,21.431
237,NARASINGARAYANIPETA,Andhra Pradesh SW,28,Andhra Pradesh,503,CHITTOOR,CHITTOOR,-,-,Savitri,West flowing rivers from Tapi to Tadri,-,-,-,Savitri,13.18000000,79.21111111,28-09-2021 08:00,245.445,13.307,,14.097
238,NARASINGARAYANIPETA,Andhra Pradesh SW,28,Andhra Pradesh,503,CHITTOOR,CHITTOOR,-,-,Savitri,West flowing rivers from Tapi to Tadri,-,-,-,Savitri,13.18000000,79.21111111,29-09-2021 08:00,245.39,10.613,,9.837
239,NARASINGARAYANIPETA,Andhra Pradesh SW,28,Andhra Pradesh,503,CHITTOOR,CHITTOOR,-,-,Savitri,West flowing rivers from Tapi to Tadri,-,-,-,Savitri,13.18000000,79.21111111,30-09-2021 08:00,245.415,11.828,,11.692
240,NARASINGARAYANIPETA,Andhra Pradesh SW,28,Andhra Pradesh,503,CHITTOOR,CHITTOOR,-,-,Savitri,West flowing rivers from Tapi to Tadri,-,-,-,Savitri,13.18000000,79.21111111,01-10-2021 08:00,245.47,14.553,,16.128
241,NARASINGARAYANIPETA,Andhra Pradesh SW,28,Andhra Pradesh,503,CHITTOOR,CHITTOOR,-,-,Savitri,West flowing rivers from Tapi to Tadri,-,-,-,Savitri,13.18000000,79.21111111,02-10-2021 08:00,245.42,12.075,,12.083
242,NARASINGARAYANIPETA,Andhra Pradesh SW,28,Andhra Pradesh,503,CHITTOOR,CHITTOOR,-,-,Savitri,West flowing rivers from Tapi to Tadri,-,-,-,Savitri,13.18000000,79.21111111,03-10-2021 08:00,245.42,12.075,,12.083
243,NARASINGARAYANIPETA,Andhra Pradesh SW,28,Andhra Pradesh,503,CHITTOOR,CHITTOOR,-,-,Savitri,West flowing rivers from Tapi to Tadri,-,-,-,Savitri,13.18000000,79.21111111,04-10-2021 08:00,245.505,16.315,,19.07
244,NARASINGARAYANIPETA,Andhra Pradesh SW,28,Andhra Pradesh,503,CHITTOOR,CHITTOOR,-,-,Savitri,West flowing rivers from Tapi to Tadri,-,-,-,Savitri,13.18000000,79.21111111,05-10-2021 08:00,245.35,8.705,,7.258
245,NARASINGARAYANIPETA,Andhra Pradesh SW,28,Andhra Pradesh,503,CHITTOOR,CHITTOOR,-,-,Savitri,West flowing rivers from Tapi to Tadri,-,-,-,Savitri,13.18000000,79.21111111,06-10-2021 08:00,245.45,13.556,,14.517
246,NARASINGARAYANIPETA,Andhra Pradesh SW,28,Andhra Pradesh,503,CHITTOOR,CHITTOOR,-,-,Savitri,West flowing rivers from Tapi to Tadri,-,-,-,Savitri,13.18000000,79.21111111,07-10-2021 08:00,245.615,22.203,,28.44
247,NARASINGARAYANIPETA,Andhra Pradesh SW,28,Andhra Pradesh,503,CHITTOOR,CHITTOOR,-,-,Savitri,West flowing rivers from Tapi to Tadri,-,-,-,Savitri,13.18000000,79.21111111,08-10-2021 08:00,245.415,11.828,,11.692
248,NARASINGARAYANIPETA,Andhra Pradesh SW,28,Andhra Pradesh,503,CHITTOOR,CHITTOOR,-,-,Savitri,West flowing rivers from Tapi to Tadri,-,-,-,Savitri,13.18000000,79.21111111,09-10-2021 08:00,245.615,22.203,,28.44
249,NARASINGARAYANIPETA,Andhra Pradesh SW,28,Andhra Pradesh,503,CHITTOOR,CHITTOOR,-,-,Savitri,West flowing rivers from Tapi to Tadri,-,-,-,Savitri,13.18000000,79.21111111,10-10-2021 08:00,245.615,22.203,,28.44
250,NARASINGARAYANIPETA,Andhra Pradesh SW,28,Andhra Pradesh,503,CHITTOOR,CHITTOOR,-,-,Savitri,West flowing rivers from Tapi to Tadri,-,-,-,Savitri,13.18000000,79.21111111,11-10-2021 08:00,245.48,15.053,,16.953
251,NARASINGARAYANIPETA,Andhra Pradesh SW,28,Andhra Pradesh,503,CHITTOOR,CHITTOOR,-,-,Savitri,West flowing rivers from Tapi to Tadri,-,-,-,Savitri,13.18000000,79.21111111,12-10-2021 08:00,245.645,25.869,,34.976
252,NARASINGARAYANIPETA,Andhra Pradesh SW,28,Andhra Pradesh,503,CHITTOOR,CHITTOOR,-,-,Savitri,West flowing rivers from Tapi to Tadri,-,-,-,Savitri,13.18000000,79.21111111,13-10-2021 08:00,245.58,20.231,,24.966
253,NARASINGARAYANIPETA,Andhra Pradesh SW,28,Andhra Pradesh,503,CHITTOOR,CHITTOOR,-,-,Savitri,West flowing rivers from Tapi to Tadri,-,-,-,Savitri,13.18000000,79.21111111,14-10-2021 08:00,245.58,20.231,,24.966
254,NARASINGARAYANIPETA,Andhra Pradesh SW,28,Andhra Pradesh,503,CHITTOOR,CHITTOOR,-,-,Savitri,West flowing rivers from Tapi to Tadri,-,-,-,Savitri,13.18000000,79.21111111,15-10-2021 08:00,245.545,18.363,,22.155
255,NARASINGARAYANIPETA,Andhra Pradesh SW,28,Andhra Pradesh,503,CHITTOOR,CHITTOOR,-,-,Savitri,West flowing rivers from Tapi to Tadri,-,-,-,Savitri,13.18000000,79.21111111,16-10-2021 08:00,245.62,24.35,,32.144
256,NARASINGARAYANIPETA,Andhra Pradesh SW,28,Andhra Pradesh,503,CHITTOOR,CHITTOOR,-,-,Savitri,West flowing rivers from Tapi to Tadri,-,-,-,Savitri,13.18000000,79.21111111,17-10-2021 08:00,245.62,24.35,,32.144
257,NARASINGARAYANIPETA,Andhra Pradesh SW,28,Andhra Pradesh,503,CHITTOOR,CHITTOOR,-,-,Savitri,West flowing rivers from Tapi to Tadri,-,-,-,Savitri,13.18000000,79.21111111,18-10-2021 08:00,245.865,55.297,,76.734
258,NARASINGARAYANIPETA,Andhra Pradesh SW,28,Andhra Pradesh,503,CHITTOOR,CHITTOOR,-,-,Savitri,West flowing rivers from Tapi to Tadri,-,-,-,Savitri,13.18000000,79.21111111,19-10-2021 08:00,245.63,24.954,,33.263
259,NARASINGARAYANIPETA,Andhra Pradesh SW,28,Andhra Pradesh,503,CHITTOOR,CHITTOOR,-,-,Savitri,West flowing rivers from Tapi to Tadri,-,-,-,Savitri,13.18000000,79.21111111,20-10-2021 08:00,245.62,24.35,,32.144
260,NARASINGARAYANIPETA,Andhra Pradesh SW,28,Andhra Pradesh,503,CHITTOOR,CHITTOOR,-,-,Savitri,West flowing rivers from Tapi to Tadri,-,-,-,Savitri,13.18000000,79.21111111,21-10-2021 08:00,245.575,19.96,,24.551
261,NARASINGARAYANIPETA,Andhra Pradesh SW,28,Andhra Pradesh,503,CHITTOOR,CHITTOOR,-,-,Savitri,West flowing rivers from Tapi to Tadri,-,-,-,Savitri,13.18000000,79.21111111,22-10-2021 08:00,245.545,18.363,,22.155
262,NARASINGARAYANIPETA,Andhra Pradesh SW,28,Andhra Pradesh,503,CHITTOOR,CHITTOOR,-,-,Savitri,West flowing rivers from Tapi to Tadri,-,-,-,Savitri,13.18000000,79.21111111,23-10-2021 08:00,245.62,24.35,,32.144
263,NARASINGARAYANIPETA,Andhra Pradesh SW,28,Andhra Pradesh,503,CHITTOOR,CHITTOOR,-,-,Savitri,West flowing rivers from Tapi to Tadri,-,-,-,Savitri,13.18000000,79.21111111,24-10-2021 08:00,245.62,24.35,,32.144
264,NARASINGARAYANIPETA,Andhra Pradesh SW,28,Andhra Pradesh,503,CHITTOOR,CHITTOOR,-,-,Savitri,West flowing rivers from Tapi to Tadri,-,-,-,Savitri,13.18000000,79.21111111,25-10-2021 08:00,245.765,38.389,,49.663
265,NARASINGARAYANIPETA,Andhra Pradesh SW,28,Andhra Pradesh,503,CHITTOOR,CHITTOOR,-,-,Savitri,West flowing rivers from Tapi to Tadri,-,-,-,Savitri,13.18000000,79.21111111,26-10-2021 08:00,245.655,26.483,,35.999
266,NARASINGARAYANIPETA,Andhra Pradesh SW,28,Andhra Pradesh,503,CHITTOOR,CHITTOOR,-,-,Savitri,West flowing rivers from Tapi to Tadri,-,-,-,Savitri,13.18000000,79.21111111,27-10-2021 08:00,245.62,24.35,,32.144
267,NARASINGARAYANIPETA,Andhra Pradesh SW,28,Andhra Pradesh,503,CHITTOOR,CHITTOOR,-,-,Savitri,West flowing rivers from Tapi to Tadri,-,-,-,Savitri,13.18000000,79.21111111,28-10-2021 08:00,245.53,17.592,,21.07
268,NARASINGARAYANIPETA,Andhra Pradesh SW,28,Andhra Pradesh,503,CHITTOOR,CHITTOOR,-,-,Savitri,West flowing rivers from Tapi to Tadri,-,-,-,Savitri,13.18000000,79.21111111,29-10-2021 08:00,245.48,15.053,,16.953
269,NARASINGARAYANIPETA,Andhra Pradesh SW,28,Andhra Pradesh,503,CHITTOOR,CHITTOOR,-,-,Savitri,West flowing rivers from Tapi to Tadri,-,-,-,Savitri,13.18000000,79.21111111,30-10-2021 08:00,245.665,27.099,,36.891
270,NARASINGARAYANIPETA,Andhra Pradesh SW,28,Andhra Pradesh,503,CHITTOOR,CHITTOOR,-,-,Savitri,West flowing rivers from Tapi to Tadri,-,-,-,Savitri,13.18000000,79.21111111,31-10-2021 08:00,245.665,27.099,,36.891
271,NARASINGARAYANIPETA,Andhra Pradesh SW,28,Andhra Pradesh,503,CHITTOOR,CHITTOOR,-,-,Savitri,West flowing rivers from Tapi to Tadri,-,-,-,Savitri,13.18000000,79.21111111,01-11-2021 08:00,245.635,25.253,,33.819
272,NARASINGARAYANIPETA,Andhra Pradesh SW,28,Andhra Pradesh,503,CHITTOOR,CHITTOOR,-,-,Savitri,West flowing rivers from Tapi to Tadri,-,-,-,Savitri,13.18000000,79.21111111,02-11-2021 08:00,245.735,34.431,,44.899
273,NARASINGARAYANIPETA,Andhra Pradesh SW,28,Andhra Pradesh,503,CHITTOOR,CHITTOOR,-,-,Savitri,West flowing rivers from Tapi to Tadri,-,-,-,Savitri,13.18000000,79.21111111,03-11-2021 08:00,245.62,24.35,,32.144
274,NARASINGARAYANIPETA,Andhra Pradesh SW,28,Andhra Pradesh,503,CHITTOOR,CHITTOOR,-,-,Savitri,West flowing rivers from Tapi to Tadri,-,-,-,Savitri,13.18000000,79.21111111,04-11-2021 08:00,245.62,24.35,,32.144
275,NARASINGARAYANIPETA,Andhra Pradesh SW,28,Andhra Pradesh,503,CHITTOOR,CHITTOOR,-,-,Savitri,West flowing rivers from Tapi to Tadri,-,-,-,Savitri,13.18000000,79.21111111,05-11-2021 08:00,245.63,24.954,,33.263
276,NARASINGARAYANIPETA,Andhra Pradesh SW,28,Andhra Pradesh,503,CHITTOOR,CHITTOOR,-,-,Savitri,West flowing rivers from Tapi to Tadri,-,-,-,Savitri,13.18000000,79.21111111,06-11-2021 08:00,245.435,12.815,,13.281
277,NARASINGARAYANIPETA,Andhra Pradesh SW,28,Andhra Pradesh,503,CHITTOOR,CHITTOOR,-,-,Savitri,West flowing rivers from Tapi to Tadri,-,-,-,Savitri,13.18000000,79.21111111,07-11-2021 08:00,245.64,25.563,,34.401
278,NARASINGARAYANIPETA,Andhra Pradesh SW,28,Andhra Pradesh,503,CHITTOOR,CHITTOOR,-,-,Savitri,West flowing rivers from Tapi to Tadri,-,-,-,Savitri,13.18000000,79.21111111,08-11-2021 08:00,245.8,42.342,,55.505
279,NARASINGARAYANIPETA,Andhra Pradesh SW,28,Andhra Pradesh,503,CHITTOOR,CHITTOOR,-,-,Savitri,West flowing rivers from Tapi to Tadri,-,-,-,Savitri,13.18000000,79.21111111,09-11-2021 08:00,246.005,86.987,,131.364
280,NARASINGARAYANIPETA,Andhra Pradesh SW,28,Andhra Pradesh,503,CHITTOOR,CHITTOOR,-,-,Savitri,West flowing rivers from Tapi to Tadri,-,-,-,Savitri,13.18000000,79.21111111,10-11-2021 08:00,245.945,73.721,,105.928
281,NARASINGARAYANIPETA,Andhra Pradesh SW,28,Andhra Pradesh,503,CHITTOOR,CHITTOOR,-,-,Savitri,West flowing rivers from Tapi to Tadri,-,-,-,Savitri,13.18000000,79.21111111,11-11-2021 08:00,245.96,77.35,,110.632
282,NARASINGARAYANIPETA,Andhra Pradesh SW,28,Andhra Pradesh,503,CHITTOOR,CHITTOOR,-,-,Savitri,West flowing rivers from Tapi to Tadri,-,-,-,Savitri,13.18000000,79.21111111,12-11-2021 08:00,246.49,213.423,,512.283
283,NARASINGARAYANIPETA,Andhra Pradesh SW,28,Andhra Pradesh,503,CHITTOOR,CHITTOOR,-,-,Savitri,West flowing rivers from Tapi to Tadri,-,-,-,Savitri,13.18000000,79.21111111,13-11-2021 08:00,246.195,135.701,,251.929
284,NARASINGARAYANIPETA,Andhra Pradesh SW,28,Andhra Pradesh,503,CHITTOOR,CHITTOOR,-,-,Savitri,West flowing rivers from Tapi to Tadri,-,-,-,Savitri,13.18000000,79.21111111,14-11-2021 08:00,246.175,130.819,,238.12
285,NARASINGARAYANIPETA,Andhra Pradesh SW,28,Andhra Pradesh,503,CHITTOOR,CHITTOOR,-,-,Savitri,West flowing rivers from Tapi to Tadri,-,-,-,Savitri,13.18000000,79.21111111,15-11-2021 08:00,246.15,122.866,,217.556
286,NARASINGARAYANIPETA,Andhra Pradesh SW,28,Andhra Pradesh,503,CHITTOOR,CHITTOOR,-,-,Savitri,West flowing rivers from Tapi to Tadri,-,-,-,Savitri,13.18000000,79.21111111,16-11-2021 08:00,246.04,95.133,,149.712
287,NARASINGARAYANIPETA,Andhra Pradesh SW,28,Andhra Pradesh,503,CHITTOOR,CHITTOOR,-,-,Savitri,West flowing rivers from Tapi to Tadri,-,-,-,Savitri,13.18000000,79.21111111,17-11-2021 08:00,245.955,76.354,,108.491
288,NARASINGARAYANIPETA,Andhra Pradesh SW,28,Andhra Pradesh,503,CHITTOOR,CHITTOOR,-,-,Savitri,West flowing rivers from Tapi to Tadri,-,-,-,Savitri,13.18000000,79.21111111,18-11-2021 08:00,246.12,115.766,,198.727
289,NARASINGARAYANIPETA,Andhra Pradesh SW,28,Andhra Pradesh,503,CHITTOOR,CHITTOOR,-,-,Savitri,West flowing rivers from Tapi to Tadri,-,-,-,Savitri,13.18000000,79.21111111,19-11-2021 08:00,247.135,389.778,,1353.915
290,NARASINGARAYANIPETA,Andhra Pradesh SW,28,Andhra Pradesh,503,CHITTOOR,CHITTOOR,-,-,Savitri,West flowing rivers from Tapi to Tadri,-,-,-,Savitri,13.18000000,79.21111111,20-11-2021 08:00,246.8,297.31,,874.232
291,NARASINGARAYANIPETA,Andhra Pradesh SW,28,Andhra Pradesh,503,CHITTOOR,CHITTOOR,-,-,Savitri,West flowing rivers from Tapi to Tadri,-,-,-,Savitri,13.18000000,79.21111111,21-11-2021 08:00,247.1,380.031,,1298.429
292,NARASINGARAYANIPETA,Andhra Pradesh SW,28,Andhra Pradesh,503,CHITTOOR,CHITTOOR,-,-,Savitri,West flowing rivers from Tapi to Tadri,-,-,-,Savitri,13.18000000,79.21111111,22-11-2021 08:00,246.68,264.661,,722.948
293,NARASINGARAYANIPETA,Andhra Pradesh SW,28,Andhra Pradesh,503,CHITTOOR,CHITTOOR,-,-,Savitri,West flowing rivers from Tapi to Tadri,-,-,-,Savitri,13.18000000,79.21111111,23-11-2021 08:00,246.535,225.464,,556.265
294,NARASINGARAYANIPETA,Andhra Pradesh SW,28,Andhra Pradesh,503,CHITTOOR,CHITTOOR,-,-,Savitri,West flowing rivers from Tapi to Tadri,-,-,-,Savitri,13.18000000,79.21111111,24-11-2021 08:00,246.37,181.715,,394.526
295,NARASINGARAYANIPETA,Andhra Pradesh SW,28,Andhra Pradesh,503,CHITTOOR,CHITTOOR,-,-,Savitri,West flowing rivers from Tapi to Tadri,-,-,-,Savitri,13.18000000,79.21111111,25-11-2021 08:00,246.11,112.444,,191.515
296,NARASINGARAYANIPETA,Andhra Pradesh SW,28,Andhra Pradesh,503,CHITTOOR,CHITTOOR,-,-,Savitri,West flowing rivers from Tapi to Tadri,-,-,-,Savitri,13.18000000,79.21111111,26-11-2021 08:00,246.065,102.303,,166.551
297,NARASINGARAYANIPETA,Andhra Pradesh SW,28,Andhra Pradesh,503,CHITTOOR,CHITTOOR,-,-,Savitri,West flowing rivers from Tapi to Tadri,-,-,-,Savitri,13.18000000,79.21111111,27-11-2021 08:00,246.005,86.987,,131.364
298,NARASINGARAYANIPETA,Andhra Pradesh SW,28,Andhra Pradesh,503,CHITTOOR,CHITTOOR,-,-,Savitri,West flowing rivers from Tapi to Tadri,-,-,-,Savitri,13.18000000,79.21111111,28-11-2021 08:00,246.105,111.298,,188.574
299,NARASINGARAYANIPETA,Andhra Pradesh SW,28,Andhra Pradesh,503,CHITTOOR,CHITTOOR,-,-,Savitri,West flowing rivers from Tapi to Tadri,-,-,-,Savitri,13.18000000,79.21111111,29-11-2021 08:00,246.45,202.817,,471.634
300,NARASINGARAYANIPETA,Andhra Pradesh SW,28,Andhra Pradesh,503,CHITTOOR,CHITTOOR,-,-,Savitri,West flowing rivers from Tapi to Tadri,-,-,-,Savitri,13.18000000,79.21111111,30-11-2021 08:00,246.34,173.839,,369.951
301,NARASINGARAYANIPETA,Andhra Pradesh SW,28,Andhra Pradesh,503,CHITTOOR,CHITTOOR,-,-,Savitri,West flowing rivers from Tapi to Tadri,-,-,-,Savitri,13.18000000,79.21111111,01-12-2021 08:00,246.395,188.294,,418.018
302,NARASINGARAYANIPETA,Andhra Pradesh SW,28,Andhra Pradesh,503,CHITTOOR,CHITTOOR,-,-,Savitri,West flowing rivers from Tapi to Tadri,-,-,-,Savitri,13.18000000,79.21111111,02-12-2021 08:00,246.405,190.93,,427.571
303,NARASINGARAYANIPETA,Andhra Pradesh SW,28,Andhra Pradesh,503,CHITTOOR,CHITTOOR,-,-,Savitri,West flowing rivers from Tapi to Tadri,-,-,-,Savitri,13.18000000,79.21111111,03-12-2021 08:00,245.93,70.969,,100.369
304,NARASINGARAYANIPETA,Andhra Pradesh SW,28,Andhra Pradesh,503,CHITTOOR,CHITTOOR,-,-,Savitri,West flowing rivers from Tapi to Tadri,-,-,-,Savitri,13.18000000,79.21111111,04-12-2021 08:00,245.96,77.35,,110.632
305,NARASINGARAYANIPETA,Andhra Pradesh SW,28,Andhra Pradesh,503,CHITTOOR,CHITTOOR,-,-,Savitri,West flowing rivers from Tapi to Tadri,-,-,-,Savitri,13.18000000,79.21111111,05-12-2021 08:00,245.96,77.35,,110.632
306,NARASINGARAYANIPETA,Andhra Pradesh SW,28,Andhra Pradesh,503,CHITTOOR,CHITTOOR,-,-,Savitri,West flowing rivers from Tapi to Tadri,-,-,-,Savitri,13.18000000,79.21111111,06-12-2021 08:00,245.88,57.4,,80.343
307,NARASINGARAYANIPETA,Andhra Pradesh SW,28,Andhra Pradesh,503,CHITTOOR,CHITTOOR,-,-,Savitri,West flowing rivers from Tapi to Tadri,-,-,-,Savitri,13.18000000,79.21111111,07-12-2021 08:00,245.805,46.982,,62.868
308,NARASINGARAYANIPETA,Andhra Pradesh SW,28,Andhra Pradesh,503,CHITTOOR,CHITTOOR,-,-,Savitri,West flowing rivers from Tapi to Tadri,-,-,-,Savitri,13.18000000,79.21111111,08-12-2021 08:00,245.845,52.259,,72.326
309,NARASINGARAYANIPETA,Andhra Pradesh SW,28,Andhra Pradesh,503,CHITTOOR,CHITTOOR,-,-,Savitri,West flowing rivers from Tapi to Tadri,-,-,-,Savitri,13.18000000,79.21111111,09-12-2021 08:00,245.805,46.982,,62.868
310,NARASINGARAYANIPETA,Andhra Pradesh SW,28,Andhra Pradesh,503,CHITTOOR,CHITTOOR,-,-,Savitri,West flowing rivers from Tapi to Tadri,-,-,-,Savitri,13.18000000,79.21111111,10-12-2021 08:00,245.8,42.342,,55.505
311,NARASINGARAYANIPETA,Andhra Pradesh SW,28,Andhra Pradesh,503,CHITTOOR,CHITTOOR,-,-,Savitri,West flowing rivers from Tapi to Tadri,-,-,-,Savitri,13.18000000,79.21111111,11-12-2021 08:00,245.83,50.292,,68.93
312,NARASINGARAYANIPETA,Andhra Pradesh SW,28,Andhra Pradesh,503,CHITTOOR,CHITTOOR,-,-,Savitri,West flowing rivers from Tapi to Tadri,-,-,-,Savitri,13.18000000,79.21111111,12-12-2021 08:00,245.83,50.292,,68.93
313,NARASINGARAYANIPETA,Andhra Pradesh SW,28,Andhra Pradesh,503,CHITTOOR,CHITTOOR,-,-,Savitri,West flowing rivers from Tapi to Tadri,-,-,-,Savitri,13.18000000,79.21111111,13-12-2021 08:00,245.765,38.389,,49.663
314,NARASINGARAYANIPETA,Andhra Pradesh SW,28,Andhra Pradesh,503,CHITTOOR,CHITTOOR,-,-,Savitri,West flowing rivers from Tapi to Tadri,-,-,-,Savitri,13.18000000,79.21111111,14-12-2021 08:00,245.805,46.982,,62.868
315,NARASINGARAYANIPETA,Andhra Pradesh SW,28,Andhra Pradesh,503,CHITTOOR,CHITTOOR,-,-,Savitri,West flowing rivers from Tapi to Tadri,-,-,-,Savitri,13.18000000,79.21111111,15-12-2021 08:00,245.81,47.595,,64.014
316,NARASINGARAYANIPETA,Andhra Pradesh SW,28,Andhra Pradesh,503,CHITTOOR,CHITTOOR,-,-,Savitri,West flowing rivers from Tapi to Tadri,-,-,-,Savitri,13.18000000,79.21111111,16-12-2021 08:00,245.8,42.342,,55.505
317,NARASINGARAYANIPETA,Andhra Pradesh SW,28,Andhra Pradesh,503,CHITTOOR,CHITTOOR,-,-,Savitri,West flowing rivers from Tapi to Tadri,-,-,-,Savitri,13.18000000,79.21111111,17-12-2021 08:00,245.79,41.261,,53.702
318,NARASINGARAYANIPETA,Andhra Pradesh SW,28,Andhra Pradesh,503,CHITTOOR,CHITTOOR,-,-,Savitri,West flowing rivers from Tapi to Tadri,-,-,-,Savitri,13.18000000,79.21111111,18-12-2021 08:00,245.78,40.187,,51.92
319,NARASINGARAYANIPETA,Andhra Pradesh SW,28,Andhra Pradesh,503,CHITTOOR,CHITTOOR,-,-,Savitri,West flowing rivers from Tapi to Tadri,-,-,-,Savitri,13.18000000,79.21111111,19-12-2021 08:00,245.78,40.187,,51.92
320,NARASINGARAYANIPETA,Andhra Pradesh SW,28,Andhra Pradesh,503,CHITTOOR,CHITTOOR,-,-,Savitri,West flowing rivers from Tapi to Tadri,-,-,-,Savitri,13.18000000,79.21111111,20-12-2021 08:00,245.7,31.533,,43.333
321,NARASINGARAYANIPETA,Andhra Pradesh SW,28,Andhra Pradesh,503,CHITTOOR,CHITTOOR,-,-,Savitri,West flowing rivers from Tapi to Tadri,-,-,-,Savitri,13.18000000,79.21111111,21-12-2021 08:00,245.75,36.857,,47.172
322,NARASINGARAYANIPETA,Andhra Pradesh SW,28,Andhra Pradesh,503,CHITTOOR,CHITTOOR,-,-,Savitri,West flowing rivers from Tapi to Tadri,-,-,-,Savitri,13.18000000,79.21111111,22-12-2021 08:00,245.725,33.547,,43.511
323,NARASINGARAYANIPETA,Andhra Pradesh SW,28,Andhra Pradesh,503,CHITTOOR,CHITTOOR,-,-,Savitri,West flowing rivers from Tapi to Tadri,-,-,-,Savitri,13.18000000,79.21111111,23-12-2021 08:00,245.74,34.882,,45.71
324,NARASINGARAYANIPETA,Andhra Pradesh SW,28,Andhra Pradesh,503,CHITTOOR,CHITTOOR,-,-,Savitri,West flowing rivers from Tapi to Tadri,-,-,-,Savitri,13.18000000,79.21111111,24-12-2021 08:00,245.77,38.908,,50.514
325,NARASINGARAYANIPETA,Andhra Pradesh SW,28,Andhra Pradesh,503,CHITTOOR,CHITTOOR,-,-,Savitri,West flowing rivers from Tapi to Tadri,-,-,-,Savitri,13.18000000,79.21111111,25-12-2021 08:00,245.77,38.908,,50.514
326,NARASINGARAYANIPETA,Andhra Pradesh SW,28,Andhra Pradesh,503,CHITTOOR,CHITTOOR,-,-,Savitri,West flowing rivers from Tapi to Tadri,-,-,-,Savitri,13.18000000,79.21111111,26-12-2021 08:00,245.77,38.908,,50.514
327,NARASINGARAYANIPETA,Andhra Pradesh SW,28,Andhra Pradesh,503,CHITTOOR,CHITTOOR,-,-,Savitri,West flowing rivers from Tapi to Tadri,-,-,-,Savitri,13.18000000,79.21111111,27-12-2021 08:00,245.795,41.798,,54.595
328,NARASINGARAYANIPETA,Andhra Pradesh SW,28,Andhra Pradesh,503,CHITTOOR,CHITTOOR,-,-,Savitri,West flowing rivers from Tapi to Tadri,-,-,-,Savitri,13.18000000,79.21111111,28-12-2021 08:00,245.57,19.692,,24.143
329,NARASINGARAYANIPETA,Andhra Pradesh SW,28,Andhra Pradesh,503,CHITTOOR,CHITTOOR,-,-,Savitri,West flowing rivers from Tapi to Tadri,-,-,-,Savitri,13.18000000,79.21111111,29-12-2021 08:00,245.525,17.339,,20.717
330,NARASINGARAYANIPETA,Andhra Pradesh SW,28,Andhra Pradesh,503,CHITTOOR,CHITTOOR,-,-,Savitri,West flowing rivers from Tapi to Tadri,-,-,-,Savitri,13.18000000,79.21111111,30-12-2021 08:00,245.62,24.35,,32.144
331,NARASINGARAYANIPETA,Andhra Pradesh SW,28,Andhra Pradesh,503,CHITTOOR,CHITTOOR,-,-,Savitri,West flowing rivers from Tapi to Tadri,-,-,-,Savitri,13.18000000,79.21111111,31-12-2021 08:00,245.515,16.825,,19.923
332,NARASINGARAYANIPETA,Andhra Pradesh SW,28,Andhra Pradesh,503,CHITTOOR,CHITTOOR,-,-,Savitri,West flowing rivers from Tapi to Tadri,-,-,-,Savitri,13.18000000,79.21111111,01-01-2022 08:00,245.615,22.203,,28.44
333,NARASINGARAYANIPETA,Andhra Pradesh SW,28,Andhra Pradesh,503,CHITTOOR,CHITTOOR,-,-,Savitri,West flowing rivers from Tapi to Tadri,-,-,-,Savitri,13.18000000,79.21111111,02-01-2022 08:00,245.615,22.203,,28.44
334,NARASINGARAYANIPETA,Andhra Pradesh SW,28,Andhra Pradesh,503,CHITTOOR,CHITTOOR,-,-,Savitri,West flowing rivers from Tapi to Tadri,-,-,-,Savitri,13.18000000,79.21111111,03-01-2022 08:00,245.62,24.35,,32.144
335,NARASINGARAYANIPETA,Andhra Pradesh SW,28,Andhra Pradesh,503,CHITTOOR,CHITTOOR,-,-,Savitri,West flowing rivers from Tapi to Tadri,-,-,-,Savitri,13.18000000,79.21111111,04-01-2022 08:00,245.62,24.35,,32.144
336,NARASINGARAYANIPETA,Andhra Pradesh SW,28,Andhra Pradesh,503,CHITTOOR,CHITTOOR,-,-,Savitri,West flowing rivers from Tapi to Tadri,-,-,-,Savitri,13.18000000,79.21111111,05-01-2022 08:00,245.615,22.203,,28.44
337,NARASINGARAYANIPETA,Andhra Pradesh SW,28,Andhra Pradesh,503,CHITTOOR,CHITTOOR,-,-,Savitri,West flowing rivers from Tapi to Tadri,-,-,-,Savitri,13.18000000,79.21111111,06-01-2022 08:00,245.54,18.106,,21.793
338,NARASINGARAYANIPETA,Andhra Pradesh SW,28,Andhra Pradesh,503,CHITTOOR,CHITTOOR,-,-,Savitri,West flowing rivers from Tapi to Tadri,-,-,-,Savitri,13.18000000,79.21111111,07-01-2022 08:00,245.555,18.888,,22.922
339,NARASINGARAYANIPETA,Andhra Pradesh SW,28,Andhra Pradesh,503,CHITTOOR,CHITTOOR,-,-,Savitri,West flowing rivers from Tapi to Tadri,-,-,-,Savitri,13.18000000,79.21111111,08-01-2022 08:00,245.605,21.63,,27.417
340,NARASINGARAYANIPETA,Andhra Pradesh SW,28,Andhra Pradesh,503,CHITTOOR,CHITTOOR,-,-,Savitri,West flowing rivers from Tapi to Tadri,-,-,-,Savitri,13.18000000,79.21111111,09-01-2022 08:00,245.605,21.63,,27.417
341,NARASINGARAYANIPETA,Andhra Pradesh SW,28,Andhra Pradesh,503,CHITTOOR,CHITTOOR,-,-,Savitri,West flowing rivers from Tapi to Tadri,-,-,-,Savitri,13.18000000,79.21111111,10-01-2022 08:00,245.555,18.888,,22.922
342,NARASINGARAYANIPETA,Andhra Pradesh SW,28,Andhra Pradesh,503,CHITTOOR,CHITTOOR,-,-,Savitri,West flowing rivers from Tapi to Tadri,-,-,-,Savitri,13.18000000,79.21111111,11-01-2022 08:00,245.46,14.053,,15.314
343,NARASINGARAYANIPETA,Andhra Pradesh SW,28,Andhra Pradesh,503,CHITTOOR,CHITTOOR,-,-,Savitri,West flowing rivers from Tapi to Tadri,-,-,-,Savitri,13.18000000,79.21111111,12-01-2022 08:00,245.47,14.553,,16.128
344,NARASINGARAYANIPETA,Andhra Pradesh SW,28,Andhra Pradesh,503,CHITTOOR,CHITTOOR,-,-,Savitri,West flowing rivers from Tapi to Tadri,-,-,-,Savitri,13.18000000,79.21111111,13-01-2022 08:00,245.58,20.231,,24.966
345,NARASINGARAYANIPETA,Andhra Pradesh SW,28,Andhra Pradesh,503,CHITTOOR,CHITTOOR,-,-,Savitri,West flowing rivers from Tapi to Tadri,-,-,-,Savitri,13.18000000,79.21111111,14-01-2022 08:00,245.58,20.231,,24.966
346,NARASINGARAYANIPETA,Andhra Pradesh SW,28,Andhra Pradesh,503,CHITTOOR,CHITTOOR,-,-,Savitri,West flowing rivers from Tapi to Tadri,-,-,-,Savitri,13.18000000,79.21111111,15-01-2022 08:00,245.495,15.812,,18.227
347,NARASINGARAYANIPETA,Andhra Pradesh SW,28,Andhra Pradesh,503,CHITTOOR,CHITTOOR,-,-,Savitri,West flowing rivers from Tapi to Tadri,-,-,-,Savitri,13.18000000,79.21111111,16-01-2022 08:00,245.495,15.812,,18.227
348,NARASINGARAYANIPETA,Andhra Pradesh SW,28,Andhra Pradesh,503,CHITTOOR,CHITTOOR,-,-,Savitri,West flowing rivers from Tapi to Tadri,-,-,-,Savitri,13.18000000,79.21111111,17-01-2022 08:00,245.585,20.51,,25.451
349,NARASINGARAYANIPETA,Andhra Pradesh SW,28,Andhra Pradesh,503,CHITTOOR,CHITTOOR,-,-,Savitri,West flowing rivers from Tapi to Tadri,-,-,-,Savitri,13.18000000,79.21111111,18-01-2022 08:00,245.41,11.585,,11.312
350,NARASINGARAYANIPETA,Andhra Pradesh SW,28,Andhra Pradesh,503,CHITTOOR,CHITTOOR,-,-,Savitri,West flowing rivers from Tapi to Tadri,-,-,-,Savitri,13.18000000,79.21111111,19-01-2022 08:00,245.435,12.815,,13.281
351,NARASINGARAYANIPETA,Andhra Pradesh SW,28,Andhra Pradesh,503,CHITTOOR,CHITTOOR,-,-,Savitri,West flowing rivers from Tapi to Tadri,-,-,-,Savitri,13.18000000,79.21111111,20-01-2022 08:00,245.39,10.613,,9.837
352,NARASINGARAYANIPETA,Andhra Pradesh SW,28,Andhra Pradesh,503,CHITTOOR,CHITTOOR,-,-,Savitri,West flowing rivers from Tapi to Tadri,-,-,-,Savitri,13.18000000,79.21111111,21-01-2022 08:00,245.405,11.344,,10.94
353,NARASINGARAYANIPETA,Andhra Pradesh SW,28,Andhra Pradesh,503,CHITTOOR,CHITTOOR,-,-,Savitri,West flowing rivers from Tapi to Tadri,-,-,-,Savitri,13.18000000,79.21111111,22-01-2022 08:00,245.39,10.613,,9.837
354,NARASINGARAYANIPETA,Andhra Pradesh SW,28,Andhra Pradesh,503,CHITTOOR,CHITTOOR,-,-,Savitri,West flowing rivers from Tapi to Tadri,-,-,-,Savitri,13.18000000,79.21111111,23-01-2022 08:00,245.39,10.613,,9.837
355,NARASINGARAYANIPETA,Andhra Pradesh SW,28,Andhra Pradesh,503,CHITTOOR,CHITTOOR,-,-,Savitri,West flowing rivers from Tapi to Tadri,-,-,-,Savitri,13.18000000,79.21111111,24-01-2022 08:00,245.43,12.567,,12.875
356,NARASINGARAYANIPETA,Andhra Pradesh SW,28,Andhra Pradesh,503,CHITTOOR,CHITTOOR,-,-,Savitri,West flowing rivers from Tapi to Tadri,-,-,-,Savitri,13.18000000,79.21111111,25-01-2022 08:00,245.33,7.589,,6.161
357,NARASINGARAYANIPETA,Andhra Pradesh SW,28,Andhra Pradesh,503,CHITTOOR,CHITTOOR,-,-,Savitri,West flowing rivers from Tapi to Tadri,-,-,-,Savitri,13.18000000,79.21111111,26-01-2022 08:00,245.33,7.589,,6.161
358,NARASINGARAYANIPETA,Andhra Pradesh SW,28,Andhra Pradesh,503,CHITTOOR,CHITTOOR,-,-,Savitri,West flowing rivers from Tapi to Tadri,-,-,-,Savitri,13.18000000,79.21111111,27-01-2022 08:00,245.395,10.858,,10.202
359,NARASINGARAYANIPETA,Andhra Pradesh SW,28,Andhra Pradesh,503,CHITTOOR,CHITTOOR,-,-,Savitri,West flowing rivers from Tapi to Tadri,-,-,-,Savitri,13.18000000,79.21111111,28-01-2022 08:00,245.4,11.099,,10.566
360,NARASINGARAYANIPETA,Andhra Pradesh SW,28,Andhra Pradesh,503,CHITTOOR,CHITTOOR,-,-,Savitri,West flowing rivers from Tapi to Tadri,-,-,-,Savitri,13.18000000,79.21111111,29-01-2022 08:00,245.295,6.029,,4.551
361,NARASINGARAYANIPETA,Andhra Pradesh SW,28,Andhra Pradesh,503,CHITTOOR,CHITTOOR,-,-,Savitri,West flowing rivers from Tapi to Tadri,-,-,-,Savitri,13.18000000,79.21111111,30-01-2022 08:00,245.295,6.029,,4.551
362,NARASINGARAYANIPETA,Andhra Pradesh SW,28,Andhra Pradesh,503,CHITTOOR,CHITTOOR,-,-,Savitri,West flowing rivers from Tapi to Tadri,-,-,-,Savitri,13.18000000,79.21111111,31-01-2022 08:00,245.39,10.613,,9.837
363,NARASINGARAYANIPETA,Andhra Pradesh SW,28,Andhra Pradesh,503,CHITTOOR,CHITTOOR,-,-,Savitri,West flowing rivers from Tapi to Tadri,-,-,-,Savitri,13.18000000,79.21111111,01-02-2022 08:00,245.32,7.197,,5.724
364,NARASINGARAYANIPETA,Andhra Pradesh SW,28,Andhra Pradesh,503,CHITTOOR,CHITTOOR,-,-,Savitri,West flowing rivers from Tapi to Tadri,-,-,-,Savitri,13.18000000,79.21111111,02-02-2022 08:00,245.39,10.613,,9.837
365,NARASINGARAYANIPETA,Andhra Pradesh SW,28,Andhra Pradesh,503,CHITTOOR,CHITTOOR,-,-,Savitri,West flowing rivers from Tapi to Tadri,-,-,-,Savitri,13.18000000,79.21111111,03-02-2022 08:00,245.305,6.624,,5.044
366,NARASINGARAYANIPETA,Andhra Pradesh SW,28,Andhra Pradesh,503,CHITTOOR,CHITTOOR,-,-,Savitri,West flowing rivers from Tapi to Tadri,-,-,-,Savitri,13.18000000,79.21111111,04-02-2022 08:00,245.41,11.585,,11.312
367,NARASINGARAYANIPETA,Andhra Pradesh SW,28,Andhra Pradesh,503,CHITTOOR,CHITTOOR,-,-,Savitri,West flowing rivers from Tapi to Tadri,-,-,-,Savitri,13.18000000,79.21111111,05-02-2022 08:00,245.265,5.087,,3.537
368,NARASINGARAYANIPETA,Andhra Pradesh SW,28,Andhra Pradesh,503,CHITTOOR,CHITTOOR,-,-,Savitri,West flowing rivers from Tapi to Tadri,-,-,-,Savitri,13.18000000,79.21111111,06-02-2022 08:00,245.265,5.087,,3.537
369,NARASINGARAYANIPETA,Andhra Pradesh SW,28,Andhra Pradesh,503,CHITTOOR,CHITTOOR,-,-,Savitri,West flowing rivers from Tapi to Tadri,-,-,-,Savitri,13.18000000,79.21111111,07-02-2022 08:00,245.34,8.258,,6.719
370,NARASINGARAYANIPETA,Andhra Pradesh SW,28,Andhra Pradesh,503,CHITTOOR,CHITTOOR,-,-,Savitri,West flowing rivers from Tapi to Tadri,-,-,-,Savitri,13.18000000,79.21111111,08-02-2022 08:00,245.315,7.003,,5.49
371,NARASINGARAYANIPETA,Andhra Pradesh SW,28,Andhra Pradesh,503,CHITTOOR,CHITTOOR,-,-,Savitri,West flowing rivers from Tapi to Tadri,-,-,-,Savitri,13.18000000,79.21111111,09-02-2022 08:00,245.32,7.197,,5.724
372,NARASINGARAYANIPETA,Andhra Pradesh SW,28,Andhra Pradesh,503,CHITTOOR,CHITTOOR,-,-,Savitri,West flowing rivers from Tapi to Tadri,-,-,-,Savitri,13.18000000,79.21111111,10-02-2022 08:00,245.335,7.791,,6.39
373,NARASINGARAYANIPETA,Andhra Pradesh SW,28,Andhra Pradesh,503,CHITTOOR,CHITTOOR,-,-,Savitri,West flowing rivers from Tapi to Tadri,-,-,-,Savitri,13.18000000,79.21111111,11-02-2022 08:00,245.335,7.791,,6.39
374,NARASINGARAYANIPETA,Andhra Pradesh SW,28,Andhra Pradesh,503,CHITTOOR,CHITTOOR,-,-,Savitri,West flowing rivers from Tapi to Tadri,-,-,-,Savitri,13.18000000,79.21111111,12-02-2022 08:00,245.305,6.624,,5.044
375,NARASINGARAYANIPETA,Andhra Pradesh SW,28,Andhra Pradesh,503,CHITTOOR,CHITTOOR,-,-,Savitri,West flowing rivers from Tapi to Tadri,-,-,-,Savitri,13.18000000,79.21111111,13-02-2022 08:00,245.305,6.624,,5.044
376,NARASINGARAYANIPETA,Andhra Pradesh SW,28,Andhra Pradesh,503,CHITTOOR,CHITTOOR,-,-,Savitri,West flowing rivers from Tapi to Tadri,-,-,-,Savitri,13.18000000,79.21111111,14-02-2022 08:00,245.2,2.888,,1.661
377,NARASINGARAYANIPETA,Andhra Pradesh SW,28,Andhra Pradesh,503,CHITTOOR,CHITTOOR,-,-,Savitri,West flowing rivers from Tapi to Tadri,-,-,-,Savitri,13.18000000,79.21111111,15-02-2022 08:00,245.385,10.37,,9.479
378,NARASINGARAYANIPETA,Andhra Pradesh SW,28,Andhra Pradesh,503,CHITTOOR,CHITTOOR,-,-,Savitri,West flowing rivers from Tapi to Tadri,-,-,-,Savitri,13.18000000,79.21111111,16-02-2022 08:00,245.25,4.63,,3.073
379,NARASINGARAYANIPETA,Andhra Pradesh SW,28,Andhra Pradesh,503,CHITTOOR,CHITTOOR,-,-,Savitri,West flowing rivers from Tapi to Tadri,-,-,-,Savitri,13.18000000,79.21111111,17-02-2022 08:00,245.185,2.561,,1.391
380,NARASINGARAYANIPETA,Andhra Pradesh SW,28,Andhra Pradesh,503,CHITTOOR,CHITTOOR,-,-,Savitri,West flowing rivers from Tapi to Tadri,-,-,-,Savitri,13.18000000,79.21111111,18-02-2022 08:00,245.265,5.087,,3.537
381,NARASINGARAYANIPETA,Andhra Pradesh SW,28,Andhra Pradesh,503,CHITTOOR,CHITTOOR,-,-,Savitri,West flowing rivers from Tapi to Tadri,-,-,-,Savitri,13.18000000,79.21111111,19-02-2022 08:00,245.265,5.087,,3.537
382,NARASINGARAYANIPETA,Andhra Pradesh SW,28,Andhra Pradesh,503,CHITTOOR,CHITTOOR,-,-,Savitri,West flowing rivers from Tapi to Tadri,-,-,-,Savitri,13.18000000,79.21111111,20-02-2022 08:00,245.265,5.087,,3.537
383,NARASINGARAYANIPETA,Andhra Pradesh SW,28,Andhra Pradesh,503,CHITTOOR,CHITTOOR,-,-,Savitri,West flowing rivers from Tapi to Tadri,-,-,-,Savitri,13.18000000,79.21111111,21-02-2022 08:00,245.27,5.244,,3.702
384,NARASINGARAYANIPETA,Andhra Pradesh SW,28,Andhra Pradesh,503,CHITTOOR,CHITTOOR,-,-,Savitri,West flowing rivers from Tapi to Tadri,-,-,-,Savitri,13.18000000,79.21111111,22-02-2022 08:00,245.22,3.346,,2.069
385,NARASINGARAYANIPETA,Andhra Pradesh SW,28,Andhra Pradesh,503,CHITTOOR,CHITTOOR,-,-,Savitri,West flowing rivers from Tapi to Tadri,-,-,-,Savitri,13.18000000,79.21111111,23-02-2022 08:00,245.26,4.935,,3.381
386,NARASINGARAYANIPETA,Andhra Pradesh SW,28,Andhra Pradesh,503,CHITTOOR,CHITTOOR,-,-,Savitri,West flowing rivers from Tapi to Tadri,-,-,-,Savitri,13.18000000,79.21111111,24-02-2022 08:00,245.25,4.63,,3.073
387,NARASINGARAYANIPETA,Andhra Pradesh SW,28,Andhra Pradesh,503,CHITTOOR,CHITTOOR,-,-,Savitri,West flowing rivers from Tapi to Tadri,-,-,-,Savitri,13.18000000,79.21111111,25-02-2022 08:00,245.25,4.63,,3.073
388,NARASINGARAYANIPETA,Andhra Pradesh SW,28,Andhra Pradesh,503,CHITTOOR,CHITTOOR,-,-,Savitri,West flowing rivers from Tapi to Tadri,-,-,-,Savitri,13.18000000,79.21111111,26-02-2022 08:00,245.22,3.346,,2.069
389,NARASINGARAYANIPETA,Andhra Pradesh SW,28,Andhra Pradesh,503,CHITTOOR,CHITTOOR,-,-,Savitri,West flowing rivers from Tapi to Tadri,-,-,-,Savitri,13.18000000,79.21111111,27-02-2022 08:00,245.22,3.346,,2.069
390,NARASINGARAYANIPETA,Andhra Pradesh SW,28,Andhra Pradesh,503,CHITTOOR,CHITTOOR,-,-,Savitri,West flowing rivers from Tapi to Tadri,-,-,-,Savitri,13.18000000,79.21111111,28-02-2022 08:00,245.19,2.664,,1.474
391,NARASINGARAYANIPETA,Andhra Pradesh SW,28,Andhra Pradesh,503,CHITTOOR,CHITTOOR,-,-,Savitri,West flowing rivers from Tapi to Tadri,-,-,-,Savitri,13.18000000,79.21111111,01-03-2022 08:00,245.19,2.664,,1.474
392,NARASINGARAYANIPETA,Andhra Pradesh SW,28,Andhra Pradesh,503,CHITTOOR,CHITTOOR,-,-,Savitri,West flowing rivers from Tapi to Tadri,-,-,-,Savitri,13.18000000,79.21111111,02-03-2022 08:00,245.215,3.237,,1.97
393,NARASINGARAYANIPETA,Andhra Pradesh SW,28,Andhra Pradesh,503,CHITTOOR,CHITTOOR,-,-,Savitri,West flowing rivers from Tapi to Tadri,-,-,-,Savitri,13.18000000,79.21111111,03-03-2022 08:00,245.17,2.233,,1.134
394,NARASINGARAYANIPETA,Andhra Pradesh SW,28,Andhra Pradesh,503,CHITTOOR,CHITTOOR,-,-,Savitri,West flowing rivers from Tapi to Tadri,-,-,-,Savitri,13.18000000,79.21111111,04-03-2022 08:00,245.2,2.888,,1.661
395,NARASINGARAYANIPETA,Andhra Pradesh SW,28,Andhra Pradesh,503,CHITTOOR,CHITTOOR,-,-,Savitri,West flowing rivers from Tapi to Tadri,-,-,-,Savitri,13.18000000,79.21111111,05-03-2022 08:00,245.215,3.237,,1.97
396,NARASINGARAYANIPETA,Andhra Pradesh SW,28,Andhra Pradesh,503,CHITTOOR,CHITTOOR,-,-,Savitri,West flowing rivers from Tapi to Tadri,-,-,-,Savitri,13.18000000,79.21111111,06-03-2022 08:00,245.215,3.237,,1.97
397,NARASINGARAYANIPETA,Andhra Pradesh SW,28,Andhra Pradesh,503,CHITTOOR,CHITTOOR,-,-,Savitri,West flowing rivers from Tapi to Tadri,-,-,-,Savitri,13.18000000,79.21111111,07-03-2022 08:00,245.18,2.447,,1.3
398,NARASINGARAYANIPETA,Andhra Pradesh SW,28,Andhra Pradesh,503,CHITTOOR,CHITTOOR,-,-,Savitri,West flowing rivers from Tapi to Tadri,-,-,-,Savitri,13.18000000,79.21111111,08-03-2022 08:00,245.175,2.346,,1.222
399,NARASINGARAYANIPETA,Andhra Pradesh SW,28,Andhra Pradesh,503,CHITTOOR,CHITTOOR,-,-,Savitri,West flowing rivers from Tapi to Tadri,-,-,-,Savitri,13.18000000,79.21111111,09-03-2022 08:00,245.165,2.131,,1.058
400,NARASINGARAYANIPETA,Andhra Pradesh SW,28,Andhra Pradesh,503,CHITTOOR,CHITTOOR,-,-,Savitri,West flowing rivers from Tapi to Tadri,-,-,-,Savitri,13.18000000,79.21111111,10-03-2022 08:00,245.15,1.822,,0.836
401,NARASINGARAYANIPETA,Andhra Pradesh SW,28,Andhra Pradesh,503,CHITTOOR,CHITTOOR,-,-,Savitri,West flowing rivers from Tapi to Tadri,-,-,-,Savitri,13.18000000,79.21111111,11-03-2022 08:00,245.15,1.822,,0.836
402,NARASINGARAYANIPETA,Andhra Pradesh SW,28,Andhra Pradesh,503,CHITTOOR,CHITTOOR,-,-,Savitri,West flowing rivers from Tapi to Tadri,-,-,-,Savitri,13.18000000,79.21111111,12-03-2022 08:00,245.15,1.822,,0.836
403,NARASINGARAYANIPETA,Andhra Pradesh SW,28,Andhra Pradesh,503,CHITTOOR,CHITTOOR,-,-,Savitri,West flowing rivers from Tapi to Tadri,-,-,-,Savitri,13.18000000,79.21111111,13-03-2022 08:00,245.15,1.822,,0.836
404,NARASINGARAYANIPETA,Andhra Pradesh SW,28,Andhra Pradesh,503,CHITTOOR,CHITTOOR,-,-,Savitri,West flowing rivers from Tapi to Tadri,-,-,-,Savitri,13.18000000,79.21111111,14-03-2022 08:00,245.15,1.822,,0.836
405,NARASINGARAYANIPETA,Andhra Pradesh SW,28,Andhra Pradesh,503,CHITTOOR,CHITTOOR,-,-,Savitri,West flowing rivers from Tapi to Tadri,-,-,-,Savitri,13.18000000,79.21111111,15-03-2022 08:00,245.15,1.822,,0.836
406,NARASINGARAYANIPETA,Andhra Pradesh SW,28,Andhra Pradesh,503,CHITTOOR,CHITTOOR,-,-,Savitri,West flowing rivers from Tapi to Tadri,-,-,-,Savitri,13.18000000,79.21111111,16-03-2022 08:00,245.15,1.822,,0.836
407,NARASINGARAYANIPETA,Andhra Pradesh SW,28,Andhra Pradesh,503,CHITTOOR,CHITTOOR,-,-,Savitri,West flowing rivers from Tapi to Tadri,-,-,-,Savitri,13.18000000,79.21111111,17-03-2022 08:00,245.24,3.818,,2.419
408,NARASINGARAYANIPETA,Andhra Pradesh SW,28,Andhra Pradesh,503,CHITTOOR,CHITTOOR,-,-,Savitri,West flowing rivers from Tapi to Tadri,-,-,-,Savitri,13.18000000,79.21111111,18-03-2022 08:00,245.15,1.822,,0.836
409,NARASINGARAYANIPETA,Andhra Pradesh SW,28,Andhra Pradesh,503,CHITTOOR,CHITTOOR,-,-,Savitri,West flowing rivers from Tapi to Tadri,-,-,-,Savitri,13.18000000,79.21111111,19-03-2022 08:00,245.15,1.822,,0.836
410,NARASINGARAYANIPETA,Andhra Pradesh SW,28,Andhra Pradesh,503,CHITTOOR,CHITTOOR,-,-,Savitri,West flowing rivers from Tapi to Tadri,-,-,-,Savitri,13.18000000,79.21111111,20-03-2022 08:00,245.15,1.822,,0.836
411,NARASINGARAYANIPETA,Andhra Pradesh SW,28,Andhra Pradesh,503,CHITTOOR,CHITTOOR,-,-,Savitri,West flowing rivers from Tapi to Tadri,-,-,-,Savitri,13.18000000,79.21111111,21-03-2022 08:00,245.15,1.822,,0.836
412,NARASINGARAYANIPETA,Andhra Pradesh SW,28,Andhra Pradesh,503,CHITTOOR,CHITTOOR,-,-,Savitri,West flowing rivers from Tapi to Tadri,-,-,-,Savitri,13.18000000,79.21111111,22-03-2022 08:00,245.22,3.346,,2.069
413,NARASINGARAYANIPETA,Andhra Pradesh SW,28,Andhra Pradesh,503,CHITTOOR,CHITTOOR,-,-,Savitri,West flowing rivers from Tapi to Tadri,-,-,-,Savitri,13.18000000,79.21111111,23-03-2022 08:00,245.235,3.706,,2.338
414,NARASINGARAYANIPETA,Andhra Pradesh SW,28,Andhra Pradesh,503,CHITTOOR,CHITTOOR,-,-,Savitri,West flowing rivers from Tapi to Tadri,-,-,-,Savitri,13.18000000,79.21111111,24-03-2022 08:00,245.145,1.306,,0.526
415,NARASINGARAYANIPETA,Andhra Pradesh SW,28,Andhra Pradesh,503,CHITTOOR,CHITTOOR,-,-,Savitri,West flowing rivers from Tapi to Tadri,-,-,-,Savitri,13.18000000,79.21111111,25-03-2022 08:00,245.145,1.306,,0.526
416,NARASINGARAYANIPETA,Andhra Pradesh SW,28,Andhra Pradesh,503,CHITTOOR,CHITTOOR,-,-,Savitri,West flowing rivers from Tapi to Tadri,-,-,-,Savitri,13.18000000,79.21111111,26-03-2022 08:00,245.145,1.306,,0.526
417,NARASINGARAYANIPETA,Andhra Pradesh SW,28,Andhra Pradesh,503,CHITTOOR,CHITTOOR,-,-,Savitri,West flowing rivers from Tapi to Tadri,-,-,-,Savitri,13.18000000,79.21111111,27-03-2022 08:00,245.145,1.306,,0.526
418,NARASINGARAYANIPETA,Andhra Pradesh SW,28,Andhra Pradesh,503,CHITTOOR,CHITTOOR,-,-,Savitri,West flowing rivers from Tapi to Tadri,-,-,-,Savitri,13.18000000,79.21111111,28-03-2022 08:00,245.145,1.306,,0.526
419,NARASINGARAYANIPETA,Andhra Pradesh SW,28,Andhra Pradesh,503,CHITTOOR,CHITTOOR,-,-,Savitri,West flowing rivers from Tapi to Tadri,-,-,-,Savitri,13.18000000,79.21111111,29-03-2022 08:00,245.145,1.306,,0.526
420,NARASINGARAYANIPETA,Andhra Pradesh SW,28,Andhra Pradesh,503,CHITTOOR,CHITTOOR,-,-,Savitri,West flowing rivers from Tapi to Tadri,-,-,-,Savitri,13.18000000,79.21111111,30-03-2022 08:00,245.145,1.306,,0.526
421,NARASINGARAYANIPETA,Andhra Pradesh SW,28,Andhra Pradesh,503,CHITTOOR,CHITTOOR,-,-,Savitri,West flowing rivers from Tapi to Tadri,-,-,-,Savitri,13.18000000,79.21111111,31-03-2022 08:00,245.145,1.306,,0.526
422,NARASINGARAYANIPETA,Andhra Pradesh SW,28,Andhra Pradesh,503,CHITTOOR,CHITTOOR,-,-,Savitri,West flowing rivers from Tapi to Tadri,-,-,-,Savitri,13.18000000,79.21111111,01-04-2022 08:00,245.15,1.822,,0.836
423,NARASINGARAYANIPETA,Andhra Pradesh SW,28,Andhra Pradesh,503,CHITTOOR,CHITTOOR,-,-,Savitri,West flowing rivers from Tapi to Tadri,-,-,-,Savitri,13.18000000,79.21111111,02-04-2022 08:00,245.145,1.306,,0.526
424,NARASINGARAYANIPETA,Andhra Pradesh SW,28,Andhra Pradesh,503,CHITTOOR,CHITTOOR,-,-,Savitri,West flowing rivers from Tapi to Tadri,-,-,-,Savitri,13.18000000,79.21111111,03-04-2022 08:00,245.145,1.306,,0.526
425,NARASINGARAYANIPETA,Andhra Pradesh SW,28,Andhra Pradesh,503,CHITTOOR,CHITTOOR,-,-,Savitri,West flowing rivers from Tapi to Tadri,-,-,-,Savitri,13.18000000,79.21111111,04-04-2022 08:00,245.105,0.798,,0.272
426,NARASINGARAYANIPETA,Andhra Pradesh SW,28,Andhra Pradesh,503,CHITTOOR,CHITTOOR,-,-,Savitri,West flowing rivers from Tapi to Tadri,-,-,-,Savitri,13.18000000,79.21111111,05-04-2022 08:00,245.1,0.747,,0.251
427,NARASINGARAYANIPETA,Andhra Pradesh SW,28,Andhra Pradesh,503,CHITTOOR,CHITTOOR,-,-,Savitri,West flowing rivers from Tapi to Tadri,-,-,-,Savitri,13.18000000,79.21111111,06-04-2022 08:00,245.095,0.696,,0.23
428,NARASINGARAYANIPETA,Andhra Pradesh SW,28,Andhra Pradesh,503,CHITTOOR,CHITTOOR,-,-,Savitri,West flowing rivers from Tapi to Tadri,-,-,-,Savitri,13.18000000,79.21111111,07-04-2022 08:00,245.11,0.855,,0.296
429,NARASINGARAYANIPETA,Andhra Pradesh SW,28,Andhra Pradesh,503,CHITTOOR,CHITTOOR,-,-,Savitri,West flowing rivers from Tapi to Tadri,-,-,-,Savitri,13.18000000,79.21111111,08-04-2022 08:00,245.11,0.855,,0.296
430,NARASINGARAYANIPETA,Andhra Pradesh SW,28,Andhra Pradesh,503,CHITTOOR,CHITTOOR,-,-,Savitri,West flowing rivers from Tapi to Tadri,-,-,-,Savitri,13.18000000,79.21111111,09-04-2022 08:00,245.12,0.975,,0.349
431,NARASINGARAYANIPETA,Andhra Pradesh SW,28,Andhra Pradesh,503,CHITTOOR,CHITTOOR,-,-,Savitri,West flowing rivers from Tapi to Tadri,-,-,-,Savitri,13.18000000,79.21111111,10-04-2022 08:00,245.12,0.975,,0.349
432,NARASINGARAYANIPETA,Andhra Pradesh SW,28,Andhra Pradesh,503,CHITTOOR,CHITTOOR,-,-,Savitri,West flowing rivers from Tapi to Tadri,-,-,-,Savitri,13.18000000,79.21111111,11-04-2022 08:00,245.115,0.918,,0.324
433,NARASINGARAYANIPETA,Andhra Pradesh SW,28,Andhra Pradesh,503,CHITTOOR,CHITTOOR,-,-,Savitri,West flowing rivers from Tapi to Tadri,-,-,-,Savitri,13.18000000,79.21111111,12-04-2022 08:00,245.115,0.918,,0.324
434,NARASINGARAYANIPETA,Andhra Pradesh SW,28,Andhra Pradesh,503,CHITTOOR,CHITTOOR,-,-,Savitri,West flowing rivers from Tapi to Tadri,-,-,-,Savitri,13.18000000,79.21111111,13-04-2022 08:00,245.12,0.975,,0.349
435,NARASINGARAYANIPETA,Andhra Pradesh SW,28,Andhra Pradesh,503,CHITTOOR,CHITTOOR,-,-,Savitri,West flowing rivers from Tapi to Tadri,-,-,-,Savitri,13.18000000,79.21111111,14-04-2022 08:00,245.12,0.975,,0.349
436,NARASINGARAYANIPETA,Andhra Pradesh SW,28,Andhra Pradesh,503,CHITTOOR,CHITTOOR,-,-,Savitri,West flowing rivers from Tapi to Tadri,-,-,-,Savitri,13.18000000,79.21111111,15-04-2022 08:00,245.12,0.975,,0.349
437,NARASINGARAYANIPETA,Andhra Pradesh SW,28,Andhra Pradesh,503,CHITTOOR,CHITTOOR,-,-,Savitri,West flowing rivers from Tapi to Tadri,-,-,-,Savitri,13.18000000,79.21111111,16-04-2022 08:00,245.12,0.975,,0.349
438,NARASINGARAYANIPETA,Andhra Pradesh SW,28,Andhra Pradesh,503,CHITTOOR,CHITTOOR,-,-,Savitri,West flowing rivers from Tapi to Tadri,-,-,-,Savitri,13.18000000,79.21111111,17-04-2022 08:00,245.12,0.975,,0.349
439,NARASINGARAYANIPETA,Andhra Pradesh SW,28,Andhra Pradesh,503,CHITTOOR,CHITTOOR,-,-,Savitri,West flowing rivers from Tapi to Tadri,-,-,-,Savitri,13.18000000,79.21111111,18-04-2022 08:00,245.11,0.855,,0.296
440,NARASINGARAYANIPETA,Andhra Pradesh SW,28,Andhra Pradesh,503,CHITTOOR,CHITTOOR,-,-,Savitri,West flowing rivers from Tapi to Tadri,-,-,-,Savitri,13.18000000,79.21111111,19-04-2022 08:00,245.115,0.918,,0.324
441,NARASINGARAYANIPETA,Andhra Pradesh SW,28,Andhra Pradesh,503,CHITTOOR,CHITTOOR,-,-,Savitri,West flowing rivers from Tapi to Tadri,-,-,-,Savitri,13.18000000,79.21111111,20-04-2022 08:00,245.115,0.918,,0.324
442,NARASINGARAYANIPETA,Andhra Pradesh SW,28,Andhra Pradesh,503,CHITTOOR,CHITTOOR,-,-,Savitri,West flowing rivers from Tapi to Tadri,-,-,-,Savitri,13.18000000,79.21111111,21-04-2022 08:00,245.07,0.486,,0.149
443,NARASINGARAYANIPETA,Andhra Pradesh SW,28,Andhra Pradesh,503,CHITTOOR,CHITTOOR,-,-,Savitri,West flowing rivers from Tapi to Tadri,-,-,-,Savitri,13.18000000,79.21111111,22-04-2022 08:00,245.06,0.417,,0.124
444,NARASINGARAYANIPETA,Andhra Pradesh SW,28,Andhra Pradesh,503,CHITTOOR,CHITTOOR,-,-,Savitri,West flowing rivers from Tapi to Tadri,-,-,-,Savitri,13.18000000,79.21111111,23-04-2022 08:00,245.055,0.387,,0.113
445,NARASINGARAYANIPETA,Andhra Pradesh SW,28,Andhra Pradesh,503,CHITTOOR,CHITTOOR,-,-,Savitri,West flowing rivers from Tapi to Tadri,-,-,-,Savitri,13.18000000,79.21111111,24-04-2022 08:00,245.055,0.387,,0.113
446,NARASINGARAYANIPETA,Andhra Pradesh SW,28,Andhra Pradesh,503,CHITTOOR,CHITTOOR,-,-,Savitri,West flowing rivers from Tapi to Tadri,-,-,-,Savitri,13.18000000,79.21111111,25-04-2022 08:00,245.055,0.387,,0.113
447,NARASINGARAYANIPETA,Andhra Pradesh SW,28,Andhra Pradesh,503,CHITTOOR,CHITTOOR,-,-,Savitri,West flowing rivers from Tapi to Tadri,-,-,-,Savitri,13.18000000,79.21111111,26-04-2022 08:00,245.055,0.387,,0.113
448,NARASINGARAYANIPETA,Andhra Pradesh SW,28,Andhra Pradesh,503,CHITTOOR,CHITTOOR,-,-,Savitri,West flowing rivers from Tapi to Tadri,-,-,-,Savitri,13.18000000,79.21111111,27-04-2022 08:00,245.055,0.387,,0.113
449,NARASINGARAYANIPETA,Andhra Pradesh SW,28,Andhra Pradesh,503,CHITTOOR,CHITTOOR,-,-,Savitri,West flowing rivers from Tapi to Tadri,-,-,-,Savitri,13.18000000,79.21111111,28-04-2022 08:00,245.055,0.387,,0.113
450,NARASINGARAYANIPETA,Andhra Pradesh SW,28,Andhra Pradesh,503,CHITTOOR,CHITTOOR,-,-,Savitri,West flowing rivers from Tapi to Tadri,-,-,-,Savitri,13.18000000,79.21111111,29-04-2022 08:00,245.055,0.387,,0.113
451,NARASINGARAYANIPETA,Andhra Pradesh SW,28,Andhra Pradesh,503,CHITTOOR,CHITTOOR,-,-,Savitri,West flowing rivers from Tapi to Tadri,-,-,-,Savitri,13.18000000,79.21111111,30-04-2022 08:00,245.055,0.387,,0.113
452,NARASINGARAYANIPETA,Andhra Pradesh SW,28,Andhra Pradesh,503,CHITTOOR,CHITTOOR,-,-,Savitri,West flowing rivers from Tapi to Tadri,-,-,-,Savitri,13.18000000,79.21111111,20-06-2022 08:00,245.16,2.025,,0.98
453,NARASINGARAYANIPETA,Andhra Pradesh SW,28,Andhra Pradesh,503,CHITTOOR,CHITTOOR,-,-,Savitri,West flowing rivers from Tapi to Tadri,-,-,-,Savitri,13.18000000,79.21111111,21-06-2022 08:00,245.37,9.65,,8.448
454,NARASINGARAYANIPETA,Andhra Pradesh SW,28,Andhra Pradesh,503,CHITTOOR,CHITTOOR,-,-,Savitri,West flowing rivers from Tapi to Tadri,-,-,-,Savitri,13.18000000,79.21111111,22-06-2022 08:00,245.205,3.007,,1.765
455,NARASINGARAYANIPETA,Andhra Pradesh SW,28,Andhra Pradesh,503,CHITTOOR,CHITTOOR,-,-,Savitri,West flowing rivers from Tapi to Tadri,-,-,-,Savitri,13.18000000,79.21111111,23-06-2022 08:00,245.15,1.822,,0.836
456,NARASINGARAYANIPETA,Andhra Pradesh SW,28,Andhra Pradesh,503,CHITTOOR,CHITTOOR,-,-,Savitri,West flowing rivers from Tapi to Tadri,-,-,-,Savitri,13.18000000,79.21111111,24-06-2022 08:00,245.15,1.822,,0.836
457,NARASINGARAYANIPETA,Andhra Pradesh SW,28,Andhra Pradesh,503,CHITTOOR,CHITTOOR,-,-,Savitri,West flowing rivers from Tapi to Tadri,-,-,-,Savitri,13.18000000,79.21111111,25-06-2022 08:00,245.15,1.822,,0.836
458,NARASINGARAYANIPETA,Andhra Pradesh SW,28,Andhra Pradesh,503,CHITTOOR,CHITTOOR,-,-,Savitri,West flowing rivers from Tapi to Tadri,-,-,-,Savitri,13.18000000,79.21111111,26-06-2022 08:00,245.15,1.822,,0.836
459,NARASINGARAYANIPETA,Andhra Pradesh SW,28,Andhra Pradesh,503,CHITTOOR,CHITTOOR,-,-,Savitri,West flowing rivers from Tapi to Tadri,-,-,-,Savitri,13.18000000,79.21111111,27-06-2022 08:00,245.13,1.102,,0.415
460,NARASINGARAYANIPETA,Andhra Pradesh SW,28,Andhra Pradesh,503,CHITTOOR,CHITTOOR,-,-,Savitri,West flowing rivers from Tapi to Tadri,-,-,-,Savitri,13.18000000,79.21111111,28-06-2022 08:00,245.12,0.975,,0.349
461,NARASINGARAYANIPETA,Andhra Pradesh SW,28,Andhra Pradesh,503,CHITTOOR,CHITTOOR,-,-,Savitri,West flowing rivers from Tapi to Tadri,-,-,-,Savitri,13.18000000,79.21111111,29-06-2022 08:00,245.14,1.235,,0.486
462,NARASINGARAYANIPETA,Andhra Pradesh SW,28,Andhra Pradesh,503,CHITTOOR,CHITTOOR,-,-,Savitri,West flowing rivers from Tapi to Tadri,-,-,-,Savitri,13.18000000,79.21111111,30-06-2022 08:00,245.145,1.306,,0.526
463,NARASINGARAYANIPETA,Andhra Pradesh SW,28,Andhra Pradesh,503,CHITTOOR,CHITTOOR,-,-,Savitri,West flowing rivers from Tapi to Tadri,-,-,-,Savitri,13.18000000,79.21111111,01-07-2022 08:00,245.145,1.306,,0.526
464,NARASINGARAYANIPETA,Andhra Pradesh SW,28,Andhra Pradesh,503,CHITTOOR,CHITTOOR,-,-,Savitri,West flowing rivers from Tapi to Tadri,-,-,-,Savitri,13.18000000,79.21111111,02-07-2022 08:00,245.145,1.306,,0.526
465,NARASINGARAYANIPETA,Andhra Pradesh SW,28,Andhra Pradesh,503,CHITTOOR,CHITTOOR,-,-,Savitri,West flowing rivers from Tapi to Tadri,-,-,-,Savitri,13.18000000,79.21111111,03-07-2022 08:00,245.145,1.306,,0.526
466,NARASINGARAYANIPETA,Andhra Pradesh SW,28,Andhra Pradesh,503,CHITTOOR,CHITTOOR,-,-,Savitri,West flowing rivers from Tapi to Tadri,-,-,-,Savitri,13.18000000,79.21111111,04-07-2022 08:00,245.14,1.235,,0.486
467,NARASINGARAYANIPETA,Andhra Pradesh SW,28,Andhra Pradesh,503,CHITTOOR,CHITTOOR,-,-,Savitri,West flowing rivers from Tapi to Tadri,-,-,-,Savitri,13.18000000,79.21111111,05-07-2022 08:00,245.125,1.041,,0.383
468,NARASINGARAYANIPETA,Andhra Pradesh SW,28,Andhra Pradesh,503,CHITTOOR,CHITTOOR,-,-,Savitri,West flowing rivers from Tapi to Tadri,-,-,-,Savitri,13.18000000,79.21111111,06-07-2022 08:00,245.14,1.235,,0.486
469,NARASINGARAYANIPETA,Andhra Pradesh SW,28,Andhra Pradesh,503,CHITTOOR,CHITTOOR,-,-,Savitri,West flowing rivers from Tapi to Tadri,-,-,-,Savitri,13.18000000,79.21111111,07-07-2022 08:00,245.13,1.102,,0.415
470,NARASINGARAYANIPETA,Andhra Pradesh SW,28,Andhra Pradesh,503,CHITTOOR,CHITTOOR,-,-,Savitri,West flowing rivers from Tapi to Tadri,-,-,-,Savitri,13.18000000,79.21111111,08-07-2022 08:00,245.175,2.346,,1.222
471,NARASINGARAYANIPETA,Andhra Pradesh SW,28,Andhra Pradesh,503,CHITTOOR,CHITTOOR,-,-,Savitri,West flowing rivers from Tapi to Tadri,-,-,-,Savitri,13.18000000,79.21111111,09-07-2022 08:00,245.145,1.306,,0.526
472,NARASINGARAYANIPETA,Andhra Pradesh SW,28,Andhra Pradesh,503,CHITTOOR,CHITTOOR,-,-,Savitri,West flowing rivers from Tapi to Tadri,-,-,-,Savitri,13.18000000,79.21111111,10-07-2022 08:00,245.145,1.306,,0.526
473,NARASINGARAYANIPETA,Andhra Pradesh SW,28,Andhra Pradesh,503,CHITTOOR,CHITTOOR,-,-,Savitri,West flowing rivers from Tapi to Tadri,-,-,-,Savitri,13.18000000,79.21111111,11-07-2022 08:00,245.13,1.102,,0.415
474,NARASINGARAYANIPETA,Andhra Pradesh SW,28,Andhra Pradesh,503,CHITTOOR,CHITTOOR,-,-,Savitri,West flowing rivers from Tapi to Tadri,-,-,-,Savitri,13.18000000,79.21111111,12-07-2022 08:00,245.12,0.975,,0.349
475,NARASINGARAYANIPETA,Andhra Pradesh SW,28,Andhra Pradesh,503,CHITTOOR,CHITTOOR,-,-,Savitri,West flowing rivers from Tapi to Tadri,-,-,-,Savitri,13.18000000,79.21111111,13-07-2022 08:00,245.11,0.855,,0.296
476,NARASINGARAYANIPETA,Andhra Pradesh SW,28,Andhra Pradesh,503,CHITTOOR,CHITTOOR,-,-,Savitri,West flowing rivers from Tapi to Tadri,-,-,-,Savitri,13.18000000,79.21111111,14-07-2022 08:00,245.105,0.798,,0.272
477,NARASINGARAYANIPETA,Andhra Pradesh SW,28,Andhra Pradesh,503,CHITTOOR,CHITTOOR,-,-,Savitri,West flowing rivers from Tapi to Tadri,-,-,-,Savitri,13.18000000,79.21111111,15-07-2022 08:00,245.105,0.798,,0.272
478,NARASINGARAYANIPETA,Andhra Pradesh SW,28,Andhra Pradesh,503,CHITTOOR,CHITTOOR,-,-,Savitri,West flowing rivers from Tapi to Tadri,-,-,-,Savitri,13.18000000,79.21111111,16-07-2022 08:00,245.08,0.564,,0.178
479,NARASINGARAYANIPETA,Andhra Pradesh SW,28,Andhra Pradesh,503,CHITTOOR,CHITTOOR,-,-,Savitri,West flowing rivers from Tapi to Tadri,-,-,-,Savitri,13.18000000,79.21111111,17-07-2022 08:00,245.12,0.975,,0.349
480,NARASINGARAYANIPETA,Andhra Pradesh SW,28,Andhra Pradesh,503,CHITTOOR,CHITTOOR,-,-,Savitri,West flowing rivers from Tapi to Tadri,-,-,-,Savitri,13.18000000,79.21111111,18-07-2022 08:00,245.145,1.306,,0.526
481,NARASINGARAYANIPETA,Andhra Pradesh SW,28,Andhra Pradesh,503,CHITTOOR,CHITTOOR,-,-,Savitri,West flowing rivers from Tapi to Tadri,-,-,-,Savitri,13.18000000,79.21111111,19-07-2022 08:00,245.15,1.822,,0.836
482,NARASINGARAYANIPETA,Andhra Pradesh SW,28,Andhra Pradesh,503,CHITTOOR,CHITTOOR,-,-,Savitri,West flowing rivers from Tapi to Tadri,-,-,-,Savitri,13.18000000,79.21111111,20-07-2022 08:00,245.125,1.041,,0.383
483,NARASINGARAYANIPETA,Andhra Pradesh SW,28,Andhra Pradesh,503,CHITTOOR,CHITTOOR,-,-,Savitri,West flowing rivers from Tapi to Tadri,-,-,-,Savitri,13.18000000,79.21111111,21-07-2022 08:00,245.145,1.306,,0.526
484,NARASINGARAYANIPETA,Andhra Pradesh SW,28,Andhra Pradesh,503,CHITTOOR,CHITTOOR,-,-,Savitri,West flowing rivers from Tapi to Tadri,-,-,-,Savitri,13.18000000,79.21111111,22-07-2022 08:00,245.145,1.306,,0.526
485,NARASINGARAYANIPETA,Andhra Pradesh SW,28,Andhra Pradesh,503,CHITTOOR,CHITTOOR,-,-,Savitri,West flowing rivers from Tapi to Tadri,-,-,-,Savitri,13.18000000,79.21111111,23-07-2022 08:00,245.145,1.306,,0.526
486,NARASINGARAYANIPETA,Andhra Pradesh SW,28,Andhra Pradesh,503,CHITTOOR,CHITTOOR,-,-,Savitri,West flowing rivers from Tapi to Tadri,-,-,-,Savitri,13.18000000,79.21111111,24-07-2022 08:00,245.145,1.306,,0.526
487,NARASINGARAYANIPETA,Andhra Pradesh SW,28,Andhra Pradesh,503,CHITTOOR,CHITTOOR,-,-,Savitri,West flowing rivers from Tapi to Tadri,-,-,-,Savitri,13.18000000,79.21111111,25-07-2022 08:00,245.105,0.798,,0.272
488,NARASINGARAYANIPETA,Andhra Pradesh SW,28,Andhra Pradesh,503,CHITTOOR,CHITTOOR,-,-,Savitri,West flowing rivers from Tapi to Tadri,-,-,-,Savitri,13.18000000,79.21111111,26-07-2022 08:00,245.145,1.306,,0.526
489,NARASINGARAYANIPETA,Andhra Pradesh SW,28,Andhra Pradesh,503,CHITTOOR,CHITTOOR,-,-,Savitri,West flowing rivers from Tapi to Tadri,-,-,-,Savitri,13.18000000,79.21111111,27-07-2022 08:00,245.15,1.822,,0.836
490,NARASINGARAYANIPETA,Andhra Pradesh SW,28,Andhra Pradesh,503,CHITTOOR,CHITTOOR,-,-,Savitri,West flowing rivers from Tapi to Tadri,-,-,-,Savitri,13.18000000,79.21111111,28-07-2022 08:00,245.145,1.306,,0.526
491,NARASINGARAYANIPETA,Andhra Pradesh SW,28,Andhra Pradesh,503,CHITTOOR,CHITTOOR,-,-,Savitri,West flowing rivers from Tapi to Tadri,-,-,-,Savitri,13.18000000,79.21111111,29-07-2022 08:00,245.13,1.102,,0.415
492,NARASINGARAYANIPETA,Andhra Pradesh SW,28,Andhra Pradesh,503,CHITTOOR,CHITTOOR,-,-,Savitri,West flowing rivers from Tapi to Tadri,-,-,-,Savitri,13.18000000,79.21111111,30-07-2022 08:00,245.13,1.102,,0.415
493,NARASINGARAYANIPETA,Andhra Pradesh SW,28,Andhra Pradesh,503,CHITTOOR,CHITTOOR,-,-,Savitri,West flowing rivers from Tapi to Tadri,-,-,-,Savitri,13.18000000,79.21111111,31-07-2022 08:00,245.13,1.102,,0.415
494,NARASINGARAYANIPETA,Andhra Pradesh SW,28,Andhra Pradesh,503,CHITTOOR,CHITTOOR,-,-,Savitri,West flowing rivers from Tapi to Tadri,-,-,-,Savitri,13.18000000,79.21111111,01-08-2022 08:00,245.15,1.822,,0.836
495,NARASINGARAYANIPETA,Andhra Pradesh SW,28,Andhra Pradesh,503,CHITTOOR,CHITTOOR,-,-,Savitri,West flowing rivers from Tapi to Tadri,-,-,-,Savitri,13.18000000,79.21111111,02-08-2022 08:00,245.38,10.13,,9.131
496,NARASINGARAYANIPETA,Andhra Pradesh SW,28,Andhra Pradesh,503,CHITTOOR,CHITTOOR,-,-,Savitri,West flowing rivers from Tapi to Tadri,-,-,-,Savitri,13.18000000,79.21111111,03-08-2022 08:00,245.245,3.946,,2.518
497,NARASINGARAYANIPETA,Andhra Pradesh SW,28,Andhra Pradesh,503,CHITTOOR,CHITTOOR,-,-,Savitri,West flowing rivers from Tapi to Tadri,-,-,-,Savitri,13.18000000,79.21111111,04-08-2022 08:00,245.335,7.791,,6.39
498,NARASINGARAYANIPETA,Andhra Pradesh SW,28,Andhra Pradesh,503,CHITTOOR,CHITTOOR,-,-,Savitri,West flowing rivers from Tapi to Tadri,-,-,-,Savitri,13.18000000,79.21111111,05-08-2022 08:00,245.35,8.705,,7.258
499,NARASINGARAYANIPETA,Andhra Pradesh SW,28,Andhra Pradesh,503,CHITTOOR,CHITTOOR,-,-,Savitri,West flowing rivers from Tapi to Tadri,-,-,-,Savitri,13.18000000,79.21111111,06-08-2022 08:00,245.255,4.781,,3.224
500,NARASINGARAYANIPETA,Andhra Pradesh SW,28,Andhra Pradesh,503,CHITTOOR,CHITTOOR,-,-,Savitri,West flowing rivers from Tapi to Tadri,-,-,-,Savitri,13.18000000,79.21111111,07-08-2022 08:00,245.255,4.781,,3.224
501,NARASINGARAYANIPETA,Andhra Pradesh SW,28,Andhra Pradesh,503,CHITTOOR,CHITTOOR,-,-,Savitri,West flowing rivers from Tapi to Tadri,-,-,-,Savitri,13.18000000,79.21111111,08-08-2022 08:00,245.265,5.087,,3.537
502,NARASINGARAYANIPETA,Andhra Pradesh SW,28,Andhra Pradesh,503,CHITTOOR,CHITTOOR,-,-,Savitri,West flowing rivers from Tapi to Tadri,-,-,-,Savitri,13.18000000,79.21111111,09-08-2022 08:00,245.265,5.087,,3.537
503,NARASINGARAYANIPETA,Andhra Pradesh SW,28,Andhra Pradesh,503,CHITTOOR,CHITTOOR,-,-,Savitri,West flowing rivers from Tapi to Tadri,-,-,-,Savitri,13.18000000,79.21111111,10-08-2022 08:00,245.18,2.447,,1.3
504,NARASINGARAYANIPETA,Andhra Pradesh SW,28,Andhra Pradesh,503,CHITTOOR,CHITTOOR,-,-,Savitri,West flowing rivers from Tapi to Tadri,-,-,-,Savitri,13.18000000,79.21111111,11-08-2022 08:00,245.18,2.447,,1.3
505,NARASINGARAYANIPETA,Andhra Pradesh SW,28,Andhra Pradesh,503,CHITTOOR,CHITTOOR,-,-,Savitri,West flowing rivers from Tapi to Tadri,-,-,-,Savitri,13.18000000,79.21111111,12-08-2022 08:00,245.17,2.233,,1.134
506,NARASINGARAYANIPETA,Andhra Pradesh SW,28,Andhra Pradesh,503,CHITTOOR,CHITTOOR,-,-,Savitri,West flowing rivers from Tapi to Tadri,-,-,-,Savitri,13.18000000,79.21111111,13-08-2022 08:00,245.15,1.822,,0.836
507,NARASINGARAYANIPETA,Andhra Pradesh SW,28,Andhra Pradesh,503,CHITTOOR,CHITTOOR,-,-,Savitri,West flowing rivers from Tapi to Tadri,-,-,-,Savitri,13.18000000,79.21111111,14-08-2022 08:00,245.15,1.822,,0.836
508,NARASINGARAYANIPETA,Andhra Pradesh SW,28,Andhra Pradesh,503,CHITTOOR,CHITTOOR,-,-,Savitri,West flowing rivers from Tapi to Tadri,-,-,-,Savitri,13.18000000,79.21111111,15-08-2022 08:00,245.165,2.131,,1.058
509,NARASINGARAYANIPETA,Andhra Pradesh SW,28,Andhra Pradesh,503,CHITTOOR,CHITTOOR,-,-,Savitri,West flowing rivers from Tapi to Tadri,-,-,-,Savitri,13.18000000,79.21111111,16-08-2022 08:00,245.15,1.822,,0.836
510,NARASINGARAYANIPETA,Andhra Pradesh SW,28,Andhra Pradesh,503,CHITTOOR,CHITTOOR,-,-,Savitri,West flowing rivers from Tapi to Tadri,-,-,-,Savitri,13.18000000,79.21111111,17-08-2022 08:00,245.17,2.233,,1.134
511,NARASINGARAYANIPETA,Andhra Pradesh SW,28,Andhra Pradesh,503,CHITTOOR,CHITTOOR,-,-,Savitri,West flowing rivers from Tapi to Tadri,-,-,-,Savitri,13.18000000,79.21111111,18-08-2022 08:00,245.16,2.025,,0.98
512,NARASINGARAYANIPETA,Andhra Pradesh SW,28,Andhra Pradesh,503,CHITTOOR,CHITTOOR,-,-,Savitri,West flowing rivers from Tapi to Tadri,-,-,-,Savitri,13.18000000,79.21111111,19-08-2022 08:00,245.16,2.025,,0.98
513,NARASINGARAYANIPETA,Andhra Pradesh SW,28,Andhra Pradesh,503,CHITTOOR,CHITTOOR,-,-,Savitri,West flowing rivers from Tapi to Tadri,-,-,-,Savitri,13.18000000,79.21111111,20-08-2022 08:00,245.145,1.306,,0.526
514,NARASINGARAYANIPETA,Andhra Pradesh SW,28,Andhra Pradesh,503,CHITTOOR,CHITTOOR,-,-,Savitri,West flowing rivers from Tapi to Tadri,-,-,-,Savitri,13.18000000,79.21111111,21-08-2022 08:00,245.145,1.306,,0.526
515,NARASINGARAYANIPETA,Andhra Pradesh SW,28,Andhra Pradesh,503,CHITTOOR,CHITTOOR,-,-,Savitri,West flowing rivers from Tapi to Tadri,-,-,-,Savitri,13.18000000,79.21111111,22-08-2022 08:00,245.29,5.87,,4.375
516,NARASINGARAYANIPETA,Andhra Pradesh SW,28,Andhra Pradesh,503,CHITTOOR,CHITTOOR,-,-,Savitri,West flowing rivers from Tapi to Tadri,-,-,-,Savitri,13.18000000,79.21111111,23-08-2022 08:00,245.15,1.822,,0.836
517,NARASINGARAYANIPETA,Andhra Pradesh SW,28,Andhra Pradesh,503,CHITTOOR,CHITTOOR,-,-,Savitri,West flowing rivers from Tapi to Tadri,-,-,-,Savitri,13.18000000,79.21111111,24-08-2022 08:00,245.15,1.822,,0.836
518,NARASINGARAYANIPETA,Andhra Pradesh SW,28,Andhra Pradesh,503,CHITTOOR,CHITTOOR,-,-,Savitri,West flowing rivers from Tapi to Tadri,-,-,-,Savitri,13.18000000,79.21111111,25-08-2022 08:00,245.145,1.306,,0.526
519,NARASINGARAYANIPETA,Andhra Pradesh SW,28,Andhra Pradesh,503,CHITTOOR,CHITTOOR,-,-,Savitri,West flowing rivers from Tapi to Tadri,-,-,-,Savitri,13.18000000,79.21111111,26-08-2022 08:00,245.145,1.306,,0.526
520,NARASINGARAYANIPETA,Andhra Pradesh SW,28,Andhra Pradesh,503,CHITTOOR,CHITTOOR,-,-,Savitri,West flowing rivers from Tapi to Tadri,-,-,-,Savitri,13.18000000,79.21111111,27-08-2022 08:00,245.17,2.233,,1.134
521,NARASINGARAYANIPETA,Andhra Pradesh SW,28,Andhra Pradesh,503,CHITTOOR,CHITTOOR,-,-,Savitri,West flowing rivers from Tapi to Tadri,-,-,-,Savitri,13.18000000,79.21111111,28-08-2022 08:00,245.17,2.233,,1.134
522,NARASINGARAYANIPETA,Andhra Pradesh SW,28,Andhra Pradesh,503,CHITTOOR,CHITTOOR,-,-,Savitri,West flowing rivers from Tapi to Tadri,-,-,-,Savitri,13.18000000,79.21111111,29-08-2022 08:00,245.15,1.822,,0.836
523,NARASINGARAYANIPETA,Andhra Pradesh SW,28,Andhra Pradesh,503,CHITTOOR,CHITTOOR,-,-,Savitri,West flowing rivers from Tapi to Tadri,-,-,-,Savitri,13.18000000,79.21111111,30-08-2022 08:00,245.28,5.556,,4.033
524,NARASINGARAYANIPETA,Andhra Pradesh SW,28,Andhra Pradesh,503,CHITTOOR,CHITTOOR,-,-,Savitri,West flowing rivers from Tapi to Tadri,-,-,-,Savitri,13.18000000,79.21111111,31-08-2022 08:00,245.28,5.556,,4.033
525,NARASINGARAYANIPETA,Andhra Pradesh SW,28,Andhra Pradesh,503,CHITTOOR,CHITTOOR,-,-,Savitri,West flowing rivers from Tapi to Tadri,-,-,-,Savitri,13.18000000,79.21111111,01-09-2022 08:00,245.15,1.822,,0.836
526,NARASINGARAYANIPETA,Andhra Pradesh SW,28,Andhra Pradesh,503,CHITTOOR,CHITTOOR,-,-,Savitri,West flowing rivers from Tapi to Tadri,-,-,-,Savitri,13.18000000,79.21111111,02-09-2022 08:00,245.15,1.822,,0.836
527,NARASINGARAYANIPETA,Andhra Pradesh SW,28,Andhra Pradesh,503,CHITTOOR,CHITTOOR,-,-,Savitri,West flowing rivers from Tapi to Tadri,-,-,-,Savitri,13.18000000,79.21111111,03-09-2022 08:00,245.155,1.93,,0.912
528,NARASINGARAYANIPETA,Andhra Pradesh SW,28,Andhra Pradesh,503,CHITTOOR,CHITTOOR,-,-,Savitri,West flowing rivers from Tapi to Tadri,-,-,-,Savitri,13.18000000,79.21111111,04-09-2022 08:00,245.155,1.93,,0.912
529,NARASINGARAYANIPETA,Andhra Pradesh SW,28,Andhra Pradesh,503,CHITTOOR,CHITTOOR,-,-,Savitri,West flowing rivers from Tapi to Tadri,-,-,-,Savitri,13.18000000,79.21111111,05-09-2022 08:00,245.15,1.822,,0.836
530,NARASINGARAYANIPETA,Andhra Pradesh SW,28,Andhra Pradesh,503,CHITTOOR,CHITTOOR,-,-,Savitri,West flowing rivers from Tapi to Tadri,-,-,-,Savitri,13.18000000,79.21111111,06-09-2022 08:00,245.315,7.003,,5.49
531,NARASINGARAYANIPETA,Andhra Pradesh SW,28,Andhra Pradesh,503,CHITTOOR,CHITTOOR,-,-,Savitri,West flowing rivers from Tapi to Tadri,-,-,-,Savitri,13.18000000,79.21111111,07-09-2022 08:00,245.45,13.556,,14.517
532,NARASINGARAYANIPETA,Andhra Pradesh SW,28,Andhra Pradesh,503,CHITTOOR,CHITTOOR,-,-,Savitri,West flowing rivers from Tapi to Tadri,-,-,-,Savitri,13.18000000,79.21111111,08-09-2022 08:00,245.485,15.309,,17.38
533,NARASINGARAYANIPETA,Andhra Pradesh SW,28,Andhra Pradesh,503,CHITTOOR,CHITTOOR,-,-,Savitri,West flowing rivers from Tapi to Tadri,-,-,-,Savitri,13.18000000,79.21111111,09-09-2022 08:00,245.45,13.556,,14.517
534,NARASINGARAYANIPETA,Andhra Pradesh SW,28,Andhra Pradesh,503,CHITTOOR,CHITTOOR,-,-,Savitri,West flowing rivers from Tapi to Tadri,-,-,-,Savitri,13.18000000,79.21111111,10-09-2022 08:00,245.345,8.48,,6.985
535,NARASINGARAYANIPETA,Andhra Pradesh SW,28,Andhra Pradesh,503,CHITTOOR,CHITTOOR,-,-,Savitri,West flowing rivers from Tapi to Tadri,-,-,-,Savitri,13.18000000,79.21111111,11-09-2022 08:00,245.345,8.48,,6.985
536,NARASINGARAYANIPETA,Andhra Pradesh SW,28,Andhra Pradesh,503,CHITTOOR,CHITTOOR,-,-,Savitri,West flowing rivers from Tapi to Tadri,-,-,-,Savitri,13.18000000,79.21111111,12-09-2022 08:00,245.365,9.41,,8.141
537,NARASINGARAYANIPETA,Andhra Pradesh SW,28,Andhra Pradesh,503,CHITTOOR,CHITTOOR,-,-,Savitri,West flowing rivers from Tapi to Tadri,-,-,-,Savitri,13.18000000,79.21111111,13-09-2022 08:00,245.25,4.63,,3.073
538,NARASINGARAYANIPETA,Andhra Pradesh SW,28,Andhra Pradesh,503,CHITTOOR,CHITTOOR,-,-,Savitri,West flowing rivers from Tapi to Tadri,-,-,-,Savitri,13.18000000,79.21111111,14-09-2022 08:00,245.2,2.888,,1.661
539,NARASINGARAYANIPETA,Andhra Pradesh SW,28,Andhra Pradesh,503,CHITTOOR,CHITTOOR,-,-,Savitri,West flowing rivers from Tapi to Tadri,-,-,-,Savitri,13.18000000,79.21111111,15-09-2022 08:00,245.2,2.888,,1.661
540,NARASINGARAYANIPETA,Andhra Pradesh SW,28,Andhra Pradesh,503,CHITTOOR,CHITTOOR,-,-,Savitri,West flowing rivers from Tapi to Tadri,-,-,-,Savitri,13.18000000,79.21111111,16-09-2022 08:00,245.2,2.888,,1.661
541,NARASINGARAYANIPETA,Andhra Pradesh SW,28,Andhra Pradesh,503,CHITTOOR,CHITTOOR,-,-,Savitri,West flowing rivers from Tapi to Tadri,-,-,-,Savitri,13.18000000,79.21111111,17-09-2022 08:00,245.2,2.888,,1.661
542,NARASINGARAYANIPETA,Andhra Pradesh SW,28,Andhra Pradesh,503,CHITTOOR,CHITTOOR,-,-,Savitri,West flowing rivers from Tapi to Tadri,-,-,-,Savitri,13.18000000,79.21111111,18-09-2022 08:00,245.2,2.888,,1.661
543,NARASINGARAYANIPETA,Andhra Pradesh SW,28,Andhra Pradesh,503,CHITTOOR,CHITTOOR,-,-,Savitri,West flowing rivers from Tapi to Tadri,-,-,-,Savitri,13.18000000,79.21111111,19-09-2022 08:00,245.22,3.346,,2.069
544,NARASINGARAYANIPETA,Andhra Pradesh SW,28,Andhra Pradesh,503,CHITTOOR,CHITTOOR,-,-,Savitri,West flowing rivers from Tapi to Tadri,-,-,-,Savitri,13.18000000,79.21111111,20-09-2022 08:00,245.195,2.778,,1.569
545,NARASINGARAYANIPETA,Andhra Pradesh SW,28,Andhra Pradesh,503,CHITTOOR,CHITTOOR,-,-,Savitri,West flowing rivers from Tapi to Tadri,-,-,-,Savitri,13.18000000,79.21111111,21-09-2022 08:00,245.165,2.131,,1.058
546,NARASINGARAYANIPETA,Andhra Pradesh SW,28,Andhra Pradesh,503,CHITTOOR,CHITTOOR,-,-,Savitri,West flowing rivers from Tapi to Tadri,-,-,-,Savitri,13.18000000,79.21111111,22-09-2022 08:00,245.16,2.025,,0.98
547,NARASINGARAYANIPETA,Andhra Pradesh SW,28,Andhra Pradesh,503,CHITTOOR,CHITTOOR,-,-,Savitri,West flowing rivers from Tapi to Tadri,-,-,-,Savitri,13.18000000,79.21111111,23-09-2022 08:00,245.16,2.025,,0.98
548,NARASINGARAYANIPETA,Andhra Pradesh SW,28,Andhra Pradesh,503,CHITTOOR,CHITTOOR,-,-,Savitri,West flowing rivers from Tapi to Tadri,-,-,-,Savitri,13.18000000,79.21111111,24-09-2022 08:00,245.165,2.131,,1.058
549,NARASINGARAYANIPETA,Andhra Pradesh SW,28,Andhra Pradesh,503,CHITTOOR,CHITTOOR,-,-,Savitri,West flowing rivers from Tapi to Tadri,-,-,-,Savitri,13.18000000,79.21111111,25-09-2022 08:00,245.165,2.131,,1.058
550,NARASINGARAYANIPETA,Andhra Pradesh SW,28,Andhra Pradesh,503,CHITTOOR,CHITTOOR,-,-,Savitri,West flowing rivers from Tapi to Tadri,-,-,-,Savitri,13.18000000,79.21111111,26-09-2022 08:00,245.145,1.306,,0.526
551,NARASINGARAYANIPETA,Andhra Pradesh SW,28,Andhra Pradesh,503,CHITTOOR,CHITTOOR,-,-,Savitri,West flowing rivers from Tapi to Tadri,-,-,-,Savitri,13.18000000,79.21111111,27-09-2022 08:00,245.15,1.822,,0.836
552,NARASINGARAYANIPETA,Andhra Pradesh SW,28,Andhra Pradesh,503,CHITTOOR,CHITTOOR,-,-,Savitri,West flowing rivers from Tapi to Tadri,-,-,-,Savitri,13.18000000,79.21111111,28-09-2022 08:00,245.175,2.346,,1.222
553,NARASINGARAYANIPETA,Andhra Pradesh SW,28,Andhra Pradesh,503,CHITTOOR,CHITTOOR,-,-,Savitri,West flowing rivers from Tapi to Tadri,-,-,-,Savitri,13.18000000,79.21111111,29-09-2022 08:00,245.185,2.561,,1.391
554,NARASINGARAYANIPETA,Andhra Pradesh SW,28,Andhra Pradesh,503,CHITTOOR,CHITTOOR,-,-,Savitri,West flowing rivers from Tapi to Tadri,-,-,-,Savitri,13.18000000,79.21111111,30-09-2022 08:00,245.175,2.346,,1.222
555,NARASINGARAYANIPETA,Andhra Pradesh SW,28,Andhra Pradesh,503,CHITTOOR,CHITTOOR,-,-,Savitri,West flowing rivers from Tapi to Tadri,-,-,-,Savitri,13.18000000,79.21111111,01-10-2022 08:00,245.17,2.233,,1.134
556,NARASINGARAYANIPETA,Andhra Pradesh SW,28,Andhra Pradesh,503,CHITTOOR,CHITTOOR,-,-,Savitri,West flowing rivers from Tapi to Tadri,-,-,-,Savitri,13.18000000,79.21111111,02-10-2022 08:00,245.17,2.233,,1.134
557,NARASINGARAYANIPETA,Andhra Pradesh SW,28,Andhra Pradesh,503,CHITTOOR,CHITTOOR,-,-,Savitri,West flowing rivers from Tapi to Tadri,-,-,-,Savitri,13.18000000,79.21111111,03-10-2022 08:00,245.16,2.025,,0.98
558,NARASINGARAYANIPETA,Andhra Pradesh SW,28,Andhra Pradesh,503,CHITTOOR,CHITTOOR,-,-,Savitri,West flowing rivers from Tapi to Tadri,-,-,-,Savitri,13.18000000,79.21111111,04-10-2022 08:00,245.15,1.822,,0.836
559,NARASINGARAYANIPETA,Andhra Pradesh SW,28,Andhra Pradesh,503,CHITTOOR,CHITTOOR,-,-,Savitri,West flowing rivers from Tapi to Tadri,-,-,-,Savitri,13.18000000,79.21111111,05-10-2022 08:00,245.15,1.822,,0.836
560,NARASINGARAYANIPETA,Andhra Pradesh SW,28,Andhra Pradesh,503,CHITTOOR,CHITTOOR,-,-,Savitri,West flowing rivers from Tapi to Tadri,-,-,-,Savitri,13.18000000,79.21111111,06-10-2022 08:00,245.245,3.946,,2.518
561,NARASINGARAYANIPETA,Andhra Pradesh SW,28,Andhra Pradesh,503,CHITTOOR,CHITTOOR,-,-,Savitri,West flowing rivers from Tapi to Tadri,-,-,-,Savitri,13.18000000,79.21111111,07-10-2022 08:00,245.355,8.936,,7.544
562,NARASINGARAYANIPETA,Andhra Pradesh SW,28,Andhra Pradesh,503,CHITTOOR,CHITTOOR,-,-,Savitri,West flowing rivers from Tapi to Tadri,-,-,-,Savitri,13.18000000,79.21111111,08-10-2022 08:00,245.21,3.115,,1.86
563,NARASINGARAYANIPETA,Andhra Pradesh SW,28,Andhra Pradesh,503,CHITTOOR,CHITTOOR,-,-,Savitri,West flowing rivers from Tapi to Tadri,-,-,-,Savitri,13.18000000,79.21111111,09-10-2022 08:00,245.21,3.115,,1.86
564,NARASINGARAYANIPETA,Andhra Pradesh SW,28,Andhra Pradesh,503,CHITTOOR,CHITTOOR,-,-,Savitri,West flowing rivers from Tapi to Tadri,-,-,-,Savitri,13.18000000,79.21111111,10-10-2022 08:00,245.225,3.464,,2.156
565,NARASINGARAYANIPETA,Andhra Pradesh SW,28,Andhra Pradesh,503,CHITTOOR,CHITTOOR,-,-,Savitri,West flowing rivers from Tapi to Tadri,-,-,-,Savitri,13.18000000,79.21111111,11-10-2022 08:00,245.215,3.237,,1.97
566,NARASINGARAYANIPETA,Andhra Pradesh SW,28,Andhra Pradesh,503,CHITTOOR,CHITTOOR,-,-,Savitri,West flowing rivers from Tapi to Tadri,-,-,-,Savitri,13.18000000,79.21111111,12-10-2022 08:00,245.2,2.888,,1.661
567,NARASINGARAYANIPETA,Andhra Pradesh SW,28,Andhra Pradesh,503,CHITTOOR,CHITTOOR,-,-,Savitri,West flowing rivers from Tapi to Tadri,-,-,-,Savitri,13.18000000,79.21111111,13-10-2022 08:00,245.185,2.561,,1.391
568,NARASINGARAYANIPETA,Andhra Pradesh SW,28,Andhra Pradesh,503,CHITTOOR,CHITTOOR,-,-,Savitri,West flowing rivers from Tapi to Tadri,-,-,-,Savitri,13.18000000,79.21111111,14-10-2022 08:00,245.175,2.346,,1.222
569,NARASINGARAYANIPETA,Andhra Pradesh SW,28,Andhra Pradesh,503,CHITTOOR,CHITTOOR,-,-,Savitri,West flowing rivers from Tapi to Tadri,-,-,-,Savitri,13.18000000,79.21111111,15-10-2022 08:00,245.26,4.935,,3.381
570,NARASINGARAYANIPETA,Andhra Pradesh SW,28,Andhra Pradesh,503,CHITTOOR,CHITTOOR,-,-,Savitri,West flowing rivers from Tapi to Tadri,-,-,-,Savitri,13.18000000,79.21111111,16-10-2022 08:00,245.26,4.935,,3.381
571,NARASINGARAYANIPETA,Andhra Pradesh SW,28,Andhra Pradesh,503,CHITTOOR,CHITTOOR,-,-,Savitri,West flowing rivers from Tapi to Tadri,-,-,-,Savitri,13.18000000,79.21111111,17-10-2022 08:00,245.245,3.946,,2.518
572,NARASINGARAYANIPETA,Andhra Pradesh SW,28,Andhra Pradesh,503,CHITTOOR,CHITTOOR,-,-,Savitri,West flowing rivers from Tapi to Tadri,-,-,-,Savitri,13.18000000,79.21111111,18-10-2022 08:00,245.19,2.664,,1.474
573,NARASINGARAYANIPETA,Andhra Pradesh SW,28,Andhra Pradesh,503,CHITTOOR,CHITTOOR,-,-,Savitri,West flowing rivers from Tapi to Tadri,-,-,-,Savitri,13.18000000,79.21111111,19-10-2022 08:00,245.37,9.65,,8.448
574,NARASINGARAYANIPETA,Andhra Pradesh SW,28,Andhra Pradesh,503,CHITTOOR,CHITTOOR,-,-,Savitri,West flowing rivers from Tapi to Tadri,-,-,-,Savitri,13.18000000,79.21111111,20-10-2022 08:00,245.28,5.556,,4.033
575,NARASINGARAYANIPETA,Andhra Pradesh SW,28,Andhra Pradesh,503,CHITTOOR,CHITTOOR,-,-,Savitri,West flowing rivers from Tapi to Tadri,-,-,-,Savitri,13.18000000,79.21111111,21-10-2022 08:00,245.385,10.37,,9.479
576,NARASINGARAYANIPETA,Andhra Pradesh SW,28,Andhra Pradesh,503,CHITTOOR,CHITTOOR,-,-,Savitri,West flowing rivers from Tapi to Tadri,-,-,-,Savitri,13.18000000,79.21111111,22-10-2022 08:00,245.44,13.06,,13.685
577,NARASINGARAYANIPETA,Andhra Pradesh SW,28,Andhra Pradesh,503,CHITTOOR,CHITTOOR,-,-,Savitri,West flowing rivers from Tapi to Tadri,-,-,-,Savitri,13.18000000,79.21111111,23-10-2022 08:00,245.38,10.13,,9.131
578,NARASINGARAYANIPETA,Andhra Pradesh SW,28,Andhra Pradesh,503,CHITTOOR,CHITTOOR,-,-,Savitri,West flowing rivers from Tapi to Tadri,-,-,-,Savitri,13.18000000,79.21111111,24-10-2022 08:00,245.38,10.13,,9.131
579,NARASINGARAYANIPETA,Andhra Pradesh SW,28,Andhra Pradesh,503,CHITTOOR,CHITTOOR,-,-,Savitri,West flowing rivers from Tapi to Tadri,-,-,-,Savitri,13.18000000,79.21111111,25-10-2022 08:00,245.25,4.63,,3.073
580,NARASINGARAYANIPETA,Andhra Pradesh SW,28,Andhra Pradesh,503,CHITTOOR,CHITTOOR,-,-,Savitri,West flowing rivers from Tapi to Tadri,-,-,-,Savitri,13.18000000,79.21111111,26-10-2022 08:00,245.245,3.946,,2.518
581,NARASINGARAYANIPETA,Andhra Pradesh SW,28,Andhra Pradesh,503,CHITTOOR,CHITTOOR,-,-,Savitri,West flowing rivers from Tapi to Tadri,-,-,-,Savitri,13.18000000,79.21111111,27-10-2022 08:00,245.355,8.936,,7.544
582,NARASINGARAYANIPETA,Andhra Pradesh SW,28,Andhra Pradesh,503,CHITTOOR,CHITTOOR,-,-,Savitri,West flowing rivers from Tapi to Tadri,-,-,-,Savitri,13.18000000,79.21111111,28-10-2022 08:00,245.255,4.781,,3.224
583,NARASINGARAYANIPETA,Andhra Pradesh SW,28,Andhra Pradesh,503,CHITTOOR,CHITTOOR,-,-,Savitri,West flowing rivers from Tapi to Tadri,-,-,-,Savitri,13.18000000,79.21111111,29-10-2022 08:00,245.235,3.706,,2.338
584,NARASINGARAYANIPETA,Andhra Pradesh SW,28,Andhra Pradesh,503,CHITTOOR,CHITTOOR,-,-,Savitri,West flowing rivers from Tapi to Tadri,-,-,-,Savitri,13.18000000,79.21111111,30-10-2022 08:00,245.235,3.706,,2.338
585,NARASINGARAYANIPETA,Andhra Pradesh SW,28,Andhra Pradesh,503,CHITTOOR,CHITTOOR,-,-,Savitri,West flowing rivers from Tapi to Tadri,-,-,-,Savitri,13.18000000,79.21111111,31-10-2022 08:00,245.22,3.346,,2.069
586,NARASINGARAYANIPETA,Andhra Pradesh SW,28,Andhra Pradesh,503,CHITTOOR,CHITTOOR,-,-,Savitri,West flowing rivers from Tapi to Tadri,-,-,-,Savitri,13.18000000,79.21111111,01-11-2022 08:00,245.205,3.007,,1.765
587,NARASINGARAYANIPETA,Andhra Pradesh SW,28,Andhra Pradesh,503,CHITTOOR,CHITTOOR,-,-,Savitri,West flowing rivers from Tapi to Tadri,-,-,-,Savitri,13.18000000,79.21111111,02-11-2022 08:00,245.365,9.41,,8.141
588,NARASINGARAYANIPETA,Andhra Pradesh SW,28,Andhra Pradesh,503,CHITTOOR,CHITTOOR,-,-,Savitri,West flowing rivers from Tapi to Tadri,-,-,-,Savitri,13.18000000,79.21111111,03-11-2022 08:00,245.275,5.406,,3.874
589,NARASINGARAYANIPETA,Andhra Pradesh SW,28,Andhra Pradesh,503,CHITTOOR,CHITTOOR,-,-,Savitri,West flowing rivers from Tapi to Tadri,-,-,-,Savitri,13.18000000,79.21111111,04-11-2022 08:00,245.245,3.946,,2.518
590,NARASINGARAYANIPETA,Andhra Pradesh SW,28,Andhra Pradesh,503,CHITTOOR,CHITTOOR,-,-,Savitri,West flowing rivers from Tapi to Tadri,-,-,-,Savitri,13.18000000,79.21111111,05-11-2022 08:00,245.355,8.936,,7.544
591,NARASINGARAYANIPETA,Andhra Pradesh SW,28,Andhra Pradesh,503,CHITTOOR,CHITTOOR,-,-,Savitri,West flowing rivers from Tapi to Tadri,-,-,-,Savitri,13.18000000,79.21111111,06-11-2022 08:00,245.355,8.936,,7.544
592,NARASINGARAYANIPETA,Andhra Pradesh SW,28,Andhra Pradesh,503,CHITTOOR,CHITTOOR,-,-,Savitri,West flowing rivers from Tapi to Tadri,-,-,-,Savitri,13.18000000,79.21111111,07-11-2022 08:00,245.215,3.237,,1.97
593,NARASINGARAYANIPETA,Andhra Pradesh SW,28,Andhra Pradesh,503,CHITTOOR,CHITTOOR,-,-,Savitri,West flowing rivers from Tapi to Tadri,-,-,-,Savitri,13.18000000,79.21111111,08-11-2022 08:00,245.22,3.346,,2.069
594,NARASINGARAYANIPETA,Andhra Pradesh SW,28,Andhra Pradesh,503,CHITTOOR,CHITTOOR,-,-,Savitri,West flowing rivers from Tapi to Tadri,-,-,-,Savitri,13.18000000,79.21111111,09-11-2022 08:00,245.17,2.233,,1.134
595,NARASINGARAYANIPETA,Andhra Pradesh SW,28,Andhra Pradesh,503,CHITTOOR,CHITTOOR,-,-,Savitri,West flowing rivers from Tapi to Tadri,-,-,-,Savitri,13.18000000,79.21111111,10-11-2022 08:00,245.18,2.447,,1.3
596,NARASINGARAYANIPETA,Andhra Pradesh SW,28,Andhra Pradesh,503,CHITTOOR,CHITTOOR,-,-,Savitri,West flowing rivers from Tapi to Tadri,-,-,-,Savitri,13.18000000,79.21111111,11-11-2022 08:00,245.175,2.346,,1.222
597,NARASINGARAYANIPETA,Andhra Pradesh SW,28,Andhra Pradesh,503,CHITTOOR,CHITTOOR,-,-,Savitri,West flowing rivers from Tapi to Tadri,-,-,-,Savitri,13.18000000,79.21111111,12-11-2022 08:00,245.405,11.344,,10.94
598,NARASINGARAYANIPETA,Andhra Pradesh SW,28,Andhra Pradesh,503,CHITTOOR,CHITTOOR,-,-,Savitri,West flowing rivers from Tapi to Tadri,-,-,-,Savitri,13.18000000,79.21111111,13-11-2022 08:00,245.405,11.344,,10.94
599,NARASINGARAYANIPETA,Andhra Pradesh SW,28,Andhra Pradesh,503,CHITTOOR,CHITTOOR,-,-,Savitri,West flowing rivers from Tapi to Tadri,-,-,-,Savitri,13.18000000,79.21111111,14-11-2022 08:00,245.31,6.811,,5.263
600,NARASINGARAYANIPETA,Andhra Pradesh SW,28,Andhra Pradesh,503,CHITTOOR,CHITTOOR,-,-,Savitri,West flowing rivers from Tapi to Tadri,-,-,-,Savitri,13.18000000,79.21111111,15-11-2022 08:00,245.26,4.935,,3.381
601,NARASINGARAYANIPETA,Andhra Pradesh SW,28,Andhra Pradesh,503,CHITTOOR,CHITTOOR,-,-,Savitri,West flowing rivers from Tapi to Tadri,-,-,-,Savitri,13.18000000,79.21111111,16-11-2022 08:00,245.24,3.818,,2.419
602,NARASINGARAYANIPETA,Andhra Pradesh SW,28,Andhra Pradesh,503,CHITTOOR,CHITTOOR,-,-,Savitri,West flowing rivers from Tapi to Tadri,-,-,-,Savitri,13.18000000,79.21111111,17-11-2022 08:00,245.235,3.706,,2.338
603,NARASINGARAYANIPETA,Andhra Pradesh SW,28,Andhra Pradesh,503,CHITTOOR,CHITTOOR,-,-,Savitri,West flowing rivers from Tapi to Tadri,-,-,-,Savitri,13.18000000,79.21111111,18-11-2022 08:00,245.2,2.888,,1.661
604,NARASINGARAYANIPETA,Andhra Pradesh SW,28,Andhra Pradesh,503,CHITTOOR,CHITTOOR,-,-,Savitri,West flowing rivers from Tapi to Tadri,-,-,-,Savitri,13.18000000,79.21111111,19-11-2022 08:00,245.2,2.888,,1.661
605,NARASINGARAYANIPETA,Andhra Pradesh SW,28,Andhra Pradesh,503,CHITTOOR,CHITTOOR,-,-,Savitri,West flowing rivers from Tapi to Tadri,-,-,-,Savitri,13.18000000,79.21111111,20-11-2022 08:00,245.2,2.888,,1.661
606,NARASINGARAYANIPETA,Andhra Pradesh SW,28,Andhra Pradesh,503,CHITTOOR,CHITTOOR,-,-,Savitri,West flowing rivers from Tapi to Tadri,-,-,-,Savitri,13.18000000,79.21111111,21-11-2022 08:00,245.31,6.811,,5.263
607,NARASINGARAYANIPETA,Andhra Pradesh SW,28,Andhra Pradesh,503,CHITTOOR,CHITTOOR,-,-,Savitri,West flowing rivers from Tapi to Tadri,-,-,-,Savitri,13.18000000,79.21111111,22-11-2022 08:00,245.33,7.589,,6.161
608,NARASINGARAYANIPETA,Andhra Pradesh SW,28,Andhra Pradesh,503,CHITTOOR,CHITTOOR,-,-,Savitri,West flowing rivers from Tapi to Tadri,-,-,-,Savitri,13.18000000,79.21111111,23-11-2022 08:00,245.33,7.589,,6.161
609,NARASINGARAYANIPETA,Andhra Pradesh SW,28,Andhra Pradesh,503,CHITTOOR,CHITTOOR,-,-,Savitri,West flowing rivers from Tapi to Tadri,-,-,-,Savitri,13.18000000,79.21111111,24-11-2022 08:00,245.24,3.818,,2.419
610,NARASINGARAYANIPETA,Andhra Pradesh SW,28,Andhra Pradesh,503,CHITTOOR,CHITTOOR,-,-,Savitri,West flowing rivers from Tapi to Tadri,-,-,-,Savitri,13.18000000,79.21111111,25-11-2022 08:00,245.23,3.581,,2.243
611,NARASINGARAYANIPETA,Andhra Pradesh SW,28,Andhra Pradesh,503,CHITTOOR,CHITTOOR,-,-,Savitri,West flowing rivers from Tapi to Tadri,-,-,-,Savitri,13.18000000,79.21111111,26-11-2022 08:00,245.215,3.237,,1.97
612,NARASINGARAYANIPETA,Andhra Pradesh SW,28,Andhra Pradesh,503,CHITTOOR,CHITTOOR,-,-,Savitri,West flowing rivers from Tapi to Tadri,-,-,-,Savitri,13.18000000,79.21111111,27-11-2022 08:00,245.215,3.237,,1.97
613,NARASINGARAYANIPETA,Andhra Pradesh SW,28,Andhra Pradesh,503,CHITTOOR,CHITTOOR,-,-,Savitri,West flowing rivers from Tapi to Tadri,-,-,-,Savitri,13.18000000,79.21111111,28-11-2022 08:00,245.195,2.778,,1.569
614,NARASINGARAYANIPETA,Andhra Pradesh SW,28,Andhra Pradesh,503,CHITTOOR,CHITTOOR,-,-,Savitri,West flowing rivers from Tapi to Tadri,-,-,-,Savitri,13.18000000,79.21111111,29-11-2022 08:00,245.185,2.561,,1.391
615,NARASINGARAYANIPETA,Andhra Pradesh SW,28,Andhra Pradesh,503,CHITTOOR,CHITTOOR,-,-,Savitri,West flowing rivers from Tapi to Tadri,-,-,-,Savitri,13.18000000,79.21111111,30-11-2022 08:00,245.165,2.131,,1.058
616,NARASINGARAYANIPETA,Andhra Pradesh SW,28,Andhra Pradesh,503,CHITTOOR,CHITTOOR,-,-,Savitri,West flowing rivers from Tapi to Tadri,-,-,-,Savitri,13.18000000,79.21111111,01-12-2022 08:00,245.155,1.93,,0.912
617,NARASINGARAYANIPETA,Andhra Pradesh SW,28,Andhra Pradesh,503,CHITTOOR,CHITTOOR,-,-,Savitri,West flowing rivers from Tapi to Tadri,-,-,-,Savitri,13.18000000,79.21111111,02-12-2022 08:00,245.24,3.818,,2.419
618,NARASINGARAYANIPETA,Andhra Pradesh SW,28,Andhra Pradesh,503,CHITTOOR,CHITTOOR,-,-,Savitri,West flowing rivers from Tapi to Tadri,-,-,-,Savitri,13.18000000,79.21111111,03-12-2022 08:00,245.245,3.946,,2.518
619,NARASINGARAYANIPETA,Andhra Pradesh SW,28,Andhra Pradesh,503,CHITTOOR,CHITTOOR,-,-,Savitri,West flowing rivers from Tapi to Tadri,-,-,-,Savitri,13.18000000,79.21111111,04-12-2022 08:00,245.245,3.946,,2.518
620,NARASINGARAYANIPETA,Andhra Pradesh SW,28,Andhra Pradesh,503,CHITTOOR,CHITTOOR,-,-,Savitri,West flowing rivers from Tapi to Tadri,-,-,-,Savitri,13.18000000,79.21111111,05-12-2022 08:00,245.175,2.346,,1.222
621,NARASINGARAYANIPETA,Andhra Pradesh SW,28,Andhra Pradesh,503,CHITTOOR,CHITTOOR,-,-,Savitri,West flowing rivers from Tapi to Tadri,-,-,-,Savitri,13.18000000,79.21111111,06-12-2022 08:00,245.175,2.346,,1.222
622,NARASINGARAYANIPETA,Andhra Pradesh SW,28,Andhra Pradesh,503,CHITTOOR,CHITTOOR,-,-,Savitri,West flowing rivers from Tapi to Tadri,-,-,-,Savitri,13.18000000,79.21111111,07-12-2022 08:00,245.165,2.131,,1.058
623,NARASINGARAYANIPETA,Andhra Pradesh SW,28,Andhra Pradesh,503,CHITTOOR,CHITTOOR,-,-,Savitri,West flowing rivers from Tapi to Tadri,-,-,-,Savitri,13.18000000,79.21111111,08-12-2022 08:00,245.315,7.003,,5.49
624,NARASINGARAYANIPETA,Andhra Pradesh SW,28,Andhra Pradesh,503,CHITTOOR,CHITTOOR,-,-,Savitri,West flowing rivers from Tapi to Tadri,-,-,-,Savitri,13.18000000,79.21111111,09-12-2022 08:00,245.3,6.189,,4.73
625,NARASINGARAYANIPETA,Andhra Pradesh SW,28,Andhra Pradesh,503,CHITTOOR,CHITTOOR,-,-,Savitri,West flowing rivers from Tapi to Tadri,-,-,-,Savitri,13.18000000,79.21111111,10-12-2022 08:00,245.275,5.406,,3.874
626,NARASINGARAYANIPETA,Andhra Pradesh SW,28,Andhra Pradesh,503,CHITTOOR,CHITTOOR,-,-,Savitri,West flowing rivers from Tapi to Tadri,-,-,-,Savitri,13.18000000,79.21111111,11-12-2022 08:00,245.275,5.406,,3.874
627,NARASINGARAYANIPETA,Andhra Pradesh SW,28,Andhra Pradesh,503,CHITTOOR,CHITTOOR,-,-,Savitri,West flowing rivers from Tapi to Tadri,-,-,-,Savitri,13.18000000,79.21111111,12-12-2022 08:00,245.325,7.393,,5.941
628,NARASINGARAYANIPETA,Andhra Pradesh SW,28,Andhra Pradesh,503,CHITTOOR,CHITTOOR,-,-,Savitri,West flowing rivers from Tapi to Tadri,-,-,-,Savitri,13.18000000,79.21111111,13-12-2022 08:00,245.41,11.585,,11.312
629,NARASINGARAYANIPETA,Andhra Pradesh SW,28,Andhra Pradesh,503,CHITTOOR,CHITTOOR,-,-,Savitri,West flowing rivers from Tapi to Tadri,-,-,-,Savitri,13.18000000,79.21111111,14-12-2022 08:00,245.415,11.828,,11.692
630,NARASINGARAYANIPETA,Andhra Pradesh SW,28,Andhra Pradesh,503,CHITTOOR,CHITTOOR,-,-,Savitri,West flowing rivers from Tapi to Tadri,-,-,-,Savitri,13.18000000,79.21111111,15-12-2022 08:00,245.435,12.815,,13.281
631,NARASINGARAYANIPETA,Andhra Pradesh SW,28,Andhra Pradesh,503,CHITTOOR,CHITTOOR,-,-,Savitri,West flowing rivers from Tapi to Tadri,-,-,-,Savitri,13.18000000,79.21111111,16-12-2022 08:00,245.395,10.858,,10.202
632,NARASINGARAYANIPETA,Andhra Pradesh SW,28,Andhra Pradesh,503,CHITTOOR,CHITTOOR,-,-,Savitri,West flowing rivers from Tapi to Tadri,-,-,-,Savitri,13.18000000,79.21111111,17-12-2022 08:00,245.39,10.613,,9.837
633,NARASINGARAYANIPETA,Andhra Pradesh SW,28,Andhra Pradesh,503,CHITTOOR,CHITTOOR,-,-,Savitri,West flowing rivers from Tapi to Tadri,-,-,-,Savitri,13.18000000,79.21111111,18-12-2022 08:00,245.39,10.613,,9.837
634,NARASINGARAYANIPETA,Andhra Pradesh SW,28,Andhra Pradesh,503,CHITTOOR,CHITTOOR,-,-,Savitri,West flowing rivers from Tapi to Tadri,-,-,-,Savitri,13.18000000,79.21111111,19-12-2022 08:00,245.38,10.13,,9.131
635,NARASINGARAYANIPETA,Andhra Pradesh SW,28,Andhra Pradesh,503,CHITTOOR,CHITTOOR,-,-,Savitri,West flowing rivers from Tapi to Tadri,-,-,-,Savitri,13.18000000,79.21111111,20-12-2022 08:00,245.37,9.65,,8.448
636,NARASINGARAYANIPETA,Andhra Pradesh SW,28,Andhra Pradesh,503,CHITTOOR,CHITTOOR,-,-,Savitri,West flowing rivers from Tapi to Tadri,-,-,-,Savitri,13.18000000,79.21111111,21-12-2022 08:00,245.305,6.624,,5.044
637,NARASINGARAYANIPETA,Andhra Pradesh SW,28,Andhra Pradesh,503,CHITTOOR,CHITTOOR,-,-,Savitri,West flowing rivers from Tapi to Tadri,-,-,-,Savitri,13.18000000,79.21111111,22-12-2022 08:00,245.29,5.87,,4.375
638,NARASINGARAYANIPETA,Andhra Pradesh SW,28,Andhra Pradesh,503,CHITTOOR,CHITTOOR,-,-,Savitri,West flowing rivers from Tapi to Tadri,-,-,-,Savitri,13.18000000,79.21111111,23-12-2022 08:00,245.265,5.087,,3.537
639,NARASINGARAYANIPETA,Andhra Pradesh SW,28,Andhra Pradesh,503,CHITTOOR,CHITTOOR,-,-,Savitri,West flowing rivers from Tapi to Tadri,-,-,-,Savitri,13.18000000,79.21111111,24-12-2022 08:00,245.255,4.781,,3.224
640,NARASINGARAYANIPETA,Andhra Pradesh SW,28,Andhra Pradesh,503,CHITTOOR,CHITTOOR,-,-,Savitri,West flowing rivers from Tapi to Tadri,-,-,-,Savitri,13.18000000,79.21111111,25-12-2022 08:00,245.255,4.781,,3.224
641,NARASINGARAYANIPETA,Andhra Pradesh SW,28,Andhra Pradesh,503,CHITTOOR,CHITTOOR,-,-,Savitri,West flowing rivers from Tapi to Tadri,-,-,-,Savitri,13.18000000,79.21111111,26-12-2022 08:00,245.34,8.258,,6.719
642,NARASINGARAYANIPETA,Andhra Pradesh SW,28,Andhra Pradesh,503,CHITTOOR,CHITTOOR,-,-,Savitri,West flowing rivers from Tapi to Tadri,-,-,-,Savitri,13.18000000,79.21111111,27-12-2022 08:00,245.3,6.189,,4.73
643,NARASINGARAYANIPETA,Andhra Pradesh SW,28,Andhra Pradesh,503,CHITTOOR,CHITTOOR,-,-,Savitri,West flowing rivers from Tapi to Tadri,-,-,-,Savitri,13.18000000,79.21111111,28-12-2022 08:00,245.305,6.624,,5.044
644,NARASINGARAYANIPETA,Andhra Pradesh SW,28,Andhra Pradesh,503,CHITTOOR,CHITTOOR,-,-,Savitri,West flowing rivers from Tapi to Tadri,-,-,-,Savitri,13.18000000,79.21111111,29-12-2022 08:00,245.295,6.029,,4.551
645,NARASINGARAYANIPETA,Andhra Pradesh SW,28,Andhra Pradesh,503,CHITTOOR,CHITTOOR,-,-,Savitri,West flowing rivers from Tapi to Tadri,-,-,-,Savitri,13.18000000,79.21111111,30-12-2022 08:00,245.27,5.244,,3.702
646,NARASINGARAYANIPETA,Andhra Pradesh SW,28,Andhra Pradesh,503,CHITTOOR,CHITTOOR,-,-,Savitri,West flowing rivers from Tapi to Tadri,-,-,-,Savitri,13.18000000,79.21111111,31-12-2022 08:00,245.35,8.705,,7.258
647,NARASINGARAYANIPETA,Andhra Pradesh SW,28,Andhra Pradesh,503,CHITTOOR,CHITTOOR,-,-,Savitri,West flowing rivers from Tapi to Tadri,-,-,-,Savitri,13.18000000,79.21111111,01-01-2023 08:00,245.35,8.705,,7.258
648,NARASINGARAYANIPETA,Andhra Pradesh SW,28,Andhra Pradesh,503,CHITTOOR,CHITTOOR,-,-,Savitri,West flowing rivers from Tapi to Tadri,-,-,-,Savitri,13.18000000,79.21111111,02-01-2023 08:00,245.32,7.197,,5.724
649,NARASINGARAYANIPETA,Andhra Pradesh SW,28,Andhra Pradesh,503,CHITTOOR,CHITTOOR,-,-,Savitri,West flowing rivers from Tapi to Tadri,-,-,-,Savitri,13.18000000,79.21111111,03-01-2023 08:00,245.295,6.029,,4.551
650,NARASINGARAYANIPETA,Andhra Pradesh SW,28,Andhra Pradesh,503,CHITTOOR,CHITTOOR,-,-,Savitri,West flowing rivers from Tapi to Tadri,-,-,-,Savitri,13.18000000,79.21111111,04-01-2023 08:00,245.26,4.935,,3.381
651,NARASINGARAYANIPETA,Andhra Pradesh SW,28,Andhra Pradesh,503,CHITTOOR,CHITTOOR,-,-,Savitri,West flowing rivers from Tapi to Tadri,-,-,-,Savitri,13.18000000,79.21111111,05-01-2023 08:00,245.245,3.946,,2.518
652,NARASINGARAYANIPETA,Andhra Pradesh SW,28,Andhra Pradesh,503,CHITTOOR,CHITTOOR,-,-,Savitri,West flowing rivers from Tapi to Tadri,-,-,-,Savitri,13.18000000,79.21111111,06-01-2023 08:00,245.245,3.946,,2.518
653,NARASINGARAYANIPETA,Andhra Pradesh SW,28,Andhra Pradesh,503,CHITTOOR,CHITTOOR,-,-,Savitri,West flowing rivers from Tapi to Tadri,-,-,-,Savitri,13.18000000,79.21111111,07-01-2023 08:00,245.245,3.946,,2.518
654,NARASINGARAYANIPETA,Andhra Pradesh SW,28,Andhra Pradesh,503,CHITTOOR,CHITTOOR,-,-,Savitri,West flowing rivers from Tapi to Tadri,-,-,-,Savitri,13.18000000,79.21111111,08-01-2023 08:00,245.245,3.946,,2.518
655,NARASINGARAYANIPETA,Andhra Pradesh SW,28,Andhra Pradesh,503,CHITTOOR,CHITTOOR,-,-,Savitri,West flowing rivers from Tapi to Tadri,-,-,-,Savitri,13.18000000,79.21111111,09-01-2023 08:00,245.245,3.946,,2.518
656,NARASINGARAYANIPETA,Andhra Pradesh SW,28,Andhra Pradesh,503,CHITTOOR,CHITTOOR,-,-,Savitri,West flowing rivers from Tapi to Tadri,-,-,-,Savitri,13.18000000,79.21111111,10-01-2023 08:00,245.265,5.087,,3.537
657,NARASINGARAYANIPETA,Andhra Pradesh SW,28,Andhra Pradesh,503,CHITTOOR,CHITTOOR,-,-,Savitri,West flowing rivers from Tapi to Tadri,-,-,-,Savitri,13.18000000,79.21111111,11-01-2023 08:00,245.33,7.589,,6.161
658,NARASINGARAYANIPETA,Andhra Pradesh SW,28,Andhra Pradesh,503,CHITTOOR,CHITTOOR,-,-,Savitri,West flowing rivers from Tapi to Tadri,-,-,-,Savitri,13.18000000,79.21111111,12-01-2023 08:00,245.245,3.946,,2.518
659,NARASINGARAYANIPETA,Andhra Pradesh SW,28,Andhra Pradesh,503,CHITTOOR,CHITTOOR,-,-,Savitri,West flowing rivers from Tapi to Tadri,-,-,-,Savitri,13.18000000,79.21111111,13-01-2023 08:00,245.23,3.581,,2.243
660,NARASINGARAYANIPETA,Andhra Pradesh SW,28,Andhra Pradesh,503,CHITTOOR,CHITTOOR,-,-,Savitri,West flowing rivers from Tapi to Tadri,-,-,-,Savitri,13.18000000,79.21111111,14-01-2023 08:00,245.23,3.581,,2.243
661,NARASINGARAYANIPETA,Andhra Pradesh SW,28,Andhra Pradesh,503,CHITTOOR,CHITTOOR,-,-,Savitri,West flowing rivers from Tapi to Tadri,-,-,-,Savitri,13.18000000,79.21111111,15-01-2023 08:00,245.23,3.581,,2.243
662,NARASINGARAYANIPETA,Andhra Pradesh SW,28,Andhra Pradesh,503,CHITTOOR,CHITTOOR,-,-,Savitri,West flowing rivers from Tapi to Tadri,-,-,-,Savitri,13.18000000,79.21111111,16-01-2023 08:00,245.215,3.237,,1.97
663,NARASINGARAYANIPETA,Andhra Pradesh SW,28,Andhra Pradesh,503,CHITTOOR,CHITTOOR,-,-,Savitri,West flowing rivers from Tapi to Tadri,-,-,-,Savitri,13.18000000,79.21111111,17-01-2023 08:00,245.18,2.447,,1.3
664,NARASINGARAYANIPETA,Andhra Pradesh SW,28,Andhra Pradesh,503,CHITTOOR,CHITTOOR,-,-,Savitri,West flowing rivers from Tapi to Tadri,-,-,-,Savitri,13.18000000,79.21111111,18-01-2023 08:00,245.16,2.025,,0.98
665,NARASINGARAYANIPETA,Andhra Pradesh SW,28,Andhra Pradesh,503,CHITTOOR,CHITTOOR,-,-,Savitri,West flowing rivers from Tapi to Tadri,-,-,-,Savitri,13.18000000,79.21111111,19-01-2023 08:00,245.145,1.306,,0.526
666,NARASINGARAYANIPETA,Andhra Pradesh SW,28,Andhra Pradesh,503,CHITTOOR,CHITTOOR,-,-,Savitri,West flowing rivers from Tapi to Tadri,-,-,-,Savitri,13.18000000,79.21111111,20-01-2023 08:00,245.15,1.822,,0.836
667,NARASINGARAYANIPETA,Andhra Pradesh SW,28,Andhra Pradesh,503,CHITTOOR,CHITTOOR,-,-,Savitri,West flowing rivers from Tapi to Tadri,-,-,-,Savitri,13.18000000,79.21111111,21-01-2023 08:00,245.15,1.822,,0.836
668,NARASINGARAYANIPETA,Andhra Pradesh SW,28,Andhra Pradesh,503,CHITTOOR,CHITTOOR,-,-,Savitri,West flowing rivers from Tapi to Tadri,-,-,-,Savitri,13.18000000,79.21111111,22-01-2023 08:00,245.15,1.822,,0.836
669,NARASINGARAYANIPETA,Andhra Pradesh SW,28,Andhra Pradesh,503,CHITTOOR,CHITTOOR,-,-,Savitri,West flowing rivers from Tapi to Tadri,-,-,-,Savitri,13.18000000,79.21111111,23-01-2023 08:00,245.26,4.935,,3.381
670,NARASINGARAYANIPETA,Andhra Pradesh SW,28,Andhra Pradesh,503,CHITTOOR,CHITTOOR,-,-,Savitri,West flowing rivers from Tapi to Tadri,-,-,-,Savitri,13.18000000,79.21111111,24-01-2023 08:00,245.265,5.087,,3.537
671,NARASINGARAYANIPETA,Andhra Pradesh SW,28,Andhra Pradesh,503,CHITTOOR,CHITTOOR,-,-,Savitri,West flowing rivers from Tapi to Tadri,-,-,-,Savitri,13.18000000,79.21111111,25-01-2023 08:00,245.26,4.935,,3.381
672,NARASINGARAYANIPETA,Andhra Pradesh SW,28,Andhra Pradesh,503,CHITTOOR,CHITTOOR,-,-,Savitri,West flowing rivers from Tapi to Tadri,-,-,-,Savitri,13.18000000,79.21111111,26-01-2023 08:00,245.26,4.935,,3.381
673,NARASINGARAYANIPETA,Andhra Pradesh SW,28,Andhra Pradesh,503,CHITTOOR,CHITTOOR,-,-,Savitri,West flowing rivers from Tapi to Tadri,-,-,-,Savitri,13.18000000,79.21111111,27-01-2023 08:00,245.165,2.131,,1.058
674,NARASINGARAYANIPETA,Andhra Pradesh SW,28,Andhra Pradesh,503,CHITTOOR,CHITTOOR,-,-,Savitri,West flowing rivers from Tapi to Tadri,-,-,-,Savitri,13.18000000,79.21111111,28-01-2023 08:00,245.145,1.306,,0.526
675,NARASINGARAYANIPETA,Andhra Pradesh SW,28,Andhra Pradesh,503,CHITTOOR,CHITTOOR,-,-,Savitri,West flowing rivers from Tapi to Tadri,-,-,-,Savitri,13.18000000,79.21111111,29-01-2023 08:00,245.145,1.306,,0.526
676,NARASINGARAYANIPETA,Andhra Pradesh SW,28,Andhra Pradesh,503,CHITTOOR,CHITTOOR,-,-,Savitri,West flowing rivers from Tapi to Tadri,-,-,-,Savitri,13.18000000,79.21111111,30-01-2023 08:00,245.15,1.822,,0.836
677,NARASINGARAYANIPETA,Andhra Pradesh SW,28,Andhra Pradesh,503,CHITTOOR,CHITTOOR,-,-,Savitri,West flowing rivers from Tapi to Tadri,-,-,-,Savitri,13.18000000,79.21111111,31-01-2023 08:00,245.22,3.346,,2.069
678,NARASINGARAYANIPETA,Andhra Pradesh SW,28,Andhra Pradesh,503,CHITTOOR,CHITTOOR,-,-,Savitri,West flowing rivers from Tapi to Tadri,-,-,-,Savitri,13.18000000,79.21111111,01-02-2023 08:00,245.245,3.946,,2.518
679,NARASINGARAYANIPETA,Andhra Pradesh SW,28,Andhra Pradesh,503,CHITTOOR,CHITTOOR,-,-,Savitri,West flowing rivers from Tapi to Tadri,-,-,-,Savitri,13.18000000,79.21111111,02-02-2023 08:00,245.24,3.818,,2.419
680,NARASINGARAYANIPETA,Andhra Pradesh SW,28,Andhra Pradesh,503,CHITTOOR,CHITTOOR,-,-,Savitri,West flowing rivers from Tapi to Tadri,-,-,-,Savitri,13.18000000,79.21111111,03-02-2023 08:00,245.175,2.346,,1.222
681,NARASINGARAYANIPETA,Andhra Pradesh SW,28,Andhra Pradesh,503,CHITTOOR,CHITTOOR,-,-,Savitri,West flowing rivers from Tapi to Tadri,-,-,-,Savitri,13.18000000,79.21111111,04-02-2023 08:00,245.165,2.131,,1.058
682,NARASINGARAYANIPETA,Andhra Pradesh SW,28,Andhra Pradesh,503,CHITTOOR,CHITTOOR,-,-,Savitri,West flowing rivers from Tapi to Tadri,-,-,-,Savitri,13.18000000,79.21111111,05-02-2023 08:00,245.165,2.131,,1.058
683,NARASINGARAYANIPETA,Andhra Pradesh SW,28,Andhra Pradesh,503,CHITTOOR,CHITTOOR,-,-,Savitri,West flowing rivers from Tapi to Tadri,-,-,-,Savitri,13.18000000,79.21111111,06-02-2023 08:00,245.165,1.93,,0.912
684,NARASINGARAYANIPETA,Andhra Pradesh SW,28,Andhra Pradesh,503,CHITTOOR,CHITTOOR,-,-,Savitri,West flowing rivers from Tapi to Tadri,-,-,-,Savitri,13.18000000,79.21111111,07-02-2023 08:00,245.15,1.822,,0.836
685,NARASINGARAYANIPETA,Andhra Pradesh SW,28,Andhra Pradesh,503,CHITTOOR,CHITTOOR,-,-,Savitri,West flowing rivers from Tapi to Tadri,-,-,-,Savitri,13.18000000,79.21111111,08-02-2023 08:00,245.15,1.822,,0.836
686,NARASINGARAYANIPETA,Andhra Pradesh SW,28,Andhra Pradesh,503,CHITTOOR,CHITTOOR,-,-,Savitri,West flowing rivers from Tapi to Tadri,-,-,-,Savitri,13.18000000,79.21111111,09-02-2023 08:00,245.145,1.306,,0.526
687,NARASINGARAYANIPETA,Andhra Pradesh SW,28,Andhra Pradesh,503,CHITTOOR,CHITTOOR,-,-,Savitri,West flowing rivers from Tapi to Tadri,-,-,-,Savitri,13.18000000,79.21111111,10-02-2023 08:00,245.145,1.306,,0.526
688,NARASINGARAYANIPETA,Andhra Pradesh SW,28,Andhra Pradesh,503,CHITTOOR,CHITTOOR,-,-,Savitri,West flowing rivers from Tapi to Tadri,-,-,-,Savitri,13.18000000,79.21111111,11-02-2023 08:00,245.15,1.822,,0.836
689,NARASINGARAYANIPETA,Andhra Pradesh SW,28,Andhra Pradesh,503,CHITTOOR,CHITTOOR,-,-,Savitri,West flowing rivers from Tapi to Tadri,-,-,-,Savitri,13.18000000,79.21111111,12-02-2023 08:00,245.15,1.822,,0.836
690,NARASINGARAYANIPETA,Andhra Pradesh SW,28,Andhra Pradesh,503,CHITTOOR,CHITTOOR,-,-,Savitri,West flowing rivers from Tapi to Tadri,-,-,-,Savitri,13.18000000,79.21111111,13-02-2023 08:00,245.135,1.167,,0.449
691,NARASINGARAYANIPETA,Andhra Pradesh SW,28,Andhra Pradesh,503,CHITTOOR,CHITTOOR,-,-,Savitri,West flowing rivers from Tapi to Tadri,-,-,-,Savitri,13.18000000,79.21111111,14-02-2023 08:00,245.115,0.918,,0.324
692,NARASINGARAYANIPETA,Andhra Pradesh SW,28,Andhra Pradesh,503,CHITTOOR,CHITTOOR,-,-,Savitri,West flowing rivers from Tapi to Tadri,-,-,-,Savitri,13.18000000,79.21111111,15-02-2023 08:00,245.115,0.918,,0.324
693,NARASINGARAYANIPETA,Andhra Pradesh SW,28,Andhra Pradesh,503,CHITTOOR,CHITTOOR,-,-,Savitri,West flowing rivers from Tapi to Tadri,-,-,-,Savitri,13.18000000,79.21111111,16-02-2023 08:00,245.09,0.65,,0.212
694,NARASINGARAYANIPETA,Andhra Pradesh SW,28,Andhra Pradesh,503,CHITTOOR,CHITTOOR,-,-,Savitri,West flowing rivers from Tapi to Tadri,-,-,-,Savitri,13.18000000,79.21111111,17-02-2023 08:00,245.065,0.448,,0.135
695,NARASINGARAYANIPETA,Andhra Pradesh SW,28,Andhra Pradesh,503,CHITTOOR,CHITTOOR,-,-,Savitri,West flowing rivers from Tapi to Tadri,-,-,-,Savitri,13.18000000,79.21111111,18-02-2023 08:00,245.06,0.417,,0.124
696,NARASINGARAYANIPETA,Andhra Pradesh SW,28,Andhra Pradesh,503,CHITTOOR,CHITTOOR,-,-,Savitri,West flowing rivers from Tapi to Tadri,-,-,-,Savitri,13.18000000,79.21111111,19-02-2023 08:00,245.06,0.417,,0.124
697,NARASINGARAYANIPETA,Andhra Pradesh SW,28,Andhra Pradesh,503,CHITTOOR,CHITTOOR,-,-,Savitri,West flowing rivers from Tapi to Tadri,-,-,-,Savitri,13.18000000,79.21111111,20-02-2023 08:00,245.06,0.417,,0.124
698,NARASINGARAYANIPETA,Andhra Pradesh SW,28,Andhra Pradesh,503,CHITTOOR,CHITTOOR,-,-,Savitri,West flowing rivers from Tapi to Tadri,-,-,-,Savitri,13.18000000,79.21111111,21-02-2023 08:00,245.06,0.417,,0.124
699,NARASINGARAYANIPETA,Andhra Pradesh SW,28,Andhra Pradesh,503,CHITTOOR,CHITTOOR,-,-,Savitri,West flowing rivers from Tapi to Tadri,-,-,-,Savitri,13.18000000,79.21111111,12-10-2023 08:00,245.2,2.888,,1.661
700,NARASINGARAYANIPETA,Andhra Pradesh SW,28,Andhra Pradesh,503,CHITTOOR,CHITTOOR,-,-,Savitri,West flowing rivers from Tapi to Tadri,-,-,-,Savitri,13.18000000,79.21111111,13-10-2023 08:00,245.19,2.664,,1.474
701,NARASINGARAYANIPETA,Andhra Pradesh SW,28,Andhra Pradesh,503,CHITTOOR,CHITTOOR,-,-,Savitri,West flowing rivers from Tapi to Tadri,-,-,-,Savitri,13.18000000,79.21111111,14-10-2023 08:00,245.155,1.93,,0.912
702,NARASINGARAYANIPETA,Andhra Pradesh SW,28,Andhra Pradesh,503,CHITTOOR,CHITTOOR,-,-,Savitri,West flowing rivers from Tapi to Tadri,-,-,-,Savitri,13.18000000,79.21111111,15-10-2023 08:00,245.155,1.93,,0.912
703,NARASINGARAYANIPETA,Andhra Pradesh SW,28,Andhra Pradesh,503,CHITTOOR,CHITTOOR,-,-,Savitri,West flowing rivers from Tapi to Tadri,-,-,-,Savitri,13.18000000,79.21111111,16-10-2023 08:00,245.15,1.822,,0.836
704,NARASINGARAYANIPETA,Andhra Pradesh SW,28,Andhra Pradesh,503,CHITTOOR,CHITTOOR,-,-,Savitri,West flowing rivers from Tapi to Tadri,-,-,-,Savitri,13.18000000,79.21111111,17-10-2023 08:00,245.15,1.822,,0.836
705,NARASINGARAYANIPETA,Andhra Pradesh SW,28,Andhra Pradesh,503,CHITTOOR,CHITTOOR,-,-,Savitri,West flowing rivers from Tapi to Tadri,-,-,-,Savitri,13.18000000,79.21111111,18-10-2023 08:00,245.15,1.822,,0.836
706,NARASINGARAYANIPETA,Andhra Pradesh SW,28,Andhra Pradesh,503,CHITTOOR,CHITTOOR,-,-,Savitri,West flowing rivers from Tapi to Tadri,-,-,-,Savitri,13.18000000,79.21111111,19-10-2023 08:00,245.145,1.306,,0.526
707,NARASINGARAYANIPETA,Andhra Pradesh SW,28,Andhra Pradesh,503,CHITTOOR,CHITTOOR,-,-,Savitri,West flowing rivers from Tapi to Tadri,-,-,-,Savitri,13.18000000,79.21111111,20-10-2023 08:00,245.145,1.306,,0.526
708,NARASINGARAYANIPETA,Andhra Pradesh SW,28,Andhra Pradesh,503,CHITTOOR,CHITTOOR,-,-,Savitri,West flowing rivers from Tapi to Tadri,-,-,-,Savitri,13.18000000,79.21111111,21-10-2023 08:00,245.145,1.306,,0.526
709,NARASINGARAYANIPETA,Andhra Pradesh SW,28,Andhra Pradesh,503,CHITTOOR,CHITTOOR,-,-,Savitri,West flowing rivers from Tapi to Tadri,-,-,-,Savitri,13.18000000,79.21111111,22-10-2023 08:00,245.145,1.306,,0.526
710,NARASINGARAYANIPETA,Andhra Pradesh SW,28,Andhra Pradesh,503,CHITTOOR,CHITTOOR,-,-,Savitri,West flowing rivers from Tapi to Tadri,-,-,-,Savitri,13.18000000,79.21111111,23-10-2023 08:00,245.12,0.975,,0.349
711,NARASINGARAYANIPETA,Andhra Pradesh SW,28,Andhra Pradesh,503,CHITTOOR,CHITTOOR,-,-,Savitri,West flowing rivers from Tapi to Tadri,-,-,-,Savitri,13.18000000,79.21111111,24-10-2023 08:00,245.12,0.975,,0.349
712,NARASINGARAYANIPETA,Andhra Pradesh SW,28,Andhra Pradesh,503,CHITTOOR,CHITTOOR,-,-,Savitri,West flowing rivers from Tapi to Tadri,-,-,-,Savitri,13.18000000,79.21111111,25-10-2023 08:00,245.11,0.855,,0.296
713,NARASINGARAYANIPETA,Andhra Pradesh SW,28,Andhra Pradesh,503,CHITTOOR,CHITTOOR,-,-,Savitri,West flowing rivers from Tapi to Tadri,-,-,-,Savitri,13.18000000,79.21111111,26-10-2023 08:00,245.095,0.696,,0.23
714,NARASINGARAYANIPETA,Andhra Pradesh SW,28,Andhra Pradesh,503,CHITTOOR,CHITTOOR,-,-,Savitri,West flowing rivers from Tapi to Tadri,-,-,-,Savitri,13.18000000,79.21111111,27-10-2023 08:00,245.055,0.387,,0.113
715,NARASINGARAYANIPETA,Andhra Pradesh SW,28,Andhra Pradesh,503,CHITTOOR,CHITTOOR,-,-,Savitri,West flowing rivers from Tapi to Tadri,-,-,-,Savitri,13.18000000,79.21111111,28-10-2023 08:00,245.05,0.27,,0.079
716,NARASINGARAYANIPETA,Andhra Pradesh SW,28,Andhra Pradesh,503,CHITTOOR,CHITTOOR,-,-,Savitri,West flowing rivers from Tapi to Tadri,-,-,-,Savitri,13.18000000,79.21111111,29-10-2023 08:00,245.05,0.27,,0.079
717,NARASINGARAYANIPETA,Andhra Pradesh SW,28,Andhra Pradesh,503,CHITTOOR,CHITTOOR,-,-,Savitri,West flowing rivers from Tapi to Tadri,-,-,-,Savitri,13.18000000,79.21111111,30-10-2023 08:00,245.05,0.27,,0.079
718,NARASINGARAYANIPETA,Andhra Pradesh SW,28,Andhra Pradesh,503,CHITTOOR,CHITTOOR,-,-,Savitri,West flowing rivers from Tapi to Tadri,-,-,-,Savitri,13.18000000,79.21111111,31-10-2023 08:00,245.05,0.27,,0.079
719,NARASINGARAYANIPETA,Andhra Pradesh SW,28,Andhra Pradesh,503,CHITTOOR,CHITTOOR,-,-,Savitri,West flowing rivers from Tapi to Tadri,-,-,-,Savitri,13.18000000,79.21111111,04-12-2023 08:00,245.36,9.173,,7.841
720,NARASINGARAYANIPETA,Andhra Pradesh SW,28,Andhra Pradesh,503,CHITTOOR,CHITTOOR,-,-,Savitri,West flowing rivers from Tapi to Tadri,-,-,-,Savitri,13.18000000,79.21111111,05-12-2023 08:00,245.365,9.41,,8.141
721,NARASINGARAYANIPETA,Andhra Pradesh SW,28,Andhra Pradesh,503,CHITTOOR,CHITTOOR,-,-,Savitri,West flowing rivers from Tapi to Tadri,-,-,-,Savitri,13.18000000,79.21111111,06-12-2023 08:00,245.355,8.936,,7.544
722,NARASINGARAYANIPETA,Andhra Pradesh SW,28,Andhra Pradesh,503,CHITTOOR,CHITTOOR,-,-,Savitri,West flowing rivers from Tapi to Tadri,-,-,-,Savitri,13.18000000,79.21111111,07-12-2023 08:00,245.325,7.393,,5.941
723,NARASINGARAYANIPETA,Andhra Pradesh SW,28,Andhra Pradesh,503,CHITTOOR,CHITTOOR,-,-,Savitri,West flowing rivers from Tapi to Tadri,-,-,-,Savitri,13.18000000,79.21111111,08-12-2023 08:00,245.295,6.029,,4.551
724,NARASINGARAYANIPETA,Andhra Pradesh SW,28,Andhra Pradesh,503,CHITTOOR,CHITTOOR,-,-,Savitri,West flowing rivers from Tapi to Tadri,-,-,-,Savitri,13.18000000,79.21111111,09-12-2023 08:00,245.27,5.244,,3.702
725,NARASINGARAYANIPETA,Andhra Pradesh SW,28,Andhra Pradesh,503,CHITTOOR,CHITTOOR,-,-,Savitri,West flowing rivers from Tapi to Tadri,-,-,-,Savitri,13.18000000,79.21111111,10-12-2023 08:00,245.27,5.244,,3.702
726,NARASINGARAYANIPETA,Andhra Pradesh SW,28,Andhra Pradesh,503,CHITTOOR,CHITTOOR,-,-,Savitri,West flowing rivers from Tapi to Tadri,-,-,-,Savitri,13.18000000,79.21111111,11-12-2023 08:00,245.255,4.781,,3.224
727,NARASINGARAYANIPETA,Andhra Pradesh SW,28,Andhra Pradesh,503,CHITTOOR,CHITTOOR,-,-,Savitri,West flowing rivers from Tapi to Tadri,-,-,-,Savitri,13.18000000,79.21111111,12-12-2023 08:00,245.205,3.007,,1.765
728,NARASINGARAYANIPETA,Andhra Pradesh SW,28,Andhra Pradesh,503,CHITTOOR,CHITTOOR,-,-,Savitri,West flowing rivers from Tapi to Tadri,-,-,-,Savitri,13.18000000,79.21111111,13-12-2023 08:00,245.205,3.007,,1.765
729,NARASINGARAYANIPETA,Andhra Pradesh SW,28,Andhra Pradesh,503,CHITTOOR,CHITTOOR,-,-,Savitri,West flowing rivers from Tapi to Tadri,-,-,-,Savitri,13.18000000,79.21111111,14-12-2023 08:00,245.21,3.115,,1.86
730,NARASINGARAYANIPETA,Andhra Pradesh SW,28,Andhra Pradesh,503,CHITTOOR,CHITTOOR,-,-,Savitri,West flowing rivers from Tapi to Tadri,-,-,-,Savitri,13.18000000,79.21111111,15-12-2023 08:00,245.2,2.888,,1.661
731,NARASINGARAYANIPETA,Andhra Pradesh SW,28,Andhra Pradesh,503,CHITTOOR,CHITTOOR,-,-,Savitri,West flowing rivers from Tapi to Tadri,-,-,-,Savitri,13.18000000,79.21111111,16-12-2023 08:00,245.195,2.778,,1.569
732,NARASINGARAYANIPETA,Andhra Pradesh SW,28,Andhra Pradesh,503,CHITTOOR,CHITTOOR,-,-,Savitri,West flowing rivers from Tapi to Tadri,-,-,-,Savitri,13.18000000,79.21111111,17-12-2023 08:00,245.195,2.778,,1.569
733,NARASINGARAYANIPETA,Andhra Pradesh SW,28,Andhra Pradesh,503,CHITTOOR,CHITTOOR,-,-,Savitri,West flowing rivers from Tapi to Tadri,-,-,-,Savitri,13.18000000,79.21111111,18-12-2023 08:00,245.19,2.664,,1.474
734,NARASINGARAYANIPETA,Andhra Pradesh SW,28,Andhra Pradesh,503,CHITTOOR,CHITTOOR,-,-,Savitri,West flowing rivers from Tapi to Tadri,-,-,-,Savitri,13.18000000,79.21111111,19-12-2023 08:00,245.18,2.447,,1.3
735,NARASINGARAYANIPETA,Andhra Pradesh SW,28,Andhra Pradesh,503,CHITTOOR,CHITTOOR,-,-,Savitri,West flowing rivers from Tapi to Tadri,-,-,-,Savitri,13.18000000,79.21111111,20-12-2023 08:00,245.175,2.346,,1.222
736,NARASINGARAYANIPETA,Andhra Pradesh SW,28,Andhra Pradesh,503,CHITTOOR,CHITTOOR,-,-,Savitri,West flowing rivers from Tapi to Tadri,-,-,-,Savitri,13.18000000,79.21111111,21-12-2023 08:00,245.165,2.131,,1.058
737,NARASINGARAYANIPETA,Andhra Pradesh SW,28,Andhra Pradesh,503,CHITTOOR,CHITTOOR,-,-,Savitri,West flowing rivers from Tapi to Tadri,-,-,-,Savitri,13.18000000,79.21111111,22-12-2023 08:00,245.155,1.93,,0.912
738,NARASINGARAYANIPETA,Andhra Pradesh SW,28,Andhra Pradesh,503,CHITTOOR,CHITTOOR,-,-,Savitri,West flowing rivers from Tapi to Tadri,-,-,-,Savitri,13.18000000,79.21111111,23-12-2023 08:00,245.15,1.822,,0.836
739,NARASINGARAYANIPETA,Andhra Pradesh SW,28,Andhra Pradesh,503,CHITTOOR,CHITTOOR,-,-,Savitri,West flowing rivers from Tapi to Tadri,-,-,-,Savitri,13.18000000,79.21111111,24-12-2023 08:00,245.15,1.822,,0.836
740,NARASINGARAYANIPETA,Andhra Pradesh SW,28,Andhra Pradesh,503,CHITTOOR,CHITTOOR,-,-,Savitri,West flowing rivers from Tapi to Tadri,-,-,-,Savitri,13.18000000,79.21111111,25-12-2023 08:00,245.15,1.822,,0.836
741,NARASINGARAYANIPETA,Andhra Pradesh SW,28,Andhra Pradesh,503,CHITTOOR,CHITTOOR,-,-,Savitri,West flowing rivers from Tapi to Tadri,-,-,-,Savitri,13.18000000,79.21111111,26-12-2023 08:00,245.15,1.822,,0.836
742,NARASINGARAYANIPETA,Andhra Pradesh SW,28,Andhra Pradesh,503,CHITTOOR,CHITTOOR,-,-,Savitri,West flowing rivers from Tapi to Tadri,-,-,-,Savitri,13.18000000,79.21111111,27-12-2023 08:00,245.15,1.822,,0.836
743,NARASINGARAYANIPETA,Andhra Pradesh SW,28,Andhra Pradesh,503,CHITTOOR,CHITTOOR,-,-,Savitri,West flowing rivers from Tapi to Tadri,-,-,-,Savitri,13.18000000,79.21111111,28-12-2023 08:00,245.15,1.822,,0.836
744,NARASINGARAYANIPETA,Andhra Pradesh SW,28,Andhra Pradesh,503,CHITTOOR,CHITTOOR,-,-,Savitri,West flowing rivers from Tapi to Tadri,-,-,-,Savitri,13.18000000,79.21111111,29-12-2023 08:00,245.15,1.822,,0.836
745,NARASINGARAYANIPETA,Andhra Pradesh SW,28,Andhra Pradesh,503,CHITTOOR,CHITTOOR,-,-,Savitri,West flowing rivers from Tapi to Tadri,-,-,-,Savitri,13.18000000,79.21111111,30-12-2023 08:00,245.15,1.822,,0.836
746,NARASINGARAYANIPETA,Andhra Pradesh SW,28,Andhra Pradesh,503,CHITTOOR,CHITTOOR,-,-,Savitri,West flowing rivers from Tapi to Tadri,-,-,-,Savitri,13.18000000,79.21111111,31-12-2023 08:00,245.15,1.822,,0.836
747,NARASINGARAYANIPETA,Andhra Pradesh SW,28,Andhra Pradesh,503,CHITTOOR,CHITTOOR,-,-,Savitri,West flowing rivers from Tapi to Tadri,-,-,-,Savitri,13.18000000,79.21111111,01-01-2024 08:00,245.15,1.822,,0.836
748,NARASINGARAYANIPETA,Andhra Pradesh SW,28,Andhra Pradesh,503,CHITTOOR,CHITTOOR,-,-,Savitri,West flowing rivers from Tapi to Tadri,-,-,-,Savitri,13.18000000,79.21111111,02-01-2024 08:00,245.145,1.306,,0.526
749,NARASINGARAYANIPETA,Andhra Pradesh SW,28,Andhra Pradesh,503,CHITTOOR,CHITTOOR,-,-,Savitri,West flowing rivers from Tapi to Tadri,-,-,-,Savitri,13.18000000,79.21111111,03-01-2024 08:00,245.14,1.235,,0.486
750,NARASINGARAYANIPETA,Andhra Pradesh SW,28,Andhra Pradesh,503,CHITTOOR,CHITTOOR,-,-,Savitri,West flowing rivers from Tapi to Tadri,-,-,-,Savitri,13.18000000,79.21111111,04-01-2024 08:00,245.14,1.235,,0.486
751,NARASINGARAYANIPETA,Andhra Pradesh SW,28,Andhra Pradesh,503,CHITTOOR,CHITTOOR,-,-,Savitri,West flowing rivers from Tapi to Tadri,-,-,-,Savitri,13.18000000,79.21111111,05-01-2024 08:00,245.13,1.102,,0.415
752,NARASINGARAYANIPETA,Andhra Pradesh SW,28,Andhra Pradesh,503,CHITTOOR,CHITTOOR,-,-,Savitri,West flowing rivers from Tapi to Tadri,-,-,-,Savitri,13.18000000,79.21111111,06-01-2024 08:00,245.115,0.918,,0.324
753,NARASINGARAYANIPETA,Andhra Pradesh SW,28,Andhra Pradesh,503,CHITTOOR,CHITTOOR,-,-,Savitri,West flowing rivers from Tapi to Tadri,-,-,-,Savitri,13.18000000,79.21111111,07-01-2024 08:00,245.115,0.918,,0.324
754,NARASINGARAYANIPETA,Andhra Pradesh SW,28,Andhra Pradesh,503,CHITTOOR,CHITTOOR,-,-,Savitri,West flowing rivers from Tapi to Tadri,-,-,-,Savitri,13.18000000,79.21111111,08-01-2024 08:00,245.125,1.041,,0.383
755,NARASINGARAYANIPETA,Andhra Pradesh SW,28,Andhra Pradesh,503,CHITTOOR,CHITTOOR,-,-,Savitri,West flowing rivers from Tapi to Tadri,-,-,-,Savitri,13.18000000,79.21111111,09-01-2024 08:00,245.135,1.167,,0.449
756,NARASINGARAYANIPETA,Andhra Pradesh SW,28,Andhra Pradesh,503,CHITTOOR,CHITTOOR,-,-,Savitri,West flowing rivers from Tapi to Tadri,-,-,-,Savitri,13.18000000,79.21111111,10-01-2024 08:00,245.145,1.306,,0.526
757,NARASINGARAYANIPETA,Andhra Pradesh SW,28,Andhra Pradesh,503,CHITTOOR,CHITTOOR,-,-,Savitri,West flowing rivers from Tapi to Tadri,-,-,-,Savitri,13.18000000,79.21111111,11-01-2024 08:00,245.15,1.822,,0.836
758,NARASINGARAYANIPETA,Andhra Pradesh SW,28,Andhra Pradesh,503,CHITTOOR,CHITTOOR,-,-,Savitri,West flowing rivers from Tapi to Tadri,-,-,-,Savitri,13.18000000,79.21111111,12-01-2024 08:00,245.15,1.822,,0.836
759,NARASINGARAYANIPETA,Andhra Pradesh SW,28,Andhra Pradesh,503,CHITTOOR,CHITTOOR,-,-,Savitri,West flowing rivers from Tapi to Tadri,-,-,-,Savitri,13.18000000,79.21111111,13-01-2024 08:00,245.15,1.822,,0.836
760,NARASINGARAYANIPETA,Andhra Pradesh SW,28,Andhra Pradesh,503,CHITTOOR,CHITTOOR,-,-,Savitri,West flowing rivers from Tapi to Tadri,-,-,-,Savitri,13.18000000,79.21111111,14-01-2024 08:00,245.15,1.822,,0.836
761,NARASINGARAYANIPETA,Andhra Pradesh SW,28,Andhra Pradesh,503,CHITTOOR,CHITTOOR,-,-,Savitri,West flowing rivers from Tapi to Tadri,-,-,-,Savitri,13.18000000,79.21111111,15-01-2024 08:00,245.15,1.822,,0.836
762,NARASINGARAYANIPETA,Andhra Pradesh SW,28,Andhra Pradesh,503,CHITTOOR,CHITTOOR,-,-,Savitri,West flowing rivers from Tapi to Tadri,-,-,-,Savitri,13.18000000,79.21111111,16-01-2024 08:00,245.15,1.822,,0.836
763,NARASINGARAYANIPETA,Andhra Pradesh SW,28,Andhra Pradesh,503,CHITTOOR,CHITTOOR,-,-,Savitri,West flowing rivers from Tapi to Tadri,-,-,-,Savitri,13.18000000,79.21111111,17-01-2024 08:00,245.15,1.822,,0.836
764,NARASINGARAYANIPETA,Andhra Pradesh SW,28,Andhra Pradesh,503,CHITTOOR,CHITTOOR,-,-,Savitri,West flowing rivers from Tapi to Tadri,-,-,-,Savitri,13.18000000,79.21111111,18-01-2024 08:00,245.15,1.822,,0.836
765,NARASINGARAYANIPETA,Andhra Pradesh SW,28,Andhra Pradesh,503,CHITTOOR,CHITTOOR,-,-,Savitri,West flowing rivers from Tapi to Tadri,-,-,-,Savitri,13.18000000,79.21111111,19-01-2024 08:00,245.145,1.306,,0.526
766,NARASINGARAYANIPETA,Andhra Pradesh SW,28,Andhra Pradesh,503,CHITTOOR,CHITTOOR,-,-,Savitri,West flowing rivers from Tapi to Tadri,-,-,-,Savitri,13.18000000,79.21111111,20-01-2024 08:00,245.145,1.306,,0.526
767,NARASINGARAYANIPETA,Andhra Pradesh SW,28,Andhra Pradesh,503,CHITTOOR,CHITTOOR,-,-,Savitri,West flowing rivers from Tapi to Tadri,-,-,-,Savitri,13.18000000,79.21111111,21-01-2024 08:00,245.145,1.306,,0.526
768,NARASINGARAYANIPETA,Andhra Pradesh SW,28,Andhra Pradesh,503,CHITTOOR,CHITTOOR,-,-,Savitri,West flowing rivers from Tapi to Tadri,-,-,-,Savitri,13.18000000,79.21111111,22-01-2024 08:00,245.145,1.306,,0.526
769,NARASINGARAYANIPETA,Andhra Pradesh SW,28,Andhra Pradesh,503,CHITTOOR,CHITTOOR,-,-,Savitri,West flowing rivers from Tapi to Tadri,-,-,-,Savitri,13.18000000,79.21111111,23-01-2024 08:00,245.14,1.235,,0.486
770,NARASINGARAYANIPETA,Andhra Pradesh SW,28,Andhra Pradesh,503,CHITTOOR,CHITTOOR,-,-,Savitri,West flowing rivers from Tapi to Tadri,-,-,-,Savitri,13.18000000,79.21111111,24-01-2024 08:00,245.105,0.798,,0.272
771,NARASINGARAYANIPETA,Andhra Pradesh SW,28,Andhra Pradesh,503,CHITTOOR,CHITTOOR,-,-,Savitri,West flowing rivers from Tapi to Tadri,-,-,-,Savitri,13.18000000,79.21111111,25-01-2024 08:00,245.055,0.387,,0.113
772,NARASINGARAYANIPETA,Andhra Pradesh SW,28,Andhra Pradesh,503,CHITTOOR,CHITTOOR,-,-,Savitri,West flowing rivers from Tapi to Tadri,-,-,-,Savitri,13.18000000,79.21111111,26-01-2024 08:00,245.055,0.387,,0.113
773,NARASINGARAYANIPETA,Andhra Pradesh SW,28,Andhra Pradesh,503,CHITTOOR,CHITTOOR,-,-,Savitri,West flowing rivers from Tapi to Tadri,-,-,-,Savitri,13.18000000,79.21111111,27-01-2024 08:00,245.055,0.387,,0.113
774,NARASINGARAYANIPETA,Andhra Pradesh SW,28,Andhra Pradesh,503,CHITTOOR,CHITTOOR,-,-,Savitri,West flowing rivers from Tapi to Tadri,-,-,-,Savitri,13.18000000,79.21111111,28-01-2024 08:00,245.055,0.387,,0.113
775,NARASINGARAYANIPETA,Andhra Pradesh SW,28,Andhra Pradesh,503,CHITTOOR,CHITTOOR,-,-,Savitri,West flowing rivers from Tapi to Tadri,-,-,-,Savitri,13.18000000,79.21111111,29-01-2024 08:00,245.055,0.387,,0.113
776,NARASINGARAYANIPETA,Andhra Pradesh SW,28,Andhra Pradesh,503,CHITTOOR,CHITTOOR,-,-,Savitri,West flowing rivers from Tapi to Tadri,-,-,-,Savitri,13.18000000,79.21111111,30-01-2024 08:00,245.055,0.387,,0.113
777,NARASINGARAYANIPETA,Andhra Pradesh SW,28,Andhra Pradesh,503,CHITTOOR,CHITTOOR,-,-,Savitri,West flowing rivers from Tapi to Tadri,-,-,-,Savitri,13.18000000,79.21111111,31-01-2024 08:00,245.055,0.387,,0.113
778,NARASINGARAYANIPETA,Andhra Pradesh SW,28,Andhra Pradesh,503,CHITTOOR,CHITTOOR,-,-,Savitri,West flowing rivers from Tapi to Tadri,-,-,-,Savitri,13.18000000,79.21111111,01-02-2024 08:00,245.15,1.822,,0.836
779,NARASINGARAYANIPETA,Andhra Pradesh SW,28,Andhra Pradesh,503,CHITTOOR,CHITTOOR,-,-,Savitri,West flowing rivers from Tapi to Tadri,-,-,-,Savitri,13.18000000,79.21111111,02-02-2024 08:00,245.145,1.306,,0.526
780,NARASINGARAYANIPETA,Andhra Pradesh SW,28,Andhra Pradesh,503,CHITTOOR,CHITTOOR,-,-,Savitri,West flowing rivers from Tapi to Tadri,-,-,-,Savitri,13.18000000,79.21111111,03-02-2024 08:00,245.14,1.235,,0.486
781,NARASINGARAYANIPETA,Andhra Pradesh SW,28,Andhra Pradesh,503,CHITTOOR,CHITTOOR,-,-,Savitri,West flowing rivers from Tapi to Tadri,-,-,-,Savitri,13.18000000,79.21111111,04-02-2024 08:00,245.14,1.235,,0.486
782,NARASINGARAYANIPETA,Andhra Pradesh SW,28,Andhra Pradesh,503,CHITTOOR,CHITTOOR,-,-,Savitri,West flowing rivers from Tapi to Tadri,-,-,-,Savitri,13.18000000,79.21111111,05-02-2024 08:00,245.13,1.102,,0.415
783,NARASINGARAYANIPETA,Andhra Pradesh SW,28,Andhra Pradesh,503,CHITTOOR,CHITTOOR,-,-,Savitri,West flowing rivers from Tapi to Tadri,-,-,-,Savitri,13.18000000,79.21111111,06-02-2024 08:00,245.115,0.918,,0.324
784,NARASINGARAYANIPETA,Andhra Pradesh SW,28,Andhra Pradesh,503,CHITTOOR,CHITTOOR,-,-,Savitri,West flowing rivers from Tapi to Tadri,-,-,-,Savitri,13.18000000,79.21111111,07-02-2024 08:00,245.115,0.918,,0.324
785,NARASINGARAYANIPETA,Andhra Pradesh SW,28,Andhra Pradesh,503,CHITTOOR,CHITTOOR,-,-,Savitri,West flowing rivers from Tapi to Tadri,-,-,-,Savitri,13.18000000,79.21111111,08-02-2024 08:00,245.125,1.041,,0.383
786,NARASINGARAYANIPETA,Andhra Pradesh SW,28,Andhra Pradesh,503,CHITTOOR,CHITTOOR,-,-,Savitri,West flowing rivers from Tapi to Tadri,-,-,-,Savitri,13.18000000,79.21111111,09-02-2024 08:00,245.135,1.167,,0.449
787,NARASINGARAYANIPETA,Andhra Pradesh SW,28,Andhra Pradesh,503,CHITTOOR,CHITTOOR,-,-,Savitri,West flowing rivers from Tapi to Tadri,-,-,-,Savitri,13.18000000,79.21111111,10-02-2024 08:00,245.145,1.306,,0.526
788,NARASINGARAYANIPETA,Andhra Pradesh SW,28,Andhra Pradesh,503,CHITTOOR,CHITTOOR,-,-,Savitri,West flowing rivers from Tapi to Tadri,-,-,-,Savitri,13.18000000,79.21111111,11-02-2024 08:00,245.15,1.822,,0.836
789,NARASINGARAYANIPETA,Andhra Pradesh SW,28,Andhra Pradesh,503,CHITTOOR,CHITTOOR,-,-,Savitri,West flowing rivers from Tapi to Tadri,-,-,-,Savitri,13.18000000,79.21111111,12-02-2024 08:00,245.15,1.822,,0.836
790,NARASINGARAYANIPETA,Andhra Pradesh SW,28,Andhra Pradesh,503,CHITTOOR,CHITTOOR,-,-,Savitri,West flowing rivers from Tapi to Tadri,-,-,-,Savitri,13.18000000,79.21111111,13-02-2024 08:00,245.15,1.822,,0.836
791,NARASINGARAYANIPETA,Andhra Pradesh SW,28,Andhra Pradesh,503,CHITTOOR,CHITTOOR,-,-,Savitri,West flowing rivers from Tapi to Tadri,-,-,-,Savitri,13.18000000,79.21111111,14-02-2024 08:00,245.15,1.822,,0.836
792,NARASINGARAYANIPETA,Andhra Pradesh SW,28,Andhra Pradesh,503,CHITTOOR,CHITTOOR,-,-,Savitri,West flowing rivers from Tapi to Tadri,-,-,-,Savitri,13.18000000,79.21111111,15-02-2024 08:00,245.15,1.822,,0.836
793,NARASINGARAYANIPETA,Andhra Pradesh SW,28,Andhra Pradesh,503,CHITTOOR,CHITTOOR,-,-,Savitri,West flowing rivers from Tapi to Tadri,-,-,-,Savitri,13.18000000,79.21111111,16-02-2024 08:00,245.15,1.822,,0.836
794,NARASINGARAYANIPETA,Andhra Pradesh SW,28,Andhra Pradesh,503,CHITTOOR,CHITTOOR,-,-,Savitri,West flowing rivers from Tapi to Tadri,-,-,-,Savitri,13.18000000,79.21111111,17-02-2024 08:00,245.15,1.822,,0.836
795,NARASINGARAYANIPETA,Andhra Pradesh SW,28,Andhra Pradesh,503,CHITTOOR,CHITTOOR,-,-,Savitri,West flowing rivers from Tapi to Tadri,-,-,-,Savitri,13.18000000,79.21111111,18-02-2024 08:00,245.15,1.822,,0.836
796,NARASINGARAYANIPETA,Andhra Pradesh SW,28,Andhra Pradesh,503,CHITTOOR,CHITTOOR,-,-,Savitri,West flowing rivers from Tapi to Tadri,-,-,-,Savitri,13.18000000,79.21111111,19-02-2024 08:00,245.145,1.306,,0.526
797,NARASINGARAYANIPETA,Andhra Pradesh SW,28,Andhra Pradesh,503,CHITTOOR,CHITTOOR,-,-,Savitri,West flowing rivers from Tapi to Tadri,-,-,-,Savitri,13.18000000,79.21111111,20-02-2024 08:00,245.145,1.306,,0.526
798,NARASINGARAYANIPETA,Andhra Pradesh SW,28,Andhra Pradesh,503,CHITTOOR,CHITTOOR,-,-,Savitri,West flowing rivers from Tapi to Tadri,-,-,-,Savitri,13.18000000,79.21111111,21-02-2024 08:00,245.145,1.306,,0.526
799,NARASINGARAYANIPETA,Andhra Pradesh SW,28,Andhra Pradesh,503,CHITTOOR,CHITTOOR,-,-,Savitri,West flowing rivers from Tapi to Tadri,-,-,-,Savitri,13.18000000,79.21111111,22-02-2024 08:00,245.145,1.306,,0.526
800,NARASINGARAYANIPETA,Andhra Pradesh SW,28,Andhra Pradesh,503,CHITTOOR,CHITTOOR,-,-,Savitri,West flowing rivers from Tapi to Tadri,-,-,-,Savitri,13.18000000,79.21111111,23-02-2024 08:00,245.14,1.235,,0.486
801,NARASINGARAYANIPETA,Andhra Pradesh SW,28,Andhra Pradesh,503,CHITTOOR,CHITTOOR,-,-,Savitri,West flowing rivers from Tapi to Tadri,-,-,-,Savitri,13.18000000,79.21111111,24-02-2024 08:00,245.105,0.798,,0.272
802,NARASINGARAYANIPETA,Andhra Pradesh SW,28,Andhra Pradesh,503,CHITTOOR,CHITTOOR,-,-,Savitri,West flowing rivers from Tapi to Tadri,-,-,-,Savitri,13.18000000,79.21111111,25-02-2024 08:00,245.055,0.387,,0.113
803,NARASINGARAYANIPETA,Andhra Pradesh SW,28,Andhra Pradesh,503,CHITTOOR,CHITTOOR,-,-,Savitri,West flowing rivers from Tapi to Tadri,-,-,-,Savitri,13.18000000,79.21111111,26-02-2024 08:00,245.055,0.387,,0.113
804,NARASINGARAYANIPETA,Andhra Pradesh SW,28,Andhra Pradesh,503,CHITTOOR,CHITTOOR,-,-,Savitri,West flowing rivers from Tapi to Tadri,-,-,-,Savitri,13.18000000,79.21111111,27-02-2024 08:00,245.055,0.387,,0.113
805,NARASINGARAYANIPETA,Andhra Pradesh SW,28,Andhra Pradesh,503,CHITTOOR,CHITTOOR,-,-,Savitri,West flowing rivers from Tapi to Tadri,-,-,-,Savitri,13.18000000,79.21111111,28-02-2024 08:00,245.055,0.387,,0.113
806,NARASINGARAYANIPETA,Andhra Pradesh SW,28,Andhra Pradesh,503,CHITTOOR,CHITTOOR,-,-,Savitri,West flowing rivers from Tapi to Tadri,-,-,-,Savitri,13.18000000,79.21111111,29-02-2024 08:00,245.055,0.387,,0.113
807,NARASINGARAYANIPETA,Andhra Pradesh SW,28,Andhra Pradesh,503,CHITTOOR,CHITTOOR,-,-,Savitri,West flowing rivers from Tapi to Tadri,-,-,-,Savitri,13.18000000,79.21111111,19-06-2024 08:00,245.18,2.447,,1.3
808,NARASINGARAYANIPETA,Andhra Pradesh SW,28,Andhra Pradesh,503,CHITTOOR,CHITTOOR,-,-,Savitri,West flowing rivers from Tapi to Tadri,-,-,-,Savitri,13.18000000,79.21111111,20-06-2024 08:00,245.19,2.664,,1.474
809,NARASINGARAYANIPETA,Andhra Pradesh SW,28,Andhra Pradesh,503,CHITTOOR,CHITTOOR,-,-,Savitri,West flowing rivers from Tapi to Tadri,-,-,-,Savitri,13.18000000,79.21111111,21-06-2024 08:00,245.175,2.346,,1.222
810,NARASINGARAYANIPETA,Andhra Pradesh SW,28,Andhra Pradesh,503,CHITTOOR,CHITTOOR,-,-,Savitri,West flowing rivers from Tapi to Tadri,-,-,-,Savitri,13.18000000,79.21111111,22-06-2024 08:00,245.17,2.233,,1.134
811,NARASINGARAYANIPETA,Andhra Pradesh SW,28,Andhra Pradesh,503,CHITTOOR,CHITTOOR,-,-,Savitri,West flowing rivers from Tapi to Tadri,-,-,-,Savitri,13.18000000,79.21111111,23-06-2024 08:00,245.17,2.233,,1.134
812,NARASINGARAYANIPETA,Andhra Pradesh SW,28,Andhra Pradesh,503,CHITTOOR,CHITTOOR,-,-,Savitri,West flowing rivers from Tapi to Tadri,-,-,-,Savitri,13.18000000,79.21111111,24-06-2024 08:00,245.155,1.93,,0.912
813,NARASINGARAYANIPETA,Andhra Pradesh SW,28,Andhra Pradesh,503,CHITTOOR,CHITTOOR,-,-,Savitri,West flowing rivers from Tapi to Tadri,-,-,-,Savitri,13.18000000,79.21111111,25-06-2024 08:00,245.15,1.822,,0.836
814,NARASINGARAYANIPETA,Andhra Pradesh SW,28,Andhra Pradesh,503,CHITTOOR,CHITTOOR,-,-,Savitri,West flowing rivers from Tapi to Tadri,-,-,-,Savitri,13.18000000,79.21111111,26-06-2024 08:00,245.15,1.822,,0.836
815,NARASINGARAYANIPETA,Andhra Pradesh SW,28,Andhra Pradesh,503,CHITTOOR,CHITTOOR,-,-,Savitri,West flowing rivers from Tapi to Tadri,-,-,-,Savitri,13.18000000,79.21111111,27-06-2024 08:00,245.13,1.102,,0.415
