SlNo,Station,Agency,State LGD Code,State,District LGD Code,District,Tehsil,Block,Village,River,Basin,Tributary,Subtributary,SubSubtributary,Local River,Latitude,Longitude,Data Acquisition Time,Telemetry Hourly Rainfall (mm)
1,Andra Reservoir,Andhra Pradesh SW,28,Andhra Pradesh,521,VIZIANAGARAM,-,-,-,-,-,-,-,-,-,18.35000000,83.21000000,09-02-2026 10:00,126
2,Andra Reservoir,Andhra Pradesh SW,28,Andhra Pradesh,521,VIZIANAGARAM,-,-,-,-,-,-,-,-,-,18.35000000,83.21000000,09-02-2026 14:00,27
3,Andra Reservoir,Andhra Pradesh SW,28,Andhra Pradesh,521,VIZIANAGARAM,-,-,-,-,-,-,-,-,-,18.35000000,83.21000000,19-03-2026 17:00,2
4,Andra Reservoir,Andhra Pradesh SW,28,Andhra Pradesh,521,VIZIANAGARAM,-,-,-,-,-,-,-,-,-,18.35000000,83.21000000,19-03-2026 17:00,2
5,Andra Reservoir,Andhra Pradesh SW,28,Andhra Pradesh,521,VIZIANAGARAM,-,-,-,-,-,-,-,-,-,18.35000000,83.21000000,19-03-2026 18:00,0.5
6,Andra Reservoir,Andhra Pradesh SW,28,Andhra Pradesh,521,VIZIANAGARAM,-,-,-,-,-,-,-,-,-,18.35000000,83.21000000,19-03-2026 18:00,0.5
7,Andra Reservoir,Andhra Pradesh SW,28,Andhra Pradesh,521,VIZIANAGARAM,-,-,-,-,-,-,-,-,-,18.35000000,83.21000000,20-03-2026 20:00,11
8,Andra Reservoir,Andhra Pradesh SW,28,Andhra Pradesh,521,VIZIANAGARAM,-,-,-,-,-,-,-,-,-,18.35000000,83.21000000,20-03-2026 20:00,11
9,Andra Reservoir,Andhra Pradesh SW,28,Andhra Pradesh,521,VIZIANAGARAM,-,-,-,-,-,-,-,-,-,18.35000000,83.21000000,20-03-2026 21:00,15.5
10,Andra Reservoir,Andhra Pradesh SW,28,Andhra Pradesh,521,VIZIANAGARAM,-,-,-,-,-,-,-,-,-,18.35000000,83.21000000,20-03-2026 22:00,4
11,Andra Reservoir,Andhra Pradesh SW,28,Andhra Pradesh,521,VIZIANAGARAM,-,-,-,-,-,-,-,-,-,18.35000000,83.21000000,20-03-2026 22:00,4
12,Andra Reservoir,Andhra Pradesh SW,28,Andhra Pradesh,521,VIZIANAGARAM,-,-,-,-,-,-,-,-,-,18.35000000,83.21000000,05-04-2026 17:00,0.5
13,Andra Reservoir,Andhra Pradesh SW,28,Andhra Pradesh,521,VIZIANAGARAM,-,-,-,-,-,-,-,-,-,18.35000000,83.21000000,05-04-2026 18:00,1
14,Andra Reservoir,Andhra Pradesh SW,28,Andhra Pradesh,521,VIZIANAGARAM,-,-,-,-,-,-,-,-,-,18.35000000,83.21000000,05-04-2026 19:00,6
15,Andra Reservoir,Andhra Pradesh SW,28,Andhra Pradesh,521,VIZIANAGARAM,-,-,-,-,-,-,-,-,-,18.35000000,83.21000000,05-04-2026 20:00,1
16,Andra Reservoir,Andhra Pradesh SW,28,Andhra Pradesh,521,VIZIANAGARAM,-,-,-,-,-,-,-,-,-,18.35000000,83.21000000,06-04-2026 18:00,0.5
17,Andra Reservoir,Andhra Pradesh SW,28,Andhra Pradesh,521,VIZIANAGARAM,-,-,-,-,-,-,-,-,-,18.35000000,83.21000000,07-04-2026 14:00,0.5
18,Andra Reservoir,Andhra Pradesh SW,28,Andhra Pradesh,521,VIZIANAGARAM,-,-,-,-,-,-,-,-,-,18.35000000,83.21000000,07-04-2026 15:00,2
19,Andra Reservoir,Andhra Pradesh SW,28,Andhra Pradesh,521,VIZIANAGARAM,-,-,-,-,-,-,-,-,-,18.35000000,83.21000000,07-04-2026 16:00,0.5
20,Andra Reservoir,Andhra Pradesh SW,28,Andhra Pradesh,521,VIZIANAGARAM,-,-,-,-,-,-,-,-,-,18.35000000,83.21000000,17-04-2026 04:00,3
21,Andra Reservoir,Andhra Pradesh SW,28,Andhra Pradesh,521,VIZIANAGARAM,-,-,-,-,-,-,-,-,-,18.35000000,83.21000000,17-04-2026 15:00,83
22,Andra Reservoir,Andhra Pradesh SW,28,Andhra Pradesh,521,VIZIANAGARAM,-,-,-,-,-,-,-,-,-,18.35000000,83.21000000,29-04-2026 16:00,0.5
23,Andra Reservoir,Andhra Pradesh SW,28,Andhra Pradesh,521,VIZIANAGARAM,-,-,-,-,-,-,-,-,-,18.35000000,83.21000000,29-04-2026 16:00,0.5
24,Andra Reservoir,Andhra Pradesh SW,28,Andhra Pradesh,521,VIZIANAGARAM,-,-,-,-,-,-,-,-,-,18.35000000,83.21000000,30-04-2026 06:00,0.5
25,Andra Reservoir,Andhra Pradesh SW,28,Andhra Pradesh,521,VIZIANAGARAM,-,-,-,-,-,-,-,-,-,18.35000000,83.21000000,30-04-2026 06:00,0.5
26,Andra Reservoir,Andhra Pradesh SW,28,Andhra Pradesh,521,VIZIANAGARAM,-,-,-,-,-,-,-,-,-,18.35000000,83.21000000,30-04-2026 08:00,0.5
27,Andra Reservoir,Andhra Pradesh SW,28,Andhra Pradesh,521,VIZIANAGARAM,-,-,-,-,-,-,-,-,-,18.35000000,83.21000000,01-05-2026 09:00,3
28,Andra Reservoir,Andhra Pradesh SW,28,Andhra Pradesh,521,VIZIANAGARAM,-,-,-,-,-,-,-,-,-,18.35000000,83.21000000,01-05-2026 09:00,3
29,Andra Reservoir,Andhra Pradesh SW,28,Andhra Pradesh,521,VIZIANAGARAM,-,-,-,-,-,-,-,-,-,18.35000000,83.21000000,01-05-2026 17:00,1
30,Andra Reservoir,Andhra Pradesh SW,28,Andhra Pradesh,521,VIZIANAGARAM,-,-,-,-,-,-,-,-,-,18.35000000,83.21000000,01-05-2026 17:00,1
31,Andra Reservoir,Andhra Pradesh SW,28,Andhra Pradesh,521,VIZIANAGARAM,-,-,-,-,-,-,-,-,-,18.35000000,83.21000000,01-05-2026 18:00,1.5
32,Andra Reservoir,Andhra Pradesh SW,28,Andhra Pradesh,521,VIZIANAGARAM,-,-,-,-,-,-,-,-,-,18.35000000,83.21000000,01-05-2026 18:00,1.5
33,Andra Reservoir,Andhra Pradesh SW,28,Andhra Pradesh,521,VIZIANAGARAM,-,-,-,-,-,-,-,-,-,18.35000000,83.21000000,01-05-2026 21:00,2
34,Andra Reservoir,Andhra Pradesh SW,28,Andhra Pradesh,521,VIZIANAGARAM,-,-,-,-,-,-,-,-,-,18.35000000,83.21000000,01-05-2026 21:00,2
35,Andra Reservoir,Andhra Pradesh SW,28,Andhra Pradesh,521,VIZIANAGARAM,-,-,-,-,-,-,-,-,-,18.35000000,83.21000000,01-05-2026 22:00,4
36,Andra Reservoir,Andhra Pradesh SW,28,Andhra Pradesh,521,VIZIANAGARAM,-,-,-,-,-,-,-,-,-,18.35000000,83.21000000,01-05-2026 22:00,4
37,Andra Reservoir,Andhra Pradesh SW,28,Andhra Pradesh,521,VIZIANAGARAM,-,-,-,-,-,-,-,-,-,18.35000000,83.21000000,01-05-2026 23:00,10
38,Andra Reservoir,Andhra Pradesh SW,28,Andhra Pradesh,521,VIZIANAGARAM,-,-,-,-,-,-,-,-,-,18.35000000,83.21000000,01-05-2026 23:00,10
39,Andra Reservoir,Andhra Pradesh SW,28,Andhra Pradesh,521,VIZIANAGARAM,-,-,-,-,-,-,-,-,-,18.35000000,83.21000000,02-05-2026 00:00,2
40,Andra Reservoir,Andhra Pradesh SW,28,Andhra Pradesh,521,VIZIANAGARAM,-,-,-,-,-,-,-,-,-,18.35000000,83.21000000,02-05-2026 00:00,2
41,Andra Reservoir,Andhra Pradesh SW,28,Andhra Pradesh,521,VIZIANAGARAM,-,-,-,-,-,-,-,-,-,18.35000000,83.21000000,02-05-2026 01:00,1.5
42,Andra Reservoir,Andhra Pradesh SW,28,Andhra Pradesh,521,VIZIANAGARAM,-,-,-,-,-,-,-,-,-,18.35000000,83.21000000,02-05-2026 01:00,1.5
43,Andra Reservoir,Andhra Pradesh SW,28,Andhra Pradesh,521,VIZIANAGARAM,-,-,-,-,-,-,-,-,-,18.35000000,83.21000000,02-05-2026 17:00,1
44,Andra Reservoir,Andhra Pradesh SW,28,Andhra Pradesh,521,VIZIANAGARAM,-,-,-,-,-,-,-,-,-,18.35000000,83.21000000,22-05-2026 20:00,0.5
45,Andra Reservoir,Andhra Pradesh SW,28,Andhra Pradesh,521,VIZIANAGARAM,-,-,-,-,-,-,-,-,-,18.35000000,83.21000000,22-05-2026 21:00,0.5
46,Andra Reservoir,Andhra Pradesh SW,28,Andhra Pradesh,521,VIZIANAGARAM,-,-,-,-,-,-,-,-,-,18.35000000,83.21000000,22-05-2026 22:00,0.5
47,Andra Reservoir,Andhra Pradesh SW,28,Andhra Pradesh,521,VIZIANAGARAM,-,-,-,-,-,-,-,-,-,18.35000000,83.21000000,26-05-2026 18:00,4
48,Andra Reservoir,Andhra Pradesh SW,28,Andhra Pradesh,521,VIZIANAGARAM,-,-,-,-,-,-,-,-,-,18.35000000,83.21000000,26-05-2026 19:00,0.5
49,Andra Reservoir,Andhra Pradesh SW,28,Andhra Pradesh,521,VIZIANAGARAM,-,-,-,-,-,-,-,-,-,18.35000000,83.21000000,28-05-2026 04:00,1
50,Andra Reservoir,Andhra Pradesh SW,28,Andhra Pradesh,521,VIZIANAGARAM,-,-,-,-,-,-,-,-,-,18.35000000,83.21000000,30-05-2026 21:00,3.5
51,Andra Reservoir,Andhra Pradesh SW,28,Andhra Pradesh,521,VIZIANAGARAM,-,-,-,-,-,-,-,-,-,18.35000000,83.21000000,31-05-2026 04:00,1
52,Andra Reservoir,Andhra Pradesh SW,28,Andhra Pradesh,521,VIZIANAGARAM,-,-,-,-,-,-,-,-,-,18.35000000,83.21000000,31-05-2026 05:00,11.5
53,Andra Reservoir,Andhra Pradesh SW,28,Andhra Pradesh,521,VIZIANAGARAM,-,-,-,-,-,-,-,-,-,18.35000000,83.21000000,01-06-2026 05:00,3
54,Andra Reservoir,Andhra Pradesh SW,28,Andhra Pradesh,521,VIZIANAGARAM,-,-,-,-,-,-,-,-,-,18.35000000,83.21000000,01-06-2026 06:00,52
55,Andra Reservoir,Andhra Pradesh SW,28,Andhra Pradesh,521,VIZIANAGARAM,-,-,-,-,-,-,-,-,-,18.35000000,83.21000000,01-06-2026 07:00,2.5
56,Andra Reservoir,Andhra Pradesh SW,28,Andhra Pradesh,521,VIZIANAGARAM,-,-,-,-,-,-,-,-,-,18.35000000,83.21000000,02-06-2026 15:00,6
57,Andra Reservoir,Andhra Pradesh SW,28,Andhra Pradesh,521,VIZIANAGARAM,-,-,-,-,-,-,-,-,-,18.35000000,83.21000000,02-06-2026 16:00,0.5
58,Andra Reservoir,Andhra Pradesh SW,28,Andhra Pradesh,521,VIZIANAGARAM,-,-,-,-,-,-,-,-,-,18.35000000,83.21000000,03-06-2026 17:00,1
59,Andra Reservoir,Andhra Pradesh SW,28,Andhra Pradesh,521,VIZIANAGARAM,-,-,-,-,-,-,-,-,-,18.35000000,83.21000000,04-06-2026 15:00,4.5
60,Andra Reservoir,Andhra Pradesh SW,28,Andhra Pradesh,521,VIZIANAGARAM,-,-,-,-,-,-,-,-,-,18.35000000,83.21000000,04-06-2026 16:00,0.5
61,Andra Reservoir,Andhra Pradesh SW,28,Andhra Pradesh,521,VIZIANAGARAM,-,-,-,-,-,-,-,-,-,18.35000000,83.21000000,04-06-2026 20:00,0.5
62,Andra Reservoir,Andhra Pradesh SW,28,Andhra Pradesh,521,VIZIANAGARAM,-,-,-,-,-,-,-,-,-,18.35000000,83.21000000,04-06-2026 21:00,0.5
63,Andra Reservoir,Andhra Pradesh SW,28,Andhra Pradesh,521,VIZIANAGARAM,-,-,-,-,-,-,-,-,-,18.35000000,83.21000000,04-06-2026 22:00,0.5
64,Andra Reservoir,Andhra Pradesh SW,28,Andhra Pradesh,521,VIZIANAGARAM,-,-,-,-,-,-,-,-,-,18.35000000,83.21000000,05-06-2026 20:00,12
65,Andra Reservoir,Andhra Pradesh SW,28,Andhra Pradesh,521,VIZIANAGARAM,-,-,-,-,-,-,-,-,-,18.35000000,83.21000000,05-06-2026 21:00,7
66,Andra Reservoir,Andhra Pradesh SW,28,Andhra Pradesh,521,VIZIANAGARAM,-,-,-,-,-,-,-,-,-,18.35000000,83.21000000,05-06-2026 22:00,0.5
67,Andra Reservoir,Andhra Pradesh SW,28,Andhra Pradesh,521,VIZIANAGARAM,-,-,-,-,-,-,-,-,-,18.35000000,83.21000000,06-06-2026 15:00,14.5
68,Andra Reservoir,Andhra Pradesh SW,28,Andhra Pradesh,521,VIZIANAGARAM,-,-,-,-,-,-,-,-,-,18.35000000,83.21000000,10-06-2026 14:00,10
69,Andra Reservoir,Andhra Pradesh SW,28,Andhra Pradesh,521,VIZIANAGARAM,-,-,-,-,-,-,-,-,-,18.35000000,83.21000000,10-06-2026 19:00,0.5
70,Andra Reservoir,Andhra Pradesh SW,28,Andhra Pradesh,521,VIZIANAGARAM,-,-,-,-,-,-,-,-,-,18.35000000,83.21000000,12-06-2026 21:00,12.5
71,Andra Reservoir,Andhra Pradesh SW,28,Andhra Pradesh,521,VIZIANAGARAM,-,-,-,-,-,-,-,-,-,18.35000000,83.21000000,12-06-2026 22:00,0.5
72,Andra Reservoir,Andhra Pradesh SW,28,Andhra Pradesh,521,VIZIANAGARAM,-,-,-,-,-,-,-,-,-,18.35000000,83.21000000,13-06-2026 16:00,2.5
73,Andra Reservoir,Andhra Pradesh SW,28,Andhra Pradesh,521,VIZIANAGARAM,-,-,-,-,-,-,-,-,-,18.35000000,83.21000000,13-06-2026 17:00,1.5
74,Andra Reservoir,Andhra Pradesh SW,28,Andhra Pradesh,521,VIZIANAGARAM,-,-,-,-,-,-,-,-,-,18.35000000,83.21000000,14-06-2026 14:00,6.5
75,Andra Reservoir,Andhra Pradesh SW,28,Andhra Pradesh,521,VIZIANAGARAM,-,-,-,-,-,-,-,-,-,18.35000000,83.21000000,14-06-2026 16:00,0.5
76,Andra Reservoir,Andhra Pradesh SW,28,Andhra Pradesh,521,VIZIANAGARAM,-,-,-,-,-,-,-,-,-,18.35000000,83.21000000,14-06-2026 18:00,2
77,Andra Reservoir,Andhra Pradesh SW,28,Andhra Pradesh,521,VIZIANAGARAM,-,-,-,-,-,-,-,-,-,18.35000000,83.21000000,15-06-2026 21:00,0.5
78,Andra Reservoir,Andhra Pradesh SW,28,Andhra Pradesh,521,VIZIANAGARAM,-,-,-,-,-,-,-,-,-,18.35000000,83.21000000,17-06-2026 15:00,40
79,Andra Reservoir,Andhra Pradesh SW,28,Andhra Pradesh,521,VIZIANAGARAM,-,-,-,-,-,-,-,-,-,18.35000000,83.21000000,17-06-2026 16:00,4.5
80,Andra Reservoir,Andhra Pradesh SW,28,Andhra Pradesh,521,VIZIANAGARAM,-,-,-,-,-,-,-,-,-,18.35000000,83.21000000,18-06-2026 10:00,0.5
81,Andra Reservoir,Andhra Pradesh SW,28,Andhra Pradesh,521,VIZIANAGARAM,-,-,-,-,-,-,-,-,-,18.35000000,83.21000000,18-06-2026 11:00,1
82,Andra Reservoir,Andhra Pradesh SW,28,Andhra Pradesh,521,VIZIANAGARAM,-,-,-,-,-,-,-,-,-,18.35000000,83.21000000,18-06-2026 12:00,0.5
83,Andra Reservoir,Andhra Pradesh SW,28,Andhra Pradesh,521,VIZIANAGARAM,-,-,-,-,-,-,-,-,-,18.35000000,83.21000000,20-06-2026 19:00,5
84,Andra Reservoir,Andhra Pradesh SW,28,Andhra Pradesh,521,VIZIANAGARAM,-,-,-,-,-,-,-,-,-,18.35000000,83.21000000,20-06-2026 21:00,0.5
85,Andra Reservoir,Andhra Pradesh SW,28,Andhra Pradesh,521,VIZIANAGARAM,-,-,-,-,-,-,-,-,-,18.35000000,83.21000000,20-06-2026 22:00,0.5
86,Andra Reservoir,Andhra Pradesh SW,28,Andhra Pradesh,521,VIZIANAGARAM,-,-,-,-,-,-,-,-,-,18.35000000,83.21000000,24-06-2026 14:00,0.5
87,Andra Reservoir,Andhra Pradesh SW,28,Andhra Pradesh,521,VIZIANAGARAM,-,-,-,-,-,-,-,-,-,18.35000000,83.21000000,24-06-2026 15:00,6.5
88,Andra Reservoir,Andhra Pradesh SW,28,Andhra Pradesh,521,VIZIANAGARAM,-,-,-,-,-,-,-,-,-,18.35000000,83.21000000,28-06-2026 14:00,13.5
89,Andra Reservoir,Andhra Pradesh SW,28,Andhra Pradesh,521,VIZIANAGARAM,-,-,-,-,-,-,-,-,-,18.35000000,83.21000000,28-06-2026 15:00,9
90,Andra Reservoir,Andhra Pradesh SW,28,Andhra Pradesh,521,VIZIANAGARAM,-,-,-,-,-,-,-,-,-,18.35000000,83.21000000,02-07-2026 07:00,0.5
91,Andra Reservoir,Andhra Pradesh SW,28,Andhra Pradesh,521,VIZIANAGARAM,-,-,-,-,-,-,-,-,-,18.35000000,83.21000000,03-07-2026 00:00,1
92,Andra Reservoir,Andhra Pradesh SW,28,Andhra Pradesh,521,VIZIANAGARAM,-,-,-,-,-,-,-,-,-,18.35000000,83.21000000,03-07-2026 10:00,0.5
93,Andra Reservoir,Andhra Pradesh SW,28,Andhra Pradesh,521,VIZIANAGARAM,-,-,-,-,-,-,-,-,-,18.35000000,83.21000000,03-07-2026 11:00,0.5
94,Andra Reservoir,Andhra Pradesh SW,28,Andhra Pradesh,521,VIZIANAGARAM,-,-,-,-,-,-,-,-,-,18.35000000,83.21000000,03-07-2026 20:00,0.5
95,Andra Reservoir,Andhra Pradesh SW,28,Andhra Pradesh,521,VIZIANAGARAM,-,-,-,-,-,-,-,-,-,18.35000000,83.21000000,03-07-2026 21:00,2
96,Andra Reservoir,Andhra Pradesh SW,28,Andhra Pradesh,521,VIZIANAGARAM,-,-,-,-,-,-,-,-,-,18.35000000,83.21000000,03-07-2026 22:00,2.5
97,Andra Reservoir,Andhra Pradesh SW,28,Andhra Pradesh,521,VIZIANAGARAM,-,-,-,-,-,-,-,-,-,18.35000000,83.21000000,03-07-2026 23:00,2
98,Andra Reservoir,Andhra Pradesh SW,28,Andhra Pradesh,521,VIZIANAGARAM,-,-,-,-,-,-,-,-,-,18.35000000,83.21000000,04-07-2026 00:00,0.5
99,Andra Reservoir,Andhra Pradesh SW,28,Andhra Pradesh,521,VIZIANAGARAM,-,-,-,-,-,-,-,-,-,18.35000000,83.21000000,04-07-2026 07:00,1.5
100,Andra Reservoir,Andhra Pradesh SW,28,Andhra Pradesh,521,VIZIANAGARAM,-,-,-,-,-,-,-,-,-,18.35000000,83.21000000,04-07-2026 08:00,1.5
101,Andra Reservoir,Andhra Pradesh SW,28,Andhra Pradesh,521,VIZIANAGARAM,-,-,-,-,-,-,-,-,-,18.35000000,83.21000000,04-07-2026 09:00,2.5
102,Andra Reservoir,Andhra Pradesh SW,28,Andhra Pradesh,521,VIZIANAGARAM,-,-,-,-,-,-,-,-,-,18.35000000,83.21000000,04-07-2026 10:00,0.5
103,Andra Reservoir,Andhra Pradesh SW,28,Andhra Pradesh,521,VIZIANAGARAM,-,-,-,-,-,-,-,-,-,18.35000000,83.21000000,04-07-2026 11:00,0.5
104,Andra Reservoir,Andhra Pradesh SW,28,Andhra Pradesh,521,VIZIANAGARAM,-,-,-,-,-,-,-,-,-,18.35000000,83.21000000,04-07-2026 13:00,1
105,Andra Reservoir,Andhra Pradesh SW,28,Andhra Pradesh,521,VIZIANAGARAM,-,-,-,-,-,-,-,-,-,18.35000000,83.21000000,04-07-2026 14:00,3.5
106,Andra Reservoir,Andhra Pradesh SW,28,Andhra Pradesh,521,VIZIANAGARAM,-,-,-,-,-,-,-,-,-,18.35000000,83.21000000,04-07-2026 15:00,5
107,Andra Reservoir,Andhra Pradesh SW,28,Andhra Pradesh,521,VIZIANAGARAM,-,-,-,-,-,-,-,-,-,18.35000000,83.21000000,04-07-2026 16:00,3
108,Andra Reservoir,Andhra Pradesh SW,28,Andhra Pradesh,521,VIZIANAGARAM,-,-,-,-,-,-,-,-,-,18.35000000,83.21000000,04-07-2026 17:00,1.5
109,Andra Reservoir,Andhra Pradesh SW,28,Andhra Pradesh,521,VIZIANAGARAM,-,-,-,-,-,-,-,-,-,18.35000000,83.21000000,04-07-2026 18:00,1.5
110,Andra Reservoir,Andhra Pradesh SW,28,Andhra Pradesh,521,VIZIANAGARAM,-,-,-,-,-,-,-,-,-,18.35000000,83.21000000,04-07-2026 19:00,1
111,Andra Reservoir,Andhra Pradesh SW,28,Andhra Pradesh,521,VIZIANAGARAM,-,-,-,-,-,-,-,-,-,18.35000000,83.21000000,04-07-2026 21:00,5.5
112,Andra Reservoir,Andhra Pradesh SW,28,Andhra Pradesh,521,VIZIANAGARAM,-,-,-,-,-,-,-,-,-,18.35000000,83.21000000,04-07-2026 22:00,3.5
113,Andra Reservoir,Andhra Pradesh SW,28,Andhra Pradesh,521,VIZIANAGARAM,-,-,-,-,-,-,-,-,-,18.35000000,83.21000000,04-07-2026 23:00,2
114,Andra Reservoir,Andhra Pradesh SW,28,Andhra Pradesh,521,VIZIANAGARAM,-,-,-,-,-,-,-,-,-,18.35000000,83.21000000,05-07-2026 00:00,1
115,Andra Reservoir,Andhra Pradesh SW,28,Andhra Pradesh,521,VIZIANAGARAM,-,-,-,-,-,-,-,-,-,18.35000000,83.21000000,05-07-2026 01:00,0.5
116,Andra Reservoir,Andhra Pradesh SW,28,Andhra Pradesh,521,VIZIANAGARAM,-,-,-,-,-,-,-,-,-,18.35000000,83.21000000,09-07-2026 14:00,0.5
117,Andra Reservoir,Andhra Pradesh SW,28,Andhra Pradesh,521,VIZIANAGARAM,-,-,-,-,-,-,-,-,-,18.35000000,83.21000000,10-07-2026 09:00,0.5
118,Andra Reservoir,Andhra Pradesh SW,28,Andhra Pradesh,521,VIZIANAGARAM,-,-,-,-,-,-,-,-,-,18.35000000,83.21000000,27-07-2026 15:00,0.5
119,Andra Reservoir,Andhra Pradesh SW,28,Andhra Pradesh,521,VIZIANAGARAM,-,-,-,-,-,-,-,-,-,18.35000000,83.21000000,28-07-2026 09:00,0.5
120,Andra Reservoir,Andhra Pradesh SW,28,Andhra Pradesh,521,VIZIANAGARAM,-,-,-,-,-,-,-,-,-,18.35000000,83.21000000,28-07-2026 10:00,2
121,Andra Reservoir,Andhra Pradesh SW,28,Andhra Pradesh,521,VIZIANAGARAM,-,-,-,-,-,-,-,-,-,18.35000000,83.21000000,28-07-2026 11:00,1
122,Andra Reservoir,Andhra Pradesh SW,28,Andhra Pradesh,521,VIZIANAGARAM,-,-,-,-,-,-,-,-,-,18.35000000,83.21000000,28-07-2026 15:00,1
123,Andra Reservoir,Andhra Pradesh SW,28,Andhra Pradesh,521,VIZIANAGARAM,-,-,-,-,-,-,-,-,-,18.35000000,83.21000000,28-07-2026 16:00,4
124,Andra Reservoir,Andhra Pradesh SW,28,Andhra Pradesh,521,VIZIANAGARAM,-,-,-,-,-,-,-,-,-,18.35000000,83.21000000,28-07-2026 17:00,1
125,Andra Reservoir,Andhra Pradesh SW,28,Andhra Pradesh,521,VIZIANAGARAM,-,-,-,-,-,-,-,-,-,18.35000000,83.21000000,28-07-2026 21:00,0.5
126,Andra Reservoir,Andhra Pradesh SW,28,Andhra Pradesh,521,VIZIANAGARAM,-,-,-,-,-,-,-,-,-,18.35000000,83.21000000,28-07-2026 23:00,0.5
127,Andra Reservoir,Andhra Pradesh SW,28,Andhra Pradesh,521,VIZIANAGARAM,-,-,-,-,-,-,-,-,-,18.35000000,83.21000000,29-07-2026 07:00,0.5
128,Andra Reservoir,Andhra Pradesh SW,28,Andhra Pradesh,521,VIZIANAGARAM,-,-,-,-,-,-,-,-,-,18.35000000,83.21000000,29-07-2026 08:00,1.5
129,Andra Reservoir,Andhra Pradesh SW,28,Andhra Pradesh,521,VIZIANAGARAM,-,-,-,-,-,-,-,-,-,18.35000000,83.21000000,29-07-2026 09:00,1
130,Andra Reservoir,Andhra Pradesh SW,28,Andhra Pradesh,521,VIZIANAGARAM,-,-,-,-,-,-,-,-,-,18.35000000,83.21000000,29-07-2026 10:00,1
131,Andra Reservoir,Andhra Pradesh SW,28,Andhra Pradesh,521,VIZIANAGARAM,-,-,-,-,-,-,-,-,-,18.35000000,83.21000000,31-07-2026 17:00,2.5
132,Andra Reservoir,Andhra Pradesh SW,28,Andhra Pradesh,521,VIZIANAGARAM,-,-,-,-,-,-,-,-,-,18.35000000,83.21000000,31-07-2026 18:00,1
133,Andra Reservoir,Andhra Pradesh SW,28,Andhra Pradesh,521,VIZIANAGARAM,-,-,-,-,-,-,-,-,-,18.35000000,83.21000000,03-08-2026 15:00,14
134,Andra Reservoir,Andhra Pradesh SW,28,Andhra Pradesh,521,VIZIANAGARAM,-,-,-,-,-,-,-,-,-,18.35000000,83.21000000,03-08-2026 16:00,1
135,Andra Reservoir,Andhra Pradesh SW,28,Andhra Pradesh,521,VIZIANAGARAM,-,-,-,-,-,-,-,-,-,18.35000000,83.21000000,04-08-2026 14:00,17.5
136,Andra Reservoir,Andhra Pradesh SW,28,Andhra Pradesh,521,VIZIANAGARAM,-,-,-,-,-,-,-,-,-,18.35000000,83.21000000,06-08-2026 14:00,4
137,Andra Reservoir,Andhra Pradesh SW,28,Andhra Pradesh,521,VIZIANAGARAM,-,-,-,-,-,-,-,-,-,18.35000000,83.21000000,06-08-2026 15:00,63
138,Andra Reservoir,Andhra Pradesh SW,28,Andhra Pradesh,521,VIZIANAGARAM,-,-,-,-,-,-,-,-,-,18.35000000,83.21000000,06-08-2026 16:00,1
139,Andra Reservoir,Andhra Pradesh SW,28,Andhra Pradesh,521,VIZIANAGARAM,-,-,-,-,-,-,-,-,-,18.35000000,83.21000000,06-08-2026 18:00,15.5
140,Andra Reservoir,Andhra Pradesh SW,28,Andhra Pradesh,521,VIZIANAGARAM,-,-,-,-,-,-,-,-,-,18.35000000,83.21000000,06-08-2026 20:00,1
141,Andra Reservoir,Andhra Pradesh SW,28,Andhra Pradesh,521,VIZIANAGARAM,-,-,-,-,-,-,-,-,-,18.35000000,83.21000000,06-08-2026 21:00,1.5
142,Andra Reservoir,Andhra Pradesh SW,28,Andhra Pradesh,521,VIZIANAGARAM,-,-,-,-,-,-,-,-,-,18.35000000,83.21000000,06-08-2026 22:00,0.5
143,Andra Reservoir,Andhra Pradesh SW,28,Andhra Pradesh,521,VIZIANAGARAM,-,-,-,-,-,-,-,-,-,18.35000000,83.21000000,07-08-2026 16:00,32.5
144,Andra Reservoir,Andhra Pradesh SW,28,Andhra Pradesh,521,VIZIANAGARAM,-,-,-,-,-,-,-,-,-,18.35000000,83.21000000,07-08-2026 18:00,1.5
145,Andra Reservoir,Andhra Pradesh SW,28,Andhra Pradesh,521,VIZIANAGARAM,-,-,-,-,-,-,-,-,-,18.35000000,83.21000000,08-08-2026 13:00,1.5
146,Andra Reservoir,Andhra Pradesh SW,28,Andhra Pradesh,521,VIZIANAGARAM,-,-,-,-,-,-,-,-,-,18.35000000,83.21000000,15-08-2026 07:00,0.5
147,Andra Reservoir,Andhra Pradesh SW,28,Andhra Pradesh,521,VIZIANAGARAM,-,-,-,-,-,-,-,-,-,18.35000000,83.21000000,15-08-2026 13:00,0.5
148,Andra Reservoir,Andhra Pradesh SW,28,Andhra Pradesh,521,VIZIANAGARAM,-,-,-,-,-,-,-,-,-,18.35000000,83.21000000,15-08-2026 16:00,0.5
149,Andra Reservoir,Andhra Pradesh SW,28,Andhra Pradesh,521,VIZIANAGARAM,-,-,-,-,-,-,-,-,-,18.35000000,83.21000000,15-08-2026 17:00,0.5
150,Andra Reservoir,Andhra Pradesh SW,28,Andhra Pradesh,521,VIZIANAGARAM,-,-,-,-,-,-,-,-,-,18.35000000,83.21000000,20-08-2026 18:00,0.5
151,Andra Reservoir,Andhra Pradesh SW,28,Andhra Pradesh,521,VIZIANAGARAM,-,-,-,-,-,-,-,-,-,18.35000000,83.21000000,22-08-2026 04:00,1.5
152,Andra Reservoir,Andhra Pradesh SW,28,Andhra Pradesh,521,VIZIANAGARAM,-,-,-,-,-,-,-,-,-,18.35000000,83.21000000,22-08-2026 06:00,0.5
153,Andra Reservoir,Andhra Pradesh SW,28,Andhra Pradesh,521,VIZIANAGARAM,-,-,-,-,-,-,-,-,-,18.35000000,83.21000000,22-08-2026 06:00,0.5
154,Andra Reservoir,Andhra Pradesh SW,28,Andhra Pradesh,521,VIZIANAGARAM,-,-,-,-,-,-,-,-,-,18.35000000,83.21000000,22-08-2026 10:00,0.5
155,Andra Reservoir,Andhra Pradesh SW,28,Andhra Pradesh,521,VIZIANAGARAM,-,-,-,-,-,-,-,-,-,18.35000000,83.21000000,22-08-2026 10:00,0.5
156,Andra Reservoir,Andhra Pradesh SW,28,Andhra Pradesh,521,VIZIANAGARAM,-,-,-,-,-,-,-,-,-,18.35000000,83.21000000,22-08-2026 11:00,0.5
157,Andra Reservoir,Andhra Pradesh SW,28,Andhra Pradesh,521,VIZIANAGARAM,-,-,-,-,-,-,-,-,-,18.35000000,83.21000000,22-08-2026 11:00,0.5
158,Andra Reservoir,Andhra Pradesh SW,28,Andhra Pradesh,521,VIZIANAGARAM,-,-,-,-,-,-,-,-,-,18.35000000,83.21000000,22-08-2026 12:00,0.5
159,Andra Reservoir,Andhra Pradesh SW,28,Andhra Pradesh,521,VIZIANAGARAM,-,-,-,-,-,-,-,-,-,18.35000000,83.21000000,22-08-2026 12:00,0.5
160,Andra Reservoir,Andhra Pradesh SW,28,Andhra Pradesh,521,VIZIANAGARAM,-,-,-,-,-,-,-,-,-,18.35000000,83.21000000,22-08-2026 13:00,1
161,Andra Reservoir,Andhra Pradesh SW,28,Andhra Pradesh,521,VIZIANAGARAM,-,-,-,-,-,-,-,-,-,18.35000000,83.21000000,22-08-2026 13:00,1
162,Andra Reservoir,Andhra Pradesh SW,28,Andhra Pradesh,521,VIZIANAGARAM,-,-,-,-,-,-,-,-,-,18.35000000,83.21000000,22-08-2026 19:00,2.5
163,Andra Reservoir,Andhra Pradesh SW,28,Andhra Pradesh,521,VIZIANAGARAM,-,-,-,-,-,-,-,-,-,18.35000000,83.21000000,22-08-2026 19:00,2.5
164,Andra Reservoir,Andhra Pradesh SW,28,Andhra Pradesh,521,VIZIANAGARAM,-,-,-,-,-,-,-,-,-,18.35000000,83.21000000,22-08-2026 20:00,0.5
165,Andra Reservoir,Andhra Pradesh SW,28,Andhra Pradesh,521,VIZIANAGARAM,-,-,-,-,-,-,-,-,-,18.35000000,83.21000000,22-08-2026 20:00,0.5
166,Andra Reservoir,Andhra Pradesh SW,28,Andhra Pradesh,521,VIZIANAGARAM,-,-,-,-,-,-,-,-,-,18.35000000,83.21000000,24-08-2026 02:00,0.5
167,Arnior_1,Andhra Pradesh SW,28,Andhra Pradesh,503,CHITTOOR,-,-,-,-,-,-,-,-,-,13.42000000,79.75000000,10-01-2026 16:00,0.5
168,Arnior_1,Andhra Pradesh SW,28,Andhra Pradesh,503,CHITTOOR,-,-,-,-,-,-,-,-,-,13.42000000,79.75000000,25-01-2026 12:00,3
169,Arnior_1,Andhra Pradesh SW,28,Andhra Pradesh,503,CHITTOOR,-,-,-,-,-,-,-,-,-,13.42000000,79.75000000,25-01-2026 20:00,0.5
170,Arnior_1,Andhra Pradesh SW,28,Andhra Pradesh,503,CHITTOOR,-,-,-,-,-,-,-,-,-,13.42000000,79.75000000,26-01-2026 00:00,2
171,Arnior_1,Andhra Pradesh SW,28,Andhra Pradesh,503,CHITTOOR,-,-,-,-,-,-,-,-,-,13.42000000,79.75000000,26-01-2026 01:00,0.5
172,Arnior_1,Andhra Pradesh SW,28,Andhra Pradesh,503,CHITTOOR,-,-,-,-,-,-,-,-,-,13.42000000,79.75000000,26-01-2026 04:00,0.5
173,Arnior_1,Andhra Pradesh SW,28,Andhra Pradesh,503,CHITTOOR,-,-,-,-,-,-,-,-,-,13.42000000,79.75000000,26-01-2026 05:00,0.5
174,Arnior_1,Andhra Pradesh SW,28,Andhra Pradesh,503,CHITTOOR,-,-,-,-,-,-,-,-,-,13.42000000,79.75000000,19-03-2026 02:00,12.5
175,Arnior_1,Andhra Pradesh SW,28,Andhra Pradesh,503,CHITTOOR,-,-,-,-,-,-,-,-,-,13.42000000,79.75000000,19-03-2026 03:00,0.5
176,Arnior_1,Andhra Pradesh SW,28,Andhra Pradesh,503,CHITTOOR,-,-,-,-,-,-,-,-,-,13.42000000,79.75000000,20-03-2026 03:00,18
177,Arnior_1,Andhra Pradesh SW,28,Andhra Pradesh,503,CHITTOOR,-,-,-,-,-,-,-,-,-,13.42000000,79.75000000,06-04-2026 10:00,5.5
178,Arnior_1,Andhra Pradesh SW,28,Andhra Pradesh,503,CHITTOOR,-,-,-,-,-,-,-,-,-,13.42000000,79.75000000,06-04-2026 11:00,8.5
179,Arnior_1,Andhra Pradesh SW,28,Andhra Pradesh,503,CHITTOOR,-,-,-,-,-,-,-,-,-,13.42000000,79.75000000,02-05-2026 15:00,0.5
180,Arnior_1,Andhra Pradesh SW,28,Andhra Pradesh,503,CHITTOOR,-,-,-,-,-,-,-,-,-,13.42000000,79.75000000,02-05-2026 16:00,0.5
181,Arnior_1,Andhra Pradesh SW,28,Andhra Pradesh,503,CHITTOOR,-,-,-,-,-,-,-,-,-,13.42000000,79.75000000,03-05-2026 16:00,13
182,Arnior_1,Andhra Pradesh SW,28,Andhra Pradesh,503,CHITTOOR,-,-,-,-,-,-,-,-,-,13.42000000,79.75000000,08-05-2026 13:00,0.5
183,Arnior_1,Andhra Pradesh SW,28,Andhra Pradesh,503,CHITTOOR,-,-,-,-,-,-,-,-,-,13.42000000,79.75000000,09-05-2026 16:00,3.5
184,Arnior_1,Andhra Pradesh SW,28,Andhra Pradesh,503,CHITTOOR,-,-,-,-,-,-,-,-,-,13.42000000,79.75000000,09-05-2026 17:00,1
185,Arnior_1,Andhra Pradesh SW,28,Andhra Pradesh,503,CHITTOOR,-,-,-,-,-,-,-,-,-,13.42000000,79.75000000,17-05-2026 18:00,0.5
186,Arnior_1,Andhra Pradesh SW,28,Andhra Pradesh,503,CHITTOOR,-,-,-,-,-,-,-,-,-,13.42000000,79.75000000,21-05-2026 16:00,18
187,Arnior_1,Andhra Pradesh SW,28,Andhra Pradesh,503,CHITTOOR,-,-,-,-,-,-,-,-,-,13.42000000,79.75000000,21-05-2026 17:00,11.5
188,Arnior_1,Andhra Pradesh SW,28,Andhra Pradesh,503,CHITTOOR,-,-,-,-,-,-,-,-,-,13.42000000,79.75000000,23-05-2026 12:00,2
189,Arnior_1,Andhra Pradesh SW,28,Andhra Pradesh,503,CHITTOOR,-,-,-,-,-,-,-,-,-,13.42000000,79.75000000,23-05-2026 13:00,4.5
190,Arnior_1,Andhra Pradesh SW,28,Andhra Pradesh,503,CHITTOOR,-,-,-,-,-,-,-,-,-,13.42000000,79.75000000,25-05-2026 16:00,1.5
191,Arnior_1,Andhra Pradesh SW,28,Andhra Pradesh,503,CHITTOOR,-,-,-,-,-,-,-,-,-,13.42000000,79.75000000,26-05-2026 16:00,14.5
192,Arnior_1,Andhra Pradesh SW,28,Andhra Pradesh,503,CHITTOOR,-,-,-,-,-,-,-,-,-,13.42000000,79.75000000,26-05-2026 17:00,2
193,Arnior_1,Andhra Pradesh SW,28,Andhra Pradesh,503,CHITTOOR,-,-,-,-,-,-,-,-,-,13.42000000,79.75000000,01-06-2026 16:00,1.5
194,Arnior_1,Andhra Pradesh SW,28,Andhra Pradesh,503,CHITTOOR,-,-,-,-,-,-,-,-,-,13.42000000,79.75000000,05-06-2026 15:00,1.5
195,Arnior_1,Andhra Pradesh SW,28,Andhra Pradesh,503,CHITTOOR,-,-,-,-,-,-,-,-,-,13.42000000,79.75000000,17-06-2026 20:00,0.5
196,Arnior_1,Andhra Pradesh SW,28,Andhra Pradesh,503,CHITTOOR,-,-,-,-,-,-,-,-,-,13.42000000,79.75000000,17-06-2026 21:00,9
197,Arnior_1,Andhra Pradesh SW,28,Andhra Pradesh,503,CHITTOOR,-,-,-,-,-,-,-,-,-,13.42000000,79.75000000,17-06-2026 22:00,0.5
198,Arnior_1,Andhra Pradesh SW,28,Andhra Pradesh,503,CHITTOOR,-,-,-,-,-,-,-,-,-,13.42000000,79.75000000,18-06-2026 20:00,0.5
199,Arnior_1,Andhra Pradesh SW,28,Andhra Pradesh,503,CHITTOOR,-,-,-,-,-,-,-,-,-,13.42000000,79.75000000,22-06-2026 17:00,1
200,Arnior_1,Andhra Pradesh SW,28,Andhra Pradesh,503,CHITTOOR,-,-,-,-,-,-,-,-,-,13.42000000,79.75000000,22-06-2026 18:00,0.5
201,Arnior_1,Andhra Pradesh SW,28,Andhra Pradesh,503,CHITTOOR,-,-,-,-,-,-,-,-,-,13.42000000,79.75000000,22-06-2026 20:00,17
202,Arnior_1,Andhra Pradesh SW,28,Andhra Pradesh,503,CHITTOOR,-,-,-,-,-,-,-,-,-,13.42000000,79.75000000,22-06-2026 22:00,1
203,Arnior_1,Andhra Pradesh SW,28,Andhra Pradesh,503,CHITTOOR,-,-,-,-,-,-,-,-,-,13.42000000,79.75000000,23-06-2026 17:00,4
204,Arnior_1,Andhra Pradesh SW,28,Andhra Pradesh,503,CHITTOOR,-,-,-,-,-,-,-,-,-,13.42000000,79.75000000,23-06-2026 20:00,1
205,Arnior_1,Andhra Pradesh SW,28,Andhra Pradesh,503,CHITTOOR,-,-,-,-,-,-,-,-,-,13.42000000,79.75000000,25-06-2026 17:00,0.5
206,Arnior_1,Andhra Pradesh SW,28,Andhra Pradesh,503,CHITTOOR,-,-,-,-,-,-,-,-,-,13.42000000,79.75000000,27-06-2026 01:00,0.5
207,Arnior_1,Andhra Pradesh SW,28,Andhra Pradesh,503,CHITTOOR,-,-,-,-,-,-,-,-,-,13.42000000,79.75000000,27-06-2026 23:00,12.5
208,Arnior_1,Andhra Pradesh SW,28,Andhra Pradesh,503,CHITTOOR,-,-,-,-,-,-,-,-,-,13.42000000,79.75000000,28-06-2026 00:00,13.5
209,Arnior_1,Andhra Pradesh SW,28,Andhra Pradesh,503,CHITTOOR,-,-,-,-,-,-,-,-,-,13.42000000,79.75000000,28-06-2026 01:00,2.5
210,Arnior_1,Andhra Pradesh SW,28,Andhra Pradesh,503,CHITTOOR,-,-,-,-,-,-,-,-,-,13.42000000,79.75000000,28-06-2026 02:00,0.5
211,Arnior_1,Andhra Pradesh SW,28,Andhra Pradesh,503,CHITTOOR,-,-,-,-,-,-,-,-,-,13.42000000,79.75000000,28-06-2026 03:00,1.5
212,Arnior_1,Andhra Pradesh SW,28,Andhra Pradesh,503,CHITTOOR,-,-,-,-,-,-,-,-,-,13.42000000,79.75000000,28-06-2026 04:00,1
213,Arnior_1,Andhra Pradesh SW,28,Andhra Pradesh,503,CHITTOOR,-,-,-,-,-,-,-,-,-,13.42000000,79.75000000,29-06-2026 19:00,0.5
214,Arnior_1,Andhra Pradesh SW,28,Andhra Pradesh,503,CHITTOOR,-,-,-,-,-,-,-,-,-,13.42000000,79.75000000,29-06-2026 21:00,0.5
215,Arnior_1,Andhra Pradesh SW,28,Andhra Pradesh,503,CHITTOOR,-,-,-,-,-,-,-,-,-,13.42000000,79.75000000,02-07-2026 16:00,0.5
216,Arnior_1,Andhra Pradesh SW,28,Andhra Pradesh,503,CHITTOOR,-,-,-,-,-,-,-,-,-,13.42000000,79.75000000,02-07-2026 17:00,1
217,Arnior_1,Andhra Pradesh SW,28,Andhra Pradesh,503,CHITTOOR,-,-,-,-,-,-,-,-,-,13.42000000,79.75000000,09-07-2026 18:00,5
218,Arnior_1,Andhra Pradesh SW,28,Andhra Pradesh,503,CHITTOOR,-,-,-,-,-,-,-,-,-,13.42000000,79.75000000,09-07-2026 19:00,0.5
219,Arnior_1,Andhra Pradesh SW,28,Andhra Pradesh,503,CHITTOOR,-,-,-,-,-,-,-,-,-,13.42000000,79.75000000,09-07-2026 20:00,2
220,Arnior_1,Andhra Pradesh SW,28,Andhra Pradesh,503,CHITTOOR,-,-,-,-,-,-,-,-,-,13.42000000,79.75000000,09-07-2026 21:00,9.5
221,Arnior_1,Andhra Pradesh SW,28,Andhra Pradesh,503,CHITTOOR,-,-,-,-,-,-,-,-,-,13.42000000,79.75000000,16-07-2026 20:00,1.5
222,Arnior_1,Andhra Pradesh SW,28,Andhra Pradesh,503,CHITTOOR,-,-,-,-,-,-,-,-,-,13.42000000,79.75000000,20-07-2026 20:00,1.5
223,Arnior_1,Andhra Pradesh SW,28,Andhra Pradesh,503,CHITTOOR,-,-,-,-,-,-,-,-,-,13.42000000,79.75000000,21-07-2026 17:00,1
224,Arnior_1,Andhra Pradesh SW,28,Andhra Pradesh,503,CHITTOOR,-,-,-,-,-,-,-,-,-,13.42000000,79.75000000,24-07-2026 22:00,2
225,Arnior_1,Andhra Pradesh SW,28,Andhra Pradesh,503,CHITTOOR,-,-,-,-,-,-,-,-,-,13.42000000,79.75000000,25-07-2026 01:00,0.5
226,Arnior_1,Andhra Pradesh SW,28,Andhra Pradesh,503,CHITTOOR,-,-,-,-,-,-,-,-,-,13.42000000,79.75000000,31-07-2026 20:00,0.5
227,Arnior_1,Andhra Pradesh SW,28,Andhra Pradesh,503,CHITTOOR,-,-,-,-,-,-,-,-,-,13.42000000,79.75000000,31-07-2026 21:00,0.5
228,Arnior_1,Andhra Pradesh SW,28,Andhra Pradesh,503,CHITTOOR,-,-,-,-,-,-,-,-,-,13.42000000,79.75000000,31-07-2026 22:00,0.5
229,Arnior_1,Andhra Pradesh SW,28,Andhra Pradesh,503,CHITTOOR,-,-,-,-,-,-,-,-,-,13.42000000,79.75000000,01-08-2026 23:00,11
230,Arnior_1,Andhra Pradesh SW,28,Andhra Pradesh,503,CHITTOOR,-,-,-,-,-,-,-,-,-,13.42000000,79.75000000,02-08-2026 00:00,10.5
231,Arnior_1,Andhra Pradesh SW,28,Andhra Pradesh,503,CHITTOOR,-,-,-,-,-,-,-,-,-,13.42000000,79.75000000,02-08-2026 01:00,2.5
232,Arnior_1,Andhra Pradesh SW,28,Andhra Pradesh,503,CHITTOOR,-,-,-,-,-,-,-,-,-,13.42000000,79.75000000,02-08-2026 02:00,1.5
233,Arnior_1,Andhra Pradesh SW,28,Andhra Pradesh,503,CHITTOOR,-,-,-,-,-,-,-,-,-,13.42000000,79.75000000,03-08-2026 07:00,0.5
234,Arnior_1,Andhra Pradesh SW,28,Andhra Pradesh,503,CHITTOOR,-,-,-,-,-,-,-,-,-,13.42000000,79.75000000,03-08-2026 09:00,0.5
235,Arnior_1,Andhra Pradesh SW,28,Andhra Pradesh,503,CHITTOOR,-,-,-,-,-,-,-,-,-,13.42000000,79.75000000,05-08-2026 20:00,0.5
236,Arnior_1,Andhra Pradesh SW,28,Andhra Pradesh,503,CHITTOOR,-,-,-,-,-,-,-,-,-,13.42000000,79.75000000,06-08-2026 21:00,4
237,Arnior_1,Andhra Pradesh SW,28,Andhra Pradesh,503,CHITTOOR,-,-,-,-,-,-,-,-,-,13.42000000,79.75000000,06-08-2026 22:00,2
238,Arnior_1,Andhra Pradesh SW,28,Andhra Pradesh,503,CHITTOOR,-,-,-,-,-,-,-,-,-,13.42000000,79.75000000,06-08-2026 23:00,3.5
239,Arnior_1,Andhra Pradesh SW,28,Andhra Pradesh,503,CHITTOOR,-,-,-,-,-,-,-,-,-,13.42000000,79.75000000,07-08-2026 00:00,1
240,Arnior_1,Andhra Pradesh SW,28,Andhra Pradesh,503,CHITTOOR,-,-,-,-,-,-,-,-,-,13.42000000,79.75000000,07-08-2026 01:00,2.5
241,Arnior_1,Andhra Pradesh SW,28,Andhra Pradesh,503,CHITTOOR,-,-,-,-,-,-,-,-,-,13.42000000,79.75000000,07-08-2026 02:00,0.5
242,Arnior_1,Andhra Pradesh SW,28,Andhra Pradesh,503,CHITTOOR,-,-,-,-,-,-,-,-,-,13.42000000,79.75000000,11-08-2026 00:00,0.5
243,Arnior_1,Andhra Pradesh SW,28,Andhra Pradesh,503,CHITTOOR,-,-,-,-,-,-,-,-,-,13.42000000,79.75000000,11-08-2026 02:00,1
244,Arnior_1,Andhra Pradesh SW,28,Andhra Pradesh,503,CHITTOOR,-,-,-,-,-,-,-,-,-,13.42000000,79.75000000,11-08-2026 19:00,2
245,Arnior_1,Andhra Pradesh SW,28,Andhra Pradesh,503,CHITTOOR,-,-,-,-,-,-,-,-,-,13.42000000,79.75000000,23-08-2026 17:00,0.5
246,Arnior_1,Andhra Pradesh SW,28,Andhra Pradesh,503,CHITTOOR,-,-,-,-,-,-,-,-,-,13.42000000,79.75000000,23-08-2026 17:00,0.5
247,Arnior_1,Andhra Pradesh SW,28,Andhra Pradesh,503,CHITTOOR,-,-,-,-,-,-,-,-,-,13.42000000,79.75000000,23-08-2026 18:00,1.5
248,Arnior_1,Andhra Pradesh SW,28,Andhra Pradesh,503,CHITTOOR,-,-,-,-,-,-,-,-,-,13.42000000,79.75000000,23-08-2026 18:00,1.5
249,Arnior_1,Andhra Pradesh SW,28,Andhra Pradesh,503,CHITTOOR,-,-,-,-,-,-,-,-,-,13.42000000,79.75000000,23-08-2026 19:00,12.5
250,Arnior_1,Andhra Pradesh SW,28,Andhra Pradesh,503,CHITTOOR,-,-,-,-,-,-,-,-,-,13.42000000,79.75000000,23-08-2026 19:00,12.5
251,Arnior_1,Andhra Pradesh SW,28,Andhra Pradesh,503,CHITTOOR,-,-,-,-,-,-,-,-,-,13.42000000,79.75000000,23-08-2026 21:00,3
252,Arnior_1,Andhra Pradesh SW,28,Andhra Pradesh,503,CHITTOOR,-,-,-,-,-,-,-,-,-,13.42000000,79.75000000,23-08-2026 21:00,3
253,Arnior_1,Andhra Pradesh SW,28,Andhra Pradesh,503,CHITTOOR,-,-,-,-,-,-,-,-,-,13.42000000,79.75000000,23-08-2026 22:00,2.5
254,Arnior_1,Andhra Pradesh SW,28,Andhra Pradesh,503,CHITTOOR,-,-,-,-,-,-,-,-,-,13.42000000,79.75000000,23-08-2026 22:00,2.5
255,Arnior_1,Andhra Pradesh SW,28,Andhra Pradesh,503,CHITTOOR,-,-,-,-,-,-,-,-,-,13.42000000,79.75000000,23-08-2026 23:00,12
256,Arnior_1,Andhra Pradesh SW,28,Andhra Pradesh,503,CHITTOOR,-,-,-,-,-,-,-,-,-,13.42000000,79.75000000,23-08-2026 23:00,12
257,Arnior_1,Andhra Pradesh SW,28,Andhra Pradesh,503,CHITTOOR,-,-,-,-,-,-,-,-,-,13.42000000,79.75000000,24-08-2026 00:00,0.5
258,Arnior_1,Andhra Pradesh SW,28,Andhra Pradesh,503,CHITTOOR,-,-,-,-,-,-,-,-,-,13.42000000,79.75000000,24-08-2026 01:00,0.5
259,Arnior_1,Andhra Pradesh SW,28,Andhra Pradesh,503,CHITTOOR,-,-,-,-,-,-,-,-,-,13.42000000,79.75000000,24-08-2026 19:00,2
260,Arnior_1,Andhra Pradesh SW,28,Andhra Pradesh,503,CHITTOOR,-,-,-,-,-,-,-,-,-,13.42000000,79.75000000,24-08-2026 20:00,0.5
261,Arnior_1,Andhra Pradesh SW,28,Andhra Pradesh,503,CHITTOOR,-,-,-,-,-,-,-,-,-,13.42000000,79.75000000,24-08-2026 22:00,0.5
262,Arnior_1,Andhra Pradesh SW,28,Andhra Pradesh,503,CHITTOOR,-,-,-,-,-,-,-,-,-,13.42000000,79.75000000,24-08-2026 23:00,0.5
263,Arnior_1,Andhra Pradesh SW,28,Andhra Pradesh,503,CHITTOOR,-,-,-,-,-,-,-,-,-,13.42000000,79.75000000,25-08-2026 03:00,0.5
264,Arnior_1,Andhra Pradesh SW,28,Andhra Pradesh,503,CHITTOOR,-,-,-,-,-,-,-,-,-,13.42000000,79.75000000,25-08-2026 23:00,0.5
265,Arnior_1,Andhra Pradesh SW,28,Andhra Pradesh,503,CHITTOOR,-,-,-,-,-,-,-,-,-,13.42000000,79.75000000,25-08-2026 23:00,0.5
266,Bahuda Dam,Andhra Pradesh SW,28,Andhra Pradesh,753,ANNAMAYYA,-,-,-,-,-,-,-,-,-,13.56000000,78.63000000,10-01-2026 19:00,0.5
267,Bahuda Dam,Andhra Pradesh SW,28,Andhra Pradesh,753,ANNAMAYYA,-,-,-,-,-,-,-,-,-,13.56000000,78.63000000,26-01-2026 01:00,1.5
268,Bahuda Dam,Andhra Pradesh SW,28,Andhra Pradesh,753,ANNAMAYYA,-,-,-,-,-,-,-,-,-,13.56000000,78.63000000,26-01-2026 02:00,1.5
269,Bahuda Dam,Andhra Pradesh SW,28,Andhra Pradesh,753,ANNAMAYYA,-,-,-,-,-,-,-,-,-,13.56000000,78.63000000,26-01-2026 03:00,0.5
270,Bahuda Dam,Andhra Pradesh SW,28,Andhra Pradesh,753,ANNAMAYYA,-,-,-,-,-,-,-,-,-,13.56000000,78.63000000,26-01-2026 05:00,0.5
271,Bahuda Dam,Andhra Pradesh SW,28,Andhra Pradesh,753,ANNAMAYYA,-,-,-,-,-,-,-,-,-,13.56000000,78.63000000,06-02-2026 06:00,257
272,Bahuda Dam,Andhra Pradesh SW,28,Andhra Pradesh,753,ANNAMAYYA,-,-,-,-,-,-,-,-,-,13.56000000,78.63000000,18-03-2026 21:00,0.5
273,Bahuda Dam,Andhra Pradesh SW,28,Andhra Pradesh,753,ANNAMAYYA,-,-,-,-,-,-,-,-,-,13.56000000,78.63000000,18-03-2026 22:00,1
274,Bahuda Dam,Andhra Pradesh SW,28,Andhra Pradesh,753,ANNAMAYYA,-,-,-,-,-,-,-,-,-,13.56000000,78.63000000,19-03-2026 18:00,96
275,Bahuda Dam,Andhra Pradesh SW,28,Andhra Pradesh,753,ANNAMAYYA,-,-,-,-,-,-,-,-,-,13.56000000,78.63000000,20-03-2026 10:00,12
276,Bahuda Dam,Andhra Pradesh SW,28,Andhra Pradesh,753,ANNAMAYYA,-,-,-,-,-,-,-,-,-,13.56000000,78.63000000,27-04-2026 16:00,151
277,Bahuda Dam,Andhra Pradesh SW,28,Andhra Pradesh,753,ANNAMAYYA,-,-,-,-,-,-,-,-,-,13.56000000,78.63000000,29-04-2026 18:00,0.5
278,Bahuda Dam,Andhra Pradesh SW,28,Andhra Pradesh,753,ANNAMAYYA,-,-,-,-,-,-,-,-,-,13.56000000,78.63000000,29-04-2026 18:00,0.5
279,Bahuda Dam,Andhra Pradesh SW,28,Andhra Pradesh,753,ANNAMAYYA,-,-,-,-,-,-,-,-,-,13.56000000,78.63000000,29-04-2026 20:00,0.5
280,Bahuda Dam,Andhra Pradesh SW,28,Andhra Pradesh,753,ANNAMAYYA,-,-,-,-,-,-,-,-,-,13.56000000,78.63000000,29-04-2026 20:00,0.5
281,Bahuda Dam,Andhra Pradesh SW,28,Andhra Pradesh,753,ANNAMAYYA,-,-,-,-,-,-,-,-,-,13.56000000,78.63000000,01-05-2026 02:00,0.5
282,Bahuda Dam,Andhra Pradesh SW,28,Andhra Pradesh,753,ANNAMAYYA,-,-,-,-,-,-,-,-,-,13.56000000,78.63000000,01-05-2026 02:00,0.5
283,Bahuda Dam,Andhra Pradesh SW,28,Andhra Pradesh,753,ANNAMAYYA,-,-,-,-,-,-,-,-,-,13.56000000,78.63000000,01-05-2026 03:00,1
284,Bahuda Dam,Andhra Pradesh SW,28,Andhra Pradesh,753,ANNAMAYYA,-,-,-,-,-,-,-,-,-,13.56000000,78.63000000,01-05-2026 03:00,1
285,Bahuda Dam,Andhra Pradesh SW,28,Andhra Pradesh,753,ANNAMAYYA,-,-,-,-,-,-,-,-,-,13.56000000,78.63000000,04-05-2026 01:00,1
286,Bahuda Dam,Andhra Pradesh SW,28,Andhra Pradesh,753,ANNAMAYYA,-,-,-,-,-,-,-,-,-,13.56000000,78.63000000,04-05-2026 07:00,0.5
287,Bahuda Dam,Andhra Pradesh SW,28,Andhra Pradesh,753,ANNAMAYYA,-,-,-,-,-,-,-,-,-,13.56000000,78.63000000,06-05-2026 15:00,26
288,Bahuda Dam,Andhra Pradesh SW,28,Andhra Pradesh,753,ANNAMAYYA,-,-,-,-,-,-,-,-,-,13.56000000,78.63000000,06-05-2026 16:00,20
289,Bahuda Dam,Andhra Pradesh SW,28,Andhra Pradesh,753,ANNAMAYYA,-,-,-,-,-,-,-,-,-,13.56000000,78.63000000,18-05-2026 18:00,2
290,Bahuda Dam,Andhra Pradesh SW,28,Andhra Pradesh,753,ANNAMAYYA,-,-,-,-,-,-,-,-,-,13.56000000,78.63000000,18-05-2026 19:00,2.5
291,Bahuda Dam,Andhra Pradesh SW,28,Andhra Pradesh,753,ANNAMAYYA,-,-,-,-,-,-,-,-,-,13.56000000,78.63000000,18-05-2026 20:00,1.5
292,Bahuda Dam,Andhra Pradesh SW,28,Andhra Pradesh,753,ANNAMAYYA,-,-,-,-,-,-,-,-,-,13.56000000,78.63000000,18-05-2026 21:00,1
293,Bahuda Dam,Andhra Pradesh SW,28,Andhra Pradesh,753,ANNAMAYYA,-,-,-,-,-,-,-,-,-,13.56000000,78.63000000,18-05-2026 22:00,2
294,Bahuda Dam,Andhra Pradesh SW,28,Andhra Pradesh,753,ANNAMAYYA,-,-,-,-,-,-,-,-,-,13.56000000,78.63000000,18-05-2026 23:00,2
295,Bahuda Dam,Andhra Pradesh SW,28,Andhra Pradesh,753,ANNAMAYYA,-,-,-,-,-,-,-,-,-,13.56000000,78.63000000,19-05-2026 00:00,1.5
296,Bahuda Dam,Andhra Pradesh SW,28,Andhra Pradesh,753,ANNAMAYYA,-,-,-,-,-,-,-,-,-,13.56000000,78.63000000,19-05-2026 01:00,0.5
297,Bahuda Dam,Andhra Pradesh SW,28,Andhra Pradesh,753,ANNAMAYYA,-,-,-,-,-,-,-,-,-,13.56000000,78.63000000,26-05-2026 23:00,0.5
298,Bahuda Dam,Andhra Pradesh SW,28,Andhra Pradesh,753,ANNAMAYYA,-,-,-,-,-,-,-,-,-,13.56000000,78.63000000,27-05-2026 02:00,0.5
299,Bahuda Dam,Andhra Pradesh SW,28,Andhra Pradesh,753,ANNAMAYYA,-,-,-,-,-,-,-,-,-,13.56000000,78.63000000,03-06-2026 00:00,0.5
300,Bahuda Dam,Andhra Pradesh SW,28,Andhra Pradesh,753,ANNAMAYYA,-,-,-,-,-,-,-,-,-,13.56000000,78.63000000,03-06-2026 07:00,0.5
301,Bahuda Dam,Andhra Pradesh SW,28,Andhra Pradesh,753,ANNAMAYYA,-,-,-,-,-,-,-,-,-,13.56000000,78.63000000,04-06-2026 00:00,0.5
302,Bahuda Dam,Andhra Pradesh SW,28,Andhra Pradesh,753,ANNAMAYYA,-,-,-,-,-,-,-,-,-,13.56000000,78.63000000,12-06-2026 21:00,0.5
303,Bahuda Dam,Andhra Pradesh SW,28,Andhra Pradesh,753,ANNAMAYYA,-,-,-,-,-,-,-,-,-,13.56000000,78.63000000,14-06-2026 06:00,0.5
304,Bahuda Dam,Andhra Pradesh SW,28,Andhra Pradesh,753,ANNAMAYYA,-,-,-,-,-,-,-,-,-,13.56000000,78.63000000,15-06-2026 23:00,0.5
305,Bahuda Dam,Andhra Pradesh SW,28,Andhra Pradesh,753,ANNAMAYYA,-,-,-,-,-,-,-,-,-,13.56000000,78.63000000,19-06-2026 08:00,0.5
306,Bahuda Dam,Andhra Pradesh SW,28,Andhra Pradesh,753,ANNAMAYYA,-,-,-,-,-,-,-,-,-,13.56000000,78.63000000,08-07-2026 17:00,0.5
307,Bahuda Dam,Andhra Pradesh SW,28,Andhra Pradesh,753,ANNAMAYYA,-,-,-,-,-,-,-,-,-,13.56000000,78.63000000,08-07-2026 18:00,0.5
308,Bahuda Dam,Andhra Pradesh SW,28,Andhra Pradesh,753,ANNAMAYYA,-,-,-,-,-,-,-,-,-,13.56000000,78.63000000,08-07-2026 22:00,0.5
309,Bahuda Dam,Andhra Pradesh SW,28,Andhra Pradesh,753,ANNAMAYYA,-,-,-,-,-,-,-,-,-,13.56000000,78.63000000,21-07-2026 11:00,1
310,Bahuda Dam,Andhra Pradesh SW,28,Andhra Pradesh,753,ANNAMAYYA,-,-,-,-,-,-,-,-,-,13.56000000,78.63000000,22-07-2026 19:00,9
311,Bahuda Dam,Andhra Pradesh SW,28,Andhra Pradesh,753,ANNAMAYYA,-,-,-,-,-,-,-,-,-,13.56000000,78.63000000,31-07-2026 18:00,3.5
312,Bahuda Dam,Andhra Pradesh SW,28,Andhra Pradesh,753,ANNAMAYYA,-,-,-,-,-,-,-,-,-,13.56000000,78.63000000,31-07-2026 19:00,2.5
313,Bahuda Dam,Andhra Pradesh SW,28,Andhra Pradesh,753,ANNAMAYYA,-,-,-,-,-,-,-,-,-,13.56000000,78.63000000,04-08-2026 02:00,1
314,Bahuda Dam,Andhra Pradesh SW,28,Andhra Pradesh,753,ANNAMAYYA,-,-,-,-,-,-,-,-,-,13.56000000,78.63000000,04-08-2026 03:00,1
315,Bahuda Dam,Andhra Pradesh SW,28,Andhra Pradesh,753,ANNAMAYYA,-,-,-,-,-,-,-,-,-,13.56000000,78.63000000,05-08-2026 19:00,0.5
316,Bahuda Dam,Andhra Pradesh SW,28,Andhra Pradesh,753,ANNAMAYYA,-,-,-,-,-,-,-,-,-,13.56000000,78.63000000,05-08-2026 20:00,0.5
317,Banaka Cherla Regulator  Complex,Andhra Pradesh SW,28,Andhra Pradesh,755,NANDYAL,-,-,-,-,-,-,-,-,-,15.81000000,78.53000000,11-01-2026 03:00,0.5
318,Banaka Cherla Regulator  Complex,Andhra Pradesh SW,28,Andhra Pradesh,755,NANDYAL,-,-,-,-,-,-,-,-,-,15.81000000,78.53000000,15-01-2026 11:00,120
319,Brahmam Sagar Reservoir (SPVBR),Andhra Pradesh SW,28,Andhra Pradesh,504,Kadapa,-,-,-,-,-,-,-,-,-,14.81000000,78.88000000,10-01-2026 19:00,1.5
320,Brahmam Sagar Reservoir (SPVBR),Andhra Pradesh SW,28,Andhra Pradesh,504,Kadapa,-,-,-,-,-,-,-,-,-,14.81000000,78.88000000,10-01-2026 20:00,2.5
321,Brahmam Sagar Reservoir (SPVBR),Andhra Pradesh SW,28,Andhra Pradesh,504,Kadapa,-,-,-,-,-,-,-,-,-,14.81000000,78.88000000,23-02-2026 17:00,36
322,Brahmam Sagar Reservoir (SPVBR),Andhra Pradesh SW,28,Andhra Pradesh,504,Kadapa,-,-,-,-,-,-,-,-,-,14.81000000,78.88000000,27-02-2026 13:00,192.5
323,Brahmam Sagar Reservoir (SPVBR),Andhra Pradesh SW,28,Andhra Pradesh,504,Kadapa,-,-,-,-,-,-,-,-,-,14.81000000,78.88000000,20-03-2026 12:00,192
324,Brahmam Sagar Reservoir (SPVBR),Andhra Pradesh SW,28,Andhra Pradesh,504,Kadapa,-,-,-,-,-,-,-,-,-,14.81000000,78.88000000,06-04-2026 01:00,5
325,Brahmam Sagar Reservoir (SPVBR),Andhra Pradesh SW,28,Andhra Pradesh,504,Kadapa,-,-,-,-,-,-,-,-,-,14.81000000,78.88000000,06-04-2026 02:00,1.5
326,Brahmam Sagar Reservoir (SPVBR),Andhra Pradesh SW,28,Andhra Pradesh,504,Kadapa,-,-,-,-,-,-,-,-,-,14.81000000,78.88000000,19-04-2026 10:00,40.5
327,Brahmam Sagar Reservoir (SPVBR),Andhra Pradesh SW,28,Andhra Pradesh,504,Kadapa,-,-,-,-,-,-,-,-,-,14.81000000,78.88000000,04-05-2026 20:00,2.5
328,Brahmam Sagar Reservoir (SPVBR),Andhra Pradesh SW,28,Andhra Pradesh,504,Kadapa,-,-,-,-,-,-,-,-,-,14.81000000,78.88000000,22-05-2026 02:00,10
329,Brahmam Sagar Reservoir (SPVBR),Andhra Pradesh SW,28,Andhra Pradesh,504,Kadapa,-,-,-,-,-,-,-,-,-,14.81000000,78.88000000,25-05-2026 02:00,5.5
330,Brahmam Sagar Reservoir (SPVBR),Andhra Pradesh SW,28,Andhra Pradesh,504,Kadapa,-,-,-,-,-,-,-,-,-,14.81000000,78.88000000,25-05-2026 03:00,5.5
331,Brahmam Sagar Reservoir (SPVBR),Andhra Pradesh SW,28,Andhra Pradesh,504,Kadapa,-,-,-,-,-,-,-,-,-,14.81000000,78.88000000,12-06-2026 21:00,0.5
332,Brahmam Sagar Reservoir (SPVBR),Andhra Pradesh SW,28,Andhra Pradesh,504,Kadapa,-,-,-,-,-,-,-,-,-,14.81000000,78.88000000,14-06-2026 01:00,0.5
333,Brahmam Sagar Reservoir (SPVBR),Andhra Pradesh SW,28,Andhra Pradesh,504,Kadapa,-,-,-,-,-,-,-,-,-,14.81000000,78.88000000,14-06-2026 02:00,0.5
334,Brahmam Sagar Reservoir (SPVBR),Andhra Pradesh SW,28,Andhra Pradesh,504,Kadapa,-,-,-,-,-,-,-,-,-,14.81000000,78.88000000,14-06-2026 05:00,0.5
335,Brahmam Sagar Reservoir (SPVBR),Andhra Pradesh SW,28,Andhra Pradesh,504,Kadapa,-,-,-,-,-,-,-,-,-,14.81000000,78.88000000,03-07-2026 17:00,3.5
336,Brahmam Sagar Reservoir (SPVBR),Andhra Pradesh SW,28,Andhra Pradesh,504,Kadapa,-,-,-,-,-,-,-,-,-,14.81000000,78.88000000,03-07-2026 18:00,0.5
337,Brahmam Sagar Reservoir (SPVBR),Andhra Pradesh SW,28,Andhra Pradesh,504,Kadapa,-,-,-,-,-,-,-,-,-,14.81000000,78.88000000,20-07-2026 15:00,0.5
338,Brahmam Sagar Reservoir (SPVBR),Andhra Pradesh SW,28,Andhra Pradesh,504,Kadapa,-,-,-,-,-,-,-,-,-,14.81000000,78.88000000,20-07-2026 17:00,0.5
339,Brahmam Sagar Reservoir (SPVBR),Andhra Pradesh SW,28,Andhra Pradesh,504,Kadapa,-,-,-,-,-,-,-,-,-,14.81000000,78.88000000,20-07-2026 19:00,3.5
340,Brahmam Sagar Reservoir (SPVBR),Andhra Pradesh SW,28,Andhra Pradesh,504,Kadapa,-,-,-,-,-,-,-,-,-,14.81000000,78.88000000,21-07-2026 06:00,0.5
341,Brahmam Sagar Reservoir (SPVBR),Andhra Pradesh SW,28,Andhra Pradesh,504,Kadapa,-,-,-,-,-,-,-,-,-,14.81000000,78.88000000,31-07-2026 22:00,0.5
342,Brahmam Sagar Reservoir (SPVBR),Andhra Pradesh SW,28,Andhra Pradesh,504,Kadapa,-,-,-,-,-,-,-,-,-,14.81000000,78.88000000,01-08-2026 00:00,0.5
343,Brahmam Sagar Reservoir (SPVBR),Andhra Pradesh SW,28,Andhra Pradesh,504,Kadapa,-,-,-,-,-,-,-,-,-,14.81000000,78.88000000,02-08-2026 18:00,7.5
344,Brahmam Sagar Reservoir (SPVBR),Andhra Pradesh SW,28,Andhra Pradesh,504,Kadapa,-,-,-,-,-,-,-,-,-,14.81000000,78.88000000,02-08-2026 19:00,0.5
345,Brahmam Sagar Reservoir (SPVBR),Andhra Pradesh SW,28,Andhra Pradesh,504,Kadapa,-,-,-,-,-,-,-,-,-,14.81000000,78.88000000,02-08-2026 23:00,2
346,Brahmam Sagar Reservoir (SPVBR),Andhra Pradesh SW,28,Andhra Pradesh,504,Kadapa,-,-,-,-,-,-,-,-,-,14.81000000,78.88000000,03-08-2026 21:00,0.5
347,Brahmam Sagar Reservoir (SPVBR),Andhra Pradesh SW,28,Andhra Pradesh,504,Kadapa,-,-,-,-,-,-,-,-,-,14.81000000,78.88000000,03-08-2026 22:00,0.5
348,Brahmam Sagar Reservoir (SPVBR),Andhra Pradesh SW,28,Andhra Pradesh,504,Kadapa,-,-,-,-,-,-,-,-,-,14.81000000,78.88000000,03-08-2026 23:00,1
349,Brahmam Sagar Reservoir (SPVBR),Andhra Pradesh SW,28,Andhra Pradesh,504,Kadapa,-,-,-,-,-,-,-,-,-,14.81000000,78.88000000,04-08-2026 00:00,1
350,Brahmam Sagar Reservoir (SPVBR),Andhra Pradesh SW,28,Andhra Pradesh,504,Kadapa,-,-,-,-,-,-,-,-,-,14.81000000,78.88000000,05-08-2026 01:00,18.5
351,Brahmam Sagar Reservoir (SPVBR),Andhra Pradesh SW,28,Andhra Pradesh,504,Kadapa,-,-,-,-,-,-,-,-,-,14.81000000,78.88000000,05-08-2026 02:00,0.5
352,Brahmam Sagar Reservoir (SPVBR),Andhra Pradesh SW,28,Andhra Pradesh,504,Kadapa,-,-,-,-,-,-,-,-,-,14.81000000,78.88000000,06-08-2026 21:00,11
353,Brahmam Sagar Reservoir (SPVBR),Andhra Pradesh SW,28,Andhra Pradesh,504,Kadapa,-,-,-,-,-,-,-,-,-,14.81000000,78.88000000,06-08-2026 23:00,0.5
354,Brahmam Sagar Reservoir (SPVBR),Andhra Pradesh SW,28,Andhra Pradesh,504,Kadapa,-,-,-,-,-,-,-,-,-,14.81000000,78.88000000,07-08-2026 00:00,3.5
355,Brahmam Sagar Reservoir (SPVBR),Andhra Pradesh SW,28,Andhra Pradesh,504,Kadapa,-,-,-,-,-,-,-,-,-,14.81000000,78.88000000,07-08-2026 01:00,1.5
356,Brahmam Sagar Reservoir (SPVBR),Andhra Pradesh SW,28,Andhra Pradesh,504,Kadapa,-,-,-,-,-,-,-,-,-,14.81000000,78.88000000,08-08-2026 14:00,4.5
357,Brahmam Sagar Reservoir (SPVBR),Andhra Pradesh SW,28,Andhra Pradesh,504,Kadapa,-,-,-,-,-,-,-,-,-,14.81000000,78.88000000,08-08-2026 22:00,6.5
358,Brahmam Sagar Reservoir (SPVBR),Andhra Pradesh SW,28,Andhra Pradesh,504,Kadapa,-,-,-,-,-,-,-,-,-,14.81000000,78.88000000,08-08-2026 23:00,3
359,Brahmam Sagar Reservoir (SPVBR),Andhra Pradesh SW,28,Andhra Pradesh,504,Kadapa,-,-,-,-,-,-,-,-,-,14.81000000,78.88000000,09-08-2026 00:00,1
360,Brahmam Sagar Reservoir (SPVBR),Andhra Pradesh SW,28,Andhra Pradesh,504,Kadapa,-,-,-,-,-,-,-,-,-,14.81000000,78.88000000,09-08-2026 01:00,0.5
361,Brahmam Sagar Reservoir (SPVBR),Andhra Pradesh SW,28,Andhra Pradesh,504,Kadapa,-,-,-,-,-,-,-,-,-,14.81000000,78.88000000,09-08-2026 23:00,1.5
362,Brahmam Sagar Reservoir (SPVBR),Andhra Pradesh SW,28,Andhra Pradesh,504,Kadapa,-,-,-,-,-,-,-,-,-,14.81000000,78.88000000,10-08-2026 00:00,1
363,Brahmam Sagar Reservoir (SPVBR),Andhra Pradesh SW,28,Andhra Pradesh,504,Kadapa,-,-,-,-,-,-,-,-,-,14.81000000,78.88000000,21-08-2026 01:00,0.5
364,Brahmam Sagar Reservoir (SPVBR),Andhra Pradesh SW,28,Andhra Pradesh,504,Kadapa,-,-,-,-,-,-,-,-,-,14.81000000,78.88000000,22-08-2026 22:00,0.5
365,Brahmam Sagar Reservoir (SPVBR),Andhra Pradesh SW,28,Andhra Pradesh,504,Kadapa,-,-,-,-,-,-,-,-,-,14.81000000,78.88000000,22-08-2026 22:00,0.5
366,Brahmam Sagar Reservoir (SPVBR),Andhra Pradesh SW,28,Andhra Pradesh,504,Kadapa,-,-,-,-,-,-,-,-,-,14.81000000,78.88000000,22-08-2026 23:00,6
367,Brahmam Sagar Reservoir (SPVBR),Andhra Pradesh SW,28,Andhra Pradesh,504,Kadapa,-,-,-,-,-,-,-,-,-,14.81000000,78.88000000,22-08-2026 23:00,6
368,Brahmam Sagar Reservoir (SPVBR),Andhra Pradesh SW,28,Andhra Pradesh,504,Kadapa,-,-,-,-,-,-,-,-,-,14.81000000,78.88000000,23-08-2026 00:00,4
369,Brahmam Sagar Reservoir (SPVBR),Andhra Pradesh SW,28,Andhra Pradesh,504,Kadapa,-,-,-,-,-,-,-,-,-,14.81000000,78.88000000,23-08-2026 00:00,4
370,Brahmam Sagar Reservoir (SPVBR),Andhra Pradesh SW,28,Andhra Pradesh,504,Kadapa,-,-,-,-,-,-,-,-,-,14.81000000,78.88000000,23-08-2026 03:00,0.5
371,Brahmam Sagar Reservoir (SPVBR),Andhra Pradesh SW,28,Andhra Pradesh,504,Kadapa,-,-,-,-,-,-,-,-,-,14.81000000,78.88000000,23-08-2026 03:00,0.5
372,Brahmam Sagar Reservoir (SPVBR),Andhra Pradesh SW,28,Andhra Pradesh,504,Kadapa,-,-,-,-,-,-,-,-,-,14.81000000,78.88000000,23-08-2026 20:00,7.5
373,Brahmam Sagar Reservoir (SPVBR),Andhra Pradesh SW,28,Andhra Pradesh,504,Kadapa,-,-,-,-,-,-,-,-,-,14.81000000,78.88000000,23-08-2026 20:00,7.5
374,Brahmam Sagar Reservoir (SPVBR),Andhra Pradesh SW,28,Andhra Pradesh,504,Kadapa,-,-,-,-,-,-,-,-,-,14.81000000,78.88000000,23-08-2026 21:00,7
375,Brahmam Sagar Reservoir (SPVBR),Andhra Pradesh SW,28,Andhra Pradesh,504,Kadapa,-,-,-,-,-,-,-,-,-,14.81000000,78.88000000,23-08-2026 21:00,7
376,Brahmam Sagar Reservoir (SPVBR),Andhra Pradesh SW,28,Andhra Pradesh,504,Kadapa,-,-,-,-,-,-,-,-,-,14.81000000,78.88000000,23-08-2026 22:00,3.5
377,Brahmam Sagar Reservoir (SPVBR),Andhra Pradesh SW,28,Andhra Pradesh,504,Kadapa,-,-,-,-,-,-,-,-,-,14.81000000,78.88000000,23-08-2026 22:00,3.5
378,Brahmam Sagar Reservoir (SPVBR),Andhra Pradesh SW,28,Andhra Pradesh,504,Kadapa,-,-,-,-,-,-,-,-,-,14.81000000,78.88000000,23-08-2026 23:00,1
379,Brahmam Sagar Reservoir (SPVBR),Andhra Pradesh SW,28,Andhra Pradesh,504,Kadapa,-,-,-,-,-,-,-,-,-,14.81000000,78.88000000,23-08-2026 23:00,1
380,Brahmam Sagar Reservoir (SPVBR),Andhra Pradesh SW,28,Andhra Pradesh,504,Kadapa,-,-,-,-,-,-,-,-,-,14.81000000,78.88000000,24-08-2026 02:00,0.5
381,Buggavanka Dam,Andhra Pradesh SW,28,Andhra Pradesh,504,Kadapa,-,-,-,-,-,-,-,-,-,14.40000000,78.83000000,10-01-2026 15:00,0.5
382,Buggavanka Dam,Andhra Pradesh SW,28,Andhra Pradesh,504,Kadapa,-,-,-,-,-,-,-,-,-,14.40000000,78.83000000,10-01-2026 20:00,0.5
383,Buggavanka Dam,Andhra Pradesh SW,28,Andhra Pradesh,504,Kadapa,-,-,-,-,-,-,-,-,-,14.40000000,78.83000000,10-01-2026 21:00,0.5
384,Buggavanka Dam,Andhra Pradesh SW,28,Andhra Pradesh,504,Kadapa,-,-,-,-,-,-,-,-,-,14.40000000,78.83000000,10-01-2026 23:00,0.5
385,Buggavanka Dam,Andhra Pradesh SW,28,Andhra Pradesh,504,Kadapa,-,-,-,-,-,-,-,-,-,14.40000000,78.83000000,11-01-2026 02:00,0.5
386,Buggavanka Dam,Andhra Pradesh SW,28,Andhra Pradesh,504,Kadapa,-,-,-,-,-,-,-,-,-,14.40000000,78.83000000,22-02-2026 14:00,160
387,Buggavanka Dam,Andhra Pradesh SW,28,Andhra Pradesh,504,Kadapa,-,-,-,-,-,-,-,-,-,14.40000000,78.83000000,18-03-2026 23:00,2
388,Buggavanka Dam,Andhra Pradesh SW,28,Andhra Pradesh,504,Kadapa,-,-,-,-,-,-,-,-,-,14.40000000,78.83000000,19-03-2026 00:00,2.5
389,Buggavanka Dam,Andhra Pradesh SW,28,Andhra Pradesh,504,Kadapa,-,-,-,-,-,-,-,-,-,14.40000000,78.83000000,19-03-2026 01:00,0.5
390,Buggavanka Dam,Andhra Pradesh SW,28,Andhra Pradesh,504,Kadapa,-,-,-,-,-,-,-,-,-,14.40000000,78.83000000,03-05-2026 23:00,0.5
391,Buggavanka Dam,Andhra Pradesh SW,28,Andhra Pradesh,504,Kadapa,-,-,-,-,-,-,-,-,-,14.40000000,78.83000000,04-05-2026 00:00,0.5
392,Buggavanka Dam,Andhra Pradesh SW,28,Andhra Pradesh,504,Kadapa,-,-,-,-,-,-,-,-,-,14.40000000,78.83000000,04-05-2026 21:00,2.5
393,Buggavanka Dam,Andhra Pradesh SW,28,Andhra Pradesh,504,Kadapa,-,-,-,-,-,-,-,-,-,14.40000000,78.83000000,04-05-2026 22:00,2
394,Buggavanka Dam,Andhra Pradesh SW,28,Andhra Pradesh,504,Kadapa,-,-,-,-,-,-,-,-,-,14.40000000,78.83000000,05-05-2026 00:00,1
395,Buggavanka Dam,Andhra Pradesh SW,28,Andhra Pradesh,504,Kadapa,-,-,-,-,-,-,-,-,-,14.40000000,78.83000000,06-05-2026 12:00,7.5
396,Buggavanka Dam,Andhra Pradesh SW,28,Andhra Pradesh,504,Kadapa,-,-,-,-,-,-,-,-,-,14.40000000,78.83000000,21-05-2026 22:00,2.5
397,Buggavanka Dam,Andhra Pradesh SW,28,Andhra Pradesh,504,Kadapa,-,-,-,-,-,-,-,-,-,14.40000000,78.83000000,22-05-2026 03:00,18.5
398,Buggavanka Dam,Andhra Pradesh SW,28,Andhra Pradesh,504,Kadapa,-,-,-,-,-,-,-,-,-,14.40000000,78.83000000,25-05-2026 03:00,10.5
399,Buggavanka Dam,Andhra Pradesh SW,28,Andhra Pradesh,504,Kadapa,-,-,-,-,-,-,-,-,-,14.40000000,78.83000000,25-05-2026 04:00,7
400,Buggavanka Dam,Andhra Pradesh SW,28,Andhra Pradesh,504,Kadapa,-,-,-,-,-,-,-,-,-,14.40000000,78.83000000,25-05-2026 06:00,0.5
401,Buggavanka Dam,Andhra Pradesh SW,28,Andhra Pradesh,504,Kadapa,-,-,-,-,-,-,-,-,-,14.40000000,78.83000000,26-05-2026 21:00,17.5
402,Buggavanka Dam,Andhra Pradesh SW,28,Andhra Pradesh,504,Kadapa,-,-,-,-,-,-,-,-,-,14.40000000,78.83000000,26-05-2026 22:00,16
403,Buggavanka Dam,Andhra Pradesh SW,28,Andhra Pradesh,504,Kadapa,-,-,-,-,-,-,-,-,-,14.40000000,78.83000000,26-05-2026 23:00,0.5
404,Buggavanka Dam,Andhra Pradesh SW,28,Andhra Pradesh,504,Kadapa,-,-,-,-,-,-,-,-,-,14.40000000,78.83000000,29-05-2026 04:00,4.5
405,Buggavanka Dam,Andhra Pradesh SW,28,Andhra Pradesh,504,Kadapa,-,-,-,-,-,-,-,-,-,14.40000000,78.83000000,09-06-2026 18:00,2.5
406,Buggavanka Dam,Andhra Pradesh SW,28,Andhra Pradesh,504,Kadapa,-,-,-,-,-,-,-,-,-,14.40000000,78.83000000,12-06-2026 04:00,3
407,Buggavanka Dam,Andhra Pradesh SW,28,Andhra Pradesh,504,Kadapa,-,-,-,-,-,-,-,-,-,14.40000000,78.83000000,14-06-2026 01:00,3.5
408,Buggavanka Dam,Andhra Pradesh SW,28,Andhra Pradesh,504,Kadapa,-,-,-,-,-,-,-,-,-,14.40000000,78.83000000,14-06-2026 02:00,1
409,Buggavanka Dam,Andhra Pradesh SW,28,Andhra Pradesh,504,Kadapa,-,-,-,-,-,-,-,-,-,14.40000000,78.83000000,14-06-2026 03:00,0.5
410,Buggavanka Dam,Andhra Pradesh SW,28,Andhra Pradesh,504,Kadapa,-,-,-,-,-,-,-,-,-,14.40000000,78.83000000,14-06-2026 04:00,1
411,Buggavanka Dam,Andhra Pradesh SW,28,Andhra Pradesh,504,Kadapa,-,-,-,-,-,-,-,-,-,14.40000000,78.83000000,14-06-2026 05:00,0.5
412,Buggavanka Dam,Andhra Pradesh SW,28,Andhra Pradesh,504,Kadapa,-,-,-,-,-,-,-,-,-,14.40000000,78.83000000,19-06-2026 06:00,1.5
413,Buggavanka Dam,Andhra Pradesh SW,28,Andhra Pradesh,504,Kadapa,-,-,-,-,-,-,-,-,-,14.40000000,78.83000000,19-06-2026 07:00,2
414,Buggavanka Dam,Andhra Pradesh SW,28,Andhra Pradesh,504,Kadapa,-,-,-,-,-,-,-,-,-,14.40000000,78.83000000,19-06-2026 08:00,2
415,Buggavanka Dam,Andhra Pradesh SW,28,Andhra Pradesh,504,Kadapa,-,-,-,-,-,-,-,-,-,14.40000000,78.83000000,19-06-2026 12:00,0.5
416,Buggavanka Dam,Andhra Pradesh SW,28,Andhra Pradesh,504,Kadapa,-,-,-,-,-,-,-,-,-,14.40000000,78.83000000,23-06-2026 00:00,1
417,Buggavanka Dam,Andhra Pradesh SW,28,Andhra Pradesh,504,Kadapa,-,-,-,-,-,-,-,-,-,14.40000000,78.83000000,23-06-2026 01:00,0.5
418,Buggavanka Dam,Andhra Pradesh SW,28,Andhra Pradesh,504,Kadapa,-,-,-,-,-,-,-,-,-,14.40000000,78.83000000,28-06-2026 02:00,0.5
419,Buggavanka Dam,Andhra Pradesh SW,28,Andhra Pradesh,504,Kadapa,-,-,-,-,-,-,-,-,-,14.40000000,78.83000000,28-06-2026 18:00,1
420,Buggavanka Dam,Andhra Pradesh SW,28,Andhra Pradesh,504,Kadapa,-,-,-,-,-,-,-,-,-,14.40000000,78.83000000,28-06-2026 22:00,0.5
421,Buggavanka Dam,Andhra Pradesh SW,28,Andhra Pradesh,504,Kadapa,-,-,-,-,-,-,-,-,-,14.40000000,78.83000000,08-07-2026 20:00,1.5
422,Buggavanka Dam,Andhra Pradesh SW,28,Andhra Pradesh,504,Kadapa,-,-,-,-,-,-,-,-,-,14.40000000,78.83000000,08-07-2026 21:00,0.5
423,Buggavanka Dam,Andhra Pradesh SW,28,Andhra Pradesh,504,Kadapa,-,-,-,-,-,-,-,-,-,14.40000000,78.83000000,17-07-2026 22:00,0.5
424,Buggavanka Dam,Andhra Pradesh SW,28,Andhra Pradesh,504,Kadapa,-,-,-,-,-,-,-,-,-,14.40000000,78.83000000,17-07-2026 23:00,13
425,Buggavanka Dam,Andhra Pradesh SW,28,Andhra Pradesh,504,Kadapa,-,-,-,-,-,-,-,-,-,14.40000000,78.83000000,18-07-2026 00:00,1.5
426,Buggavanka Dam,Andhra Pradesh SW,28,Andhra Pradesh,504,Kadapa,-,-,-,-,-,-,-,-,-,14.40000000,78.83000000,18-07-2026 01:00,1
427,Buggavanka Dam,Andhra Pradesh SW,28,Andhra Pradesh,504,Kadapa,-,-,-,-,-,-,-,-,-,14.40000000,78.83000000,18-07-2026 02:00,0.5
428,Buggavanka Dam,Andhra Pradesh SW,28,Andhra Pradesh,504,Kadapa,-,-,-,-,-,-,-,-,-,14.40000000,78.83000000,18-07-2026 03:00,0.5
429,Buggavanka Dam,Andhra Pradesh SW,28,Andhra Pradesh,504,Kadapa,-,-,-,-,-,-,-,-,-,14.40000000,78.83000000,18-07-2026 21:00,1
430,Buggavanka Dam,Andhra Pradesh SW,28,Andhra Pradesh,504,Kadapa,-,-,-,-,-,-,-,-,-,14.40000000,78.83000000,18-07-2026 23:00,1.5
431,Buggavanka Dam,Andhra Pradesh SW,28,Andhra Pradesh,504,Kadapa,-,-,-,-,-,-,-,-,-,14.40000000,78.83000000,19-07-2026 00:00,2
432,Buggavanka Dam,Andhra Pradesh SW,28,Andhra Pradesh,504,Kadapa,-,-,-,-,-,-,-,-,-,14.40000000,78.83000000,19-07-2026 01:00,0.5
433,Buggavanka Dam,Andhra Pradesh SW,28,Andhra Pradesh,504,Kadapa,-,-,-,-,-,-,-,-,-,14.40000000,78.83000000,19-07-2026 22:00,3
434,Buggavanka Dam,Andhra Pradesh SW,28,Andhra Pradesh,504,Kadapa,-,-,-,-,-,-,-,-,-,14.40000000,78.83000000,20-07-2026 20:00,1.5
435,Buggavanka Dam,Andhra Pradesh SW,28,Andhra Pradesh,504,Kadapa,-,-,-,-,-,-,-,-,-,14.40000000,78.83000000,20-07-2026 21:00,1.5
436,Buggavanka Dam,Andhra Pradesh SW,28,Andhra Pradesh,504,Kadapa,-,-,-,-,-,-,-,-,-,14.40000000,78.83000000,02-08-2026 21:00,0.5
437,Buggavanka Dam,Andhra Pradesh SW,28,Andhra Pradesh,504,Kadapa,-,-,-,-,-,-,-,-,-,14.40000000,78.83000000,02-08-2026 23:00,0.5
438,Buggavanka Dam,Andhra Pradesh SW,28,Andhra Pradesh,504,Kadapa,-,-,-,-,-,-,-,-,-,14.40000000,78.83000000,03-08-2026 23:00,0.5
439,Buggavanka Dam,Andhra Pradesh SW,28,Andhra Pradesh,504,Kadapa,-,-,-,-,-,-,-,-,-,14.40000000,78.83000000,04-08-2026 00:00,1.5
440,Buggavanka Dam,Andhra Pradesh SW,28,Andhra Pradesh,504,Kadapa,-,-,-,-,-,-,-,-,-,14.40000000,78.83000000,04-08-2026 01:00,4.5
441,Buggavanka Dam,Andhra Pradesh SW,28,Andhra Pradesh,504,Kadapa,-,-,-,-,-,-,-,-,-,14.40000000,78.83000000,04-08-2026 02:00,1.5
442,Buggavanka Dam,Andhra Pradesh SW,28,Andhra Pradesh,504,Kadapa,-,-,-,-,-,-,-,-,-,14.40000000,78.83000000,04-08-2026 16:00,0.5
443,Buggavanka Dam,Andhra Pradesh SW,28,Andhra Pradesh,504,Kadapa,-,-,-,-,-,-,-,-,-,14.40000000,78.83000000,05-08-2026 20:00,0.5
444,Buggavanka Dam,Andhra Pradesh SW,28,Andhra Pradesh,504,Kadapa,-,-,-,-,-,-,-,-,-,14.40000000,78.83000000,07-08-2026 02:00,0.5
445,Buggavanka Dam,Andhra Pradesh SW,28,Andhra Pradesh,504,Kadapa,-,-,-,-,-,-,-,-,-,14.40000000,78.83000000,07-08-2026 03:00,3.5
446,Buggavanka Dam,Andhra Pradesh SW,28,Andhra Pradesh,504,Kadapa,-,-,-,-,-,-,-,-,-,14.40000000,78.83000000,07-08-2026 04:00,2.5
447,Buggavanka Dam,Andhra Pradesh SW,28,Andhra Pradesh,504,Kadapa,-,-,-,-,-,-,-,-,-,14.40000000,78.83000000,07-08-2026 05:00,0.5
448,Buggavanka Dam,Andhra Pradesh SW,28,Andhra Pradesh,504,Kadapa,-,-,-,-,-,-,-,-,-,14.40000000,78.83000000,08-08-2026 22:00,0.5
449,Buggavanka Dam,Andhra Pradesh SW,28,Andhra Pradesh,504,Kadapa,-,-,-,-,-,-,-,-,-,14.40000000,78.83000000,10-08-2026 22:00,9
450,Buggavanka Dam,Andhra Pradesh SW,28,Andhra Pradesh,504,Kadapa,-,-,-,-,-,-,-,-,-,14.40000000,78.83000000,10-08-2026 23:00,1
451,Buggavanka Dam,Andhra Pradesh SW,28,Andhra Pradesh,504,Kadapa,-,-,-,-,-,-,-,-,-,14.40000000,78.83000000,21-08-2026 18:00,3
452,Buggavanka Dam,Andhra Pradesh SW,28,Andhra Pradesh,504,Kadapa,-,-,-,-,-,-,-,-,-,14.40000000,78.83000000,24-08-2026 16:00,0.5
453,Buggavanka Dam,Andhra Pradesh SW,28,Andhra Pradesh,504,Kadapa,-,-,-,-,-,-,-,-,-,14.40000000,78.83000000,24-08-2026 21:00,5
454,Buggavanka Dam,Andhra Pradesh SW,28,Andhra Pradesh,504,Kadapa,-,-,-,-,-,-,-,-,-,14.40000000,78.83000000,24-08-2026 22:00,4
455,Chitravathi Balancing Reservoir,Andhra Pradesh SW,28,Andhra Pradesh,504,Kadapa,-,-,-,-,-,-,-,-,-,14.56000000,77.96000000,10-01-2026 23:00,0.5
456,Chitravathi Balancing Reservoir,Andhra Pradesh SW,28,Andhra Pradesh,504,Kadapa,-,-,-,-,-,-,-,-,-,14.56000000,77.96000000,11-01-2026 08:00,0.5
457,Chitravathi Balancing Reservoir,Andhra Pradesh SW,28,Andhra Pradesh,504,Kadapa,-,-,-,-,-,-,-,-,-,14.56000000,77.96000000,14-01-2026 19:00,119
458,Chitravathi Balancing Reservoir,Andhra Pradesh SW,28,Andhra Pradesh,504,Kadapa,-,-,-,-,-,-,-,-,-,14.56000000,77.96000000,18-03-2026 22:00,1.5
459,Chitravathi Balancing Reservoir,Andhra Pradesh SW,28,Andhra Pradesh,504,Kadapa,-,-,-,-,-,-,-,-,-,14.56000000,77.96000000,18-03-2026 23:00,39.5
460,Chitravathi Balancing Reservoir,Andhra Pradesh SW,28,Andhra Pradesh,504,Kadapa,-,-,-,-,-,-,-,-,-,14.56000000,77.96000000,19-03-2026 00:00,3.5
461,Chitravathi Balancing Reservoir,Andhra Pradesh SW,28,Andhra Pradesh,504,Kadapa,-,-,-,-,-,-,-,-,-,14.56000000,77.96000000,23-03-2026 10:00,57
462,Chitravathi Balancing Reservoir,Andhra Pradesh SW,28,Andhra Pradesh,504,Kadapa,-,-,-,-,-,-,-,-,-,14.56000000,77.96000000,29-03-2026 23:00,2.5
463,Chitravathi Balancing Reservoir,Andhra Pradesh SW,28,Andhra Pradesh,504,Kadapa,-,-,-,-,-,-,-,-,-,14.56000000,77.96000000,30-03-2026 00:00,0.5
464,Chitravathi Balancing Reservoir,Andhra Pradesh SW,28,Andhra Pradesh,504,Kadapa,-,-,-,-,-,-,-,-,-,14.56000000,77.96000000,16-04-2026 07:00,96
465,Chitravathi Balancing Reservoir,Andhra Pradesh SW,28,Andhra Pradesh,504,Kadapa,-,-,-,-,-,-,-,-,-,14.56000000,77.96000000,18-05-2026 22:00,8.5
466,Chitravathi Balancing Reservoir,Andhra Pradesh SW,28,Andhra Pradesh,504,Kadapa,-,-,-,-,-,-,-,-,-,14.56000000,77.96000000,22-05-2026 02:00,26
467,Chitravathi Balancing Reservoir,Andhra Pradesh SW,28,Andhra Pradesh,504,Kadapa,-,-,-,-,-,-,-,-,-,14.56000000,77.96000000,22-05-2026 04:00,3
468,Chitravathi Balancing Reservoir,Andhra Pradesh SW,28,Andhra Pradesh,504,Kadapa,-,-,-,-,-,-,-,-,-,14.56000000,77.96000000,22-05-2026 06:00,0.5
469,Chitravathi Balancing Reservoir,Andhra Pradesh SW,28,Andhra Pradesh,504,Kadapa,-,-,-,-,-,-,-,-,-,14.56000000,77.96000000,26-05-2026 23:00,29.5
470,Chitravathi Balancing Reservoir,Andhra Pradesh SW,28,Andhra Pradesh,504,Kadapa,-,-,-,-,-,-,-,-,-,14.56000000,77.96000000,28-05-2026 23:00,2.5
471,Chitravathi Balancing Reservoir,Andhra Pradesh SW,28,Andhra Pradesh,504,Kadapa,-,-,-,-,-,-,-,-,-,14.56000000,77.96000000,30-05-2026 18:00,1.5
472,Chitravathi Balancing Reservoir,Andhra Pradesh SW,28,Andhra Pradesh,504,Kadapa,-,-,-,-,-,-,-,-,-,14.56000000,77.96000000,30-05-2026 19:00,3.5
473,Chitravathi Balancing Reservoir,Andhra Pradesh SW,28,Andhra Pradesh,504,Kadapa,-,-,-,-,-,-,-,-,-,14.56000000,77.96000000,30-05-2026 20:00,0.5
474,Chitravathi Balancing Reservoir,Andhra Pradesh SW,28,Andhra Pradesh,504,Kadapa,-,-,-,-,-,-,-,-,-,14.56000000,77.96000000,30-05-2026 21:00,1
475,Chitravathi Balancing Reservoir,Andhra Pradesh SW,28,Andhra Pradesh,504,Kadapa,-,-,-,-,-,-,-,-,-,14.56000000,77.96000000,01-06-2026 05:00,21.5
476,Chitravathi Balancing Reservoir,Andhra Pradesh SW,28,Andhra Pradesh,504,Kadapa,-,-,-,-,-,-,-,-,-,14.56000000,77.96000000,01-06-2026 06:00,14.5
477,Chitravathi Balancing Reservoir,Andhra Pradesh SW,28,Andhra Pradesh,504,Kadapa,-,-,-,-,-,-,-,-,-,14.56000000,77.96000000,03-06-2026 01:00,1
478,Chitravathi Balancing Reservoir,Andhra Pradesh SW,28,Andhra Pradesh,504,Kadapa,-,-,-,-,-,-,-,-,-,14.56000000,77.96000000,03-06-2026 02:00,0.5
479,Chitravathi Balancing Reservoir,Andhra Pradesh SW,28,Andhra Pradesh,504,Kadapa,-,-,-,-,-,-,-,-,-,14.56000000,77.96000000,09-06-2026 18:00,3
480,Chitravathi Balancing Reservoir,Andhra Pradesh SW,28,Andhra Pradesh,504,Kadapa,-,-,-,-,-,-,-,-,-,14.56000000,77.96000000,12-06-2026 20:00,0.5
481,Chitravathi Balancing Reservoir,Andhra Pradesh SW,28,Andhra Pradesh,504,Kadapa,-,-,-,-,-,-,-,-,-,14.56000000,77.96000000,13-06-2026 08:00,2.5
482,Chitravathi Balancing Reservoir,Andhra Pradesh SW,28,Andhra Pradesh,504,Kadapa,-,-,-,-,-,-,-,-,-,14.56000000,77.96000000,13-06-2026 09:00,1.5
483,Chitravathi Balancing Reservoir,Andhra Pradesh SW,28,Andhra Pradesh,504,Kadapa,-,-,-,-,-,-,-,-,-,14.56000000,77.96000000,14-06-2026 03:00,0.5
484,Chitravathi Balancing Reservoir,Andhra Pradesh SW,28,Andhra Pradesh,504,Kadapa,-,-,-,-,-,-,-,-,-,14.56000000,77.96000000,14-06-2026 04:00,3.5
485,Chitravathi Balancing Reservoir,Andhra Pradesh SW,28,Andhra Pradesh,504,Kadapa,-,-,-,-,-,-,-,-,-,14.56000000,77.96000000,14-06-2026 05:00,5
486,Chitravathi Balancing Reservoir,Andhra Pradesh SW,28,Andhra Pradesh,504,Kadapa,-,-,-,-,-,-,-,-,-,14.56000000,77.96000000,14-06-2026 06:00,0.5
487,Chitravathi Balancing Reservoir,Andhra Pradesh SW,28,Andhra Pradesh,504,Kadapa,-,-,-,-,-,-,-,-,-,14.56000000,77.96000000,14-06-2026 07:00,1
488,Chitravathi Balancing Reservoir,Andhra Pradesh SW,28,Andhra Pradesh,504,Kadapa,-,-,-,-,-,-,-,-,-,14.56000000,77.96000000,14-06-2026 08:00,0.5
489,Chitravathi Balancing Reservoir,Andhra Pradesh SW,28,Andhra Pradesh,504,Kadapa,-,-,-,-,-,-,-,-,-,14.56000000,77.96000000,22-06-2026 20:00,27
490,Chitravathi Balancing Reservoir,Andhra Pradesh SW,28,Andhra Pradesh,504,Kadapa,-,-,-,-,-,-,-,-,-,14.56000000,77.96000000,22-06-2026 21:00,2
491,Chitravathi Balancing Reservoir,Andhra Pradesh SW,28,Andhra Pradesh,504,Kadapa,-,-,-,-,-,-,-,-,-,14.56000000,77.96000000,22-06-2026 22:00,0.5
492,Chitravathi Balancing Reservoir,Andhra Pradesh SW,28,Andhra Pradesh,504,Kadapa,-,-,-,-,-,-,-,-,-,14.56000000,77.96000000,26-06-2026 21:00,0.5
493,Chitravathi Balancing Reservoir,Andhra Pradesh SW,28,Andhra Pradesh,504,Kadapa,-,-,-,-,-,-,-,-,-,14.56000000,77.96000000,27-06-2026 02:00,0.5
494,Donkarai_1,Andhra Pradesh SW,28,Andhra Pradesh,745,ALLURI SITHARAMA RAJU,-,-,-,-,-,-,-,-,-,17.93000000,81.81000000,20-01-2026 09:00,0.5
495,Donkarai_1,Andhra Pradesh SW,28,Andhra Pradesh,745,ALLURI SITHARAMA RAJU,-,-,-,-,-,-,-,-,-,17.93000000,81.81000000,20-01-2026 09:00,0.5
496,Donkarai_1,Andhra Pradesh SW,28,Andhra Pradesh,745,ALLURI SITHARAMA RAJU,-,-,-,-,-,-,-,-,-,17.93000000,81.81000000,20-01-2026 10:00,15
497,Donkarai_1,Andhra Pradesh SW,28,Andhra Pradesh,745,ALLURI SITHARAMA RAJU,-,-,-,-,-,-,-,-,-,17.93000000,81.81000000,23-02-2026 20:00,11.5
498,Donkarai_1,Andhra Pradesh SW,28,Andhra Pradesh,745,ALLURI SITHARAMA RAJU,-,-,-,-,-,-,-,-,-,17.93000000,81.81000000,23-02-2026 20:00,11.5
499,Donkarai_1,Andhra Pradesh SW,28,Andhra Pradesh,745,ALLURI SITHARAMA RAJU,-,-,-,-,-,-,-,-,-,17.93000000,81.81000000,23-02-2026 21:00,4
500,Donkarai_1,Andhra Pradesh SW,28,Andhra Pradesh,745,ALLURI SITHARAMA RAJU,-,-,-,-,-,-,-,-,-,17.93000000,81.81000000,23-02-2026 21:00,4
501,Donkarai_1,Andhra Pradesh SW,28,Andhra Pradesh,745,ALLURI SITHARAMA RAJU,-,-,-,-,-,-,-,-,-,17.93000000,81.81000000,23-02-2026 22:00,5
502,Donkarai_1,Andhra Pradesh SW,28,Andhra Pradesh,745,ALLURI SITHARAMA RAJU,-,-,-,-,-,-,-,-,-,17.93000000,81.81000000,23-02-2026 22:00,5
503,Donkarai_1,Andhra Pradesh SW,28,Andhra Pradesh,745,ALLURI SITHARAMA RAJU,-,-,-,-,-,-,-,-,-,17.93000000,81.81000000,23-02-2026 23:00,1
504,Donkarai_1,Andhra Pradesh SW,28,Andhra Pradesh,745,ALLURI SITHARAMA RAJU,-,-,-,-,-,-,-,-,-,17.93000000,81.81000000,23-02-2026 23:00,1
505,Donkarai_1,Andhra Pradesh SW,28,Andhra Pradesh,745,ALLURI SITHARAMA RAJU,-,-,-,-,-,-,-,-,-,17.93000000,81.81000000,28-02-2026 09:00,257
506,Donkarai_1,Andhra Pradesh SW,28,Andhra Pradesh,745,ALLURI SITHARAMA RAJU,-,-,-,-,-,-,-,-,-,17.93000000,81.81000000,09-03-2026 16:00,3
507,Donkarai_1,Andhra Pradesh SW,28,Andhra Pradesh,745,ALLURI SITHARAMA RAJU,-,-,-,-,-,-,-,-,-,17.93000000,81.81000000,19-03-2026 19:00,10.5
508,Donkarai_1,Andhra Pradesh SW,28,Andhra Pradesh,745,ALLURI SITHARAMA RAJU,-,-,-,-,-,-,-,-,-,17.93000000,81.81000000,19-03-2026 19:00,10.5
509,Donkarai_1,Andhra Pradesh SW,28,Andhra Pradesh,745,ALLURI SITHARAMA RAJU,-,-,-,-,-,-,-,-,-,17.93000000,81.81000000,19-03-2026 20:00,6.5
510,Donkarai_1,Andhra Pradesh SW,28,Andhra Pradesh,745,ALLURI SITHARAMA RAJU,-,-,-,-,-,-,-,-,-,17.93000000,81.81000000,19-03-2026 20:00,6.5
511,Donkarai_1,Andhra Pradesh SW,28,Andhra Pradesh,745,ALLURI SITHARAMA RAJU,-,-,-,-,-,-,-,-,-,17.93000000,81.81000000,19-03-2026 21:00,3.5
512,Donkarai_1,Andhra Pradesh SW,28,Andhra Pradesh,745,ALLURI SITHARAMA RAJU,-,-,-,-,-,-,-,-,-,17.93000000,81.81000000,19-03-2026 21:00,3.5
513,Donkarai_1,Andhra Pradesh SW,28,Andhra Pradesh,745,ALLURI SITHARAMA RAJU,-,-,-,-,-,-,-,-,-,17.93000000,81.81000000,24-03-2026 20:00,6
514,Donkarai_1,Andhra Pradesh SW,28,Andhra Pradesh,745,ALLURI SITHARAMA RAJU,-,-,-,-,-,-,-,-,-,17.93000000,81.81000000,24-03-2026 21:00,0.5
515,Donkarai_1,Andhra Pradesh SW,28,Andhra Pradesh,745,ALLURI SITHARAMA RAJU,-,-,-,-,-,-,-,-,-,17.93000000,81.81000000,24-03-2026 21:00,0.5
516,Donkarai_1,Andhra Pradesh SW,28,Andhra Pradesh,745,ALLURI SITHARAMA RAJU,-,-,-,-,-,-,-,-,-,17.93000000,81.81000000,30-03-2026 21:00,3
517,Donkarai_1,Andhra Pradesh SW,28,Andhra Pradesh,745,ALLURI SITHARAMA RAJU,-,-,-,-,-,-,-,-,-,17.93000000,81.81000000,06-04-2026 14:00,3
518,Donkarai_1,Andhra Pradesh SW,28,Andhra Pradesh,745,ALLURI SITHARAMA RAJU,-,-,-,-,-,-,-,-,-,17.93000000,81.81000000,06-04-2026 15:00,3.5
519,Donkarai_1,Andhra Pradesh SW,28,Andhra Pradesh,745,ALLURI SITHARAMA RAJU,-,-,-,-,-,-,-,-,-,17.93000000,81.81000000,22-04-2026 21:00,4
520,Donkarai_1,Andhra Pradesh SW,28,Andhra Pradesh,745,ALLURI SITHARAMA RAJU,-,-,-,-,-,-,-,-,-,17.93000000,81.81000000,22-04-2026 21:00,4
521,Donkarai_1,Andhra Pradesh SW,28,Andhra Pradesh,745,ALLURI SITHARAMA RAJU,-,-,-,-,-,-,-,-,-,17.93000000,81.81000000,22-04-2026 22:00,0.5
522,Donkarai_1,Andhra Pradesh SW,28,Andhra Pradesh,745,ALLURI SITHARAMA RAJU,-,-,-,-,-,-,-,-,-,17.93000000,81.81000000,22-04-2026 22:00,0.5
523,Donkarai_1,Andhra Pradesh SW,28,Andhra Pradesh,745,ALLURI SITHARAMA RAJU,-,-,-,-,-,-,-,-,-,17.93000000,81.81000000,26-04-2026 16:00,106
524,Donkarai_1,Andhra Pradesh SW,28,Andhra Pradesh,745,ALLURI SITHARAMA RAJU,-,-,-,-,-,-,-,-,-,17.93000000,81.81000000,03-05-2026 05:00,44
525,Donkarai_1,Andhra Pradesh SW,28,Andhra Pradesh,745,ALLURI SITHARAMA RAJU,-,-,-,-,-,-,-,-,-,17.93000000,81.81000000,03-05-2026 06:00,1
526,Donkarai_1,Andhra Pradesh SW,28,Andhra Pradesh,745,ALLURI SITHARAMA RAJU,-,-,-,-,-,-,-,-,-,17.93000000,81.81000000,03-05-2026 07:00,0.5
527,Donkarai_1,Andhra Pradesh SW,28,Andhra Pradesh,745,ALLURI SITHARAMA RAJU,-,-,-,-,-,-,-,-,-,17.93000000,81.81000000,03-05-2026 08:00,5
528,Donkarai_1,Andhra Pradesh SW,28,Andhra Pradesh,745,ALLURI SITHARAMA RAJU,-,-,-,-,-,-,-,-,-,17.93000000,81.81000000,07-05-2026 14:00,6.5
529,Donkarai_1,Andhra Pradesh SW,28,Andhra Pradesh,745,ALLURI SITHARAMA RAJU,-,-,-,-,-,-,-,-,-,17.93000000,81.81000000,07-05-2026 15:00,0.5
530,Donkarai_1,Andhra Pradesh SW,28,Andhra Pradesh,745,ALLURI SITHARAMA RAJU,-,-,-,-,-,-,-,-,-,17.93000000,81.81000000,08-05-2026 14:00,25
531,Donkarai_1,Andhra Pradesh SW,28,Andhra Pradesh,745,ALLURI SITHARAMA RAJU,-,-,-,-,-,-,-,-,-,17.93000000,81.81000000,08-05-2026 15:00,3.5
532,Donkarai_1,Andhra Pradesh SW,28,Andhra Pradesh,745,ALLURI SITHARAMA RAJU,-,-,-,-,-,-,-,-,-,17.93000000,81.81000000,28-05-2026 19:00,1
533,Donkarai_1,Andhra Pradesh SW,28,Andhra Pradesh,745,ALLURI SITHARAMA RAJU,-,-,-,-,-,-,-,-,-,17.93000000,81.81000000,28-05-2026 20:00,0.5
534,Donkarai_1,Andhra Pradesh SW,28,Andhra Pradesh,745,ALLURI SITHARAMA RAJU,-,-,-,-,-,-,-,-,-,17.93000000,81.81000000,28-05-2026 23:00,3.5
535,Donkarai_1,Andhra Pradesh SW,28,Andhra Pradesh,745,ALLURI SITHARAMA RAJU,-,-,-,-,-,-,-,-,-,17.93000000,81.81000000,01-06-2026 01:00,3
536,Donkarai_1,Andhra Pradesh SW,28,Andhra Pradesh,745,ALLURI SITHARAMA RAJU,-,-,-,-,-,-,-,-,-,17.93000000,81.81000000,01-06-2026 02:00,2
537,Donkarai_1,Andhra Pradesh SW,28,Andhra Pradesh,745,ALLURI SITHARAMA RAJU,-,-,-,-,-,-,-,-,-,17.93000000,81.81000000,01-06-2026 03:00,1
538,Donkarai_1,Andhra Pradesh SW,28,Andhra Pradesh,745,ALLURI SITHARAMA RAJU,-,-,-,-,-,-,-,-,-,17.93000000,81.81000000,01-06-2026 05:00,0.5
539,Donkarai_1,Andhra Pradesh SW,28,Andhra Pradesh,745,ALLURI SITHARAMA RAJU,-,-,-,-,-,-,-,-,-,17.93000000,81.81000000,03-06-2026 01:00,0.5
540,Donkarai_1,Andhra Pradesh SW,28,Andhra Pradesh,745,ALLURI SITHARAMA RAJU,-,-,-,-,-,-,-,-,-,17.93000000,81.81000000,03-06-2026 05:00,0.5
541,Donkarai_1,Andhra Pradesh SW,28,Andhra Pradesh,745,ALLURI SITHARAMA RAJU,-,-,-,-,-,-,-,-,-,17.93000000,81.81000000,04-06-2026 21:00,5.5
542,Donkarai_1,Andhra Pradesh SW,28,Andhra Pradesh,745,ALLURI SITHARAMA RAJU,-,-,-,-,-,-,-,-,-,17.93000000,81.81000000,10-06-2026 19:00,4.5
543,Donkarai_1,Andhra Pradesh SW,28,Andhra Pradesh,745,ALLURI SITHARAMA RAJU,-,-,-,-,-,-,-,-,-,17.93000000,81.81000000,10-06-2026 20:00,0.5
544,Donkarai_1,Andhra Pradesh SW,28,Andhra Pradesh,745,ALLURI SITHARAMA RAJU,-,-,-,-,-,-,-,-,-,17.93000000,81.81000000,11-06-2026 00:00,5.5
545,Donkarai_1,Andhra Pradesh SW,28,Andhra Pradesh,745,ALLURI SITHARAMA RAJU,-,-,-,-,-,-,-,-,-,17.93000000,81.81000000,11-06-2026 01:00,6.5
546,Donkarai_1,Andhra Pradesh SW,28,Andhra Pradesh,745,ALLURI SITHARAMA RAJU,-,-,-,-,-,-,-,-,-,17.93000000,81.81000000,11-06-2026 02:00,1
547,Donkarai_1,Andhra Pradesh SW,28,Andhra Pradesh,745,ALLURI SITHARAMA RAJU,-,-,-,-,-,-,-,-,-,17.93000000,81.81000000,11-06-2026 03:00,0.5
548,Donkarai_1,Andhra Pradesh SW,28,Andhra Pradesh,745,ALLURI SITHARAMA RAJU,-,-,-,-,-,-,-,-,-,17.93000000,81.81000000,11-06-2026 05:00,1.5
549,Donkarai_1,Andhra Pradesh SW,28,Andhra Pradesh,745,ALLURI SITHARAMA RAJU,-,-,-,-,-,-,-,-,-,17.93000000,81.81000000,15-06-2026 22:00,9
550,Donkarai_1,Andhra Pradesh SW,28,Andhra Pradesh,745,ALLURI SITHARAMA RAJU,-,-,-,-,-,-,-,-,-,17.93000000,81.81000000,15-06-2026 23:00,4.5
551,Donkarai_1,Andhra Pradesh SW,28,Andhra Pradesh,745,ALLURI SITHARAMA RAJU,-,-,-,-,-,-,-,-,-,17.93000000,81.81000000,17-06-2026 17:00,0.5
552,Donkarai_1,Andhra Pradesh SW,28,Andhra Pradesh,745,ALLURI SITHARAMA RAJU,-,-,-,-,-,-,-,-,-,17.93000000,81.81000000,19-06-2026 08:00,2
553,Donkarai_1,Andhra Pradesh SW,28,Andhra Pradesh,745,ALLURI SITHARAMA RAJU,-,-,-,-,-,-,-,-,-,17.93000000,81.81000000,19-06-2026 09:00,1
554,Donkarai_1,Andhra Pradesh SW,28,Andhra Pradesh,745,ALLURI SITHARAMA RAJU,-,-,-,-,-,-,-,-,-,17.93000000,81.81000000,19-06-2026 10:00,1
555,Donkarai_1,Andhra Pradesh SW,28,Andhra Pradesh,745,ALLURI SITHARAMA RAJU,-,-,-,-,-,-,-,-,-,17.93000000,81.81000000,19-06-2026 11:00,0.5
556,Donkarai_1,Andhra Pradesh SW,28,Andhra Pradesh,745,ALLURI SITHARAMA RAJU,-,-,-,-,-,-,-,-,-,17.93000000,81.81000000,21-06-2026 02:00,0.5
557,Donkarai_1,Andhra Pradesh SW,28,Andhra Pradesh,745,ALLURI SITHARAMA RAJU,-,-,-,-,-,-,-,-,-,17.93000000,81.81000000,21-06-2026 08:00,4
558,Donkarai_1,Andhra Pradesh SW,28,Andhra Pradesh,745,ALLURI SITHARAMA RAJU,-,-,-,-,-,-,-,-,-,17.93000000,81.81000000,21-06-2026 09:00,0.5
559,Donkarai_1,Andhra Pradesh SW,28,Andhra Pradesh,745,ALLURI SITHARAMA RAJU,-,-,-,-,-,-,-,-,-,17.93000000,81.81000000,21-06-2026 10:00,2
560,Donkarai_1,Andhra Pradesh SW,28,Andhra Pradesh,745,ALLURI SITHARAMA RAJU,-,-,-,-,-,-,-,-,-,17.93000000,81.81000000,21-06-2026 11:00,0.5
561,Donkarai_1,Andhra Pradesh SW,28,Andhra Pradesh,745,ALLURI SITHARAMA RAJU,-,-,-,-,-,-,-,-,-,17.93000000,81.81000000,21-06-2026 12:00,0.5
562,Donkarai_1,Andhra Pradesh SW,28,Andhra Pradesh,745,ALLURI SITHARAMA RAJU,-,-,-,-,-,-,-,-,-,17.93000000,81.81000000,28-06-2026 09:00,15.5
563,Donkarai_1,Andhra Pradesh SW,28,Andhra Pradesh,745,ALLURI SITHARAMA RAJU,-,-,-,-,-,-,-,-,-,17.93000000,81.81000000,28-06-2026 10:00,3.5
564,Donkarai_1,Andhra Pradesh SW,28,Andhra Pradesh,745,ALLURI SITHARAMA RAJU,-,-,-,-,-,-,-,-,-,17.93000000,81.81000000,28-06-2026 16:00,3
565,Donkarai_1,Andhra Pradesh SW,28,Andhra Pradesh,745,ALLURI SITHARAMA RAJU,-,-,-,-,-,-,-,-,-,17.93000000,81.81000000,29-06-2026 04:00,0.5
566,Donkarai_1,Andhra Pradesh SW,28,Andhra Pradesh,745,ALLURI SITHARAMA RAJU,-,-,-,-,-,-,-,-,-,17.93000000,81.81000000,29-06-2026 06:00,8
567,Donkarai_1,Andhra Pradesh SW,28,Andhra Pradesh,745,ALLURI SITHARAMA RAJU,-,-,-,-,-,-,-,-,-,17.93000000,81.81000000,29-06-2026 07:00,3.5
568,Donkarai_1,Andhra Pradesh SW,28,Andhra Pradesh,745,ALLURI SITHARAMA RAJU,-,-,-,-,-,-,-,-,-,17.93000000,81.81000000,29-06-2026 08:00,2
569,Donkarai_1,Andhra Pradesh SW,28,Andhra Pradesh,745,ALLURI SITHARAMA RAJU,-,-,-,-,-,-,-,-,-,17.93000000,81.81000000,01-07-2026 00:00,1.5
570,Donkarai_1,Andhra Pradesh SW,28,Andhra Pradesh,745,ALLURI SITHARAMA RAJU,-,-,-,-,-,-,-,-,-,17.93000000,81.81000000,01-07-2026 01:00,2.5
571,Donkarai_1,Andhra Pradesh SW,28,Andhra Pradesh,745,ALLURI SITHARAMA RAJU,-,-,-,-,-,-,-,-,-,17.93000000,81.81000000,01-07-2026 02:00,0.5
572,Donkarai_1,Andhra Pradesh SW,28,Andhra Pradesh,745,ALLURI SITHARAMA RAJU,-,-,-,-,-,-,-,-,-,17.93000000,81.81000000,01-07-2026 03:00,16
573,Donkarai_1,Andhra Pradesh SW,28,Andhra Pradesh,745,ALLURI SITHARAMA RAJU,-,-,-,-,-,-,-,-,-,17.93000000,81.81000000,01-07-2026 04:00,6
574,Donkarai_1,Andhra Pradesh SW,28,Andhra Pradesh,745,ALLURI SITHARAMA RAJU,-,-,-,-,-,-,-,-,-,17.93000000,81.81000000,01-07-2026 05:00,2.5
575,Donkarai_1,Andhra Pradesh SW,28,Andhra Pradesh,745,ALLURI SITHARAMA RAJU,-,-,-,-,-,-,-,-,-,17.93000000,81.81000000,01-07-2026 06:00,0.5
576,Donkarai_1,Andhra Pradesh SW,28,Andhra Pradesh,745,ALLURI SITHARAMA RAJU,-,-,-,-,-,-,-,-,-,17.93000000,81.81000000,01-07-2026 08:00,0.5
577,Donkarai_1,Andhra Pradesh SW,28,Andhra Pradesh,745,ALLURI SITHARAMA RAJU,-,-,-,-,-,-,-,-,-,17.93000000,81.81000000,01-07-2026 14:00,3.5
578,Donkarai_1,Andhra Pradesh SW,28,Andhra Pradesh,745,ALLURI SITHARAMA RAJU,-,-,-,-,-,-,-,-,-,17.93000000,81.81000000,01-07-2026 15:00,10
579,Donkarai_1,Andhra Pradesh SW,28,Andhra Pradesh,745,ALLURI SITHARAMA RAJU,-,-,-,-,-,-,-,-,-,17.93000000,81.81000000,01-07-2026 16:00,0.5
580,Donkarai_1,Andhra Pradesh SW,28,Andhra Pradesh,745,ALLURI SITHARAMA RAJU,-,-,-,-,-,-,-,-,-,17.93000000,81.81000000,01-07-2026 17:00,4
581,Donkarai_1,Andhra Pradesh SW,28,Andhra Pradesh,745,ALLURI SITHARAMA RAJU,-,-,-,-,-,-,-,-,-,17.93000000,81.81000000,01-07-2026 18:00,5.5
582,Donkarai_1,Andhra Pradesh SW,28,Andhra Pradesh,745,ALLURI SITHARAMA RAJU,-,-,-,-,-,-,-,-,-,17.93000000,81.81000000,01-07-2026 19:00,0.5
583,Donkarai_1,Andhra Pradesh SW,28,Andhra Pradesh,745,ALLURI SITHARAMA RAJU,-,-,-,-,-,-,-,-,-,17.93000000,81.81000000,01-07-2026 20:00,4
584,Donkarai_1,Andhra Pradesh SW,28,Andhra Pradesh,745,ALLURI SITHARAMA RAJU,-,-,-,-,-,-,-,-,-,17.93000000,81.81000000,01-07-2026 21:00,3
585,Donkarai_1,Andhra Pradesh SW,28,Andhra Pradesh,745,ALLURI SITHARAMA RAJU,-,-,-,-,-,-,-,-,-,17.93000000,81.81000000,01-07-2026 22:00,1
586,Donkarai_1,Andhra Pradesh SW,28,Andhra Pradesh,745,ALLURI SITHARAMA RAJU,-,-,-,-,-,-,-,-,-,17.93000000,81.81000000,02-07-2026 00:00,7
587,Donkarai_1,Andhra Pradesh SW,28,Andhra Pradesh,745,ALLURI SITHARAMA RAJU,-,-,-,-,-,-,-,-,-,17.93000000,81.81000000,02-07-2026 01:00,3
588,Donkarai_1,Andhra Pradesh SW,28,Andhra Pradesh,745,ALLURI SITHARAMA RAJU,-,-,-,-,-,-,-,-,-,17.93000000,81.81000000,02-07-2026 02:00,4.5
589,Donkarai_1,Andhra Pradesh SW,28,Andhra Pradesh,745,ALLURI SITHARAMA RAJU,-,-,-,-,-,-,-,-,-,17.93000000,81.81000000,02-07-2026 03:00,1.5
590,Donkarai_1,Andhra Pradesh SW,28,Andhra Pradesh,745,ALLURI SITHARAMA RAJU,-,-,-,-,-,-,-,-,-,17.93000000,81.81000000,02-07-2026 04:00,4.5
591,Donkarai_1,Andhra Pradesh SW,28,Andhra Pradesh,745,ALLURI SITHARAMA RAJU,-,-,-,-,-,-,-,-,-,17.93000000,81.81000000,02-07-2026 05:00,2
592,Donkarai_1,Andhra Pradesh SW,28,Andhra Pradesh,745,ALLURI SITHARAMA RAJU,-,-,-,-,-,-,-,-,-,17.93000000,81.81000000,02-07-2026 06:00,1
593,Donkarai_1,Andhra Pradesh SW,28,Andhra Pradesh,745,ALLURI SITHARAMA RAJU,-,-,-,-,-,-,-,-,-,17.93000000,81.81000000,02-07-2026 08:00,1.5
594,Donkarai_1,Andhra Pradesh SW,28,Andhra Pradesh,745,ALLURI SITHARAMA RAJU,-,-,-,-,-,-,-,-,-,17.93000000,81.81000000,02-07-2026 09:00,0.5
595,Donkarai_1,Andhra Pradesh SW,28,Andhra Pradesh,745,ALLURI SITHARAMA RAJU,-,-,-,-,-,-,-,-,-,17.93000000,81.81000000,02-07-2026 15:00,1.5
596,Donkarai_1,Andhra Pradesh SW,28,Andhra Pradesh,745,ALLURI SITHARAMA RAJU,-,-,-,-,-,-,-,-,-,17.93000000,81.81000000,02-07-2026 16:00,0.5
597,Donkarai_1,Andhra Pradesh SW,28,Andhra Pradesh,745,ALLURI SITHARAMA RAJU,-,-,-,-,-,-,-,-,-,17.93000000,81.81000000,02-07-2026 20:00,0.5
598,Donkarai_1,Andhra Pradesh SW,28,Andhra Pradesh,745,ALLURI SITHARAMA RAJU,-,-,-,-,-,-,-,-,-,17.93000000,81.81000000,02-07-2026 22:00,4
599,Donkarai_1,Andhra Pradesh SW,28,Andhra Pradesh,745,ALLURI SITHARAMA RAJU,-,-,-,-,-,-,-,-,-,17.93000000,81.81000000,02-07-2026 23:00,1.5
600,Donkarai_1,Andhra Pradesh SW,28,Andhra Pradesh,745,ALLURI SITHARAMA RAJU,-,-,-,-,-,-,-,-,-,17.93000000,81.81000000,03-07-2026 01:00,0.5
601,Donkarai_1,Andhra Pradesh SW,28,Andhra Pradesh,745,ALLURI SITHARAMA RAJU,-,-,-,-,-,-,-,-,-,17.93000000,81.81000000,03-07-2026 03:00,2.5
602,Donkarai_1,Andhra Pradesh SW,28,Andhra Pradesh,745,ALLURI SITHARAMA RAJU,-,-,-,-,-,-,-,-,-,17.93000000,81.81000000,03-07-2026 05:00,1
603,Donkarai_1,Andhra Pradesh SW,28,Andhra Pradesh,745,ALLURI SITHARAMA RAJU,-,-,-,-,-,-,-,-,-,17.93000000,81.81000000,03-07-2026 10:00,0.5
604,Donkarai_1,Andhra Pradesh SW,28,Andhra Pradesh,745,ALLURI SITHARAMA RAJU,-,-,-,-,-,-,-,-,-,17.93000000,81.81000000,03-07-2026 13:00,0.5
605,Donkarai_1,Andhra Pradesh SW,28,Andhra Pradesh,745,ALLURI SITHARAMA RAJU,-,-,-,-,-,-,-,-,-,17.93000000,81.81000000,03-07-2026 14:00,1
606,Donkarai_1,Andhra Pradesh SW,28,Andhra Pradesh,745,ALLURI SITHARAMA RAJU,-,-,-,-,-,-,-,-,-,17.93000000,81.81000000,03-07-2026 16:00,2
607,Donkarai_1,Andhra Pradesh SW,28,Andhra Pradesh,745,ALLURI SITHARAMA RAJU,-,-,-,-,-,-,-,-,-,17.93000000,81.81000000,03-07-2026 18:00,1
608,Donkarai_1,Andhra Pradesh SW,28,Andhra Pradesh,745,ALLURI SITHARAMA RAJU,-,-,-,-,-,-,-,-,-,17.93000000,81.81000000,03-07-2026 19:00,0.5
609,Donkarai_1,Andhra Pradesh SW,28,Andhra Pradesh,745,ALLURI SITHARAMA RAJU,-,-,-,-,-,-,-,-,-,17.93000000,81.81000000,03-07-2026 20:00,12.5
610,Donkarai_1,Andhra Pradesh SW,28,Andhra Pradesh,745,ALLURI SITHARAMA RAJU,-,-,-,-,-,-,-,-,-,17.93000000,81.81000000,03-07-2026 21:00,10
611,Donkarai_1,Andhra Pradesh SW,28,Andhra Pradesh,745,ALLURI SITHARAMA RAJU,-,-,-,-,-,-,-,-,-,17.93000000,81.81000000,03-07-2026 22:00,9
612,Donkarai_1,Andhra Pradesh SW,28,Andhra Pradesh,745,ALLURI SITHARAMA RAJU,-,-,-,-,-,-,-,-,-,17.93000000,81.81000000,03-07-2026 23:00,4.5
613,Donkarai_1,Andhra Pradesh SW,28,Andhra Pradesh,745,ALLURI SITHARAMA RAJU,-,-,-,-,-,-,-,-,-,17.93000000,81.81000000,04-07-2026 00:00,4.5
614,Donkarai_1,Andhra Pradesh SW,28,Andhra Pradesh,745,ALLURI SITHARAMA RAJU,-,-,-,-,-,-,-,-,-,17.93000000,81.81000000,04-07-2026 01:00,8
615,Donkarai_1,Andhra Pradesh SW,28,Andhra Pradesh,745,ALLURI SITHARAMA RAJU,-,-,-,-,-,-,-,-,-,17.93000000,81.81000000,04-07-2026 02:00,6.5
616,Donkarai_1,Andhra Pradesh SW,28,Andhra Pradesh,745,ALLURI SITHARAMA RAJU,-,-,-,-,-,-,-,-,-,17.93000000,81.81000000,04-07-2026 03:00,2.5
617,Donkarai_1,Andhra Pradesh SW,28,Andhra Pradesh,745,ALLURI SITHARAMA RAJU,-,-,-,-,-,-,-,-,-,17.93000000,81.81000000,04-07-2026 04:00,2
618,Donkarai_1,Andhra Pradesh SW,28,Andhra Pradesh,745,ALLURI SITHARAMA RAJU,-,-,-,-,-,-,-,-,-,17.93000000,81.81000000,04-07-2026 05:00,1
619,Donkarai_1,Andhra Pradesh SW,28,Andhra Pradesh,745,ALLURI SITHARAMA RAJU,-,-,-,-,-,-,-,-,-,17.93000000,81.81000000,04-07-2026 06:00,1.5
620,Donkarai_1,Andhra Pradesh SW,28,Andhra Pradesh,745,ALLURI SITHARAMA RAJU,-,-,-,-,-,-,-,-,-,17.93000000,81.81000000,04-07-2026 07:00,2.5
621,Donkarai_1,Andhra Pradesh SW,28,Andhra Pradesh,745,ALLURI SITHARAMA RAJU,-,-,-,-,-,-,-,-,-,17.93000000,81.81000000,04-07-2026 08:00,2
622,Donkarai_1,Andhra Pradesh SW,28,Andhra Pradesh,745,ALLURI SITHARAMA RAJU,-,-,-,-,-,-,-,-,-,17.93000000,81.81000000,04-07-2026 11:00,1.5
623,Donkarai_1,Andhra Pradesh SW,28,Andhra Pradesh,745,ALLURI SITHARAMA RAJU,-,-,-,-,-,-,-,-,-,17.93000000,81.81000000,04-07-2026 13:00,1
624,Donkarai_1,Andhra Pradesh SW,28,Andhra Pradesh,745,ALLURI SITHARAMA RAJU,-,-,-,-,-,-,-,-,-,17.93000000,81.81000000,04-07-2026 14:00,0.5
625,Donkarai_1,Andhra Pradesh SW,28,Andhra Pradesh,745,ALLURI SITHARAMA RAJU,-,-,-,-,-,-,-,-,-,17.93000000,81.81000000,04-07-2026 15:00,3.5
626,Donkarai_1,Andhra Pradesh SW,28,Andhra Pradesh,745,ALLURI SITHARAMA RAJU,-,-,-,-,-,-,-,-,-,17.93000000,81.81000000,04-07-2026 16:00,3
627,Donkarai_1,Andhra Pradesh SW,28,Andhra Pradesh,745,ALLURI SITHARAMA RAJU,-,-,-,-,-,-,-,-,-,17.93000000,81.81000000,04-07-2026 17:00,14
628,Donkarai_1,Andhra Pradesh SW,28,Andhra Pradesh,745,ALLURI SITHARAMA RAJU,-,-,-,-,-,-,-,-,-,17.93000000,81.81000000,04-07-2026 18:00,22.5
629,Donkarai_1,Andhra Pradesh SW,28,Andhra Pradesh,745,ALLURI SITHARAMA RAJU,-,-,-,-,-,-,-,-,-,17.93000000,81.81000000,04-07-2026 19:00,13.5
630,Donkarai_1,Andhra Pradesh SW,28,Andhra Pradesh,745,ALLURI SITHARAMA RAJU,-,-,-,-,-,-,-,-,-,17.93000000,81.81000000,04-07-2026 20:00,20.5
631,Donkarai_1,Andhra Pradesh SW,28,Andhra Pradesh,745,ALLURI SITHARAMA RAJU,-,-,-,-,-,-,-,-,-,17.93000000,81.81000000,04-07-2026 21:00,1
632,Donkarai_1,Andhra Pradesh SW,28,Andhra Pradesh,745,ALLURI SITHARAMA RAJU,-,-,-,-,-,-,-,-,-,17.93000000,81.81000000,04-07-2026 23:00,0.5
633,Donkarai_1,Andhra Pradesh SW,28,Andhra Pradesh,745,ALLURI SITHARAMA RAJU,-,-,-,-,-,-,-,-,-,17.93000000,81.81000000,05-07-2026 04:00,0.5
634,Donkarai_1,Andhra Pradesh SW,28,Andhra Pradesh,745,ALLURI SITHARAMA RAJU,-,-,-,-,-,-,-,-,-,17.93000000,81.81000000,05-07-2026 06:00,0.5
635,Donkarai_1,Andhra Pradesh SW,28,Andhra Pradesh,745,ALLURI SITHARAMA RAJU,-,-,-,-,-,-,-,-,-,17.93000000,81.81000000,05-07-2026 07:00,1
636,Donkarai_1,Andhra Pradesh SW,28,Andhra Pradesh,745,ALLURI SITHARAMA RAJU,-,-,-,-,-,-,-,-,-,17.93000000,81.81000000,05-07-2026 08:00,1
637,Donkarai_1,Andhra Pradesh SW,28,Andhra Pradesh,745,ALLURI SITHARAMA RAJU,-,-,-,-,-,-,-,-,-,17.93000000,81.81000000,05-07-2026 09:00,1
638,Donkarai_1,Andhra Pradesh SW,28,Andhra Pradesh,745,ALLURI SITHARAMA RAJU,-,-,-,-,-,-,-,-,-,17.93000000,81.81000000,05-07-2026 12:00,0.5
639,Donkarai_1,Andhra Pradesh SW,28,Andhra Pradesh,745,ALLURI SITHARAMA RAJU,-,-,-,-,-,-,-,-,-,17.93000000,81.81000000,05-07-2026 13:00,3
640,Donkarai_1,Andhra Pradesh SW,28,Andhra Pradesh,745,ALLURI SITHARAMA RAJU,-,-,-,-,-,-,-,-,-,17.93000000,81.81000000,05-07-2026 14:00,8.5
641,Donkarai_1,Andhra Pradesh SW,28,Andhra Pradesh,745,ALLURI SITHARAMA RAJU,-,-,-,-,-,-,-,-,-,17.93000000,81.81000000,05-07-2026 15:00,4.5
642,Donkarai_1,Andhra Pradesh SW,28,Andhra Pradesh,745,ALLURI SITHARAMA RAJU,-,-,-,-,-,-,-,-,-,17.93000000,81.81000000,05-07-2026 16:00,4.5
643,Donkarai_1,Andhra Pradesh SW,28,Andhra Pradesh,745,ALLURI SITHARAMA RAJU,-,-,-,-,-,-,-,-,-,17.93000000,81.81000000,05-07-2026 17:00,0.5
644,Donkarai_1,Andhra Pradesh SW,28,Andhra Pradesh,745,ALLURI SITHARAMA RAJU,-,-,-,-,-,-,-,-,-,17.93000000,81.81000000,06-07-2026 02:00,1
645,Donkarai_1,Andhra Pradesh SW,28,Andhra Pradesh,745,ALLURI SITHARAMA RAJU,-,-,-,-,-,-,-,-,-,17.93000000,81.81000000,06-07-2026 03:00,0.5
646,Donkarai_1,Andhra Pradesh SW,28,Andhra Pradesh,745,ALLURI SITHARAMA RAJU,-,-,-,-,-,-,-,-,-,17.93000000,81.81000000,06-07-2026 04:00,0.5
647,Donkarai_1,Andhra Pradesh SW,28,Andhra Pradesh,745,ALLURI SITHARAMA RAJU,-,-,-,-,-,-,-,-,-,17.93000000,81.81000000,06-07-2026 11:00,0.5
648,Donkarai_1,Andhra Pradesh SW,28,Andhra Pradesh,745,ALLURI SITHARAMA RAJU,-,-,-,-,-,-,-,-,-,17.93000000,81.81000000,09-07-2026 13:00,2.5
649,Donkarai_1,Andhra Pradesh SW,28,Andhra Pradesh,745,ALLURI SITHARAMA RAJU,-,-,-,-,-,-,-,-,-,17.93000000,81.81000000,09-07-2026 14:00,0.5
650,Donkarai_1,Andhra Pradesh SW,28,Andhra Pradesh,745,ALLURI SITHARAMA RAJU,-,-,-,-,-,-,-,-,-,17.93000000,81.81000000,09-07-2026 16:00,0.5
651,Donkarai_1,Andhra Pradesh SW,28,Andhra Pradesh,745,ALLURI SITHARAMA RAJU,-,-,-,-,-,-,-,-,-,17.93000000,81.81000000,09-07-2026 17:00,0.5
652,Donkarai_1,Andhra Pradesh SW,28,Andhra Pradesh,745,ALLURI SITHARAMA RAJU,-,-,-,-,-,-,-,-,-,17.93000000,81.81000000,10-07-2026 08:00,0.5
653,Donkarai_1,Andhra Pradesh SW,28,Andhra Pradesh,745,ALLURI SITHARAMA RAJU,-,-,-,-,-,-,-,-,-,17.93000000,81.81000000,10-07-2026 10:00,1
654,Donkarai_1,Andhra Pradesh SW,28,Andhra Pradesh,745,ALLURI SITHARAMA RAJU,-,-,-,-,-,-,-,-,-,17.93000000,81.81000000,17-07-2026 17:00,16
655,Donkarai_1,Andhra Pradesh SW,28,Andhra Pradesh,745,ALLURI SITHARAMA RAJU,-,-,-,-,-,-,-,-,-,17.93000000,81.81000000,17-07-2026 18:00,12
656,Donkarai_1,Andhra Pradesh SW,28,Andhra Pradesh,745,ALLURI SITHARAMA RAJU,-,-,-,-,-,-,-,-,-,17.93000000,81.81000000,17-07-2026 19:00,11.5
657,Donkarai_1,Andhra Pradesh SW,28,Andhra Pradesh,745,ALLURI SITHARAMA RAJU,-,-,-,-,-,-,-,-,-,17.93000000,81.81000000,17-07-2026 20:00,5
658,Donkarai_1,Andhra Pradesh SW,28,Andhra Pradesh,745,ALLURI SITHARAMA RAJU,-,-,-,-,-,-,-,-,-,17.93000000,81.81000000,17-07-2026 21:00,0.5
659,Donkarai_1,Andhra Pradesh SW,28,Andhra Pradesh,745,ALLURI SITHARAMA RAJU,-,-,-,-,-,-,-,-,-,17.93000000,81.81000000,18-07-2026 00:00,0.5
660,Donkarai_1,Andhra Pradesh SW,28,Andhra Pradesh,745,ALLURI SITHARAMA RAJU,-,-,-,-,-,-,-,-,-,17.93000000,81.81000000,18-07-2026 15:00,2.5
661,Donkarai_1,Andhra Pradesh SW,28,Andhra Pradesh,745,ALLURI SITHARAMA RAJU,-,-,-,-,-,-,-,-,-,17.93000000,81.81000000,18-07-2026 16:00,4
662,Donkarai_1,Andhra Pradesh SW,28,Andhra Pradesh,745,ALLURI SITHARAMA RAJU,-,-,-,-,-,-,-,-,-,17.93000000,81.81000000,19-07-2026 04:00,7
663,Donkarai_1,Andhra Pradesh SW,28,Andhra Pradesh,745,ALLURI SITHARAMA RAJU,-,-,-,-,-,-,-,-,-,17.93000000,81.81000000,19-07-2026 05:00,4
664,Donkarai_1,Andhra Pradesh SW,28,Andhra Pradesh,745,ALLURI SITHARAMA RAJU,-,-,-,-,-,-,-,-,-,17.93000000,81.81000000,19-07-2026 13:00,1
665,Donkarai_1,Andhra Pradesh SW,28,Andhra Pradesh,745,ALLURI SITHARAMA RAJU,-,-,-,-,-,-,-,-,-,17.93000000,81.81000000,20-07-2026 05:00,1.5
666,Donkarai_1,Andhra Pradesh SW,28,Andhra Pradesh,745,ALLURI SITHARAMA RAJU,-,-,-,-,-,-,-,-,-,17.93000000,81.81000000,20-07-2026 21:00,0.5
667,Donkarai_1,Andhra Pradesh SW,28,Andhra Pradesh,745,ALLURI SITHARAMA RAJU,-,-,-,-,-,-,-,-,-,17.93000000,81.81000000,20-07-2026 22:00,2
668,Donkarai_1,Andhra Pradesh SW,28,Andhra Pradesh,745,ALLURI SITHARAMA RAJU,-,-,-,-,-,-,-,-,-,17.93000000,81.81000000,21-07-2026 00:00,0.5
669,Donkarai_1,Andhra Pradesh SW,28,Andhra Pradesh,745,ALLURI SITHARAMA RAJU,-,-,-,-,-,-,-,-,-,17.93000000,81.81000000,21-07-2026 01:00,0.5
670,Donkarai_1,Andhra Pradesh SW,28,Andhra Pradesh,745,ALLURI SITHARAMA RAJU,-,-,-,-,-,-,-,-,-,17.93000000,81.81000000,21-07-2026 02:00,8.5
671,Donkarai_1,Andhra Pradesh SW,28,Andhra Pradesh,745,ALLURI SITHARAMA RAJU,-,-,-,-,-,-,-,-,-,17.93000000,81.81000000,21-07-2026 03:00,3.5
672,Donkarai_1,Andhra Pradesh SW,28,Andhra Pradesh,745,ALLURI SITHARAMA RAJU,-,-,-,-,-,-,-,-,-,17.93000000,81.81000000,21-07-2026 04:00,3
673,Donkarai_1,Andhra Pradesh SW,28,Andhra Pradesh,745,ALLURI SITHARAMA RAJU,-,-,-,-,-,-,-,-,-,17.93000000,81.81000000,21-07-2026 05:00,7.5
674,Donkarai_1,Andhra Pradesh SW,28,Andhra Pradesh,745,ALLURI SITHARAMA RAJU,-,-,-,-,-,-,-,-,-,17.93000000,81.81000000,21-07-2026 06:00,8.5
675,Donkarai_1,Andhra Pradesh SW,28,Andhra Pradesh,745,ALLURI SITHARAMA RAJU,-,-,-,-,-,-,-,-,-,17.93000000,81.81000000,21-07-2026 12:00,0.5
676,Donkarai_1,Andhra Pradesh SW,28,Andhra Pradesh,745,ALLURI SITHARAMA RAJU,-,-,-,-,-,-,-,-,-,17.93000000,81.81000000,21-07-2026 13:00,0.5
677,Donkarai_1,Andhra Pradesh SW,28,Andhra Pradesh,745,ALLURI SITHARAMA RAJU,-,-,-,-,-,-,-,-,-,17.93000000,81.81000000,21-07-2026 18:00,0.5
678,Donkarai_1,Andhra Pradesh SW,28,Andhra Pradesh,745,ALLURI SITHARAMA RAJU,-,-,-,-,-,-,-,-,-,17.93000000,81.81000000,21-07-2026 19:00,0.5
679,Donkarai_1,Andhra Pradesh SW,28,Andhra Pradesh,745,ALLURI SITHARAMA RAJU,-,-,-,-,-,-,-,-,-,17.93000000,81.81000000,21-07-2026 20:00,0.5
680,Donkarai_1,Andhra Pradesh SW,28,Andhra Pradesh,745,ALLURI SITHARAMA RAJU,-,-,-,-,-,-,-,-,-,17.93000000,81.81000000,22-07-2026 01:00,2.5
681,Donkarai_1,Andhra Pradesh SW,28,Andhra Pradesh,745,ALLURI SITHARAMA RAJU,-,-,-,-,-,-,-,-,-,17.93000000,81.81000000,22-07-2026 02:00,1.5
682,Donkarai_1,Andhra Pradesh SW,28,Andhra Pradesh,745,ALLURI SITHARAMA RAJU,-,-,-,-,-,-,-,-,-,17.93000000,81.81000000,22-07-2026 04:00,0.5
683,Donkarai_1,Andhra Pradesh SW,28,Andhra Pradesh,745,ALLURI SITHARAMA RAJU,-,-,-,-,-,-,-,-,-,17.93000000,81.81000000,26-07-2026 05:00,0.5
684,Donkarai_1,Andhra Pradesh SW,28,Andhra Pradesh,745,ALLURI SITHARAMA RAJU,-,-,-,-,-,-,-,-,-,17.93000000,81.81000000,26-07-2026 06:00,1
685,Donkarai_1,Andhra Pradesh SW,28,Andhra Pradesh,745,ALLURI SITHARAMA RAJU,-,-,-,-,-,-,-,-,-,17.93000000,81.81000000,26-07-2026 08:00,2.5
686,Donkarai_1,Andhra Pradesh SW,28,Andhra Pradesh,745,ALLURI SITHARAMA RAJU,-,-,-,-,-,-,-,-,-,17.93000000,81.81000000,26-07-2026 09:00,2
687,Donkarai_1,Andhra Pradesh SW,28,Andhra Pradesh,745,ALLURI SITHARAMA RAJU,-,-,-,-,-,-,-,-,-,17.93000000,81.81000000,26-07-2026 10:00,6.5
688,Donkarai_1,Andhra Pradesh SW,28,Andhra Pradesh,745,ALLURI SITHARAMA RAJU,-,-,-,-,-,-,-,-,-,17.93000000,81.81000000,26-07-2026 12:00,0.5
689,Donkarai_1,Andhra Pradesh SW,28,Andhra Pradesh,745,ALLURI SITHARAMA RAJU,-,-,-,-,-,-,-,-,-,17.93000000,81.81000000,27-07-2026 11:00,0.5
690,Donkarai_1,Andhra Pradesh SW,28,Andhra Pradesh,745,ALLURI SITHARAMA RAJU,-,-,-,-,-,-,-,-,-,17.93000000,81.81000000,27-07-2026 12:00,0.5
691,Donkarai_1,Andhra Pradesh SW,28,Andhra Pradesh,745,ALLURI SITHARAMA RAJU,-,-,-,-,-,-,-,-,-,17.93000000,81.81000000,27-07-2026 17:00,0.5
692,Donkarai_1,Andhra Pradesh SW,28,Andhra Pradesh,745,ALLURI SITHARAMA RAJU,-,-,-,-,-,-,-,-,-,17.93000000,81.81000000,28-07-2026 02:00,0.5
693,Donkarai_1,Andhra Pradesh SW,28,Andhra Pradesh,745,ALLURI SITHARAMA RAJU,-,-,-,-,-,-,-,-,-,17.93000000,81.81000000,28-07-2026 03:00,3.5
694,Donkarai_1,Andhra Pradesh SW,28,Andhra Pradesh,745,ALLURI SITHARAMA RAJU,-,-,-,-,-,-,-,-,-,17.93000000,81.81000000,28-07-2026 04:00,6.5
695,Donkarai_1,Andhra Pradesh SW,28,Andhra Pradesh,745,ALLURI SITHARAMA RAJU,-,-,-,-,-,-,-,-,-,17.93000000,81.81000000,28-07-2026 07:00,1.5
696,Donkarai_1,Andhra Pradesh SW,28,Andhra Pradesh,745,ALLURI SITHARAMA RAJU,-,-,-,-,-,-,-,-,-,17.93000000,81.81000000,28-07-2026 08:00,1.5
697,Donkarai_1,Andhra Pradesh SW,28,Andhra Pradesh,745,ALLURI SITHARAMA RAJU,-,-,-,-,-,-,-,-,-,17.93000000,81.81000000,28-07-2026 10:00,3.5
698,Donkarai_1,Andhra Pradesh SW,28,Andhra Pradesh,745,ALLURI SITHARAMA RAJU,-,-,-,-,-,-,-,-,-,17.93000000,81.81000000,28-07-2026 11:00,1.5
699,Donkarai_1,Andhra Pradesh SW,28,Andhra Pradesh,745,ALLURI SITHARAMA RAJU,-,-,-,-,-,-,-,-,-,17.93000000,81.81000000,28-07-2026 12:00,2
700,Donkarai_1,Andhra Pradesh SW,28,Andhra Pradesh,745,ALLURI SITHARAMA RAJU,-,-,-,-,-,-,-,-,-,17.93000000,81.81000000,28-07-2026 13:00,1
701,Donkarai_1,Andhra Pradesh SW,28,Andhra Pradesh,745,ALLURI SITHARAMA RAJU,-,-,-,-,-,-,-,-,-,17.93000000,81.81000000,28-07-2026 14:00,1
702,Donkarai_1,Andhra Pradesh SW,28,Andhra Pradesh,745,ALLURI SITHARAMA RAJU,-,-,-,-,-,-,-,-,-,17.93000000,81.81000000,28-07-2026 21:00,5.5
703,Donkarai_1,Andhra Pradesh SW,28,Andhra Pradesh,745,ALLURI SITHARAMA RAJU,-,-,-,-,-,-,-,-,-,17.93000000,81.81000000,29-07-2026 05:00,0.5
704,Donkarai_1,Andhra Pradesh SW,28,Andhra Pradesh,745,ALLURI SITHARAMA RAJU,-,-,-,-,-,-,-,-,-,17.93000000,81.81000000,29-07-2026 06:00,2
705,Donkarai_1,Andhra Pradesh SW,28,Andhra Pradesh,745,ALLURI SITHARAMA RAJU,-,-,-,-,-,-,-,-,-,17.93000000,81.81000000,29-07-2026 08:00,0.5
706,Donkarai_1,Andhra Pradesh SW,28,Andhra Pradesh,745,ALLURI SITHARAMA RAJU,-,-,-,-,-,-,-,-,-,17.93000000,81.81000000,29-07-2026 09:00,0.5
707,Donkarai_1,Andhra Pradesh SW,28,Andhra Pradesh,745,ALLURI SITHARAMA RAJU,-,-,-,-,-,-,-,-,-,17.93000000,81.81000000,29-07-2026 10:00,1
708,Donkarai_1,Andhra Pradesh SW,28,Andhra Pradesh,745,ALLURI SITHARAMA RAJU,-,-,-,-,-,-,-,-,-,17.93000000,81.81000000,29-07-2026 12:00,0.5
709,Donkarai_1,Andhra Pradesh SW,28,Andhra Pradesh,745,ALLURI SITHARAMA RAJU,-,-,-,-,-,-,-,-,-,17.93000000,81.81000000,29-07-2026 13:00,2.5
710,Donkarai_1,Andhra Pradesh SW,28,Andhra Pradesh,745,ALLURI SITHARAMA RAJU,-,-,-,-,-,-,-,-,-,17.93000000,81.81000000,29-07-2026 16:00,1
711,Donkarai_1,Andhra Pradesh SW,28,Andhra Pradesh,745,ALLURI SITHARAMA RAJU,-,-,-,-,-,-,-,-,-,17.93000000,81.81000000,29-07-2026 17:00,1
712,Donkarai_1,Andhra Pradesh SW,28,Andhra Pradesh,745,ALLURI SITHARAMA RAJU,-,-,-,-,-,-,-,-,-,17.93000000,81.81000000,29-07-2026 20:00,1
713,Donkarai_1,Andhra Pradesh SW,28,Andhra Pradesh,745,ALLURI SITHARAMA RAJU,-,-,-,-,-,-,-,-,-,17.93000000,81.81000000,29-07-2026 21:00,1
714,Donkarai_1,Andhra Pradesh SW,28,Andhra Pradesh,745,ALLURI SITHARAMA RAJU,-,-,-,-,-,-,-,-,-,17.93000000,81.81000000,29-07-2026 22:00,0.5
715,Donkarai_1,Andhra Pradesh SW,28,Andhra Pradesh,745,ALLURI SITHARAMA RAJU,-,-,-,-,-,-,-,-,-,17.93000000,81.81000000,29-07-2026 23:00,0.5
716,Donkarai_1,Andhra Pradesh SW,28,Andhra Pradesh,745,ALLURI SITHARAMA RAJU,-,-,-,-,-,-,-,-,-,17.93000000,81.81000000,30-07-2026 00:00,0.5
717,Donkarai_1,Andhra Pradesh SW,28,Andhra Pradesh,745,ALLURI SITHARAMA RAJU,-,-,-,-,-,-,-,-,-,17.93000000,81.81000000,30-07-2026 01:00,2
718,Donkarai_1,Andhra Pradesh SW,28,Andhra Pradesh,745,ALLURI SITHARAMA RAJU,-,-,-,-,-,-,-,-,-,17.93000000,81.81000000,30-07-2026 02:00,1
719,Donkarai_1,Andhra Pradesh SW,28,Andhra Pradesh,745,ALLURI SITHARAMA RAJU,-,-,-,-,-,-,-,-,-,17.93000000,81.81000000,30-07-2026 03:00,0.5
720,Donkarai_1,Andhra Pradesh SW,28,Andhra Pradesh,745,ALLURI SITHARAMA RAJU,-,-,-,-,-,-,-,-,-,17.93000000,81.81000000,30-07-2026 05:00,3
721,Donkarai_1,Andhra Pradesh SW,28,Andhra Pradesh,745,ALLURI SITHARAMA RAJU,-,-,-,-,-,-,-,-,-,17.93000000,81.81000000,30-07-2026 06:00,0.5
722,Donkarai_1,Andhra Pradesh SW,28,Andhra Pradesh,745,ALLURI SITHARAMA RAJU,-,-,-,-,-,-,-,-,-,17.93000000,81.81000000,30-07-2026 07:00,1.5
723,Donkarai_1,Andhra Pradesh SW,28,Andhra Pradesh,745,ALLURI SITHARAMA RAJU,-,-,-,-,-,-,-,-,-,17.93000000,81.81000000,30-07-2026 08:00,4.5
724,Donkarai_1,Andhra Pradesh SW,28,Andhra Pradesh,745,ALLURI SITHARAMA RAJU,-,-,-,-,-,-,-,-,-,17.93000000,81.81000000,30-07-2026 09:00,1.5
725,Donkarai_1,Andhra Pradesh SW,28,Andhra Pradesh,745,ALLURI SITHARAMA RAJU,-,-,-,-,-,-,-,-,-,17.93000000,81.81000000,30-07-2026 10:00,2.5
726,Donkarai_1,Andhra Pradesh SW,28,Andhra Pradesh,745,ALLURI SITHARAMA RAJU,-,-,-,-,-,-,-,-,-,17.93000000,81.81000000,30-07-2026 11:00,1
727,Donkarai_1,Andhra Pradesh SW,28,Andhra Pradesh,745,ALLURI SITHARAMA RAJU,-,-,-,-,-,-,-,-,-,17.93000000,81.81000000,30-07-2026 12:00,0.5
728,Donkarai_1,Andhra Pradesh SW,28,Andhra Pradesh,745,ALLURI SITHARAMA RAJU,-,-,-,-,-,-,-,-,-,17.93000000,81.81000000,01-08-2026 04:00,0.5
729,Donkarai_1,Andhra Pradesh SW,28,Andhra Pradesh,745,ALLURI SITHARAMA RAJU,-,-,-,-,-,-,-,-,-,17.93000000,81.81000000,02-08-2026 06:00,0.5
730,Donkarai_1,Andhra Pradesh SW,28,Andhra Pradesh,745,ALLURI SITHARAMA RAJU,-,-,-,-,-,-,-,-,-,17.93000000,81.81000000,02-08-2026 08:00,3
731,Donkarai_1,Andhra Pradesh SW,28,Andhra Pradesh,745,ALLURI SITHARAMA RAJU,-,-,-,-,-,-,-,-,-,17.93000000,81.81000000,02-08-2026 09:00,0.5
732,Donkarai_1,Andhra Pradesh SW,28,Andhra Pradesh,745,ALLURI SITHARAMA RAJU,-,-,-,-,-,-,-,-,-,17.93000000,81.81000000,03-08-2026 19:00,0.5
733,Donkarai_1,Andhra Pradesh SW,28,Andhra Pradesh,745,ALLURI SITHARAMA RAJU,-,-,-,-,-,-,-,-,-,17.93000000,81.81000000,04-08-2026 07:00,0.5
734,Donkarai_1,Andhra Pradesh SW,28,Andhra Pradesh,745,ALLURI SITHARAMA RAJU,-,-,-,-,-,-,-,-,-,17.93000000,81.81000000,04-08-2026 08:00,6
735,Donkarai_1,Andhra Pradesh SW,28,Andhra Pradesh,745,ALLURI SITHARAMA RAJU,-,-,-,-,-,-,-,-,-,17.93000000,81.81000000,04-08-2026 09:00,2
736,Donkarai_1,Andhra Pradesh SW,28,Andhra Pradesh,745,ALLURI SITHARAMA RAJU,-,-,-,-,-,-,-,-,-,17.93000000,81.81000000,05-08-2026 14:00,4.5
737,Donkarai_1,Andhra Pradesh SW,28,Andhra Pradesh,745,ALLURI SITHARAMA RAJU,-,-,-,-,-,-,-,-,-,17.93000000,81.81000000,06-08-2026 06:00,6
738,Donkarai_1,Andhra Pradesh SW,28,Andhra Pradesh,745,ALLURI SITHARAMA RAJU,-,-,-,-,-,-,-,-,-,17.93000000,81.81000000,06-08-2026 07:00,4
739,Donkarai_1,Andhra Pradesh SW,28,Andhra Pradesh,745,ALLURI SITHARAMA RAJU,-,-,-,-,-,-,-,-,-,17.93000000,81.81000000,06-08-2026 15:00,1.5
740,Donkarai_1,Andhra Pradesh SW,28,Andhra Pradesh,745,ALLURI SITHARAMA RAJU,-,-,-,-,-,-,-,-,-,17.93000000,81.81000000,06-08-2026 16:00,0.5
741,Donkarai_1,Andhra Pradesh SW,28,Andhra Pradesh,745,ALLURI SITHARAMA RAJU,-,-,-,-,-,-,-,-,-,17.93000000,81.81000000,06-08-2026 17:00,15
742,Donkarai_1,Andhra Pradesh SW,28,Andhra Pradesh,745,ALLURI SITHARAMA RAJU,-,-,-,-,-,-,-,-,-,17.93000000,81.81000000,06-08-2026 18:00,9.5
743,Donkarai_1,Andhra Pradesh SW,28,Andhra Pradesh,745,ALLURI SITHARAMA RAJU,-,-,-,-,-,-,-,-,-,17.93000000,81.81000000,06-08-2026 19:00,7
744,Donkarai_1,Andhra Pradesh SW,28,Andhra Pradesh,745,ALLURI SITHARAMA RAJU,-,-,-,-,-,-,-,-,-,17.93000000,81.81000000,06-08-2026 20:00,0.5
745,Donkarai_1,Andhra Pradesh SW,28,Andhra Pradesh,745,ALLURI SITHARAMA RAJU,-,-,-,-,-,-,-,-,-,17.93000000,81.81000000,07-08-2026 02:00,3.5
746,Donkarai_1,Andhra Pradesh SW,28,Andhra Pradesh,745,ALLURI SITHARAMA RAJU,-,-,-,-,-,-,-,-,-,17.93000000,81.81000000,07-08-2026 05:00,1
747,Donkarai_1,Andhra Pradesh SW,28,Andhra Pradesh,745,ALLURI SITHARAMA RAJU,-,-,-,-,-,-,-,-,-,17.93000000,81.81000000,07-08-2026 06:00,0.5
748,Donkarai_1,Andhra Pradesh SW,28,Andhra Pradesh,745,ALLURI SITHARAMA RAJU,-,-,-,-,-,-,-,-,-,17.93000000,81.81000000,07-08-2026 07:00,1
749,Donkarai_1,Andhra Pradesh SW,28,Andhra Pradesh,745,ALLURI SITHARAMA RAJU,-,-,-,-,-,-,-,-,-,17.93000000,81.81000000,07-08-2026 12:00,3.5
750,Donkarai_1,Andhra Pradesh SW,28,Andhra Pradesh,745,ALLURI SITHARAMA RAJU,-,-,-,-,-,-,-,-,-,17.93000000,81.81000000,07-08-2026 13:00,0.5
751,Donkarai_1,Andhra Pradesh SW,28,Andhra Pradesh,745,ALLURI SITHARAMA RAJU,-,-,-,-,-,-,-,-,-,17.93000000,81.81000000,08-08-2026 05:00,16.5
752,Donkarai_1,Andhra Pradesh SW,28,Andhra Pradesh,745,ALLURI SITHARAMA RAJU,-,-,-,-,-,-,-,-,-,17.93000000,81.81000000,08-08-2026 06:00,2.5
753,Donkarai_1,Andhra Pradesh SW,28,Andhra Pradesh,745,ALLURI SITHARAMA RAJU,-,-,-,-,-,-,-,-,-,17.93000000,81.81000000,08-08-2026 07:00,1
754,Donkarai_1,Andhra Pradesh SW,28,Andhra Pradesh,745,ALLURI SITHARAMA RAJU,-,-,-,-,-,-,-,-,-,17.93000000,81.81000000,08-08-2026 09:00,0.5
755,Donkarai_1,Andhra Pradesh SW,28,Andhra Pradesh,745,ALLURI SITHARAMA RAJU,-,-,-,-,-,-,-,-,-,17.93000000,81.81000000,08-08-2026 13:00,2
756,Donkarai_1,Andhra Pradesh SW,28,Andhra Pradesh,745,ALLURI SITHARAMA RAJU,-,-,-,-,-,-,-,-,-,17.93000000,81.81000000,08-08-2026 14:00,3
757,Donkarai_1,Andhra Pradesh SW,28,Andhra Pradesh,745,ALLURI SITHARAMA RAJU,-,-,-,-,-,-,-,-,-,17.93000000,81.81000000,08-08-2026 16:00,0.5
758,Donkarai_1,Andhra Pradesh SW,28,Andhra Pradesh,745,ALLURI SITHARAMA RAJU,-,-,-,-,-,-,-,-,-,17.93000000,81.81000000,08-08-2026 17:00,0.5
759,Donkarai_1,Andhra Pradesh SW,28,Andhra Pradesh,745,ALLURI SITHARAMA RAJU,-,-,-,-,-,-,-,-,-,17.93000000,81.81000000,09-08-2026 11:00,0.5
760,Donkarai_1,Andhra Pradesh SW,28,Andhra Pradesh,745,ALLURI SITHARAMA RAJU,-,-,-,-,-,-,-,-,-,17.93000000,81.81000000,09-08-2026 22:00,1
761,Donkarai_1,Andhra Pradesh SW,28,Andhra Pradesh,745,ALLURI SITHARAMA RAJU,-,-,-,-,-,-,-,-,-,17.93000000,81.81000000,11-08-2026 15:00,11
762,Donkarai_1,Andhra Pradesh SW,28,Andhra Pradesh,745,ALLURI SITHARAMA RAJU,-,-,-,-,-,-,-,-,-,17.93000000,81.81000000,13-08-2026 02:00,8.5
763,Donkarai_1,Andhra Pradesh SW,28,Andhra Pradesh,745,ALLURI SITHARAMA RAJU,-,-,-,-,-,-,-,-,-,17.93000000,81.81000000,13-08-2026 03:00,6.5
764,Donkarai_1,Andhra Pradesh SW,28,Andhra Pradesh,745,ALLURI SITHARAMA RAJU,-,-,-,-,-,-,-,-,-,17.93000000,81.81000000,13-08-2026 04:00,17
765,Donkarai_1,Andhra Pradesh SW,28,Andhra Pradesh,745,ALLURI SITHARAMA RAJU,-,-,-,-,-,-,-,-,-,17.93000000,81.81000000,13-08-2026 05:00,1.5
766,Donkarai_1,Andhra Pradesh SW,28,Andhra Pradesh,745,ALLURI SITHARAMA RAJU,-,-,-,-,-,-,-,-,-,17.93000000,81.81000000,13-08-2026 15:00,5
767,Donkarai_1,Andhra Pradesh SW,28,Andhra Pradesh,745,ALLURI SITHARAMA RAJU,-,-,-,-,-,-,-,-,-,17.93000000,81.81000000,15-08-2026 04:00,1
768,Donkarai_1,Andhra Pradesh SW,28,Andhra Pradesh,745,ALLURI SITHARAMA RAJU,-,-,-,-,-,-,-,-,-,17.93000000,81.81000000,15-08-2026 05:00,11.5
769,Donkarai_1,Andhra Pradesh SW,28,Andhra Pradesh,745,ALLURI SITHARAMA RAJU,-,-,-,-,-,-,-,-,-,17.93000000,81.81000000,15-08-2026 06:00,14
770,Donkarai_1,Andhra Pradesh SW,28,Andhra Pradesh,745,ALLURI SITHARAMA RAJU,-,-,-,-,-,-,-,-,-,17.93000000,81.81000000,15-08-2026 07:00,6
771,Donkarai_1,Andhra Pradesh SW,28,Andhra Pradesh,745,ALLURI SITHARAMA RAJU,-,-,-,-,-,-,-,-,-,17.93000000,81.81000000,15-08-2026 10:00,10
772,Donkarai_1,Andhra Pradesh SW,28,Andhra Pradesh,745,ALLURI SITHARAMA RAJU,-,-,-,-,-,-,-,-,-,17.93000000,81.81000000,16-08-2026 08:00,3
773,Donkarai_1,Andhra Pradesh SW,28,Andhra Pradesh,745,ALLURI SITHARAMA RAJU,-,-,-,-,-,-,-,-,-,17.93000000,81.81000000,16-08-2026 09:00,1
774,Donkarai_1,Andhra Pradesh SW,28,Andhra Pradesh,745,ALLURI SITHARAMA RAJU,-,-,-,-,-,-,-,-,-,17.93000000,81.81000000,16-08-2026 20:00,1
775,Donkarai_1,Andhra Pradesh SW,28,Andhra Pradesh,745,ALLURI SITHARAMA RAJU,-,-,-,-,-,-,-,-,-,17.93000000,81.81000000,17-08-2026 11:00,2
776,Donkarai_1,Andhra Pradesh SW,28,Andhra Pradesh,745,ALLURI SITHARAMA RAJU,-,-,-,-,-,-,-,-,-,17.93000000,81.81000000,18-08-2026 19:00,3
777,Donkarai_1,Andhra Pradesh SW,28,Andhra Pradesh,745,ALLURI SITHARAMA RAJU,-,-,-,-,-,-,-,-,-,17.93000000,81.81000000,19-08-2026 12:00,1.5
778,Donkarai_1,Andhra Pradesh SW,28,Andhra Pradesh,745,ALLURI SITHARAMA RAJU,-,-,-,-,-,-,-,-,-,17.93000000,81.81000000,19-08-2026 13:00,8
779,Donkarai_1,Andhra Pradesh SW,28,Andhra Pradesh,745,ALLURI SITHARAMA RAJU,-,-,-,-,-,-,-,-,-,17.93000000,81.81000000,20-08-2026 12:00,1
780,Donkarai_1,Andhra Pradesh SW,28,Andhra Pradesh,745,ALLURI SITHARAMA RAJU,-,-,-,-,-,-,-,-,-,17.93000000,81.81000000,22-08-2026 00:00,4
781,Donkarai_1,Andhra Pradesh SW,28,Andhra Pradesh,745,ALLURI SITHARAMA RAJU,-,-,-,-,-,-,-,-,-,17.93000000,81.81000000,22-08-2026 01:00,2
782,Donkarai_1,Andhra Pradesh SW,28,Andhra Pradesh,745,ALLURI SITHARAMA RAJU,-,-,-,-,-,-,-,-,-,17.93000000,81.81000000,22-08-2026 02:00,2
783,Donkarai_1,Andhra Pradesh SW,28,Andhra Pradesh,745,ALLURI SITHARAMA RAJU,-,-,-,-,-,-,-,-,-,17.93000000,81.81000000,22-08-2026 16:00,3.5
784,Donkarai_1,Andhra Pradesh SW,28,Andhra Pradesh,745,ALLURI SITHARAMA RAJU,-,-,-,-,-,-,-,-,-,17.93000000,81.81000000,22-08-2026 16:00,3.5
785,Donkarai_1,Andhra Pradesh SW,28,Andhra Pradesh,745,ALLURI SITHARAMA RAJU,-,-,-,-,-,-,-,-,-,17.93000000,81.81000000,22-08-2026 19:00,0.5
786,Donkarai_1,Andhra Pradesh SW,28,Andhra Pradesh,745,ALLURI SITHARAMA RAJU,-,-,-,-,-,-,-,-,-,17.93000000,81.81000000,22-08-2026 20:00,2
787,Donkarai_1,Andhra Pradesh SW,28,Andhra Pradesh,745,ALLURI SITHARAMA RAJU,-,-,-,-,-,-,-,-,-,17.93000000,81.81000000,22-08-2026 20:00,2
788,Donkarai_1,Andhra Pradesh SW,28,Andhra Pradesh,745,ALLURI SITHARAMA RAJU,-,-,-,-,-,-,-,-,-,17.93000000,81.81000000,22-08-2026 23:00,0.5
789,Donkarai_1,Andhra Pradesh SW,28,Andhra Pradesh,745,ALLURI SITHARAMA RAJU,-,-,-,-,-,-,-,-,-,17.93000000,81.81000000,22-08-2026 23:00,0.5
790,Donkarai_1,Andhra Pradesh SW,28,Andhra Pradesh,745,ALLURI SITHARAMA RAJU,-,-,-,-,-,-,-,-,-,17.93000000,81.81000000,23-08-2026 00:00,2.5
791,Donkarai_1,Andhra Pradesh SW,28,Andhra Pradesh,745,ALLURI SITHARAMA RAJU,-,-,-,-,-,-,-,-,-,17.93000000,81.81000000,23-08-2026 00:00,2.5
792,Donkarai_1,Andhra Pradesh SW,28,Andhra Pradesh,745,ALLURI SITHARAMA RAJU,-,-,-,-,-,-,-,-,-,17.93000000,81.81000000,23-08-2026 01:00,2
793,Donkarai_1,Andhra Pradesh SW,28,Andhra Pradesh,745,ALLURI SITHARAMA RAJU,-,-,-,-,-,-,-,-,-,17.93000000,81.81000000,23-08-2026 01:00,2
794,Donkarai_1,Andhra Pradesh SW,28,Andhra Pradesh,745,ALLURI SITHARAMA RAJU,-,-,-,-,-,-,-,-,-,17.93000000,81.81000000,23-08-2026 02:00,2
795,Donkarai_1,Andhra Pradesh SW,28,Andhra Pradesh,745,ALLURI SITHARAMA RAJU,-,-,-,-,-,-,-,-,-,17.93000000,81.81000000,23-08-2026 02:00,2
796,Donkarai_1,Andhra Pradesh SW,28,Andhra Pradesh,745,ALLURI SITHARAMA RAJU,-,-,-,-,-,-,-,-,-,17.93000000,81.81000000,23-08-2026 03:00,0.5
797,Donkarai_1,Andhra Pradesh SW,28,Andhra Pradesh,745,ALLURI SITHARAMA RAJU,-,-,-,-,-,-,-,-,-,17.93000000,81.81000000,23-08-2026 03:00,0.5
798,Donkarai_1,Andhra Pradesh SW,28,Andhra Pradesh,745,ALLURI SITHARAMA RAJU,-,-,-,-,-,-,-,-,-,17.93000000,81.81000000,23-08-2026 04:00,1
799,Donkarai_1,Andhra Pradesh SW,28,Andhra Pradesh,745,ALLURI SITHARAMA RAJU,-,-,-,-,-,-,-,-,-,17.93000000,81.81000000,23-08-2026 04:00,1
800,Donkarai_1,Andhra Pradesh SW,28,Andhra Pradesh,745,ALLURI SITHARAMA RAJU,-,-,-,-,-,-,-,-,-,17.93000000,81.81000000,23-08-2026 06:00,1
801,Donkarai_1,Andhra Pradesh SW,28,Andhra Pradesh,745,ALLURI SITHARAMA RAJU,-,-,-,-,-,-,-,-,-,17.93000000,81.81000000,23-08-2026 06:00,1
802,Donkarai_1,Andhra Pradesh SW,28,Andhra Pradesh,745,ALLURI SITHARAMA RAJU,-,-,-,-,-,-,-,-,-,17.93000000,81.81000000,23-08-2026 07:00,4
803,Donkarai_1,Andhra Pradesh SW,28,Andhra Pradesh,745,ALLURI SITHARAMA RAJU,-,-,-,-,-,-,-,-,-,17.93000000,81.81000000,23-08-2026 07:00,4
804,Donkarai_1,Andhra Pradesh SW,28,Andhra Pradesh,745,ALLURI SITHARAMA RAJU,-,-,-,-,-,-,-,-,-,17.93000000,81.81000000,23-08-2026 11:00,0.5
805,Donkarai_1,Andhra Pradesh SW,28,Andhra Pradesh,745,ALLURI SITHARAMA RAJU,-,-,-,-,-,-,-,-,-,17.93000000,81.81000000,23-08-2026 11:00,0.5
806,Donkarai_1,Andhra Pradesh SW,28,Andhra Pradesh,745,ALLURI SITHARAMA RAJU,-,-,-,-,-,-,-,-,-,17.93000000,81.81000000,23-08-2026 12:00,1
807,Donkarai_1,Andhra Pradesh SW,28,Andhra Pradesh,745,ALLURI SITHARAMA RAJU,-,-,-,-,-,-,-,-,-,17.93000000,81.81000000,23-08-2026 12:00,1
808,Donkarai_1,Andhra Pradesh SW,28,Andhra Pradesh,745,ALLURI SITHARAMA RAJU,-,-,-,-,-,-,-,-,-,17.93000000,81.81000000,23-08-2026 13:00,1
809,Donkarai_1,Andhra Pradesh SW,28,Andhra Pradesh,745,ALLURI SITHARAMA RAJU,-,-,-,-,-,-,-,-,-,17.93000000,81.81000000,23-08-2026 13:00,1
810,Donkarai_1,Andhra Pradesh SW,28,Andhra Pradesh,745,ALLURI SITHARAMA RAJU,-,-,-,-,-,-,-,-,-,17.93000000,81.81000000,23-08-2026 15:00,0.5
811,Donkarai_1,Andhra Pradesh SW,28,Andhra Pradesh,745,ALLURI SITHARAMA RAJU,-,-,-,-,-,-,-,-,-,17.93000000,81.81000000,23-08-2026 15:00,0.5
812,Donkarai_1,Andhra Pradesh SW,28,Andhra Pradesh,745,ALLURI SITHARAMA RAJU,-,-,-,-,-,-,-,-,-,17.93000000,81.81000000,23-08-2026 16:00,0.5
813,Donkarai_1,Andhra Pradesh SW,28,Andhra Pradesh,745,ALLURI SITHARAMA RAJU,-,-,-,-,-,-,-,-,-,17.93000000,81.81000000,23-08-2026 16:00,0.5
814,Donkarai_1,Andhra Pradesh SW,28,Andhra Pradesh,745,ALLURI SITHARAMA RAJU,-,-,-,-,-,-,-,-,-,17.93000000,81.81000000,24-08-2026 03:00,1
815,Donkarai_1,Andhra Pradesh SW,28,Andhra Pradesh,745,ALLURI SITHARAMA RAJU,-,-,-,-,-,-,-,-,-,17.93000000,81.81000000,24-08-2026 04:00,6
816,Donkarai_1,Andhra Pradesh SW,28,Andhra Pradesh,745,ALLURI SITHARAMA RAJU,-,-,-,-,-,-,-,-,-,17.93000000,81.81000000,24-08-2026 07:00,1
817,Donkarai_1,Andhra Pradesh SW,28,Andhra Pradesh,745,ALLURI SITHARAMA RAJU,-,-,-,-,-,-,-,-,-,17.93000000,81.81000000,24-08-2026 11:00,0.5
818,Donkarai_1,Andhra Pradesh SW,28,Andhra Pradesh,745,ALLURI SITHARAMA RAJU,-,-,-,-,-,-,-,-,-,17.93000000,81.81000000,24-08-2026 12:00,6.5
819,Donkarai_1,Andhra Pradesh SW,28,Andhra Pradesh,745,ALLURI SITHARAMA RAJU,-,-,-,-,-,-,-,-,-,17.93000000,81.81000000,24-08-2026 13:00,13.5
820,Donkarai_1,Andhra Pradesh SW,28,Andhra Pradesh,745,ALLURI SITHARAMA RAJU,-,-,-,-,-,-,-,-,-,17.93000000,81.81000000,24-08-2026 14:00,5.5
821,Donkarai_1,Andhra Pradesh SW,28,Andhra Pradesh,745,ALLURI SITHARAMA RAJU,-,-,-,-,-,-,-,-,-,17.93000000,81.81000000,24-08-2026 15:00,3
822,Donkarai_1,Andhra Pradesh SW,28,Andhra Pradesh,745,ALLURI SITHARAMA RAJU,-,-,-,-,-,-,-,-,-,17.93000000,81.81000000,24-08-2026 21:00,0.5
823,Donkarai_1,Andhra Pradesh SW,28,Andhra Pradesh,745,ALLURI SITHARAMA RAJU,-,-,-,-,-,-,-,-,-,17.93000000,81.81000000,25-08-2026 08:00,12
824,Donkarai_1,Andhra Pradesh SW,28,Andhra Pradesh,745,ALLURI SITHARAMA RAJU,-,-,-,-,-,-,-,-,-,17.93000000,81.81000000,25-08-2026 08:00,12
825,Donkarai_1,Andhra Pradesh SW,28,Andhra Pradesh,745,ALLURI SITHARAMA RAJU,-,-,-,-,-,-,-,-,-,17.93000000,81.81000000,25-08-2026 09:00,5.5
826,Donkarai_1,Andhra Pradesh SW,28,Andhra Pradesh,745,ALLURI SITHARAMA RAJU,-,-,-,-,-,-,-,-,-,17.93000000,81.81000000,25-08-2026 09:00,5.5
827,Donkarai_1,Andhra Pradesh SW,28,Andhra Pradesh,745,ALLURI SITHARAMA RAJU,-,-,-,-,-,-,-,-,-,17.93000000,81.81000000,25-08-2026 13:00,2
828,Donkarai_1,Andhra Pradesh SW,28,Andhra Pradesh,745,ALLURI SITHARAMA RAJU,-,-,-,-,-,-,-,-,-,17.93000000,81.81000000,25-08-2026 13:00,2
829,Donkarai_1,Andhra Pradesh SW,28,Andhra Pradesh,745,ALLURI SITHARAMA RAJU,-,-,-,-,-,-,-,-,-,17.93000000,81.81000000,25-08-2026 14:00,1
830,Donkarai_1,Andhra Pradesh SW,28,Andhra Pradesh,745,ALLURI SITHARAMA RAJU,-,-,-,-,-,-,-,-,-,17.93000000,81.81000000,25-08-2026 14:00,1
831,Donkarai_1,Andhra Pradesh SW,28,Andhra Pradesh,745,ALLURI SITHARAMA RAJU,-,-,-,-,-,-,-,-,-,17.93000000,81.81000000,27-08-2026 01:00,5.5
832,Donkarai_1,Andhra Pradesh SW,28,Andhra Pradesh,745,ALLURI SITHARAMA RAJU,-,-,-,-,-,-,-,-,-,17.93000000,81.81000000,27-08-2026 01:00,5.5
833,Donkarai_1,Andhra Pradesh SW,28,Andhra Pradesh,745,ALLURI SITHARAMA RAJU,-,-,-,-,-,-,-,-,-,17.93000000,81.81000000,27-08-2026 02:00,0.5
834,Donkarai_1,Andhra Pradesh SW,28,Andhra Pradesh,745,ALLURI SITHARAMA RAJU,-,-,-,-,-,-,-,-,-,17.93000000,81.81000000,27-08-2026 02:00,0.5
835,Donkarai_1,Andhra Pradesh SW,28,Andhra Pradesh,745,ALLURI SITHARAMA RAJU,-,-,-,-,-,-,-,-,-,17.93000000,81.81000000,27-08-2026 03:00,1
836,Donkarai_1,Andhra Pradesh SW,28,Andhra Pradesh,745,ALLURI SITHARAMA RAJU,-,-,-,-,-,-,-,-,-,17.93000000,81.81000000,27-08-2026 03:00,1
837,Donkarai_1,Andhra Pradesh SW,28,Andhra Pradesh,745,ALLURI SITHARAMA RAJU,-,-,-,-,-,-,-,-,-,17.93000000,81.81000000,27-08-2026 11:00,0.5
838,Donkarai_1,Andhra Pradesh SW,28,Andhra Pradesh,745,ALLURI SITHARAMA RAJU,-,-,-,-,-,-,-,-,-,17.93000000,81.81000000,27-08-2026 11:00,0.5
839,Dowlaiswaram,Andhra Pradesh SW,28,Andhra Pradesh,505,EAST GODAVARI,RAJAHMUNDRY(R),-,-,Godavari,Godavari,Gowthami,-,-,Gowthami,16.93611111,81.78500000,06-01-2026 10:00,1
840,Dowlaiswaram,Andhra Pradesh SW,28,Andhra Pradesh,505,EAST GODAVARI,RAJAHMUNDRY(R),-,-,Godavari,Godavari,Gowthami,-,-,Gowthami,16.93611111,81.78500000,14-01-2026 14:00,343
841,Dowlaiswaram,Andhra Pradesh SW,28,Andhra Pradesh,505,EAST GODAVARI,RAJAHMUNDRY(R),-,-,Godavari,Godavari,Gowthami,-,-,Gowthami,16.93611111,81.78500000,14-01-2026 17:00,331
842,Dowlaiswaram,Andhra Pradesh SW,28,Andhra Pradesh,505,EAST GODAVARI,RAJAHMUNDRY(R),-,-,Godavari,Godavari,Gowthami,-,-,Gowthami,16.93611111,81.78500000,15-01-2026 01:00,304.5
843,Dowlaiswaram,Andhra Pradesh SW,28,Andhra Pradesh,505,EAST GODAVARI,RAJAHMUNDRY(R),-,-,Godavari,Godavari,Gowthami,-,-,Gowthami,16.93611111,81.78500000,15-01-2026 02:00,305.5
844,Dowlaiswaram,Andhra Pradesh SW,28,Andhra Pradesh,505,EAST GODAVARI,RAJAHMUNDRY(R),-,-,Godavari,Godavari,Gowthami,-,-,Gowthami,16.93611111,81.78500000,15-01-2026 12:00,346.5
845,Dowlaiswaram,Andhra Pradesh SW,28,Andhra Pradesh,505,EAST GODAVARI,RAJAHMUNDRY(R),-,-,Godavari,Godavari,Gowthami,-,-,Gowthami,16.93611111,81.78500000,20-01-2026 06:00,290.5
846,Dowlaiswaram,Andhra Pradesh SW,28,Andhra Pradesh,505,EAST GODAVARI,RAJAHMUNDRY(R),-,-,Godavari,Godavari,Gowthami,-,-,Gowthami,16.93611111,81.78500000,20-01-2026 07:00,294
847,Dowlaiswaram,Andhra Pradesh SW,28,Andhra Pradesh,505,EAST GODAVARI,RAJAHMUNDRY(R),-,-,Godavari,Godavari,Gowthami,-,-,Gowthami,16.93611111,81.78500000,20-01-2026 08:00,304
848,Dowlaiswaram,Andhra Pradesh SW,28,Andhra Pradesh,505,EAST GODAVARI,RAJAHMUNDRY(R),-,-,Godavari,Godavari,Gowthami,-,-,Gowthami,16.93611111,81.78500000,20-01-2026 12:00,345.5
849,Dowlaiswaram,Andhra Pradesh SW,28,Andhra Pradesh,505,EAST GODAVARI,RAJAHMUNDRY(R),-,-,Godavari,Godavari,Gowthami,-,-,Gowthami,16.93611111,81.78500000,20-01-2026 13:00,343
850,Dowlaiswaram,Andhra Pradesh SW,28,Andhra Pradesh,505,EAST GODAVARI,RAJAHMUNDRY(R),-,-,Godavari,Godavari,Gowthami,-,-,Gowthami,16.93611111,81.78500000,20-01-2026 17:00,323.5
851,Dowlaiswaram,Andhra Pradesh SW,28,Andhra Pradesh,505,EAST GODAVARI,RAJAHMUNDRY(R),-,-,Godavari,Godavari,Gowthami,-,-,Gowthami,16.93611111,81.78500000,20-01-2026 22:00,303
852,Dowlaiswaram,Andhra Pradesh SW,28,Andhra Pradesh,505,EAST GODAVARI,RAJAHMUNDRY(R),-,-,Godavari,Godavari,Gowthami,-,-,Gowthami,16.93611111,81.78500000,21-01-2026 00:00,298
853,Dowlaiswaram,Andhra Pradesh SW,28,Andhra Pradesh,505,EAST GODAVARI,RAJAHMUNDRY(R),-,-,Godavari,Godavari,Gowthami,-,-,Gowthami,16.93611111,81.78500000,21-01-2026 05:00,296
854,Dowlaiswaram,Andhra Pradesh SW,28,Andhra Pradesh,505,EAST GODAVARI,RAJAHMUNDRY(R),-,-,Godavari,Godavari,Gowthami,-,-,Gowthami,16.93611111,81.78500000,21-01-2026 06:00,292
855,Dowlaiswaram,Andhra Pradesh SW,28,Andhra Pradesh,505,EAST GODAVARI,RAJAHMUNDRY(R),-,-,Godavari,Godavari,Gowthami,-,-,Gowthami,16.93611111,81.78500000,21-01-2026 11:00,341.5
856,Dowlaiswaram,Andhra Pradesh SW,28,Andhra Pradesh,505,EAST GODAVARI,RAJAHMUNDRY(R),-,-,Godavari,Godavari,Gowthami,-,-,Gowthami,16.93611111,81.78500000,26-01-2026 10:00,0.5
857,Dowlaiswaram,Andhra Pradesh SW,28,Andhra Pradesh,505,EAST GODAVARI,RAJAHMUNDRY(R),-,-,Godavari,Godavari,Gowthami,-,-,Gowthami,16.93611111,81.78500000,28-01-2026 06:00,295.5
858,Dowlaiswaram,Andhra Pradesh SW,28,Andhra Pradesh,505,EAST GODAVARI,RAJAHMUNDRY(R),-,-,Godavari,Godavari,Gowthami,-,-,Gowthami,16.93611111,81.78500000,28-01-2026 09:00,333.5
859,Dowlaiswaram,Andhra Pradesh SW,28,Andhra Pradesh,505,EAST GODAVARI,RAJAHMUNDRY(R),-,-,Godavari,Godavari,Gowthami,-,-,Gowthami,16.93611111,81.78500000,28-01-2026 20:00,317.5
860,Dowlaiswaram,Andhra Pradesh SW,28,Andhra Pradesh,505,EAST GODAVARI,RAJAHMUNDRY(R),-,-,Godavari,Godavari,Gowthami,-,-,Gowthami,16.93611111,81.78500000,29-01-2026 00:00,304.5
861,Dowlaiswaram,Andhra Pradesh SW,28,Andhra Pradesh,505,EAST GODAVARI,RAJAHMUNDRY(R),-,-,Godavari,Godavari,Gowthami,-,-,Gowthami,16.93611111,81.78500000,29-01-2026 02:00,302
862,Dowlaiswaram,Andhra Pradesh SW,28,Andhra Pradesh,505,EAST GODAVARI,RAJAHMUNDRY(R),-,-,Godavari,Godavari,Gowthami,-,-,Gowthami,16.93611111,81.78500000,29-01-2026 05:00,300
863,Dowlaiswaram,Andhra Pradesh SW,28,Andhra Pradesh,505,EAST GODAVARI,RAJAHMUNDRY(R),-,-,Godavari,Godavari,Gowthami,-,-,Gowthami,16.93611111,81.78500000,29-01-2026 06:00,299.5
864,Dowlaiswaram,Andhra Pradesh SW,28,Andhra Pradesh,505,EAST GODAVARI,RAJAHMUNDRY(R),-,-,Godavari,Godavari,Gowthami,-,-,Gowthami,16.93611111,81.78500000,29-01-2026 07:00,0.5
865,Dowlaiswaram,Andhra Pradesh SW,28,Andhra Pradesh,505,EAST GODAVARI,RAJAHMUNDRY(R),-,-,Godavari,Godavari,Gowthami,-,-,Gowthami,16.93611111,81.78500000,29-01-2026 07:00,305
866,Dowlaiswaram,Andhra Pradesh SW,28,Andhra Pradesh,505,EAST GODAVARI,RAJAHMUNDRY(R),-,-,Godavari,Godavari,Gowthami,-,-,Gowthami,16.93611111,81.78500000,29-01-2026 10:00,337.5
867,Dowlaiswaram,Andhra Pradesh SW,28,Andhra Pradesh,505,EAST GODAVARI,RAJAHMUNDRY(R),-,-,Godavari,Godavari,Gowthami,-,-,Gowthami,16.93611111,81.78500000,29-01-2026 12:00,341.5
868,Dowlaiswaram,Andhra Pradesh SW,28,Andhra Pradesh,505,EAST GODAVARI,RAJAHMUNDRY(R),-,-,Godavari,Godavari,Gowthami,-,-,Gowthami,16.93611111,81.78500000,29-01-2026 18:00,326.5
869,Dowlaiswaram,Andhra Pradesh SW,28,Andhra Pradesh,505,EAST GODAVARI,RAJAHMUNDRY(R),-,-,Godavari,Godavari,Gowthami,-,-,Gowthami,16.93611111,81.78500000,29-01-2026 20:00,320
870,Dowlaiswaram,Andhra Pradesh SW,28,Andhra Pradesh,505,EAST GODAVARI,RAJAHMUNDRY(R),-,-,Godavari,Godavari,Gowthami,-,-,Gowthami,16.93611111,81.78500000,29-01-2026 22:00,312
871,Dowlaiswaram,Andhra Pradesh SW,28,Andhra Pradesh,505,EAST GODAVARI,RAJAHMUNDRY(R),-,-,Godavari,Godavari,Gowthami,-,-,Gowthami,16.93611111,81.78500000,29-01-2026 23:00,309.5
872,Dowlaiswaram,Andhra Pradesh SW,28,Andhra Pradesh,505,EAST GODAVARI,RAJAHMUNDRY(R),-,-,Godavari,Godavari,Gowthami,-,-,Gowthami,16.93611111,81.78500000,30-01-2026 01:00,305
873,Dowlaiswaram,Andhra Pradesh SW,28,Andhra Pradesh,505,EAST GODAVARI,RAJAHMUNDRY(R),-,-,Godavari,Godavari,Gowthami,-,-,Gowthami,16.93611111,81.78500000,30-01-2026 03:00,304
874,Dowlaiswaram,Andhra Pradesh SW,28,Andhra Pradesh,505,EAST GODAVARI,RAJAHMUNDRY(R),-,-,Godavari,Godavari,Gowthami,-,-,Gowthami,16.93611111,81.78500000,30-01-2026 07:00,309
875,Dowlaiswaram,Andhra Pradesh SW,28,Andhra Pradesh,505,EAST GODAVARI,RAJAHMUNDRY(R),-,-,Godavari,Godavari,Gowthami,-,-,Gowthami,16.93611111,81.78500000,30-01-2026 09:00,332
876,Dowlaiswaram,Andhra Pradesh SW,28,Andhra Pradesh,505,EAST GODAVARI,RAJAHMUNDRY(R),-,-,Godavari,Godavari,Gowthami,-,-,Gowthami,16.93611111,81.78500000,30-01-2026 12:00,341
877,Dowlaiswaram,Andhra Pradesh SW,28,Andhra Pradesh,505,EAST GODAVARI,RAJAHMUNDRY(R),-,-,Godavari,Godavari,Gowthami,-,-,Gowthami,16.93611111,81.78500000,30-01-2026 15:00,337.5
878,Dowlaiswaram,Andhra Pradesh SW,28,Andhra Pradesh,505,EAST GODAVARI,RAJAHMUNDRY(R),-,-,Godavari,Godavari,Gowthami,-,-,Gowthami,16.93611111,81.78500000,30-01-2026 17:00,326
879,Dowlaiswaram,Andhra Pradesh SW,28,Andhra Pradesh,505,EAST GODAVARI,RAJAHMUNDRY(R),-,-,Godavari,Godavari,Gowthami,-,-,Gowthami,16.93611111,81.78500000,30-01-2026 20:00,312.5
880,Dowlaiswaram,Andhra Pradesh SW,28,Andhra Pradesh,505,EAST GODAVARI,RAJAHMUNDRY(R),-,-,Godavari,Godavari,Gowthami,-,-,Gowthami,16.93611111,81.78500000,30-01-2026 21:00,311
881,Dowlaiswaram,Andhra Pradesh SW,28,Andhra Pradesh,505,EAST GODAVARI,RAJAHMUNDRY(R),-,-,Godavari,Godavari,Gowthami,-,-,Gowthami,16.93611111,81.78500000,31-01-2026 01:00,305.5
882,Dowlaiswaram,Andhra Pradesh SW,28,Andhra Pradesh,505,EAST GODAVARI,RAJAHMUNDRY(R),-,-,Godavari,Godavari,Gowthami,-,-,Gowthami,16.93611111,81.78500000,31-01-2026 03:00,301
883,Dowlaiswaram,Andhra Pradesh SW,28,Andhra Pradesh,505,EAST GODAVARI,RAJAHMUNDRY(R),-,-,Godavari,Godavari,Gowthami,-,-,Gowthami,16.93611111,81.78500000,31-01-2026 07:00,309.5
884,Dowlaiswaram,Andhra Pradesh SW,28,Andhra Pradesh,505,EAST GODAVARI,RAJAHMUNDRY(R),-,-,Godavari,Godavari,Gowthami,-,-,Gowthami,16.93611111,81.78500000,31-01-2026 08:00,322
885,Dowlaiswaram,Andhra Pradesh SW,28,Andhra Pradesh,505,EAST GODAVARI,RAJAHMUNDRY(R),-,-,Godavari,Godavari,Gowthami,-,-,Gowthami,16.93611111,81.78500000,31-01-2026 18:00,321
886,Dowlaiswaram,Andhra Pradesh SW,28,Andhra Pradesh,505,EAST GODAVARI,RAJAHMUNDRY(R),-,-,Godavari,Godavari,Gowthami,-,-,Gowthami,16.93611111,81.78500000,31-01-2026 23:00,308
887,Dowlaiswaram,Andhra Pradesh SW,28,Andhra Pradesh,505,EAST GODAVARI,RAJAHMUNDRY(R),-,-,Godavari,Godavari,Gowthami,-,-,Gowthami,16.93611111,81.78500000,01-02-2026 02:00,305.5
888,Dowlaiswaram,Andhra Pradesh SW,28,Andhra Pradesh,505,EAST GODAVARI,RAJAHMUNDRY(R),-,-,Godavari,Godavari,Gowthami,-,-,Gowthami,16.93611111,81.78500000,01-02-2026 03:00,304.5
889,Dowlaiswaram,Andhra Pradesh SW,28,Andhra Pradesh,505,EAST GODAVARI,RAJAHMUNDRY(R),-,-,Godavari,Godavari,Gowthami,-,-,Gowthami,16.93611111,81.78500000,01-02-2026 04:00,303
890,Dowlaiswaram,Andhra Pradesh SW,28,Andhra Pradesh,505,EAST GODAVARI,RAJAHMUNDRY(R),-,-,Godavari,Godavari,Gowthami,-,-,Gowthami,16.93611111,81.78500000,01-02-2026 07:00,309.5
891,Dowlaiswaram,Andhra Pradesh SW,28,Andhra Pradesh,505,EAST GODAVARI,RAJAHMUNDRY(R),-,-,Godavari,Godavari,Gowthami,-,-,Gowthami,16.93611111,81.78500000,01-02-2026 10:00,332
892,Dowlaiswaram,Andhra Pradesh SW,28,Andhra Pradesh,505,EAST GODAVARI,RAJAHMUNDRY(R),-,-,Godavari,Godavari,Gowthami,-,-,Gowthami,16.93611111,81.78500000,01-02-2026 12:00,341.5
893,Dowlaiswaram,Andhra Pradesh SW,28,Andhra Pradesh,505,EAST GODAVARI,RAJAHMUNDRY(R),-,-,Godavari,Godavari,Gowthami,-,-,Gowthami,16.93611111,81.78500000,01-02-2026 18:00,323
894,Dowlaiswaram,Andhra Pradesh SW,28,Andhra Pradesh,505,EAST GODAVARI,RAJAHMUNDRY(R),-,-,Godavari,Godavari,Gowthami,-,-,Gowthami,16.93611111,81.78500000,01-02-2026 20:00,316.5
895,Dowlaiswaram,Andhra Pradesh SW,28,Andhra Pradesh,505,EAST GODAVARI,RAJAHMUNDRY(R),-,-,Godavari,Godavari,Gowthami,-,-,Gowthami,16.93611111,81.78500000,01-02-2026 21:00,314.5
896,Dowlaiswaram,Andhra Pradesh SW,28,Andhra Pradesh,505,EAST GODAVARI,RAJAHMUNDRY(R),-,-,Godavari,Godavari,Gowthami,-,-,Gowthami,16.93611111,81.78500000,02-02-2026 00:00,311
897,Dowlaiswaram,Andhra Pradesh SW,28,Andhra Pradesh,505,EAST GODAVARI,RAJAHMUNDRY(R),-,-,Godavari,Godavari,Gowthami,-,-,Gowthami,16.93611111,81.78500000,02-02-2026 05:00,309
898,Dowlaiswaram,Andhra Pradesh SW,28,Andhra Pradesh,505,EAST GODAVARI,RAJAHMUNDRY(R),-,-,Godavari,Godavari,Gowthami,-,-,Gowthami,16.93611111,81.78500000,02-02-2026 08:00,319.5
899,Dowlaiswaram,Andhra Pradesh SW,28,Andhra Pradesh,505,EAST GODAVARI,RAJAHMUNDRY(R),-,-,Godavari,Godavari,Gowthami,-,-,Gowthami,16.93611111,81.78500000,02-02-2026 09:00,331
900,Dowlaiswaram,Andhra Pradesh SW,28,Andhra Pradesh,505,EAST GODAVARI,RAJAHMUNDRY(R),-,-,Godavari,Godavari,Gowthami,-,-,Gowthami,16.93611111,81.78500000,02-02-2026 10:00,337.5
901,Dowlaiswaram,Andhra Pradesh SW,28,Andhra Pradesh,505,EAST GODAVARI,RAJAHMUNDRY(R),-,-,Godavari,Godavari,Gowthami,-,-,Gowthami,16.93611111,81.78500000,02-02-2026 12:00,344
902,Dowlaiswaram,Andhra Pradesh SW,28,Andhra Pradesh,505,EAST GODAVARI,RAJAHMUNDRY(R),-,-,Godavari,Godavari,Gowthami,-,-,Gowthami,16.93611111,81.78500000,02-02-2026 17:00,326
903,Dowlaiswaram,Andhra Pradesh SW,28,Andhra Pradesh,505,EAST GODAVARI,RAJAHMUNDRY(R),-,-,Godavari,Godavari,Gowthami,-,-,Gowthami,16.93611111,81.78500000,02-02-2026 22:00,309.5
904,Dowlaiswaram,Andhra Pradesh SW,28,Andhra Pradesh,505,EAST GODAVARI,RAJAHMUNDRY(R),-,-,Godavari,Godavari,Gowthami,-,-,Gowthami,16.93611111,81.78500000,02-02-2026 23:00,308
905,Dowlaiswaram,Andhra Pradesh SW,28,Andhra Pradesh,505,EAST GODAVARI,RAJAHMUNDRY(R),-,-,Godavari,Godavari,Gowthami,-,-,Gowthami,16.93611111,81.78500000,03-02-2026 06:00,300
906,Dowlaiswaram,Andhra Pradesh SW,28,Andhra Pradesh,505,EAST GODAVARI,RAJAHMUNDRY(R),-,-,Godavari,Godavari,Gowthami,-,-,Gowthami,16.93611111,81.78500000,03-02-2026 09:00,329.5
907,Dowlaiswaram,Andhra Pradesh SW,28,Andhra Pradesh,505,EAST GODAVARI,RAJAHMUNDRY(R),-,-,Godavari,Godavari,Gowthami,-,-,Gowthami,16.93611111,81.78500000,03-02-2026 20:00,314.5
908,Dowlaiswaram,Andhra Pradesh SW,28,Andhra Pradesh,505,EAST GODAVARI,RAJAHMUNDRY(R),-,-,Godavari,Godavari,Gowthami,-,-,Gowthami,16.93611111,81.78500000,04-02-2026 07:00,312
909,Dowlaiswaram,Andhra Pradesh SW,28,Andhra Pradesh,505,EAST GODAVARI,RAJAHMUNDRY(R),-,-,Godavari,Godavari,Gowthami,-,-,Gowthami,16.93611111,81.78500000,04-02-2026 12:00,342
910,Dowlaiswaram,Andhra Pradesh SW,28,Andhra Pradesh,505,EAST GODAVARI,RAJAHMUNDRY(R),-,-,Godavari,Godavari,Gowthami,-,-,Gowthami,16.93611111,81.78500000,04-02-2026 19:00,314.5
911,Dowlaiswaram,Andhra Pradesh SW,28,Andhra Pradesh,505,EAST GODAVARI,RAJAHMUNDRY(R),-,-,Godavari,Godavari,Gowthami,-,-,Gowthami,16.93611111,81.78500000,04-02-2026 23:00,308.5
912,Dowlaiswaram,Andhra Pradesh SW,28,Andhra Pradesh,505,EAST GODAVARI,RAJAHMUNDRY(R),-,-,Godavari,Godavari,Gowthami,-,-,Gowthami,16.93611111,81.78500000,05-02-2026 02:00,301
913,Dowlaiswaram,Andhra Pradesh SW,28,Andhra Pradesh,505,EAST GODAVARI,RAJAHMUNDRY(R),-,-,Godavari,Godavari,Gowthami,-,-,Gowthami,16.93611111,81.78500000,05-02-2026 03:00,298.5
914,Dowlaiswaram,Andhra Pradesh SW,28,Andhra Pradesh,505,EAST GODAVARI,RAJAHMUNDRY(R),-,-,Godavari,Godavari,Gowthami,-,-,Gowthami,16.93611111,81.78500000,05-02-2026 05:00,294.5
915,Dowlaiswaram,Andhra Pradesh SW,28,Andhra Pradesh,505,EAST GODAVARI,RAJAHMUNDRY(R),-,-,Godavari,Godavari,Gowthami,-,-,Gowthami,16.93611111,81.78500000,05-02-2026 09:00,331
916,Dowlaiswaram,Andhra Pradesh SW,28,Andhra Pradesh,505,EAST GODAVARI,RAJAHMUNDRY(R),-,-,Godavari,Godavari,Gowthami,-,-,Gowthami,16.93611111,81.78500000,05-02-2026 10:00,338.5
917,Dowlaiswaram,Andhra Pradesh SW,28,Andhra Pradesh,505,EAST GODAVARI,RAJAHMUNDRY(R),-,-,Godavari,Godavari,Gowthami,-,-,Gowthami,16.93611111,81.78500000,05-02-2026 15:00,341
918,Dowlaiswaram,Andhra Pradesh SW,28,Andhra Pradesh,505,EAST GODAVARI,RAJAHMUNDRY(R),-,-,Godavari,Godavari,Gowthami,-,-,Gowthami,16.93611111,81.78500000,05-02-2026 23:00,301
919,Dowlaiswaram,Andhra Pradesh SW,28,Andhra Pradesh,505,EAST GODAVARI,RAJAHMUNDRY(R),-,-,Godavari,Godavari,Gowthami,-,-,Gowthami,16.93611111,81.78500000,06-02-2026 05:00,288.5
920,Dowlaiswaram,Andhra Pradesh SW,28,Andhra Pradesh,505,EAST GODAVARI,RAJAHMUNDRY(R),-,-,Godavari,Godavari,Gowthami,-,-,Gowthami,16.93611111,81.78500000,06-02-2026 06:00,288.5
921,Dowlaiswaram,Andhra Pradesh SW,28,Andhra Pradesh,505,EAST GODAVARI,RAJAHMUNDRY(R),-,-,Godavari,Godavari,Gowthami,-,-,Gowthami,16.93611111,81.78500000,06-02-2026 11:00,340
922,Dowlaiswaram,Andhra Pradesh SW,28,Andhra Pradesh,505,EAST GODAVARI,RAJAHMUNDRY(R),-,-,Godavari,Godavari,Gowthami,-,-,Gowthami,16.93611111,81.78500000,06-02-2026 12:00,351
923,Dowlaiswaram,Andhra Pradesh SW,28,Andhra Pradesh,505,EAST GODAVARI,RAJAHMUNDRY(R),-,-,Godavari,Godavari,Gowthami,-,-,Gowthami,16.93611111,81.78500000,06-02-2026 14:00,349
924,Dowlaiswaram,Andhra Pradesh SW,28,Andhra Pradesh,505,EAST GODAVARI,RAJAHMUNDRY(R),-,-,Godavari,Godavari,Gowthami,-,-,Gowthami,16.93611111,81.78500000,06-02-2026 19:00,322.5
925,Dowlaiswaram,Andhra Pradesh SW,28,Andhra Pradesh,505,EAST GODAVARI,RAJAHMUNDRY(R),-,-,Godavari,Godavari,Gowthami,-,-,Gowthami,16.93611111,81.78500000,06-02-2026 20:00,316
926,Dowlaiswaram,Andhra Pradesh SW,28,Andhra Pradesh,505,EAST GODAVARI,RAJAHMUNDRY(R),-,-,Godavari,Godavari,Gowthami,-,-,Gowthami,16.93611111,81.78500000,06-02-2026 22:00,303
927,Dowlaiswaram,Andhra Pradesh SW,28,Andhra Pradesh,505,EAST GODAVARI,RAJAHMUNDRY(R),-,-,Godavari,Godavari,Gowthami,-,-,Gowthami,16.93611111,81.78500000,07-02-2026 00:00,300
928,Dowlaiswaram,Andhra Pradesh SW,28,Andhra Pradesh,505,EAST GODAVARI,RAJAHMUNDRY(R),-,-,Godavari,Godavari,Gowthami,-,-,Gowthami,16.93611111,81.78500000,07-02-2026 02:00,296
929,Dowlaiswaram,Andhra Pradesh SW,28,Andhra Pradesh,505,EAST GODAVARI,RAJAHMUNDRY(R),-,-,Godavari,Godavari,Gowthami,-,-,Gowthami,16.93611111,81.78500000,07-02-2026 08:00,326.5
930,Dowlaiswaram,Andhra Pradesh SW,28,Andhra Pradesh,505,EAST GODAVARI,RAJAHMUNDRY(R),-,-,Godavari,Godavari,Gowthami,-,-,Gowthami,16.93611111,81.78500000,07-02-2026 09:00,331.5
931,Dowlaiswaram,Andhra Pradesh SW,28,Andhra Pradesh,505,EAST GODAVARI,RAJAHMUNDRY(R),-,-,Godavari,Godavari,Gowthami,-,-,Gowthami,16.93611111,81.78500000,07-02-2026 10:00,341.5
932,Dowlaiswaram,Andhra Pradesh SW,28,Andhra Pradesh,505,EAST GODAVARI,RAJAHMUNDRY(R),-,-,Godavari,Godavari,Gowthami,-,-,Gowthami,16.93611111,81.78500000,08-02-2026 00:00,302
933,Dowlaiswaram,Andhra Pradesh SW,28,Andhra Pradesh,505,EAST GODAVARI,RAJAHMUNDRY(R),-,-,Godavari,Godavari,Gowthami,-,-,Gowthami,16.93611111,81.78500000,08-02-2026 03:00,296.5
934,Dowlaiswaram,Andhra Pradesh SW,28,Andhra Pradesh,505,EAST GODAVARI,RAJAHMUNDRY(R),-,-,Godavari,Godavari,Gowthami,-,-,Gowthami,16.93611111,81.78500000,08-02-2026 04:00,294.5
935,Dowlaiswaram,Andhra Pradesh SW,28,Andhra Pradesh,505,EAST GODAVARI,RAJAHMUNDRY(R),-,-,Godavari,Godavari,Gowthami,-,-,Gowthami,16.93611111,81.78500000,08-02-2026 10:00,350
936,Dowlaiswaram,Andhra Pradesh SW,28,Andhra Pradesh,505,EAST GODAVARI,RAJAHMUNDRY(R),-,-,Godavari,Godavari,Gowthami,-,-,Gowthami,16.93611111,81.78500000,08-02-2026 12:00,351
937,Dowlaiswaram,Andhra Pradesh SW,28,Andhra Pradesh,505,EAST GODAVARI,RAJAHMUNDRY(R),-,-,Godavari,Godavari,Gowthami,-,-,Gowthami,16.93611111,81.78500000,08-02-2026 15:00,345.5
938,Dowlaiswaram,Andhra Pradesh SW,28,Andhra Pradesh,505,EAST GODAVARI,RAJAHMUNDRY(R),-,-,Godavari,Godavari,Gowthami,-,-,Gowthami,16.93611111,81.78500000,08-02-2026 16:00,343
939,Dowlaiswaram,Andhra Pradesh SW,28,Andhra Pradesh,505,EAST GODAVARI,RAJAHMUNDRY(R),-,-,Godavari,Godavari,Gowthami,-,-,Gowthami,16.93611111,81.78500000,08-02-2026 18:00,324.5
940,Dowlaiswaram,Andhra Pradesh SW,28,Andhra Pradesh,505,EAST GODAVARI,RAJAHMUNDRY(R),-,-,Godavari,Godavari,Gowthami,-,-,Gowthami,16.93611111,81.78500000,08-02-2026 19:00,318
941,Dowlaiswaram,Andhra Pradesh SW,28,Andhra Pradesh,505,EAST GODAVARI,RAJAHMUNDRY(R),-,-,Godavari,Godavari,Gowthami,-,-,Gowthami,16.93611111,81.78500000,09-02-2026 07:00,314
942,Dowlaiswaram,Andhra Pradesh SW,28,Andhra Pradesh,505,EAST GODAVARI,RAJAHMUNDRY(R),-,-,Godavari,Godavari,Gowthami,-,-,Gowthami,16.93611111,81.78500000,09-02-2026 09:00,324
943,Dowlaiswaram,Andhra Pradesh SW,28,Andhra Pradesh,505,EAST GODAVARI,RAJAHMUNDRY(R),-,-,Godavari,Godavari,Gowthami,-,-,Gowthami,16.93611111,81.78500000,09-02-2026 11:00,335.5
944,Dowlaiswaram,Andhra Pradesh SW,28,Andhra Pradesh,505,EAST GODAVARI,RAJAHMUNDRY(R),-,-,Godavari,Godavari,Gowthami,-,-,Gowthami,16.93611111,81.78500000,09-02-2026 12:00,348
945,Dowlaiswaram,Andhra Pradesh SW,28,Andhra Pradesh,505,EAST GODAVARI,RAJAHMUNDRY(R),-,-,Godavari,Godavari,Gowthami,-,-,Gowthami,16.93611111,81.78500000,09-02-2026 14:00,347.5
946,Dowlaiswaram,Andhra Pradesh SW,28,Andhra Pradesh,505,EAST GODAVARI,RAJAHMUNDRY(R),-,-,Godavari,Godavari,Gowthami,-,-,Gowthami,16.93611111,81.78500000,09-02-2026 16:00,337.5
947,Dowlaiswaram,Andhra Pradesh SW,28,Andhra Pradesh,505,EAST GODAVARI,RAJAHMUNDRY(R),-,-,Godavari,Godavari,Gowthami,-,-,Gowthami,16.93611111,81.78500000,09-02-2026 17:00,325.5
948,Dowlaiswaram,Andhra Pradesh SW,28,Andhra Pradesh,505,EAST GODAVARI,RAJAHMUNDRY(R),-,-,Godavari,Godavari,Gowthami,-,-,Gowthami,16.93611111,81.78500000,09-02-2026 18:00,320.5
949,Dowlaiswaram,Andhra Pradesh SW,28,Andhra Pradesh,505,EAST GODAVARI,RAJAHMUNDRY(R),-,-,Godavari,Godavari,Gowthami,-,-,Gowthami,16.93611111,81.78500000,09-02-2026 20:00,311.5
950,Dowlaiswaram,Andhra Pradesh SW,28,Andhra Pradesh,505,EAST GODAVARI,RAJAHMUNDRY(R),-,-,Godavari,Godavari,Gowthami,-,-,Gowthami,16.93611111,81.78500000,09-02-2026 22:00,307
951,Dowlaiswaram,Andhra Pradesh SW,28,Andhra Pradesh,505,EAST GODAVARI,RAJAHMUNDRY(R),-,-,Godavari,Godavari,Gowthami,-,-,Gowthami,16.93611111,81.78500000,09-02-2026 23:00,305.5
952,Dowlaiswaram,Andhra Pradesh SW,28,Andhra Pradesh,505,EAST GODAVARI,RAJAHMUNDRY(R),-,-,Godavari,Godavari,Gowthami,-,-,Gowthami,16.93611111,81.78500000,10-02-2026 02:00,299.5
953,Dowlaiswaram,Andhra Pradesh SW,28,Andhra Pradesh,505,EAST GODAVARI,RAJAHMUNDRY(R),-,-,Godavari,Godavari,Gowthami,-,-,Gowthami,16.93611111,81.78500000,10-02-2026 05:00,296.5
954,Dowlaiswaram,Andhra Pradesh SW,28,Andhra Pradesh,505,EAST GODAVARI,RAJAHMUNDRY(R),-,-,Godavari,Godavari,Gowthami,-,-,Gowthami,16.93611111,81.78500000,10-02-2026 07:00,310.5
955,Dowlaiswaram,Andhra Pradesh SW,28,Andhra Pradesh,505,EAST GODAVARI,RAJAHMUNDRY(R),-,-,Godavari,Godavari,Gowthami,-,-,Gowthami,16.93611111,81.78500000,10-02-2026 08:00,332
956,Dowlaiswaram,Andhra Pradesh SW,28,Andhra Pradesh,505,EAST GODAVARI,RAJAHMUNDRY(R),-,-,Godavari,Godavari,Gowthami,-,-,Gowthami,16.93611111,81.78500000,10-02-2026 09:00,332
957,Dowlaiswaram,Andhra Pradesh SW,28,Andhra Pradesh,505,EAST GODAVARI,RAJAHMUNDRY(R),-,-,Godavari,Godavari,Gowthami,-,-,Gowthami,16.93611111,81.78500000,11-02-2026 19:00,314.5
958,Dowlaiswaram,Andhra Pradesh SW,28,Andhra Pradesh,505,EAST GODAVARI,RAJAHMUNDRY(R),-,-,Godavari,Godavari,Gowthami,-,-,Gowthami,16.93611111,81.78500000,11-02-2026 20:00,310.5
959,Dowlaiswaram,Andhra Pradesh SW,28,Andhra Pradesh,505,EAST GODAVARI,RAJAHMUNDRY(R),-,-,Godavari,Godavari,Gowthami,-,-,Gowthami,16.93611111,81.78500000,12-02-2026 00:00,301
960,Dowlaiswaram,Andhra Pradesh SW,28,Andhra Pradesh,505,EAST GODAVARI,RAJAHMUNDRY(R),-,-,Godavari,Godavari,Gowthami,-,-,Gowthami,16.93611111,81.78500000,12-02-2026 06:00,296
961,Dowlaiswaram,Andhra Pradesh SW,28,Andhra Pradesh,505,EAST GODAVARI,RAJAHMUNDRY(R),-,-,Godavari,Godavari,Gowthami,-,-,Gowthami,16.93611111,81.78500000,12-02-2026 08:00,326.5
962,Dowlaiswaram,Andhra Pradesh SW,28,Andhra Pradesh,505,EAST GODAVARI,RAJAHMUNDRY(R),-,-,Godavari,Godavari,Gowthami,-,-,Gowthami,16.93611111,81.78500000,12-02-2026 11:00,344
963,Dowlaiswaram,Andhra Pradesh SW,28,Andhra Pradesh,505,EAST GODAVARI,RAJAHMUNDRY(R),-,-,Godavari,Godavari,Gowthami,-,-,Gowthami,16.93611111,81.78500000,12-02-2026 13:00,347.5
964,Dowlaiswaram,Andhra Pradesh SW,28,Andhra Pradesh,505,EAST GODAVARI,RAJAHMUNDRY(R),-,-,Godavari,Godavari,Gowthami,-,-,Gowthami,16.93611111,81.78500000,12-02-2026 18:00,318
965,Dowlaiswaram,Andhra Pradesh SW,28,Andhra Pradesh,505,EAST GODAVARI,RAJAHMUNDRY(R),-,-,Godavari,Godavari,Gowthami,-,-,Gowthami,16.93611111,81.78500000,12-02-2026 20:00,307
966,Dowlaiswaram,Andhra Pradesh SW,28,Andhra Pradesh,505,EAST GODAVARI,RAJAHMUNDRY(R),-,-,Godavari,Godavari,Gowthami,-,-,Gowthami,16.93611111,81.78500000,12-02-2026 22:00,301
967,Dowlaiswaram,Andhra Pradesh SW,28,Andhra Pradesh,505,EAST GODAVARI,RAJAHMUNDRY(R),-,-,Godavari,Godavari,Gowthami,-,-,Gowthami,16.93611111,81.78500000,12-02-2026 23:00,300
968,Dowlaiswaram,Andhra Pradesh SW,28,Andhra Pradesh,505,EAST GODAVARI,RAJAHMUNDRY(R),-,-,Godavari,Godavari,Gowthami,-,-,Gowthami,16.93611111,81.78500000,13-02-2026 01:00,295
969,Dowlaiswaram,Andhra Pradesh SW,28,Andhra Pradesh,505,EAST GODAVARI,RAJAHMUNDRY(R),-,-,Godavari,Godavari,Gowthami,-,-,Gowthami,16.93611111,81.78500000,13-02-2026 04:00,292.5
970,Dowlaiswaram,Andhra Pradesh SW,28,Andhra Pradesh,505,EAST GODAVARI,RAJAHMUNDRY(R),-,-,Godavari,Godavari,Gowthami,-,-,Gowthami,16.93611111,81.78500000,13-02-2026 09:00,333
971,Dowlaiswaram,Andhra Pradesh SW,28,Andhra Pradesh,505,EAST GODAVARI,RAJAHMUNDRY(R),-,-,Godavari,Godavari,Gowthami,-,-,Gowthami,16.93611111,81.78500000,13-02-2026 13:00,354
972,Dowlaiswaram,Andhra Pradesh SW,28,Andhra Pradesh,505,EAST GODAVARI,RAJAHMUNDRY(R),-,-,Godavari,Godavari,Gowthami,-,-,Gowthami,16.93611111,81.78500000,13-02-2026 16:00,343
973,Dowlaiswaram,Andhra Pradesh SW,28,Andhra Pradesh,505,EAST GODAVARI,RAJAHMUNDRY(R),-,-,Godavari,Godavari,Gowthami,-,-,Gowthami,16.93611111,81.78500000,13-02-2026 19:00,318.5
974,Dowlaiswaram,Andhra Pradesh SW,28,Andhra Pradesh,505,EAST GODAVARI,RAJAHMUNDRY(R),-,-,Godavari,Godavari,Gowthami,-,-,Gowthami,16.93611111,81.78500000,13-02-2026 23:00,303
975,Dowlaiswaram,Andhra Pradesh SW,28,Andhra Pradesh,505,EAST GODAVARI,RAJAHMUNDRY(R),-,-,Godavari,Godavari,Gowthami,-,-,Gowthami,16.93611111,81.78500000,14-02-2026 01:00,300.5
976,Dowlaiswaram,Andhra Pradesh SW,28,Andhra Pradesh,505,EAST GODAVARI,RAJAHMUNDRY(R),-,-,Godavari,Godavari,Gowthami,-,-,Gowthami,16.93611111,81.78500000,14-02-2026 07:00,308
977,Dowlaiswaram,Andhra Pradesh SW,28,Andhra Pradesh,505,EAST GODAVARI,RAJAHMUNDRY(R),-,-,Godavari,Godavari,Gowthami,-,-,Gowthami,16.93611111,81.78500000,14-02-2026 08:00,327.5
978,Dowlaiswaram,Andhra Pradesh SW,28,Andhra Pradesh,505,EAST GODAVARI,RAJAHMUNDRY(R),-,-,Godavari,Godavari,Gowthami,-,-,Gowthami,16.93611111,81.78500000,14-02-2026 09:00,331
979,Dowlaiswaram,Andhra Pradesh SW,28,Andhra Pradesh,505,EAST GODAVARI,RAJAHMUNDRY(R),-,-,Godavari,Godavari,Gowthami,-,-,Gowthami,16.93611111,81.78500000,14-02-2026 13:00,351
980,Dowlaiswaram,Andhra Pradesh SW,28,Andhra Pradesh,505,EAST GODAVARI,RAJAHMUNDRY(R),-,-,Godavari,Godavari,Gowthami,-,-,Gowthami,16.93611111,81.78500000,14-02-2026 15:00,352.5
981,Dowlaiswaram,Andhra Pradesh SW,28,Andhra Pradesh,505,EAST GODAVARI,RAJAHMUNDRY(R),-,-,Godavari,Godavari,Gowthami,-,-,Gowthami,16.93611111,81.78500000,15-02-2026 01:00,305.5
982,Dowlaiswaram,Andhra Pradesh SW,28,Andhra Pradesh,505,EAST GODAVARI,RAJAHMUNDRY(R),-,-,Godavari,Godavari,Gowthami,-,-,Gowthami,16.93611111,81.78500000,15-02-2026 07:00,304.5
983,Dowlaiswaram,Andhra Pradesh SW,28,Andhra Pradesh,505,EAST GODAVARI,RAJAHMUNDRY(R),-,-,Godavari,Godavari,Gowthami,-,-,Gowthami,16.93611111,81.78500000,15-02-2026 10:00,343.5
984,Dowlaiswaram,Andhra Pradesh SW,28,Andhra Pradesh,505,EAST GODAVARI,RAJAHMUNDRY(R),-,-,Godavari,Godavari,Gowthami,-,-,Gowthami,16.93611111,81.78500000,15-02-2026 11:00,349
985,Dowlaiswaram,Andhra Pradesh SW,28,Andhra Pradesh,505,EAST GODAVARI,RAJAHMUNDRY(R),-,-,Godavari,Godavari,Gowthami,-,-,Gowthami,16.93611111,81.78500000,15-02-2026 12:00,355
986,Dowlaiswaram,Andhra Pradesh SW,28,Andhra Pradesh,505,EAST GODAVARI,RAJAHMUNDRY(R),-,-,Godavari,Godavari,Gowthami,-,-,Gowthami,16.93611111,81.78500000,15-02-2026 15:00,352.5
987,Dowlaiswaram,Andhra Pradesh SW,28,Andhra Pradesh,505,EAST GODAVARI,RAJAHMUNDRY(R),-,-,Godavari,Godavari,Gowthami,-,-,Gowthami,16.93611111,81.78500000,15-02-2026 19:00,324
988,Dowlaiswaram,Andhra Pradesh SW,28,Andhra Pradesh,505,EAST GODAVARI,RAJAHMUNDRY(R),-,-,Godavari,Godavari,Gowthami,-,-,Gowthami,16.93611111,81.78500000,15-02-2026 20:00,320.5
989,Dowlaiswaram,Andhra Pradesh SW,28,Andhra Pradesh,505,EAST GODAVARI,RAJAHMUNDRY(R),-,-,Godavari,Godavari,Gowthami,-,-,Gowthami,16.93611111,81.78500000,16-02-2026 03:00,305.5
990,Dowlaiswaram,Andhra Pradesh SW,28,Andhra Pradesh,505,EAST GODAVARI,RAJAHMUNDRY(R),-,-,Godavari,Godavari,Gowthami,-,-,Gowthami,16.93611111,81.78500000,16-02-2026 07:00,307
991,Dowlaiswaram,Andhra Pradesh SW,28,Andhra Pradesh,505,EAST GODAVARI,RAJAHMUNDRY(R),-,-,Godavari,Godavari,Gowthami,-,-,Gowthami,16.93611111,81.78500000,16-02-2026 08:00,323
992,Dowlaiswaram,Andhra Pradesh SW,28,Andhra Pradesh,505,EAST GODAVARI,RAJAHMUNDRY(R),-,-,Godavari,Godavari,Gowthami,-,-,Gowthami,16.93611111,81.78500000,16-02-2026 12:00,354
993,Dowlaiswaram,Andhra Pradesh SW,28,Andhra Pradesh,505,EAST GODAVARI,RAJAHMUNDRY(R),-,-,Godavari,Godavari,Gowthami,-,-,Gowthami,16.93611111,81.78500000,16-02-2026 13:00,355
994,Dowlaiswaram,Andhra Pradesh SW,28,Andhra Pradesh,505,EAST GODAVARI,RAJAHMUNDRY(R),-,-,Godavari,Godavari,Gowthami,-,-,Gowthami,16.93611111,81.78500000,16-02-2026 14:00,352.5
995,Dowlaiswaram,Andhra Pradesh SW,28,Andhra Pradesh,505,EAST GODAVARI,RAJAHMUNDRY(R),-,-,Godavari,Godavari,Gowthami,-,-,Gowthami,16.93611111,81.78500000,16-02-2026 15:00,-168
996,Dowlaiswaram,Andhra Pradesh SW,28,Andhra Pradesh,505,EAST GODAVARI,RAJAHMUNDRY(R),-,-,Godavari,Godavari,Gowthami,-,-,Gowthami,16.93611111,81.78500000,16-02-2026 20:00,320.5
997,Dowlaiswaram,Andhra Pradesh SW,28,Andhra Pradesh,505,EAST GODAVARI,RAJAHMUNDRY(R),-,-,Godavari,Godavari,Gowthami,-,-,Gowthami,16.93611111,81.78500000,17-02-2026 01:00,308
998,Dowlaiswaram,Andhra Pradesh SW,28,Andhra Pradesh,505,EAST GODAVARI,RAJAHMUNDRY(R),-,-,Godavari,Godavari,Gowthami,-,-,Gowthami,16.93611111,81.78500000,17-02-2026 07:00,315
999,Dowlaiswaram,Andhra Pradesh SW,28,Andhra Pradesh,505,EAST GODAVARI,RAJAHMUNDRY(R),-,-,Godavari,Godavari,Gowthami,-,-,Gowthami,16.93611111,81.78500000,17-02-2026 08:00,328.5
1000,Dowlaiswaram,Andhra Pradesh SW,28,Andhra Pradesh,505,EAST GODAVARI,RAJAHMUNDRY(R),-,-,Godavari,Godavari,Gowthami,-,-,Gowthami,16.93611111,81.78500000,17-02-2026 11:00,343.5
1001,Dowlaiswaram,Andhra Pradesh SW,28,Andhra Pradesh,505,EAST GODAVARI,RAJAHMUNDRY(R),-,-,Godavari,Godavari,Gowthami,-,-,Gowthami,16.93611111,81.78500000,17-02-2026 12:00,350
1002,Dowlaiswaram,Andhra Pradesh SW,28,Andhra Pradesh,505,EAST GODAVARI,RAJAHMUNDRY(R),-,-,Godavari,Godavari,Gowthami,-,-,Gowthami,16.93611111,81.78500000,17-02-2026 19:00,321.5
1003,Dowlaiswaram,Andhra Pradesh SW,28,Andhra Pradesh,505,EAST GODAVARI,RAJAHMUNDRY(R),-,-,Godavari,Godavari,Gowthami,-,-,Gowthami,16.93611111,81.78500000,17-02-2026 23:00,308
1004,Dowlaiswaram,Andhra Pradesh SW,28,Andhra Pradesh,505,EAST GODAVARI,RAJAHMUNDRY(R),-,-,Godavari,Godavari,Gowthami,-,-,Gowthami,16.93611111,81.78500000,18-02-2026 01:00,305
1005,Dowlaiswaram,Andhra Pradesh SW,28,Andhra Pradesh,505,EAST GODAVARI,RAJAHMUNDRY(R),-,-,Godavari,Godavari,Gowthami,-,-,Gowthami,16.93611111,81.78500000,18-02-2026 06:00,304
1006,Dowlaiswaram,Andhra Pradesh SW,28,Andhra Pradesh,505,EAST GODAVARI,RAJAHMUNDRY(R),-,-,Godavari,Godavari,Gowthami,-,-,Gowthami,16.93611111,81.78500000,18-02-2026 07:00,315
1007,Dowlaiswaram,Andhra Pradesh SW,28,Andhra Pradesh,505,EAST GODAVARI,RAJAHMUNDRY(R),-,-,Godavari,Godavari,Gowthami,-,-,Gowthami,16.93611111,81.78500000,18-02-2026 11:00,345.5
1008,Dowlaiswaram,Andhra Pradesh SW,28,Andhra Pradesh,505,EAST GODAVARI,RAJAHMUNDRY(R),-,-,Godavari,Godavari,Gowthami,-,-,Gowthami,16.93611111,81.78500000,18-02-2026 14:00,345
1009,Dowlaiswaram,Andhra Pradesh SW,28,Andhra Pradesh,505,EAST GODAVARI,RAJAHMUNDRY(R),-,-,Godavari,Godavari,Gowthami,-,-,Gowthami,16.93611111,81.78500000,18-02-2026 16:00,339
1010,Dowlaiswaram,Andhra Pradesh SW,28,Andhra Pradesh,505,EAST GODAVARI,RAJAHMUNDRY(R),-,-,Godavari,Godavari,Gowthami,-,-,Gowthami,16.93611111,81.78500000,19-02-2026 00:00,306.5
1011,Dowlaiswaram,Andhra Pradesh SW,28,Andhra Pradesh,505,EAST GODAVARI,RAJAHMUNDRY(R),-,-,Godavari,Godavari,Gowthami,-,-,Gowthami,16.93611111,81.78500000,19-02-2026 02:00,304
1012,Dowlaiswaram,Andhra Pradesh SW,28,Andhra Pradesh,505,EAST GODAVARI,RAJAHMUNDRY(R),-,-,Godavari,Godavari,Gowthami,-,-,Gowthami,16.93611111,81.78500000,19-02-2026 05:00,301.5
1013,Dowlaiswaram,Andhra Pradesh SW,28,Andhra Pradesh,505,EAST GODAVARI,RAJAHMUNDRY(R),-,-,Godavari,Godavari,Gowthami,-,-,Gowthami,16.93611111,81.78500000,19-02-2026 19:00,317
1014,Dowlaiswaram,Andhra Pradesh SW,28,Andhra Pradesh,505,EAST GODAVARI,RAJAHMUNDRY(R),-,-,Godavari,Godavari,Gowthami,-,-,Gowthami,16.93611111,81.78500000,19-02-2026 22:00,312
1015,Dowlaiswaram,Andhra Pradesh SW,28,Andhra Pradesh,505,EAST GODAVARI,RAJAHMUNDRY(R),-,-,Godavari,Godavari,Gowthami,-,-,Gowthami,16.93611111,81.78500000,19-02-2026 23:00,310
1016,Dowlaiswaram,Andhra Pradesh SW,28,Andhra Pradesh,505,EAST GODAVARI,RAJAHMUNDRY(R),-,-,Godavari,Godavari,Gowthami,-,-,Gowthami,16.93611111,81.78500000,20-02-2026 00:00,308.5
1017,Dowlaiswaram,Andhra Pradesh SW,28,Andhra Pradesh,505,EAST GODAVARI,RAJAHMUNDRY(R),-,-,Godavari,Godavari,Gowthami,-,-,Gowthami,16.93611111,81.78500000,20-02-2026 01:00,307
1018,Dowlaiswaram,Andhra Pradesh SW,28,Andhra Pradesh,505,EAST GODAVARI,RAJAHMUNDRY(R),-,-,Godavari,Godavari,Gowthami,-,-,Gowthami,16.93611111,81.78500000,20-02-2026 07:00,320
1019,Dowlaiswaram,Andhra Pradesh SW,28,Andhra Pradesh,505,EAST GODAVARI,RAJAHMUNDRY(R),-,-,Godavari,Godavari,Gowthami,-,-,Gowthami,16.93611111,81.78500000,20-02-2026 10:00,350
1020,Dowlaiswaram,Andhra Pradesh SW,28,Andhra Pradesh,505,EAST GODAVARI,RAJAHMUNDRY(R),-,-,Godavari,Godavari,Gowthami,-,-,Gowthami,16.93611111,81.78500000,20-02-2026 14:00,351
1021,Dowlaiswaram,Andhra Pradesh SW,28,Andhra Pradesh,505,EAST GODAVARI,RAJAHMUNDRY(R),-,-,Godavari,Godavari,Gowthami,-,-,Gowthami,16.93611111,81.78500000,20-02-2026 16:00,341
1022,Dowlaiswaram,Andhra Pradesh SW,28,Andhra Pradesh,505,EAST GODAVARI,RAJAHMUNDRY(R),-,-,Godavari,Godavari,Gowthami,-,-,Gowthami,16.93611111,81.78500000,20-02-2026 19:00,322
1023,Dowlaiswaram,Andhra Pradesh SW,28,Andhra Pradesh,505,EAST GODAVARI,RAJAHMUNDRY(R),-,-,Godavari,Godavari,Gowthami,-,-,Gowthami,16.93611111,81.78500000,20-02-2026 23:00,311
1024,Dowlaiswaram,Andhra Pradesh SW,28,Andhra Pradesh,505,EAST GODAVARI,RAJAHMUNDRY(R),-,-,Godavari,Godavari,Gowthami,-,-,Gowthami,16.93611111,81.78500000,21-02-2026 00:00,309
1025,Dowlaiswaram,Andhra Pradesh SW,28,Andhra Pradesh,505,EAST GODAVARI,RAJAHMUNDRY(R),-,-,Godavari,Godavari,Gowthami,-,-,Gowthami,16.93611111,81.78500000,21-02-2026 09:00,350
1026,Dowlaiswaram,Andhra Pradesh SW,28,Andhra Pradesh,505,EAST GODAVARI,RAJAHMUNDRY(R),-,-,Godavari,Godavari,Gowthami,-,-,Gowthami,16.93611111,81.78500000,21-02-2026 13:00,362
1027,Dowlaiswaram,Andhra Pradesh SW,28,Andhra Pradesh,505,EAST GODAVARI,RAJAHMUNDRY(R),-,-,Godavari,Godavari,Gowthami,-,-,Gowthami,16.93611111,81.78500000,21-02-2026 20:00,324
1028,Dowlaiswaram,Andhra Pradesh SW,28,Andhra Pradesh,505,EAST GODAVARI,RAJAHMUNDRY(R),-,-,Godavari,Godavari,Gowthami,-,-,Gowthami,16.93611111,81.78500000,22-02-2026 02:00,314.5
1029,Dowlaiswaram,Andhra Pradesh SW,28,Andhra Pradesh,505,EAST GODAVARI,RAJAHMUNDRY(R),-,-,Godavari,Godavari,Gowthami,-,-,Gowthami,16.93611111,81.78500000,22-02-2026 06:00,309.5
1030,Dowlaiswaram,Andhra Pradesh SW,28,Andhra Pradesh,505,EAST GODAVARI,RAJAHMUNDRY(R),-,-,Godavari,Godavari,Gowthami,-,-,Gowthami,16.93611111,81.78500000,22-02-2026 12:00,367
1031,Dowlaiswaram,Andhra Pradesh SW,28,Andhra Pradesh,505,EAST GODAVARI,RAJAHMUNDRY(R),-,-,Godavari,Godavari,Gowthami,-,-,Gowthami,16.93611111,81.78500000,22-02-2026 15:00,356
1032,Dowlaiswaram,Andhra Pradesh SW,28,Andhra Pradesh,505,EAST GODAVARI,RAJAHMUNDRY(R),-,-,Godavari,Godavari,Gowthami,-,-,Gowthami,16.93611111,81.78500000,22-02-2026 19:00,322.5
1033,Dowlaiswaram,Andhra Pradesh SW,28,Andhra Pradesh,505,EAST GODAVARI,RAJAHMUNDRY(R),-,-,Godavari,Godavari,Gowthami,-,-,Gowthami,16.93611111,81.78500000,22-02-2026 20:00,324
1034,Dowlaiswaram,Andhra Pradesh SW,28,Andhra Pradesh,505,EAST GODAVARI,RAJAHMUNDRY(R),-,-,Godavari,Godavari,Gowthami,-,-,Gowthami,16.93611111,81.78500000,22-02-2026 22:00,323.5
1035,Dowlaiswaram,Andhra Pradesh SW,28,Andhra Pradesh,505,EAST GODAVARI,RAJAHMUNDRY(R),-,-,Godavari,Godavari,Gowthami,-,-,Gowthami,16.93611111,81.78500000,23-02-2026 00:00,323
1036,Dowlaiswaram,Andhra Pradesh SW,28,Andhra Pradesh,505,EAST GODAVARI,RAJAHMUNDRY(R),-,-,Godavari,Godavari,Gowthami,-,-,Gowthami,16.93611111,81.78500000,23-02-2026 04:00,317
1037,Dowlaiswaram,Andhra Pradesh SW,28,Andhra Pradesh,505,EAST GODAVARI,RAJAHMUNDRY(R),-,-,Godavari,Godavari,Gowthami,-,-,Gowthami,16.93611111,81.78500000,23-02-2026 07:00,323
1038,Dowlaiswaram,Andhra Pradesh SW,28,Andhra Pradesh,505,EAST GODAVARI,RAJAHMUNDRY(R),-,-,Godavari,Godavari,Gowthami,-,-,Gowthami,16.93611111,81.78500000,23-02-2026 08:00,334
1039,Dowlaiswaram,Andhra Pradesh SW,28,Andhra Pradesh,505,EAST GODAVARI,RAJAHMUNDRY(R),-,-,Godavari,Godavari,Gowthami,-,-,Gowthami,16.93611111,81.78500000,23-02-2026 10:00,346.5
1040,Dowlaiswaram,Andhra Pradesh SW,28,Andhra Pradesh,505,EAST GODAVARI,RAJAHMUNDRY(R),-,-,Godavari,Godavari,Gowthami,-,-,Gowthami,16.93611111,81.78500000,23-02-2026 11:00,353
1041,Dowlaiswaram,Andhra Pradesh SW,28,Andhra Pradesh,505,EAST GODAVARI,RAJAHMUNDRY(R),-,-,Godavari,Godavari,Gowthami,-,-,Gowthami,16.93611111,81.78500000,23-02-2026 13:00,355
1042,Dowlaiswaram,Andhra Pradesh SW,28,Andhra Pradesh,505,EAST GODAVARI,RAJAHMUNDRY(R),-,-,Godavari,Godavari,Gowthami,-,-,Gowthami,16.93611111,81.78500000,23-02-2026 14:00,354
1043,Dowlaiswaram,Andhra Pradesh SW,28,Andhra Pradesh,505,EAST GODAVARI,RAJAHMUNDRY(R),-,-,Godavari,Godavari,Gowthami,-,-,Gowthami,16.93611111,81.78500000,23-02-2026 18:00,336
1044,Dowlaiswaram,Andhra Pradesh SW,28,Andhra Pradesh,505,EAST GODAVARI,RAJAHMUNDRY(R),-,-,Godavari,Godavari,Gowthami,-,-,Gowthami,16.93611111,81.78500000,23-02-2026 20:00,326.5
1045,Dowlaiswaram,Andhra Pradesh SW,28,Andhra Pradesh,505,EAST GODAVARI,RAJAHMUNDRY(R),-,-,Godavari,Godavari,Gowthami,-,-,Gowthami,16.93611111,81.78500000,23-02-2026 21:00,324
1046,Dowlaiswaram,Andhra Pradesh SW,28,Andhra Pradesh,505,EAST GODAVARI,RAJAHMUNDRY(R),-,-,Godavari,Godavari,Gowthami,-,-,Gowthami,16.93611111,81.78500000,23-02-2026 22:00,323.5
1047,Dowlaiswaram,Andhra Pradesh SW,28,Andhra Pradesh,505,EAST GODAVARI,RAJAHMUNDRY(R),-,-,Godavari,Godavari,Gowthami,-,-,Gowthami,16.93611111,81.78500000,23-02-2026 23:00,326
1048,Dowlaiswaram,Andhra Pradesh SW,28,Andhra Pradesh,505,EAST GODAVARI,RAJAHMUNDRY(R),-,-,Godavari,Godavari,Gowthami,-,-,Gowthami,16.93611111,81.78500000,24-02-2026 00:00,322
1049,Dowlaiswaram,Andhra Pradesh SW,28,Andhra Pradesh,505,EAST GODAVARI,RAJAHMUNDRY(R),-,-,Godavari,Godavari,Gowthami,-,-,Gowthami,16.93611111,81.78500000,24-02-2026 01:00,319.5
1050,Dowlaiswaram,Andhra Pradesh SW,28,Andhra Pradesh,505,EAST GODAVARI,RAJAHMUNDRY(R),-,-,Godavari,Godavari,Gowthami,-,-,Gowthami,16.93611111,81.78500000,24-02-2026 03:00,315
1051,Dowlaiswaram,Andhra Pradesh SW,28,Andhra Pradesh,505,EAST GODAVARI,RAJAHMUNDRY(R),-,-,Godavari,Godavari,Gowthami,-,-,Gowthami,16.93611111,81.78500000,24-02-2026 07:00,319
1052,Dowlaiswaram,Andhra Pradesh SW,28,Andhra Pradesh,505,EAST GODAVARI,RAJAHMUNDRY(R),-,-,Godavari,Godavari,Gowthami,-,-,Gowthami,16.93611111,81.78500000,24-02-2026 09:00,331.5
1053,Dowlaiswaram,Andhra Pradesh SW,28,Andhra Pradesh,505,EAST GODAVARI,RAJAHMUNDRY(R),-,-,Godavari,Godavari,Gowthami,-,-,Gowthami,16.93611111,81.78500000,24-02-2026 10:00,344
1054,Dowlaiswaram,Andhra Pradesh SW,28,Andhra Pradesh,505,EAST GODAVARI,RAJAHMUNDRY(R),-,-,Godavari,Godavari,Gowthami,-,-,Gowthami,16.93611111,81.78500000,24-02-2026 12:00,346.5
1055,Dowlaiswaram,Andhra Pradesh SW,28,Andhra Pradesh,505,EAST GODAVARI,RAJAHMUNDRY(R),-,-,Godavari,Godavari,Gowthami,-,-,Gowthami,16.93611111,81.78500000,24-02-2026 14:00,350
1056,Dowlaiswaram,Andhra Pradesh SW,28,Andhra Pradesh,505,EAST GODAVARI,RAJAHMUNDRY(R),-,-,Godavari,Godavari,Gowthami,-,-,Gowthami,16.93611111,81.78500000,25-02-2026 14:00,362
1057,Dowlaiswaram,Andhra Pradesh SW,28,Andhra Pradesh,505,EAST GODAVARI,RAJAHMUNDRY(R),-,-,Godavari,Godavari,Gowthami,-,-,Gowthami,16.93611111,81.78500000,19-03-2026 10:00,356
1058,Dowlaiswaram,Andhra Pradesh SW,28,Andhra Pradesh,505,EAST GODAVARI,RAJAHMUNDRY(R),-,-,Godavari,Godavari,Gowthami,-,-,Gowthami,16.93611111,81.78500000,19-03-2026 17:00,313
1059,Dowlaiswaram,Andhra Pradesh SW,28,Andhra Pradesh,505,EAST GODAVARI,RAJAHMUNDRY(R),-,-,Godavari,Godavari,Gowthami,-,-,Gowthami,16.93611111,81.78500000,20-03-2026 01:00,305
1060,Dowlaiswaram,Andhra Pradesh SW,28,Andhra Pradesh,505,EAST GODAVARI,RAJAHMUNDRY(R),-,-,Godavari,Godavari,Gowthami,-,-,Gowthami,16.93611111,81.78500000,20-03-2026 08:00,336
1061,Dowlaiswaram,Andhra Pradesh SW,28,Andhra Pradesh,505,EAST GODAVARI,RAJAHMUNDRY(R),-,-,Godavari,Godavari,Gowthami,-,-,Gowthami,16.93611111,81.78500000,20-03-2026 16:00,347.5
1062,Dowlaiswaram,Andhra Pradesh SW,28,Andhra Pradesh,505,EAST GODAVARI,RAJAHMUNDRY(R),-,-,Godavari,Godavari,Gowthami,-,-,Gowthami,16.93611111,81.78500000,20-03-2026 17:00,340.5
1063,Dowlaiswaram,Andhra Pradesh SW,28,Andhra Pradesh,505,EAST GODAVARI,RAJAHMUNDRY(R),-,-,Godavari,Godavari,Gowthami,-,-,Gowthami,16.93611111,81.78500000,20-03-2026 18:00,334.5
1064,Dowlaiswaram,Andhra Pradesh SW,28,Andhra Pradesh,505,EAST GODAVARI,RAJAHMUNDRY(R),-,-,Godavari,Godavari,Gowthami,-,-,Gowthami,16.93611111,81.78500000,20-03-2026 19:00,329.5
1065,Dowlaiswaram,Andhra Pradesh SW,28,Andhra Pradesh,505,EAST GODAVARI,RAJAHMUNDRY(R),-,-,Godavari,Godavari,Gowthami,-,-,Gowthami,16.93611111,81.78500000,20-03-2026 23:00,320.5
1066,Dowlaiswaram,Andhra Pradesh SW,28,Andhra Pradesh,505,EAST GODAVARI,RAJAHMUNDRY(R),-,-,Godavari,Godavari,Gowthami,-,-,Gowthami,16.93611111,81.78500000,21-03-2026 00:00,321
1067,Dowlaiswaram,Andhra Pradesh SW,28,Andhra Pradesh,505,EAST GODAVARI,RAJAHMUNDRY(R),-,-,Godavari,Godavari,Gowthami,-,-,Gowthami,16.93611111,81.78500000,21-03-2026 01:00,314
1068,Dowlaiswaram,Andhra Pradesh SW,28,Andhra Pradesh,505,EAST GODAVARI,RAJAHMUNDRY(R),-,-,Godavari,Godavari,Gowthami,-,-,Gowthami,16.93611111,81.78500000,21-03-2026 02:00,311
1069,Dowlaiswaram,Andhra Pradesh SW,28,Andhra Pradesh,505,EAST GODAVARI,RAJAHMUNDRY(R),-,-,Godavari,Godavari,Gowthami,-,-,Gowthami,16.93611111,81.78500000,21-03-2026 03:00,309.5
1070,Dowlaiswaram,Andhra Pradesh SW,28,Andhra Pradesh,505,EAST GODAVARI,RAJAHMUNDRY(R),-,-,Godavari,Godavari,Gowthami,-,-,Gowthami,16.93611111,81.78500000,21-03-2026 16:00,346.5
1071,Dowlaiswaram,Andhra Pradesh SW,28,Andhra Pradesh,505,EAST GODAVARI,RAJAHMUNDRY(R),-,-,Godavari,Godavari,Gowthami,-,-,Gowthami,16.93611111,81.78500000,21-03-2026 20:00,329.5
1072,Dowlaiswaram,Andhra Pradesh SW,28,Andhra Pradesh,505,EAST GODAVARI,RAJAHMUNDRY(R),-,-,Godavari,Godavari,Gowthami,-,-,Gowthami,16.93611111,81.78500000,21-03-2026 21:00,326.5
1073,Dowlaiswaram,Andhra Pradesh SW,28,Andhra Pradesh,505,EAST GODAVARI,RAJAHMUNDRY(R),-,-,Godavari,Godavari,Gowthami,-,-,Gowthami,16.93611111,81.78500000,22-03-2026 01:00,321.5
1074,Dowlaiswaram,Andhra Pradesh SW,28,Andhra Pradesh,505,EAST GODAVARI,RAJAHMUNDRY(R),-,-,Godavari,Godavari,Gowthami,-,-,Gowthami,16.93611111,81.78500000,22-03-2026 11:00,355.5
1075,Dowlaiswaram,Andhra Pradesh SW,28,Andhra Pradesh,505,EAST GODAVARI,RAJAHMUNDRY(R),-,-,Godavari,Godavari,Gowthami,-,-,Gowthami,16.93611111,81.78500000,22-03-2026 12:00,366
1076,Dowlaiswaram,Andhra Pradesh SW,28,Andhra Pradesh,505,EAST GODAVARI,RAJAHMUNDRY(R),-,-,Godavari,Godavari,Gowthami,-,-,Gowthami,16.93611111,81.78500000,22-03-2026 17:00,347
1077,Dowlaiswaram,Andhra Pradesh SW,28,Andhra Pradesh,505,EAST GODAVARI,RAJAHMUNDRY(R),-,-,Godavari,Godavari,Gowthami,-,-,Gowthami,16.93611111,81.78500000,22-03-2026 19:00,337
1078,Dowlaiswaram,Andhra Pradesh SW,28,Andhra Pradesh,505,EAST GODAVARI,RAJAHMUNDRY(R),-,-,Godavari,Godavari,Gowthami,-,-,Gowthami,16.93611111,81.78500000,22-03-2026 21:00,323.5
1079,Dowlaiswaram,Andhra Pradesh SW,28,Andhra Pradesh,505,EAST GODAVARI,RAJAHMUNDRY(R),-,-,Godavari,Godavari,Gowthami,-,-,Gowthami,16.93611111,81.78500000,22-03-2026 22:00,317
1080,Dowlaiswaram,Andhra Pradesh SW,28,Andhra Pradesh,505,EAST GODAVARI,RAJAHMUNDRY(R),-,-,Godavari,Godavari,Gowthami,-,-,Gowthami,16.93611111,81.78500000,23-03-2026 01:00,318
1081,Dowlaiswaram,Andhra Pradesh SW,28,Andhra Pradesh,505,EAST GODAVARI,RAJAHMUNDRY(R),-,-,Godavari,Godavari,Gowthami,-,-,Gowthami,16.93611111,81.78500000,23-03-2026 04:00,317.5
1082,Dowlaiswaram,Andhra Pradesh SW,28,Andhra Pradesh,505,EAST GODAVARI,RAJAHMUNDRY(R),-,-,Godavari,Godavari,Gowthami,-,-,Gowthami,16.93611111,81.78500000,23-03-2026 08:00,128
1083,Dowlaiswaram,Andhra Pradesh SW,28,Andhra Pradesh,505,EAST GODAVARI,RAJAHMUNDRY(R),-,-,Godavari,Godavari,Gowthami,-,-,Gowthami,16.93611111,81.78500000,23-03-2026 11:00,355
1084,Dowlaiswaram,Andhra Pradesh SW,28,Andhra Pradesh,505,EAST GODAVARI,RAJAHMUNDRY(R),-,-,Godavari,Godavari,Gowthami,-,-,Gowthami,16.93611111,81.78500000,23-03-2026 12:00,354
1085,Dowlaiswaram,Andhra Pradesh SW,28,Andhra Pradesh,505,EAST GODAVARI,RAJAHMUNDRY(R),-,-,Godavari,Godavari,Gowthami,-,-,Gowthami,16.93611111,81.78500000,23-03-2026 15:00,356
1086,Dowlaiswaram,Andhra Pradesh SW,28,Andhra Pradesh,505,EAST GODAVARI,RAJAHMUNDRY(R),-,-,Godavari,Godavari,Gowthami,-,-,Gowthami,16.93611111,81.78500000,23-03-2026 17:00,345
1087,Dowlaiswaram,Andhra Pradesh SW,28,Andhra Pradesh,505,EAST GODAVARI,RAJAHMUNDRY(R),-,-,Godavari,Godavari,Gowthami,-,-,Gowthami,16.93611111,81.78500000,24-03-2026 01:00,322.5
1088,Dowlaiswaram,Andhra Pradesh SW,28,Andhra Pradesh,505,EAST GODAVARI,RAJAHMUNDRY(R),-,-,Godavari,Godavari,Gowthami,-,-,Gowthami,16.93611111,81.78500000,24-03-2026 09:00,352
1089,Dowlaiswaram,Andhra Pradesh SW,28,Andhra Pradesh,505,EAST GODAVARI,RAJAHMUNDRY(R),-,-,Godavari,Godavari,Gowthami,-,-,Gowthami,16.93611111,81.78500000,24-03-2026 12:00,357
1090,Dowlaiswaram,Andhra Pradesh SW,28,Andhra Pradesh,505,EAST GODAVARI,RAJAHMUNDRY(R),-,-,Godavari,Godavari,Gowthami,-,-,Gowthami,16.93611111,81.78500000,24-03-2026 20:00,330
1091,Dowlaiswaram,Andhra Pradesh SW,28,Andhra Pradesh,505,EAST GODAVARI,RAJAHMUNDRY(R),-,-,Godavari,Godavari,Gowthami,-,-,Gowthami,16.93611111,81.78500000,15-04-2026 05:00,328
1092,Dowlaiswaram,Andhra Pradesh SW,28,Andhra Pradesh,505,EAST GODAVARI,RAJAHMUNDRY(R),-,-,Godavari,Godavari,Gowthami,-,-,Gowthami,16.93611111,81.78500000,15-04-2026 09:00,361
1093,Dowlaiswaram,Andhra Pradesh SW,28,Andhra Pradesh,505,EAST GODAVARI,RAJAHMUNDRY(R),-,-,Godavari,Godavari,Gowthami,-,-,Gowthami,16.93611111,81.78500000,15-04-2026 14:00,370.5
1094,Dowlaiswaram,Andhra Pradesh SW,28,Andhra Pradesh,505,EAST GODAVARI,RAJAHMUNDRY(R),-,-,Godavari,Godavari,Gowthami,-,-,Gowthami,16.93611111,81.78500000,16-04-2026 03:00,330.5
1095,Dowlaiswaram,Andhra Pradesh SW,28,Andhra Pradesh,505,EAST GODAVARI,RAJAHMUNDRY(R),-,-,Godavari,Godavari,Gowthami,-,-,Gowthami,16.93611111,81.78500000,16-04-2026 10:00,371
1096,Dowlaiswaram,Andhra Pradesh SW,28,Andhra Pradesh,505,EAST GODAVARI,RAJAHMUNDRY(R),-,-,Godavari,Godavari,Gowthami,-,-,Gowthami,16.93611111,81.78500000,16-04-2026 18:00,349
1097,Dowlaiswaram,Andhra Pradesh SW,28,Andhra Pradesh,505,EAST GODAVARI,RAJAHMUNDRY(R),-,-,Godavari,Godavari,Gowthami,-,-,Gowthami,16.93611111,81.78500000,16-04-2026 23:00,333
1098,Dowlaiswaram,Andhra Pradesh SW,28,Andhra Pradesh,505,EAST GODAVARI,RAJAHMUNDRY(R),-,-,Godavari,Godavari,Gowthami,-,-,Gowthami,16.93611111,81.78500000,17-04-2026 15:00,371.5
1099,Dowlaiswaram,Andhra Pradesh SW,28,Andhra Pradesh,505,EAST GODAVARI,RAJAHMUNDRY(R),-,-,Godavari,Godavari,Gowthami,-,-,Gowthami,16.93611111,81.78500000,18-04-2026 04:00,338
1100,Dowlaiswaram,Andhra Pradesh SW,28,Andhra Pradesh,505,EAST GODAVARI,RAJAHMUNDRY(R),-,-,Godavari,Godavari,Gowthami,-,-,Gowthami,16.93611111,81.78500000,18-04-2026 14:00,371.5
1101,Dowlaiswaram,Andhra Pradesh SW,28,Andhra Pradesh,505,EAST GODAVARI,RAJAHMUNDRY(R),-,-,Godavari,Godavari,Gowthami,-,-,Gowthami,16.93611111,81.78500000,18-04-2026 23:00,337
1102,Dowlaiswaram,Andhra Pradesh SW,28,Andhra Pradesh,505,EAST GODAVARI,RAJAHMUNDRY(R),-,-,Godavari,Godavari,Gowthami,-,-,Gowthami,16.93611111,81.78500000,19-04-2026 20:30,342
1103,Dowlaiswaram,Andhra Pradesh SW,28,Andhra Pradesh,505,EAST GODAVARI,RAJAHMUNDRY(R),-,-,Godavari,Godavari,Gowthami,-,-,Gowthami,16.93611111,81.78500000,20-04-2026 08:00,348
1104,Dowlaiswaram,Andhra Pradesh SW,28,Andhra Pradesh,505,EAST GODAVARI,RAJAHMUNDRY(R),-,-,Godavari,Godavari,Gowthami,-,-,Gowthami,16.93611111,81.78500000,20-04-2026 21:00,339
1105,Dowlaiswaram,Andhra Pradesh SW,28,Andhra Pradesh,505,EAST GODAVARI,RAJAHMUNDRY(R),-,-,Godavari,Godavari,Gowthami,-,-,Gowthami,16.93611111,81.78500000,21-04-2026 08:00,353
1106,Dowlaiswaram,Andhra Pradesh SW,28,Andhra Pradesh,505,EAST GODAVARI,RAJAHMUNDRY(R),-,-,Godavari,Godavari,Gowthami,-,-,Gowthami,16.93611111,81.78500000,21-04-2026 14:00,375.5
1107,Dowlaiswaram,Andhra Pradesh SW,28,Andhra Pradesh,505,EAST GODAVARI,RAJAHMUNDRY(R),-,-,Godavari,Godavari,Gowthami,-,-,Gowthami,16.93611111,81.78500000,21-04-2026 16:00,367
1108,Dowlaiswaram,Andhra Pradesh SW,28,Andhra Pradesh,505,EAST GODAVARI,RAJAHMUNDRY(R),-,-,Godavari,Godavari,Gowthami,-,-,Gowthami,16.93611111,81.78500000,21-04-2026 23:00,337
1109,Dowlaiswaram,Andhra Pradesh SW,28,Andhra Pradesh,505,EAST GODAVARI,RAJAHMUNDRY(R),-,-,Godavari,Godavari,Gowthami,-,-,Gowthami,16.93611111,81.78500000,24-04-2026 02:00,337
1110,Dowlaiswaram,Andhra Pradesh SW,28,Andhra Pradesh,505,EAST GODAVARI,RAJAHMUNDRY(R),-,-,Godavari,Godavari,Gowthami,-,-,Gowthami,16.93611111,81.78500000,24-04-2026 17:00,355.5
1111,Dowlaiswaram,Andhra Pradesh SW,28,Andhra Pradesh,505,EAST GODAVARI,RAJAHMUNDRY(R),-,-,Godavari,Godavari,Gowthami,-,-,Gowthami,16.93611111,81.78500000,25-04-2026 21:00,340.5
1112,Dowlaiswaram,Andhra Pradesh SW,28,Andhra Pradesh,505,EAST GODAVARI,RAJAHMUNDRY(R),-,-,Godavari,Godavari,Gowthami,-,-,Gowthami,16.93611111,81.78500000,26-04-2026 00:00,337.5
1113,Dowlaiswaram,Andhra Pradesh SW,28,Andhra Pradesh,505,EAST GODAVARI,RAJAHMUNDRY(R),-,-,Godavari,Godavari,Gowthami,-,-,Gowthami,16.93611111,81.78500000,27-04-2026 01:00,331.5
1114,Dowlaiswaram,Andhra Pradesh SW,28,Andhra Pradesh,505,EAST GODAVARI,RAJAHMUNDRY(R),-,-,Godavari,Godavari,Gowthami,-,-,Gowthami,16.93611111,81.78500000,27-04-2026 15:00,374
1115,Dowlaiswaram,Andhra Pradesh SW,28,Andhra Pradesh,505,EAST GODAVARI,RAJAHMUNDRY(R),-,-,Godavari,Godavari,Gowthami,-,-,Gowthami,16.93611111,81.78500000,28-04-2026 05:00,333
1116,Dowlaiswaram,Andhra Pradesh SW,28,Andhra Pradesh,505,EAST GODAVARI,RAJAHMUNDRY(R),-,-,Godavari,Godavari,Gowthami,-,-,Gowthami,16.93611111,81.78500000,28-04-2026 12:00,374.5
1117,Dowlaiswaram,Andhra Pradesh SW,28,Andhra Pradesh,505,EAST GODAVARI,RAJAHMUNDRY(R),-,-,Godavari,Godavari,Gowthami,-,-,Gowthami,16.93611111,81.78500000,28-04-2026 21:00,345.5
1118,Dowlaiswaram,Andhra Pradesh SW,28,Andhra Pradesh,505,EAST GODAVARI,RAJAHMUNDRY(R),-,-,Godavari,Godavari,Gowthami,-,-,Gowthami,16.93611111,81.78500000,30-04-2026 06:00,349.5
1119,Dowlaiswaram,Andhra Pradesh SW,28,Andhra Pradesh,505,EAST GODAVARI,RAJAHMUNDRY(R),-,-,Godavari,Godavari,Gowthami,-,-,Gowthami,16.93611111,81.78500000,30-04-2026 07:00,356.5
1120,Dowlaiswaram,Andhra Pradesh SW,28,Andhra Pradesh,505,EAST GODAVARI,RAJAHMUNDRY(R),-,-,Godavari,Godavari,Gowthami,-,-,Gowthami,16.93611111,81.78500000,30-04-2026 08:00,359.5
1121,Dowlaiswaram,Andhra Pradesh SW,28,Andhra Pradesh,505,EAST GODAVARI,RAJAHMUNDRY(R),-,-,Godavari,Godavari,Gowthami,-,-,Gowthami,16.93611111,81.78500000,30-04-2026 09:00,366.5
1122,Dowlaiswaram,Andhra Pradesh SW,28,Andhra Pradesh,505,EAST GODAVARI,RAJAHMUNDRY(R),-,-,Godavari,Godavari,Gowthami,-,-,Gowthami,16.93611111,81.78500000,30-04-2026 10:00,373
1123,Dowlaiswaram,Andhra Pradesh SW,28,Andhra Pradesh,505,EAST GODAVARI,RAJAHMUNDRY(R),-,-,Godavari,Godavari,Gowthami,-,-,Gowthami,16.93611111,81.78500000,30-04-2026 11:00,375
1124,Dowlaiswaram,Andhra Pradesh SW,28,Andhra Pradesh,505,EAST GODAVARI,RAJAHMUNDRY(R),-,-,Godavari,Godavari,Gowthami,-,-,Gowthami,16.93611111,81.78500000,30-04-2026 12:00,380
1125,Dowlaiswaram,Andhra Pradesh SW,28,Andhra Pradesh,505,EAST GODAVARI,RAJAHMUNDRY(R),-,-,Godavari,Godavari,Gowthami,-,-,Gowthami,16.93611111,81.78500000,30-04-2026 13:00,383.5
1126,Dowlaiswaram,Andhra Pradesh SW,28,Andhra Pradesh,505,EAST GODAVARI,RAJAHMUNDRY(R),-,-,Godavari,Godavari,Gowthami,-,-,Gowthami,16.93611111,81.78500000,30-04-2026 14:00,378
1127,Dowlaiswaram,Andhra Pradesh SW,28,Andhra Pradesh,505,EAST GODAVARI,RAJAHMUNDRY(R),-,-,Godavari,Godavari,Gowthami,-,-,Gowthami,16.93611111,81.78500000,30-04-2026 16:00,364.5
1128,Dowlaiswaram,Andhra Pradesh SW,28,Andhra Pradesh,505,EAST GODAVARI,RAJAHMUNDRY(R),-,-,Godavari,Godavari,Gowthami,-,-,Gowthami,16.93611111,81.78500000,30-04-2026 17:00,357
1129,Dowlaiswaram,Andhra Pradesh SW,28,Andhra Pradesh,505,EAST GODAVARI,RAJAHMUNDRY(R),-,-,Godavari,Godavari,Gowthami,-,-,Gowthami,16.93611111,81.78500000,30-04-2026 19:00,349.5
1130,Dowlaiswaram,Andhra Pradesh SW,28,Andhra Pradesh,505,EAST GODAVARI,RAJAHMUNDRY(R),-,-,Godavari,Godavari,Gowthami,-,-,Gowthami,16.93611111,81.78500000,30-04-2026 21:00,346.5
1131,Dowlaiswaram,Andhra Pradesh SW,28,Andhra Pradesh,505,EAST GODAVARI,RAJAHMUNDRY(R),-,-,Godavari,Godavari,Gowthami,-,-,Gowthami,16.93611111,81.78500000,30-04-2026 22:00,344.5
1132,Dowlaiswaram,Andhra Pradesh SW,28,Andhra Pradesh,505,EAST GODAVARI,RAJAHMUNDRY(R),-,-,Godavari,Godavari,Gowthami,-,-,Gowthami,16.93611111,81.78500000,30-04-2026 23:00,342.5
1133,Dowlaiswaram,Andhra Pradesh SW,28,Andhra Pradesh,505,EAST GODAVARI,RAJAHMUNDRY(R),-,-,Godavari,Godavari,Gowthami,-,-,Gowthami,16.93611111,81.78500000,01-05-2026 00:00,341.5
1134,Dowlaiswaram,Andhra Pradesh SW,28,Andhra Pradesh,505,EAST GODAVARI,RAJAHMUNDRY(R),-,-,Godavari,Godavari,Gowthami,-,-,Gowthami,16.93611111,81.78500000,01-05-2026 01:00,341.5
1135,Dowlaiswaram,Andhra Pradesh SW,28,Andhra Pradesh,505,EAST GODAVARI,RAJAHMUNDRY(R),-,-,Godavari,Godavari,Gowthami,-,-,Gowthami,16.93611111,81.78500000,01-05-2026 02:00,339.5
1136,Dowlaiswaram,Andhra Pradesh SW,28,Andhra Pradesh,505,EAST GODAVARI,RAJAHMUNDRY(R),-,-,Godavari,Godavari,Gowthami,-,-,Gowthami,16.93611111,81.78500000,01-05-2026 03:00,341
1137,Dowlaiswaram,Andhra Pradesh SW,28,Andhra Pradesh,505,EAST GODAVARI,RAJAHMUNDRY(R),-,-,Godavari,Godavari,Gowthami,-,-,Gowthami,16.93611111,81.78500000,01-05-2026 04:00,343
1138,Dowlaiswaram,Andhra Pradesh SW,28,Andhra Pradesh,505,EAST GODAVARI,RAJAHMUNDRY(R),-,-,Godavari,Godavari,Gowthami,-,-,Gowthami,16.93611111,81.78500000,01-05-2026 05:00,344.5
1139,Dowlaiswaram,Andhra Pradesh SW,28,Andhra Pradesh,505,EAST GODAVARI,RAJAHMUNDRY(R),-,-,Godavari,Godavari,Gowthami,-,-,Gowthami,16.93611111,81.78500000,01-05-2026 06:00,349
1140,Dowlaiswaram,Andhra Pradesh SW,28,Andhra Pradesh,505,EAST GODAVARI,RAJAHMUNDRY(R),-,-,Godavari,Godavari,Gowthami,-,-,Gowthami,16.93611111,81.78500000,01-05-2026 07:00,356.5
1141,Dowlaiswaram,Andhra Pradesh SW,28,Andhra Pradesh,505,EAST GODAVARI,RAJAHMUNDRY(R),-,-,Godavari,Godavari,Gowthami,-,-,Gowthami,16.93611111,81.78500000,01-05-2026 08:00,364
1142,Dowlaiswaram,Andhra Pradesh SW,28,Andhra Pradesh,505,EAST GODAVARI,RAJAHMUNDRY(R),-,-,Godavari,Godavari,Gowthami,-,-,Gowthami,16.93611111,81.78500000,01-05-2026 09:00,371
1143,Dowlaiswaram,Andhra Pradesh SW,28,Andhra Pradesh,505,EAST GODAVARI,RAJAHMUNDRY(R),-,-,Godavari,Godavari,Gowthami,-,-,Gowthami,16.93611111,81.78500000,01-05-2026 12:00,388.5
1144,Dowlaiswaram,Andhra Pradesh SW,28,Andhra Pradesh,505,EAST GODAVARI,RAJAHMUNDRY(R),-,-,Godavari,Godavari,Gowthami,-,-,Gowthami,16.93611111,81.78500000,01-05-2026 15:00,385.5
1145,Dowlaiswaram,Andhra Pradesh SW,28,Andhra Pradesh,505,EAST GODAVARI,RAJAHMUNDRY(R),-,-,Godavari,Godavari,Gowthami,-,-,Gowthami,16.93611111,81.78500000,01-05-2026 17:00,364.5
1146,Dowlaiswaram,Andhra Pradesh SW,28,Andhra Pradesh,505,EAST GODAVARI,RAJAHMUNDRY(R),-,-,Godavari,Godavari,Gowthami,-,-,Gowthami,16.93611111,81.78500000,01-05-2026 23:00,333.5
1147,Dowlaiswaram,Andhra Pradesh SW,28,Andhra Pradesh,505,EAST GODAVARI,RAJAHMUNDRY(R),-,-,Godavari,Godavari,Gowthami,-,-,Gowthami,16.93611111,81.78500000,02-05-2026 03:00,335
1148,Dowlaiswaram,Andhra Pradesh SW,28,Andhra Pradesh,505,EAST GODAVARI,RAJAHMUNDRY(R),-,-,Godavari,Godavari,Gowthami,-,-,Gowthami,16.93611111,81.78500000,02-05-2026 04:00,333.5
1149,Dowlaiswaram,Andhra Pradesh SW,28,Andhra Pradesh,505,EAST GODAVARI,RAJAHMUNDRY(R),-,-,Godavari,Godavari,Gowthami,-,-,Gowthami,16.93611111,81.78500000,28-05-2026 22:00,2.5
1150,Dowlaiswaram,Andhra Pradesh SW,28,Andhra Pradesh,505,EAST GODAVARI,RAJAHMUNDRY(R),-,-,Godavari,Godavari,Gowthami,-,-,Gowthami,16.93611111,81.78500000,28-05-2026 23:00,0.5
1151,Dowlaiswaram,Andhra Pradesh SW,28,Andhra Pradesh,505,EAST GODAVARI,RAJAHMUNDRY(R),-,-,Godavari,Godavari,Gowthami,-,-,Gowthami,16.93611111,81.78500000,01-06-2026 05:00,2.5
1152,Dowlaiswaram,Andhra Pradesh SW,28,Andhra Pradesh,505,EAST GODAVARI,RAJAHMUNDRY(R),-,-,Godavari,Godavari,Gowthami,-,-,Gowthami,16.93611111,81.78500000,01-06-2026 06:00,2.5
1153,Dowlaiswaram,Andhra Pradesh SW,28,Andhra Pradesh,505,EAST GODAVARI,RAJAHMUNDRY(R),-,-,Godavari,Godavari,Gowthami,-,-,Gowthami,16.93611111,81.78500000,01-06-2026 07:00,2.5
1154,Dowlaiswaram,Andhra Pradesh SW,28,Andhra Pradesh,505,EAST GODAVARI,RAJAHMUNDRY(R),-,-,Godavari,Godavari,Gowthami,-,-,Gowthami,16.93611111,81.78500000,01-06-2026 08:00,2.5
1155,Dowlaiswaram,Andhra Pradesh SW,28,Andhra Pradesh,505,EAST GODAVARI,RAJAHMUNDRY(R),-,-,Godavari,Godavari,Gowthami,-,-,Gowthami,16.93611111,81.78500000,01-06-2026 09:00,2.5
1156,Dowlaiswaram,Andhra Pradesh SW,28,Andhra Pradesh,505,EAST GODAVARI,RAJAHMUNDRY(R),-,-,Godavari,Godavari,Gowthami,-,-,Gowthami,16.93611111,81.78500000,02-06-2026 23:00,1.5
1157,Dowlaiswaram,Andhra Pradesh SW,28,Andhra Pradesh,505,EAST GODAVARI,RAJAHMUNDRY(R),-,-,Godavari,Godavari,Gowthami,-,-,Gowthami,16.93611111,81.78500000,03-06-2026 01:00,0.5
1158,Dowlaiswaram,Andhra Pradesh SW,28,Andhra Pradesh,505,EAST GODAVARI,RAJAHMUNDRY(R),-,-,Godavari,Godavari,Gowthami,-,-,Gowthami,16.93611111,81.78500000,17-06-2026 17:00,11
1159,Dowlaiswaram,Andhra Pradesh SW,28,Andhra Pradesh,505,EAST GODAVARI,RAJAHMUNDRY(R),-,-,Godavari,Godavari,Gowthami,-,-,Gowthami,16.93611111,81.78500000,17-06-2026 18:00,1
1160,Dowlaiswaram,Andhra Pradesh SW,28,Andhra Pradesh,505,EAST GODAVARI,RAJAHMUNDRY(R),-,-,Godavari,Godavari,Gowthami,-,-,Gowthami,16.93611111,81.78500000,17-06-2026 19:00,0.5
1161,Dowlaiswaram,Andhra Pradesh SW,28,Andhra Pradesh,505,EAST GODAVARI,RAJAHMUNDRY(R),-,-,Godavari,Godavari,Gowthami,-,-,Gowthami,16.93611111,81.78500000,17-06-2026 20:00,1
1162,Dowlaiswaram,Andhra Pradesh SW,28,Andhra Pradesh,505,EAST GODAVARI,RAJAHMUNDRY(R),-,-,Godavari,Godavari,Gowthami,-,-,Gowthami,16.93611111,81.78500000,21-06-2026 01:00,0.5
1163,Dowlaiswaram,Andhra Pradesh SW,28,Andhra Pradesh,505,EAST GODAVARI,RAJAHMUNDRY(R),-,-,Godavari,Godavari,Gowthami,-,-,Gowthami,16.93611111,81.78500000,21-06-2026 03:00,1
1164,Dowlaiswaram,Andhra Pradesh SW,28,Andhra Pradesh,505,EAST GODAVARI,RAJAHMUNDRY(R),-,-,Godavari,Godavari,Gowthami,-,-,Gowthami,16.93611111,81.78500000,21-06-2026 04:00,0.5
1165,Dowlaiswaram,Andhra Pradesh SW,28,Andhra Pradesh,505,EAST GODAVARI,RAJAHMUNDRY(R),-,-,Godavari,Godavari,Gowthami,-,-,Gowthami,16.93611111,81.78500000,21-06-2026 05:00,0.5
1166,Dowlaiswaram,Andhra Pradesh SW,28,Andhra Pradesh,505,EAST GODAVARI,RAJAHMUNDRY(R),-,-,Godavari,Godavari,Gowthami,-,-,Gowthami,16.93611111,81.78500000,21-06-2026 06:00,0.5
1167,Dowlaiswaram,Andhra Pradesh SW,28,Andhra Pradesh,505,EAST GODAVARI,RAJAHMUNDRY(R),-,-,Godavari,Godavari,Gowthami,-,-,Gowthami,16.93611111,81.78500000,02-07-2026 00:00,0.5
1168,Dowlaiswaram,Andhra Pradesh SW,28,Andhra Pradesh,505,EAST GODAVARI,RAJAHMUNDRY(R),-,-,Godavari,Godavari,Gowthami,-,-,Gowthami,16.93611111,81.78500000,03-07-2026 01:00,1
1169,Dowlaiswaram,Andhra Pradesh SW,28,Andhra Pradesh,505,EAST GODAVARI,RAJAHMUNDRY(R),-,-,Godavari,Godavari,Gowthami,-,-,Gowthami,16.93611111,81.78500000,03-07-2026 02:00,7.5
1170,Dowlaiswaram,Andhra Pradesh SW,28,Andhra Pradesh,505,EAST GODAVARI,RAJAHMUNDRY(R),-,-,Godavari,Godavari,Gowthami,-,-,Gowthami,16.93611111,81.78500000,03-07-2026 03:00,2
1171,Dowlaiswaram,Andhra Pradesh SW,28,Andhra Pradesh,505,EAST GODAVARI,RAJAHMUNDRY(R),-,-,Godavari,Godavari,Gowthami,-,-,Gowthami,16.93611111,81.78500000,03-07-2026 04:00,2
1172,Dowlaiswaram,Andhra Pradesh SW,28,Andhra Pradesh,505,EAST GODAVARI,RAJAHMUNDRY(R),-,-,Godavari,Godavari,Gowthami,-,-,Gowthami,16.93611111,81.78500000,03-07-2026 05:00,3
1173,Dowlaiswaram,Andhra Pradesh SW,28,Andhra Pradesh,505,EAST GODAVARI,RAJAHMUNDRY(R),-,-,Godavari,Godavari,Gowthami,-,-,Gowthami,16.93611111,81.78500000,03-07-2026 06:00,3
1174,Dowlaiswaram,Andhra Pradesh SW,28,Andhra Pradesh,505,EAST GODAVARI,RAJAHMUNDRY(R),-,-,Godavari,Godavari,Gowthami,-,-,Gowthami,16.93611111,81.78500000,03-07-2026 07:00,3
1175,Dowlaiswaram,Andhra Pradesh SW,28,Andhra Pradesh,505,EAST GODAVARI,RAJAHMUNDRY(R),-,-,Godavari,Godavari,Gowthami,-,-,Gowthami,16.93611111,81.78500000,03-07-2026 08:00,3
1176,Dowlaiswaram,Andhra Pradesh SW,28,Andhra Pradesh,505,EAST GODAVARI,RAJAHMUNDRY(R),-,-,Godavari,Godavari,Gowthami,-,-,Gowthami,16.93611111,81.78500000,03-07-2026 09:00,3
1177,Dowlaiswaram,Andhra Pradesh SW,28,Andhra Pradesh,505,EAST GODAVARI,RAJAHMUNDRY(R),-,-,Godavari,Godavari,Gowthami,-,-,Gowthami,16.93611111,81.78500000,03-07-2026 13:00,0.5
1178,Dowlaiswaram,Andhra Pradesh SW,28,Andhra Pradesh,505,EAST GODAVARI,RAJAHMUNDRY(R),-,-,Godavari,Godavari,Gowthami,-,-,Gowthami,16.93611111,81.78500000,10-07-2026 14:00,0.5
1179,Dowlaiswaram,Andhra Pradesh SW,28,Andhra Pradesh,505,EAST GODAVARI,RAJAHMUNDRY(R),-,-,Godavari,Godavari,Gowthami,-,-,Gowthami,16.93611111,81.78500000,18-07-2026 07:00,4
1180,Dowlaiswaram,Andhra Pradesh SW,28,Andhra Pradesh,505,EAST GODAVARI,RAJAHMUNDRY(R),-,-,Godavari,Godavari,Gowthami,-,-,Gowthami,16.93611111,81.78500000,18-07-2026 08:00,6.5
1181,Dowlaiswaram,Andhra Pradesh SW,28,Andhra Pradesh,505,EAST GODAVARI,RAJAHMUNDRY(R),-,-,Godavari,Godavari,Gowthami,-,-,Gowthami,16.93611111,81.78500000,18-07-2026 09:00,6
1182,Dowlaiswaram,Andhra Pradesh SW,28,Andhra Pradesh,505,EAST GODAVARI,RAJAHMUNDRY(R),-,-,Godavari,Godavari,Gowthami,-,-,Gowthami,16.93611111,81.78500000,18-07-2026 10:00,3.5
1183,Dowlaiswaram,Andhra Pradesh SW,28,Andhra Pradesh,505,EAST GODAVARI,RAJAHMUNDRY(R),-,-,Godavari,Godavari,Gowthami,-,-,Gowthami,16.93611111,81.78500000,18-07-2026 11:00,1
1184,Dowlaiswaram,Andhra Pradesh SW,28,Andhra Pradesh,505,EAST GODAVARI,RAJAHMUNDRY(R),-,-,Godavari,Godavari,Gowthami,-,-,Gowthami,16.93611111,81.78500000,18-07-2026 12:00,0.5
1185,Dowlaiswaram,Andhra Pradesh SW,28,Andhra Pradesh,505,EAST GODAVARI,RAJAHMUNDRY(R),-,-,Godavari,Godavari,Gowthami,-,-,Gowthami,16.93611111,81.78500000,20-07-2026 17:00,6.5
1186,Dowlaiswaram,Andhra Pradesh SW,28,Andhra Pradesh,505,EAST GODAVARI,RAJAHMUNDRY(R),-,-,Godavari,Godavari,Gowthami,-,-,Gowthami,16.93611111,81.78500000,21-07-2026 15:00,0.5
1187,Dowlaiswaram,Andhra Pradesh SW,28,Andhra Pradesh,505,EAST GODAVARI,RAJAHMUNDRY(R),-,-,Godavari,Godavari,Gowthami,-,-,Gowthami,16.93611111,81.78500000,23-07-2026 17:00,4.5
1188,Dowlaiswaram,Andhra Pradesh SW,28,Andhra Pradesh,505,EAST GODAVARI,RAJAHMUNDRY(R),-,-,Godavari,Godavari,Gowthami,-,-,Gowthami,16.93611111,81.78500000,23-07-2026 18:00,1
1189,Dowlaiswaram,Andhra Pradesh SW,28,Andhra Pradesh,505,EAST GODAVARI,RAJAHMUNDRY(R),-,-,Godavari,Godavari,Gowthami,-,-,Gowthami,16.93611111,81.78500000,28-07-2026 02:00,4.5
1190,Dowlaiswaram,Andhra Pradesh SW,28,Andhra Pradesh,505,EAST GODAVARI,RAJAHMUNDRY(R),-,-,Godavari,Godavari,Gowthami,-,-,Gowthami,16.93611111,81.78500000,28-07-2026 03:00,7
1191,Dowlaiswaram,Andhra Pradesh SW,28,Andhra Pradesh,505,EAST GODAVARI,RAJAHMUNDRY(R),-,-,Godavari,Godavari,Gowthami,-,-,Gowthami,16.93611111,81.78500000,28-07-2026 04:00,9
1192,Dowlaiswaram,Andhra Pradesh SW,28,Andhra Pradesh,505,EAST GODAVARI,RAJAHMUNDRY(R),-,-,Godavari,Godavari,Gowthami,-,-,Gowthami,16.93611111,81.78500000,28-07-2026 05:00,9
1193,Dowlaiswaram,Andhra Pradesh SW,28,Andhra Pradesh,505,EAST GODAVARI,RAJAHMUNDRY(R),-,-,Godavari,Godavari,Gowthami,-,-,Gowthami,16.93611111,81.78500000,28-07-2026 06:00,9
1194,Dowlaiswaram,Andhra Pradesh SW,28,Andhra Pradesh,505,EAST GODAVARI,RAJAHMUNDRY(R),-,-,Godavari,Godavari,Gowthami,-,-,Gowthami,16.93611111,81.78500000,28-07-2026 07:00,9
1195,Dowlaiswaram,Andhra Pradesh SW,28,Andhra Pradesh,505,EAST GODAVARI,RAJAHMUNDRY(R),-,-,Godavari,Godavari,Gowthami,-,-,Gowthami,16.93611111,81.78500000,28-07-2026 08:00,9.5
1196,Dowlaiswaram,Andhra Pradesh SW,28,Andhra Pradesh,505,EAST GODAVARI,RAJAHMUNDRY(R),-,-,Godavari,Godavari,Gowthami,-,-,Gowthami,16.93611111,81.78500000,28-07-2026 09:00,9.5
1197,Dowlaiswaram,Andhra Pradesh SW,28,Andhra Pradesh,505,EAST GODAVARI,RAJAHMUNDRY(R),-,-,Godavari,Godavari,Gowthami,-,-,Gowthami,16.93611111,81.78500000,10-08-2026 14:00,2.5
1198,Dowlaiswaram,Andhra Pradesh SW,28,Andhra Pradesh,505,EAST GODAVARI,RAJAHMUNDRY(R),-,-,Godavari,Godavari,Gowthami,-,-,Gowthami,16.93611111,81.78500000,12-08-2026 13:00,3
1199,Dowlaiswaram,Andhra Pradesh SW,28,Andhra Pradesh,505,EAST GODAVARI,RAJAHMUNDRY(R),-,-,Godavari,Godavari,Gowthami,-,-,Gowthami,16.93611111,81.78500000,19-08-2026 12:00,1
1200,Dowlaiswaram,Andhra Pradesh SW,28,Andhra Pradesh,505,EAST GODAVARI,RAJAHMUNDRY(R),-,-,Godavari,Godavari,Gowthami,-,-,Gowthami,16.93611111,81.78500000,24-08-2026 09:00,343.5
1201,Dowlaiswaram,Andhra Pradesh SW,28,Andhra Pradesh,505,EAST GODAVARI,RAJAHMUNDRY(R),-,-,Godavari,Godavari,Gowthami,-,-,Gowthami,16.93611111,81.78500000,24-08-2026 10:00,351.5
1202,Dowlaiswaram,Andhra Pradesh SW,28,Andhra Pradesh,505,EAST GODAVARI,RAJAHMUNDRY(R),-,-,Godavari,Godavari,Gowthami,-,-,Gowthami,16.93611111,81.78500000,24-08-2026 11:00,353
1203,Dowlaiswaram,Andhra Pradesh SW,28,Andhra Pradesh,505,EAST GODAVARI,RAJAHMUNDRY(R),-,-,Godavari,Godavari,Gowthami,-,-,Gowthami,16.93611111,81.78500000,24-08-2026 12:00,352
1204,Dowlaiswaram,Andhra Pradesh SW,28,Andhra Pradesh,505,EAST GODAVARI,RAJAHMUNDRY(R),-,-,Godavari,Godavari,Gowthami,-,-,Gowthami,16.93611111,81.78500000,24-08-2026 12:00,0.5
1205,Dowlaiswaram,Andhra Pradesh SW,28,Andhra Pradesh,505,EAST GODAVARI,RAJAHMUNDRY(R),-,-,Godavari,Godavari,Gowthami,-,-,Gowthami,16.93611111,81.78500000,24-08-2026 13:00,347.5
1206,Dowlaiswaram,Andhra Pradesh SW,28,Andhra Pradesh,505,EAST GODAVARI,RAJAHMUNDRY(R),-,-,Godavari,Godavari,Gowthami,-,-,Gowthami,16.93611111,81.78500000,24-08-2026 14:00,344
1207,Dowlaiswaram,Andhra Pradesh SW,28,Andhra Pradesh,505,EAST GODAVARI,RAJAHMUNDRY(R),-,-,Godavari,Godavari,Gowthami,-,-,Gowthami,16.93611111,81.78500000,24-08-2026 15:00,345.5
1208,Dowlaiswaram,Andhra Pradesh SW,28,Andhra Pradesh,505,EAST GODAVARI,RAJAHMUNDRY(R),-,-,Godavari,Godavari,Gowthami,-,-,Gowthami,16.93611111,81.78500000,25-08-2026 07:00,349
1209,Dowlaiswaram,Andhra Pradesh SW,28,Andhra Pradesh,505,EAST GODAVARI,RAJAHMUNDRY(R),-,-,Godavari,Godavari,Gowthami,-,-,Gowthami,16.93611111,81.78500000,25-08-2026 08:00,345.5
1210,Dowlaiswaram,Andhra Pradesh SW,28,Andhra Pradesh,505,EAST GODAVARI,RAJAHMUNDRY(R),-,-,Godavari,Godavari,Gowthami,-,-,Gowthami,16.93611111,81.78500000,25-08-2026 09:00,348.5
1211,Dowlaiswaram,Andhra Pradesh SW,28,Andhra Pradesh,505,EAST GODAVARI,RAJAHMUNDRY(R),-,-,Godavari,Godavari,Gowthami,-,-,Gowthami,16.93611111,81.78500000,25-08-2026 10:00,349.5
1212,Dowlaiswaram,Andhra Pradesh SW,28,Andhra Pradesh,505,EAST GODAVARI,RAJAHMUNDRY(R),-,-,Godavari,Godavari,Gowthami,-,-,Gowthami,16.93611111,81.78500000,25-08-2026 11:00,356.5
1213,Dowlaiswaram,Andhra Pradesh SW,28,Andhra Pradesh,505,EAST GODAVARI,RAJAHMUNDRY(R),-,-,Godavari,Godavari,Gowthami,-,-,Gowthami,16.93611111,81.78500000,25-08-2026 12:00,361.5
1214,Dowlaiswaram,Andhra Pradesh SW,28,Andhra Pradesh,505,EAST GODAVARI,RAJAHMUNDRY(R),-,-,Godavari,Godavari,Gowthami,-,-,Gowthami,16.93611111,81.78500000,25-08-2026 13:00,364
1215,Dowlaiswaram,Andhra Pradesh SW,28,Andhra Pradesh,505,EAST GODAVARI,RAJAHMUNDRY(R),-,-,Godavari,Godavari,Gowthami,-,-,Gowthami,16.93611111,81.78500000,25-08-2026 14:00,359
1216,Dowlaiswaram,Andhra Pradesh SW,28,Andhra Pradesh,505,EAST GODAVARI,RAJAHMUNDRY(R),-,-,Godavari,Godavari,Gowthami,-,-,Gowthami,16.93611111,81.78500000,25-08-2026 15:00,356.5
1217,Dowlaiswaram,Andhra Pradesh SW,28,Andhra Pradesh,505,EAST GODAVARI,RAJAHMUNDRY(R),-,-,Godavari,Godavari,Gowthami,-,-,Gowthami,16.93611111,81.78500000,25-08-2026 16:00,353.5
1218,Dowlaiswaram,Andhra Pradesh SW,28,Andhra Pradesh,505,EAST GODAVARI,RAJAHMUNDRY(R),-,-,Godavari,Godavari,Gowthami,-,-,Gowthami,16.93611111,81.78500000,26-08-2026 07:00,346.5
1219,Dowlaiswaram,Andhra Pradesh SW,28,Andhra Pradesh,505,EAST GODAVARI,RAJAHMUNDRY(R),-,-,Godavari,Godavari,Gowthami,-,-,Gowthami,16.93611111,81.78500000,26-08-2026 08:00,350.5
1220,Dowlaiswaram,Andhra Pradesh SW,28,Andhra Pradesh,505,EAST GODAVARI,RAJAHMUNDRY(R),-,-,Godavari,Godavari,Gowthami,-,-,Gowthami,16.93611111,81.78500000,26-08-2026 09:00,354.5
1221,Dowlaiswaram,Andhra Pradesh SW,28,Andhra Pradesh,505,EAST GODAVARI,RAJAHMUNDRY(R),-,-,Godavari,Godavari,Gowthami,-,-,Gowthami,16.93611111,81.78500000,26-08-2026 10:00,354
1222,Dowlaiswaram,Andhra Pradesh SW,28,Andhra Pradesh,505,EAST GODAVARI,RAJAHMUNDRY(R),-,-,Godavari,Godavari,Gowthami,-,-,Gowthami,16.93611111,81.78500000,26-08-2026 11:00,360
1223,Dowlaiswaram,Andhra Pradesh SW,28,Andhra Pradesh,505,EAST GODAVARI,RAJAHMUNDRY(R),-,-,Godavari,Godavari,Gowthami,-,-,Gowthami,16.93611111,81.78500000,26-08-2026 12:00,360
1224,Dowlaiswaram,Andhra Pradesh SW,28,Andhra Pradesh,505,EAST GODAVARI,RAJAHMUNDRY(R),-,-,Godavari,Godavari,Gowthami,-,-,Gowthami,16.93611111,81.78500000,26-08-2026 13:00,358
1225,Dowlaiswaram,Andhra Pradesh SW,28,Andhra Pradesh,505,EAST GODAVARI,RAJAHMUNDRY(R),-,-,Godavari,Godavari,Gowthami,-,-,Gowthami,16.93611111,81.78500000,26-08-2026 14:00,359
1226,Dowlaiswaram,Andhra Pradesh SW,28,Andhra Pradesh,505,EAST GODAVARI,RAJAHMUNDRY(R),-,-,Godavari,Godavari,Gowthami,-,-,Gowthami,16.93611111,81.78500000,26-08-2026 15:00,359
1227,Dowlaiswaram,Andhra Pradesh SW,28,Andhra Pradesh,505,EAST GODAVARI,RAJAHMUNDRY(R),-,-,Godavari,Godavari,Gowthami,-,-,Gowthami,16.93611111,81.78500000,26-08-2026 16:00,355
1228,Dowlaiswaram,Andhra Pradesh SW,28,Andhra Pradesh,505,EAST GODAVARI,RAJAHMUNDRY(R),-,-,Godavari,Godavari,Gowthami,-,-,Gowthami,16.93611111,81.78500000,26-08-2026 17:00,340
1229,Dowlaiswaram,Andhra Pradesh SW,28,Andhra Pradesh,505,EAST GODAVARI,RAJAHMUNDRY(R),-,-,Godavari,Godavari,Gowthami,-,-,Gowthami,16.93611111,81.78500000,26-08-2026 19:00,343
1230,Dowlaiswaram,Andhra Pradesh SW,28,Andhra Pradesh,505,EAST GODAVARI,RAJAHMUNDRY(R),-,-,Godavari,Godavari,Gowthami,-,-,Gowthami,16.93611111,81.78500000,27-08-2026 09:00,344
1231,Dowlaiswaram,Andhra Pradesh SW,28,Andhra Pradesh,505,EAST GODAVARI,RAJAHMUNDRY(R),-,-,Godavari,Godavari,Gowthami,-,-,Gowthami,16.93611111,81.78500000,27-08-2026 10:00,341
1232,Dowlaiswaram,Andhra Pradesh SW,28,Andhra Pradesh,505,EAST GODAVARI,RAJAHMUNDRY(R),-,-,Godavari,Godavari,Gowthami,-,-,Gowthami,16.93611111,81.78500000,27-08-2026 11:00,349
1233,Dowlaiswaram,Andhra Pradesh SW,28,Andhra Pradesh,505,EAST GODAVARI,RAJAHMUNDRY(R),-,-,Godavari,Godavari,Gowthami,-,-,Gowthami,16.93611111,81.78500000,27-08-2026 12:00,344.5
1234,Dowlaiswaram,Andhra Pradesh SW,28,Andhra Pradesh,505,EAST GODAVARI,RAJAHMUNDRY(R),-,-,Godavari,Godavari,Gowthami,-,-,Gowthami,16.93611111,81.78500000,27-08-2026 13:00,340.5
1235,Dowlaiswaram,Andhra Pradesh SW,28,Andhra Pradesh,505,EAST GODAVARI,RAJAHMUNDRY(R),-,-,Godavari,Godavari,Gowthami,-,-,Gowthami,16.93611111,81.78500000,27-08-2026 14:00,343
1236,Dowlaiswaram,Andhra Pradesh SW,28,Andhra Pradesh,505,EAST GODAVARI,RAJAHMUNDRY(R),-,-,Godavari,Godavari,Gowthami,-,-,Gowthami,16.93611111,81.78500000,27-08-2026 15:00,340.5
1237,Dowlaiswaram,Andhra Pradesh SW,28,Andhra Pradesh,505,EAST GODAVARI,RAJAHMUNDRY(R),-,-,Godavari,Godavari,Gowthami,-,-,Gowthami,16.93611111,81.78500000,27-08-2026 16:00,338.5
1238,Gajuladinne Project,Andhra Pradesh SW,28,Andhra Pradesh,511,KURNOOL,GONEGANDLA,-,-,-,Krishna,-,-,-,-,15.69361111,77.61888889,14-01-2026 17:00,343
1239,Gajuladinne Project,Andhra Pradesh SW,28,Andhra Pradesh,511,KURNOOL,GONEGANDLA,-,-,-,Krishna,-,-,-,-,15.69361111,77.61888889,15-01-2026 01:00,310
1240,Gajuladinne Project,Andhra Pradesh SW,28,Andhra Pradesh,511,KURNOOL,GONEGANDLA,-,-,-,Krishna,-,-,-,-,15.69361111,77.61888889,15-01-2026 02:00,305
1241,Gajuladinne Project,Andhra Pradesh SW,28,Andhra Pradesh,511,KURNOOL,GONEGANDLA,-,-,-,Krishna,-,-,-,-,15.69361111,77.61888889,15-01-2026 12:00,359.5
1242,Gajuladinne Project,Andhra Pradesh SW,28,Andhra Pradesh,511,KURNOOL,GONEGANDLA,-,-,-,Krishna,-,-,-,-,15.69361111,77.61888889,20-01-2026 06:00,282.5
1243,Gajuladinne Project,Andhra Pradesh SW,28,Andhra Pradesh,511,KURNOOL,GONEGANDLA,-,-,-,Krishna,-,-,-,-,15.69361111,77.61888889,20-01-2026 08:00,314
1244,Gajuladinne Project,Andhra Pradesh SW,28,Andhra Pradesh,511,KURNOOL,GONEGANDLA,-,-,-,Krishna,-,-,-,-,15.69361111,77.61888889,20-01-2026 12:00,351
1245,Gajuladinne Project,Andhra Pradesh SW,28,Andhra Pradesh,511,KURNOOL,GONEGANDLA,-,-,-,Krishna,-,-,-,-,15.69361111,77.61888889,20-01-2026 13:00,355.5
1246,Gajuladinne Project,Andhra Pradesh SW,28,Andhra Pradesh,511,KURNOOL,GONEGANDLA,-,-,-,Krishna,-,-,-,-,15.69361111,77.61888889,20-01-2026 17:00,333.5
1247,Gajuladinne Project,Andhra Pradesh SW,28,Andhra Pradesh,511,KURNOOL,GONEGANDLA,-,-,-,Krishna,-,-,-,-,15.69361111,77.61888889,20-01-2026 20:00,311.5
1248,Gajuladinne Project,Andhra Pradesh SW,28,Andhra Pradesh,511,KURNOOL,GONEGANDLA,-,-,-,Krishna,-,-,-,-,15.69361111,77.61888889,20-01-2026 22:00,301.5
1249,Gajuladinne Project,Andhra Pradesh SW,28,Andhra Pradesh,511,KURNOOL,GONEGANDLA,-,-,-,Krishna,-,-,-,-,15.69361111,77.61888889,21-01-2026 00:00,293
1250,Gajuladinne Project,Andhra Pradesh SW,28,Andhra Pradesh,511,KURNOOL,GONEGANDLA,-,-,-,Krishna,-,-,-,-,15.69361111,77.61888889,21-01-2026 05:00,284
1251,Gajuladinne Project,Andhra Pradesh SW,28,Andhra Pradesh,511,KURNOOL,GONEGANDLA,-,-,-,Krishna,-,-,-,-,15.69361111,77.61888889,21-01-2026 06:00,281
1252,Gajuladinne Project,Andhra Pradesh SW,28,Andhra Pradesh,511,KURNOOL,GONEGANDLA,-,-,-,Krishna,-,-,-,-,15.69361111,77.61888889,21-01-2026 11:00,343
1253,Gajuladinne Project,Andhra Pradesh SW,28,Andhra Pradesh,511,KURNOOL,GONEGANDLA,-,-,-,Krishna,-,-,-,-,15.69361111,77.61888889,28-01-2026 06:00,295
1254,Gajuladinne Project,Andhra Pradesh SW,28,Andhra Pradesh,511,KURNOOL,GONEGANDLA,-,-,-,Krishna,-,-,-,-,15.69361111,77.61888889,28-01-2026 09:00,334.5
1255,Gajuladinne Project,Andhra Pradesh SW,28,Andhra Pradesh,511,KURNOOL,GONEGANDLA,-,-,-,Krishna,-,-,-,-,15.69361111,77.61888889,28-01-2026 20:00,314.5
1256,Gajuladinne Project,Andhra Pradesh SW,28,Andhra Pradesh,511,KURNOOL,GONEGANDLA,-,-,-,Krishna,-,-,-,-,15.69361111,77.61888889,29-01-2026 05:00,293
1257,Gajuladinne Project,Andhra Pradesh SW,28,Andhra Pradesh,511,KURNOOL,GONEGANDLA,-,-,-,Krishna,-,-,-,-,15.69361111,77.61888889,29-01-2026 06:00,290.5
1258,Gajuladinne Project,Andhra Pradesh SW,28,Andhra Pradesh,511,KURNOOL,GONEGANDLA,-,-,-,Krishna,-,-,-,-,15.69361111,77.61888889,29-01-2026 07:00,302.5
1259,Gajuladinne Project,Andhra Pradesh SW,28,Andhra Pradesh,511,KURNOOL,GONEGANDLA,-,-,-,Krishna,-,-,-,-,15.69361111,77.61888889,29-01-2026 08:00,315.5
1260,Gajuladinne Project,Andhra Pradesh SW,28,Andhra Pradesh,511,KURNOOL,GONEGANDLA,-,-,-,Krishna,-,-,-,-,15.69361111,77.61888889,29-01-2026 10:00,336
1261,Gajuladinne Project,Andhra Pradesh SW,28,Andhra Pradesh,511,KURNOOL,GONEGANDLA,-,-,-,Krishna,-,-,-,-,15.69361111,77.61888889,29-01-2026 11:00,345
1262,Gajuladinne Project,Andhra Pradesh SW,28,Andhra Pradesh,511,KURNOOL,GONEGANDLA,-,-,-,Krishna,-,-,-,-,15.69361111,77.61888889,29-01-2026 12:00,348
1263,Gajuladinne Project,Andhra Pradesh SW,28,Andhra Pradesh,511,KURNOOL,GONEGANDLA,-,-,-,Krishna,-,-,-,-,15.69361111,77.61888889,29-01-2026 23:00,306.5
1264,Gajuladinne Project,Andhra Pradesh SW,28,Andhra Pradesh,511,KURNOOL,GONEGANDLA,-,-,-,Krishna,-,-,-,-,15.69361111,77.61888889,30-01-2026 01:00,307
1265,Gajuladinne Project,Andhra Pradesh SW,28,Andhra Pradesh,511,KURNOOL,GONEGANDLA,-,-,-,Krishna,-,-,-,-,15.69361111,77.61888889,30-01-2026 03:00,300
1266,Gajuladinne Project,Andhra Pradesh SW,28,Andhra Pradesh,511,KURNOOL,GONEGANDLA,-,-,-,Krishna,-,-,-,-,15.69361111,77.61888889,30-01-2026 07:00,305
1267,Gajuladinne Project,Andhra Pradesh SW,28,Andhra Pradesh,511,KURNOOL,GONEGANDLA,-,-,-,Krishna,-,-,-,-,15.69361111,77.61888889,30-01-2026 08:00,321.5
1268,Gajuladinne Project,Andhra Pradesh SW,28,Andhra Pradesh,511,KURNOOL,GONEGANDLA,-,-,-,Krishna,-,-,-,-,15.69361111,77.61888889,30-01-2026 09:00,329
1269,Gajuladinne Project,Andhra Pradesh SW,28,Andhra Pradesh,511,KURNOOL,GONEGANDLA,-,-,-,Krishna,-,-,-,-,15.69361111,77.61888889,30-01-2026 15:00,355
1270,Gajuladinne Project,Andhra Pradesh SW,28,Andhra Pradesh,511,KURNOOL,GONEGANDLA,-,-,-,Krishna,-,-,-,-,15.69361111,77.61888889,30-01-2026 17:00,334
1271,Gajuladinne Project,Andhra Pradesh SW,28,Andhra Pradesh,511,KURNOOL,GONEGANDLA,-,-,-,Krishna,-,-,-,-,15.69361111,77.61888889,30-01-2026 20:00,313
1272,Gajuladinne Project,Andhra Pradesh SW,28,Andhra Pradesh,511,KURNOOL,GONEGANDLA,-,-,-,Krishna,-,-,-,-,15.69361111,77.61888889,30-01-2026 21:00,307.5
1273,Gajuladinne Project,Andhra Pradesh SW,28,Andhra Pradesh,511,KURNOOL,GONEGANDLA,-,-,-,Krishna,-,-,-,-,15.69361111,77.61888889,31-01-2026 03:00,294
1274,Gajuladinne Project,Andhra Pradesh SW,28,Andhra Pradesh,511,KURNOOL,GONEGANDLA,-,-,-,Krishna,-,-,-,-,15.69361111,77.61888889,31-01-2026 08:00,316.5
1275,Gajuladinne Project,Andhra Pradesh SW,28,Andhra Pradesh,511,KURNOOL,GONEGANDLA,-,-,-,Krishna,-,-,-,-,15.69361111,77.61888889,31-01-2026 23:00,301
1276,Gajuladinne Project,Andhra Pradesh SW,28,Andhra Pradesh,511,KURNOOL,GONEGANDLA,-,-,-,Krishna,-,-,-,-,15.69361111,77.61888889,01-02-2026 03:00,289.5
1277,Gajuladinne Project,Andhra Pradesh SW,28,Andhra Pradesh,511,KURNOOL,GONEGANDLA,-,-,-,Krishna,-,-,-,-,15.69361111,77.61888889,01-02-2026 04:00,288.5
1278,Gajuladinne Project,Andhra Pradesh SW,28,Andhra Pradesh,511,KURNOOL,GONEGANDLA,-,-,-,Krishna,-,-,-,-,15.69361111,77.61888889,01-02-2026 07:00,298.5
1279,Gajuladinne Project,Andhra Pradesh SW,28,Andhra Pradesh,511,KURNOOL,GONEGANDLA,-,-,-,Krishna,-,-,-,-,15.69361111,77.61888889,01-02-2026 10:00,332.5
1280,Gajuladinne Project,Andhra Pradesh SW,28,Andhra Pradesh,511,KURNOOL,GONEGANDLA,-,-,-,Krishna,-,-,-,-,15.69361111,77.61888889,01-02-2026 12:00,348.5
1281,Gajuladinne Project,Andhra Pradesh SW,28,Andhra Pradesh,511,KURNOOL,GONEGANDLA,-,-,-,Krishna,-,-,-,-,15.69361111,77.61888889,01-02-2026 13:00,352
1282,Gajuladinne Project,Andhra Pradesh SW,28,Andhra Pradesh,511,KURNOOL,GONEGANDLA,-,-,-,Krishna,-,-,-,-,15.69361111,77.61888889,01-02-2026 17:00,333
1283,Gajuladinne Project,Andhra Pradesh SW,28,Andhra Pradesh,511,KURNOOL,GONEGANDLA,-,-,-,Krishna,-,-,-,-,15.69361111,77.61888889,01-02-2026 20:00,310.5
1284,Gajuladinne Project,Andhra Pradesh SW,28,Andhra Pradesh,511,KURNOOL,GONEGANDLA,-,-,-,Krishna,-,-,-,-,15.69361111,77.61888889,01-02-2026 21:00,309
1285,Gajuladinne Project,Andhra Pradesh SW,28,Andhra Pradesh,511,KURNOOL,GONEGANDLA,-,-,-,Krishna,-,-,-,-,15.69361111,77.61888889,02-02-2026 00:00,300
1286,Gajuladinne Project,Andhra Pradesh SW,28,Andhra Pradesh,511,KURNOOL,GONEGANDLA,-,-,-,Krishna,-,-,-,-,15.69361111,77.61888889,02-02-2026 04:00,294.5
1287,Gajuladinne Project,Andhra Pradesh SW,28,Andhra Pradesh,511,KURNOOL,GONEGANDLA,-,-,-,Krishna,-,-,-,-,15.69361111,77.61888889,02-02-2026 05:00,290.5
1288,Gajuladinne Project,Andhra Pradesh SW,28,Andhra Pradesh,511,KURNOOL,GONEGANDLA,-,-,-,Krishna,-,-,-,-,15.69361111,77.61888889,02-02-2026 08:00,315.5
1289,Gajuladinne Project,Andhra Pradesh SW,28,Andhra Pradesh,511,KURNOOL,GONEGANDLA,-,-,-,Krishna,-,-,-,-,15.69361111,77.61888889,02-02-2026 09:00,324.5
1290,Gajuladinne Project,Andhra Pradesh SW,28,Andhra Pradesh,511,KURNOOL,GONEGANDLA,-,-,-,Krishna,-,-,-,-,15.69361111,77.61888889,02-02-2026 10:00,334.5
1291,Gajuladinne Project,Andhra Pradesh SW,28,Andhra Pradesh,511,KURNOOL,GONEGANDLA,-,-,-,Krishna,-,-,-,-,15.69361111,77.61888889,02-02-2026 12:00,344
1292,Gajuladinne Project,Andhra Pradesh SW,28,Andhra Pradesh,511,KURNOOL,GONEGANDLA,-,-,-,Krishna,-,-,-,-,15.69361111,77.61888889,02-02-2026 17:00,332
1293,Gajuladinne Project,Andhra Pradesh SW,28,Andhra Pradesh,511,KURNOOL,GONEGANDLA,-,-,-,Krishna,-,-,-,-,15.69361111,77.61888889,02-02-2026 20:00,314.5
1294,Gajuladinne Project,Andhra Pradesh SW,28,Andhra Pradesh,511,KURNOOL,GONEGANDLA,-,-,-,Krishna,-,-,-,-,15.69361111,77.61888889,03-02-2026 00:00,304
1295,Gajuladinne Project,Andhra Pradesh SW,28,Andhra Pradesh,511,KURNOOL,GONEGANDLA,-,-,-,Krishna,-,-,-,-,15.69361111,77.61888889,03-02-2026 06:00,293
1296,Gajuladinne Project,Andhra Pradesh SW,28,Andhra Pradesh,511,KURNOOL,GONEGANDLA,-,-,-,Krishna,-,-,-,-,15.69361111,77.61888889,03-02-2026 07:00,301.5
1297,Gajuladinne Project,Andhra Pradesh SW,28,Andhra Pradesh,511,KURNOOL,GONEGANDLA,-,-,-,Krishna,-,-,-,-,15.69361111,77.61888889,03-02-2026 09:00,327
1298,Gajuladinne Project,Andhra Pradesh SW,28,Andhra Pradesh,511,KURNOOL,GONEGANDLA,-,-,-,Krishna,-,-,-,-,15.69361111,77.61888889,03-02-2026 12:00,351.5
1299,Gajuladinne Project,Andhra Pradesh SW,28,Andhra Pradesh,511,KURNOOL,GONEGANDLA,-,-,-,Krishna,-,-,-,-,15.69361111,77.61888889,04-02-2026 07:00,305
1300,Gajuladinne Project,Andhra Pradesh SW,28,Andhra Pradesh,511,KURNOOL,GONEGANDLA,-,-,-,Krishna,-,-,-,-,15.69361111,77.61888889,04-02-2026 12:00,348
1301,Gajuladinne Project,Andhra Pradesh SW,28,Andhra Pradesh,511,KURNOOL,GONEGANDLA,-,-,-,Krishna,-,-,-,-,15.69361111,77.61888889,04-02-2026 19:00,319.5
1302,Gajuladinne Project,Andhra Pradesh SW,28,Andhra Pradesh,511,KURNOOL,GONEGANDLA,-,-,-,Krishna,-,-,-,-,15.69361111,77.61888889,05-02-2026 00:00,299.5
1303,Gajuladinne Project,Andhra Pradesh SW,28,Andhra Pradesh,511,KURNOOL,GONEGANDLA,-,-,-,Krishna,-,-,-,-,15.69361111,77.61888889,05-02-2026 02:00,294
1304,Gajuladinne Project,Andhra Pradesh SW,28,Andhra Pradesh,511,KURNOOL,GONEGANDLA,-,-,-,Krishna,-,-,-,-,15.69361111,77.61888889,05-02-2026 05:00,288.5
1305,Gajuladinne Project,Andhra Pradesh SW,28,Andhra Pradesh,511,KURNOOL,GONEGANDLA,-,-,-,Krishna,-,-,-,-,15.69361111,77.61888889,05-02-2026 10:00,336
1306,Gajuladinne Project,Andhra Pradesh SW,28,Andhra Pradesh,511,KURNOOL,GONEGANDLA,-,-,-,Krishna,-,-,-,-,15.69361111,77.61888889,05-02-2026 15:00,355
1307,Gajuladinne Project,Andhra Pradesh SW,28,Andhra Pradesh,511,KURNOOL,GONEGANDLA,-,-,-,Krishna,-,-,-,-,15.69361111,77.61888889,06-02-2026 04:00,295
1308,Gajuladinne Project,Andhra Pradesh SW,28,Andhra Pradesh,511,KURNOOL,GONEGANDLA,-,-,-,Krishna,-,-,-,-,15.69361111,77.61888889,06-02-2026 05:00,290.5
1309,Gajuladinne Project,Andhra Pradesh SW,28,Andhra Pradesh,511,KURNOOL,GONEGANDLA,-,-,-,Krishna,-,-,-,-,15.69361111,77.61888889,06-02-2026 06:00,292
1310,Gajuladinne Project,Andhra Pradesh SW,28,Andhra Pradesh,511,KURNOOL,GONEGANDLA,-,-,-,Krishna,-,-,-,-,15.69361111,77.61888889,06-02-2026 08:00,315.5
1311,Gajuladinne Project,Andhra Pradesh SW,28,Andhra Pradesh,511,KURNOOL,GONEGANDLA,-,-,-,Krishna,-,-,-,-,15.69361111,77.61888889,06-02-2026 11:00,349.5
1312,Gajuladinne Project,Andhra Pradesh SW,28,Andhra Pradesh,511,KURNOOL,GONEGANDLA,-,-,-,Krishna,-,-,-,-,15.69361111,77.61888889,06-02-2026 19:00,317
1313,Gajuladinne Project,Andhra Pradesh SW,28,Andhra Pradesh,511,KURNOOL,GONEGANDLA,-,-,-,Krishna,-,-,-,-,15.69361111,77.61888889,07-02-2026 00:00,299.5
1314,Gajuladinne Project,Andhra Pradesh SW,28,Andhra Pradesh,511,KURNOOL,GONEGANDLA,-,-,-,Krishna,-,-,-,-,15.69361111,77.61888889,07-02-2026 02:00,294.5
1315,Gajuladinne Project,Andhra Pradesh SW,28,Andhra Pradesh,511,KURNOOL,GONEGANDLA,-,-,-,Krishna,-,-,-,-,15.69361111,77.61888889,07-02-2026 03:00,294
1316,Gajuladinne Project,Andhra Pradesh SW,28,Andhra Pradesh,511,KURNOOL,GONEGANDLA,-,-,-,Krishna,-,-,-,-,15.69361111,77.61888889,07-02-2026 06:00,291.5
1317,Gajuladinne Project,Andhra Pradesh SW,28,Andhra Pradesh,511,KURNOOL,GONEGANDLA,-,-,-,Krishna,-,-,-,-,15.69361111,77.61888889,07-02-2026 07:00,298
1318,Gajuladinne Project,Andhra Pradesh SW,28,Andhra Pradesh,511,KURNOOL,GONEGANDLA,-,-,-,Krishna,-,-,-,-,15.69361111,77.61888889,07-02-2026 08:00,324
1319,Gajuladinne Project,Andhra Pradesh SW,28,Andhra Pradesh,511,KURNOOL,GONEGANDLA,-,-,-,Krishna,-,-,-,-,15.69361111,77.61888889,07-02-2026 09:00,333.5
1320,Gajuladinne Project,Andhra Pradesh SW,28,Andhra Pradesh,511,KURNOOL,GONEGANDLA,-,-,-,Krishna,-,-,-,-,15.69361111,77.61888889,07-02-2026 13:00,358.5
1321,Gajuladinne Project,Andhra Pradesh SW,28,Andhra Pradesh,511,KURNOOL,GONEGANDLA,-,-,-,Krishna,-,-,-,-,15.69361111,77.61888889,08-02-2026 03:00,298
1322,Gajuladinne Project,Andhra Pradesh SW,28,Andhra Pradesh,511,KURNOOL,GONEGANDLA,-,-,-,Krishna,-,-,-,-,15.69361111,77.61888889,08-02-2026 04:00,296.5
1323,Gajuladinne Project,Andhra Pradesh SW,28,Andhra Pradesh,511,KURNOOL,GONEGANDLA,-,-,-,Krishna,-,-,-,-,15.69361111,77.61888889,08-02-2026 10:00,348.5
1324,Gajuladinne Project,Andhra Pradesh SW,28,Andhra Pradesh,511,KURNOOL,GONEGANDLA,-,-,-,Krishna,-,-,-,-,15.69361111,77.61888889,08-02-2026 12:00,360
1325,Gajuladinne Project,Andhra Pradesh SW,28,Andhra Pradesh,511,KURNOOL,GONEGANDLA,-,-,-,Krishna,-,-,-,-,15.69361111,77.61888889,08-02-2026 15:00,358.5
1326,Gajuladinne Project,Andhra Pradesh SW,28,Andhra Pradesh,511,KURNOOL,GONEGANDLA,-,-,-,Krishna,-,-,-,-,15.69361111,77.61888889,08-02-2026 16:00,356.5
1327,Gajuladinne Project,Andhra Pradesh SW,28,Andhra Pradesh,511,KURNOOL,GONEGANDLA,-,-,-,Krishna,-,-,-,-,15.69361111,77.61888889,08-02-2026 17:00,343.5
1328,Gajuladinne Project,Andhra Pradesh SW,28,Andhra Pradesh,511,KURNOOL,GONEGANDLA,-,-,-,Krishna,-,-,-,-,15.69361111,77.61888889,08-02-2026 19:00,323.5
1329,Gajuladinne Project,Andhra Pradesh SW,28,Andhra Pradesh,511,KURNOOL,GONEGANDLA,-,-,-,Krishna,-,-,-,-,15.69361111,77.61888889,09-02-2026 07:00,314
1330,Gajuladinne Project,Andhra Pradesh SW,28,Andhra Pradesh,511,KURNOOL,GONEGANDLA,-,-,-,Krishna,-,-,-,-,15.69361111,77.61888889,09-02-2026 09:00,337
1331,Gajuladinne Project,Andhra Pradesh SW,28,Andhra Pradesh,511,KURNOOL,GONEGANDLA,-,-,-,Krishna,-,-,-,-,15.69361111,77.61888889,09-02-2026 11:00,350.5
1332,Gajuladinne Project,Andhra Pradesh SW,28,Andhra Pradesh,511,KURNOOL,GONEGANDLA,-,-,-,Krishna,-,-,-,-,15.69361111,77.61888889,09-02-2026 12:00,357
1333,Gajuladinne Project,Andhra Pradesh SW,28,Andhra Pradesh,511,KURNOOL,GONEGANDLA,-,-,-,Krishna,-,-,-,-,15.69361111,77.61888889,09-02-2026 16:00,358
1334,Gajuladinne Project,Andhra Pradesh SW,28,Andhra Pradesh,511,KURNOOL,GONEGANDLA,-,-,-,Krishna,-,-,-,-,15.69361111,77.61888889,09-02-2026 17:00,342.5
1335,Gajuladinne Project,Andhra Pradesh SW,28,Andhra Pradesh,511,KURNOOL,GONEGANDLA,-,-,-,Krishna,-,-,-,-,15.69361111,77.61888889,09-02-2026 18:00,331.5
1336,Gajuladinne Project,Andhra Pradesh SW,28,Andhra Pradesh,511,KURNOOL,GONEGANDLA,-,-,-,Krishna,-,-,-,-,15.69361111,77.61888889,09-02-2026 20:00,314
1337,Gajuladinne Project,Andhra Pradesh SW,28,Andhra Pradesh,511,KURNOOL,GONEGANDLA,-,-,-,Krishna,-,-,-,-,15.69361111,77.61888889,09-02-2026 22:00,306.5
1338,Gajuladinne Project,Andhra Pradesh SW,28,Andhra Pradesh,511,KURNOOL,GONEGANDLA,-,-,-,Krishna,-,-,-,-,15.69361111,77.61888889,09-02-2026 23:00,301.5
1339,Gajuladinne Project,Andhra Pradesh SW,28,Andhra Pradesh,511,KURNOOL,GONEGANDLA,-,-,-,Krishna,-,-,-,-,15.69361111,77.61888889,10-02-2026 02:00,302.5
1340,Gajuladinne Project,Andhra Pradesh SW,28,Andhra Pradesh,511,KURNOOL,GONEGANDLA,-,-,-,Krishna,-,-,-,-,15.69361111,77.61888889,10-02-2026 05:00,297
1341,Gajuladinne Project,Andhra Pradesh SW,28,Andhra Pradesh,511,KURNOOL,GONEGANDLA,-,-,-,Krishna,-,-,-,-,15.69361111,77.61888889,10-02-2026 07:00,305
1342,Gajuladinne Project,Andhra Pradesh SW,28,Andhra Pradesh,511,KURNOOL,GONEGANDLA,-,-,-,Krishna,-,-,-,-,15.69361111,77.61888889,10-02-2026 08:00,320.5
1343,Gajuladinne Project,Andhra Pradesh SW,28,Andhra Pradesh,511,KURNOOL,GONEGANDLA,-,-,-,Krishna,-,-,-,-,15.69361111,77.61888889,10-02-2026 09:00,330.5
1344,Gajuladinne Project,Andhra Pradesh SW,28,Andhra Pradesh,511,KURNOOL,GONEGANDLA,-,-,-,Krishna,-,-,-,-,15.69361111,77.61888889,11-02-2026 19:00,319
1345,Gajuladinne Project,Andhra Pradesh SW,28,Andhra Pradesh,511,KURNOOL,GONEGANDLA,-,-,-,Krishna,-,-,-,-,15.69361111,77.61888889,11-02-2026 20:00,312
1346,Gajuladinne Project,Andhra Pradesh SW,28,Andhra Pradesh,511,KURNOOL,GONEGANDLA,-,-,-,Krishna,-,-,-,-,15.69361111,77.61888889,11-02-2026 23:00,306.5
1347,Gajuladinne Project,Andhra Pradesh SW,28,Andhra Pradesh,511,KURNOOL,GONEGANDLA,-,-,-,Krishna,-,-,-,-,15.69361111,77.61888889,12-02-2026 00:00,299
1348,Gajuladinne Project,Andhra Pradesh SW,28,Andhra Pradesh,511,KURNOOL,GONEGANDLA,-,-,-,Krishna,-,-,-,-,15.69361111,77.61888889,12-02-2026 06:00,285
1349,Gajuladinne Project,Andhra Pradesh SW,28,Andhra Pradesh,511,KURNOOL,GONEGANDLA,-,-,-,Krishna,-,-,-,-,15.69361111,77.61888889,12-02-2026 08:00,319.5
1350,Gajuladinne Project,Andhra Pradesh SW,28,Andhra Pradesh,511,KURNOOL,GONEGANDLA,-,-,-,Krishna,-,-,-,-,15.69361111,77.61888889,12-02-2026 10:00,169
1351,Gajuladinne Project,Andhra Pradesh SW,28,Andhra Pradesh,511,KURNOOL,GONEGANDLA,-,-,-,Krishna,-,-,-,-,15.69361111,77.61888889,12-02-2026 11:00,341.5
1352,Gajuladinne Project,Andhra Pradesh SW,28,Andhra Pradesh,511,KURNOOL,GONEGANDLA,-,-,-,Krishna,-,-,-,-,15.69361111,77.61888889,12-02-2026 12:00,348.5
1353,Gajuladinne Project,Andhra Pradesh SW,28,Andhra Pradesh,511,KURNOOL,GONEGANDLA,-,-,-,Krishna,-,-,-,-,15.69361111,77.61888889,12-02-2026 13:00,358.5
1354,Gajuladinne Project,Andhra Pradesh SW,28,Andhra Pradesh,511,KURNOOL,GONEGANDLA,-,-,-,Krishna,-,-,-,-,15.69361111,77.61888889,12-02-2026 20:00,315.5
1355,Gajuladinne Project,Andhra Pradesh SW,28,Andhra Pradesh,511,KURNOOL,GONEGANDLA,-,-,-,Krishna,-,-,-,-,15.69361111,77.61888889,12-02-2026 22:00,304.5
1356,Gajuladinne Project,Andhra Pradesh SW,28,Andhra Pradesh,511,KURNOOL,GONEGANDLA,-,-,-,Krishna,-,-,-,-,15.69361111,77.61888889,12-02-2026 23:00,299.5
1357,Gajuladinne Project,Andhra Pradesh SW,28,Andhra Pradesh,511,KURNOOL,GONEGANDLA,-,-,-,Krishna,-,-,-,-,15.69361111,77.61888889,13-02-2026 01:00,293
1358,Gajuladinne Project,Andhra Pradesh SW,28,Andhra Pradesh,511,KURNOOL,GONEGANDLA,-,-,-,Krishna,-,-,-,-,15.69361111,77.61888889,13-02-2026 09:00,335
1359,Gajuladinne Project,Andhra Pradesh SW,28,Andhra Pradesh,511,KURNOOL,GONEGANDLA,-,-,-,Krishna,-,-,-,-,15.69361111,77.61888889,13-02-2026 19:00,320.5
1360,Gajuladinne Project,Andhra Pradesh SW,28,Andhra Pradesh,511,KURNOOL,GONEGANDLA,-,-,-,Krishna,-,-,-,-,15.69361111,77.61888889,14-02-2026 01:00,294.5
1361,Gajuladinne Project,Andhra Pradesh SW,28,Andhra Pradesh,511,KURNOOL,GONEGANDLA,-,-,-,Krishna,-,-,-,-,15.69361111,77.61888889,14-02-2026 07:00,315
1362,Gajuladinne Project,Andhra Pradesh SW,28,Andhra Pradesh,511,KURNOOL,GONEGANDLA,-,-,-,Krishna,-,-,-,-,15.69361111,77.61888889,14-02-2026 08:00,326.5
1363,Gajuladinne Project,Andhra Pradesh SW,28,Andhra Pradesh,511,KURNOOL,GONEGANDLA,-,-,-,Krishna,-,-,-,-,15.69361111,77.61888889,14-02-2026 09:00,336
1364,Gajuladinne Project,Andhra Pradesh SW,28,Andhra Pradesh,511,KURNOOL,GONEGANDLA,-,-,-,Krishna,-,-,-,-,15.69361111,77.61888889,14-02-2026 13:00,364
1365,Gajuladinne Project,Andhra Pradesh SW,28,Andhra Pradesh,511,KURNOOL,GONEGANDLA,-,-,-,Krishna,-,-,-,-,15.69361111,77.61888889,14-02-2026 15:00,365.5
1366,Gajuladinne Project,Andhra Pradesh SW,28,Andhra Pradesh,511,KURNOOL,GONEGANDLA,-,-,-,Krishna,-,-,-,-,15.69361111,77.61888889,14-02-2026 19:00,327.5
1367,Gajuladinne Project,Andhra Pradesh SW,28,Andhra Pradesh,511,KURNOOL,GONEGANDLA,-,-,-,Krishna,-,-,-,-,15.69361111,77.61888889,15-02-2026 01:00,301
1368,Gajuladinne Project,Andhra Pradesh SW,28,Andhra Pradesh,511,KURNOOL,GONEGANDLA,-,-,-,Krishna,-,-,-,-,15.69361111,77.61888889,15-02-2026 07:00,317
1369,Gajuladinne Project,Andhra Pradesh SW,28,Andhra Pradesh,511,KURNOOL,GONEGANDLA,-,-,-,Krishna,-,-,-,-,15.69361111,77.61888889,15-02-2026 10:00,353.5
1370,Gajuladinne Project,Andhra Pradesh SW,28,Andhra Pradesh,511,KURNOOL,GONEGANDLA,-,-,-,Krishna,-,-,-,-,15.69361111,77.61888889,15-02-2026 11:00,354
1371,Gajuladinne Project,Andhra Pradesh SW,28,Andhra Pradesh,511,KURNOOL,GONEGANDLA,-,-,-,Krishna,-,-,-,-,15.69361111,77.61888889,15-02-2026 12:00,360
1372,Gajuladinne Project,Andhra Pradesh SW,28,Andhra Pradesh,511,KURNOOL,GONEGANDLA,-,-,-,Krishna,-,-,-,-,15.69361111,77.61888889,15-02-2026 15:00,362
1373,Gajuladinne Project,Andhra Pradesh SW,28,Andhra Pradesh,511,KURNOOL,GONEGANDLA,-,-,-,Krishna,-,-,-,-,15.69361111,77.61888889,15-02-2026 19:00,332.5
1374,Gajuladinne Project,Andhra Pradesh SW,28,Andhra Pradesh,511,KURNOOL,GONEGANDLA,-,-,-,Krishna,-,-,-,-,15.69361111,77.61888889,15-02-2026 20:00,329.5
1375,Gajuladinne Project,Andhra Pradesh SW,28,Andhra Pradesh,511,KURNOOL,GONEGANDLA,-,-,-,Krishna,-,-,-,-,15.69361111,77.61888889,16-02-2026 01:00,306.5
1376,Gajuladinne Project,Andhra Pradesh SW,28,Andhra Pradesh,511,KURNOOL,GONEGANDLA,-,-,-,Krishna,-,-,-,-,15.69361111,77.61888889,16-02-2026 03:00,305
1377,Gajuladinne Project,Andhra Pradesh SW,28,Andhra Pradesh,511,KURNOOL,GONEGANDLA,-,-,-,Krishna,-,-,-,-,15.69361111,77.61888889,16-02-2026 07:00,317.5
1378,Gajuladinne Project,Andhra Pradesh SW,28,Andhra Pradesh,511,KURNOOL,GONEGANDLA,-,-,-,Krishna,-,-,-,-,15.69361111,77.61888889,16-02-2026 08:00,329
1379,Gajuladinne Project,Andhra Pradesh SW,28,Andhra Pradesh,511,KURNOOL,GONEGANDLA,-,-,-,Krishna,-,-,-,-,15.69361111,77.61888889,16-02-2026 11:00,358
1380,Gajuladinne Project,Andhra Pradesh SW,28,Andhra Pradesh,511,KURNOOL,GONEGANDLA,-,-,-,Krishna,-,-,-,-,15.69361111,77.61888889,16-02-2026 13:00,363.5
1381,Gajuladinne Project,Andhra Pradesh SW,28,Andhra Pradesh,511,KURNOOL,GONEGANDLA,-,-,-,Krishna,-,-,-,-,15.69361111,77.61888889,16-02-2026 20:00,321
1382,Gajuladinne Project,Andhra Pradesh SW,28,Andhra Pradesh,511,KURNOOL,GONEGANDLA,-,-,-,Krishna,-,-,-,-,15.69361111,77.61888889,17-02-2026 07:00,311.5
1383,Gajuladinne Project,Andhra Pradesh SW,28,Andhra Pradesh,511,KURNOOL,GONEGANDLA,-,-,-,Krishna,-,-,-,-,15.69361111,77.61888889,17-02-2026 11:00,356
1384,Gajuladinne Project,Andhra Pradesh SW,28,Andhra Pradesh,511,KURNOOL,GONEGANDLA,-,-,-,Krishna,-,-,-,-,15.69361111,77.61888889,17-02-2026 12:00,360
1385,Gajuladinne Project,Andhra Pradesh SW,28,Andhra Pradesh,511,KURNOOL,GONEGANDLA,-,-,-,Krishna,-,-,-,-,15.69361111,77.61888889,17-02-2026 19:00,320
1386,Gajuladinne Project,Andhra Pradesh SW,28,Andhra Pradesh,511,KURNOOL,GONEGANDLA,-,-,-,Krishna,-,-,-,-,15.69361111,77.61888889,17-02-2026 20:00,318
1387,Gajuladinne Project,Andhra Pradesh SW,28,Andhra Pradesh,511,KURNOOL,GONEGANDLA,-,-,-,Krishna,-,-,-,-,15.69361111,77.61888889,18-02-2026 06:00,291.5
1388,Gajuladinne Project,Andhra Pradesh SW,28,Andhra Pradesh,511,KURNOOL,GONEGANDLA,-,-,-,Krishna,-,-,-,-,15.69361111,77.61888889,18-02-2026 08:00,323.5
1389,Gajuladinne Project,Andhra Pradesh SW,28,Andhra Pradesh,511,KURNOOL,GONEGANDLA,-,-,-,Krishna,-,-,-,-,15.69361111,77.61888889,18-02-2026 11:00,351.5
1390,Gajuladinne Project,Andhra Pradesh SW,28,Andhra Pradesh,511,KURNOOL,GONEGANDLA,-,-,-,Krishna,-,-,-,-,15.69361111,77.61888889,18-02-2026 13:00,360
1391,Gajuladinne Project,Andhra Pradesh SW,28,Andhra Pradesh,511,KURNOOL,GONEGANDLA,-,-,-,Krishna,-,-,-,-,15.69361111,77.61888889,18-02-2026 14:00,360.5
1392,Gajuladinne Project,Andhra Pradesh SW,28,Andhra Pradesh,511,KURNOOL,GONEGANDLA,-,-,-,Krishna,-,-,-,-,15.69361111,77.61888889,18-02-2026 15:00,364.5
1393,Gajuladinne Project,Andhra Pradesh SW,28,Andhra Pradesh,511,KURNOOL,GONEGANDLA,-,-,-,Krishna,-,-,-,-,15.69361111,77.61888889,18-02-2026 23:00,316.5
1394,Gajuladinne Project,Andhra Pradesh SW,28,Andhra Pradesh,511,KURNOOL,GONEGANDLA,-,-,-,Krishna,-,-,-,-,15.69361111,77.61888889,19-02-2026 00:00,307
1395,Gajuladinne Project,Andhra Pradesh SW,28,Andhra Pradesh,511,KURNOOL,GONEGANDLA,-,-,-,Krishna,-,-,-,-,15.69361111,77.61888889,19-02-2026 02:00,300.5
1396,Gajuladinne Project,Andhra Pradesh SW,28,Andhra Pradesh,511,KURNOOL,GONEGANDLA,-,-,-,Krishna,-,-,-,-,15.69361111,77.61888889,19-02-2026 03:00,299.5
1397,Gajuladinne Project,Andhra Pradesh SW,28,Andhra Pradesh,511,KURNOOL,GONEGANDLA,-,-,-,Krishna,-,-,-,-,15.69361111,77.61888889,19-02-2026 05:00,301
1398,Gajuladinne Project,Andhra Pradesh SW,28,Andhra Pradesh,511,KURNOOL,GONEGANDLA,-,-,-,Krishna,-,-,-,-,15.69361111,77.61888889,19-02-2026 22:00,320.5
1399,Gajuladinne Project,Andhra Pradesh SW,28,Andhra Pradesh,511,KURNOOL,GONEGANDLA,-,-,-,Krishna,-,-,-,-,15.69361111,77.61888889,19-02-2026 23:00,313
1400,Gajuladinne Project,Andhra Pradesh SW,28,Andhra Pradesh,511,KURNOOL,GONEGANDLA,-,-,-,Krishna,-,-,-,-,15.69361111,77.61888889,20-02-2026 00:00,310
1401,Gajuladinne Project,Andhra Pradesh SW,28,Andhra Pradesh,511,KURNOOL,GONEGANDLA,-,-,-,Krishna,-,-,-,-,15.69361111,77.61888889,20-02-2026 10:00,348.5
1402,Gajuladinne Project,Andhra Pradesh SW,28,Andhra Pradesh,511,KURNOOL,GONEGANDLA,-,-,-,Krishna,-,-,-,-,15.69361111,77.61888889,20-02-2026 14:00,370.5
1403,Gajuladinne Project,Andhra Pradesh SW,28,Andhra Pradesh,511,KURNOOL,GONEGANDLA,-,-,-,Krishna,-,-,-,-,15.69361111,77.61888889,20-02-2026 16:00,365
1404,Gajuladinne Project,Andhra Pradesh SW,28,Andhra Pradesh,511,KURNOOL,GONEGANDLA,-,-,-,Krishna,-,-,-,-,15.69361111,77.61888889,20-02-2026 16:00,365
1405,Gajuladinne Project,Andhra Pradesh SW,28,Andhra Pradesh,511,KURNOOL,GONEGANDLA,-,-,-,Krishna,-,-,-,-,15.69361111,77.61888889,20-02-2026 19:00,335
1406,Gajuladinne Project,Andhra Pradesh SW,28,Andhra Pradesh,511,KURNOOL,GONEGANDLA,-,-,-,Krishna,-,-,-,-,15.69361111,77.61888889,20-02-2026 23:00,318.5
1407,Gajuladinne Project,Andhra Pradesh SW,28,Andhra Pradesh,511,KURNOOL,GONEGANDLA,-,-,-,Krishna,-,-,-,-,15.69361111,77.61888889,21-02-2026 00:00,316.5
1408,Gajuladinne Project,Andhra Pradesh SW,28,Andhra Pradesh,511,KURNOOL,GONEGANDLA,-,-,-,Krishna,-,-,-,-,15.69361111,77.61888889,21-02-2026 09:00,349.5
1409,Gajuladinne Project,Andhra Pradesh SW,28,Andhra Pradesh,511,KURNOOL,GONEGANDLA,-,-,-,Krishna,-,-,-,-,15.69361111,77.61888889,21-02-2026 09:00,349.5
1410,Gajuladinne Project,Andhra Pradesh SW,28,Andhra Pradesh,511,KURNOOL,GONEGANDLA,-,-,-,Krishna,-,-,-,-,15.69361111,77.61888889,21-02-2026 13:00,366.5
1411,Gajuladinne Project,Andhra Pradesh SW,28,Andhra Pradesh,511,KURNOOL,GONEGANDLA,-,-,-,Krishna,-,-,-,-,15.69361111,77.61888889,22-02-2026 02:00,311.5
1412,Gajuladinne Project,Andhra Pradesh SW,28,Andhra Pradesh,511,KURNOOL,GONEGANDLA,-,-,-,Krishna,-,-,-,-,15.69361111,77.61888889,22-02-2026 12:00,366.5
1413,Gajuladinne Project,Andhra Pradesh SW,28,Andhra Pradesh,511,KURNOOL,GONEGANDLA,-,-,-,Krishna,-,-,-,-,15.69361111,77.61888889,22-02-2026 15:00,375.5
1414,Gajuladinne Project,Andhra Pradesh SW,28,Andhra Pradesh,511,KURNOOL,GONEGANDLA,-,-,-,Krishna,-,-,-,-,15.69361111,77.61888889,22-02-2026 19:00,179
1415,Gajuladinne Project,Andhra Pradesh SW,28,Andhra Pradesh,511,KURNOOL,GONEGANDLA,-,-,-,Krishna,-,-,-,-,15.69361111,77.61888889,22-02-2026 20:00,331
1416,Gajuladinne Project,Andhra Pradesh SW,28,Andhra Pradesh,511,KURNOOL,GONEGANDLA,-,-,-,Krishna,-,-,-,-,15.69361111,77.61888889,23-02-2026 00:00,322
1417,Gajuladinne Project,Andhra Pradesh SW,28,Andhra Pradesh,511,KURNOOL,GONEGANDLA,-,-,-,Krishna,-,-,-,-,15.69361111,77.61888889,23-02-2026 04:00,312.5
1418,Gajuladinne Project,Andhra Pradesh SW,28,Andhra Pradesh,511,KURNOOL,GONEGANDLA,-,-,-,Krishna,-,-,-,-,15.69361111,77.61888889,23-02-2026 04:00,312.5
1419,Gajuladinne Project,Andhra Pradesh SW,28,Andhra Pradesh,511,KURNOOL,GONEGANDLA,-,-,-,Krishna,-,-,-,-,15.69361111,77.61888889,23-02-2026 06:00,312.5
1420,Gajuladinne Project,Andhra Pradesh SW,28,Andhra Pradesh,511,KURNOOL,GONEGANDLA,-,-,-,Krishna,-,-,-,-,15.69361111,77.61888889,23-02-2026 06:00,312.5
1421,Gajuladinne Project,Andhra Pradesh SW,28,Andhra Pradesh,511,KURNOOL,GONEGANDLA,-,-,-,Krishna,-,-,-,-,15.69361111,77.61888889,23-02-2026 07:00,322.5
1422,Gajuladinne Project,Andhra Pradesh SW,28,Andhra Pradesh,511,KURNOOL,GONEGANDLA,-,-,-,Krishna,-,-,-,-,15.69361111,77.61888889,23-02-2026 08:00,336.5
1423,Gajuladinne Project,Andhra Pradesh SW,28,Andhra Pradesh,511,KURNOOL,GONEGANDLA,-,-,-,Krishna,-,-,-,-,15.69361111,77.61888889,23-02-2026 10:00,357
1424,Gajuladinne Project,Andhra Pradesh SW,28,Andhra Pradesh,511,KURNOOL,GONEGANDLA,-,-,-,Krishna,-,-,-,-,15.69361111,77.61888889,23-02-2026 11:00,363.5
1425,Gajuladinne Project,Andhra Pradesh SW,28,Andhra Pradesh,511,KURNOOL,GONEGANDLA,-,-,-,Krishna,-,-,-,-,15.69361111,77.61888889,23-02-2026 13:00,371.5
1426,Gajuladinne Project,Andhra Pradesh SW,28,Andhra Pradesh,511,KURNOOL,GONEGANDLA,-,-,-,Krishna,-,-,-,-,15.69361111,77.61888889,23-02-2026 14:00,371
1427,Gajuladinne Project,Andhra Pradesh SW,28,Andhra Pradesh,511,KURNOOL,GONEGANDLA,-,-,-,Krishna,-,-,-,-,15.69361111,77.61888889,23-02-2026 18:00,351
1428,Gajuladinne Project,Andhra Pradesh SW,28,Andhra Pradesh,511,KURNOOL,GONEGANDLA,-,-,-,Krishna,-,-,-,-,15.69361111,77.61888889,23-02-2026 21:00,329.5
1429,Gajuladinne Project,Andhra Pradesh SW,28,Andhra Pradesh,511,KURNOOL,GONEGANDLA,-,-,-,Krishna,-,-,-,-,15.69361111,77.61888889,23-02-2026 22:00,326
1430,Gajuladinne Project,Andhra Pradesh SW,28,Andhra Pradesh,511,KURNOOL,GONEGANDLA,-,-,-,Krishna,-,-,-,-,15.69361111,77.61888889,23-02-2026 23:00,326
1431,Gajuladinne Project,Andhra Pradesh SW,28,Andhra Pradesh,511,KURNOOL,GONEGANDLA,-,-,-,Krishna,-,-,-,-,15.69361111,77.61888889,24-02-2026 00:00,323
1432,Gajuladinne Project,Andhra Pradesh SW,28,Andhra Pradesh,511,KURNOOL,GONEGANDLA,-,-,-,Krishna,-,-,-,-,15.69361111,77.61888889,24-02-2026 00:00,323
1433,Gajuladinne Project,Andhra Pradesh SW,28,Andhra Pradesh,511,KURNOOL,GONEGANDLA,-,-,-,Krishna,-,-,-,-,15.69361111,77.61888889,24-02-2026 01:00,321
1434,Gajuladinne Project,Andhra Pradesh SW,28,Andhra Pradesh,511,KURNOOL,GONEGANDLA,-,-,-,Krishna,-,-,-,-,15.69361111,77.61888889,24-02-2026 03:00,315.5
1435,Gajuladinne Project,Andhra Pradesh SW,28,Andhra Pradesh,511,KURNOOL,GONEGANDLA,-,-,-,Krishna,-,-,-,-,15.69361111,77.61888889,24-02-2026 07:00,316
1436,Gajuladinne Project,Andhra Pradesh SW,28,Andhra Pradesh,511,KURNOOL,GONEGANDLA,-,-,-,Krishna,-,-,-,-,15.69361111,77.61888889,24-02-2026 07:00,316
1437,Gajuladinne Project,Andhra Pradesh SW,28,Andhra Pradesh,511,KURNOOL,GONEGANDLA,-,-,-,Krishna,-,-,-,-,15.69361111,77.61888889,24-02-2026 09:00,339
1438,Gajuladinne Project,Andhra Pradesh SW,28,Andhra Pradesh,511,KURNOOL,GONEGANDLA,-,-,-,Krishna,-,-,-,-,15.69361111,77.61888889,24-02-2026 10:00,348
1439,Gajuladinne Project,Andhra Pradesh SW,28,Andhra Pradesh,511,KURNOOL,GONEGANDLA,-,-,-,Krishna,-,-,-,-,15.69361111,77.61888889,24-02-2026 14:00,360
1440,Gajuladinne Project,Andhra Pradesh SW,28,Andhra Pradesh,511,KURNOOL,GONEGANDLA,-,-,-,Krishna,-,-,-,-,15.69361111,77.61888889,25-02-2026 14:00,371.5
1441,Gajuladinne Project,Andhra Pradesh SW,28,Andhra Pradesh,511,KURNOOL,GONEGANDLA,-,-,-,Krishna,-,-,-,-,15.69361111,77.61888889,18-03-2026 18:00,12.5
1442,Gajuladinne Project,Andhra Pradesh SW,28,Andhra Pradesh,511,KURNOOL,GONEGANDLA,-,-,-,Krishna,-,-,-,-,15.69361111,77.61888889,18-03-2026 19:00,1
1443,Gajuladinne Project,Andhra Pradesh SW,28,Andhra Pradesh,511,KURNOOL,GONEGANDLA,-,-,-,Krishna,-,-,-,-,15.69361111,77.61888889,18-03-2026 20:00,0.5
1444,Gajuladinne Project,Andhra Pradesh SW,28,Andhra Pradesh,511,KURNOOL,GONEGANDLA,-,-,-,Krishna,-,-,-,-,15.69361111,77.61888889,19-03-2026 10:00,345.5
1445,Gajuladinne Project,Andhra Pradesh SW,28,Andhra Pradesh,511,KURNOOL,GONEGANDLA,-,-,-,Krishna,-,-,-,-,15.69361111,77.61888889,19-03-2026 15:00,33
1446,Gajuladinne Project,Andhra Pradesh SW,28,Andhra Pradesh,511,KURNOOL,GONEGANDLA,-,-,-,Krishna,-,-,-,-,15.69361111,77.61888889,19-03-2026 23:00,366
1447,Gajuladinne Project,Andhra Pradesh SW,28,Andhra Pradesh,511,KURNOOL,GONEGANDLA,-,-,-,Krishna,-,-,-,-,15.69361111,77.61888889,20-03-2026 01:00,320.5
1448,Gajuladinne Project,Andhra Pradesh SW,28,Andhra Pradesh,511,KURNOOL,GONEGANDLA,-,-,-,Krishna,-,-,-,-,15.69361111,77.61888889,20-03-2026 12:00,371
1449,Gajuladinne Project,Andhra Pradesh SW,28,Andhra Pradesh,511,KURNOOL,GONEGANDLA,-,-,-,Krishna,-,-,-,-,15.69361111,77.61888889,20-03-2026 16:00,376
1450,Gajuladinne Project,Andhra Pradesh SW,28,Andhra Pradesh,511,KURNOOL,GONEGANDLA,-,-,-,Krishna,-,-,-,-,15.69361111,77.61888889,20-03-2026 19:00,349
1451,Gajuladinne Project,Andhra Pradesh SW,28,Andhra Pradesh,511,KURNOOL,GONEGANDLA,-,-,-,Krishna,-,-,-,-,15.69361111,77.61888889,21-03-2026 00:00,329
1452,Gajuladinne Project,Andhra Pradesh SW,28,Andhra Pradesh,511,KURNOOL,GONEGANDLA,-,-,-,Krishna,-,-,-,-,15.69361111,77.61888889,21-03-2026 01:00,323
1453,Gajuladinne Project,Andhra Pradesh SW,28,Andhra Pradesh,511,KURNOOL,GONEGANDLA,-,-,-,Krishna,-,-,-,-,15.69361111,77.61888889,21-03-2026 03:00,323
1454,Gajuladinne Project,Andhra Pradesh SW,28,Andhra Pradesh,511,KURNOOL,GONEGANDLA,-,-,-,Krishna,-,-,-,-,15.69361111,77.61888889,21-03-2026 16:00,379
1455,Gajuladinne Project,Andhra Pradesh SW,28,Andhra Pradesh,511,KURNOOL,GONEGANDLA,-,-,-,Krishna,-,-,-,-,15.69361111,77.61888889,21-03-2026 20:00,348.5
1456,Gajuladinne Project,Andhra Pradesh SW,28,Andhra Pradesh,511,KURNOOL,GONEGANDLA,-,-,-,Krishna,-,-,-,-,15.69361111,77.61888889,22-03-2026 01:00,331.5
1457,Gajuladinne Project,Andhra Pradesh SW,28,Andhra Pradesh,511,KURNOOL,GONEGANDLA,-,-,-,Krishna,-,-,-,-,15.69361111,77.61888889,22-03-2026 13:00,379
1458,Gajuladinne Project,Andhra Pradesh SW,28,Andhra Pradesh,511,KURNOOL,GONEGANDLA,-,-,-,Krishna,-,-,-,-,15.69361111,77.61888889,22-03-2026 13:00,379
1459,Gajuladinne Project,Andhra Pradesh SW,28,Andhra Pradesh,511,KURNOOL,GONEGANDLA,-,-,-,Krishna,-,-,-,-,15.69361111,77.61888889,22-03-2026 17:00,366.5
1460,Gajuladinne Project,Andhra Pradesh SW,28,Andhra Pradesh,511,KURNOOL,GONEGANDLA,-,-,-,Krishna,-,-,-,-,15.69361111,77.61888889,22-03-2026 17:00,366.5
1461,Gajuladinne Project,Andhra Pradesh SW,28,Andhra Pradesh,511,KURNOOL,GONEGANDLA,-,-,-,Krishna,-,-,-,-,15.69361111,77.61888889,22-03-2026 21:00,347.5
1462,Gajuladinne Project,Andhra Pradesh SW,28,Andhra Pradesh,511,KURNOOL,GONEGANDLA,-,-,-,Krishna,-,-,-,-,15.69361111,77.61888889,23-03-2026 04:00,325
1463,Gajuladinne Project,Andhra Pradesh SW,28,Andhra Pradesh,511,KURNOOL,GONEGANDLA,-,-,-,Krishna,-,-,-,-,15.69361111,77.61888889,23-03-2026 11:00,375.5
1464,Gajuladinne Project,Andhra Pradesh SW,28,Andhra Pradesh,511,KURNOOL,GONEGANDLA,-,-,-,Krishna,-,-,-,-,15.69361111,77.61888889,23-03-2026 13:00,382
1465,Gajuladinne Project,Andhra Pradesh SW,28,Andhra Pradesh,511,KURNOOL,GONEGANDLA,-,-,-,Krishna,-,-,-,-,15.69361111,77.61888889,23-03-2026 15:00,386.5
1466,Gajuladinne Project,Andhra Pradesh SW,28,Andhra Pradesh,511,KURNOOL,GONEGANDLA,-,-,-,Krishna,-,-,-,-,15.69361111,77.61888889,23-03-2026 17:00,371.5
1467,Gajuladinne Project,Andhra Pradesh SW,28,Andhra Pradesh,511,KURNOOL,GONEGANDLA,-,-,-,Krishna,-,-,-,-,15.69361111,77.61888889,23-03-2026 20:00,348.5
1468,Gajuladinne Project,Andhra Pradesh SW,28,Andhra Pradesh,511,KURNOOL,GONEGANDLA,-,-,-,Krishna,-,-,-,-,15.69361111,77.61888889,24-03-2026 01:00,330
1469,Gajuladinne Project,Andhra Pradesh SW,28,Andhra Pradesh,511,KURNOOL,GONEGANDLA,-,-,-,Krishna,-,-,-,-,15.69361111,77.61888889,24-03-2026 09:00,362
1470,Gajuladinne Project,Andhra Pradesh SW,28,Andhra Pradesh,511,KURNOOL,GONEGANDLA,-,-,-,Krishna,-,-,-,-,15.69361111,77.61888889,24-03-2026 15:00,351.5
1471,Gajuladinne Project,Andhra Pradesh SW,28,Andhra Pradesh,511,KURNOOL,GONEGANDLA,-,-,-,Krishna,-,-,-,-,15.69361111,77.61888889,26-03-2026 00:00,4
1472,Gajuladinne Project,Andhra Pradesh SW,28,Andhra Pradesh,511,KURNOOL,GONEGANDLA,-,-,-,Krishna,-,-,-,-,15.69361111,77.61888889,12-04-2026 02:00,4
1473,Gajuladinne Project,Andhra Pradesh SW,28,Andhra Pradesh,511,KURNOOL,GONEGANDLA,-,-,-,Krishna,-,-,-,-,15.69361111,77.61888889,12-04-2026 03:00,34.5
1474,Gajuladinne Project,Andhra Pradesh SW,28,Andhra Pradesh,511,KURNOOL,GONEGANDLA,-,-,-,Krishna,-,-,-,-,15.69361111,77.61888889,12-04-2026 04:00,5.5
1475,Gajuladinne Project,Andhra Pradesh SW,28,Andhra Pradesh,511,KURNOOL,GONEGANDLA,-,-,-,Krishna,-,-,-,-,15.69361111,77.61888889,12-04-2026 05:00,1
1476,Gajuladinne Project,Andhra Pradesh SW,28,Andhra Pradesh,511,KURNOOL,GONEGANDLA,-,-,-,Krishna,-,-,-,-,15.69361111,77.61888889,12-04-2026 12:00,6
1477,Gajuladinne Project,Andhra Pradesh SW,28,Andhra Pradesh,511,KURNOOL,GONEGANDLA,-,-,-,Krishna,-,-,-,-,15.69361111,77.61888889,12-04-2026 13:00,9.5
1478,Gajuladinne Project,Andhra Pradesh SW,28,Andhra Pradesh,511,KURNOOL,GONEGANDLA,-,-,-,Krishna,-,-,-,-,15.69361111,77.61888889,12-04-2026 14:00,7.5
1479,Gajuladinne Project,Andhra Pradesh SW,28,Andhra Pradesh,511,KURNOOL,GONEGANDLA,-,-,-,Krishna,-,-,-,-,15.69361111,77.61888889,30-05-2026 07:00,1
1480,Gajuladinne Project,Andhra Pradesh SW,28,Andhra Pradesh,511,KURNOOL,GONEGANDLA,-,-,-,Krishna,-,-,-,-,15.69361111,77.61888889,30-05-2026 08:00,1
1481,Gajuladinne Project,Andhra Pradesh SW,28,Andhra Pradesh,511,KURNOOL,GONEGANDLA,-,-,-,Krishna,-,-,-,-,15.69361111,77.61888889,30-05-2026 09:00,3
1482,Gajuladinne Project,Andhra Pradesh SW,28,Andhra Pradesh,511,KURNOOL,GONEGANDLA,-,-,-,Krishna,-,-,-,-,15.69361111,77.61888889,30-05-2026 10:00,4
1483,Gajuladinne Project,Andhra Pradesh SW,28,Andhra Pradesh,511,KURNOOL,GONEGANDLA,-,-,-,Krishna,-,-,-,-,15.69361111,77.61888889,30-05-2026 11:00,3.5
1484,Gajuladinne Project,Andhra Pradesh SW,28,Andhra Pradesh,511,KURNOOL,GONEGANDLA,-,-,-,Krishna,-,-,-,-,15.69361111,77.61888889,30-05-2026 12:00,5
1485,Gajuladinne Project,Andhra Pradesh SW,28,Andhra Pradesh,511,KURNOOL,GONEGANDLA,-,-,-,Krishna,-,-,-,-,15.69361111,77.61888889,30-05-2026 13:00,5
1486,Gajuladinne Project,Andhra Pradesh SW,28,Andhra Pradesh,511,KURNOOL,GONEGANDLA,-,-,-,Krishna,-,-,-,-,15.69361111,77.61888889,30-05-2026 14:00,3
1487,Gajuladinne Project,Andhra Pradesh SW,28,Andhra Pradesh,511,KURNOOL,GONEGANDLA,-,-,-,Krishna,-,-,-,-,15.69361111,77.61888889,30-05-2026 15:00,3
1488,Gajuladinne Project,Andhra Pradesh SW,28,Andhra Pradesh,511,KURNOOL,GONEGANDLA,-,-,-,Krishna,-,-,-,-,15.69361111,77.61888889,30-05-2026 16:00,2.5
1489,Gajuladinne Project,Andhra Pradesh SW,28,Andhra Pradesh,511,KURNOOL,GONEGANDLA,-,-,-,Krishna,-,-,-,-,15.69361111,77.61888889,30-05-2026 17:00,1.5
1490,Gajuladinne Project,Andhra Pradesh SW,28,Andhra Pradesh,511,KURNOOL,GONEGANDLA,-,-,-,Krishna,-,-,-,-,15.69361111,77.61888889,30-05-2026 18:00,0.5
1491,Gajuladinne Project,Andhra Pradesh SW,28,Andhra Pradesh,511,KURNOOL,GONEGANDLA,-,-,-,Krishna,-,-,-,-,15.69361111,77.61888889,30-05-2026 19:00,2.5
1492,Gajuladinne Project,Andhra Pradesh SW,28,Andhra Pradesh,511,KURNOOL,GONEGANDLA,-,-,-,Krishna,-,-,-,-,15.69361111,77.61888889,30-05-2026 20:00,4.5
1493,Gajuladinne Project,Andhra Pradesh SW,28,Andhra Pradesh,511,KURNOOL,GONEGANDLA,-,-,-,Krishna,-,-,-,-,15.69361111,77.61888889,30-05-2026 21:00,12
1494,Gajuladinne Project,Andhra Pradesh SW,28,Andhra Pradesh,511,KURNOOL,GONEGANDLA,-,-,-,Krishna,-,-,-,-,15.69361111,77.61888889,30-05-2026 22:00,10
1495,Gajuladinne Project,Andhra Pradesh SW,28,Andhra Pradesh,511,KURNOOL,GONEGANDLA,-,-,-,Krishna,-,-,-,-,15.69361111,77.61888889,30-05-2026 23:00,0.5
1496,Gajuladinne Project,Andhra Pradesh SW,28,Andhra Pradesh,511,KURNOOL,GONEGANDLA,-,-,-,Krishna,-,-,-,-,15.69361111,77.61888889,31-05-2026 00:00,0.5
1497,Gajuladinne Project,Andhra Pradesh SW,28,Andhra Pradesh,511,KURNOOL,GONEGANDLA,-,-,-,Krishna,-,-,-,-,15.69361111,77.61888889,31-05-2026 01:00,1
1498,Gajuladinne Project,Andhra Pradesh SW,28,Andhra Pradesh,511,KURNOOL,GONEGANDLA,-,-,-,Krishna,-,-,-,-,15.69361111,77.61888889,31-05-2026 02:00,6.5
1499,Gajuladinne Project,Andhra Pradesh SW,28,Andhra Pradesh,511,KURNOOL,GONEGANDLA,-,-,-,Krishna,-,-,-,-,15.69361111,77.61888889,31-05-2026 03:00,10.5
1500,Gajuladinne Project,Andhra Pradesh SW,28,Andhra Pradesh,511,KURNOOL,GONEGANDLA,-,-,-,Krishna,-,-,-,-,15.69361111,77.61888889,31-05-2026 04:00,9
1501,Gajuladinne Project,Andhra Pradesh SW,28,Andhra Pradesh,511,KURNOOL,GONEGANDLA,-,-,-,Krishna,-,-,-,-,15.69361111,77.61888889,31-05-2026 05:00,0.5
1502,Gajuladinne Project,Andhra Pradesh SW,28,Andhra Pradesh,511,KURNOOL,GONEGANDLA,-,-,-,Krishna,-,-,-,-,15.69361111,77.61888889,01-06-2026 20:00,1
1503,Gajuladinne Project,Andhra Pradesh SW,28,Andhra Pradesh,511,KURNOOL,GONEGANDLA,-,-,-,Krishna,-,-,-,-,15.69361111,77.61888889,02-06-2026 16:00,16
1504,Gajuladinne Project,Andhra Pradesh SW,28,Andhra Pradesh,511,KURNOOL,GONEGANDLA,-,-,-,Krishna,-,-,-,-,15.69361111,77.61888889,02-06-2026 17:00,1
1505,Gajuladinne Project,Andhra Pradesh SW,28,Andhra Pradesh,511,KURNOOL,GONEGANDLA,-,-,-,Krishna,-,-,-,-,15.69361111,77.61888889,02-06-2026 19:00,7.5
1506,Gajuladinne Project,Andhra Pradesh SW,28,Andhra Pradesh,511,KURNOOL,GONEGANDLA,-,-,-,Krishna,-,-,-,-,15.69361111,77.61888889,02-06-2026 20:00,4
1507,Gajuladinne Project,Andhra Pradesh SW,28,Andhra Pradesh,511,KURNOOL,GONEGANDLA,-,-,-,Krishna,-,-,-,-,15.69361111,77.61888889,02-06-2026 21:00,3.5
1508,Gajuladinne Project,Andhra Pradesh SW,28,Andhra Pradesh,511,KURNOOL,GONEGANDLA,-,-,-,Krishna,-,-,-,-,15.69361111,77.61888889,02-06-2026 22:00,11
1509,Gajuladinne Project,Andhra Pradesh SW,28,Andhra Pradesh,511,KURNOOL,GONEGANDLA,-,-,-,Krishna,-,-,-,-,15.69361111,77.61888889,02-06-2026 23:00,0.5
1510,Gollapalli Reservoir,Andhra Pradesh SW,28,Andhra Pradesh,502,ANANTAPUR,ANANTAPUR,-,-,Pennar,Pennar,-,-,-,Pennar,14.19388889,77.57277778,22-02-2026 19:00,0.5
1511,Gollapalli Reservoir,Andhra Pradesh SW,28,Andhra Pradesh,502,ANANTAPUR,ANANTAPUR,-,-,Pennar,Pennar,-,-,-,Pennar,14.19388889,77.57277778,28-02-2026 13:00,0.5
1512,Gollapalli Reservoir,Andhra Pradesh SW,28,Andhra Pradesh,502,ANANTAPUR,ANANTAPUR,-,-,Pennar,Pennar,-,-,-,Pennar,14.19388889,77.57277778,13-03-2026 07:00,1
1513,Gollapalli Reservoir,Andhra Pradesh SW,28,Andhra Pradesh,502,ANANTAPUR,ANANTAPUR,-,-,Pennar,Pennar,-,-,-,Pennar,14.19388889,77.57277778,14-03-2026 07:00,1
1514,Gollapalli Reservoir,Andhra Pradesh SW,28,Andhra Pradesh,502,ANANTAPUR,ANANTAPUR,-,-,Pennar,Pennar,-,-,-,Pennar,14.19388889,77.57277778,14-03-2026 11:00,0.5
1515,Gollapalli Reservoir,Andhra Pradesh SW,28,Andhra Pradesh,502,ANANTAPUR,ANANTAPUR,-,-,Pennar,Pennar,-,-,-,Pennar,14.19388889,77.57277778,16-03-2026 01:00,0.5
1516,Gollapalli Reservoir,Andhra Pradesh SW,28,Andhra Pradesh,502,ANANTAPUR,ANANTAPUR,-,-,Pennar,Pennar,-,-,-,Pennar,14.19388889,77.57277778,18-03-2026 11:00,0.5
1517,Gollapalli Reservoir,Andhra Pradesh SW,28,Andhra Pradesh,502,ANANTAPUR,ANANTAPUR,-,-,Pennar,Pennar,-,-,-,Pennar,14.19388889,77.57277778,23-03-2026 17:00,0.5
1518,Gollapalli Reservoir,Andhra Pradesh SW,28,Andhra Pradesh,502,ANANTAPUR,ANANTAPUR,-,-,Pennar,Pennar,-,-,-,Pennar,14.19388889,77.57277778,08-04-2026 01:00,12
1519,Gollapalli Reservoir,Andhra Pradesh SW,28,Andhra Pradesh,502,ANANTAPUR,ANANTAPUR,-,-,Pennar,Pennar,-,-,-,Pennar,14.19388889,77.57277778,08-04-2026 02:00,7.5
1520,Gollapalli Reservoir,Andhra Pradesh SW,28,Andhra Pradesh,502,ANANTAPUR,ANANTAPUR,-,-,Pennar,Pennar,-,-,-,Pennar,14.19388889,77.57277778,08-04-2026 03:00,7.5
1521,Gollapalli Reservoir,Andhra Pradesh SW,28,Andhra Pradesh,502,ANANTAPUR,ANANTAPUR,-,-,Pennar,Pennar,-,-,-,Pennar,14.19388889,77.57277778,26-04-2026 10:00,18
1522,Gollapalli Reservoir,Andhra Pradesh SW,28,Andhra Pradesh,502,ANANTAPUR,ANANTAPUR,-,-,Pennar,Pennar,-,-,-,Pennar,14.19388889,77.57277778,26-04-2026 11:00,0.5
1523,Gollapalli Reservoir,Andhra Pradesh SW,28,Andhra Pradesh,502,ANANTAPUR,ANANTAPUR,-,-,Pennar,Pennar,-,-,-,Pennar,14.19388889,77.57277778,30-04-2026 21:00,2
1524,Gollapalli Reservoir,Andhra Pradesh SW,28,Andhra Pradesh,502,ANANTAPUR,ANANTAPUR,-,-,Pennar,Pennar,-,-,-,Pennar,14.19388889,77.57277778,30-04-2026 22:00,2
1525,Gollapalli Reservoir,Andhra Pradesh SW,28,Andhra Pradesh,502,ANANTAPUR,ANANTAPUR,-,-,Pennar,Pennar,-,-,-,Pennar,14.19388889,77.57277778,09-05-2026 00:00,8
1526,Gollapalli Reservoir,Andhra Pradesh SW,28,Andhra Pradesh,502,ANANTAPUR,ANANTAPUR,-,-,Pennar,Pennar,-,-,-,Pennar,14.19388889,77.57277778,14-05-2026 19:00,0.5
1527,Gollapalli Reservoir,Andhra Pradesh SW,28,Andhra Pradesh,502,ANANTAPUR,ANANTAPUR,-,-,Pennar,Pennar,-,-,-,Pennar,14.19388889,77.57277778,14-05-2026 20:00,0.5
1528,Gollapalli Reservoir,Andhra Pradesh SW,28,Andhra Pradesh,502,ANANTAPUR,ANANTAPUR,-,-,Pennar,Pennar,-,-,-,Pennar,14.19388889,77.57277778,14-05-2026 22:00,0.5
1529,Gollapalli Reservoir,Andhra Pradesh SW,28,Andhra Pradesh,502,ANANTAPUR,ANANTAPUR,-,-,Pennar,Pennar,-,-,-,Pennar,14.19388889,77.57277778,14-05-2026 23:00,0.5
1530,Gollapalli Reservoir,Andhra Pradesh SW,28,Andhra Pradesh,502,ANANTAPUR,ANANTAPUR,-,-,Pennar,Pennar,-,-,-,Pennar,14.19388889,77.57277778,15-05-2026 01:00,0.5
1531,Gollapalli Reservoir,Andhra Pradesh SW,28,Andhra Pradesh,502,ANANTAPUR,ANANTAPUR,-,-,Pennar,Pennar,-,-,-,Pennar,14.19388889,77.57277778,15-05-2026 03:00,0.5
1532,Gollapalli Reservoir,Andhra Pradesh SW,28,Andhra Pradesh,502,ANANTAPUR,ANANTAPUR,-,-,Pennar,Pennar,-,-,-,Pennar,14.19388889,77.57277778,15-05-2026 04:00,0.5
1533,Gollapalli Reservoir,Andhra Pradesh SW,28,Andhra Pradesh,502,ANANTAPUR,ANANTAPUR,-,-,Pennar,Pennar,-,-,-,Pennar,14.19388889,77.57277778,15-05-2026 05:00,0.5
1534,Gollapalli Reservoir,Andhra Pradesh SW,28,Andhra Pradesh,502,ANANTAPUR,ANANTAPUR,-,-,Pennar,Pennar,-,-,-,Pennar,14.19388889,77.57277778,15-05-2026 06:00,0.5
1535,Gollapalli Reservoir,Andhra Pradesh SW,28,Andhra Pradesh,502,ANANTAPUR,ANANTAPUR,-,-,Pennar,Pennar,-,-,-,Pennar,14.19388889,77.57277778,15-05-2026 07:00,0.5
1536,Gollapalli Reservoir,Andhra Pradesh SW,28,Andhra Pradesh,502,ANANTAPUR,ANANTAPUR,-,-,Pennar,Pennar,-,-,-,Pennar,14.19388889,77.57277778,15-05-2026 08:00,0.5
1537,Gollapalli Reservoir,Andhra Pradesh SW,28,Andhra Pradesh,502,ANANTAPUR,ANANTAPUR,-,-,Pennar,Pennar,-,-,-,Pennar,14.19388889,77.57277778,15-05-2026 09:00,0.5
1538,Gollapalli Reservoir,Andhra Pradesh SW,28,Andhra Pradesh,502,ANANTAPUR,ANANTAPUR,-,-,Pennar,Pennar,-,-,-,Pennar,14.19388889,77.57277778,23-05-2026 19:00,0.5
1539,Gollapalli Reservoir,Andhra Pradesh SW,28,Andhra Pradesh,502,ANANTAPUR,ANANTAPUR,-,-,Pennar,Pennar,-,-,-,Pennar,14.19388889,77.57277778,23-05-2026 20:00,0.5
1540,Gollapalli Reservoir,Andhra Pradesh SW,28,Andhra Pradesh,502,ANANTAPUR,ANANTAPUR,-,-,Pennar,Pennar,-,-,-,Pennar,14.19388889,77.57277778,23-05-2026 22:00,0.5
1541,Gollapalli Reservoir,Andhra Pradesh SW,28,Andhra Pradesh,502,ANANTAPUR,ANANTAPUR,-,-,Pennar,Pennar,-,-,-,Pennar,14.19388889,77.57277778,23-05-2026 23:00,0.5
1542,Gollapalli Reservoir,Andhra Pradesh SW,28,Andhra Pradesh,502,ANANTAPUR,ANANTAPUR,-,-,Pennar,Pennar,-,-,-,Pennar,14.19388889,77.57277778,24-05-2026 02:00,0.5
1543,Gollapalli Reservoir,Andhra Pradesh SW,28,Andhra Pradesh,502,ANANTAPUR,ANANTAPUR,-,-,Pennar,Pennar,-,-,-,Pennar,14.19388889,77.57277778,25-05-2026 22:00,0.5
1544,Gollapalli Reservoir,Andhra Pradesh SW,28,Andhra Pradesh,502,ANANTAPUR,ANANTAPUR,-,-,Pennar,Pennar,-,-,-,Pennar,14.19388889,77.57277778,01-06-2026 01:00,12
1545,Gollapalli Reservoir,Andhra Pradesh SW,28,Andhra Pradesh,502,ANANTAPUR,ANANTAPUR,-,-,Pennar,Pennar,-,-,-,Pennar,14.19388889,77.57277778,01-06-2026 02:00,7.5
1546,Gollapalli Reservoir,Andhra Pradesh SW,28,Andhra Pradesh,502,ANANTAPUR,ANANTAPUR,-,-,Pennar,Pennar,-,-,-,Pennar,14.19388889,77.57277778,01-06-2026 03:00,7.5
1547,Gundlakamma Reservoir,Andhra Pradesh SW,28,Andhra Pradesh,517,PRAKASAM,MADDIPADU,-,-,Gundlakamma,East flowing rivers between Mahanadi and Pennar,-,-,-,Gundlakamma,15.67000000,79.97000000,14-01-2026 14:00,350.5
1548,Gundlakamma Reservoir,Andhra Pradesh SW,28,Andhra Pradesh,517,PRAKASAM,MADDIPADU,-,-,Gundlakamma,East flowing rivers between Mahanadi and Pennar,-,-,-,Gundlakamma,15.67000000,79.97000000,15-01-2026 12:00,341
1549,Gundlakamma Reservoir,Andhra Pradesh SW,28,Andhra Pradesh,517,PRAKASAM,MADDIPADU,-,-,Gundlakamma,East flowing rivers between Mahanadi and Pennar,-,-,-,Gundlakamma,15.67000000,79.97000000,20-01-2026 12:00,337.5
1550,Gundlakamma Reservoir,Andhra Pradesh SW,28,Andhra Pradesh,517,PRAKASAM,MADDIPADU,-,-,Gundlakamma,East flowing rivers between Mahanadi and Pennar,-,-,-,Gundlakamma,15.67000000,79.97000000,20-01-2026 13:00,347
1551,Gundlakamma Reservoir,Andhra Pradesh SW,28,Andhra Pradesh,517,PRAKASAM,MADDIPADU,-,-,Gundlakamma,East flowing rivers between Mahanadi and Pennar,-,-,-,Gundlakamma,15.67000000,79.97000000,21-01-2026 11:00,330.5
1552,Gundlakamma Reservoir,Andhra Pradesh SW,28,Andhra Pradesh,517,PRAKASAM,MADDIPADU,-,-,Gundlakamma,East flowing rivers between Mahanadi and Pennar,-,-,-,Gundlakamma,15.67000000,79.97000000,28-01-2026 09:00,311
1553,Gundlakamma Reservoir,Andhra Pradesh SW,28,Andhra Pradesh,517,PRAKASAM,MADDIPADU,-,-,Gundlakamma,East flowing rivers between Mahanadi and Pennar,-,-,-,Gundlakamma,15.67000000,79.97000000,29-01-2026 11:00,330.5
1554,Gundlakamma Reservoir,Andhra Pradesh SW,28,Andhra Pradesh,517,PRAKASAM,MADDIPADU,-,-,Gundlakamma,East flowing rivers between Mahanadi and Pennar,-,-,-,Gundlakamma,15.67000000,79.97000000,29-01-2026 12:00,340.5
1555,Gundlakamma Reservoir,Andhra Pradesh SW,28,Andhra Pradesh,517,PRAKASAM,MADDIPADU,-,-,Gundlakamma,East flowing rivers between Mahanadi and Pennar,-,-,-,Gundlakamma,15.67000000,79.97000000,30-01-2026 12:00,340.5
1556,Gundlakamma Reservoir,Andhra Pradesh SW,28,Andhra Pradesh,517,PRAKASAM,MADDIPADU,-,-,Gundlakamma,East flowing rivers between Mahanadi and Pennar,-,-,-,Gundlakamma,15.67000000,79.97000000,31-01-2026 10:00,257
1557,Gundlakamma Reservoir,Andhra Pradesh SW,28,Andhra Pradesh,517,PRAKASAM,MADDIPADU,-,-,Gundlakamma,East flowing rivers between Mahanadi and Pennar,-,-,-,Gundlakamma,15.67000000,79.97000000,01-02-2026 10:00,323
1558,Gundlakamma Reservoir,Andhra Pradesh SW,28,Andhra Pradesh,517,PRAKASAM,MADDIPADU,-,-,Gundlakamma,East flowing rivers between Mahanadi and Pennar,-,-,-,Gundlakamma,15.67000000,79.97000000,01-02-2026 12:00,338.5
1559,Gundlakamma Reservoir,Andhra Pradesh SW,28,Andhra Pradesh,517,PRAKASAM,MADDIPADU,-,-,Gundlakamma,East flowing rivers between Mahanadi and Pennar,-,-,-,Gundlakamma,15.67000000,79.97000000,01-02-2026 13:00,343.5
1560,Gundlakamma Reservoir,Andhra Pradesh SW,28,Andhra Pradesh,517,PRAKASAM,MADDIPADU,-,-,Gundlakamma,East flowing rivers between Mahanadi and Pennar,-,-,-,Gundlakamma,15.67000000,79.97000000,02-02-2026 09:00,311
1561,Gundlakamma Reservoir,Andhra Pradesh SW,28,Andhra Pradesh,517,PRAKASAM,MADDIPADU,-,-,Gundlakamma,East flowing rivers between Mahanadi and Pennar,-,-,-,Gundlakamma,15.67000000,79.97000000,02-02-2026 12:00,337
1562,Gundlakamma Reservoir,Andhra Pradesh SW,28,Andhra Pradesh,517,PRAKASAM,MADDIPADU,-,-,Gundlakamma,East flowing rivers between Mahanadi and Pennar,-,-,-,Gundlakamma,15.67000000,79.97000000,04-02-2026 12:00,341.5
1563,Gundlakamma Reservoir,Andhra Pradesh SW,28,Andhra Pradesh,517,PRAKASAM,MADDIPADU,-,-,Gundlakamma,East flowing rivers between Mahanadi and Pennar,-,-,-,Gundlakamma,15.67000000,79.97000000,05-02-2026 09:00,319.5
1564,Gundlakamma Reservoir,Andhra Pradesh SW,28,Andhra Pradesh,517,PRAKASAM,MADDIPADU,-,-,Gundlakamma,East flowing rivers between Mahanadi and Pennar,-,-,-,Gundlakamma,15.67000000,79.97000000,05-02-2026 15:00,346
1565,Gundlakamma Reservoir,Andhra Pradesh SW,28,Andhra Pradesh,517,PRAKASAM,MADDIPADU,-,-,Gundlakamma,East flowing rivers between Mahanadi and Pennar,-,-,-,Gundlakamma,15.67000000,79.97000000,06-02-2026 08:00,303.5
1566,Gundlakamma Reservoir,Andhra Pradesh SW,28,Andhra Pradesh,517,PRAKASAM,MADDIPADU,-,-,Gundlakamma,East flowing rivers between Mahanadi and Pennar,-,-,-,Gundlakamma,15.67000000,79.97000000,06-02-2026 11:00,335
1567,Gundlakamma Reservoir,Andhra Pradesh SW,28,Andhra Pradesh,517,PRAKASAM,MADDIPADU,-,-,Gundlakamma,East flowing rivers between Mahanadi and Pennar,-,-,-,Gundlakamma,15.67000000,79.97000000,06-02-2026 14:00,353
1568,Gundlakamma Reservoir,Andhra Pradesh SW,28,Andhra Pradesh,517,PRAKASAM,MADDIPADU,-,-,Gundlakamma,East flowing rivers between Mahanadi and Pennar,-,-,-,Gundlakamma,15.67000000,79.97000000,07-02-2026 09:00,316
1569,Gundlakamma Reservoir,Andhra Pradesh SW,28,Andhra Pradesh,517,PRAKASAM,MADDIPADU,-,-,Gundlakamma,East flowing rivers between Mahanadi and Pennar,-,-,-,Gundlakamma,15.67000000,79.97000000,08-02-2026 12:00,347
1570,Gundlakamma Reservoir,Andhra Pradesh SW,28,Andhra Pradesh,517,PRAKASAM,MADDIPADU,-,-,Gundlakamma,East flowing rivers between Mahanadi and Pennar,-,-,-,Gundlakamma,15.67000000,79.97000000,08-02-2026 13:00,356
1571,Gundlakamma Reservoir,Andhra Pradesh SW,28,Andhra Pradesh,517,PRAKASAM,MADDIPADU,-,-,Gundlakamma,East flowing rivers between Mahanadi and Pennar,-,-,-,Gundlakamma,15.67000000,79.97000000,09-02-2026 11:00,337.5
1572,Gundlakamma Reservoir,Andhra Pradesh SW,28,Andhra Pradesh,517,PRAKASAM,MADDIPADU,-,-,Gundlakamma,East flowing rivers between Mahanadi and Pennar,-,-,-,Gundlakamma,15.67000000,79.97000000,09-02-2026 12:00,350
1573,Gundlakamma Reservoir,Andhra Pradesh SW,28,Andhra Pradesh,517,PRAKASAM,MADDIPADU,-,-,Gundlakamma,East flowing rivers between Mahanadi and Pennar,-,-,-,Gundlakamma,15.67000000,79.97000000,09-02-2026 14:00,354.5
1574,Gundlakamma Reservoir,Andhra Pradesh SW,28,Andhra Pradesh,517,PRAKASAM,MADDIPADU,-,-,Gundlakamma,East flowing rivers between Mahanadi and Pennar,-,-,-,Gundlakamma,15.67000000,79.97000000,10-02-2026 09:00,317.5
1575,Gundlakamma Reservoir,Andhra Pradesh SW,28,Andhra Pradesh,517,PRAKASAM,MADDIPADU,-,-,Gundlakamma,East flowing rivers between Mahanadi and Pennar,-,-,-,Gundlakamma,15.67000000,79.97000000,11-02-2026 10:00,326
1576,Gundlakamma Reservoir,Andhra Pradesh SW,28,Andhra Pradesh,517,PRAKASAM,MADDIPADU,-,-,Gundlakamma,East flowing rivers between Mahanadi and Pennar,-,-,-,Gundlakamma,15.67000000,79.97000000,12-02-2026 08:00,305
1577,Gundlakamma Reservoir,Andhra Pradesh SW,28,Andhra Pradesh,517,PRAKASAM,MADDIPADU,-,-,Gundlakamma,East flowing rivers between Mahanadi and Pennar,-,-,-,Gundlakamma,15.67000000,79.97000000,12-02-2026 13:00,352
1578,Gundlakamma Reservoir,Andhra Pradesh SW,28,Andhra Pradesh,517,PRAKASAM,MADDIPADU,-,-,Gundlakamma,East flowing rivers between Mahanadi and Pennar,-,-,-,Gundlakamma,15.67000000,79.97000000,13-02-2026 09:00,316
1579,Gundlakamma Reservoir,Andhra Pradesh SW,28,Andhra Pradesh,517,PRAKASAM,MADDIPADU,-,-,Gundlakamma,East flowing rivers between Mahanadi and Pennar,-,-,-,Gundlakamma,15.67000000,79.97000000,13-02-2026 13:00,354.5
1580,Gundlakamma Reservoir,Andhra Pradesh SW,28,Andhra Pradesh,517,PRAKASAM,MADDIPADU,-,-,Gundlakamma,East flowing rivers between Mahanadi and Pennar,-,-,-,Gundlakamma,15.67000000,79.97000000,13-02-2026 16:00,345.5
1581,Gundlakamma Reservoir,Andhra Pradesh SW,28,Andhra Pradesh,517,PRAKASAM,MADDIPADU,-,-,Gundlakamma,East flowing rivers between Mahanadi and Pennar,-,-,-,Gundlakamma,15.67000000,79.97000000,14-02-2026 08:00,308.5
1582,Gundlakamma Reservoir,Andhra Pradesh SW,28,Andhra Pradesh,517,PRAKASAM,MADDIPADU,-,-,Gundlakamma,East flowing rivers between Mahanadi and Pennar,-,-,-,Gundlakamma,15.67000000,79.97000000,14-02-2026 09:00,315.5
1583,Gundlakamma Reservoir,Andhra Pradesh SW,28,Andhra Pradesh,517,PRAKASAM,MADDIPADU,-,-,Gundlakamma,East flowing rivers between Mahanadi and Pennar,-,-,-,Gundlakamma,15.67000000,79.97000000,14-02-2026 13:00,358.5
1584,Gundlakamma Reservoir,Andhra Pradesh SW,28,Andhra Pradesh,517,PRAKASAM,MADDIPADU,-,-,Gundlakamma,East flowing rivers between Mahanadi and Pennar,-,-,-,Gundlakamma,15.67000000,79.97000000,14-02-2026 15:00,359
1585,Gundlakamma Reservoir,Andhra Pradesh SW,28,Andhra Pradesh,517,PRAKASAM,MADDIPADU,-,-,Gundlakamma,East flowing rivers between Mahanadi and Pennar,-,-,-,Gundlakamma,15.67000000,79.97000000,14-02-2026 17:00,153
1586,Gundlakamma Reservoir,Andhra Pradesh SW,28,Andhra Pradesh,517,PRAKASAM,MADDIPADU,-,-,Gundlakamma,East flowing rivers between Mahanadi and Pennar,-,-,-,Gundlakamma,15.67000000,79.97000000,15-02-2026 10:00,331.5
1587,Gundlakamma Reservoir,Andhra Pradesh SW,28,Andhra Pradesh,517,PRAKASAM,MADDIPADU,-,-,Gundlakamma,East flowing rivers between Mahanadi and Pennar,-,-,-,Gundlakamma,15.67000000,79.97000000,15-02-2026 12:00,358
1588,Gundlakamma Reservoir,Andhra Pradesh SW,28,Andhra Pradesh,517,PRAKASAM,MADDIPADU,-,-,Gundlakamma,East flowing rivers between Mahanadi and Pennar,-,-,-,Gundlakamma,15.67000000,79.97000000,16-02-2026 08:00,305.5
1589,Gundlakamma Reservoir,Andhra Pradesh SW,28,Andhra Pradesh,517,PRAKASAM,MADDIPADU,-,-,Gundlakamma,East flowing rivers between Mahanadi and Pennar,-,-,-,Gundlakamma,15.67000000,79.97000000,16-02-2026 12:00,353
1590,Gundlakamma Reservoir,Andhra Pradesh SW,28,Andhra Pradesh,517,PRAKASAM,MADDIPADU,-,-,Gundlakamma,East flowing rivers between Mahanadi and Pennar,-,-,-,Gundlakamma,15.67000000,79.97000000,16-02-2026 13:00,357
1591,Gundlakamma Reservoir,Andhra Pradesh SW,28,Andhra Pradesh,517,PRAKASAM,MADDIPADU,-,-,Gundlakamma,East flowing rivers between Mahanadi and Pennar,-,-,-,Gundlakamma,15.67000000,79.97000000,16-02-2026 14:00,358.5
1592,Gundlakamma Reservoir,Andhra Pradesh SW,28,Andhra Pradesh,517,PRAKASAM,MADDIPADU,-,-,Gundlakamma,East flowing rivers between Mahanadi and Pennar,-,-,-,Gundlakamma,15.67000000,79.97000000,16-02-2026 15:00,358.5
1593,Gundlakamma Reservoir,Andhra Pradesh SW,28,Andhra Pradesh,517,PRAKASAM,MADDIPADU,-,-,Gundlakamma,East flowing rivers between Mahanadi and Pennar,-,-,-,Gundlakamma,15.67000000,79.97000000,17-02-2026 08:00,311
1594,Gundlakamma Reservoir,Andhra Pradesh SW,28,Andhra Pradesh,517,PRAKASAM,MADDIPADU,-,-,Gundlakamma,East flowing rivers between Mahanadi and Pennar,-,-,-,Gundlakamma,15.67000000,79.97000000,17-02-2026 11:00,339.5
1595,Gundlakamma Reservoir,Andhra Pradesh SW,28,Andhra Pradesh,517,PRAKASAM,MADDIPADU,-,-,Gundlakamma,East flowing rivers between Mahanadi and Pennar,-,-,-,Gundlakamma,15.67000000,79.97000000,17-02-2026 12:00,348.5
1596,Gundlakamma Reservoir,Andhra Pradesh SW,28,Andhra Pradesh,517,PRAKASAM,MADDIPADU,-,-,Gundlakamma,East flowing rivers between Mahanadi and Pennar,-,-,-,Gundlakamma,15.67000000,79.97000000,17-02-2026 13:00,352
1597,Gundlakamma Reservoir,Andhra Pradesh SW,28,Andhra Pradesh,517,PRAKASAM,MADDIPADU,-,-,Gundlakamma,East flowing rivers between Mahanadi and Pennar,-,-,-,Gundlakamma,15.67000000,79.97000000,18-02-2026 11:00,336.5
1598,Gundlakamma Reservoir,Andhra Pradesh SW,28,Andhra Pradesh,517,PRAKASAM,MADDIPADU,-,-,Gundlakamma,East flowing rivers between Mahanadi and Pennar,-,-,-,Gundlakamma,15.67000000,79.97000000,20-02-2026 10:00,333
1599,Gundlakamma Reservoir,Andhra Pradesh SW,28,Andhra Pradesh,517,PRAKASAM,MADDIPADU,-,-,Gundlakamma,East flowing rivers between Mahanadi and Pennar,-,-,-,Gundlakamma,15.67000000,79.97000000,20-02-2026 14:00,360
1600,Gundlakamma Reservoir,Andhra Pradesh SW,28,Andhra Pradesh,517,PRAKASAM,MADDIPADU,-,-,Gundlakamma,East flowing rivers between Mahanadi and Pennar,-,-,-,Gundlakamma,15.67000000,79.97000000,21-02-2026 09:00,326
1601,Gundlakamma Reservoir,Andhra Pradesh SW,28,Andhra Pradesh,517,PRAKASAM,MADDIPADU,-,-,Gundlakamma,East flowing rivers between Mahanadi and Pennar,-,-,-,Gundlakamma,15.67000000,79.97000000,22-02-2026 12:00,356.5
1602,Gundlakamma Reservoir,Andhra Pradesh SW,28,Andhra Pradesh,517,PRAKASAM,MADDIPADU,-,-,Gundlakamma,East flowing rivers between Mahanadi and Pennar,-,-,-,Gundlakamma,15.67000000,79.97000000,23-02-2026 10:00,342
1603,Gundlakamma Reservoir,Andhra Pradesh SW,28,Andhra Pradesh,517,PRAKASAM,MADDIPADU,-,-,Gundlakamma,East flowing rivers between Mahanadi and Pennar,-,-,-,Gundlakamma,15.67000000,79.97000000,23-02-2026 11:00,349.5
1604,Gundlakamma Reservoir,Andhra Pradesh SW,28,Andhra Pradesh,517,PRAKASAM,MADDIPADU,-,-,Gundlakamma,East flowing rivers between Mahanadi and Pennar,-,-,-,Gundlakamma,15.67000000,79.97000000,23-02-2026 13:00,360
1605,Gundlakamma Reservoir,Andhra Pradesh SW,28,Andhra Pradesh,517,PRAKASAM,MADDIPADU,-,-,Gundlakamma,East flowing rivers between Mahanadi and Pennar,-,-,-,Gundlakamma,15.67000000,79.97000000,23-02-2026 14:00,367
1606,Gundlakamma Reservoir,Andhra Pradesh SW,28,Andhra Pradesh,517,PRAKASAM,MADDIPADU,-,-,Gundlakamma,East flowing rivers between Mahanadi and Pennar,-,-,-,Gundlakamma,15.67000000,79.97000000,24-02-2026 14:00,335.5
1607,Gundlakamma Reservoir,Andhra Pradesh SW,28,Andhra Pradesh,517,PRAKASAM,MADDIPADU,-,-,Gundlakamma,East flowing rivers between Mahanadi and Pennar,-,-,-,Gundlakamma,15.67000000,79.97000000,27-02-2026 07:00,0.5
1608,Gundlakamma Reservoir,Andhra Pradesh SW,28,Andhra Pradesh,517,PRAKASAM,MADDIPADU,-,-,Gundlakamma,East flowing rivers between Mahanadi and Pennar,-,-,-,Gundlakamma,15.67000000,79.97000000,07-03-2026 06:00,0.5
1609,Gundlakamma Reservoir,Andhra Pradesh SW,28,Andhra Pradesh,517,PRAKASAM,MADDIPADU,-,-,Gundlakamma,East flowing rivers between Mahanadi and Pennar,-,-,-,Gundlakamma,15.67000000,79.97000000,10-03-2026 17:00,6.5
1610,Gundlakamma Reservoir,Andhra Pradesh SW,28,Andhra Pradesh,517,PRAKASAM,MADDIPADU,-,-,Gundlakamma,East flowing rivers between Mahanadi and Pennar,-,-,-,Gundlakamma,15.67000000,79.97000000,11-03-2026 19:00,0.5
1611,Gundlakamma Reservoir,Andhra Pradesh SW,28,Andhra Pradesh,517,PRAKASAM,MADDIPADU,-,-,Gundlakamma,East flowing rivers between Mahanadi and Pennar,-,-,-,Gundlakamma,15.67000000,79.97000000,12-03-2026 16:00,1
1612,Gundlakamma Reservoir,Andhra Pradesh SW,28,Andhra Pradesh,517,PRAKASAM,MADDIPADU,-,-,Gundlakamma,East flowing rivers between Mahanadi and Pennar,-,-,-,Gundlakamma,15.67000000,79.97000000,14-03-2026 14:00,3.5
1613,Gundlakamma Reservoir,Andhra Pradesh SW,28,Andhra Pradesh,517,PRAKASAM,MADDIPADU,-,-,Gundlakamma,East flowing rivers between Mahanadi and Pennar,-,-,-,Gundlakamma,15.67000000,79.97000000,19-03-2026 10:00,345.5
1614,Gundlakamma Reservoir,Andhra Pradesh SW,28,Andhra Pradesh,517,PRAKASAM,MADDIPADU,-,-,Gundlakamma,East flowing rivers between Mahanadi and Pennar,-,-,-,Gundlakamma,15.67000000,79.97000000,19-03-2026 15:00,2.5
1615,Gundlakamma Reservoir,Andhra Pradesh SW,28,Andhra Pradesh,517,PRAKASAM,MADDIPADU,-,-,Gundlakamma,East flowing rivers between Mahanadi and Pennar,-,-,-,Gundlakamma,15.67000000,79.97000000,20-03-2026 08:00,319.5
1616,Gundlakamma Reservoir,Andhra Pradesh SW,28,Andhra Pradesh,517,PRAKASAM,MADDIPADU,-,-,Gundlakamma,East flowing rivers between Mahanadi and Pennar,-,-,-,Gundlakamma,15.67000000,79.97000000,20-03-2026 09:00,54
1617,Gundlakamma Reservoir,Andhra Pradesh SW,28,Andhra Pradesh,517,PRAKASAM,MADDIPADU,-,-,Gundlakamma,East flowing rivers between Mahanadi and Pennar,-,-,-,Gundlakamma,15.67000000,79.97000000,21-03-2026 08:00,-332
1618,Gundlakamma Reservoir,Andhra Pradesh SW,28,Andhra Pradesh,517,PRAKASAM,MADDIPADU,-,-,Gundlakamma,East flowing rivers between Mahanadi and Pennar,-,-,-,Gundlakamma,15.67000000,79.97000000,22-03-2026 13:00,369
1619,Gundlakamma Reservoir,Andhra Pradesh SW,28,Andhra Pradesh,517,PRAKASAM,MADDIPADU,-,-,Gundlakamma,East flowing rivers between Mahanadi and Pennar,-,-,-,Gundlakamma,15.67000000,79.97000000,23-03-2026 12:00,368.5
1620,Gundlakamma Reservoir,Andhra Pradesh SW,28,Andhra Pradesh,517,PRAKASAM,MADDIPADU,-,-,Gundlakamma,East flowing rivers between Mahanadi and Pennar,-,-,-,Gundlakamma,15.67000000,79.97000000,23-03-2026 13:00,370.5
1621,Gundlakamma Reservoir,Andhra Pradesh SW,28,Andhra Pradesh,517,PRAKASAM,MADDIPADU,-,-,Gundlakamma,East flowing rivers between Mahanadi and Pennar,-,-,-,Gundlakamma,15.67000000,79.97000000,23-03-2026 15:00,368
1622,Gundlakamma Reservoir,Andhra Pradesh SW,28,Andhra Pradesh,517,PRAKASAM,MADDIPADU,-,-,Gundlakamma,East flowing rivers between Mahanadi and Pennar,-,-,-,Gundlakamma,15.67000000,79.97000000,24-03-2026 09:00,338
1623,Gundlakamma Reservoir,Andhra Pradesh SW,28,Andhra Pradesh,517,PRAKASAM,MADDIPADU,-,-,Gundlakamma,East flowing rivers between Mahanadi and Pennar,-,-,-,Gundlakamma,15.67000000,79.97000000,15-04-2026 09:00,345.5
1624,Gundlakamma Reservoir,Andhra Pradesh SW,28,Andhra Pradesh,517,PRAKASAM,MADDIPADU,-,-,Gundlakamma,East flowing rivers between Mahanadi and Pennar,-,-,-,Gundlakamma,15.67000000,79.97000000,16-04-2026 09:00,349.5
1625,Gundlakamma Reservoir,Andhra Pradesh SW,28,Andhra Pradesh,517,PRAKASAM,MADDIPADU,-,-,Gundlakamma,East flowing rivers between Mahanadi and Pennar,-,-,-,Gundlakamma,15.67000000,79.97000000,17-04-2026 08:00,339.5
1626,Gundlakamma Reservoir,Andhra Pradesh SW,28,Andhra Pradesh,517,PRAKASAM,MADDIPADU,-,-,Gundlakamma,East flowing rivers between Mahanadi and Pennar,-,-,-,Gundlakamma,15.67000000,79.97000000,18-04-2026 08:00,336
1627,Gundlakamma Reservoir,Andhra Pradesh SW,28,Andhra Pradesh,517,PRAKASAM,MADDIPADU,-,-,Gundlakamma,East flowing rivers between Mahanadi and Pennar,-,-,-,Gundlakamma,15.67000000,79.97000000,18-04-2026 14:00,384.5
1628,Gundlakamma Reservoir,Andhra Pradesh SW,28,Andhra Pradesh,517,PRAKASAM,MADDIPADU,-,-,Gundlakamma,East flowing rivers between Mahanadi and Pennar,-,-,-,Gundlakamma,15.67000000,79.97000000,19-04-2026 08:00,337.5
1629,Gundlakamma Reservoir,Andhra Pradesh SW,28,Andhra Pradesh,517,PRAKASAM,MADDIPADU,-,-,Gundlakamma,East flowing rivers between Mahanadi and Pennar,-,-,-,Gundlakamma,15.67000000,79.97000000,19-04-2026 12:00,381
1630,Gundlakamma Reservoir,Andhra Pradesh SW,28,Andhra Pradesh,517,PRAKASAM,MADDIPADU,-,-,Gundlakamma,East flowing rivers between Mahanadi and Pennar,-,-,-,Gundlakamma,15.67000000,79.97000000,20-04-2026 08:00,345.5
1631,Gundlakamma Reservoir,Andhra Pradesh SW,28,Andhra Pradesh,517,PRAKASAM,MADDIPADU,-,-,Gundlakamma,East flowing rivers between Mahanadi and Pennar,-,-,-,Gundlakamma,15.67000000,79.97000000,21-04-2026 08:00,337.5
1632,Gundlakamma Reservoir,Andhra Pradesh SW,28,Andhra Pradesh,517,PRAKASAM,MADDIPADU,-,-,Gundlakamma,East flowing rivers between Mahanadi and Pennar,-,-,-,Gundlakamma,15.67000000,79.97000000,21-04-2026 12:00,388.5
1633,Gundlakamma Reservoir,Andhra Pradesh SW,28,Andhra Pradesh,517,PRAKASAM,MADDIPADU,-,-,Gundlakamma,East flowing rivers between Mahanadi and Pennar,-,-,-,Gundlakamma,15.67000000,79.97000000,22-04-2026 08:00,343.5
1634,Gundlakamma Reservoir,Andhra Pradesh SW,28,Andhra Pradesh,517,PRAKASAM,MADDIPADU,-,-,Gundlakamma,East flowing rivers between Mahanadi and Pennar,-,-,-,Gundlakamma,15.67000000,79.97000000,23-04-2026 09:00,351
1635,Gundlakamma Reservoir,Andhra Pradesh SW,28,Andhra Pradesh,517,PRAKASAM,MADDIPADU,-,-,Gundlakamma,East flowing rivers between Mahanadi and Pennar,-,-,-,Gundlakamma,15.67000000,79.97000000,24-04-2026 08:00,340
1636,Gundlakamma Reservoir,Andhra Pradesh SW,28,Andhra Pradesh,517,PRAKASAM,MADDIPADU,-,-,Gundlakamma,East flowing rivers between Mahanadi and Pennar,-,-,-,Gundlakamma,15.67000000,79.97000000,24-04-2026 11:00,376.5
1637,Gundlakamma Reservoir,Andhra Pradesh SW,28,Andhra Pradesh,517,PRAKASAM,MADDIPADU,-,-,Gundlakamma,East flowing rivers between Mahanadi and Pennar,-,-,-,Gundlakamma,15.67000000,79.97000000,24-04-2026 14:00,384.5
1638,Gundlakamma Reservoir,Andhra Pradesh SW,28,Andhra Pradesh,517,PRAKASAM,MADDIPADU,-,-,Gundlakamma,East flowing rivers between Mahanadi and Pennar,-,-,-,Gundlakamma,15.67000000,79.97000000,25-04-2026 09:00,351.5
1639,Gundlakamma Reservoir,Andhra Pradesh SW,28,Andhra Pradesh,517,PRAKASAM,MADDIPADU,-,-,Gundlakamma,East flowing rivers between Mahanadi and Pennar,-,-,-,Gundlakamma,15.67000000,79.97000000,26-04-2026 08:00,337.5
1640,Gundlakamma Reservoir,Andhra Pradesh SW,28,Andhra Pradesh,517,PRAKASAM,MADDIPADU,-,-,Gundlakamma,East flowing rivers between Mahanadi and Pennar,-,-,-,Gundlakamma,15.67000000,79.97000000,27-04-2026 10:00,360.5
1641,Gundlakamma Reservoir,Andhra Pradesh SW,28,Andhra Pradesh,517,PRAKASAM,MADDIPADU,-,-,Gundlakamma,East flowing rivers between Mahanadi and Pennar,-,-,-,Gundlakamma,15.67000000,79.97000000,27-04-2026 13:00,395
1642,Gundlakamma Reservoir,Andhra Pradesh SW,28,Andhra Pradesh,517,PRAKASAM,MADDIPADU,-,-,Gundlakamma,East flowing rivers between Mahanadi and Pennar,-,-,-,Gundlakamma,15.67000000,79.97000000,27-04-2026 14:00,147
1643,Gundlakamma Reservoir,Andhra Pradesh SW,28,Andhra Pradesh,517,PRAKASAM,MADDIPADU,-,-,Gundlakamma,East flowing rivers between Mahanadi and Pennar,-,-,-,Gundlakamma,15.67000000,79.97000000,28-04-2026 09:00,352.5
1644,Gundlakamma Reservoir,Andhra Pradesh SW,28,Andhra Pradesh,517,PRAKASAM,MADDIPADU,-,-,Gundlakamma,East flowing rivers between Mahanadi and Pennar,-,-,-,Gundlakamma,15.67000000,79.97000000,28-04-2026 13:00,392.5
1645,Gundlakamma Reservoir,Andhra Pradesh SW,28,Andhra Pradesh,517,PRAKASAM,MADDIPADU,-,-,Gundlakamma,East flowing rivers between Mahanadi and Pennar,-,-,-,Gundlakamma,15.67000000,79.97000000,29-04-2026 10:00,359
1646,Gundlakamma Reservoir,Andhra Pradesh SW,28,Andhra Pradesh,517,PRAKASAM,MADDIPADU,-,-,Gundlakamma,East flowing rivers between Mahanadi and Pennar,-,-,-,Gundlakamma,15.67000000,79.97000000,29-04-2026 12:00,377
1647,Gundlakamma Reservoir,Andhra Pradesh SW,28,Andhra Pradesh,517,PRAKASAM,MADDIPADU,-,-,Gundlakamma,East flowing rivers between Mahanadi and Pennar,-,-,-,Gundlakamma,15.67000000,79.97000000,30-04-2026 09:00,357.5
1648,Gundlakamma Reservoir,Andhra Pradesh SW,28,Andhra Pradesh,517,PRAKASAM,MADDIPADU,-,-,Gundlakamma,East flowing rivers between Mahanadi and Pennar,-,-,-,Gundlakamma,15.67000000,79.97000000,30-04-2026 10:00,369.5
1649,Gundlakamma Reservoir,Andhra Pradesh SW,28,Andhra Pradesh,517,PRAKASAM,MADDIPADU,-,-,Gundlakamma,East flowing rivers between Mahanadi and Pennar,-,-,-,Gundlakamma,15.67000000,79.97000000,30-04-2026 11:00,386
1650,Gundlakamma Reservoir,Andhra Pradesh SW,28,Andhra Pradesh,517,PRAKASAM,MADDIPADU,-,-,Gundlakamma,East flowing rivers between Mahanadi and Pennar,-,-,-,Gundlakamma,15.67000000,79.97000000,30-04-2026 12:00,390
1651,Gundlakamma Reservoir,Andhra Pradesh SW,28,Andhra Pradesh,517,PRAKASAM,MADDIPADU,-,-,Gundlakamma,East flowing rivers between Mahanadi and Pennar,-,-,-,Gundlakamma,15.67000000,79.97000000,30-04-2026 13:00,398
1652,Gundlakamma Reservoir,Andhra Pradesh SW,28,Andhra Pradesh,517,PRAKASAM,MADDIPADU,-,-,Gundlakamma,East flowing rivers between Mahanadi and Pennar,-,-,-,Gundlakamma,15.67000000,79.97000000,30-04-2026 14:00,404
1653,Gundlakamma Reservoir,Andhra Pradesh SW,28,Andhra Pradesh,517,PRAKASAM,MADDIPADU,-,-,Gundlakamma,East flowing rivers between Mahanadi and Pennar,-,-,-,Gundlakamma,15.67000000,79.97000000,01-05-2026 07:00,378
1654,Gundlakamma Reservoir,Andhra Pradesh SW,28,Andhra Pradesh,517,PRAKASAM,MADDIPADU,-,-,Gundlakamma,East flowing rivers between Mahanadi and Pennar,-,-,-,Gundlakamma,15.67000000,79.97000000,01-05-2026 12:00,388
1655,Gundlakamma Reservoir,Andhra Pradesh SW,28,Andhra Pradesh,517,PRAKASAM,MADDIPADU,-,-,Gundlakamma,East flowing rivers between Mahanadi and Pennar,-,-,-,Gundlakamma,15.67000000,79.97000000,01-05-2026 14:00,400
1656,Gundlakamma Reservoir,Andhra Pradesh SW,28,Andhra Pradesh,517,PRAKASAM,MADDIPADU,-,-,Gundlakamma,East flowing rivers between Mahanadi and Pennar,-,-,-,Gundlakamma,15.67000000,79.97000000,03-05-2026 21:00,5
1657,Gundlakamma Reservoir,Andhra Pradesh SW,28,Andhra Pradesh,517,PRAKASAM,MADDIPADU,-,-,Gundlakamma,East flowing rivers between Mahanadi and Pennar,-,-,-,Gundlakamma,15.67000000,79.97000000,04-05-2026 00:00,0.5
1658,Gundlakamma Reservoir,Andhra Pradesh SW,28,Andhra Pradesh,517,PRAKASAM,MADDIPADU,-,-,Gundlakamma,East flowing rivers between Mahanadi and Pennar,-,-,-,Gundlakamma,15.67000000,79.97000000,21-05-2026 22:00,4.5
1659,Gundlakamma Reservoir,Andhra Pradesh SW,28,Andhra Pradesh,517,PRAKASAM,MADDIPADU,-,-,Gundlakamma,East flowing rivers between Mahanadi and Pennar,-,-,-,Gundlakamma,15.67000000,79.97000000,22-05-2026 01:00,0.5
1660,Gundlakamma Reservoir,Andhra Pradesh SW,28,Andhra Pradesh,517,PRAKASAM,MADDIPADU,-,-,Gundlakamma,East flowing rivers between Mahanadi and Pennar,-,-,-,Gundlakamma,15.67000000,79.97000000,23-05-2026 03:00,1
1661,Gundlakamma Reservoir,Andhra Pradesh SW,28,Andhra Pradesh,517,PRAKASAM,MADDIPADU,-,-,Gundlakamma,East flowing rivers between Mahanadi and Pennar,-,-,-,Gundlakamma,15.67000000,79.97000000,23-05-2026 04:00,1
1662,Gundlakamma Reservoir,Andhra Pradesh SW,28,Andhra Pradesh,517,PRAKASAM,MADDIPADU,-,-,Gundlakamma,East flowing rivers between Mahanadi and Pennar,-,-,-,Gundlakamma,15.67000000,79.97000000,23-05-2026 05:00,0.5
1663,Gundlakamma Reservoir,Andhra Pradesh SW,28,Andhra Pradesh,517,PRAKASAM,MADDIPADU,-,-,Gundlakamma,East flowing rivers between Mahanadi and Pennar,-,-,-,Gundlakamma,15.67000000,79.97000000,29-05-2026 00:00,0.5
1664,Gundlakamma Reservoir,Andhra Pradesh SW,28,Andhra Pradesh,517,PRAKASAM,MADDIPADU,-,-,Gundlakamma,East flowing rivers between Mahanadi and Pennar,-,-,-,Gundlakamma,15.67000000,79.97000000,29-05-2026 01:00,1.5
1665,Gundlakamma Reservoir,Andhra Pradesh SW,28,Andhra Pradesh,517,PRAKASAM,MADDIPADU,-,-,Gundlakamma,East flowing rivers between Mahanadi and Pennar,-,-,-,Gundlakamma,15.67000000,79.97000000,29-05-2026 02:00,1
1666,Gundlakamma Reservoir,Andhra Pradesh SW,28,Andhra Pradesh,517,PRAKASAM,MADDIPADU,-,-,Gundlakamma,East flowing rivers between Mahanadi and Pennar,-,-,-,Gundlakamma,15.67000000,79.97000000,23-06-2026 10:00,0.5
1667,Gundlakamma Reservoir,Andhra Pradesh SW,28,Andhra Pradesh,517,PRAKASAM,MADDIPADU,-,-,Gundlakamma,East flowing rivers between Mahanadi and Pennar,-,-,-,Gundlakamma,15.67000000,79.97000000,01-07-2026 10:00,0.5
1668,Gundlakamma Reservoir,Andhra Pradesh SW,28,Andhra Pradesh,517,PRAKASAM,MADDIPADU,-,-,Gundlakamma,East flowing rivers between Mahanadi and Pennar,-,-,-,Gundlakamma,15.67000000,79.97000000,25-08-2026 10:00,356
1669,Gundlakamma Reservoir,Andhra Pradesh SW,28,Andhra Pradesh,517,PRAKASAM,MADDIPADU,-,-,Gundlakamma,East flowing rivers between Mahanadi and Pennar,-,-,-,Gundlakamma,15.67000000,79.97000000,25-08-2026 12:00,368.5
1670,Gundlakamma Reservoir,Andhra Pradesh SW,28,Andhra Pradesh,517,PRAKASAM,MADDIPADU,-,-,Gundlakamma,East flowing rivers between Mahanadi and Pennar,-,-,-,Gundlakamma,15.67000000,79.97000000,26-08-2026 12:00,368.5
1671,Gundlakamma Reservoir,Andhra Pradesh SW,28,Andhra Pradesh,517,PRAKASAM,MADDIPADU,-,-,Gundlakamma,East flowing rivers between Mahanadi and Pennar,-,-,-,Gundlakamma,15.67000000,79.97000000,27-08-2026 12:00,370
1672,Jalleru @ Doramamidi,Andhra Pradesh SW,28,Andhra Pradesh,523,WEST GODAVARI,-,-,-,-,-,-,-,-,-,17.29000000,81.35000000,12-02-2026 09:00,0.5
1673,Jalleru @ Doramamidi,Andhra Pradesh SW,28,Andhra Pradesh,523,WEST GODAVARI,-,-,-,-,-,-,-,-,-,17.29000000,81.35000000,24-02-2026 02:00,0.5
1674,Jalleru @ Doramamidi,Andhra Pradesh SW,28,Andhra Pradesh,523,WEST GODAVARI,-,-,-,-,-,-,-,-,-,17.29000000,81.35000000,24-02-2026 03:00,0.5
1675,Jalleru @ Doramamidi,Andhra Pradesh SW,28,Andhra Pradesh,523,WEST GODAVARI,-,-,-,-,-,-,-,-,-,17.29000000,81.35000000,24-02-2026 03:00,0.5
1676,Jalleru @ Doramamidi,Andhra Pradesh SW,28,Andhra Pradesh,523,WEST GODAVARI,-,-,-,-,-,-,-,-,-,17.29000000,81.35000000,22-03-2026 19:00,2
1677,Jalleru @ Doramamidi,Andhra Pradesh SW,28,Andhra Pradesh,523,WEST GODAVARI,-,-,-,-,-,-,-,-,-,17.29000000,81.35000000,22-03-2026 19:00,2
1678,Jalleru @ Doramamidi,Andhra Pradesh SW,28,Andhra Pradesh,523,WEST GODAVARI,-,-,-,-,-,-,-,-,-,17.29000000,81.35000000,24-03-2026 07:00,80
1679,Jalleru @ Doramamidi,Andhra Pradesh SW,28,Andhra Pradesh,523,WEST GODAVARI,-,-,-,-,-,-,-,-,-,17.29000000,81.35000000,28-03-2026 07:00,1.5
1680,Jalleru @ Doramamidi,Andhra Pradesh SW,28,Andhra Pradesh,523,WEST GODAVARI,-,-,-,-,-,-,-,-,-,17.29000000,81.35000000,28-03-2026 08:00,1.5
1681,Jalleru @ Doramamidi,Andhra Pradesh SW,28,Andhra Pradesh,523,WEST GODAVARI,-,-,-,-,-,-,-,-,-,17.29000000,81.35000000,06-04-2026 09:00,10.5
1682,Jalleru @ Doramamidi,Andhra Pradesh SW,28,Andhra Pradesh,523,WEST GODAVARI,-,-,-,-,-,-,-,-,-,17.29000000,81.35000000,06-04-2026 10:00,1.5
1683,Jalleru @ Doramamidi,Andhra Pradesh SW,28,Andhra Pradesh,523,WEST GODAVARI,-,-,-,-,-,-,-,-,-,17.29000000,81.35000000,06-04-2026 11:00,1
1684,Jalleru @ Doramamidi,Andhra Pradesh SW,28,Andhra Pradesh,523,WEST GODAVARI,-,-,-,-,-,-,-,-,-,17.29000000,81.35000000,06-04-2026 12:00,0.5
1685,Jalleru @ Doramamidi,Andhra Pradesh SW,28,Andhra Pradesh,523,WEST GODAVARI,-,-,-,-,-,-,-,-,-,17.29000000,81.35000000,06-04-2026 13:00,0.5
1686,Jalleru @ Doramamidi,Andhra Pradesh SW,28,Andhra Pradesh,523,WEST GODAVARI,-,-,-,-,-,-,-,-,-,17.29000000,81.35000000,06-04-2026 23:00,0.5
1687,Jalleru @ Doramamidi,Andhra Pradesh SW,28,Andhra Pradesh,523,WEST GODAVARI,-,-,-,-,-,-,-,-,-,17.29000000,81.35000000,18-04-2026 20:00,78
1688,Jalleru @ Doramamidi,Andhra Pradesh SW,28,Andhra Pradesh,523,WEST GODAVARI,-,-,-,-,-,-,-,-,-,17.29000000,81.35000000,09-05-2026 15:00,0.5
1689,Jalleru @ Doramamidi,Andhra Pradesh SW,28,Andhra Pradesh,523,WEST GODAVARI,-,-,-,-,-,-,-,-,-,17.29000000,81.35000000,09-05-2026 16:00,1
1690,Jalleru @ Doramamidi,Andhra Pradesh SW,28,Andhra Pradesh,523,WEST GODAVARI,-,-,-,-,-,-,-,-,-,17.29000000,81.35000000,09-05-2026 21:00,0.5
1691,Jalleru @ Doramamidi,Andhra Pradesh SW,28,Andhra Pradesh,523,WEST GODAVARI,-,-,-,-,-,-,-,-,-,17.29000000,81.35000000,26-05-2026 23:00,0.5
1692,Jalleru @ Doramamidi,Andhra Pradesh SW,28,Andhra Pradesh,523,WEST GODAVARI,-,-,-,-,-,-,-,-,-,17.29000000,81.35000000,28-05-2026 02:00,0.5
1693,Jalleru @ Doramamidi,Andhra Pradesh SW,28,Andhra Pradesh,523,WEST GODAVARI,-,-,-,-,-,-,-,-,-,17.29000000,81.35000000,28-05-2026 03:00,0.5
1694,Jalleru @ Doramamidi,Andhra Pradesh SW,28,Andhra Pradesh,523,WEST GODAVARI,-,-,-,-,-,-,-,-,-,17.29000000,81.35000000,28-05-2026 07:00,0.5
1695,Jalleru @ Doramamidi,Andhra Pradesh SW,28,Andhra Pradesh,523,WEST GODAVARI,-,-,-,-,-,-,-,-,-,17.29000000,81.35000000,31-05-2026 16:00,0.5
1696,Jalleru @ Doramamidi,Andhra Pradesh SW,28,Andhra Pradesh,523,WEST GODAVARI,-,-,-,-,-,-,-,-,-,17.29000000,81.35000000,01-06-2026 12:00,0.5
1697,Jalleru @ Doramamidi,Andhra Pradesh SW,28,Andhra Pradesh,523,WEST GODAVARI,-,-,-,-,-,-,-,-,-,17.29000000,81.35000000,01-06-2026 16:00,0.5
1698,Jalleru @ Doramamidi,Andhra Pradesh SW,28,Andhra Pradesh,523,WEST GODAVARI,-,-,-,-,-,-,-,-,-,17.29000000,81.35000000,02-06-2026 01:00,0.5
1699,Jalleru @ Doramamidi,Andhra Pradesh SW,28,Andhra Pradesh,523,WEST GODAVARI,-,-,-,-,-,-,-,-,-,17.29000000,81.35000000,02-06-2026 20:00,0.5
1700,Jalleru @ Doramamidi,Andhra Pradesh SW,28,Andhra Pradesh,523,WEST GODAVARI,-,-,-,-,-,-,-,-,-,17.29000000,81.35000000,02-06-2026 23:00,0.5
1701,Jalleru @ Doramamidi,Andhra Pradesh SW,28,Andhra Pradesh,523,WEST GODAVARI,-,-,-,-,-,-,-,-,-,17.29000000,81.35000000,03-06-2026 01:00,0.5
1702,Jalleru @ Doramamidi,Andhra Pradesh SW,28,Andhra Pradesh,523,WEST GODAVARI,-,-,-,-,-,-,-,-,-,17.29000000,81.35000000,03-06-2026 03:00,0.5
1703,Jalleru @ Doramamidi,Andhra Pradesh SW,28,Andhra Pradesh,523,WEST GODAVARI,-,-,-,-,-,-,-,-,-,17.29000000,81.35000000,03-06-2026 04:00,0.5
1704,Jalleru @ Doramamidi,Andhra Pradesh SW,28,Andhra Pradesh,523,WEST GODAVARI,-,-,-,-,-,-,-,-,-,17.29000000,81.35000000,03-06-2026 07:00,0.5
1705,Jalleru @ Doramamidi,Andhra Pradesh SW,28,Andhra Pradesh,523,WEST GODAVARI,-,-,-,-,-,-,-,-,-,17.29000000,81.35000000,03-06-2026 11:00,0.5
1706,Jalleru @ Doramamidi,Andhra Pradesh SW,28,Andhra Pradesh,523,WEST GODAVARI,-,-,-,-,-,-,-,-,-,17.29000000,81.35000000,03-06-2026 13:00,1
1707,Jalleru @ Doramamidi,Andhra Pradesh SW,28,Andhra Pradesh,523,WEST GODAVARI,-,-,-,-,-,-,-,-,-,17.29000000,81.35000000,03-06-2026 14:00,1
1708,Jalleru @ Doramamidi,Andhra Pradesh SW,28,Andhra Pradesh,523,WEST GODAVARI,-,-,-,-,-,-,-,-,-,17.29000000,81.35000000,03-06-2026 15:00,1.5
1709,Jalleru @ Doramamidi,Andhra Pradesh SW,28,Andhra Pradesh,523,WEST GODAVARI,-,-,-,-,-,-,-,-,-,17.29000000,81.35000000,03-06-2026 16:00,1.5
1710,Jalleru @ Doramamidi,Andhra Pradesh SW,28,Andhra Pradesh,523,WEST GODAVARI,-,-,-,-,-,-,-,-,-,17.29000000,81.35000000,03-06-2026 17:00,1
1711,Jalleru @ Doramamidi,Andhra Pradesh SW,28,Andhra Pradesh,523,WEST GODAVARI,-,-,-,-,-,-,-,-,-,17.29000000,81.35000000,03-06-2026 18:00,1
1712,Jalleru @ Doramamidi,Andhra Pradesh SW,28,Andhra Pradesh,523,WEST GODAVARI,-,-,-,-,-,-,-,-,-,17.29000000,81.35000000,03-06-2026 19:00,1
1713,Jalleru @ Doramamidi,Andhra Pradesh SW,28,Andhra Pradesh,523,WEST GODAVARI,-,-,-,-,-,-,-,-,-,17.29000000,81.35000000,03-06-2026 20:00,1
1714,Jalleru @ Doramamidi,Andhra Pradesh SW,28,Andhra Pradesh,523,WEST GODAVARI,-,-,-,-,-,-,-,-,-,17.29000000,81.35000000,03-06-2026 21:00,0.5
1715,Jalleru @ Doramamidi,Andhra Pradesh SW,28,Andhra Pradesh,523,WEST GODAVARI,-,-,-,-,-,-,-,-,-,17.29000000,81.35000000,03-06-2026 22:00,0.5
1716,Jalleru @ Doramamidi,Andhra Pradesh SW,28,Andhra Pradesh,523,WEST GODAVARI,-,-,-,-,-,-,-,-,-,17.29000000,81.35000000,04-06-2026 02:00,0.5
1717,Jalleru @ Doramamidi,Andhra Pradesh SW,28,Andhra Pradesh,523,WEST GODAVARI,-,-,-,-,-,-,-,-,-,17.29000000,81.35000000,04-06-2026 07:00,0.5
1718,Jalleru @ Doramamidi,Andhra Pradesh SW,28,Andhra Pradesh,523,WEST GODAVARI,-,-,-,-,-,-,-,-,-,17.29000000,81.35000000,04-06-2026 12:00,0.5
1719,Jalleru @ Doramamidi,Andhra Pradesh SW,28,Andhra Pradesh,523,WEST GODAVARI,-,-,-,-,-,-,-,-,-,17.29000000,81.35000000,04-06-2026 14:00,0.5
1720,Jalleru @ Doramamidi,Andhra Pradesh SW,28,Andhra Pradesh,523,WEST GODAVARI,-,-,-,-,-,-,-,-,-,17.29000000,81.35000000,04-06-2026 16:00,1
1721,Jalleru @ Doramamidi,Andhra Pradesh SW,28,Andhra Pradesh,523,WEST GODAVARI,-,-,-,-,-,-,-,-,-,17.29000000,81.35000000,04-06-2026 17:00,1.5
1722,Jalleru @ Doramamidi,Andhra Pradesh SW,28,Andhra Pradesh,523,WEST GODAVARI,-,-,-,-,-,-,-,-,-,17.29000000,81.35000000,04-06-2026 18:00,1.5
1723,Jalleru @ Doramamidi,Andhra Pradesh SW,28,Andhra Pradesh,523,WEST GODAVARI,-,-,-,-,-,-,-,-,-,17.29000000,81.35000000,04-06-2026 19:00,1
1724,Jalleru @ Doramamidi,Andhra Pradesh SW,28,Andhra Pradesh,523,WEST GODAVARI,-,-,-,-,-,-,-,-,-,17.29000000,81.35000000,04-06-2026 20:00,1
1725,Jalleru @ Doramamidi,Andhra Pradesh SW,28,Andhra Pradesh,523,WEST GODAVARI,-,-,-,-,-,-,-,-,-,17.29000000,81.35000000,04-06-2026 21:00,1
1726,Jalleru @ Doramamidi,Andhra Pradesh SW,28,Andhra Pradesh,523,WEST GODAVARI,-,-,-,-,-,-,-,-,-,17.29000000,81.35000000,04-06-2026 23:00,0.5
1727,Jalleru @ Doramamidi,Andhra Pradesh SW,28,Andhra Pradesh,523,WEST GODAVARI,-,-,-,-,-,-,-,-,-,17.29000000,81.35000000,05-06-2026 00:00,0.5
1728,Jalleru @ Doramamidi,Andhra Pradesh SW,28,Andhra Pradesh,523,WEST GODAVARI,-,-,-,-,-,-,-,-,-,17.29000000,81.35000000,05-06-2026 01:00,0.5
1729,Jalleru @ Doramamidi,Andhra Pradesh SW,28,Andhra Pradesh,523,WEST GODAVARI,-,-,-,-,-,-,-,-,-,17.29000000,81.35000000,05-06-2026 02:00,0.5
1730,Jalleru @ Doramamidi,Andhra Pradesh SW,28,Andhra Pradesh,523,WEST GODAVARI,-,-,-,-,-,-,-,-,-,17.29000000,81.35000000,05-06-2026 04:00,0.5
1731,Jalleru @ Doramamidi,Andhra Pradesh SW,28,Andhra Pradesh,523,WEST GODAVARI,-,-,-,-,-,-,-,-,-,17.29000000,81.35000000,05-06-2026 09:00,0.5
1732,Jalleru @ Doramamidi,Andhra Pradesh SW,28,Andhra Pradesh,523,WEST GODAVARI,-,-,-,-,-,-,-,-,-,17.29000000,81.35000000,05-06-2026 12:00,0.5
1733,Jalleru @ Doramamidi,Andhra Pradesh SW,28,Andhra Pradesh,523,WEST GODAVARI,-,-,-,-,-,-,-,-,-,17.29000000,81.35000000,05-06-2026 13:00,0.5
1734,Jalleru @ Doramamidi,Andhra Pradesh SW,28,Andhra Pradesh,523,WEST GODAVARI,-,-,-,-,-,-,-,-,-,17.29000000,81.35000000,05-06-2026 14:00,1
1735,Jalleru @ Doramamidi,Andhra Pradesh SW,28,Andhra Pradesh,523,WEST GODAVARI,-,-,-,-,-,-,-,-,-,17.29000000,81.35000000,05-06-2026 15:00,1
1736,Jalleru @ Doramamidi,Andhra Pradesh SW,28,Andhra Pradesh,523,WEST GODAVARI,-,-,-,-,-,-,-,-,-,17.29000000,81.35000000,05-06-2026 16:00,1.5
1737,Jalleru @ Doramamidi,Andhra Pradesh SW,28,Andhra Pradesh,523,WEST GODAVARI,-,-,-,-,-,-,-,-,-,17.29000000,81.35000000,05-06-2026 17:00,1.5
1738,Jalleru @ Doramamidi,Andhra Pradesh SW,28,Andhra Pradesh,523,WEST GODAVARI,-,-,-,-,-,-,-,-,-,17.29000000,81.35000000,05-06-2026 18:00,1.5
1739,Jalleru @ Doramamidi,Andhra Pradesh SW,28,Andhra Pradesh,523,WEST GODAVARI,-,-,-,-,-,-,-,-,-,17.29000000,81.35000000,05-06-2026 19:00,1.5
1740,Jalleru @ Doramamidi,Andhra Pradesh SW,28,Andhra Pradesh,523,WEST GODAVARI,-,-,-,-,-,-,-,-,-,17.29000000,81.35000000,05-06-2026 20:00,1
1741,Jalleru @ Doramamidi,Andhra Pradesh SW,28,Andhra Pradesh,523,WEST GODAVARI,-,-,-,-,-,-,-,-,-,17.29000000,81.35000000,05-06-2026 21:00,1
1742,Jalleru @ Doramamidi,Andhra Pradesh SW,28,Andhra Pradesh,523,WEST GODAVARI,-,-,-,-,-,-,-,-,-,17.29000000,81.35000000,05-06-2026 22:00,1
1743,Jalleru @ Doramamidi,Andhra Pradesh SW,28,Andhra Pradesh,523,WEST GODAVARI,-,-,-,-,-,-,-,-,-,17.29000000,81.35000000,05-06-2026 23:00,1
1744,Jalleru @ Doramamidi,Andhra Pradesh SW,28,Andhra Pradesh,523,WEST GODAVARI,-,-,-,-,-,-,-,-,-,17.29000000,81.35000000,06-06-2026 00:00,0.5
1745,Jalleru @ Doramamidi,Andhra Pradesh SW,28,Andhra Pradesh,523,WEST GODAVARI,-,-,-,-,-,-,-,-,-,17.29000000,81.35000000,06-06-2026 01:00,1
1746,Jalleru @ Doramamidi,Andhra Pradesh SW,28,Andhra Pradesh,523,WEST GODAVARI,-,-,-,-,-,-,-,-,-,17.29000000,81.35000000,06-06-2026 02:00,0.5
1747,Jalleru @ Doramamidi,Andhra Pradesh SW,28,Andhra Pradesh,523,WEST GODAVARI,-,-,-,-,-,-,-,-,-,17.29000000,81.35000000,06-06-2026 03:00,0.5
1748,Jalleru @ Doramamidi,Andhra Pradesh SW,28,Andhra Pradesh,523,WEST GODAVARI,-,-,-,-,-,-,-,-,-,17.29000000,81.35000000,06-06-2026 04:00,0.5
1749,Jalleru @ Doramamidi,Andhra Pradesh SW,28,Andhra Pradesh,523,WEST GODAVARI,-,-,-,-,-,-,-,-,-,17.29000000,81.35000000,06-06-2026 05:00,0.5
1750,Jalleru @ Doramamidi,Andhra Pradesh SW,28,Andhra Pradesh,523,WEST GODAVARI,-,-,-,-,-,-,-,-,-,17.29000000,81.35000000,06-06-2026 06:00,0.5
1751,Jalleru @ Doramamidi,Andhra Pradesh SW,28,Andhra Pradesh,523,WEST GODAVARI,-,-,-,-,-,-,-,-,-,17.29000000,81.35000000,06-06-2026 07:00,0.5
1752,Jalleru @ Doramamidi,Andhra Pradesh SW,28,Andhra Pradesh,523,WEST GODAVARI,-,-,-,-,-,-,-,-,-,17.29000000,81.35000000,06-06-2026 08:00,0.5
1753,Jalleru @ Doramamidi,Andhra Pradesh SW,28,Andhra Pradesh,523,WEST GODAVARI,-,-,-,-,-,-,-,-,-,17.29000000,81.35000000,06-06-2026 09:00,0.5
1754,Jalleru @ Doramamidi,Andhra Pradesh SW,28,Andhra Pradesh,523,WEST GODAVARI,-,-,-,-,-,-,-,-,-,17.29000000,81.35000000,06-06-2026 10:00,0.5
1755,Jalleru @ Doramamidi,Andhra Pradesh SW,28,Andhra Pradesh,523,WEST GODAVARI,-,-,-,-,-,-,-,-,-,17.29000000,81.35000000,06-06-2026 11:00,1
1756,Jalleru @ Doramamidi,Andhra Pradesh SW,28,Andhra Pradesh,523,WEST GODAVARI,-,-,-,-,-,-,-,-,-,17.29000000,81.35000000,06-06-2026 12:00,0.5
1757,Jalleru @ Doramamidi,Andhra Pradesh SW,28,Andhra Pradesh,523,WEST GODAVARI,-,-,-,-,-,-,-,-,-,17.29000000,81.35000000,06-06-2026 13:00,1
1758,Jalleru @ Doramamidi,Andhra Pradesh SW,28,Andhra Pradesh,523,WEST GODAVARI,-,-,-,-,-,-,-,-,-,17.29000000,81.35000000,06-06-2026 14:00,1
1759,Jalleru @ Doramamidi,Andhra Pradesh SW,28,Andhra Pradesh,523,WEST GODAVARI,-,-,-,-,-,-,-,-,-,17.29000000,81.35000000,06-06-2026 15:00,1.5
1760,Jalleru @ Doramamidi,Andhra Pradesh SW,28,Andhra Pradesh,523,WEST GODAVARI,-,-,-,-,-,-,-,-,-,17.29000000,81.35000000,06-06-2026 16:00,1
1761,Jalleru @ Doramamidi,Andhra Pradesh SW,28,Andhra Pradesh,523,WEST GODAVARI,-,-,-,-,-,-,-,-,-,17.29000000,81.35000000,06-06-2026 17:00,1
1762,Jalleru @ Doramamidi,Andhra Pradesh SW,28,Andhra Pradesh,523,WEST GODAVARI,-,-,-,-,-,-,-,-,-,17.29000000,81.35000000,06-06-2026 18:00,1
1763,Jalleru @ Doramamidi,Andhra Pradesh SW,28,Andhra Pradesh,523,WEST GODAVARI,-,-,-,-,-,-,-,-,-,17.29000000,81.35000000,06-06-2026 19:00,1.5
1764,Jalleru @ Doramamidi,Andhra Pradesh SW,28,Andhra Pradesh,523,WEST GODAVARI,-,-,-,-,-,-,-,-,-,17.29000000,81.35000000,06-06-2026 20:00,0.5
1765,Jalleru @ Doramamidi,Andhra Pradesh SW,28,Andhra Pradesh,523,WEST GODAVARI,-,-,-,-,-,-,-,-,-,17.29000000,81.35000000,06-06-2026 21:00,1
1766,Jalleru @ Doramamidi,Andhra Pradesh SW,28,Andhra Pradesh,523,WEST GODAVARI,-,-,-,-,-,-,-,-,-,17.29000000,81.35000000,06-06-2026 22:00,0.5
1767,Jalleru @ Doramamidi,Andhra Pradesh SW,28,Andhra Pradesh,523,WEST GODAVARI,-,-,-,-,-,-,-,-,-,17.29000000,81.35000000,06-06-2026 23:00,0.5
1768,Jalleru @ Doramamidi,Andhra Pradesh SW,28,Andhra Pradesh,523,WEST GODAVARI,-,-,-,-,-,-,-,-,-,17.29000000,81.35000000,07-06-2026 00:00,0.5
1769,Jalleru @ Doramamidi,Andhra Pradesh SW,28,Andhra Pradesh,523,WEST GODAVARI,-,-,-,-,-,-,-,-,-,17.29000000,81.35000000,07-06-2026 09:00,0.5
1770,Jalleru @ Doramamidi,Andhra Pradesh SW,28,Andhra Pradesh,523,WEST GODAVARI,-,-,-,-,-,-,-,-,-,17.29000000,81.35000000,07-06-2026 15:00,0.5
1771,Jalleru @ Doramamidi,Andhra Pradesh SW,28,Andhra Pradesh,523,WEST GODAVARI,-,-,-,-,-,-,-,-,-,17.29000000,81.35000000,09-06-2026 02:00,0.5
1772,Jalleru @ Doramamidi,Andhra Pradesh SW,28,Andhra Pradesh,523,WEST GODAVARI,-,-,-,-,-,-,-,-,-,17.29000000,81.35000000,11-06-2026 03:00,0.5
1773,Jalleru @ Doramamidi,Andhra Pradesh SW,28,Andhra Pradesh,523,WEST GODAVARI,-,-,-,-,-,-,-,-,-,17.29000000,81.35000000,12-06-2026 02:00,0.5
1774,Jalleru @ Doramamidi,Andhra Pradesh SW,28,Andhra Pradesh,523,WEST GODAVARI,-,-,-,-,-,-,-,-,-,17.29000000,81.35000000,13-06-2026 07:00,0.5
1775,Jalleru @ Doramamidi,Andhra Pradesh SW,28,Andhra Pradesh,523,WEST GODAVARI,-,-,-,-,-,-,-,-,-,17.29000000,81.35000000,15-06-2026 21:00,0.5
1776,Jalleru @ Doramamidi,Andhra Pradesh SW,28,Andhra Pradesh,523,WEST GODAVARI,-,-,-,-,-,-,-,-,-,17.29000000,81.35000000,16-06-2026 16:00,0.5
1777,Jalleru @ Doramamidi,Andhra Pradesh SW,28,Andhra Pradesh,523,WEST GODAVARI,-,-,-,-,-,-,-,-,-,17.29000000,81.35000000,16-06-2026 17:00,0.5
1778,Jalleru @ Doramamidi,Andhra Pradesh SW,28,Andhra Pradesh,523,WEST GODAVARI,-,-,-,-,-,-,-,-,-,17.29000000,81.35000000,16-06-2026 18:00,1
1779,Jalleru @ Doramamidi,Andhra Pradesh SW,28,Andhra Pradesh,523,WEST GODAVARI,-,-,-,-,-,-,-,-,-,17.29000000,81.35000000,16-06-2026 19:00,0.5
1780,Jalleru @ Doramamidi,Andhra Pradesh SW,28,Andhra Pradesh,523,WEST GODAVARI,-,-,-,-,-,-,-,-,-,17.29000000,81.35000000,16-06-2026 20:00,0.5
1781,Jalleru @ Doramamidi,Andhra Pradesh SW,28,Andhra Pradesh,523,WEST GODAVARI,-,-,-,-,-,-,-,-,-,17.29000000,81.35000000,16-06-2026 21:00,0.5
1782,Jalleru @ Doramamidi,Andhra Pradesh SW,28,Andhra Pradesh,523,WEST GODAVARI,-,-,-,-,-,-,-,-,-,17.29000000,81.35000000,16-06-2026 22:00,0.5
1783,Jalleru @ Doramamidi,Andhra Pradesh SW,28,Andhra Pradesh,523,WEST GODAVARI,-,-,-,-,-,-,-,-,-,17.29000000,81.35000000,16-06-2026 23:00,0.5
1784,Jalleru @ Doramamidi,Andhra Pradesh SW,28,Andhra Pradesh,523,WEST GODAVARI,-,-,-,-,-,-,-,-,-,17.29000000,81.35000000,17-06-2026 00:00,0.5
1785,Jalleru @ Doramamidi,Andhra Pradesh SW,28,Andhra Pradesh,523,WEST GODAVARI,-,-,-,-,-,-,-,-,-,17.29000000,81.35000000,17-06-2026 01:00,0.5
1786,Jalleru @ Doramamidi,Andhra Pradesh SW,28,Andhra Pradesh,523,WEST GODAVARI,-,-,-,-,-,-,-,-,-,17.29000000,81.35000000,17-06-2026 03:00,0.5
1787,Jalleru @ Doramamidi,Andhra Pradesh SW,28,Andhra Pradesh,523,WEST GODAVARI,-,-,-,-,-,-,-,-,-,17.29000000,81.35000000,17-06-2026 04:00,0.5
1788,Jalleru @ Doramamidi,Andhra Pradesh SW,28,Andhra Pradesh,523,WEST GODAVARI,-,-,-,-,-,-,-,-,-,17.29000000,81.35000000,17-06-2026 05:00,0.5
1789,Jalleru @ Doramamidi,Andhra Pradesh SW,28,Andhra Pradesh,523,WEST GODAVARI,-,-,-,-,-,-,-,-,-,17.29000000,81.35000000,17-06-2026 07:00,0.5
1790,Jalleru @ Doramamidi,Andhra Pradesh SW,28,Andhra Pradesh,523,WEST GODAVARI,-,-,-,-,-,-,-,-,-,17.29000000,81.35000000,17-06-2026 08:00,0.5
1791,Jalleru @ Doramamidi,Andhra Pradesh SW,28,Andhra Pradesh,523,WEST GODAVARI,-,-,-,-,-,-,-,-,-,17.29000000,81.35000000,17-06-2026 10:00,0.5
1792,Jalleru @ Doramamidi,Andhra Pradesh SW,28,Andhra Pradesh,523,WEST GODAVARI,-,-,-,-,-,-,-,-,-,17.29000000,81.35000000,17-06-2026 11:00,0.5
1793,Jalleru @ Doramamidi,Andhra Pradesh SW,28,Andhra Pradesh,523,WEST GODAVARI,-,-,-,-,-,-,-,-,-,17.29000000,81.35000000,17-06-2026 13:00,0.5
1794,Jalleru @ Doramamidi,Andhra Pradesh SW,28,Andhra Pradesh,523,WEST GODAVARI,-,-,-,-,-,-,-,-,-,17.29000000,81.35000000,17-06-2026 15:00,0.5
1795,Jalleru @ Doramamidi,Andhra Pradesh SW,28,Andhra Pradesh,523,WEST GODAVARI,-,-,-,-,-,-,-,-,-,17.29000000,81.35000000,17-06-2026 18:00,0.5
1796,Jalleru @ Doramamidi,Andhra Pradesh SW,28,Andhra Pradesh,523,WEST GODAVARI,-,-,-,-,-,-,-,-,-,17.29000000,81.35000000,19-06-2026 05:00,0.5
1797,Jalleru @ Doramamidi,Andhra Pradesh SW,28,Andhra Pradesh,523,WEST GODAVARI,-,-,-,-,-,-,-,-,-,17.29000000,81.35000000,02-07-2026 20:00,0.5
1798,Jalleru @ Doramamidi,Andhra Pradesh SW,28,Andhra Pradesh,523,WEST GODAVARI,-,-,-,-,-,-,-,-,-,17.29000000,81.35000000,02-07-2026 21:00,0.5
1799,Jalleru @ Doramamidi,Andhra Pradesh SW,28,Andhra Pradesh,523,WEST GODAVARI,-,-,-,-,-,-,-,-,-,17.29000000,81.35000000,02-07-2026 23:00,0.5
1800,Jalleru @ Doramamidi,Andhra Pradesh SW,28,Andhra Pradesh,523,WEST GODAVARI,-,-,-,-,-,-,-,-,-,17.29000000,81.35000000,03-07-2026 03:00,0.5
1801,Jalleru @ Doramamidi,Andhra Pradesh SW,28,Andhra Pradesh,523,WEST GODAVARI,-,-,-,-,-,-,-,-,-,17.29000000,81.35000000,03-07-2026 05:00,1
1802,Jalleru @ Doramamidi,Andhra Pradesh SW,28,Andhra Pradesh,523,WEST GODAVARI,-,-,-,-,-,-,-,-,-,17.29000000,81.35000000,03-07-2026 06:00,0.5
1803,Jalleru @ Doramamidi,Andhra Pradesh SW,28,Andhra Pradesh,523,WEST GODAVARI,-,-,-,-,-,-,-,-,-,17.29000000,81.35000000,03-07-2026 07:00,0.5
1804,Jalleru @ Doramamidi,Andhra Pradesh SW,28,Andhra Pradesh,523,WEST GODAVARI,-,-,-,-,-,-,-,-,-,17.29000000,81.35000000,03-07-2026 08:00,1
1805,Jalleru @ Doramamidi,Andhra Pradesh SW,28,Andhra Pradesh,523,WEST GODAVARI,-,-,-,-,-,-,-,-,-,17.29000000,81.35000000,03-07-2026 09:00,1
1806,Jalleru @ Doramamidi,Andhra Pradesh SW,28,Andhra Pradesh,523,WEST GODAVARI,-,-,-,-,-,-,-,-,-,17.29000000,81.35000000,03-07-2026 10:00,0.5
1807,Jalleru @ Doramamidi,Andhra Pradesh SW,28,Andhra Pradesh,523,WEST GODAVARI,-,-,-,-,-,-,-,-,-,17.29000000,81.35000000,03-07-2026 12:00,1
1808,Jalleru @ Doramamidi,Andhra Pradesh SW,28,Andhra Pradesh,523,WEST GODAVARI,-,-,-,-,-,-,-,-,-,17.29000000,81.35000000,03-07-2026 13:00,0.5
1809,Jalleru @ Doramamidi,Andhra Pradesh SW,28,Andhra Pradesh,523,WEST GODAVARI,-,-,-,-,-,-,-,-,-,17.29000000,81.35000000,03-07-2026 14:00,1
1810,Jalleru @ Doramamidi,Andhra Pradesh SW,28,Andhra Pradesh,523,WEST GODAVARI,-,-,-,-,-,-,-,-,-,17.29000000,81.35000000,03-07-2026 15:00,1
1811,Jalleru @ Doramamidi,Andhra Pradesh SW,28,Andhra Pradesh,523,WEST GODAVARI,-,-,-,-,-,-,-,-,-,17.29000000,81.35000000,03-07-2026 16:00,1
1812,Jalleru @ Doramamidi,Andhra Pradesh SW,28,Andhra Pradesh,523,WEST GODAVARI,-,-,-,-,-,-,-,-,-,17.29000000,81.35000000,03-07-2026 17:00,1
1813,Jalleru @ Doramamidi,Andhra Pradesh SW,28,Andhra Pradesh,523,WEST GODAVARI,-,-,-,-,-,-,-,-,-,17.29000000,81.35000000,03-07-2026 18:00,1
1814,Jalleru @ Doramamidi,Andhra Pradesh SW,28,Andhra Pradesh,523,WEST GODAVARI,-,-,-,-,-,-,-,-,-,17.29000000,81.35000000,03-07-2026 19:00,0.5
1815,Jalleru @ Doramamidi,Andhra Pradesh SW,28,Andhra Pradesh,523,WEST GODAVARI,-,-,-,-,-,-,-,-,-,17.29000000,81.35000000,03-07-2026 20:00,1
1816,Jalleru @ Doramamidi,Andhra Pradesh SW,28,Andhra Pradesh,523,WEST GODAVARI,-,-,-,-,-,-,-,-,-,17.29000000,81.35000000,03-07-2026 21:00,0.5
1817,Jalleru @ Doramamidi,Andhra Pradesh SW,28,Andhra Pradesh,523,WEST GODAVARI,-,-,-,-,-,-,-,-,-,17.29000000,81.35000000,03-07-2026 22:00,0.5
1818,Jalleru @ Doramamidi,Andhra Pradesh SW,28,Andhra Pradesh,523,WEST GODAVARI,-,-,-,-,-,-,-,-,-,17.29000000,81.35000000,03-07-2026 23:00,0.5
1819,Jalleru @ Doramamidi,Andhra Pradesh SW,28,Andhra Pradesh,523,WEST GODAVARI,-,-,-,-,-,-,-,-,-,17.29000000,81.35000000,04-07-2026 00:00,0.5
1820,Jalleru @ Doramamidi,Andhra Pradesh SW,28,Andhra Pradesh,523,WEST GODAVARI,-,-,-,-,-,-,-,-,-,17.29000000,81.35000000,04-07-2026 01:00,0.5
1821,Jalleru @ Doramamidi,Andhra Pradesh SW,28,Andhra Pradesh,523,WEST GODAVARI,-,-,-,-,-,-,-,-,-,17.29000000,81.35000000,04-07-2026 02:00,0.5
1822,Jalleru @ Doramamidi,Andhra Pradesh SW,28,Andhra Pradesh,523,WEST GODAVARI,-,-,-,-,-,-,-,-,-,17.29000000,81.35000000,04-07-2026 03:00,0.5
1823,Jalleru @ Doramamidi,Andhra Pradesh SW,28,Andhra Pradesh,523,WEST GODAVARI,-,-,-,-,-,-,-,-,-,17.29000000,81.35000000,04-07-2026 04:00,0.5
1824,Jalleru @ Doramamidi,Andhra Pradesh SW,28,Andhra Pradesh,523,WEST GODAVARI,-,-,-,-,-,-,-,-,-,17.29000000,81.35000000,04-07-2026 05:00,0.5
1825,Jalleru @ Doramamidi,Andhra Pradesh SW,28,Andhra Pradesh,523,WEST GODAVARI,-,-,-,-,-,-,-,-,-,17.29000000,81.35000000,04-07-2026 06:00,0.5
1826,Jalleru @ Doramamidi,Andhra Pradesh SW,28,Andhra Pradesh,523,WEST GODAVARI,-,-,-,-,-,-,-,-,-,17.29000000,81.35000000,04-07-2026 07:00,0.5
1827,Jalleru @ Doramamidi,Andhra Pradesh SW,28,Andhra Pradesh,523,WEST GODAVARI,-,-,-,-,-,-,-,-,-,17.29000000,81.35000000,04-07-2026 08:00,1
1828,Jalleru @ Doramamidi,Andhra Pradesh SW,28,Andhra Pradesh,523,WEST GODAVARI,-,-,-,-,-,-,-,-,-,17.29000000,81.35000000,04-07-2026 09:00,0.5
1829,Jalleru @ Doramamidi,Andhra Pradesh SW,28,Andhra Pradesh,523,WEST GODAVARI,-,-,-,-,-,-,-,-,-,17.29000000,81.35000000,04-07-2026 10:00,0.5
1830,Jalleru @ Doramamidi,Andhra Pradesh SW,28,Andhra Pradesh,523,WEST GODAVARI,-,-,-,-,-,-,-,-,-,17.29000000,81.35000000,04-07-2026 11:00,1
1831,Jalleru @ Doramamidi,Andhra Pradesh SW,28,Andhra Pradesh,523,WEST GODAVARI,-,-,-,-,-,-,-,-,-,17.29000000,81.35000000,04-07-2026 12:00,0.5
1832,Jalleru @ Doramamidi,Andhra Pradesh SW,28,Andhra Pradesh,523,WEST GODAVARI,-,-,-,-,-,-,-,-,-,17.29000000,81.35000000,04-07-2026 13:00,0.5
1833,Jalleru @ Doramamidi,Andhra Pradesh SW,28,Andhra Pradesh,523,WEST GODAVARI,-,-,-,-,-,-,-,-,-,17.29000000,81.35000000,04-07-2026 14:00,1
1834,Jalleru @ Doramamidi,Andhra Pradesh SW,28,Andhra Pradesh,523,WEST GODAVARI,-,-,-,-,-,-,-,-,-,17.29000000,81.35000000,04-07-2026 15:00,0.5
1835,Jalleru @ Doramamidi,Andhra Pradesh SW,28,Andhra Pradesh,523,WEST GODAVARI,-,-,-,-,-,-,-,-,-,17.29000000,81.35000000,04-07-2026 16:00,1
1836,Jalleru @ Doramamidi,Andhra Pradesh SW,28,Andhra Pradesh,523,WEST GODAVARI,-,-,-,-,-,-,-,-,-,17.29000000,81.35000000,04-07-2026 17:00,0.5
1837,Jalleru @ Doramamidi,Andhra Pradesh SW,28,Andhra Pradesh,523,WEST GODAVARI,-,-,-,-,-,-,-,-,-,17.29000000,81.35000000,04-07-2026 18:00,1
1838,Jalleru @ Doramamidi,Andhra Pradesh SW,28,Andhra Pradesh,523,WEST GODAVARI,-,-,-,-,-,-,-,-,-,17.29000000,81.35000000,04-07-2026 19:00,0.5
1839,Jalleru @ Doramamidi,Andhra Pradesh SW,28,Andhra Pradesh,523,WEST GODAVARI,-,-,-,-,-,-,-,-,-,17.29000000,81.35000000,04-07-2026 20:00,0.5
1840,Jalleru @ Doramamidi,Andhra Pradesh SW,28,Andhra Pradesh,523,WEST GODAVARI,-,-,-,-,-,-,-,-,-,17.29000000,81.35000000,04-07-2026 21:00,1
1841,Jalleru @ Doramamidi,Andhra Pradesh SW,28,Andhra Pradesh,523,WEST GODAVARI,-,-,-,-,-,-,-,-,-,17.29000000,81.35000000,04-07-2026 22:00,0.5
1842,Jalleru @ Doramamidi,Andhra Pradesh SW,28,Andhra Pradesh,523,WEST GODAVARI,-,-,-,-,-,-,-,-,-,17.29000000,81.35000000,04-07-2026 23:00,0.5
1843,Jalleru @ Doramamidi,Andhra Pradesh SW,28,Andhra Pradesh,523,WEST GODAVARI,-,-,-,-,-,-,-,-,-,17.29000000,81.35000000,05-07-2026 00:00,0.5
1844,Jalleru @ Doramamidi,Andhra Pradesh SW,28,Andhra Pradesh,523,WEST GODAVARI,-,-,-,-,-,-,-,-,-,17.29000000,81.35000000,05-07-2026 01:00,0.5
1845,Jalleru @ Doramamidi,Andhra Pradesh SW,28,Andhra Pradesh,523,WEST GODAVARI,-,-,-,-,-,-,-,-,-,17.29000000,81.35000000,05-07-2026 02:00,0.5
1846,Jalleru @ Doramamidi,Andhra Pradesh SW,28,Andhra Pradesh,523,WEST GODAVARI,-,-,-,-,-,-,-,-,-,17.29000000,81.35000000,05-07-2026 03:00,0.5
1847,Jalleru @ Doramamidi,Andhra Pradesh SW,28,Andhra Pradesh,523,WEST GODAVARI,-,-,-,-,-,-,-,-,-,17.29000000,81.35000000,05-07-2026 04:00,0.5
1848,Jalleru @ Doramamidi,Andhra Pradesh SW,28,Andhra Pradesh,523,WEST GODAVARI,-,-,-,-,-,-,-,-,-,17.29000000,81.35000000,05-07-2026 05:00,0.5
1849,Jalleru @ Doramamidi,Andhra Pradesh SW,28,Andhra Pradesh,523,WEST GODAVARI,-,-,-,-,-,-,-,-,-,17.29000000,81.35000000,05-07-2026 06:00,0.5
1850,Jalleru @ Doramamidi,Andhra Pradesh SW,28,Andhra Pradesh,523,WEST GODAVARI,-,-,-,-,-,-,-,-,-,17.29000000,81.35000000,05-07-2026 07:00,0.5
1851,Jalleru @ Doramamidi,Andhra Pradesh SW,28,Andhra Pradesh,523,WEST GODAVARI,-,-,-,-,-,-,-,-,-,17.29000000,81.35000000,05-07-2026 08:00,0.5
1852,Jalleru @ Doramamidi,Andhra Pradesh SW,28,Andhra Pradesh,523,WEST GODAVARI,-,-,-,-,-,-,-,-,-,17.29000000,81.35000000,05-07-2026 09:00,0.5
1853,Jalleru @ Doramamidi,Andhra Pradesh SW,28,Andhra Pradesh,523,WEST GODAVARI,-,-,-,-,-,-,-,-,-,17.29000000,81.35000000,05-07-2026 10:00,0.5
1854,Jalleru @ Doramamidi,Andhra Pradesh SW,28,Andhra Pradesh,523,WEST GODAVARI,-,-,-,-,-,-,-,-,-,17.29000000,81.35000000,05-07-2026 11:00,0.5
1855,Jalleru @ Doramamidi,Andhra Pradesh SW,28,Andhra Pradesh,523,WEST GODAVARI,-,-,-,-,-,-,-,-,-,17.29000000,81.35000000,05-07-2026 12:00,0.5
1856,Jalleru @ Doramamidi,Andhra Pradesh SW,28,Andhra Pradesh,523,WEST GODAVARI,-,-,-,-,-,-,-,-,-,17.29000000,81.35000000,05-07-2026 13:00,0.5
1857,Jalleru @ Doramamidi,Andhra Pradesh SW,28,Andhra Pradesh,523,WEST GODAVARI,-,-,-,-,-,-,-,-,-,17.29000000,81.35000000,05-07-2026 14:00,0.5
1858,Jalleru @ Doramamidi,Andhra Pradesh SW,28,Andhra Pradesh,523,WEST GODAVARI,-,-,-,-,-,-,-,-,-,17.29000000,81.35000000,05-07-2026 15:00,0.5
1859,Jalleru @ Doramamidi,Andhra Pradesh SW,28,Andhra Pradesh,523,WEST GODAVARI,-,-,-,-,-,-,-,-,-,17.29000000,81.35000000,05-07-2026 16:00,0.5
1860,Jalleru @ Doramamidi,Andhra Pradesh SW,28,Andhra Pradesh,523,WEST GODAVARI,-,-,-,-,-,-,-,-,-,17.29000000,81.35000000,05-07-2026 17:00,0.5
1861,Jalleru @ Doramamidi,Andhra Pradesh SW,28,Andhra Pradesh,523,WEST GODAVARI,-,-,-,-,-,-,-,-,-,17.29000000,81.35000000,05-07-2026 18:00,0.5
1862,Jalleru @ Doramamidi,Andhra Pradesh SW,28,Andhra Pradesh,523,WEST GODAVARI,-,-,-,-,-,-,-,-,-,17.29000000,81.35000000,05-07-2026 19:00,0.5
1863,Jalleru @ Doramamidi,Andhra Pradesh SW,28,Andhra Pradesh,523,WEST GODAVARI,-,-,-,-,-,-,-,-,-,17.29000000,81.35000000,05-07-2026 20:00,0.5
1864,Jalleru @ Doramamidi,Andhra Pradesh SW,28,Andhra Pradesh,523,WEST GODAVARI,-,-,-,-,-,-,-,-,-,17.29000000,81.35000000,05-07-2026 21:00,0.5
1865,Jalleru @ Doramamidi,Andhra Pradesh SW,28,Andhra Pradesh,523,WEST GODAVARI,-,-,-,-,-,-,-,-,-,17.29000000,81.35000000,05-07-2026 22:00,0.5
1866,Jalleru @ Doramamidi,Andhra Pradesh SW,28,Andhra Pradesh,523,WEST GODAVARI,-,-,-,-,-,-,-,-,-,17.29000000,81.35000000,05-07-2026 23:00,0.5
1867,Jalleru @ Doramamidi,Andhra Pradesh SW,28,Andhra Pradesh,523,WEST GODAVARI,-,-,-,-,-,-,-,-,-,17.29000000,81.35000000,06-07-2026 00:00,0.5
1868,Jalleru @ Doramamidi,Andhra Pradesh SW,28,Andhra Pradesh,523,WEST GODAVARI,-,-,-,-,-,-,-,-,-,17.29000000,81.35000000,06-07-2026 02:00,0.5
1869,Jalleru @ Doramamidi,Andhra Pradesh SW,28,Andhra Pradesh,523,WEST GODAVARI,-,-,-,-,-,-,-,-,-,17.29000000,81.35000000,06-07-2026 04:00,0.5
1870,Jalleru @ Doramamidi,Andhra Pradesh SW,28,Andhra Pradesh,523,WEST GODAVARI,-,-,-,-,-,-,-,-,-,17.29000000,81.35000000,06-07-2026 05:00,0.5
1871,Jalleru @ Doramamidi,Andhra Pradesh SW,28,Andhra Pradesh,523,WEST GODAVARI,-,-,-,-,-,-,-,-,-,17.29000000,81.35000000,06-07-2026 07:00,0.5
1872,Jalleru @ Doramamidi,Andhra Pradesh SW,28,Andhra Pradesh,523,WEST GODAVARI,-,-,-,-,-,-,-,-,-,17.29000000,81.35000000,06-07-2026 09:00,0.5
1873,Jalleru @ Doramamidi,Andhra Pradesh SW,28,Andhra Pradesh,523,WEST GODAVARI,-,-,-,-,-,-,-,-,-,17.29000000,81.35000000,06-07-2026 11:00,0.5
1874,Jalleru @ Doramamidi,Andhra Pradesh SW,28,Andhra Pradesh,523,WEST GODAVARI,-,-,-,-,-,-,-,-,-,17.29000000,81.35000000,06-07-2026 13:00,0.5
1875,Jalleru @ Doramamidi,Andhra Pradesh SW,28,Andhra Pradesh,523,WEST GODAVARI,-,-,-,-,-,-,-,-,-,17.29000000,81.35000000,06-07-2026 14:00,0.5
1876,Jalleru @ Doramamidi,Andhra Pradesh SW,28,Andhra Pradesh,523,WEST GODAVARI,-,-,-,-,-,-,-,-,-,17.29000000,81.35000000,06-07-2026 16:00,0.5
1877,Jalleru @ Doramamidi,Andhra Pradesh SW,28,Andhra Pradesh,523,WEST GODAVARI,-,-,-,-,-,-,-,-,-,17.29000000,81.35000000,06-07-2026 17:00,0.5
1878,Jalleru @ Doramamidi,Andhra Pradesh SW,28,Andhra Pradesh,523,WEST GODAVARI,-,-,-,-,-,-,-,-,-,17.29000000,81.35000000,06-07-2026 18:00,0.5
1879,Jalleru @ Doramamidi,Andhra Pradesh SW,28,Andhra Pradesh,523,WEST GODAVARI,-,-,-,-,-,-,-,-,-,17.29000000,81.35000000,06-07-2026 19:00,0.5
1880,Jalleru @ Doramamidi,Andhra Pradesh SW,28,Andhra Pradesh,523,WEST GODAVARI,-,-,-,-,-,-,-,-,-,17.29000000,81.35000000,06-07-2026 21:00,0.5
1881,Jalleru @ Doramamidi,Andhra Pradesh SW,28,Andhra Pradesh,523,WEST GODAVARI,-,-,-,-,-,-,-,-,-,17.29000000,81.35000000,06-07-2026 22:00,0.5
1882,Jalleru @ Doramamidi,Andhra Pradesh SW,28,Andhra Pradesh,523,WEST GODAVARI,-,-,-,-,-,-,-,-,-,17.29000000,81.35000000,07-07-2026 00:00,0.5
1883,Jalleru @ Doramamidi,Andhra Pradesh SW,28,Andhra Pradesh,523,WEST GODAVARI,-,-,-,-,-,-,-,-,-,17.29000000,81.35000000,07-07-2026 01:00,0.5
1884,Jalleru @ Doramamidi,Andhra Pradesh SW,28,Andhra Pradesh,523,WEST GODAVARI,-,-,-,-,-,-,-,-,-,17.29000000,81.35000000,07-07-2026 03:00,0.5
1885,Jalleru @ Doramamidi,Andhra Pradesh SW,28,Andhra Pradesh,523,WEST GODAVARI,-,-,-,-,-,-,-,-,-,17.29000000,81.35000000,07-07-2026 05:00,0.5
1886,Jalleru @ Doramamidi,Andhra Pradesh SW,28,Andhra Pradesh,523,WEST GODAVARI,-,-,-,-,-,-,-,-,-,17.29000000,81.35000000,07-07-2026 07:00,0.5
1887,Jalleru @ Doramamidi,Andhra Pradesh SW,28,Andhra Pradesh,523,WEST GODAVARI,-,-,-,-,-,-,-,-,-,17.29000000,81.35000000,07-07-2026 09:00,0.5
1888,Jalleru @ Doramamidi,Andhra Pradesh SW,28,Andhra Pradesh,523,WEST GODAVARI,-,-,-,-,-,-,-,-,-,17.29000000,81.35000000,07-07-2026 12:00,0.5
1889,Jalleru @ Doramamidi,Andhra Pradesh SW,28,Andhra Pradesh,523,WEST GODAVARI,-,-,-,-,-,-,-,-,-,17.29000000,81.35000000,07-07-2026 14:00,0.5
1890,Jalleru @ Doramamidi,Andhra Pradesh SW,28,Andhra Pradesh,523,WEST GODAVARI,-,-,-,-,-,-,-,-,-,17.29000000,81.35000000,07-07-2026 16:00,0.5
1891,Jalleru @ Doramamidi,Andhra Pradesh SW,28,Andhra Pradesh,523,WEST GODAVARI,-,-,-,-,-,-,-,-,-,17.29000000,81.35000000,07-07-2026 19:00,0.5
1892,Jalleru @ Doramamidi,Andhra Pradesh SW,28,Andhra Pradesh,523,WEST GODAVARI,-,-,-,-,-,-,-,-,-,17.29000000,81.35000000,07-07-2026 21:00,0.5
1893,Jalleru @ Doramamidi,Andhra Pradesh SW,28,Andhra Pradesh,523,WEST GODAVARI,-,-,-,-,-,-,-,-,-,17.29000000,81.35000000,08-07-2026 00:00,0.5
1894,Jalleru @ Doramamidi,Andhra Pradesh SW,28,Andhra Pradesh,523,WEST GODAVARI,-,-,-,-,-,-,-,-,-,17.29000000,81.35000000,08-07-2026 03:00,0.5
1895,Jalleru @ Doramamidi,Andhra Pradesh SW,28,Andhra Pradesh,523,WEST GODAVARI,-,-,-,-,-,-,-,-,-,17.29000000,81.35000000,08-07-2026 06:00,0.5
1896,Jalleru @ Doramamidi,Andhra Pradesh SW,28,Andhra Pradesh,523,WEST GODAVARI,-,-,-,-,-,-,-,-,-,17.29000000,81.35000000,08-07-2026 09:00,0.5
1897,Jalleru @ Doramamidi,Andhra Pradesh SW,28,Andhra Pradesh,523,WEST GODAVARI,-,-,-,-,-,-,-,-,-,17.29000000,81.35000000,08-07-2026 12:00,0.5
1898,Jalleru @ Doramamidi,Andhra Pradesh SW,28,Andhra Pradesh,523,WEST GODAVARI,-,-,-,-,-,-,-,-,-,17.29000000,81.35000000,08-07-2026 15:00,0.5
1899,Jalleru @ Doramamidi,Andhra Pradesh SW,28,Andhra Pradesh,523,WEST GODAVARI,-,-,-,-,-,-,-,-,-,17.29000000,81.35000000,08-07-2026 17:00,0.5
1900,Jalleru @ Doramamidi,Andhra Pradesh SW,28,Andhra Pradesh,523,WEST GODAVARI,-,-,-,-,-,-,-,-,-,17.29000000,81.35000000,08-07-2026 19:00,0.5
1901,Jalleru @ Doramamidi,Andhra Pradesh SW,28,Andhra Pradesh,523,WEST GODAVARI,-,-,-,-,-,-,-,-,-,17.29000000,81.35000000,08-07-2026 21:00,0.5
1902,Jalleru @ Doramamidi,Andhra Pradesh SW,28,Andhra Pradesh,523,WEST GODAVARI,-,-,-,-,-,-,-,-,-,17.29000000,81.35000000,09-07-2026 00:00,0.5
1903,Jalleru @ Doramamidi,Andhra Pradesh SW,28,Andhra Pradesh,523,WEST GODAVARI,-,-,-,-,-,-,-,-,-,17.29000000,81.35000000,09-07-2026 03:00,0.5
1904,Jalleru @ Doramamidi,Andhra Pradesh SW,28,Andhra Pradesh,523,WEST GODAVARI,-,-,-,-,-,-,-,-,-,17.29000000,81.35000000,09-07-2026 06:00,0.5
1905,Jalleru @ Doramamidi,Andhra Pradesh SW,28,Andhra Pradesh,523,WEST GODAVARI,-,-,-,-,-,-,-,-,-,17.29000000,81.35000000,09-07-2026 10:00,0.5
1906,Jalleru @ Doramamidi,Andhra Pradesh SW,28,Andhra Pradesh,523,WEST GODAVARI,-,-,-,-,-,-,-,-,-,17.29000000,81.35000000,09-07-2026 13:00,0.5
1907,Jalleru @ Doramamidi,Andhra Pradesh SW,28,Andhra Pradesh,523,WEST GODAVARI,-,-,-,-,-,-,-,-,-,17.29000000,81.35000000,09-07-2026 16:00,0.5
1908,Jalleru @ Doramamidi,Andhra Pradesh SW,28,Andhra Pradesh,523,WEST GODAVARI,-,-,-,-,-,-,-,-,-,17.29000000,81.35000000,09-07-2026 19:00,0.5
1909,Jalleru @ Doramamidi,Andhra Pradesh SW,28,Andhra Pradesh,523,WEST GODAVARI,-,-,-,-,-,-,-,-,-,17.29000000,81.35000000,09-07-2026 22:00,0.5
1910,Jalleru @ Doramamidi,Andhra Pradesh SW,28,Andhra Pradesh,523,WEST GODAVARI,-,-,-,-,-,-,-,-,-,17.29000000,81.35000000,10-07-2026 02:00,0.5
1911,Jalleru @ Doramamidi,Andhra Pradesh SW,28,Andhra Pradesh,523,WEST GODAVARI,-,-,-,-,-,-,-,-,-,17.29000000,81.35000000,10-07-2026 06:00,0.5
1912,Jalleru @ Doramamidi,Andhra Pradesh SW,28,Andhra Pradesh,523,WEST GODAVARI,-,-,-,-,-,-,-,-,-,17.29000000,81.35000000,10-07-2026 09:00,0.5
1913,Jalleru @ Doramamidi,Andhra Pradesh SW,28,Andhra Pradesh,523,WEST GODAVARI,-,-,-,-,-,-,-,-,-,17.29000000,81.35000000,10-07-2026 12:00,0.5
1914,Jalleru @ Doramamidi,Andhra Pradesh SW,28,Andhra Pradesh,523,WEST GODAVARI,-,-,-,-,-,-,-,-,-,17.29000000,81.35000000,10-07-2026 15:00,0.5
1915,Jalleru @ Doramamidi,Andhra Pradesh SW,28,Andhra Pradesh,523,WEST GODAVARI,-,-,-,-,-,-,-,-,-,17.29000000,81.35000000,10-07-2026 17:00,0.5
1916,Jalleru @ Doramamidi,Andhra Pradesh SW,28,Andhra Pradesh,523,WEST GODAVARI,-,-,-,-,-,-,-,-,-,17.29000000,81.35000000,10-07-2026 19:00,0.5
1917,Jalleru @ Doramamidi,Andhra Pradesh SW,28,Andhra Pradesh,523,WEST GODAVARI,-,-,-,-,-,-,-,-,-,17.29000000,81.35000000,10-07-2026 22:00,0.5
1918,Jalleru @ Doramamidi,Andhra Pradesh SW,28,Andhra Pradesh,523,WEST GODAVARI,-,-,-,-,-,-,-,-,-,17.29000000,81.35000000,11-07-2026 00:00,0.5
1919,Jalleru @ Doramamidi,Andhra Pradesh SW,28,Andhra Pradesh,523,WEST GODAVARI,-,-,-,-,-,-,-,-,-,17.29000000,81.35000000,11-07-2026 03:00,0.5
1920,Jalleru @ Doramamidi,Andhra Pradesh SW,28,Andhra Pradesh,523,WEST GODAVARI,-,-,-,-,-,-,-,-,-,17.29000000,81.35000000,11-07-2026 07:00,0.5
1921,Jalleru @ Doramamidi,Andhra Pradesh SW,28,Andhra Pradesh,523,WEST GODAVARI,-,-,-,-,-,-,-,-,-,17.29000000,81.35000000,11-07-2026 11:00,0.5
1922,Jalleru @ Doramamidi,Andhra Pradesh SW,28,Andhra Pradesh,523,WEST GODAVARI,-,-,-,-,-,-,-,-,-,17.29000000,81.35000000,11-07-2026 14:00,0.5
1923,Jalleru @ Doramamidi,Andhra Pradesh SW,28,Andhra Pradesh,523,WEST GODAVARI,-,-,-,-,-,-,-,-,-,17.29000000,81.35000000,11-07-2026 18:00,0.5
1924,Jalleru @ Doramamidi,Andhra Pradesh SW,28,Andhra Pradesh,523,WEST GODAVARI,-,-,-,-,-,-,-,-,-,17.29000000,81.35000000,11-07-2026 21:00,0.5
1925,Jalleru @ Doramamidi,Andhra Pradesh SW,28,Andhra Pradesh,523,WEST GODAVARI,-,-,-,-,-,-,-,-,-,17.29000000,81.35000000,12-07-2026 01:00,0.5
1926,Jalleru @ Doramamidi,Andhra Pradesh SW,28,Andhra Pradesh,523,WEST GODAVARI,-,-,-,-,-,-,-,-,-,17.29000000,81.35000000,12-07-2026 05:00,0.5
1927,Jalleru @ Doramamidi,Andhra Pradesh SW,28,Andhra Pradesh,523,WEST GODAVARI,-,-,-,-,-,-,-,-,-,17.29000000,81.35000000,12-07-2026 11:00,0.5
1928,Jalleru @ Doramamidi,Andhra Pradesh SW,28,Andhra Pradesh,523,WEST GODAVARI,-,-,-,-,-,-,-,-,-,17.29000000,81.35000000,12-07-2026 16:00,0.5
1929,Jalleru @ Doramamidi,Andhra Pradesh SW,28,Andhra Pradesh,523,WEST GODAVARI,-,-,-,-,-,-,-,-,-,17.29000000,81.35000000,15-07-2026 07:00,0.5
1930,Jalleru @ Doramamidi,Andhra Pradesh SW,28,Andhra Pradesh,523,WEST GODAVARI,-,-,-,-,-,-,-,-,-,17.29000000,81.35000000,15-07-2026 12:00,0.5
1931,Jalleru @ Doramamidi,Andhra Pradesh SW,28,Andhra Pradesh,523,WEST GODAVARI,-,-,-,-,-,-,-,-,-,17.29000000,81.35000000,15-07-2026 14:00,0.5
1932,Jalleru @ Doramamidi,Andhra Pradesh SW,28,Andhra Pradesh,523,WEST GODAVARI,-,-,-,-,-,-,-,-,-,17.29000000,81.35000000,15-07-2026 15:00,0.5
1933,Jalleru @ Doramamidi,Andhra Pradesh SW,28,Andhra Pradesh,523,WEST GODAVARI,-,-,-,-,-,-,-,-,-,17.29000000,81.35000000,15-07-2026 17:00,0.5
1934,Jalleru @ Doramamidi,Andhra Pradesh SW,28,Andhra Pradesh,523,WEST GODAVARI,-,-,-,-,-,-,-,-,-,17.29000000,81.35000000,15-07-2026 21:00,0.5
1935,Jalleru @ Doramamidi,Andhra Pradesh SW,28,Andhra Pradesh,523,WEST GODAVARI,-,-,-,-,-,-,-,-,-,17.29000000,81.35000000,16-07-2026 12:00,0.5
1936,Jalleru @ Doramamidi,Andhra Pradesh SW,28,Andhra Pradesh,523,WEST GODAVARI,-,-,-,-,-,-,-,-,-,17.29000000,81.35000000,16-07-2026 13:00,0.5
1937,Jalleru @ Doramamidi,Andhra Pradesh SW,28,Andhra Pradesh,523,WEST GODAVARI,-,-,-,-,-,-,-,-,-,17.29000000,81.35000000,16-07-2026 20:00,0.5
1938,Jalleru @ Doramamidi,Andhra Pradesh SW,28,Andhra Pradesh,523,WEST GODAVARI,-,-,-,-,-,-,-,-,-,17.29000000,81.35000000,17-07-2026 07:00,0.5
1939,Jalleru @ Doramamidi,Andhra Pradesh SW,28,Andhra Pradesh,523,WEST GODAVARI,-,-,-,-,-,-,-,-,-,17.29000000,81.35000000,18-07-2026 11:00,0.5
1940,Jalleru @ Doramamidi,Andhra Pradesh SW,28,Andhra Pradesh,523,WEST GODAVARI,-,-,-,-,-,-,-,-,-,17.29000000,81.35000000,19-07-2026 07:00,0.5
1941,Jalleru @ Doramamidi,Andhra Pradesh SW,28,Andhra Pradesh,523,WEST GODAVARI,-,-,-,-,-,-,-,-,-,17.29000000,81.35000000,22-07-2026 06:00,0.5
1942,Jalleru @ Doramamidi,Andhra Pradesh SW,28,Andhra Pradesh,523,WEST GODAVARI,-,-,-,-,-,-,-,-,-,17.29000000,81.35000000,24-07-2026 04:00,0.5
1943,Jalleru @ Doramamidi,Andhra Pradesh SW,28,Andhra Pradesh,523,WEST GODAVARI,-,-,-,-,-,-,-,-,-,17.29000000,81.35000000,24-07-2026 13:00,0.5
1944,Jalleru @ Doramamidi,Andhra Pradesh SW,28,Andhra Pradesh,523,WEST GODAVARI,-,-,-,-,-,-,-,-,-,17.29000000,81.35000000,24-07-2026 16:00,0.5
1945,Jalleru @ Doramamidi,Andhra Pradesh SW,28,Andhra Pradesh,523,WEST GODAVARI,-,-,-,-,-,-,-,-,-,17.29000000,81.35000000,24-07-2026 18:00,0.5
1946,Jalleru @ Doramamidi,Andhra Pradesh SW,28,Andhra Pradesh,523,WEST GODAVARI,-,-,-,-,-,-,-,-,-,17.29000000,81.35000000,24-07-2026 20:00,0.5
1947,Jalleru @ Doramamidi,Andhra Pradesh SW,28,Andhra Pradesh,523,WEST GODAVARI,-,-,-,-,-,-,-,-,-,17.29000000,81.35000000,24-07-2026 23:00,0.5
1948,Jalleru @ Doramamidi,Andhra Pradesh SW,28,Andhra Pradesh,523,WEST GODAVARI,-,-,-,-,-,-,-,-,-,17.29000000,81.35000000,25-07-2026 01:00,0.5
1949,Jalleru @ Doramamidi,Andhra Pradesh SW,28,Andhra Pradesh,523,WEST GODAVARI,-,-,-,-,-,-,-,-,-,17.29000000,81.35000000,25-07-2026 04:00,0.5
1950,Jalleru @ Doramamidi,Andhra Pradesh SW,28,Andhra Pradesh,523,WEST GODAVARI,-,-,-,-,-,-,-,-,-,17.29000000,81.35000000,25-07-2026 06:00,0.5
1951,Jalleru @ Doramamidi,Andhra Pradesh SW,28,Andhra Pradesh,523,WEST GODAVARI,-,-,-,-,-,-,-,-,-,17.29000000,81.35000000,25-07-2026 08:00,0.5
1952,Jalleru @ Doramamidi,Andhra Pradesh SW,28,Andhra Pradesh,523,WEST GODAVARI,-,-,-,-,-,-,-,-,-,17.29000000,81.35000000,25-07-2026 11:00,0.5
1953,Jalleru @ Doramamidi,Andhra Pradesh SW,28,Andhra Pradesh,523,WEST GODAVARI,-,-,-,-,-,-,-,-,-,17.29000000,81.35000000,25-07-2026 13:00,0.5
1954,Jalleru @ Doramamidi,Andhra Pradesh SW,28,Andhra Pradesh,523,WEST GODAVARI,-,-,-,-,-,-,-,-,-,17.29000000,81.35000000,25-07-2026 15:00,0.5
1955,Jalleru @ Doramamidi,Andhra Pradesh SW,28,Andhra Pradesh,523,WEST GODAVARI,-,-,-,-,-,-,-,-,-,17.29000000,81.35000000,25-07-2026 17:00,0.5
1956,Jalleru @ Doramamidi,Andhra Pradesh SW,28,Andhra Pradesh,523,WEST GODAVARI,-,-,-,-,-,-,-,-,-,17.29000000,81.35000000,25-07-2026 18:00,0.5
1957,Jalleru @ Doramamidi,Andhra Pradesh SW,28,Andhra Pradesh,523,WEST GODAVARI,-,-,-,-,-,-,-,-,-,17.29000000,81.35000000,25-07-2026 20:00,0.5
1958,Jalleru @ Doramamidi,Andhra Pradesh SW,28,Andhra Pradesh,523,WEST GODAVARI,-,-,-,-,-,-,-,-,-,17.29000000,81.35000000,25-07-2026 21:00,0.5
1959,Jalleru @ Doramamidi,Andhra Pradesh SW,28,Andhra Pradesh,523,WEST GODAVARI,-,-,-,-,-,-,-,-,-,17.29000000,81.35000000,25-07-2026 23:00,0.5
1960,Jalleru @ Doramamidi,Andhra Pradesh SW,28,Andhra Pradesh,523,WEST GODAVARI,-,-,-,-,-,-,-,-,-,17.29000000,81.35000000,26-07-2026 01:00,0.5
1961,Jalleru @ Doramamidi,Andhra Pradesh SW,28,Andhra Pradesh,523,WEST GODAVARI,-,-,-,-,-,-,-,-,-,17.29000000,81.35000000,26-07-2026 04:00,0.5
1962,Jalleru @ Doramamidi,Andhra Pradesh SW,28,Andhra Pradesh,523,WEST GODAVARI,-,-,-,-,-,-,-,-,-,17.29000000,81.35000000,26-07-2026 06:00,0.5
1963,Jalleru @ Doramamidi,Andhra Pradesh SW,28,Andhra Pradesh,523,WEST GODAVARI,-,-,-,-,-,-,-,-,-,17.29000000,81.35000000,26-07-2026 09:00,0.5
1964,Jalleru @ Doramamidi,Andhra Pradesh SW,28,Andhra Pradesh,523,WEST GODAVARI,-,-,-,-,-,-,-,-,-,17.29000000,81.35000000,26-07-2026 11:00,0.5
1965,Jalleru @ Doramamidi,Andhra Pradesh SW,28,Andhra Pradesh,523,WEST GODAVARI,-,-,-,-,-,-,-,-,-,17.29000000,81.35000000,26-07-2026 12:00,0.5
1966,Jalleru @ Doramamidi,Andhra Pradesh SW,28,Andhra Pradesh,523,WEST GODAVARI,-,-,-,-,-,-,-,-,-,17.29000000,81.35000000,26-07-2026 13:00,0.5
1967,Jalleru @ Doramamidi,Andhra Pradesh SW,28,Andhra Pradesh,523,WEST GODAVARI,-,-,-,-,-,-,-,-,-,17.29000000,81.35000000,26-07-2026 14:00,0.5
1968,Jalleru @ Doramamidi,Andhra Pradesh SW,28,Andhra Pradesh,523,WEST GODAVARI,-,-,-,-,-,-,-,-,-,17.29000000,81.35000000,26-07-2026 15:00,0.5
1969,Jalleru @ Doramamidi,Andhra Pradesh SW,28,Andhra Pradesh,523,WEST GODAVARI,-,-,-,-,-,-,-,-,-,17.29000000,81.35000000,26-07-2026 17:00,0.5
1970,Jalleru @ Doramamidi,Andhra Pradesh SW,28,Andhra Pradesh,523,WEST GODAVARI,-,-,-,-,-,-,-,-,-,17.29000000,81.35000000,26-07-2026 18:00,0.5
1971,Jalleru @ Doramamidi,Andhra Pradesh SW,28,Andhra Pradesh,523,WEST GODAVARI,-,-,-,-,-,-,-,-,-,17.29000000,81.35000000,26-07-2026 19:00,0.5
1972,Jalleru @ Doramamidi,Andhra Pradesh SW,28,Andhra Pradesh,523,WEST GODAVARI,-,-,-,-,-,-,-,-,-,17.29000000,81.35000000,26-07-2026 20:00,0.5
1973,Jalleru @ Doramamidi,Andhra Pradesh SW,28,Andhra Pradesh,523,WEST GODAVARI,-,-,-,-,-,-,-,-,-,17.29000000,81.35000000,26-07-2026 22:00,0.5
1974,Jalleru @ Doramamidi,Andhra Pradesh SW,28,Andhra Pradesh,523,WEST GODAVARI,-,-,-,-,-,-,-,-,-,17.29000000,81.35000000,26-07-2026 23:00,0.5
1975,Jalleru @ Doramamidi,Andhra Pradesh SW,28,Andhra Pradesh,523,WEST GODAVARI,-,-,-,-,-,-,-,-,-,17.29000000,81.35000000,27-07-2026 01:00,0.5
1976,Jalleru @ Doramamidi,Andhra Pradesh SW,28,Andhra Pradesh,523,WEST GODAVARI,-,-,-,-,-,-,-,-,-,17.29000000,81.35000000,27-07-2026 02:00,0.5
1977,Jalleru @ Doramamidi,Andhra Pradesh SW,28,Andhra Pradesh,523,WEST GODAVARI,-,-,-,-,-,-,-,-,-,17.29000000,81.35000000,27-07-2026 04:00,0.5
1978,Jalleru @ Doramamidi,Andhra Pradesh SW,28,Andhra Pradesh,523,WEST GODAVARI,-,-,-,-,-,-,-,-,-,17.29000000,81.35000000,27-07-2026 05:00,0.5
1979,Jalleru @ Doramamidi,Andhra Pradesh SW,28,Andhra Pradesh,523,WEST GODAVARI,-,-,-,-,-,-,-,-,-,17.29000000,81.35000000,27-07-2026 07:00,0.5
1980,Jalleru @ Doramamidi,Andhra Pradesh SW,28,Andhra Pradesh,523,WEST GODAVARI,-,-,-,-,-,-,-,-,-,17.29000000,81.35000000,27-07-2026 09:00,0.5
1981,Jalleru @ Doramamidi,Andhra Pradesh SW,28,Andhra Pradesh,523,WEST GODAVARI,-,-,-,-,-,-,-,-,-,17.29000000,81.35000000,27-07-2026 11:00,0.5
1982,Jalleru @ Doramamidi,Andhra Pradesh SW,28,Andhra Pradesh,523,WEST GODAVARI,-,-,-,-,-,-,-,-,-,17.29000000,81.35000000,27-07-2026 12:00,0.5
1983,Jalleru @ Doramamidi,Andhra Pradesh SW,28,Andhra Pradesh,523,WEST GODAVARI,-,-,-,-,-,-,-,-,-,17.29000000,81.35000000,27-07-2026 14:00,0.5
1984,Jalleru @ Doramamidi,Andhra Pradesh SW,28,Andhra Pradesh,523,WEST GODAVARI,-,-,-,-,-,-,-,-,-,17.29000000,81.35000000,27-07-2026 16:00,0.5
1985,Jalleru @ Doramamidi,Andhra Pradesh SW,28,Andhra Pradesh,523,WEST GODAVARI,-,-,-,-,-,-,-,-,-,17.29000000,81.35000000,27-07-2026 17:00,0.5
1986,Jalleru @ Doramamidi,Andhra Pradesh SW,28,Andhra Pradesh,523,WEST GODAVARI,-,-,-,-,-,-,-,-,-,17.29000000,81.35000000,27-07-2026 18:00,0.5
1987,Jalleru @ Doramamidi,Andhra Pradesh SW,28,Andhra Pradesh,523,WEST GODAVARI,-,-,-,-,-,-,-,-,-,17.29000000,81.35000000,27-07-2026 20:00,0.5
1988,Jalleru @ Doramamidi,Andhra Pradesh SW,28,Andhra Pradesh,523,WEST GODAVARI,-,-,-,-,-,-,-,-,-,17.29000000,81.35000000,27-07-2026 21:00,0.5
1989,Jalleru @ Doramamidi,Andhra Pradesh SW,28,Andhra Pradesh,523,WEST GODAVARI,-,-,-,-,-,-,-,-,-,17.29000000,81.35000000,27-07-2026 23:00,0.5
1990,Jalleru @ Doramamidi,Andhra Pradesh SW,28,Andhra Pradesh,523,WEST GODAVARI,-,-,-,-,-,-,-,-,-,17.29000000,81.35000000,28-07-2026 00:00,0.5
1991,Jalleru @ Doramamidi,Andhra Pradesh SW,28,Andhra Pradesh,523,WEST GODAVARI,-,-,-,-,-,-,-,-,-,17.29000000,81.35000000,28-07-2026 02:00,0.5
1992,Jalleru @ Doramamidi,Andhra Pradesh SW,28,Andhra Pradesh,523,WEST GODAVARI,-,-,-,-,-,-,-,-,-,17.29000000,81.35000000,28-07-2026 03:00,0.5
1993,Jalleru @ Doramamidi,Andhra Pradesh SW,28,Andhra Pradesh,523,WEST GODAVARI,-,-,-,-,-,-,-,-,-,17.29000000,81.35000000,28-07-2026 05:00,0.5
1994,Jalleru @ Doramamidi,Andhra Pradesh SW,28,Andhra Pradesh,523,WEST GODAVARI,-,-,-,-,-,-,-,-,-,17.29000000,81.35000000,28-07-2026 07:00,0.5
1995,Jalleru @ Doramamidi,Andhra Pradesh SW,28,Andhra Pradesh,523,WEST GODAVARI,-,-,-,-,-,-,-,-,-,17.29000000,81.35000000,28-07-2026 09:00,0.5
1996,Jalleru @ Doramamidi,Andhra Pradesh SW,28,Andhra Pradesh,523,WEST GODAVARI,-,-,-,-,-,-,-,-,-,17.29000000,81.35000000,28-07-2026 10:00,0.5
1997,Jalleru @ Doramamidi,Andhra Pradesh SW,28,Andhra Pradesh,523,WEST GODAVARI,-,-,-,-,-,-,-,-,-,17.29000000,81.35000000,28-07-2026 12:00,0.5
1998,Jalleru @ Doramamidi,Andhra Pradesh SW,28,Andhra Pradesh,523,WEST GODAVARI,-,-,-,-,-,-,-,-,-,17.29000000,81.35000000,28-07-2026 13:00,0.5
1999,Jalleru @ Doramamidi,Andhra Pradesh SW,28,Andhra Pradesh,523,WEST GODAVARI,-,-,-,-,-,-,-,-,-,17.29000000,81.35000000,28-07-2026 14:00,0.5
2000,Jalleru @ Doramamidi,Andhra Pradesh SW,28,Andhra Pradesh,523,WEST GODAVARI,-,-,-,-,-,-,-,-,-,17.29000000,81.35000000,28-07-2026 16:00,0.5
2001,Jalleru @ Doramamidi,Andhra Pradesh SW,28,Andhra Pradesh,523,WEST GODAVARI,-,-,-,-,-,-,-,-,-,17.29000000,81.35000000,28-07-2026 17:00,0.5
2002,Jalleru @ Doramamidi,Andhra Pradesh SW,28,Andhra Pradesh,523,WEST GODAVARI,-,-,-,-,-,-,-,-,-,17.29000000,81.35000000,28-07-2026 19:00,0.5
2003,Jalleru @ Doramamidi,Andhra Pradesh SW,28,Andhra Pradesh,523,WEST GODAVARI,-,-,-,-,-,-,-,-,-,17.29000000,81.35000000,28-07-2026 21:00,0.5
2004,Jalleru @ Doramamidi,Andhra Pradesh SW,28,Andhra Pradesh,523,WEST GODAVARI,-,-,-,-,-,-,-,-,-,17.29000000,81.35000000,28-07-2026 23:00,0.5
2005,Jalleru @ Doramamidi,Andhra Pradesh SW,28,Andhra Pradesh,523,WEST GODAVARI,-,-,-,-,-,-,-,-,-,17.29000000,81.35000000,29-07-2026 01:00,0.5
2006,Jalleru @ Doramamidi,Andhra Pradesh SW,28,Andhra Pradesh,523,WEST GODAVARI,-,-,-,-,-,-,-,-,-,17.29000000,81.35000000,29-07-2026 03:00,0.5
2007,Jalleru @ Doramamidi,Andhra Pradesh SW,28,Andhra Pradesh,523,WEST GODAVARI,-,-,-,-,-,-,-,-,-,17.29000000,81.35000000,29-07-2026 05:00,0.5
2008,Jalleru @ Doramamidi,Andhra Pradesh SW,28,Andhra Pradesh,523,WEST GODAVARI,-,-,-,-,-,-,-,-,-,17.29000000,81.35000000,29-07-2026 07:00,0.5
2009,Jalleru @ Doramamidi,Andhra Pradesh SW,28,Andhra Pradesh,523,WEST GODAVARI,-,-,-,-,-,-,-,-,-,17.29000000,81.35000000,29-07-2026 10:00,0.5
2010,Jalleru @ Doramamidi,Andhra Pradesh SW,28,Andhra Pradesh,523,WEST GODAVARI,-,-,-,-,-,-,-,-,-,17.29000000,81.35000000,29-07-2026 12:00,0.5
2011,Jalleru @ Doramamidi,Andhra Pradesh SW,28,Andhra Pradesh,523,WEST GODAVARI,-,-,-,-,-,-,-,-,-,17.29000000,81.35000000,29-07-2026 15:00,0.5
2012,Jalleru @ Doramamidi,Andhra Pradesh SW,28,Andhra Pradesh,523,WEST GODAVARI,-,-,-,-,-,-,-,-,-,17.29000000,81.35000000,29-07-2026 17:00,0.5
2013,Jalleru @ Doramamidi,Andhra Pradesh SW,28,Andhra Pradesh,523,WEST GODAVARI,-,-,-,-,-,-,-,-,-,17.29000000,81.35000000,29-07-2026 19:00,0.5
2014,Jalleru @ Doramamidi,Andhra Pradesh SW,28,Andhra Pradesh,523,WEST GODAVARI,-,-,-,-,-,-,-,-,-,17.29000000,81.35000000,29-07-2026 22:00,0.5
2015,Jalleru @ Doramamidi,Andhra Pradesh SW,28,Andhra Pradesh,523,WEST GODAVARI,-,-,-,-,-,-,-,-,-,17.29000000,81.35000000,30-07-2026 00:00,0.5
2016,Jalleru @ Doramamidi,Andhra Pradesh SW,28,Andhra Pradesh,523,WEST GODAVARI,-,-,-,-,-,-,-,-,-,17.29000000,81.35000000,30-07-2026 03:00,0.5
2017,Jalleru @ Doramamidi,Andhra Pradesh SW,28,Andhra Pradesh,523,WEST GODAVARI,-,-,-,-,-,-,-,-,-,17.29000000,81.35000000,30-07-2026 05:00,0.5
2018,Jalleru @ Doramamidi,Andhra Pradesh SW,28,Andhra Pradesh,523,WEST GODAVARI,-,-,-,-,-,-,-,-,-,17.29000000,81.35000000,30-07-2026 07:00,0.5
2019,Jalleru @ Doramamidi,Andhra Pradesh SW,28,Andhra Pradesh,523,WEST GODAVARI,-,-,-,-,-,-,-,-,-,17.29000000,81.35000000,30-07-2026 10:00,0.5
2020,Jalleru @ Doramamidi,Andhra Pradesh SW,28,Andhra Pradesh,523,WEST GODAVARI,-,-,-,-,-,-,-,-,-,17.29000000,81.35000000,30-07-2026 11:00,0.5
2021,Jalleru @ Doramamidi,Andhra Pradesh SW,28,Andhra Pradesh,523,WEST GODAVARI,-,-,-,-,-,-,-,-,-,17.29000000,81.35000000,30-07-2026 13:00,0.5
2022,Jalleru @ Doramamidi,Andhra Pradesh SW,28,Andhra Pradesh,523,WEST GODAVARI,-,-,-,-,-,-,-,-,-,17.29000000,81.35000000,30-07-2026 15:00,0.5
2023,Jalleru @ Doramamidi,Andhra Pradesh SW,28,Andhra Pradesh,523,WEST GODAVARI,-,-,-,-,-,-,-,-,-,17.29000000,81.35000000,30-07-2026 16:00,0.5
2024,Jalleru @ Doramamidi,Andhra Pradesh SW,28,Andhra Pradesh,523,WEST GODAVARI,-,-,-,-,-,-,-,-,-,17.29000000,81.35000000,30-07-2026 18:00,0.5
2025,Jalleru @ Doramamidi,Andhra Pradesh SW,28,Andhra Pradesh,523,WEST GODAVARI,-,-,-,-,-,-,-,-,-,17.29000000,81.35000000,30-07-2026 19:00,0.5
2026,Jalleru @ Doramamidi,Andhra Pradesh SW,28,Andhra Pradesh,523,WEST GODAVARI,-,-,-,-,-,-,-,-,-,17.29000000,81.35000000,30-07-2026 20:00,0.5
2027,Jalleru @ Doramamidi,Andhra Pradesh SW,28,Andhra Pradesh,523,WEST GODAVARI,-,-,-,-,-,-,-,-,-,17.29000000,81.35000000,30-07-2026 21:00,0.5
2028,Jalleru @ Doramamidi,Andhra Pradesh SW,28,Andhra Pradesh,523,WEST GODAVARI,-,-,-,-,-,-,-,-,-,17.29000000,81.35000000,30-07-2026 22:00,0.5
2029,Jalleru @ Doramamidi,Andhra Pradesh SW,28,Andhra Pradesh,523,WEST GODAVARI,-,-,-,-,-,-,-,-,-,17.29000000,81.35000000,30-07-2026 23:00,1
2030,Jalleru @ Doramamidi,Andhra Pradesh SW,28,Andhra Pradesh,523,WEST GODAVARI,-,-,-,-,-,-,-,-,-,17.29000000,81.35000000,31-07-2026 01:00,0.5
2031,Jalleru @ Doramamidi,Andhra Pradesh SW,28,Andhra Pradesh,523,WEST GODAVARI,-,-,-,-,-,-,-,-,-,17.29000000,81.35000000,31-07-2026 02:00,0.5
2032,Jalleru @ Doramamidi,Andhra Pradesh SW,28,Andhra Pradesh,523,WEST GODAVARI,-,-,-,-,-,-,-,-,-,17.29000000,81.35000000,31-07-2026 03:00,0.5
2033,Jalleru @ Doramamidi,Andhra Pradesh SW,28,Andhra Pradesh,523,WEST GODAVARI,-,-,-,-,-,-,-,-,-,17.29000000,81.35000000,31-07-2026 04:00,0.5
2034,Jalleru @ Doramamidi,Andhra Pradesh SW,28,Andhra Pradesh,523,WEST GODAVARI,-,-,-,-,-,-,-,-,-,17.29000000,81.35000000,31-07-2026 05:00,0.5
2035,Jalleru @ Doramamidi,Andhra Pradesh SW,28,Andhra Pradesh,523,WEST GODAVARI,-,-,-,-,-,-,-,-,-,17.29000000,81.35000000,31-07-2026 06:00,0.5
2036,Jalleru @ Doramamidi,Andhra Pradesh SW,28,Andhra Pradesh,523,WEST GODAVARI,-,-,-,-,-,-,-,-,-,17.29000000,81.35000000,31-07-2026 07:00,0.5
2037,Jalleru @ Doramamidi,Andhra Pradesh SW,28,Andhra Pradesh,523,WEST GODAVARI,-,-,-,-,-,-,-,-,-,17.29000000,81.35000000,31-07-2026 08:00,0.5
2038,Jalleru @ Doramamidi,Andhra Pradesh SW,28,Andhra Pradesh,523,WEST GODAVARI,-,-,-,-,-,-,-,-,-,17.29000000,81.35000000,31-07-2026 09:00,0.5
2039,Jalleru @ Doramamidi,Andhra Pradesh SW,28,Andhra Pradesh,523,WEST GODAVARI,-,-,-,-,-,-,-,-,-,17.29000000,81.35000000,31-07-2026 10:00,0.5
2040,Jalleru @ Doramamidi,Andhra Pradesh SW,28,Andhra Pradesh,523,WEST GODAVARI,-,-,-,-,-,-,-,-,-,17.29000000,81.35000000,31-07-2026 11:00,0.5
2041,Jalleru @ Doramamidi,Andhra Pradesh SW,28,Andhra Pradesh,523,WEST GODAVARI,-,-,-,-,-,-,-,-,-,17.29000000,81.35000000,31-07-2026 12:00,0.5
2042,Jalleru @ Doramamidi,Andhra Pradesh SW,28,Andhra Pradesh,523,WEST GODAVARI,-,-,-,-,-,-,-,-,-,17.29000000,81.35000000,31-07-2026 14:00,0.5
2043,Jalleru @ Doramamidi,Andhra Pradesh SW,28,Andhra Pradesh,523,WEST GODAVARI,-,-,-,-,-,-,-,-,-,17.29000000,81.35000000,31-07-2026 15:00,0.5
2044,Jalleru @ Doramamidi,Andhra Pradesh SW,28,Andhra Pradesh,523,WEST GODAVARI,-,-,-,-,-,-,-,-,-,17.29000000,81.35000000,31-07-2026 16:00,0.5
2045,Jalleru @ Doramamidi,Andhra Pradesh SW,28,Andhra Pradesh,523,WEST GODAVARI,-,-,-,-,-,-,-,-,-,17.29000000,81.35000000,31-07-2026 17:00,0.5
2046,Jalleru @ Doramamidi,Andhra Pradesh SW,28,Andhra Pradesh,523,WEST GODAVARI,-,-,-,-,-,-,-,-,-,17.29000000,81.35000000,31-07-2026 19:00,0.5
2047,Jalleru @ Doramamidi,Andhra Pradesh SW,28,Andhra Pradesh,523,WEST GODAVARI,-,-,-,-,-,-,-,-,-,17.29000000,81.35000000,31-07-2026 20:00,0.5
2048,Jalleru @ Doramamidi,Andhra Pradesh SW,28,Andhra Pradesh,523,WEST GODAVARI,-,-,-,-,-,-,-,-,-,17.29000000,81.35000000,01-08-2026 00:00,0.5
2049,Jalleru @ Doramamidi,Andhra Pradesh SW,28,Andhra Pradesh,523,WEST GODAVARI,-,-,-,-,-,-,-,-,-,17.29000000,81.35000000,01-08-2026 01:00,0.5
2050,Jalleru @ Doramamidi,Andhra Pradesh SW,28,Andhra Pradesh,523,WEST GODAVARI,-,-,-,-,-,-,-,-,-,17.29000000,81.35000000,01-08-2026 03:00,0.5
2051,Jalleru @ Doramamidi,Andhra Pradesh SW,28,Andhra Pradesh,523,WEST GODAVARI,-,-,-,-,-,-,-,-,-,17.29000000,81.35000000,01-08-2026 04:00,0.5
2052,Jalleru @ Doramamidi,Andhra Pradesh SW,28,Andhra Pradesh,523,WEST GODAVARI,-,-,-,-,-,-,-,-,-,17.29000000,81.35000000,01-08-2026 06:00,0.5
2053,Jalleru @ Doramamidi,Andhra Pradesh SW,28,Andhra Pradesh,523,WEST GODAVARI,-,-,-,-,-,-,-,-,-,17.29000000,81.35000000,01-08-2026 07:00,0.5
2054,Jalleru @ Doramamidi,Andhra Pradesh SW,28,Andhra Pradesh,523,WEST GODAVARI,-,-,-,-,-,-,-,-,-,17.29000000,81.35000000,01-08-2026 09:00,0.5
2055,Jalleru @ Doramamidi,Andhra Pradesh SW,28,Andhra Pradesh,523,WEST GODAVARI,-,-,-,-,-,-,-,-,-,17.29000000,81.35000000,01-08-2026 10:00,0.5
2056,Jalleru @ Doramamidi,Andhra Pradesh SW,28,Andhra Pradesh,523,WEST GODAVARI,-,-,-,-,-,-,-,-,-,17.29000000,81.35000000,01-08-2026 12:00,0.5
2057,Jalleru @ Doramamidi,Andhra Pradesh SW,28,Andhra Pradesh,523,WEST GODAVARI,-,-,-,-,-,-,-,-,-,17.29000000,81.35000000,01-08-2026 13:00,0.5
2058,Jalleru @ Doramamidi,Andhra Pradesh SW,28,Andhra Pradesh,523,WEST GODAVARI,-,-,-,-,-,-,-,-,-,17.29000000,81.35000000,01-08-2026 15:00,0.5
2059,Jalleru @ Doramamidi,Andhra Pradesh SW,28,Andhra Pradesh,523,WEST GODAVARI,-,-,-,-,-,-,-,-,-,17.29000000,81.35000000,01-08-2026 16:00,0.5
2060,Jalleru @ Doramamidi,Andhra Pradesh SW,28,Andhra Pradesh,523,WEST GODAVARI,-,-,-,-,-,-,-,-,-,17.29000000,81.35000000,01-08-2026 18:00,0.5
2061,Jalleru @ Doramamidi,Andhra Pradesh SW,28,Andhra Pradesh,523,WEST GODAVARI,-,-,-,-,-,-,-,-,-,17.29000000,81.35000000,01-08-2026 19:00,0.5
2062,Jalleru @ Doramamidi,Andhra Pradesh SW,28,Andhra Pradesh,523,WEST GODAVARI,-,-,-,-,-,-,-,-,-,17.29000000,81.35000000,01-08-2026 20:00,0.5
2063,Jalleru @ Doramamidi,Andhra Pradesh SW,28,Andhra Pradesh,523,WEST GODAVARI,-,-,-,-,-,-,-,-,-,17.29000000,81.35000000,01-08-2026 22:00,0.5
2064,Jalleru @ Doramamidi,Andhra Pradesh SW,28,Andhra Pradesh,523,WEST GODAVARI,-,-,-,-,-,-,-,-,-,17.29000000,81.35000000,01-08-2026 23:00,0.5
2065,Jalleru @ Doramamidi,Andhra Pradesh SW,28,Andhra Pradesh,523,WEST GODAVARI,-,-,-,-,-,-,-,-,-,17.29000000,81.35000000,02-08-2026 01:00,0.5
2066,Jalleru @ Doramamidi,Andhra Pradesh SW,28,Andhra Pradesh,523,WEST GODAVARI,-,-,-,-,-,-,-,-,-,17.29000000,81.35000000,02-08-2026 02:00,0.5
2067,Jalleru @ Doramamidi,Andhra Pradesh SW,28,Andhra Pradesh,523,WEST GODAVARI,-,-,-,-,-,-,-,-,-,17.29000000,81.35000000,02-08-2026 04:00,0.5
2068,Jalleru @ Doramamidi,Andhra Pradesh SW,28,Andhra Pradesh,523,WEST GODAVARI,-,-,-,-,-,-,-,-,-,17.29000000,81.35000000,02-08-2026 05:00,0.5
2069,Jalleru @ Doramamidi,Andhra Pradesh SW,28,Andhra Pradesh,523,WEST GODAVARI,-,-,-,-,-,-,-,-,-,17.29000000,81.35000000,02-08-2026 06:00,0.5
2070,Jalleru @ Doramamidi,Andhra Pradesh SW,28,Andhra Pradesh,523,WEST GODAVARI,-,-,-,-,-,-,-,-,-,17.29000000,81.35000000,02-08-2026 07:00,0.5
2071,Jalleru @ Doramamidi,Andhra Pradesh SW,28,Andhra Pradesh,523,WEST GODAVARI,-,-,-,-,-,-,-,-,-,17.29000000,81.35000000,02-08-2026 09:00,0.5
2072,Jalleru @ Doramamidi,Andhra Pradesh SW,28,Andhra Pradesh,523,WEST GODAVARI,-,-,-,-,-,-,-,-,-,17.29000000,81.35000000,02-08-2026 10:00,0.5
2073,Jalleru @ Doramamidi,Andhra Pradesh SW,28,Andhra Pradesh,523,WEST GODAVARI,-,-,-,-,-,-,-,-,-,17.29000000,81.35000000,02-08-2026 11:00,0.5
2074,Jalleru @ Doramamidi,Andhra Pradesh SW,28,Andhra Pradesh,523,WEST GODAVARI,-,-,-,-,-,-,-,-,-,17.29000000,81.35000000,02-08-2026 12:00,0.5
2075,Jalleru @ Doramamidi,Andhra Pradesh SW,28,Andhra Pradesh,523,WEST GODAVARI,-,-,-,-,-,-,-,-,-,17.29000000,81.35000000,02-08-2026 14:00,0.5
2076,Jalleru @ Doramamidi,Andhra Pradesh SW,28,Andhra Pradesh,523,WEST GODAVARI,-,-,-,-,-,-,-,-,-,17.29000000,81.35000000,02-08-2026 16:00,0.5
2077,Jalleru @ Doramamidi,Andhra Pradesh SW,28,Andhra Pradesh,523,WEST GODAVARI,-,-,-,-,-,-,-,-,-,17.29000000,81.35000000,02-08-2026 17:00,0.5
2078,Jalleru @ Doramamidi,Andhra Pradesh SW,28,Andhra Pradesh,523,WEST GODAVARI,-,-,-,-,-,-,-,-,-,17.29000000,81.35000000,02-08-2026 19:00,0.5
2079,Jalleru @ Doramamidi,Andhra Pradesh SW,28,Andhra Pradesh,523,WEST GODAVARI,-,-,-,-,-,-,-,-,-,17.29000000,81.35000000,02-08-2026 20:00,0.5
2080,Jalleru @ Doramamidi,Andhra Pradesh SW,28,Andhra Pradesh,523,WEST GODAVARI,-,-,-,-,-,-,-,-,-,17.29000000,81.35000000,02-08-2026 22:00,0.5
2081,Jalleru @ Doramamidi,Andhra Pradesh SW,28,Andhra Pradesh,523,WEST GODAVARI,-,-,-,-,-,-,-,-,-,17.29000000,81.35000000,02-08-2026 23:00,0.5
2082,Jalleru @ Doramamidi,Andhra Pradesh SW,28,Andhra Pradesh,523,WEST GODAVARI,-,-,-,-,-,-,-,-,-,17.29000000,81.35000000,03-08-2026 00:00,0.5
2083,Jalleru @ Doramamidi,Andhra Pradesh SW,28,Andhra Pradesh,523,WEST GODAVARI,-,-,-,-,-,-,-,-,-,17.29000000,81.35000000,03-08-2026 02:00,0.5
2084,Jalleru @ Doramamidi,Andhra Pradesh SW,28,Andhra Pradesh,523,WEST GODAVARI,-,-,-,-,-,-,-,-,-,17.29000000,81.35000000,03-08-2026 03:00,0.5
2085,Jalleru @ Doramamidi,Andhra Pradesh SW,28,Andhra Pradesh,523,WEST GODAVARI,-,-,-,-,-,-,-,-,-,17.29000000,81.35000000,03-08-2026 05:00,0.5
2086,Jalleru @ Doramamidi,Andhra Pradesh SW,28,Andhra Pradesh,523,WEST GODAVARI,-,-,-,-,-,-,-,-,-,17.29000000,81.35000000,03-08-2026 07:00,0.5
2087,Jalleru @ Doramamidi,Andhra Pradesh SW,28,Andhra Pradesh,523,WEST GODAVARI,-,-,-,-,-,-,-,-,-,17.29000000,81.35000000,03-08-2026 08:00,0.5
2088,Jalleru @ Doramamidi,Andhra Pradesh SW,28,Andhra Pradesh,523,WEST GODAVARI,-,-,-,-,-,-,-,-,-,17.29000000,81.35000000,03-08-2026 10:00,0.5
2089,Jalleru @ Doramamidi,Andhra Pradesh SW,28,Andhra Pradesh,523,WEST GODAVARI,-,-,-,-,-,-,-,-,-,17.29000000,81.35000000,03-08-2026 12:00,0.5
2090,Jalleru @ Doramamidi,Andhra Pradesh SW,28,Andhra Pradesh,523,WEST GODAVARI,-,-,-,-,-,-,-,-,-,17.29000000,81.35000000,03-08-2026 13:00,0.5
2091,Jalleru @ Doramamidi,Andhra Pradesh SW,28,Andhra Pradesh,523,WEST GODAVARI,-,-,-,-,-,-,-,-,-,17.29000000,81.35000000,03-08-2026 15:00,0.5
2092,Jalleru @ Doramamidi,Andhra Pradesh SW,28,Andhra Pradesh,523,WEST GODAVARI,-,-,-,-,-,-,-,-,-,17.29000000,81.35000000,03-08-2026 17:00,0.5
2093,Jalleru @ Doramamidi,Andhra Pradesh SW,28,Andhra Pradesh,523,WEST GODAVARI,-,-,-,-,-,-,-,-,-,17.29000000,81.35000000,03-08-2026 19:00,0.5
2094,Jalleru @ Doramamidi,Andhra Pradesh SW,28,Andhra Pradesh,523,WEST GODAVARI,-,-,-,-,-,-,-,-,-,17.29000000,81.35000000,03-08-2026 20:00,0.5
2095,Jalleru @ Doramamidi,Andhra Pradesh SW,28,Andhra Pradesh,523,WEST GODAVARI,-,-,-,-,-,-,-,-,-,17.29000000,81.35000000,03-08-2026 22:00,0.5
2096,Jalleru @ Doramamidi,Andhra Pradesh SW,28,Andhra Pradesh,523,WEST GODAVARI,-,-,-,-,-,-,-,-,-,17.29000000,81.35000000,04-08-2026 00:00,0.5
2097,Jalleru @ Doramamidi,Andhra Pradesh SW,28,Andhra Pradesh,523,WEST GODAVARI,-,-,-,-,-,-,-,-,-,17.29000000,81.35000000,04-08-2026 02:00,0.5
2098,Jalleru @ Doramamidi,Andhra Pradesh SW,28,Andhra Pradesh,523,WEST GODAVARI,-,-,-,-,-,-,-,-,-,17.29000000,81.35000000,04-08-2026 04:00,0.5
2099,Jalleru @ Doramamidi,Andhra Pradesh SW,28,Andhra Pradesh,523,WEST GODAVARI,-,-,-,-,-,-,-,-,-,17.29000000,81.35000000,04-08-2026 05:00,0.5
2100,Jalleru @ Doramamidi,Andhra Pradesh SW,28,Andhra Pradesh,523,WEST GODAVARI,-,-,-,-,-,-,-,-,-,17.29000000,81.35000000,04-08-2026 07:00,0.5
2101,Jalleru @ Doramamidi,Andhra Pradesh SW,28,Andhra Pradesh,523,WEST GODAVARI,-,-,-,-,-,-,-,-,-,17.29000000,81.35000000,04-08-2026 08:00,0.5
2102,Jalleru @ Doramamidi,Andhra Pradesh SW,28,Andhra Pradesh,523,WEST GODAVARI,-,-,-,-,-,-,-,-,-,17.29000000,81.35000000,04-08-2026 09:00,1
2103,Jalleru @ Doramamidi,Andhra Pradesh SW,28,Andhra Pradesh,523,WEST GODAVARI,-,-,-,-,-,-,-,-,-,17.29000000,81.35000000,04-08-2026 10:00,0.5
2104,Jalleru @ Doramamidi,Andhra Pradesh SW,28,Andhra Pradesh,523,WEST GODAVARI,-,-,-,-,-,-,-,-,-,17.29000000,81.35000000,04-08-2026 11:00,0.5
2105,Jalleru @ Doramamidi,Andhra Pradesh SW,28,Andhra Pradesh,523,WEST GODAVARI,-,-,-,-,-,-,-,-,-,17.29000000,81.35000000,04-08-2026 12:00,0.5
2106,Jalleru @ Doramamidi,Andhra Pradesh SW,28,Andhra Pradesh,523,WEST GODAVARI,-,-,-,-,-,-,-,-,-,17.29000000,81.35000000,04-08-2026 13:00,0.5
2107,Jalleru @ Doramamidi,Andhra Pradesh SW,28,Andhra Pradesh,523,WEST GODAVARI,-,-,-,-,-,-,-,-,-,17.29000000,81.35000000,04-08-2026 14:00,0.5
2108,Jalleru @ Doramamidi,Andhra Pradesh SW,28,Andhra Pradesh,523,WEST GODAVARI,-,-,-,-,-,-,-,-,-,17.29000000,81.35000000,04-08-2026 15:00,1
2109,Jalleru @ Doramamidi,Andhra Pradesh SW,28,Andhra Pradesh,523,WEST GODAVARI,-,-,-,-,-,-,-,-,-,17.29000000,81.35000000,04-08-2026 16:00,0.5
2110,Jalleru @ Doramamidi,Andhra Pradesh SW,28,Andhra Pradesh,523,WEST GODAVARI,-,-,-,-,-,-,-,-,-,17.29000000,81.35000000,04-08-2026 17:00,0.5
2111,Jalleru @ Doramamidi,Andhra Pradesh SW,28,Andhra Pradesh,523,WEST GODAVARI,-,-,-,-,-,-,-,-,-,17.29000000,81.35000000,04-08-2026 18:00,0.5
2112,Jalleru @ Doramamidi,Andhra Pradesh SW,28,Andhra Pradesh,523,WEST GODAVARI,-,-,-,-,-,-,-,-,-,17.29000000,81.35000000,04-08-2026 19:00,0.5
2113,Jalleru @ Doramamidi,Andhra Pradesh SW,28,Andhra Pradesh,523,WEST GODAVARI,-,-,-,-,-,-,-,-,-,17.29000000,81.35000000,04-08-2026 20:00,0.5
2114,Jalleru @ Doramamidi,Andhra Pradesh SW,28,Andhra Pradesh,523,WEST GODAVARI,-,-,-,-,-,-,-,-,-,17.29000000,81.35000000,04-08-2026 21:00,0.5
2115,Jalleru @ Doramamidi,Andhra Pradesh SW,28,Andhra Pradesh,523,WEST GODAVARI,-,-,-,-,-,-,-,-,-,17.29000000,81.35000000,04-08-2026 22:00,0.5
2116,Jalleru @ Doramamidi,Andhra Pradesh SW,28,Andhra Pradesh,523,WEST GODAVARI,-,-,-,-,-,-,-,-,-,17.29000000,81.35000000,04-08-2026 23:00,0.5
2117,Jalleru @ Doramamidi,Andhra Pradesh SW,28,Andhra Pradesh,523,WEST GODAVARI,-,-,-,-,-,-,-,-,-,17.29000000,81.35000000,05-08-2026 00:00,0.5
2118,Jalleru @ Doramamidi,Andhra Pradesh SW,28,Andhra Pradesh,523,WEST GODAVARI,-,-,-,-,-,-,-,-,-,17.29000000,81.35000000,05-08-2026 01:00,0.5
2119,Jalleru @ Doramamidi,Andhra Pradesh SW,28,Andhra Pradesh,523,WEST GODAVARI,-,-,-,-,-,-,-,-,-,17.29000000,81.35000000,05-08-2026 02:00,0.5
2120,Jalleru @ Doramamidi,Andhra Pradesh SW,28,Andhra Pradesh,523,WEST GODAVARI,-,-,-,-,-,-,-,-,-,17.29000000,81.35000000,05-08-2026 03:00,0.5
2121,Jalleru @ Doramamidi,Andhra Pradesh SW,28,Andhra Pradesh,523,WEST GODAVARI,-,-,-,-,-,-,-,-,-,17.29000000,81.35000000,05-08-2026 04:00,0.5
2122,Jalleru @ Doramamidi,Andhra Pradesh SW,28,Andhra Pradesh,523,WEST GODAVARI,-,-,-,-,-,-,-,-,-,17.29000000,81.35000000,05-08-2026 05:00,0.5
2123,Jalleru @ Doramamidi,Andhra Pradesh SW,28,Andhra Pradesh,523,WEST GODAVARI,-,-,-,-,-,-,-,-,-,17.29000000,81.35000000,05-08-2026 06:00,0.5
2124,Jalleru @ Doramamidi,Andhra Pradesh SW,28,Andhra Pradesh,523,WEST GODAVARI,-,-,-,-,-,-,-,-,-,17.29000000,81.35000000,05-08-2026 07:00,0.5
2125,Jalleru @ Doramamidi,Andhra Pradesh SW,28,Andhra Pradesh,523,WEST GODAVARI,-,-,-,-,-,-,-,-,-,17.29000000,81.35000000,05-08-2026 08:00,0.5
2126,Jalleru @ Doramamidi,Andhra Pradesh SW,28,Andhra Pradesh,523,WEST GODAVARI,-,-,-,-,-,-,-,-,-,17.29000000,81.35000000,05-08-2026 09:00,0.5
2127,Jalleru @ Doramamidi,Andhra Pradesh SW,28,Andhra Pradesh,523,WEST GODAVARI,-,-,-,-,-,-,-,-,-,17.29000000,81.35000000,05-08-2026 10:00,0.5
2128,Jalleru @ Doramamidi,Andhra Pradesh SW,28,Andhra Pradesh,523,WEST GODAVARI,-,-,-,-,-,-,-,-,-,17.29000000,81.35000000,05-08-2026 11:00,0.5
2129,Jalleru @ Doramamidi,Andhra Pradesh SW,28,Andhra Pradesh,523,WEST GODAVARI,-,-,-,-,-,-,-,-,-,17.29000000,81.35000000,05-08-2026 12:00,0.5
2130,Jalleru @ Doramamidi,Andhra Pradesh SW,28,Andhra Pradesh,523,WEST GODAVARI,-,-,-,-,-,-,-,-,-,17.29000000,81.35000000,05-08-2026 13:00,0.5
2131,Jalleru @ Doramamidi,Andhra Pradesh SW,28,Andhra Pradesh,523,WEST GODAVARI,-,-,-,-,-,-,-,-,-,17.29000000,81.35000000,05-08-2026 15:00,0.5
2132,Jalleru @ Doramamidi,Andhra Pradesh SW,28,Andhra Pradesh,523,WEST GODAVARI,-,-,-,-,-,-,-,-,-,17.29000000,81.35000000,05-08-2026 16:00,0.5
2133,Jalleru @ Doramamidi,Andhra Pradesh SW,28,Andhra Pradesh,523,WEST GODAVARI,-,-,-,-,-,-,-,-,-,17.29000000,81.35000000,05-08-2026 17:00,1
2134,Jalleru @ Doramamidi,Andhra Pradesh SW,28,Andhra Pradesh,523,WEST GODAVARI,-,-,-,-,-,-,-,-,-,17.29000000,81.35000000,05-08-2026 18:00,0.5
2135,Jalleru @ Doramamidi,Andhra Pradesh SW,28,Andhra Pradesh,523,WEST GODAVARI,-,-,-,-,-,-,-,-,-,17.29000000,81.35000000,05-08-2026 19:00,0.5
2136,Jalleru @ Doramamidi,Andhra Pradesh SW,28,Andhra Pradesh,523,WEST GODAVARI,-,-,-,-,-,-,-,-,-,17.29000000,81.35000000,05-08-2026 20:00,0.5
2137,Jalleru @ Doramamidi,Andhra Pradesh SW,28,Andhra Pradesh,523,WEST GODAVARI,-,-,-,-,-,-,-,-,-,17.29000000,81.35000000,05-08-2026 21:00,0.5
2138,Jalleru @ Doramamidi,Andhra Pradesh SW,28,Andhra Pradesh,523,WEST GODAVARI,-,-,-,-,-,-,-,-,-,17.29000000,81.35000000,05-08-2026 22:00,0.5
2139,Jalleru @ Doramamidi,Andhra Pradesh SW,28,Andhra Pradesh,523,WEST GODAVARI,-,-,-,-,-,-,-,-,-,17.29000000,81.35000000,05-08-2026 23:00,0.5
2140,Jalleru @ Doramamidi,Andhra Pradesh SW,28,Andhra Pradesh,523,WEST GODAVARI,-,-,-,-,-,-,-,-,-,17.29000000,81.35000000,06-08-2026 00:00,0.5
2141,Jalleru @ Doramamidi,Andhra Pradesh SW,28,Andhra Pradesh,523,WEST GODAVARI,-,-,-,-,-,-,-,-,-,17.29000000,81.35000000,06-08-2026 01:00,0.5
2142,Jalleru @ Doramamidi,Andhra Pradesh SW,28,Andhra Pradesh,523,WEST GODAVARI,-,-,-,-,-,-,-,-,-,17.29000000,81.35000000,06-08-2026 02:00,0.5
2143,Jalleru @ Doramamidi,Andhra Pradesh SW,28,Andhra Pradesh,523,WEST GODAVARI,-,-,-,-,-,-,-,-,-,17.29000000,81.35000000,06-08-2026 03:00,0.5
2144,Jalleru @ Doramamidi,Andhra Pradesh SW,28,Andhra Pradesh,523,WEST GODAVARI,-,-,-,-,-,-,-,-,-,17.29000000,81.35000000,06-08-2026 04:00,0.5
2145,Jalleru @ Doramamidi,Andhra Pradesh SW,28,Andhra Pradesh,523,WEST GODAVARI,-,-,-,-,-,-,-,-,-,17.29000000,81.35000000,06-08-2026 05:00,0.5
2146,Jalleru @ Doramamidi,Andhra Pradesh SW,28,Andhra Pradesh,523,WEST GODAVARI,-,-,-,-,-,-,-,-,-,17.29000000,81.35000000,06-08-2026 06:00,0.5
2147,Jalleru @ Doramamidi,Andhra Pradesh SW,28,Andhra Pradesh,523,WEST GODAVARI,-,-,-,-,-,-,-,-,-,17.29000000,81.35000000,06-08-2026 08:00,0.5
2148,Jalleru @ Doramamidi,Andhra Pradesh SW,28,Andhra Pradesh,523,WEST GODAVARI,-,-,-,-,-,-,-,-,-,17.29000000,81.35000000,06-08-2026 09:00,0.5
2149,Jalleru @ Doramamidi,Andhra Pradesh SW,28,Andhra Pradesh,523,WEST GODAVARI,-,-,-,-,-,-,-,-,-,17.29000000,81.35000000,06-08-2026 10:00,0.5
2150,Jalleru @ Doramamidi,Andhra Pradesh SW,28,Andhra Pradesh,523,WEST GODAVARI,-,-,-,-,-,-,-,-,-,17.29000000,81.35000000,06-08-2026 11:00,0.5
2151,Jalleru @ Doramamidi,Andhra Pradesh SW,28,Andhra Pradesh,523,WEST GODAVARI,-,-,-,-,-,-,-,-,-,17.29000000,81.35000000,06-08-2026 12:00,0.5
2152,Jalleru @ Doramamidi,Andhra Pradesh SW,28,Andhra Pradesh,523,WEST GODAVARI,-,-,-,-,-,-,-,-,-,17.29000000,81.35000000,06-08-2026 13:00,0.5
2153,Jalleru @ Doramamidi,Andhra Pradesh SW,28,Andhra Pradesh,523,WEST GODAVARI,-,-,-,-,-,-,-,-,-,17.29000000,81.35000000,06-08-2026 14:00,0.5
2154,Jalleru @ Doramamidi,Andhra Pradesh SW,28,Andhra Pradesh,523,WEST GODAVARI,-,-,-,-,-,-,-,-,-,17.29000000,81.35000000,06-08-2026 16:00,0.5
2155,Jalleru @ Doramamidi,Andhra Pradesh SW,28,Andhra Pradesh,523,WEST GODAVARI,-,-,-,-,-,-,-,-,-,17.29000000,81.35000000,06-08-2026 17:00,0.5
2156,Jalleru @ Doramamidi,Andhra Pradesh SW,28,Andhra Pradesh,523,WEST GODAVARI,-,-,-,-,-,-,-,-,-,17.29000000,81.35000000,06-08-2026 18:00,0.5
2157,Jalleru @ Doramamidi,Andhra Pradesh SW,28,Andhra Pradesh,523,WEST GODAVARI,-,-,-,-,-,-,-,-,-,17.29000000,81.35000000,06-08-2026 19:00,0.5
2158,Jalleru @ Doramamidi,Andhra Pradesh SW,28,Andhra Pradesh,523,WEST GODAVARI,-,-,-,-,-,-,-,-,-,17.29000000,81.35000000,06-08-2026 21:00,0.5
2159,Jalleru @ Doramamidi,Andhra Pradesh SW,28,Andhra Pradesh,523,WEST GODAVARI,-,-,-,-,-,-,-,-,-,17.29000000,81.35000000,06-08-2026 22:00,0.5
2160,Jalleru @ Doramamidi,Andhra Pradesh SW,28,Andhra Pradesh,523,WEST GODAVARI,-,-,-,-,-,-,-,-,-,17.29000000,81.35000000,07-08-2026 00:00,0.5
2161,Jalleru @ Doramamidi,Andhra Pradesh SW,28,Andhra Pradesh,523,WEST GODAVARI,-,-,-,-,-,-,-,-,-,17.29000000,81.35000000,07-08-2026 02:00,0.5
2162,Jalleru @ Doramamidi,Andhra Pradesh SW,28,Andhra Pradesh,523,WEST GODAVARI,-,-,-,-,-,-,-,-,-,17.29000000,81.35000000,07-08-2026 03:00,0.5
2163,Jalleru @ Doramamidi,Andhra Pradesh SW,28,Andhra Pradesh,523,WEST GODAVARI,-,-,-,-,-,-,-,-,-,17.29000000,81.35000000,07-08-2026 05:00,0.5
2164,Jalleru @ Doramamidi,Andhra Pradesh SW,28,Andhra Pradesh,523,WEST GODAVARI,-,-,-,-,-,-,-,-,-,17.29000000,81.35000000,07-08-2026 06:00,0.5
2165,Jalleru @ Doramamidi,Andhra Pradesh SW,28,Andhra Pradesh,523,WEST GODAVARI,-,-,-,-,-,-,-,-,-,17.29000000,81.35000000,07-08-2026 07:00,0.5
2166,Jalleru @ Doramamidi,Andhra Pradesh SW,28,Andhra Pradesh,523,WEST GODAVARI,-,-,-,-,-,-,-,-,-,17.29000000,81.35000000,07-08-2026 09:00,0.5
2167,Jalleru @ Doramamidi,Andhra Pradesh SW,28,Andhra Pradesh,523,WEST GODAVARI,-,-,-,-,-,-,-,-,-,17.29000000,81.35000000,07-08-2026 10:00,0.5
2168,Jalleru @ Doramamidi,Andhra Pradesh SW,28,Andhra Pradesh,523,WEST GODAVARI,-,-,-,-,-,-,-,-,-,17.29000000,81.35000000,07-08-2026 11:00,0.5
2169,Jalleru @ Doramamidi,Andhra Pradesh SW,28,Andhra Pradesh,523,WEST GODAVARI,-,-,-,-,-,-,-,-,-,17.29000000,81.35000000,07-08-2026 13:00,0.5
2170,Jalleru @ Doramamidi,Andhra Pradesh SW,28,Andhra Pradesh,523,WEST GODAVARI,-,-,-,-,-,-,-,-,-,17.29000000,81.35000000,07-08-2026 14:00,0.5
2171,Jalleru @ Doramamidi,Andhra Pradesh SW,28,Andhra Pradesh,523,WEST GODAVARI,-,-,-,-,-,-,-,-,-,17.29000000,81.35000000,07-08-2026 15:00,0.5
2172,Jalleru @ Doramamidi,Andhra Pradesh SW,28,Andhra Pradesh,523,WEST GODAVARI,-,-,-,-,-,-,-,-,-,17.29000000,81.35000000,07-08-2026 17:00,0.5
2173,Jalleru @ Doramamidi,Andhra Pradesh SW,28,Andhra Pradesh,523,WEST GODAVARI,-,-,-,-,-,-,-,-,-,17.29000000,81.35000000,07-08-2026 18:00,0.5
2174,Jalleru @ Doramamidi,Andhra Pradesh SW,28,Andhra Pradesh,523,WEST GODAVARI,-,-,-,-,-,-,-,-,-,17.29000000,81.35000000,07-08-2026 20:00,0.5
2175,Jalleru @ Doramamidi,Andhra Pradesh SW,28,Andhra Pradesh,523,WEST GODAVARI,-,-,-,-,-,-,-,-,-,17.29000000,81.35000000,07-08-2026 21:00,0.5
2176,Jalleru @ Doramamidi,Andhra Pradesh SW,28,Andhra Pradesh,523,WEST GODAVARI,-,-,-,-,-,-,-,-,-,17.29000000,81.35000000,07-08-2026 23:00,0.5
2177,Jalleru @ Doramamidi,Andhra Pradesh SW,28,Andhra Pradesh,523,WEST GODAVARI,-,-,-,-,-,-,-,-,-,17.29000000,81.35000000,08-08-2026 00:00,0.5
2178,Jalleru @ Doramamidi,Andhra Pradesh SW,28,Andhra Pradesh,523,WEST GODAVARI,-,-,-,-,-,-,-,-,-,17.29000000,81.35000000,08-08-2026 02:00,0.5
2179,Jalleru @ Doramamidi,Andhra Pradesh SW,28,Andhra Pradesh,523,WEST GODAVARI,-,-,-,-,-,-,-,-,-,17.29000000,81.35000000,08-08-2026 03:00,0.5
2180,Jalleru @ Doramamidi,Andhra Pradesh SW,28,Andhra Pradesh,523,WEST GODAVARI,-,-,-,-,-,-,-,-,-,17.29000000,81.35000000,08-08-2026 04:00,0.5
2181,Jalleru @ Doramamidi,Andhra Pradesh SW,28,Andhra Pradesh,523,WEST GODAVARI,-,-,-,-,-,-,-,-,-,17.29000000,81.35000000,08-08-2026 06:00,0.5
2182,Jalleru @ Doramamidi,Andhra Pradesh SW,28,Andhra Pradesh,523,WEST GODAVARI,-,-,-,-,-,-,-,-,-,17.29000000,81.35000000,08-08-2026 07:00,0.5
2183,Jalleru @ Doramamidi,Andhra Pradesh SW,28,Andhra Pradesh,523,WEST GODAVARI,-,-,-,-,-,-,-,-,-,17.29000000,81.35000000,08-08-2026 08:00,0.5
2184,Jalleru @ Doramamidi,Andhra Pradesh SW,28,Andhra Pradesh,523,WEST GODAVARI,-,-,-,-,-,-,-,-,-,17.29000000,81.35000000,08-08-2026 10:00,0.5
2185,Jalleru @ Doramamidi,Andhra Pradesh SW,28,Andhra Pradesh,523,WEST GODAVARI,-,-,-,-,-,-,-,-,-,17.29000000,81.35000000,08-08-2026 11:00,0.5
2186,Jalleru @ Doramamidi,Andhra Pradesh SW,28,Andhra Pradesh,523,WEST GODAVARI,-,-,-,-,-,-,-,-,-,17.29000000,81.35000000,08-08-2026 12:00,0.5
2187,Jalleru @ Doramamidi,Andhra Pradesh SW,28,Andhra Pradesh,523,WEST GODAVARI,-,-,-,-,-,-,-,-,-,17.29000000,81.35000000,08-08-2026 14:00,0.5
2188,Jalleru @ Doramamidi,Andhra Pradesh SW,28,Andhra Pradesh,523,WEST GODAVARI,-,-,-,-,-,-,-,-,-,17.29000000,81.35000000,08-08-2026 15:00,0.5
2189,Jalleru @ Doramamidi,Andhra Pradesh SW,28,Andhra Pradesh,523,WEST GODAVARI,-,-,-,-,-,-,-,-,-,17.29000000,81.35000000,08-08-2026 17:00,0.5
2190,Jalleru @ Doramamidi,Andhra Pradesh SW,28,Andhra Pradesh,523,WEST GODAVARI,-,-,-,-,-,-,-,-,-,17.29000000,81.35000000,08-08-2026 18:00,0.5
2191,Jalleru @ Doramamidi,Andhra Pradesh SW,28,Andhra Pradesh,523,WEST GODAVARI,-,-,-,-,-,-,-,-,-,17.29000000,81.35000000,08-08-2026 19:00,0.5
2192,Jalleru @ Doramamidi,Andhra Pradesh SW,28,Andhra Pradesh,523,WEST GODAVARI,-,-,-,-,-,-,-,-,-,17.29000000,81.35000000,08-08-2026 21:00,0.5
2193,Jalleru @ Doramamidi,Andhra Pradesh SW,28,Andhra Pradesh,523,WEST GODAVARI,-,-,-,-,-,-,-,-,-,17.29000000,81.35000000,08-08-2026 22:00,0.5
2194,Jalleru @ Doramamidi,Andhra Pradesh SW,28,Andhra Pradesh,523,WEST GODAVARI,-,-,-,-,-,-,-,-,-,17.29000000,81.35000000,08-08-2026 23:00,0.5
2195,Jalleru @ Doramamidi,Andhra Pradesh SW,28,Andhra Pradesh,523,WEST GODAVARI,-,-,-,-,-,-,-,-,-,17.29000000,81.35000000,09-08-2026 01:00,0.5
2196,Jalleru @ Doramamidi,Andhra Pradesh SW,28,Andhra Pradesh,523,WEST GODAVARI,-,-,-,-,-,-,-,-,-,17.29000000,81.35000000,09-08-2026 02:00,0.5
2197,Jalleru @ Doramamidi,Andhra Pradesh SW,28,Andhra Pradesh,523,WEST GODAVARI,-,-,-,-,-,-,-,-,-,17.29000000,81.35000000,09-08-2026 04:00,0.5
2198,Jalleru @ Doramamidi,Andhra Pradesh SW,28,Andhra Pradesh,523,WEST GODAVARI,-,-,-,-,-,-,-,-,-,17.29000000,81.35000000,09-08-2026 06:00,0.5
2199,Jalleru @ Doramamidi,Andhra Pradesh SW,28,Andhra Pradesh,523,WEST GODAVARI,-,-,-,-,-,-,-,-,-,17.29000000,81.35000000,09-08-2026 07:00,0.5
2200,Jalleru @ Doramamidi,Andhra Pradesh SW,28,Andhra Pradesh,523,WEST GODAVARI,-,-,-,-,-,-,-,-,-,17.29000000,81.35000000,09-08-2026 09:00,0.5
2201,Jalleru @ Doramamidi,Andhra Pradesh SW,28,Andhra Pradesh,523,WEST GODAVARI,-,-,-,-,-,-,-,-,-,17.29000000,81.35000000,09-08-2026 10:00,0.5
2202,Jalleru @ Doramamidi,Andhra Pradesh SW,28,Andhra Pradesh,523,WEST GODAVARI,-,-,-,-,-,-,-,-,-,17.29000000,81.35000000,09-08-2026 12:00,0.5
2203,Jalleru @ Doramamidi,Andhra Pradesh SW,28,Andhra Pradesh,523,WEST GODAVARI,-,-,-,-,-,-,-,-,-,17.29000000,81.35000000,09-08-2026 13:00,0.5
2204,Jalleru @ Doramamidi,Andhra Pradesh SW,28,Andhra Pradesh,523,WEST GODAVARI,-,-,-,-,-,-,-,-,-,17.29000000,81.35000000,09-08-2026 15:00,0.5
2205,Jalleru @ Doramamidi,Andhra Pradesh SW,28,Andhra Pradesh,523,WEST GODAVARI,-,-,-,-,-,-,-,-,-,17.29000000,81.35000000,09-08-2026 17:00,0.5
2206,Jalleru @ Doramamidi,Andhra Pradesh SW,28,Andhra Pradesh,523,WEST GODAVARI,-,-,-,-,-,-,-,-,-,17.29000000,81.35000000,09-08-2026 18:00,0.5
2207,Jalleru @ Doramamidi,Andhra Pradesh SW,28,Andhra Pradesh,523,WEST GODAVARI,-,-,-,-,-,-,-,-,-,17.29000000,81.35000000,09-08-2026 20:00,0.5
2208,Jalleru @ Doramamidi,Andhra Pradesh SW,28,Andhra Pradesh,523,WEST GODAVARI,-,-,-,-,-,-,-,-,-,17.29000000,81.35000000,09-08-2026 21:00,0.5
2209,Jalleru @ Doramamidi,Andhra Pradesh SW,28,Andhra Pradesh,523,WEST GODAVARI,-,-,-,-,-,-,-,-,-,17.29000000,81.35000000,09-08-2026 23:00,0.5
2210,Jalleru @ Doramamidi,Andhra Pradesh SW,28,Andhra Pradesh,523,WEST GODAVARI,-,-,-,-,-,-,-,-,-,17.29000000,81.35000000,10-08-2026 01:00,0.5
2211,Jalleru @ Doramamidi,Andhra Pradesh SW,28,Andhra Pradesh,523,WEST GODAVARI,-,-,-,-,-,-,-,-,-,17.29000000,81.35000000,10-08-2026 03:00,0.5
2212,Jalleru @ Doramamidi,Andhra Pradesh SW,28,Andhra Pradesh,523,WEST GODAVARI,-,-,-,-,-,-,-,-,-,17.29000000,81.35000000,10-08-2026 05:00,0.5
2213,Jalleru @ Doramamidi,Andhra Pradesh SW,28,Andhra Pradesh,523,WEST GODAVARI,-,-,-,-,-,-,-,-,-,17.29000000,81.35000000,10-08-2026 07:00,0.5
2214,Jalleru @ Doramamidi,Andhra Pradesh SW,28,Andhra Pradesh,523,WEST GODAVARI,-,-,-,-,-,-,-,-,-,17.29000000,81.35000000,10-08-2026 09:00,0.5
2215,Jalleru @ Doramamidi,Andhra Pradesh SW,28,Andhra Pradesh,523,WEST GODAVARI,-,-,-,-,-,-,-,-,-,17.29000000,81.35000000,10-08-2026 11:00,0.5
2216,Jalleru @ Doramamidi,Andhra Pradesh SW,28,Andhra Pradesh,523,WEST GODAVARI,-,-,-,-,-,-,-,-,-,17.29000000,81.35000000,10-08-2026 13:00,0.5
2217,Jalleru @ Doramamidi,Andhra Pradesh SW,28,Andhra Pradesh,523,WEST GODAVARI,-,-,-,-,-,-,-,-,-,17.29000000,81.35000000,10-08-2026 15:00,0.5
2218,Jalleru @ Doramamidi,Andhra Pradesh SW,28,Andhra Pradesh,523,WEST GODAVARI,-,-,-,-,-,-,-,-,-,17.29000000,81.35000000,10-08-2026 17:00,0.5
2219,Jalleru @ Doramamidi,Andhra Pradesh SW,28,Andhra Pradesh,523,WEST GODAVARI,-,-,-,-,-,-,-,-,-,17.29000000,81.35000000,10-08-2026 19:00,0.5
2220,Jalleru @ Doramamidi,Andhra Pradesh SW,28,Andhra Pradesh,523,WEST GODAVARI,-,-,-,-,-,-,-,-,-,17.29000000,81.35000000,10-08-2026 21:00,0.5
2221,Jalleru @ Doramamidi,Andhra Pradesh SW,28,Andhra Pradesh,523,WEST GODAVARI,-,-,-,-,-,-,-,-,-,17.29000000,81.35000000,10-08-2026 23:00,0.5
2222,Jalleru @ Doramamidi,Andhra Pradesh SW,28,Andhra Pradesh,523,WEST GODAVARI,-,-,-,-,-,-,-,-,-,17.29000000,81.35000000,11-08-2026 01:00,0.5
2223,Jalleru @ Doramamidi,Andhra Pradesh SW,28,Andhra Pradesh,523,WEST GODAVARI,-,-,-,-,-,-,-,-,-,17.29000000,81.35000000,11-08-2026 04:00,0.5
2224,Jalleru @ Doramamidi,Andhra Pradesh SW,28,Andhra Pradesh,523,WEST GODAVARI,-,-,-,-,-,-,-,-,-,17.29000000,81.35000000,11-08-2026 06:00,0.5
2225,Jalleru @ Doramamidi,Andhra Pradesh SW,28,Andhra Pradesh,523,WEST GODAVARI,-,-,-,-,-,-,-,-,-,17.29000000,81.35000000,11-08-2026 09:00,0.5
2226,Jalleru @ Doramamidi,Andhra Pradesh SW,28,Andhra Pradesh,523,WEST GODAVARI,-,-,-,-,-,-,-,-,-,17.29000000,81.35000000,11-08-2026 11:00,0.5
2227,Jalleru @ Doramamidi,Andhra Pradesh SW,28,Andhra Pradesh,523,WEST GODAVARI,-,-,-,-,-,-,-,-,-,17.29000000,81.35000000,11-08-2026 14:00,0.5
2228,Jalleru @ Doramamidi,Andhra Pradesh SW,28,Andhra Pradesh,523,WEST GODAVARI,-,-,-,-,-,-,-,-,-,17.29000000,81.35000000,11-08-2026 17:00,0.5
2229,Jalleru @ Doramamidi,Andhra Pradesh SW,28,Andhra Pradesh,523,WEST GODAVARI,-,-,-,-,-,-,-,-,-,17.29000000,81.35000000,11-08-2026 18:00,0.5
2230,Jalleru @ Doramamidi,Andhra Pradesh SW,28,Andhra Pradesh,523,WEST GODAVARI,-,-,-,-,-,-,-,-,-,17.29000000,81.35000000,11-08-2026 19:00,0.5
2231,Jalleru @ Doramamidi,Andhra Pradesh SW,28,Andhra Pradesh,523,WEST GODAVARI,-,-,-,-,-,-,-,-,-,17.29000000,81.35000000,11-08-2026 21:00,0.5
2232,Jalleru @ Doramamidi,Andhra Pradesh SW,28,Andhra Pradesh,523,WEST GODAVARI,-,-,-,-,-,-,-,-,-,17.29000000,81.35000000,11-08-2026 22:00,0.5
2233,Jalleru @ Doramamidi,Andhra Pradesh SW,28,Andhra Pradesh,523,WEST GODAVARI,-,-,-,-,-,-,-,-,-,17.29000000,81.35000000,12-08-2026 00:00,0.5
2234,Jalleru @ Doramamidi,Andhra Pradesh SW,28,Andhra Pradesh,523,WEST GODAVARI,-,-,-,-,-,-,-,-,-,17.29000000,81.35000000,12-08-2026 01:00,0.5
2235,Jalleru @ Doramamidi,Andhra Pradesh SW,28,Andhra Pradesh,523,WEST GODAVARI,-,-,-,-,-,-,-,-,-,17.29000000,81.35000000,12-08-2026 03:00,0.5
2236,Jalleru @ Doramamidi,Andhra Pradesh SW,28,Andhra Pradesh,523,WEST GODAVARI,-,-,-,-,-,-,-,-,-,17.29000000,81.35000000,12-08-2026 05:00,0.5
2237,Jalleru @ Doramamidi,Andhra Pradesh SW,28,Andhra Pradesh,523,WEST GODAVARI,-,-,-,-,-,-,-,-,-,17.29000000,81.35000000,12-08-2026 07:00,0.5
2238,Jalleru @ Doramamidi,Andhra Pradesh SW,28,Andhra Pradesh,523,WEST GODAVARI,-,-,-,-,-,-,-,-,-,17.29000000,81.35000000,12-08-2026 09:00,0.5
2239,Jalleru @ Doramamidi,Andhra Pradesh SW,28,Andhra Pradesh,523,WEST GODAVARI,-,-,-,-,-,-,-,-,-,17.29000000,81.35000000,12-08-2026 10:00,0.5
2240,Jalleru @ Doramamidi,Andhra Pradesh SW,28,Andhra Pradesh,523,WEST GODAVARI,-,-,-,-,-,-,-,-,-,17.29000000,81.35000000,12-08-2026 12:00,0.5
2241,Jalleru @ Doramamidi,Andhra Pradesh SW,28,Andhra Pradesh,523,WEST GODAVARI,-,-,-,-,-,-,-,-,-,17.29000000,81.35000000,12-08-2026 13:00,0.5
2242,Jalleru @ Doramamidi,Andhra Pradesh SW,28,Andhra Pradesh,523,WEST GODAVARI,-,-,-,-,-,-,-,-,-,17.29000000,81.35000000,12-08-2026 15:00,0.5
2243,Jalleru @ Doramamidi,Andhra Pradesh SW,28,Andhra Pradesh,523,WEST GODAVARI,-,-,-,-,-,-,-,-,-,17.29000000,81.35000000,12-08-2026 16:00,0.5
2244,Jalleru @ Doramamidi,Andhra Pradesh SW,28,Andhra Pradesh,523,WEST GODAVARI,-,-,-,-,-,-,-,-,-,17.29000000,81.35000000,12-08-2026 18:00,0.5
2245,Jalleru @ Doramamidi,Andhra Pradesh SW,28,Andhra Pradesh,523,WEST GODAVARI,-,-,-,-,-,-,-,-,-,17.29000000,81.35000000,12-08-2026 20:00,0.5
2246,Jalleru @ Doramamidi,Andhra Pradesh SW,28,Andhra Pradesh,523,WEST GODAVARI,-,-,-,-,-,-,-,-,-,17.29000000,81.35000000,12-08-2026 22:00,0.5
2247,Jalleru @ Doramamidi,Andhra Pradesh SW,28,Andhra Pradesh,523,WEST GODAVARI,-,-,-,-,-,-,-,-,-,17.29000000,81.35000000,13-08-2026 00:00,0.5
2248,Jalleru @ Doramamidi,Andhra Pradesh SW,28,Andhra Pradesh,523,WEST GODAVARI,-,-,-,-,-,-,-,-,-,17.29000000,81.35000000,13-08-2026 02:00,0.5
2249,Jalleru @ Doramamidi,Andhra Pradesh SW,28,Andhra Pradesh,523,WEST GODAVARI,-,-,-,-,-,-,-,-,-,17.29000000,81.35000000,13-08-2026 04:00,0.5
2250,Jalleru @ Doramamidi,Andhra Pradesh SW,28,Andhra Pradesh,523,WEST GODAVARI,-,-,-,-,-,-,-,-,-,17.29000000,81.35000000,13-08-2026 06:00,0.5
2251,Jalleru @ Doramamidi,Andhra Pradesh SW,28,Andhra Pradesh,523,WEST GODAVARI,-,-,-,-,-,-,-,-,-,17.29000000,81.35000000,13-08-2026 07:00,0.5
2252,Jalleru @ Doramamidi,Andhra Pradesh SW,28,Andhra Pradesh,523,WEST GODAVARI,-,-,-,-,-,-,-,-,-,17.29000000,81.35000000,13-08-2026 09:00,0.5
2253,Jalleru @ Doramamidi,Andhra Pradesh SW,28,Andhra Pradesh,523,WEST GODAVARI,-,-,-,-,-,-,-,-,-,17.29000000,81.35000000,13-08-2026 11:00,0.5
2254,Jalleru @ Doramamidi,Andhra Pradesh SW,28,Andhra Pradesh,523,WEST GODAVARI,-,-,-,-,-,-,-,-,-,17.29000000,81.35000000,13-08-2026 12:00,0.5
2255,Jalleru @ Doramamidi,Andhra Pradesh SW,28,Andhra Pradesh,523,WEST GODAVARI,-,-,-,-,-,-,-,-,-,17.29000000,81.35000000,13-08-2026 14:00,0.5
2256,Jalleru @ Doramamidi,Andhra Pradesh SW,28,Andhra Pradesh,523,WEST GODAVARI,-,-,-,-,-,-,-,-,-,17.29000000,81.35000000,13-08-2026 16:00,0.5
2257,Jalleru @ Doramamidi,Andhra Pradesh SW,28,Andhra Pradesh,523,WEST GODAVARI,-,-,-,-,-,-,-,-,-,17.29000000,81.35000000,13-08-2026 18:00,0.5
2258,Jalleru @ Doramamidi,Andhra Pradesh SW,28,Andhra Pradesh,523,WEST GODAVARI,-,-,-,-,-,-,-,-,-,17.29000000,81.35000000,13-08-2026 20:00,0.5
2259,Jalleru @ Doramamidi,Andhra Pradesh SW,28,Andhra Pradesh,523,WEST GODAVARI,-,-,-,-,-,-,-,-,-,17.29000000,81.35000000,13-08-2026 22:00,0.5
2260,Jalleru @ Doramamidi,Andhra Pradesh SW,28,Andhra Pradesh,523,WEST GODAVARI,-,-,-,-,-,-,-,-,-,17.29000000,81.35000000,14-08-2026 01:00,0.5
2261,Jalleru @ Doramamidi,Andhra Pradesh SW,28,Andhra Pradesh,523,WEST GODAVARI,-,-,-,-,-,-,-,-,-,17.29000000,81.35000000,14-08-2026 04:00,0.5
2262,Jalleru @ Doramamidi,Andhra Pradesh SW,28,Andhra Pradesh,523,WEST GODAVARI,-,-,-,-,-,-,-,-,-,17.29000000,81.35000000,14-08-2026 06:00,0.5
2263,Jalleru @ Doramamidi,Andhra Pradesh SW,28,Andhra Pradesh,523,WEST GODAVARI,-,-,-,-,-,-,-,-,-,17.29000000,81.35000000,14-08-2026 09:00,0.5
2264,Jalleru @ Doramamidi,Andhra Pradesh SW,28,Andhra Pradesh,523,WEST GODAVARI,-,-,-,-,-,-,-,-,-,17.29000000,81.35000000,14-08-2026 12:00,0.5
2265,Jalleru @ Doramamidi,Andhra Pradesh SW,28,Andhra Pradesh,523,WEST GODAVARI,-,-,-,-,-,-,-,-,-,17.29000000,81.35000000,14-08-2026 15:00,0.5
2266,Jalleru @ Doramamidi,Andhra Pradesh SW,28,Andhra Pradesh,523,WEST GODAVARI,-,-,-,-,-,-,-,-,-,17.29000000,81.35000000,14-08-2026 16:00,0.5
2267,Jalleru @ Doramamidi,Andhra Pradesh SW,28,Andhra Pradesh,523,WEST GODAVARI,-,-,-,-,-,-,-,-,-,17.29000000,81.35000000,14-08-2026 18:00,0.5
2268,Jalleru @ Doramamidi,Andhra Pradesh SW,28,Andhra Pradesh,523,WEST GODAVARI,-,-,-,-,-,-,-,-,-,17.29000000,81.35000000,14-08-2026 20:00,0.5
2269,Jalleru @ Doramamidi,Andhra Pradesh SW,28,Andhra Pradesh,523,WEST GODAVARI,-,-,-,-,-,-,-,-,-,17.29000000,81.35000000,14-08-2026 22:00,0.5
2270,Jalleru @ Doramamidi,Andhra Pradesh SW,28,Andhra Pradesh,523,WEST GODAVARI,-,-,-,-,-,-,-,-,-,17.29000000,81.35000000,15-08-2026 01:00,0.5
2271,Jalleru @ Doramamidi,Andhra Pradesh SW,28,Andhra Pradesh,523,WEST GODAVARI,-,-,-,-,-,-,-,-,-,17.29000000,81.35000000,15-08-2026 03:00,0.5
2272,Jalleru @ Doramamidi,Andhra Pradesh SW,28,Andhra Pradesh,523,WEST GODAVARI,-,-,-,-,-,-,-,-,-,17.29000000,81.35000000,15-08-2026 05:00,0.5
2273,Jalleru @ Doramamidi,Andhra Pradesh SW,28,Andhra Pradesh,523,WEST GODAVARI,-,-,-,-,-,-,-,-,-,17.29000000,81.35000000,15-08-2026 07:00,0.5
2274,Jalleru @ Doramamidi,Andhra Pradesh SW,28,Andhra Pradesh,523,WEST GODAVARI,-,-,-,-,-,-,-,-,-,17.29000000,81.35000000,15-08-2026 08:00,0.5
2275,Jalleru @ Doramamidi,Andhra Pradesh SW,28,Andhra Pradesh,523,WEST GODAVARI,-,-,-,-,-,-,-,-,-,17.29000000,81.35000000,15-08-2026 10:00,0.5
2276,Jalleru @ Doramamidi,Andhra Pradesh SW,28,Andhra Pradesh,523,WEST GODAVARI,-,-,-,-,-,-,-,-,-,17.29000000,81.35000000,15-08-2026 12:00,0.5
2277,Jalleru @ Doramamidi,Andhra Pradesh SW,28,Andhra Pradesh,523,WEST GODAVARI,-,-,-,-,-,-,-,-,-,17.29000000,81.35000000,15-08-2026 14:00,0.5
2278,Jalleru @ Doramamidi,Andhra Pradesh SW,28,Andhra Pradesh,523,WEST GODAVARI,-,-,-,-,-,-,-,-,-,17.29000000,81.35000000,15-08-2026 16:00,0.5
2279,Jalleru @ Doramamidi,Andhra Pradesh SW,28,Andhra Pradesh,523,WEST GODAVARI,-,-,-,-,-,-,-,-,-,17.29000000,81.35000000,15-08-2026 19:00,0.5
2280,Jalleru @ Doramamidi,Andhra Pradesh SW,28,Andhra Pradesh,523,WEST GODAVARI,-,-,-,-,-,-,-,-,-,17.29000000,81.35000000,15-08-2026 21:00,0.5
2281,Jalleru @ Doramamidi,Andhra Pradesh SW,28,Andhra Pradesh,523,WEST GODAVARI,-,-,-,-,-,-,-,-,-,17.29000000,81.35000000,15-08-2026 23:00,0.5
2282,Jalleru @ Doramamidi,Andhra Pradesh SW,28,Andhra Pradesh,523,WEST GODAVARI,-,-,-,-,-,-,-,-,-,17.29000000,81.35000000,16-08-2026 02:00,0.5
2283,Jalleru @ Doramamidi,Andhra Pradesh SW,28,Andhra Pradesh,523,WEST GODAVARI,-,-,-,-,-,-,-,-,-,17.29000000,81.35000000,16-08-2026 04:00,0.5
2284,Jalleru @ Doramamidi,Andhra Pradesh SW,28,Andhra Pradesh,523,WEST GODAVARI,-,-,-,-,-,-,-,-,-,17.29000000,81.35000000,16-08-2026 06:00,0.5
2285,Jalleru @ Doramamidi,Andhra Pradesh SW,28,Andhra Pradesh,523,WEST GODAVARI,-,-,-,-,-,-,-,-,-,17.29000000,81.35000000,16-08-2026 08:00,0.5
2286,Jalleru @ Doramamidi,Andhra Pradesh SW,28,Andhra Pradesh,523,WEST GODAVARI,-,-,-,-,-,-,-,-,-,17.29000000,81.35000000,16-08-2026 10:00,0.5
2287,Jalleru @ Doramamidi,Andhra Pradesh SW,28,Andhra Pradesh,523,WEST GODAVARI,-,-,-,-,-,-,-,-,-,17.29000000,81.35000000,16-08-2026 11:00,0.5
2288,Jalleru @ Doramamidi,Andhra Pradesh SW,28,Andhra Pradesh,523,WEST GODAVARI,-,-,-,-,-,-,-,-,-,17.29000000,81.35000000,16-08-2026 13:00,0.5
2289,Jalleru @ Doramamidi,Andhra Pradesh SW,28,Andhra Pradesh,523,WEST GODAVARI,-,-,-,-,-,-,-,-,-,17.29000000,81.35000000,16-08-2026 14:00,0.5
2290,Jalleru @ Doramamidi,Andhra Pradesh SW,28,Andhra Pradesh,523,WEST GODAVARI,-,-,-,-,-,-,-,-,-,17.29000000,81.35000000,16-08-2026 16:00,0.5
2291,Jalleru @ Doramamidi,Andhra Pradesh SW,28,Andhra Pradesh,523,WEST GODAVARI,-,-,-,-,-,-,-,-,-,17.29000000,81.35000000,16-08-2026 17:00,0.5
2292,Jalleru @ Doramamidi,Andhra Pradesh SW,28,Andhra Pradesh,523,WEST GODAVARI,-,-,-,-,-,-,-,-,-,17.29000000,81.35000000,16-08-2026 19:00,0.5
2293,Jalleru @ Doramamidi,Andhra Pradesh SW,28,Andhra Pradesh,523,WEST GODAVARI,-,-,-,-,-,-,-,-,-,17.29000000,81.35000000,16-08-2026 21:00,0.5
2294,Jalleru @ Doramamidi,Andhra Pradesh SW,28,Andhra Pradesh,523,WEST GODAVARI,-,-,-,-,-,-,-,-,-,17.29000000,81.35000000,16-08-2026 22:00,0.5
2295,Jalleru @ Doramamidi,Andhra Pradesh SW,28,Andhra Pradesh,523,WEST GODAVARI,-,-,-,-,-,-,-,-,-,17.29000000,81.35000000,17-08-2026 00:00,0.5
2296,Jalleru @ Doramamidi,Andhra Pradesh SW,28,Andhra Pradesh,523,WEST GODAVARI,-,-,-,-,-,-,-,-,-,17.29000000,81.35000000,17-08-2026 02:00,0.5
2297,Jalleru @ Doramamidi,Andhra Pradesh SW,28,Andhra Pradesh,523,WEST GODAVARI,-,-,-,-,-,-,-,-,-,17.29000000,81.35000000,17-08-2026 04:00,0.5
2298,Jalleru @ Doramamidi,Andhra Pradesh SW,28,Andhra Pradesh,523,WEST GODAVARI,-,-,-,-,-,-,-,-,-,17.29000000,81.35000000,17-08-2026 06:00,0.5
2299,Jalleru @ Doramamidi,Andhra Pradesh SW,28,Andhra Pradesh,523,WEST GODAVARI,-,-,-,-,-,-,-,-,-,17.29000000,81.35000000,17-08-2026 08:00,0.5
2300,Jalleru @ Doramamidi,Andhra Pradesh SW,28,Andhra Pradesh,523,WEST GODAVARI,-,-,-,-,-,-,-,-,-,17.29000000,81.35000000,17-08-2026 10:00,0.5
2301,Jalleru @ Doramamidi,Andhra Pradesh SW,28,Andhra Pradesh,523,WEST GODAVARI,-,-,-,-,-,-,-,-,-,17.29000000,81.35000000,17-08-2026 12:00,0.5
2302,Jalleru @ Doramamidi,Andhra Pradesh SW,28,Andhra Pradesh,523,WEST GODAVARI,-,-,-,-,-,-,-,-,-,17.29000000,81.35000000,17-08-2026 13:00,0.5
2303,Jalleru @ Doramamidi,Andhra Pradesh SW,28,Andhra Pradesh,523,WEST GODAVARI,-,-,-,-,-,-,-,-,-,17.29000000,81.35000000,17-08-2026 15:00,0.5
2304,Jalleru @ Doramamidi,Andhra Pradesh SW,28,Andhra Pradesh,523,WEST GODAVARI,-,-,-,-,-,-,-,-,-,17.29000000,81.35000000,17-08-2026 16:00,0.5
2305,Jalleru @ Doramamidi,Andhra Pradesh SW,28,Andhra Pradesh,523,WEST GODAVARI,-,-,-,-,-,-,-,-,-,17.29000000,81.35000000,17-08-2026 18:00,0.5
2306,Jalleru @ Doramamidi,Andhra Pradesh SW,28,Andhra Pradesh,523,WEST GODAVARI,-,-,-,-,-,-,-,-,-,17.29000000,81.35000000,17-08-2026 19:00,0.5
2307,Jalleru @ Doramamidi,Andhra Pradesh SW,28,Andhra Pradesh,523,WEST GODAVARI,-,-,-,-,-,-,-,-,-,17.29000000,81.35000000,17-08-2026 21:00,0.5
2308,Jalleru @ Doramamidi,Andhra Pradesh SW,28,Andhra Pradesh,523,WEST GODAVARI,-,-,-,-,-,-,-,-,-,17.29000000,81.35000000,17-08-2026 23:00,0.5
2309,Jalleru @ Doramamidi,Andhra Pradesh SW,28,Andhra Pradesh,523,WEST GODAVARI,-,-,-,-,-,-,-,-,-,17.29000000,81.35000000,18-08-2026 01:00,0.5
2310,Jalleru @ Doramamidi,Andhra Pradesh SW,28,Andhra Pradesh,523,WEST GODAVARI,-,-,-,-,-,-,-,-,-,17.29000000,81.35000000,18-08-2026 02:00,0.5
2311,Jalleru @ Doramamidi,Andhra Pradesh SW,28,Andhra Pradesh,523,WEST GODAVARI,-,-,-,-,-,-,-,-,-,17.29000000,81.35000000,18-08-2026 04:00,0.5
2312,Jalleru @ Doramamidi,Andhra Pradesh SW,28,Andhra Pradesh,523,WEST GODAVARI,-,-,-,-,-,-,-,-,-,17.29000000,81.35000000,18-08-2026 06:00,0.5
2313,Jalleru @ Doramamidi,Andhra Pradesh SW,28,Andhra Pradesh,523,WEST GODAVARI,-,-,-,-,-,-,-,-,-,17.29000000,81.35000000,18-08-2026 09:00,0.5
2314,Jalleru @ Doramamidi,Andhra Pradesh SW,28,Andhra Pradesh,523,WEST GODAVARI,-,-,-,-,-,-,-,-,-,17.29000000,81.35000000,18-08-2026 11:00,0.5
2315,Jalleru @ Doramamidi,Andhra Pradesh SW,28,Andhra Pradesh,523,WEST GODAVARI,-,-,-,-,-,-,-,-,-,17.29000000,81.35000000,18-08-2026 12:00,0.5
2316,Jalleru @ Doramamidi,Andhra Pradesh SW,28,Andhra Pradesh,523,WEST GODAVARI,-,-,-,-,-,-,-,-,-,17.29000000,81.35000000,18-08-2026 14:00,0.5
2317,Jalleru @ Doramamidi,Andhra Pradesh SW,28,Andhra Pradesh,523,WEST GODAVARI,-,-,-,-,-,-,-,-,-,17.29000000,81.35000000,18-08-2026 15:00,0.5
2318,Jalleru @ Doramamidi,Andhra Pradesh SW,28,Andhra Pradesh,523,WEST GODAVARI,-,-,-,-,-,-,-,-,-,17.29000000,81.35000000,18-08-2026 17:00,0.5
2319,Jalleru @ Doramamidi,Andhra Pradesh SW,28,Andhra Pradesh,523,WEST GODAVARI,-,-,-,-,-,-,-,-,-,17.29000000,81.35000000,18-08-2026 19:00,0.5
2320,Jalleru @ Doramamidi,Andhra Pradesh SW,28,Andhra Pradesh,523,WEST GODAVARI,-,-,-,-,-,-,-,-,-,17.29000000,81.35000000,18-08-2026 20:00,0.5
2321,Jalleru @ Doramamidi,Andhra Pradesh SW,28,Andhra Pradesh,523,WEST GODAVARI,-,-,-,-,-,-,-,-,-,17.29000000,81.35000000,18-08-2026 23:00,0.5
2322,Jalleru @ Doramamidi,Andhra Pradesh SW,28,Andhra Pradesh,523,WEST GODAVARI,-,-,-,-,-,-,-,-,-,17.29000000,81.35000000,19-08-2026 01:00,0.5
2323,Jalleru @ Doramamidi,Andhra Pradesh SW,28,Andhra Pradesh,523,WEST GODAVARI,-,-,-,-,-,-,-,-,-,17.29000000,81.35000000,19-08-2026 03:00,0.5
2324,Jalleru @ Doramamidi,Andhra Pradesh SW,28,Andhra Pradesh,523,WEST GODAVARI,-,-,-,-,-,-,-,-,-,17.29000000,81.35000000,19-08-2026 05:00,0.5
2325,Jalleru @ Doramamidi,Andhra Pradesh SW,28,Andhra Pradesh,523,WEST GODAVARI,-,-,-,-,-,-,-,-,-,17.29000000,81.35000000,19-08-2026 07:00,0.5
2326,Jalleru @ Doramamidi,Andhra Pradesh SW,28,Andhra Pradesh,523,WEST GODAVARI,-,-,-,-,-,-,-,-,-,17.29000000,81.35000000,19-08-2026 09:00,0.5
2327,Jalleru @ Doramamidi,Andhra Pradesh SW,28,Andhra Pradesh,523,WEST GODAVARI,-,-,-,-,-,-,-,-,-,17.29000000,81.35000000,19-08-2026 11:00,0.5
2328,Jalleru @ Doramamidi,Andhra Pradesh SW,28,Andhra Pradesh,523,WEST GODAVARI,-,-,-,-,-,-,-,-,-,17.29000000,81.35000000,19-08-2026 12:00,0.5
2329,Jalleru @ Doramamidi,Andhra Pradesh SW,28,Andhra Pradesh,523,WEST GODAVARI,-,-,-,-,-,-,-,-,-,17.29000000,81.35000000,19-08-2026 14:00,0.5
2330,Jalleru @ Doramamidi,Andhra Pradesh SW,28,Andhra Pradesh,523,WEST GODAVARI,-,-,-,-,-,-,-,-,-,17.29000000,81.35000000,19-08-2026 15:00,0.5
2331,Jalleru @ Doramamidi,Andhra Pradesh SW,28,Andhra Pradesh,523,WEST GODAVARI,-,-,-,-,-,-,-,-,-,17.29000000,81.35000000,19-08-2026 17:00,0.5
2332,Jalleru @ Doramamidi,Andhra Pradesh SW,28,Andhra Pradesh,523,WEST GODAVARI,-,-,-,-,-,-,-,-,-,17.29000000,81.35000000,19-08-2026 18:00,0.5
2333,Jalleru @ Doramamidi,Andhra Pradesh SW,28,Andhra Pradesh,523,WEST GODAVARI,-,-,-,-,-,-,-,-,-,17.29000000,81.35000000,19-08-2026 20:00,0.5
2334,Jalleru @ Doramamidi,Andhra Pradesh SW,28,Andhra Pradesh,523,WEST GODAVARI,-,-,-,-,-,-,-,-,-,17.29000000,81.35000000,19-08-2026 21:00,0.5
2335,Jalleru @ Doramamidi,Andhra Pradesh SW,28,Andhra Pradesh,523,WEST GODAVARI,-,-,-,-,-,-,-,-,-,17.29000000,81.35000000,19-08-2026 22:00,0.5
2336,Jalleru @ Doramamidi,Andhra Pradesh SW,28,Andhra Pradesh,523,WEST GODAVARI,-,-,-,-,-,-,-,-,-,17.29000000,81.35000000,20-08-2026 00:00,0.5
2337,Jalleru @ Doramamidi,Andhra Pradesh SW,28,Andhra Pradesh,523,WEST GODAVARI,-,-,-,-,-,-,-,-,-,17.29000000,81.35000000,20-08-2026 01:00,0.5
2338,Jalleru @ Doramamidi,Andhra Pradesh SW,28,Andhra Pradesh,523,WEST GODAVARI,-,-,-,-,-,-,-,-,-,17.29000000,81.35000000,20-08-2026 03:00,0.5
2339,Jalleru @ Doramamidi,Andhra Pradesh SW,28,Andhra Pradesh,523,WEST GODAVARI,-,-,-,-,-,-,-,-,-,17.29000000,81.35000000,20-08-2026 04:00,0.5
2340,Jalleru @ Doramamidi,Andhra Pradesh SW,28,Andhra Pradesh,523,WEST GODAVARI,-,-,-,-,-,-,-,-,-,17.29000000,81.35000000,20-08-2026 06:00,0.5
2341,Jalleru @ Doramamidi,Andhra Pradesh SW,28,Andhra Pradesh,523,WEST GODAVARI,-,-,-,-,-,-,-,-,-,17.29000000,81.35000000,20-08-2026 08:00,0.5
2342,Jalleru @ Doramamidi,Andhra Pradesh SW,28,Andhra Pradesh,523,WEST GODAVARI,-,-,-,-,-,-,-,-,-,17.29000000,81.35000000,20-08-2026 10:00,0.5
2343,Jalleru @ Doramamidi,Andhra Pradesh SW,28,Andhra Pradesh,523,WEST GODAVARI,-,-,-,-,-,-,-,-,-,17.29000000,81.35000000,20-08-2026 11:00,0.5
2344,Jalleru @ Doramamidi,Andhra Pradesh SW,28,Andhra Pradesh,523,WEST GODAVARI,-,-,-,-,-,-,-,-,-,17.29000000,81.35000000,20-08-2026 13:00,0.5
2345,Jalleru @ Doramamidi,Andhra Pradesh SW,28,Andhra Pradesh,523,WEST GODAVARI,-,-,-,-,-,-,-,-,-,17.29000000,81.35000000,20-08-2026 15:00,0.5
2346,Jalleru @ Doramamidi,Andhra Pradesh SW,28,Andhra Pradesh,523,WEST GODAVARI,-,-,-,-,-,-,-,-,-,17.29000000,81.35000000,20-08-2026 16:00,0.5
2347,Jalleru @ Doramamidi,Andhra Pradesh SW,28,Andhra Pradesh,523,WEST GODAVARI,-,-,-,-,-,-,-,-,-,17.29000000,81.35000000,20-08-2026 18:00,0.5
2348,Jalleru @ Doramamidi,Andhra Pradesh SW,28,Andhra Pradesh,523,WEST GODAVARI,-,-,-,-,-,-,-,-,-,17.29000000,81.35000000,20-08-2026 20:00,0.5
2349,Jalleru @ Doramamidi,Andhra Pradesh SW,28,Andhra Pradesh,523,WEST GODAVARI,-,-,-,-,-,-,-,-,-,17.29000000,81.35000000,20-08-2026 22:00,0.5
2350,Jalleru @ Doramamidi,Andhra Pradesh SW,28,Andhra Pradesh,523,WEST GODAVARI,-,-,-,-,-,-,-,-,-,17.29000000,81.35000000,21-08-2026 00:00,0.5
2351,Jalleru @ Doramamidi,Andhra Pradesh SW,28,Andhra Pradesh,523,WEST GODAVARI,-,-,-,-,-,-,-,-,-,17.29000000,81.35000000,21-08-2026 02:00,0.5
2352,Jalleru @ Doramamidi,Andhra Pradesh SW,28,Andhra Pradesh,523,WEST GODAVARI,-,-,-,-,-,-,-,-,-,17.29000000,81.35000000,21-08-2026 04:00,0.5
2353,Jalleru @ Doramamidi,Andhra Pradesh SW,28,Andhra Pradesh,523,WEST GODAVARI,-,-,-,-,-,-,-,-,-,17.29000000,81.35000000,21-08-2026 06:00,0.5
2354,Jalleru @ Doramamidi,Andhra Pradesh SW,28,Andhra Pradesh,523,WEST GODAVARI,-,-,-,-,-,-,-,-,-,17.29000000,81.35000000,21-08-2026 08:00,0.5
2355,Jalleru @ Doramamidi,Andhra Pradesh SW,28,Andhra Pradesh,523,WEST GODAVARI,-,-,-,-,-,-,-,-,-,17.29000000,81.35000000,21-08-2026 10:00,0.5
2356,Jalleru @ Doramamidi,Andhra Pradesh SW,28,Andhra Pradesh,523,WEST GODAVARI,-,-,-,-,-,-,-,-,-,17.29000000,81.35000000,21-08-2026 12:00,0.5
2357,Jalleru @ Doramamidi,Andhra Pradesh SW,28,Andhra Pradesh,523,WEST GODAVARI,-,-,-,-,-,-,-,-,-,17.29000000,81.35000000,21-08-2026 14:00,0.5
2358,Jalleru @ Doramamidi,Andhra Pradesh SW,28,Andhra Pradesh,523,WEST GODAVARI,-,-,-,-,-,-,-,-,-,17.29000000,81.35000000,21-08-2026 16:00,0.5
2359,Jalleru @ Doramamidi,Andhra Pradesh SW,28,Andhra Pradesh,523,WEST GODAVARI,-,-,-,-,-,-,-,-,-,17.29000000,81.35000000,21-08-2026 18:00,0.5
2360,Jalleru @ Doramamidi,Andhra Pradesh SW,28,Andhra Pradesh,523,WEST GODAVARI,-,-,-,-,-,-,-,-,-,17.29000000,81.35000000,21-08-2026 20:00,0.5
2361,Jalleru @ Doramamidi,Andhra Pradesh SW,28,Andhra Pradesh,523,WEST GODAVARI,-,-,-,-,-,-,-,-,-,17.29000000,81.35000000,21-08-2026 22:00,0.5
2362,Jalleru @ Doramamidi,Andhra Pradesh SW,28,Andhra Pradesh,523,WEST GODAVARI,-,-,-,-,-,-,-,-,-,17.29000000,81.35000000,22-08-2026 00:00,0.5
2363,Jalleru @ Doramamidi,Andhra Pradesh SW,28,Andhra Pradesh,523,WEST GODAVARI,-,-,-,-,-,-,-,-,-,17.29000000,81.35000000,22-08-2026 03:00,0.5
2364,Jalleru @ Doramamidi,Andhra Pradesh SW,28,Andhra Pradesh,523,WEST GODAVARI,-,-,-,-,-,-,-,-,-,17.29000000,81.35000000,22-08-2026 06:00,0.5
2365,Jalleru @ Doramamidi,Andhra Pradesh SW,28,Andhra Pradesh,523,WEST GODAVARI,-,-,-,-,-,-,-,-,-,17.29000000,81.35000000,22-08-2026 06:00,0.5
2366,Jalleru @ Doramamidi,Andhra Pradesh SW,28,Andhra Pradesh,523,WEST GODAVARI,-,-,-,-,-,-,-,-,-,17.29000000,81.35000000,22-08-2026 08:00,0.5
2367,Jalleru @ Doramamidi,Andhra Pradesh SW,28,Andhra Pradesh,523,WEST GODAVARI,-,-,-,-,-,-,-,-,-,17.29000000,81.35000000,22-08-2026 08:00,0.5
2368,Jalleru @ Doramamidi,Andhra Pradesh SW,28,Andhra Pradesh,523,WEST GODAVARI,-,-,-,-,-,-,-,-,-,17.29000000,81.35000000,22-08-2026 11:00,0.5
2369,Jalleru @ Doramamidi,Andhra Pradesh SW,28,Andhra Pradesh,523,WEST GODAVARI,-,-,-,-,-,-,-,-,-,17.29000000,81.35000000,22-08-2026 11:00,0.5
2370,Jalleru @ Doramamidi,Andhra Pradesh SW,28,Andhra Pradesh,523,WEST GODAVARI,-,-,-,-,-,-,-,-,-,17.29000000,81.35000000,22-08-2026 13:00,0.5
2371,Jalleru @ Doramamidi,Andhra Pradesh SW,28,Andhra Pradesh,523,WEST GODAVARI,-,-,-,-,-,-,-,-,-,17.29000000,81.35000000,22-08-2026 13:00,0.5
2372,Jalleru @ Doramamidi,Andhra Pradesh SW,28,Andhra Pradesh,523,WEST GODAVARI,-,-,-,-,-,-,-,-,-,17.29000000,81.35000000,22-08-2026 15:00,0.5
2373,Jalleru @ Doramamidi,Andhra Pradesh SW,28,Andhra Pradesh,523,WEST GODAVARI,-,-,-,-,-,-,-,-,-,17.29000000,81.35000000,22-08-2026 15:00,0.5
2374,Jalleru @ Doramamidi,Andhra Pradesh SW,28,Andhra Pradesh,523,WEST GODAVARI,-,-,-,-,-,-,-,-,-,17.29000000,81.35000000,22-08-2026 17:00,0.5
2375,Jalleru @ Doramamidi,Andhra Pradesh SW,28,Andhra Pradesh,523,WEST GODAVARI,-,-,-,-,-,-,-,-,-,17.29000000,81.35000000,22-08-2026 17:00,0.5
2376,Jalleru @ Doramamidi,Andhra Pradesh SW,28,Andhra Pradesh,523,WEST GODAVARI,-,-,-,-,-,-,-,-,-,17.29000000,81.35000000,22-08-2026 19:00,0.5
2377,Jalleru @ Doramamidi,Andhra Pradesh SW,28,Andhra Pradesh,523,WEST GODAVARI,-,-,-,-,-,-,-,-,-,17.29000000,81.35000000,22-08-2026 19:00,0.5
2378,Jalleru @ Doramamidi,Andhra Pradesh SW,28,Andhra Pradesh,523,WEST GODAVARI,-,-,-,-,-,-,-,-,-,17.29000000,81.35000000,22-08-2026 21:00,0.5
2379,Jalleru @ Doramamidi,Andhra Pradesh SW,28,Andhra Pradesh,523,WEST GODAVARI,-,-,-,-,-,-,-,-,-,17.29000000,81.35000000,22-08-2026 21:00,0.5
2380,Jalleru @ Doramamidi,Andhra Pradesh SW,28,Andhra Pradesh,523,WEST GODAVARI,-,-,-,-,-,-,-,-,-,17.29000000,81.35000000,23-08-2026 00:00,0.5
2381,Jalleru @ Doramamidi,Andhra Pradesh SW,28,Andhra Pradesh,523,WEST GODAVARI,-,-,-,-,-,-,-,-,-,17.29000000,81.35000000,23-08-2026 00:00,0.5
2382,Jalleru @ Doramamidi,Andhra Pradesh SW,28,Andhra Pradesh,523,WEST GODAVARI,-,-,-,-,-,-,-,-,-,17.29000000,81.35000000,23-08-2026 02:00,0.5
2383,Jalleru @ Doramamidi,Andhra Pradesh SW,28,Andhra Pradesh,523,WEST GODAVARI,-,-,-,-,-,-,-,-,-,17.29000000,81.35000000,23-08-2026 02:00,0.5
2384,Jalleru @ Doramamidi,Andhra Pradesh SW,28,Andhra Pradesh,523,WEST GODAVARI,-,-,-,-,-,-,-,-,-,17.29000000,81.35000000,23-08-2026 05:00,0.5
2385,Jalleru @ Doramamidi,Andhra Pradesh SW,28,Andhra Pradesh,523,WEST GODAVARI,-,-,-,-,-,-,-,-,-,17.29000000,81.35000000,23-08-2026 05:00,0.5
2386,Jalleru @ Doramamidi,Andhra Pradesh SW,28,Andhra Pradesh,523,WEST GODAVARI,-,-,-,-,-,-,-,-,-,17.29000000,81.35000000,23-08-2026 08:00,0.5
2387,Jalleru @ Doramamidi,Andhra Pradesh SW,28,Andhra Pradesh,523,WEST GODAVARI,-,-,-,-,-,-,-,-,-,17.29000000,81.35000000,23-08-2026 08:00,0.5
2388,Jalleru @ Doramamidi,Andhra Pradesh SW,28,Andhra Pradesh,523,WEST GODAVARI,-,-,-,-,-,-,-,-,-,17.29000000,81.35000000,23-08-2026 10:00,0.5
2389,Jalleru @ Doramamidi,Andhra Pradesh SW,28,Andhra Pradesh,523,WEST GODAVARI,-,-,-,-,-,-,-,-,-,17.29000000,81.35000000,23-08-2026 10:00,0.5
2390,Jalleru @ Doramamidi,Andhra Pradesh SW,28,Andhra Pradesh,523,WEST GODAVARI,-,-,-,-,-,-,-,-,-,17.29000000,81.35000000,23-08-2026 13:00,0.5
2391,Jalleru @ Doramamidi,Andhra Pradesh SW,28,Andhra Pradesh,523,WEST GODAVARI,-,-,-,-,-,-,-,-,-,17.29000000,81.35000000,23-08-2026 13:00,0.5
2392,Jalleru @ Doramamidi,Andhra Pradesh SW,28,Andhra Pradesh,523,WEST GODAVARI,-,-,-,-,-,-,-,-,-,17.29000000,81.35000000,23-08-2026 15:00,0.5
2393,Jalleru @ Doramamidi,Andhra Pradesh SW,28,Andhra Pradesh,523,WEST GODAVARI,-,-,-,-,-,-,-,-,-,17.29000000,81.35000000,23-08-2026 15:00,0.5
2394,Jalleru @ Doramamidi,Andhra Pradesh SW,28,Andhra Pradesh,523,WEST GODAVARI,-,-,-,-,-,-,-,-,-,17.29000000,81.35000000,23-08-2026 18:00,0.5
2395,Jalleru @ Doramamidi,Andhra Pradesh SW,28,Andhra Pradesh,523,WEST GODAVARI,-,-,-,-,-,-,-,-,-,17.29000000,81.35000000,23-08-2026 18:00,0.5
2396,Jalleru @ Doramamidi,Andhra Pradesh SW,28,Andhra Pradesh,523,WEST GODAVARI,-,-,-,-,-,-,-,-,-,17.29000000,81.35000000,23-08-2026 21:00,0.5
2397,Jalleru @ Doramamidi,Andhra Pradesh SW,28,Andhra Pradesh,523,WEST GODAVARI,-,-,-,-,-,-,-,-,-,17.29000000,81.35000000,24-08-2026 00:00,0.5
2398,Jalleru @ Doramamidi,Andhra Pradesh SW,28,Andhra Pradesh,523,WEST GODAVARI,-,-,-,-,-,-,-,-,-,17.29000000,81.35000000,24-08-2026 03:00,0.5
2399,Jalleru @ Doramamidi,Andhra Pradesh SW,28,Andhra Pradesh,523,WEST GODAVARI,-,-,-,-,-,-,-,-,-,17.29000000,81.35000000,24-08-2026 07:00,0.5
2400,Jalleru @ Doramamidi,Andhra Pradesh SW,28,Andhra Pradesh,523,WEST GODAVARI,-,-,-,-,-,-,-,-,-,17.29000000,81.35000000,24-08-2026 11:00,0.5
2401,Jalleru @ Doramamidi,Andhra Pradesh SW,28,Andhra Pradesh,523,WEST GODAVARI,-,-,-,-,-,-,-,-,-,17.29000000,81.35000000,24-08-2026 14:00,0.5
2402,Jalleru @ Doramamidi,Andhra Pradesh SW,28,Andhra Pradesh,523,WEST GODAVARI,-,-,-,-,-,-,-,-,-,17.29000000,81.35000000,24-08-2026 17:00,0.5
2403,Jalleru @ Doramamidi,Andhra Pradesh SW,28,Andhra Pradesh,523,WEST GODAVARI,-,-,-,-,-,-,-,-,-,17.29000000,81.35000000,24-08-2026 20:00,0.5
2404,Jalleru @ Doramamidi,Andhra Pradesh SW,28,Andhra Pradesh,523,WEST GODAVARI,-,-,-,-,-,-,-,-,-,17.29000000,81.35000000,24-08-2026 23:00,0.5
2405,Jalleru @ Doramamidi,Andhra Pradesh SW,28,Andhra Pradesh,523,WEST GODAVARI,-,-,-,-,-,-,-,-,-,17.29000000,81.35000000,25-08-2026 03:00,0.5
2406,Jalleru @ Doramamidi,Andhra Pradesh SW,28,Andhra Pradesh,523,WEST GODAVARI,-,-,-,-,-,-,-,-,-,17.29000000,81.35000000,25-08-2026 06:00,0.5
2407,Jalleru @ Doramamidi,Andhra Pradesh SW,28,Andhra Pradesh,523,WEST GODAVARI,-,-,-,-,-,-,-,-,-,17.29000000,81.35000000,25-08-2026 06:00,0.5
2408,Jalleru @ Doramamidi,Andhra Pradesh SW,28,Andhra Pradesh,523,WEST GODAVARI,-,-,-,-,-,-,-,-,-,17.29000000,81.35000000,25-08-2026 11:00,0.5
2409,Jalleru @ Doramamidi,Andhra Pradesh SW,28,Andhra Pradesh,523,WEST GODAVARI,-,-,-,-,-,-,-,-,-,17.29000000,81.35000000,25-08-2026 11:00,0.5
2410,Jalleru @ Doramamidi,Andhra Pradesh SW,28,Andhra Pradesh,523,WEST GODAVARI,-,-,-,-,-,-,-,-,-,17.29000000,81.35000000,25-08-2026 13:00,0.5
2411,Jalleru @ Doramamidi,Andhra Pradesh SW,28,Andhra Pradesh,523,WEST GODAVARI,-,-,-,-,-,-,-,-,-,17.29000000,81.35000000,25-08-2026 13:00,0.5
2412,Jalleru @ Doramamidi,Andhra Pradesh SW,28,Andhra Pradesh,523,WEST GODAVARI,-,-,-,-,-,-,-,-,-,17.29000000,81.35000000,25-08-2026 16:00,0.5
2413,Jalleru @ Doramamidi,Andhra Pradesh SW,28,Andhra Pradesh,523,WEST GODAVARI,-,-,-,-,-,-,-,-,-,17.29000000,81.35000000,25-08-2026 16:00,0.5
2414,Jalleru @ Doramamidi,Andhra Pradesh SW,28,Andhra Pradesh,523,WEST GODAVARI,-,-,-,-,-,-,-,-,-,17.29000000,81.35000000,25-08-2026 19:00,0.5
2415,Jalleru @ Doramamidi,Andhra Pradesh SW,28,Andhra Pradesh,523,WEST GODAVARI,-,-,-,-,-,-,-,-,-,17.29000000,81.35000000,25-08-2026 19:00,0.5
2416,Jalleru @ Doramamidi,Andhra Pradesh SW,28,Andhra Pradesh,523,WEST GODAVARI,-,-,-,-,-,-,-,-,-,17.29000000,81.35000000,25-08-2026 22:00,0.5
2417,Jalleru @ Doramamidi,Andhra Pradesh SW,28,Andhra Pradesh,523,WEST GODAVARI,-,-,-,-,-,-,-,-,-,17.29000000,81.35000000,25-08-2026 22:00,0.5
2418,Jalleru @ Doramamidi,Andhra Pradesh SW,28,Andhra Pradesh,523,WEST GODAVARI,-,-,-,-,-,-,-,-,-,17.29000000,81.35000000,26-08-2026 01:00,0.5
2419,Jalleru @ Doramamidi,Andhra Pradesh SW,28,Andhra Pradesh,523,WEST GODAVARI,-,-,-,-,-,-,-,-,-,17.29000000,81.35000000,26-08-2026 04:00,0.5
2420,Jalleru @ Doramamidi,Andhra Pradesh SW,28,Andhra Pradesh,523,WEST GODAVARI,-,-,-,-,-,-,-,-,-,17.29000000,81.35000000,26-08-2026 04:00,0.5
2421,Jalleru @ Doramamidi,Andhra Pradesh SW,28,Andhra Pradesh,523,WEST GODAVARI,-,-,-,-,-,-,-,-,-,17.29000000,81.35000000,26-08-2026 07:00,0.5
2422,Jalleru @ Doramamidi,Andhra Pradesh SW,28,Andhra Pradesh,523,WEST GODAVARI,-,-,-,-,-,-,-,-,-,17.29000000,81.35000000,26-08-2026 07:00,0.5
2423,Jalleru @ Doramamidi,Andhra Pradesh SW,28,Andhra Pradesh,523,WEST GODAVARI,-,-,-,-,-,-,-,-,-,17.29000000,81.35000000,26-08-2026 10:00,0.5
2424,Jalleru @ Doramamidi,Andhra Pradesh SW,28,Andhra Pradesh,523,WEST GODAVARI,-,-,-,-,-,-,-,-,-,17.29000000,81.35000000,26-08-2026 10:00,0.5
2425,Jalleru @ Doramamidi,Andhra Pradesh SW,28,Andhra Pradesh,523,WEST GODAVARI,-,-,-,-,-,-,-,-,-,17.29000000,81.35000000,26-08-2026 12:00,0.5
2426,Jalleru @ Doramamidi,Andhra Pradesh SW,28,Andhra Pradesh,523,WEST GODAVARI,-,-,-,-,-,-,-,-,-,17.29000000,81.35000000,26-08-2026 12:00,0.5
2427,Jalleru @ Doramamidi,Andhra Pradesh SW,28,Andhra Pradesh,523,WEST GODAVARI,-,-,-,-,-,-,-,-,-,17.29000000,81.35000000,26-08-2026 15:00,0.5
2428,Jalleru @ Doramamidi,Andhra Pradesh SW,28,Andhra Pradesh,523,WEST GODAVARI,-,-,-,-,-,-,-,-,-,17.29000000,81.35000000,26-08-2026 15:00,0.5
2429,Jalleru @ Doramamidi,Andhra Pradesh SW,28,Andhra Pradesh,523,WEST GODAVARI,-,-,-,-,-,-,-,-,-,17.29000000,81.35000000,26-08-2026 17:00,0.5
2430,Jalleru @ Doramamidi,Andhra Pradesh SW,28,Andhra Pradesh,523,WEST GODAVARI,-,-,-,-,-,-,-,-,-,17.29000000,81.35000000,26-08-2026 17:00,0.5
2431,Jalleru @ Doramamidi,Andhra Pradesh SW,28,Andhra Pradesh,523,WEST GODAVARI,-,-,-,-,-,-,-,-,-,17.29000000,81.35000000,26-08-2026 21:00,0.5
2432,Jalleru @ Doramamidi,Andhra Pradesh SW,28,Andhra Pradesh,523,WEST GODAVARI,-,-,-,-,-,-,-,-,-,17.29000000,81.35000000,27-08-2026 03:00,0.5
2433,Jalleru @ Doramamidi,Andhra Pradesh SW,28,Andhra Pradesh,523,WEST GODAVARI,-,-,-,-,-,-,-,-,-,17.29000000,81.35000000,27-08-2026 03:00,0.5
2434,Jalleru @ Doramamidi,Andhra Pradesh SW,28,Andhra Pradesh,523,WEST GODAVARI,-,-,-,-,-,-,-,-,-,17.29000000,81.35000000,27-08-2026 13:00,0.5
2435,Jalleru @ Doramamidi,Andhra Pradesh SW,28,Andhra Pradesh,523,WEST GODAVARI,-,-,-,-,-,-,-,-,-,17.29000000,81.35000000,27-08-2026 13:00,0.5
2436,Jalleru @ Doramamidi,Andhra Pradesh SW,28,Andhra Pradesh,523,WEST GODAVARI,-,-,-,-,-,-,-,-,-,17.29000000,81.35000000,27-08-2026 17:00,0.5
2437,Jalleru @ Doramamidi,Andhra Pradesh SW,28,Andhra Pradesh,523,WEST GODAVARI,-,-,-,-,-,-,-,-,-,17.29000000,81.35000000,27-08-2026 17:00,0.5
2438,Jalleru @ Doramamidi,Andhra Pradesh SW,28,Andhra Pradesh,523,WEST GODAVARI,-,-,-,-,-,-,-,-,-,17.29000000,81.35000000,27-08-2026 22:00,0.5
2439,Jalleru @ Doramamidi,Andhra Pradesh SW,28,Andhra Pradesh,523,WEST GODAVARI,-,-,-,-,-,-,-,-,-,17.29000000,81.35000000,27-08-2026 22:00,0.5
2440,Kalangi Reseevoir,Andhra Pradesh SW,28,Andhra Pradesh,752,Tirupathi,-,-,-,-,-,-,-,-,-,13.61000000,79.79000000,01-01-2026 13:00,0.5
2441,Kalangi Reseevoir,Andhra Pradesh SW,28,Andhra Pradesh,752,Tirupathi,-,-,-,-,-,-,-,-,-,13.61000000,79.79000000,06-01-2026 11:00,0.5
2442,Kalangi Reseevoir,Andhra Pradesh SW,28,Andhra Pradesh,752,Tirupathi,-,-,-,-,-,-,-,-,-,13.61000000,79.79000000,10-01-2026 16:00,0.5
2443,Kalangi Reseevoir,Andhra Pradesh SW,28,Andhra Pradesh,752,Tirupathi,-,-,-,-,-,-,-,-,-,13.61000000,79.79000000,10-01-2026 17:00,0.5
2444,Kalangi Reseevoir,Andhra Pradesh SW,28,Andhra Pradesh,752,Tirupathi,-,-,-,-,-,-,-,-,-,13.61000000,79.79000000,10-01-2026 20:00,0.5
2445,Kalangi Reseevoir,Andhra Pradesh SW,28,Andhra Pradesh,752,Tirupathi,-,-,-,-,-,-,-,-,-,13.61000000,79.79000000,10-01-2026 21:00,1
2446,Kalangi Reseevoir,Andhra Pradesh SW,28,Andhra Pradesh,752,Tirupathi,-,-,-,-,-,-,-,-,-,13.61000000,79.79000000,23-01-2026 17:00,0.5
2447,Kalangi Reseevoir,Andhra Pradesh SW,28,Andhra Pradesh,752,Tirupathi,-,-,-,-,-,-,-,-,-,13.61000000,79.79000000,25-01-2026 20:00,0.5
2448,Kalangi Reseevoir,Andhra Pradesh SW,28,Andhra Pradesh,752,Tirupathi,-,-,-,-,-,-,-,-,-,13.61000000,79.79000000,25-01-2026 21:00,2
2449,Kalangi Reseevoir,Andhra Pradesh SW,28,Andhra Pradesh,752,Tirupathi,-,-,-,-,-,-,-,-,-,13.61000000,79.79000000,25-01-2026 22:00,2.5
2450,Kalangi Reseevoir,Andhra Pradesh SW,28,Andhra Pradesh,752,Tirupathi,-,-,-,-,-,-,-,-,-,13.61000000,79.79000000,25-01-2026 23:00,1.5
2451,Kalangi Reseevoir,Andhra Pradesh SW,28,Andhra Pradesh,752,Tirupathi,-,-,-,-,-,-,-,-,-,13.61000000,79.79000000,26-01-2026 01:00,1.5
2452,Kalangi Reseevoir,Andhra Pradesh SW,28,Andhra Pradesh,752,Tirupathi,-,-,-,-,-,-,-,-,-,13.61000000,79.79000000,26-01-2026 04:00,0.5
2453,Kalangi Reseevoir,Andhra Pradesh SW,28,Andhra Pradesh,752,Tirupathi,-,-,-,-,-,-,-,-,-,13.61000000,79.79000000,26-01-2026 15:00,0.5
2454,Kalangi Reseevoir,Andhra Pradesh SW,28,Andhra Pradesh,752,Tirupathi,-,-,-,-,-,-,-,-,-,13.61000000,79.79000000,18-03-2026 23:00,0.5
2455,Kalangi Reseevoir,Andhra Pradesh SW,28,Andhra Pradesh,752,Tirupathi,-,-,-,-,-,-,-,-,-,13.61000000,79.79000000,19-03-2026 00:00,0.5
2456,Kalangi Reseevoir,Andhra Pradesh SW,28,Andhra Pradesh,752,Tirupathi,-,-,-,-,-,-,-,-,-,13.61000000,79.79000000,19-03-2026 01:00,0.5
2457,Kalangi Reseevoir,Andhra Pradesh SW,28,Andhra Pradesh,752,Tirupathi,-,-,-,-,-,-,-,-,-,13.61000000,79.79000000,19-03-2026 02:00,1
2458,Kalangi Reseevoir,Andhra Pradesh SW,28,Andhra Pradesh,752,Tirupathi,-,-,-,-,-,-,-,-,-,13.61000000,79.79000000,08-05-2026 09:00,0.5
2459,Kalangi Reseevoir,Andhra Pradesh SW,28,Andhra Pradesh,752,Tirupathi,-,-,-,-,-,-,-,-,-,13.61000000,79.79000000,08-05-2026 10:00,1.5
2460,Kalangi Reseevoir,Andhra Pradesh SW,28,Andhra Pradesh,752,Tirupathi,-,-,-,-,-,-,-,-,-,13.61000000,79.79000000,08-05-2026 11:00,0.5
2461,Kalangi Reseevoir,Andhra Pradesh SW,28,Andhra Pradesh,752,Tirupathi,-,-,-,-,-,-,-,-,-,13.61000000,79.79000000,08-05-2026 12:00,1.5
2462,Kalangi Reseevoir,Andhra Pradesh SW,28,Andhra Pradesh,752,Tirupathi,-,-,-,-,-,-,-,-,-,13.61000000,79.79000000,08-05-2026 13:00,3
2463,Kalangi Reseevoir,Andhra Pradesh SW,28,Andhra Pradesh,752,Tirupathi,-,-,-,-,-,-,-,-,-,13.61000000,79.79000000,09-05-2026 12:00,1
2464,Kalangi Reseevoir,Andhra Pradesh SW,28,Andhra Pradesh,752,Tirupathi,-,-,-,-,-,-,-,-,-,13.61000000,79.79000000,09-05-2026 13:00,0.5
2465,Kalangi Reseevoir,Andhra Pradesh SW,28,Andhra Pradesh,752,Tirupathi,-,-,-,-,-,-,-,-,-,13.61000000,79.79000000,23-05-2026 11:00,0.5
2466,Kalangi Reseevoir,Andhra Pradesh SW,28,Andhra Pradesh,752,Tirupathi,-,-,-,-,-,-,-,-,-,13.61000000,79.79000000,23-05-2026 12:00,3
2467,Kalangi Reseevoir,Andhra Pradesh SW,28,Andhra Pradesh,752,Tirupathi,-,-,-,-,-,-,-,-,-,13.61000000,79.79000000,23-05-2026 13:00,4
2468,Kalangi Reseevoir,Andhra Pradesh SW,28,Andhra Pradesh,752,Tirupathi,-,-,-,-,-,-,-,-,-,13.61000000,79.79000000,26-05-2026 17:00,2.5
2469,Kalangi Reseevoir,Andhra Pradesh SW,28,Andhra Pradesh,752,Tirupathi,-,-,-,-,-,-,-,-,-,13.61000000,79.79000000,29-05-2026 04:00,0.5
2470,Kalangi Reseevoir,Andhra Pradesh SW,28,Andhra Pradesh,752,Tirupathi,-,-,-,-,-,-,-,-,-,13.61000000,79.79000000,01-06-2026 15:00,19.5
2471,Kalangi Reseevoir,Andhra Pradesh SW,28,Andhra Pradesh,752,Tirupathi,-,-,-,-,-,-,-,-,-,13.61000000,79.79000000,05-06-2026 15:00,1
2472,Kalangi Reseevoir,Andhra Pradesh SW,28,Andhra Pradesh,752,Tirupathi,-,-,-,-,-,-,-,-,-,13.61000000,79.79000000,12-06-2026 14:00,1.5
2473,Kalangi Reseevoir,Andhra Pradesh SW,28,Andhra Pradesh,752,Tirupathi,-,-,-,-,-,-,-,-,-,13.61000000,79.79000000,13-06-2026 10:00,1
2474,Kalangi Reseevoir,Andhra Pradesh SW,28,Andhra Pradesh,752,Tirupathi,-,-,-,-,-,-,-,-,-,13.61000000,79.79000000,14-06-2026 04:00,9
2475,Kalangi Reseevoir,Andhra Pradesh SW,28,Andhra Pradesh,752,Tirupathi,-,-,-,-,-,-,-,-,-,13.61000000,79.79000000,14-06-2026 07:00,0.5
2476,Kalangi Reseevoir,Andhra Pradesh SW,28,Andhra Pradesh,752,Tirupathi,-,-,-,-,-,-,-,-,-,13.61000000,79.79000000,17-06-2026 19:00,0.5
2477,Kalangi Reseevoir,Andhra Pradesh SW,28,Andhra Pradesh,752,Tirupathi,-,-,-,-,-,-,-,-,-,13.61000000,79.79000000,17-06-2026 20:00,6
2478,Kalangi Reseevoir,Andhra Pradesh SW,28,Andhra Pradesh,752,Tirupathi,-,-,-,-,-,-,-,-,-,13.61000000,79.79000000,18-06-2026 19:00,18.5
2479,Kalangi Reseevoir,Andhra Pradesh SW,28,Andhra Pradesh,752,Tirupathi,-,-,-,-,-,-,-,-,-,13.61000000,79.79000000,28-06-2026 00:00,3
2480,Kalangi Reseevoir,Andhra Pradesh SW,28,Andhra Pradesh,752,Tirupathi,-,-,-,-,-,-,-,-,-,13.61000000,79.79000000,28-06-2026 01:00,1
2481,Kalangi Reseevoir,Andhra Pradesh SW,28,Andhra Pradesh,752,Tirupathi,-,-,-,-,-,-,-,-,-,13.61000000,79.79000000,28-06-2026 02:00,0.5
2482,Kalangi Reseevoir,Andhra Pradesh SW,28,Andhra Pradesh,752,Tirupathi,-,-,-,-,-,-,-,-,-,13.61000000,79.79000000,28-06-2026 03:00,1
2483,Kalangi Reseevoir,Andhra Pradesh SW,28,Andhra Pradesh,752,Tirupathi,-,-,-,-,-,-,-,-,-,13.61000000,79.79000000,28-06-2026 23:00,9.5
2484,Kalangi Reseevoir,Andhra Pradesh SW,28,Andhra Pradesh,752,Tirupathi,-,-,-,-,-,-,-,-,-,13.61000000,79.79000000,29-06-2026 00:00,1
2485,Kalangi Reseevoir,Andhra Pradesh SW,28,Andhra Pradesh,752,Tirupathi,-,-,-,-,-,-,-,-,-,13.61000000,79.79000000,29-06-2026 01:00,1
2486,Kalangi Reseevoir,Andhra Pradesh SW,28,Andhra Pradesh,752,Tirupathi,-,-,-,-,-,-,-,-,-,13.61000000,79.79000000,29-06-2026 02:00,1.5
2487,Kalangi Reseevoir,Andhra Pradesh SW,28,Andhra Pradesh,752,Tirupathi,-,-,-,-,-,-,-,-,-,13.61000000,79.79000000,18-07-2026 03:00,0.5
2488,Kalangi Reseevoir,Andhra Pradesh SW,28,Andhra Pradesh,752,Tirupathi,-,-,-,-,-,-,-,-,-,13.61000000,79.79000000,19-07-2026 01:00,2
2489,Kalangi Reseevoir,Andhra Pradesh SW,28,Andhra Pradesh,752,Tirupathi,-,-,-,-,-,-,-,-,-,13.61000000,79.79000000,20-07-2026 00:00,0.5
2490,Kalangi Reseevoir,Andhra Pradesh SW,28,Andhra Pradesh,752,Tirupathi,-,-,-,-,-,-,-,-,-,13.61000000,79.79000000,20-07-2026 02:00,1
2491,Kalangi Reseevoir,Andhra Pradesh SW,28,Andhra Pradesh,752,Tirupathi,-,-,-,-,-,-,-,-,-,13.61000000,79.79000000,20-07-2026 03:00,0.5
2492,Kalangi Reseevoir,Andhra Pradesh SW,28,Andhra Pradesh,752,Tirupathi,-,-,-,-,-,-,-,-,-,13.61000000,79.79000000,20-07-2026 22:00,0.5
2493,Kalangi Reseevoir,Andhra Pradesh SW,28,Andhra Pradesh,752,Tirupathi,-,-,-,-,-,-,-,-,-,13.61000000,79.79000000,20-07-2026 23:00,1
2494,Kalangi Reseevoir,Andhra Pradesh SW,28,Andhra Pradesh,752,Tirupathi,-,-,-,-,-,-,-,-,-,13.61000000,79.79000000,22-07-2026 00:00,8
2495,Kalangi Reseevoir,Andhra Pradesh SW,28,Andhra Pradesh,752,Tirupathi,-,-,-,-,-,-,-,-,-,13.61000000,79.79000000,22-07-2026 20:00,5
2496,Kalangi Reseevoir,Andhra Pradesh SW,28,Andhra Pradesh,752,Tirupathi,-,-,-,-,-,-,-,-,-,13.61000000,79.79000000,23-07-2026 21:00,18
2497,Kalangi Reseevoir,Andhra Pradesh SW,28,Andhra Pradesh,752,Tirupathi,-,-,-,-,-,-,-,-,-,13.61000000,79.79000000,23-07-2026 22:00,3.5
2498,Kalangi Reseevoir,Andhra Pradesh SW,28,Andhra Pradesh,752,Tirupathi,-,-,-,-,-,-,-,-,-,13.61000000,79.79000000,26-07-2026 04:00,0.5
2499,Kalangi Reseevoir,Andhra Pradesh SW,28,Andhra Pradesh,752,Tirupathi,-,-,-,-,-,-,-,-,-,13.61000000,79.79000000,26-07-2026 16:00,7
2500,Kalangi Reseevoir,Andhra Pradesh SW,28,Andhra Pradesh,752,Tirupathi,-,-,-,-,-,-,-,-,-,13.61000000,79.79000000,26-07-2026 17:00,0.5
2501,Kalangi Reseevoir,Andhra Pradesh SW,28,Andhra Pradesh,752,Tirupathi,-,-,-,-,-,-,-,-,-,13.61000000,79.79000000,29-07-2026 17:00,2
2502,Kalangi Reseevoir,Andhra Pradesh SW,28,Andhra Pradesh,752,Tirupathi,-,-,-,-,-,-,-,-,-,13.61000000,79.79000000,31-07-2026 19:00,2
2503,Kalangi Reseevoir,Andhra Pradesh SW,28,Andhra Pradesh,752,Tirupathi,-,-,-,-,-,-,-,-,-,13.61000000,79.79000000,31-07-2026 21:00,0.5
2504,Kalangi Reseevoir,Andhra Pradesh SW,28,Andhra Pradesh,752,Tirupathi,-,-,-,-,-,-,-,-,-,13.61000000,79.79000000,31-07-2026 22:00,2.5
2505,Kalangi Reseevoir,Andhra Pradesh SW,28,Andhra Pradesh,752,Tirupathi,-,-,-,-,-,-,-,-,-,13.61000000,79.79000000,01-08-2026 23:00,2.5
2506,Kalangi Reseevoir,Andhra Pradesh SW,28,Andhra Pradesh,752,Tirupathi,-,-,-,-,-,-,-,-,-,13.61000000,79.79000000,02-08-2026 00:00,10.5
2507,Kalangi Reseevoir,Andhra Pradesh SW,28,Andhra Pradesh,752,Tirupathi,-,-,-,-,-,-,-,-,-,13.61000000,79.79000000,02-08-2026 01:00,1
2508,Kalangi Reseevoir,Andhra Pradesh SW,28,Andhra Pradesh,752,Tirupathi,-,-,-,-,-,-,-,-,-,13.61000000,79.79000000,02-08-2026 02:00,0.5
2509,Kalangi Reseevoir,Andhra Pradesh SW,28,Andhra Pradesh,752,Tirupathi,-,-,-,-,-,-,-,-,-,13.61000000,79.79000000,03-08-2026 00:00,0.5
2510,Kalangi Reseevoir,Andhra Pradesh SW,28,Andhra Pradesh,752,Tirupathi,-,-,-,-,-,-,-,-,-,13.61000000,79.79000000,03-08-2026 02:00,12
2511,Kalangi Reseevoir,Andhra Pradesh SW,28,Andhra Pradesh,752,Tirupathi,-,-,-,-,-,-,-,-,-,13.61000000,79.79000000,03-08-2026 03:00,1.5
2512,Kalangi Reseevoir,Andhra Pradesh SW,28,Andhra Pradesh,752,Tirupathi,-,-,-,-,-,-,-,-,-,13.61000000,79.79000000,03-08-2026 04:00,1.5
2513,Kalangi Reseevoir,Andhra Pradesh SW,28,Andhra Pradesh,752,Tirupathi,-,-,-,-,-,-,-,-,-,13.61000000,79.79000000,03-08-2026 05:00,0.5
2514,Kalangi Reseevoir,Andhra Pradesh SW,28,Andhra Pradesh,752,Tirupathi,-,-,-,-,-,-,-,-,-,13.61000000,79.79000000,03-08-2026 06:00,0.5
2515,Kalangi Reseevoir,Andhra Pradesh SW,28,Andhra Pradesh,752,Tirupathi,-,-,-,-,-,-,-,-,-,13.61000000,79.79000000,03-08-2026 08:00,0.5
2516,Kalangi Reseevoir,Andhra Pradesh SW,28,Andhra Pradesh,752,Tirupathi,-,-,-,-,-,-,-,-,-,13.61000000,79.79000000,04-08-2026 16:00,0.5
2517,Kalangi Reseevoir,Andhra Pradesh SW,28,Andhra Pradesh,752,Tirupathi,-,-,-,-,-,-,-,-,-,13.61000000,79.79000000,05-08-2026 00:00,1.5
2518,Kalangi Reseevoir,Andhra Pradesh SW,28,Andhra Pradesh,752,Tirupathi,-,-,-,-,-,-,-,-,-,13.61000000,79.79000000,05-08-2026 01:00,0.5
2519,Kalangi Reseevoir,Andhra Pradesh SW,28,Andhra Pradesh,752,Tirupathi,-,-,-,-,-,-,-,-,-,13.61000000,79.79000000,05-08-2026 18:00,12.5
2520,Kalangi Reseevoir,Andhra Pradesh SW,28,Andhra Pradesh,752,Tirupathi,-,-,-,-,-,-,-,-,-,13.61000000,79.79000000,05-08-2026 21:00,1
2521,Kalangi Reseevoir,Andhra Pradesh SW,28,Andhra Pradesh,752,Tirupathi,-,-,-,-,-,-,-,-,-,13.61000000,79.79000000,05-08-2026 22:00,4
2522,Kalangi Reseevoir,Andhra Pradesh SW,28,Andhra Pradesh,752,Tirupathi,-,-,-,-,-,-,-,-,-,13.61000000,79.79000000,06-08-2026 22:00,3.5
2523,Kalangi Reseevoir,Andhra Pradesh SW,28,Andhra Pradesh,752,Tirupathi,-,-,-,-,-,-,-,-,-,13.61000000,79.79000000,06-08-2026 23:00,3.5
2524,Kalangi Reseevoir,Andhra Pradesh SW,28,Andhra Pradesh,752,Tirupathi,-,-,-,-,-,-,-,-,-,13.61000000,79.79000000,07-08-2026 00:00,12
2525,Kalangi Reseevoir,Andhra Pradesh SW,28,Andhra Pradesh,752,Tirupathi,-,-,-,-,-,-,-,-,-,13.61000000,79.79000000,07-08-2026 01:00,0.5
2526,Kalangi Reseevoir,Andhra Pradesh SW,28,Andhra Pradesh,752,Tirupathi,-,-,-,-,-,-,-,-,-,13.61000000,79.79000000,07-08-2026 02:00,1
2527,Kalangi Reseevoir,Andhra Pradesh SW,28,Andhra Pradesh,752,Tirupathi,-,-,-,-,-,-,-,-,-,13.61000000,79.79000000,07-08-2026 06:00,0.5
2528,Kalangi Reseevoir,Andhra Pradesh SW,28,Andhra Pradesh,752,Tirupathi,-,-,-,-,-,-,-,-,-,13.61000000,79.79000000,08-08-2026 14:00,2.5
2529,Kalangi Reseevoir,Andhra Pradesh SW,28,Andhra Pradesh,752,Tirupathi,-,-,-,-,-,-,-,-,-,13.61000000,79.79000000,08-08-2026 23:00,1.5
2530,Kalangi Reseevoir,Andhra Pradesh SW,28,Andhra Pradesh,752,Tirupathi,-,-,-,-,-,-,-,-,-,13.61000000,79.79000000,09-08-2026 00:00,1
2531,Kalangi Reseevoir,Andhra Pradesh SW,28,Andhra Pradesh,752,Tirupathi,-,-,-,-,-,-,-,-,-,13.61000000,79.79000000,11-08-2026 01:00,3
2532,Kalangi Reseevoir,Andhra Pradesh SW,28,Andhra Pradesh,752,Tirupathi,-,-,-,-,-,-,-,-,-,13.61000000,79.79000000,11-08-2026 02:00,20
2533,Kalangi Reseevoir,Andhra Pradesh SW,28,Andhra Pradesh,752,Tirupathi,-,-,-,-,-,-,-,-,-,13.61000000,79.79000000,13-08-2026 01:00,7
2534,Kalangi Reseevoir,Andhra Pradesh SW,28,Andhra Pradesh,752,Tirupathi,-,-,-,-,-,-,-,-,-,13.61000000,79.79000000,19-08-2026 02:00,0.5
2535,Kalangi Reseevoir,Andhra Pradesh SW,28,Andhra Pradesh,752,Tirupathi,-,-,-,-,-,-,-,-,-,13.61000000,79.79000000,23-08-2026 21:00,3.5
2536,Kalangi Reseevoir,Andhra Pradesh SW,28,Andhra Pradesh,752,Tirupathi,-,-,-,-,-,-,-,-,-,13.61000000,79.79000000,23-08-2026 23:00,3
2537,Kalangi Reseevoir,Andhra Pradesh SW,28,Andhra Pradesh,752,Tirupathi,-,-,-,-,-,-,-,-,-,13.61000000,79.79000000,24-08-2026 00:00,2
2538,Kalangi Reseevoir,Andhra Pradesh SW,28,Andhra Pradesh,752,Tirupathi,-,-,-,-,-,-,-,-,-,13.61000000,79.79000000,24-08-2026 18:00,0.5
2539,Kalangi Reseevoir,Andhra Pradesh SW,28,Andhra Pradesh,752,Tirupathi,-,-,-,-,-,-,-,-,-,13.61000000,79.79000000,24-08-2026 19:00,10
2540,Kalangi Reseevoir,Andhra Pradesh SW,28,Andhra Pradesh,752,Tirupathi,-,-,-,-,-,-,-,-,-,13.61000000,79.79000000,24-08-2026 20:00,0.5
2541,Kalyani Dam,Andhra Pradesh SW,28,Andhra Pradesh,503,CHITTOOR,CHANDRAGIRI,-,-,Swarnamukhi,East flowing rivers between Pennar and Kanyakumari,-,-,-,Swarnamukhi,13.64833333,79.27000000,12-05-2026 18:00,15.5
2542,Kalyani Dam,Andhra Pradesh SW,28,Andhra Pradesh,503,CHITTOOR,CHANDRAGIRI,-,-,Swarnamukhi,East flowing rivers between Pennar and Kanyakumari,-,-,-,Swarnamukhi,13.64833333,79.27000000,13-05-2026 23:00,5.5
2543,Kalyani Dam,Andhra Pradesh SW,28,Andhra Pradesh,503,CHITTOOR,CHANDRAGIRI,-,-,Swarnamukhi,East flowing rivers between Pennar and Kanyakumari,-,-,-,Swarnamukhi,13.64833333,79.27000000,14-05-2026 00:00,2.5
2544,Kalyani Dam,Andhra Pradesh SW,28,Andhra Pradesh,503,CHITTOOR,CHANDRAGIRI,-,-,Swarnamukhi,East flowing rivers between Pennar and Kanyakumari,-,-,-,Swarnamukhi,13.64833333,79.27000000,14-05-2026 01:00,20
2545,Kalyani Dam,Andhra Pradesh SW,28,Andhra Pradesh,503,CHITTOOR,CHANDRAGIRI,-,-,Swarnamukhi,East flowing rivers between Pennar and Kanyakumari,-,-,-,Swarnamukhi,13.64833333,79.27000000,14-05-2026 02:00,0.5
2546,Kalyani Dam,Andhra Pradesh SW,28,Andhra Pradesh,503,CHITTOOR,CHANDRAGIRI,-,-,Swarnamukhi,East flowing rivers between Pennar and Kanyakumari,-,-,-,Swarnamukhi,13.64833333,79.27000000,14-05-2026 15:00,0.5
2547,Kalyani Dam,Andhra Pradesh SW,28,Andhra Pradesh,503,CHITTOOR,CHANDRAGIRI,-,-,Swarnamukhi,East flowing rivers between Pennar and Kanyakumari,-,-,-,Swarnamukhi,13.64833333,79.27000000,14-05-2026 16:00,12
2548,Kalyani Dam,Andhra Pradesh SW,28,Andhra Pradesh,503,CHITTOOR,CHANDRAGIRI,-,-,Swarnamukhi,East flowing rivers between Pennar and Kanyakumari,-,-,-,Swarnamukhi,13.64833333,79.27000000,14-05-2026 19:00,0.5
2549,Kalyani Dam,Andhra Pradesh SW,28,Andhra Pradesh,503,CHITTOOR,CHANDRAGIRI,-,-,Swarnamukhi,East flowing rivers between Pennar and Kanyakumari,-,-,-,Swarnamukhi,13.64833333,79.27000000,19-05-2026 16:00,22
2550,Kalyani Dam,Andhra Pradesh SW,28,Andhra Pradesh,503,CHITTOOR,CHANDRAGIRI,-,-,Swarnamukhi,East flowing rivers between Pennar and Kanyakumari,-,-,-,Swarnamukhi,13.64833333,79.27000000,19-05-2026 17:00,1
2551,Kalyani Dam,Andhra Pradesh SW,28,Andhra Pradesh,503,CHITTOOR,CHANDRAGIRI,-,-,Swarnamukhi,East flowing rivers between Pennar and Kanyakumari,-,-,-,Swarnamukhi,13.64833333,79.27000000,21-05-2026 19:00,1
2552,Kalyani Dam,Andhra Pradesh SW,28,Andhra Pradesh,503,CHITTOOR,CHANDRAGIRI,-,-,Swarnamukhi,East flowing rivers between Pennar and Kanyakumari,-,-,-,Swarnamukhi,13.64833333,79.27000000,21-05-2026 20:00,2
2553,Kalyani Dam,Andhra Pradesh SW,28,Andhra Pradesh,503,CHITTOOR,CHANDRAGIRI,-,-,Swarnamukhi,East flowing rivers between Pennar and Kanyakumari,-,-,-,Swarnamukhi,13.64833333,79.27000000,23-05-2026 14:00,4
2554,Kalyani Dam,Andhra Pradesh SW,28,Andhra Pradesh,503,CHITTOOR,CHANDRAGIRI,-,-,Swarnamukhi,East flowing rivers between Pennar and Kanyakumari,-,-,-,Swarnamukhi,13.64833333,79.27000000,23-05-2026 15:00,2
2555,Kalyani Dam,Andhra Pradesh SW,28,Andhra Pradesh,503,CHITTOOR,CHANDRAGIRI,-,-,Swarnamukhi,East flowing rivers between Pennar and Kanyakumari,-,-,-,Swarnamukhi,13.64833333,79.27000000,27-05-2026 17:00,10
2556,Kalyani Dam,Andhra Pradesh SW,28,Andhra Pradesh,503,CHITTOOR,CHANDRAGIRI,-,-,Swarnamukhi,East flowing rivers between Pennar and Kanyakumari,-,-,-,Swarnamukhi,13.64833333,79.27000000,27-05-2026 18:00,1
2557,Kalyani Dam,Andhra Pradesh SW,28,Andhra Pradesh,503,CHITTOOR,CHANDRAGIRI,-,-,Swarnamukhi,East flowing rivers between Pennar and Kanyakumari,-,-,-,Swarnamukhi,13.64833333,79.27000000,28-05-2026 07:00,0.5
2558,Kalyani Dam,Andhra Pradesh SW,28,Andhra Pradesh,503,CHITTOOR,CHANDRAGIRI,-,-,Swarnamukhi,East flowing rivers between Pennar and Kanyakumari,-,-,-,Swarnamukhi,13.64833333,79.27000000,29-05-2026 16:00,9.5
2559,Kalyani Dam,Andhra Pradesh SW,28,Andhra Pradesh,503,CHITTOOR,CHANDRAGIRI,-,-,Swarnamukhi,East flowing rivers between Pennar and Kanyakumari,-,-,-,Swarnamukhi,13.64833333,79.27000000,29-05-2026 17:00,1
2560,Kovvada kalva reservoir,Andhra Pradesh SW,28,Andhra Pradesh,523,WEST GODAVARI,BUTTAYAGUDEM,-,-,Godavari,Godavari,Kovvadakalva,-,-,Kovvadakalva,17.20666667,81.51416667,06-04-2026 00:00,11.5
2561,Kovvada kalva reservoir,Andhra Pradesh SW,28,Andhra Pradesh,523,WEST GODAVARI,BUTTAYAGUDEM,-,-,Godavari,Godavari,Kovvadakalva,-,-,Kovvadakalva,17.20666667,81.51416667,06-04-2026 01:00,14.5
2562,Kovvada kalva reservoir,Andhra Pradesh SW,28,Andhra Pradesh,523,WEST GODAVARI,BUTTAYAGUDEM,-,-,Godavari,Godavari,Kovvadakalva,-,-,Kovvadakalva,17.20666667,81.51416667,06-04-2026 02:00,6
2563,Kovvada kalva reservoir,Andhra Pradesh SW,28,Andhra Pradesh,523,WEST GODAVARI,BUTTAYAGUDEM,-,-,Godavari,Godavari,Kovvadakalva,-,-,Kovvadakalva,17.20666667,81.51416667,06-04-2026 03:00,7
2564,Kovvada kalva reservoir,Andhra Pradesh SW,28,Andhra Pradesh,523,WEST GODAVARI,BUTTAYAGUDEM,-,-,Godavari,Godavari,Kovvadakalva,-,-,Kovvadakalva,17.20666667,81.51416667,06-04-2026 04:00,7
2565,Kovvada kalva reservoir,Andhra Pradesh SW,28,Andhra Pradesh,523,WEST GODAVARI,BUTTAYAGUDEM,-,-,Godavari,Godavari,Kovvadakalva,-,-,Kovvadakalva,17.20666667,81.51416667,06-04-2026 05:00,7
2566,Kovvada kalva reservoir,Andhra Pradesh SW,28,Andhra Pradesh,523,WEST GODAVARI,BUTTAYAGUDEM,-,-,Godavari,Godavari,Kovvadakalva,-,-,Kovvadakalva,17.20666667,81.51416667,06-04-2026 06:00,7
2567,Kovvada kalva reservoir,Andhra Pradesh SW,28,Andhra Pradesh,523,WEST GODAVARI,BUTTAYAGUDEM,-,-,Godavari,Godavari,Kovvadakalva,-,-,Kovvadakalva,17.20666667,81.51416667,06-04-2026 07:00,7.5
2568,Kovvada kalva reservoir,Andhra Pradesh SW,28,Andhra Pradesh,523,WEST GODAVARI,BUTTAYAGUDEM,-,-,Godavari,Godavari,Kovvadakalva,-,-,Kovvadakalva,17.20666667,81.51416667,06-04-2026 08:00,7.5
2569,Kovvada kalva reservoir,Andhra Pradesh SW,28,Andhra Pradesh,523,WEST GODAVARI,BUTTAYAGUDEM,-,-,Godavari,Godavari,Kovvadakalva,-,-,Kovvadakalva,17.20666667,81.51416667,06-04-2026 09:00,7.5
2570,Kovvada kalva reservoir,Andhra Pradesh SW,28,Andhra Pradesh,523,WEST GODAVARI,BUTTAYAGUDEM,-,-,Godavari,Godavari,Kovvadakalva,-,-,Kovvadakalva,17.20666667,81.51416667,06-04-2026 19:00,3
2571,Kovvada kalva reservoir,Andhra Pradesh SW,28,Andhra Pradesh,523,WEST GODAVARI,BUTTAYAGUDEM,-,-,Godavari,Godavari,Kovvadakalva,-,-,Kovvadakalva,17.20666667,81.51416667,06-04-2026 20:00,0.5
2572,Kovvada kalva reservoir,Andhra Pradesh SW,28,Andhra Pradesh,523,WEST GODAVARI,BUTTAYAGUDEM,-,-,Godavari,Godavari,Kovvadakalva,-,-,Kovvadakalva,17.20666667,81.51416667,07-04-2026 07:00,4
2573,Kovvada kalva reservoir,Andhra Pradesh SW,28,Andhra Pradesh,523,WEST GODAVARI,BUTTAYAGUDEM,-,-,Godavari,Godavari,Kovvadakalva,-,-,Kovvadakalva,17.20666667,81.51416667,10-04-2026 07:00,13.5
2574,Kovvada kalva reservoir,Andhra Pradesh SW,28,Andhra Pradesh,523,WEST GODAVARI,BUTTAYAGUDEM,-,-,Godavari,Godavari,Kovvadakalva,-,-,Kovvadakalva,17.20666667,81.51416667,11-04-2026 06:00,10.5
2575,Kovvada kalva reservoir,Andhra Pradesh SW,28,Andhra Pradesh,523,WEST GODAVARI,BUTTAYAGUDEM,-,-,Godavari,Godavari,Kovvadakalva,-,-,Kovvadakalva,17.20666667,81.51416667,11-04-2026 07:00,0.5
2576,Kovvada kalva reservoir,Andhra Pradesh SW,28,Andhra Pradesh,523,WEST GODAVARI,BUTTAYAGUDEM,-,-,Godavari,Godavari,Kovvadakalva,-,-,Kovvadakalva,17.20666667,81.51416667,12-04-2026 02:00,4
2577,Kovvada kalva reservoir,Andhra Pradesh SW,28,Andhra Pradesh,523,WEST GODAVARI,BUTTAYAGUDEM,-,-,Godavari,Godavari,Kovvadakalva,-,-,Kovvadakalva,17.20666667,81.51416667,12-04-2026 03:00,44.5
2578,Kovvada kalva reservoir,Andhra Pradesh SW,28,Andhra Pradesh,523,WEST GODAVARI,BUTTAYAGUDEM,-,-,Godavari,Godavari,Kovvadakalva,-,-,Kovvadakalva,17.20666667,81.51416667,12-04-2026 04:00,4.5
2579,Kovvada kalva reservoir,Andhra Pradesh SW,28,Andhra Pradesh,523,WEST GODAVARI,BUTTAYAGUDEM,-,-,Godavari,Godavari,Kovvadakalva,-,-,Kovvadakalva,17.20666667,81.51416667,12-04-2026 05:00,4.5
2580,Kovvada kalva reservoir,Andhra Pradesh SW,28,Andhra Pradesh,523,WEST GODAVARI,BUTTAYAGUDEM,-,-,Godavari,Godavari,Kovvadakalva,-,-,Kovvadakalva,17.20666667,81.51416667,12-04-2026 06:00,3.5
2581,Kovvada kalva reservoir,Andhra Pradesh SW,28,Andhra Pradesh,523,WEST GODAVARI,BUTTAYAGUDEM,-,-,Godavari,Godavari,Kovvadakalva,-,-,Kovvadakalva,17.20666667,81.51416667,12-04-2026 07:00,1.5
2582,Kovvada kalva reservoir,Andhra Pradesh SW,28,Andhra Pradesh,523,WEST GODAVARI,BUTTAYAGUDEM,-,-,Godavari,Godavari,Kovvadakalva,-,-,Kovvadakalva,17.20666667,81.51416667,16-04-2026 05:00,0.5
2583,Kovvada kalva reservoir,Andhra Pradesh SW,28,Andhra Pradesh,523,WEST GODAVARI,BUTTAYAGUDEM,-,-,Godavari,Godavari,Kovvadakalva,-,-,Kovvadakalva,17.20666667,81.51416667,17-04-2026 02:00,1.5
2584,Kovvada kalva reservoir,Andhra Pradesh SW,28,Andhra Pradesh,523,WEST GODAVARI,BUTTAYAGUDEM,-,-,Godavari,Godavari,Kovvadakalva,-,-,Kovvadakalva,17.20666667,81.51416667,17-04-2026 07:00,1
2585,Kovvada kalva reservoir,Andhra Pradesh SW,28,Andhra Pradesh,523,WEST GODAVARI,BUTTAYAGUDEM,-,-,Godavari,Godavari,Kovvadakalva,-,-,Kovvadakalva,17.20666667,81.51416667,17-04-2026 08:00,2
2586,Kovvada kalva reservoir,Andhra Pradesh SW,28,Andhra Pradesh,523,WEST GODAVARI,BUTTAYAGUDEM,-,-,Godavari,Godavari,Kovvadakalva,-,-,Kovvadakalva,17.20666667,81.51416667,18-04-2026 05:00,1.5
2587,Kovvada kalva reservoir,Andhra Pradesh SW,28,Andhra Pradesh,523,WEST GODAVARI,BUTTAYAGUDEM,-,-,Godavari,Godavari,Kovvadakalva,-,-,Kovvadakalva,17.20666667,81.51416667,18-04-2026 15:00,0.5
2588,Kovvada kalva reservoir,Andhra Pradesh SW,28,Andhra Pradesh,523,WEST GODAVARI,BUTTAYAGUDEM,-,-,Godavari,Godavari,Kovvadakalva,-,-,Kovvadakalva,17.20666667,81.51416667,19-04-2026 03:00,2.5
2589,Kovvada kalva reservoir,Andhra Pradesh SW,28,Andhra Pradesh,523,WEST GODAVARI,BUTTAYAGUDEM,-,-,Godavari,Godavari,Kovvadakalva,-,-,Kovvadakalva,17.20666667,81.51416667,19-04-2026 04:00,5.5
2590,Kovvada kalva reservoir,Andhra Pradesh SW,28,Andhra Pradesh,523,WEST GODAVARI,BUTTAYAGUDEM,-,-,Godavari,Godavari,Kovvadakalva,-,-,Kovvadakalva,17.20666667,81.51416667,19-04-2026 06:00,0.5
2591,Kovvada kalva reservoir,Andhra Pradesh SW,28,Andhra Pradesh,523,WEST GODAVARI,BUTTAYAGUDEM,-,-,Godavari,Godavari,Kovvadakalva,-,-,Kovvadakalva,17.20666667,81.51416667,19-04-2026 07:00,3.5
2592,Kovvada kalva reservoir,Andhra Pradesh SW,28,Andhra Pradesh,523,WEST GODAVARI,BUTTAYAGUDEM,-,-,Godavari,Godavari,Kovvadakalva,-,-,Kovvadakalva,17.20666667,81.51416667,19-04-2026 08:00,1
2593,Kovvada kalva reservoir,Andhra Pradesh SW,28,Andhra Pradesh,523,WEST GODAVARI,BUTTAYAGUDEM,-,-,Godavari,Godavari,Kovvadakalva,-,-,Kovvadakalva,17.20666667,81.51416667,21-04-2026 05:00,0.5
2594,Kovvada kalva reservoir,Andhra Pradesh SW,28,Andhra Pradesh,523,WEST GODAVARI,BUTTAYAGUDEM,-,-,Godavari,Godavari,Kovvadakalva,-,-,Kovvadakalva,17.20666667,81.51416667,21-04-2026 07:00,2
2595,Kovvada kalva reservoir,Andhra Pradesh SW,28,Andhra Pradesh,523,WEST GODAVARI,BUTTAYAGUDEM,-,-,Godavari,Godavari,Kovvadakalva,-,-,Kovvadakalva,17.20666667,81.51416667,24-04-2026 04:00,8
2596,Kovvada kalva reservoir,Andhra Pradesh SW,28,Andhra Pradesh,523,WEST GODAVARI,BUTTAYAGUDEM,-,-,Godavari,Godavari,Kovvadakalva,-,-,Kovvadakalva,17.20666667,81.51416667,24-04-2026 05:00,2.5
2597,Kovvada kalva reservoir,Andhra Pradesh SW,28,Andhra Pradesh,523,WEST GODAVARI,BUTTAYAGUDEM,-,-,Godavari,Godavari,Kovvadakalva,-,-,Kovvadakalva,17.20666667,81.51416667,24-04-2026 06:00,1
2598,Kovvada kalva reservoir,Andhra Pradesh SW,28,Andhra Pradesh,523,WEST GODAVARI,BUTTAYAGUDEM,-,-,Godavari,Godavari,Kovvadakalva,-,-,Kovvadakalva,17.20666667,81.51416667,27-04-2026 16:00,10.5
2599,Kovvada kalva reservoir,Andhra Pradesh SW,28,Andhra Pradesh,523,WEST GODAVARI,BUTTAYAGUDEM,-,-,Godavari,Godavari,Kovvadakalva,-,-,Kovvadakalva,17.20666667,81.51416667,27-04-2026 19:00,0.5
2600,Kovvada kalva reservoir,Andhra Pradesh SW,28,Andhra Pradesh,523,WEST GODAVARI,BUTTAYAGUDEM,-,-,Godavari,Godavari,Kovvadakalva,-,-,Kovvadakalva,17.20666667,81.51416667,01-05-2026 21:00,1
2601,Kovvada kalva reservoir,Andhra Pradesh SW,28,Andhra Pradesh,523,WEST GODAVARI,BUTTAYAGUDEM,-,-,Godavari,Godavari,Kovvadakalva,-,-,Kovvadakalva,17.20666667,81.51416667,08-05-2026 00:00,0.5
2602,Kovvada kalva reservoir,Andhra Pradesh SW,28,Andhra Pradesh,523,WEST GODAVARI,BUTTAYAGUDEM,-,-,Godavari,Godavari,Kovvadakalva,-,-,Kovvadakalva,17.20666667,81.51416667,03-06-2026 11:00,0.5
2603,Kovvada kalva reservoir,Andhra Pradesh SW,28,Andhra Pradesh,523,WEST GODAVARI,BUTTAYAGUDEM,-,-,Godavari,Godavari,Kovvadakalva,-,-,Kovvadakalva,17.20666667,81.51416667,17-06-2026 19:00,1
2604,Kovvada kalva reservoir,Andhra Pradesh SW,28,Andhra Pradesh,523,WEST GODAVARI,BUTTAYAGUDEM,-,-,Godavari,Godavari,Kovvadakalva,-,-,Kovvadakalva,17.20666667,81.51416667,18-06-2026 00:00,0.5
2605,Kovvada kalva reservoir,Andhra Pradesh SW,28,Andhra Pradesh,523,WEST GODAVARI,BUTTAYAGUDEM,-,-,Godavari,Godavari,Kovvadakalva,-,-,Kovvadakalva,17.20666667,81.51416667,18-06-2026 17:00,0.5
2606,Kovvada kalva reservoir,Andhra Pradesh SW,28,Andhra Pradesh,523,WEST GODAVARI,BUTTAYAGUDEM,-,-,Godavari,Godavari,Kovvadakalva,-,-,Kovvadakalva,17.20666667,81.51416667,19-06-2026 19:00,0.5
2607,Kovvada kalva reservoir,Andhra Pradesh SW,28,Andhra Pradesh,523,WEST GODAVARI,BUTTAYAGUDEM,-,-,Godavari,Godavari,Kovvadakalva,-,-,Kovvadakalva,17.20666667,81.51416667,21-06-2026 03:00,0.5
2608,Kovvada kalva reservoir,Andhra Pradesh SW,28,Andhra Pradesh,523,WEST GODAVARI,BUTTAYAGUDEM,-,-,Godavari,Godavari,Kovvadakalva,-,-,Kovvadakalva,17.20666667,81.51416667,30-07-2026 13:00,1
2609,Kovvada kalva reservoir,Andhra Pradesh SW,28,Andhra Pradesh,523,WEST GODAVARI,BUTTAYAGUDEM,-,-,Godavari,Godavari,Kovvadakalva,-,-,Kovvadakalva,17.20666667,81.51416667,25-08-2026 15:00,0.5
2610,Kovvada kalva reservoir,Andhra Pradesh SW,28,Andhra Pradesh,523,WEST GODAVARI,BUTTAYAGUDEM,-,-,Godavari,Godavari,Kovvadakalva,-,-,Kovvadakalva,17.20666667,81.51416667,25-08-2026 17:00,0.5
2611,Kovvada kalva reservoir,Andhra Pradesh SW,28,Andhra Pradesh,523,WEST GODAVARI,BUTTAYAGUDEM,-,-,Godavari,Godavari,Kovvadakalva,-,-,Kovvadakalva,17.20666667,81.51416667,25-08-2026 22:00,0.5
2612,Krishnapuram_5,Andhra Pradesh SW,28,Andhra Pradesh,752,Tirupathi,-,-,-,-,-,-,-,-,-,13.37000000,79.35000000,25-01-2026 21:00,0.5
2613,Krishnapuram_5,Andhra Pradesh SW,28,Andhra Pradesh,752,Tirupathi,-,-,-,-,-,-,-,-,-,13.37000000,79.35000000,26-01-2026 00:00,0.5
2614,Krishnapuram_5,Andhra Pradesh SW,28,Andhra Pradesh,752,Tirupathi,-,-,-,-,-,-,-,-,-,13.37000000,79.35000000,26-01-2026 01:00,0.5
2615,Krishnapuram_5,Andhra Pradesh SW,28,Andhra Pradesh,752,Tirupathi,-,-,-,-,-,-,-,-,-,13.37000000,79.35000000,26-01-2026 05:00,0.5
2616,Krishnapuram_5,Andhra Pradesh SW,28,Andhra Pradesh,752,Tirupathi,-,-,-,-,-,-,-,-,-,13.37000000,79.35000000,03-02-2026 01:00,0.5
2617,Krishnapuram_5,Andhra Pradesh SW,28,Andhra Pradesh,752,Tirupathi,-,-,-,-,-,-,-,-,-,13.37000000,79.35000000,19-03-2026 01:00,4.5
2618,Krishnapuram_5,Andhra Pradesh SW,28,Andhra Pradesh,752,Tirupathi,-,-,-,-,-,-,-,-,-,13.37000000,79.35000000,04-04-2026 16:00,0.5
2619,Krishnapuram_5,Andhra Pradesh SW,28,Andhra Pradesh,752,Tirupathi,-,-,-,-,-,-,-,-,-,13.37000000,79.35000000,04-04-2026 17:00,10
2620,Krishnapuram_5,Andhra Pradesh SW,28,Andhra Pradesh,752,Tirupathi,-,-,-,-,-,-,-,-,-,13.37000000,79.35000000,04-04-2026 18:00,2
2621,Krishnapuram_5,Andhra Pradesh SW,28,Andhra Pradesh,752,Tirupathi,-,-,-,-,-,-,-,-,-,13.37000000,79.35000000,27-04-2026 20:00,0.5
2622,Krishnapuram_5,Andhra Pradesh SW,28,Andhra Pradesh,752,Tirupathi,-,-,-,-,-,-,-,-,-,13.37000000,79.35000000,01-05-2026 03:00,3
2623,Krishnapuram_5,Andhra Pradesh SW,28,Andhra Pradesh,752,Tirupathi,-,-,-,-,-,-,-,-,-,13.37000000,79.35000000,01-05-2026 03:00,3
2624,Krishnapuram_5,Andhra Pradesh SW,28,Andhra Pradesh,752,Tirupathi,-,-,-,-,-,-,-,-,-,13.37000000,79.35000000,01-05-2026 04:00,3
2625,Krishnapuram_5,Andhra Pradesh SW,28,Andhra Pradesh,752,Tirupathi,-,-,-,-,-,-,-,-,-,13.37000000,79.35000000,01-05-2026 04:00,3
2626,Krishnapuram_5,Andhra Pradesh SW,28,Andhra Pradesh,752,Tirupathi,-,-,-,-,-,-,-,-,-,13.37000000,79.35000000,01-05-2026 05:00,1.5
2627,Krishnapuram_5,Andhra Pradesh SW,28,Andhra Pradesh,752,Tirupathi,-,-,-,-,-,-,-,-,-,13.37000000,79.35000000,01-05-2026 05:00,1.5
2628,Krishnapuram_5,Andhra Pradesh SW,28,Andhra Pradesh,752,Tirupathi,-,-,-,-,-,-,-,-,-,13.37000000,79.35000000,01-05-2026 06:00,0.5
2629,Krishnapuram_5,Andhra Pradesh SW,28,Andhra Pradesh,752,Tirupathi,-,-,-,-,-,-,-,-,-,13.37000000,79.35000000,01-05-2026 06:00,0.5
2630,Krishnapuram_5,Andhra Pradesh SW,28,Andhra Pradesh,752,Tirupathi,-,-,-,-,-,-,-,-,-,13.37000000,79.35000000,01-05-2026 07:00,0.5
2631,Krishnapuram_5,Andhra Pradesh SW,28,Andhra Pradesh,752,Tirupathi,-,-,-,-,-,-,-,-,-,13.37000000,79.35000000,01-05-2026 07:00,0.5
2632,Krishnapuram_5,Andhra Pradesh SW,28,Andhra Pradesh,752,Tirupathi,-,-,-,-,-,-,-,-,-,13.37000000,79.35000000,01-05-2026 08:00,0.5
2633,Krishnapuram_5,Andhra Pradesh SW,28,Andhra Pradesh,752,Tirupathi,-,-,-,-,-,-,-,-,-,13.37000000,79.35000000,01-05-2026 08:00,0.5
2634,Krishnapuram_5,Andhra Pradesh SW,28,Andhra Pradesh,752,Tirupathi,-,-,-,-,-,-,-,-,-,13.37000000,79.35000000,01-05-2026 10:00,0.5
2635,Krishnapuram_5,Andhra Pradesh SW,28,Andhra Pradesh,752,Tirupathi,-,-,-,-,-,-,-,-,-,13.37000000,79.35000000,01-05-2026 10:00,0.5
2636,Krishnapuram_5,Andhra Pradesh SW,28,Andhra Pradesh,752,Tirupathi,-,-,-,-,-,-,-,-,-,13.37000000,79.35000000,01-05-2026 11:00,0.5
2637,Krishnapuram_5,Andhra Pradesh SW,28,Andhra Pradesh,752,Tirupathi,-,-,-,-,-,-,-,-,-,13.37000000,79.35000000,01-05-2026 11:00,0.5
2638,Krishnapuram_5,Andhra Pradesh SW,28,Andhra Pradesh,752,Tirupathi,-,-,-,-,-,-,-,-,-,13.37000000,79.35000000,01-05-2026 12:00,0.5
2639,Krishnapuram_5,Andhra Pradesh SW,28,Andhra Pradesh,752,Tirupathi,-,-,-,-,-,-,-,-,-,13.37000000,79.35000000,01-05-2026 12:00,0.5
2640,Krishnapuram_5,Andhra Pradesh SW,28,Andhra Pradesh,752,Tirupathi,-,-,-,-,-,-,-,-,-,13.37000000,79.35000000,01-05-2026 13:00,0.5
2641,Krishnapuram_5,Andhra Pradesh SW,28,Andhra Pradesh,752,Tirupathi,-,-,-,-,-,-,-,-,-,13.37000000,79.35000000,01-05-2026 13:00,0.5
2642,Krishnapuram_5,Andhra Pradesh SW,28,Andhra Pradesh,752,Tirupathi,-,-,-,-,-,-,-,-,-,13.37000000,79.35000000,02-05-2026 01:00,0.5
2643,Krishnapuram_5,Andhra Pradesh SW,28,Andhra Pradesh,752,Tirupathi,-,-,-,-,-,-,-,-,-,13.37000000,79.35000000,02-05-2026 01:00,0.5
2644,Krishnapuram_5,Andhra Pradesh SW,28,Andhra Pradesh,752,Tirupathi,-,-,-,-,-,-,-,-,-,13.37000000,79.35000000,03-05-2026 02:00,0.5
2645,Krishnapuram_5,Andhra Pradesh SW,28,Andhra Pradesh,752,Tirupathi,-,-,-,-,-,-,-,-,-,13.37000000,79.35000000,19-05-2026 19:00,1
2646,Krishnapuram_5,Andhra Pradesh SW,28,Andhra Pradesh,752,Tirupathi,-,-,-,-,-,-,-,-,-,13.37000000,79.35000000,23-05-2026 09:00,1
2647,Krishnapuram_5,Andhra Pradesh SW,28,Andhra Pradesh,752,Tirupathi,-,-,-,-,-,-,-,-,-,13.37000000,79.35000000,26-05-2026 16:00,1
2648,Krishnapuram_5,Andhra Pradesh SW,28,Andhra Pradesh,752,Tirupathi,-,-,-,-,-,-,-,-,-,13.37000000,79.35000000,26-05-2026 17:00,2
2649,Krishnapuram_5,Andhra Pradesh SW,28,Andhra Pradesh,752,Tirupathi,-,-,-,-,-,-,-,-,-,13.37000000,79.35000000,26-05-2026 18:00,1.5
2650,Krishnapuram_5,Andhra Pradesh SW,28,Andhra Pradesh,752,Tirupathi,-,-,-,-,-,-,-,-,-,13.37000000,79.35000000,26-05-2026 19:00,0.5
2651,Krishnapuram_5,Andhra Pradesh SW,28,Andhra Pradesh,752,Tirupathi,-,-,-,-,-,-,-,-,-,13.37000000,79.35000000,26-05-2026 20:00,0.5
2652,Krishnapuram_5,Andhra Pradesh SW,28,Andhra Pradesh,752,Tirupathi,-,-,-,-,-,-,-,-,-,13.37000000,79.35000000,26-05-2026 21:00,0.5
2653,Krishnapuram_5,Andhra Pradesh SW,28,Andhra Pradesh,752,Tirupathi,-,-,-,-,-,-,-,-,-,13.37000000,79.35000000,26-05-2026 22:00,0.5
2654,Krishnapuram_5,Andhra Pradesh SW,28,Andhra Pradesh,752,Tirupathi,-,-,-,-,-,-,-,-,-,13.37000000,79.35000000,26-05-2026 23:00,0.5
2655,Krishnapuram_5,Andhra Pradesh SW,28,Andhra Pradesh,752,Tirupathi,-,-,-,-,-,-,-,-,-,13.37000000,79.35000000,27-05-2026 00:00,0.5
2656,Krishnapuram_5,Andhra Pradesh SW,28,Andhra Pradesh,752,Tirupathi,-,-,-,-,-,-,-,-,-,13.37000000,79.35000000,27-05-2026 02:00,0.5
2657,Krishnapuram_5,Andhra Pradesh SW,28,Andhra Pradesh,752,Tirupathi,-,-,-,-,-,-,-,-,-,13.37000000,79.35000000,27-05-2026 05:00,0.5
2658,Krishnapuram_5,Andhra Pradesh SW,28,Andhra Pradesh,752,Tirupathi,-,-,-,-,-,-,-,-,-,13.37000000,79.35000000,29-05-2026 17:00,1
2659,Krishnapuram_5,Andhra Pradesh SW,28,Andhra Pradesh,752,Tirupathi,-,-,-,-,-,-,-,-,-,13.37000000,79.35000000,29-05-2026 18:00,1.5
2660,Krishnapuram_5,Andhra Pradesh SW,28,Andhra Pradesh,752,Tirupathi,-,-,-,-,-,-,-,-,-,13.37000000,79.35000000,29-05-2026 19:00,1
2661,Krishnapuram_5,Andhra Pradesh SW,28,Andhra Pradesh,752,Tirupathi,-,-,-,-,-,-,-,-,-,13.37000000,79.35000000,29-05-2026 20:00,0.5
2662,Krishnapuram_5,Andhra Pradesh SW,28,Andhra Pradesh,752,Tirupathi,-,-,-,-,-,-,-,-,-,13.37000000,79.35000000,29-05-2026 21:00,0.5
2663,Krishnapuram_5,Andhra Pradesh SW,28,Andhra Pradesh,752,Tirupathi,-,-,-,-,-,-,-,-,-,13.37000000,79.35000000,29-05-2026 22:00,1
2664,Krishnapuram_5,Andhra Pradesh SW,28,Andhra Pradesh,752,Tirupathi,-,-,-,-,-,-,-,-,-,13.37000000,79.35000000,29-05-2026 23:00,0.5
2665,Krishnapuram_5,Andhra Pradesh SW,28,Andhra Pradesh,752,Tirupathi,-,-,-,-,-,-,-,-,-,13.37000000,79.35000000,30-05-2026 00:00,0.5
2666,Krishnapuram_5,Andhra Pradesh SW,28,Andhra Pradesh,752,Tirupathi,-,-,-,-,-,-,-,-,-,13.37000000,79.35000000,30-05-2026 02:00,0.5
2667,Krishnapuram_5,Andhra Pradesh SW,28,Andhra Pradesh,752,Tirupathi,-,-,-,-,-,-,-,-,-,13.37000000,79.35000000,30-05-2026 04:00,0.5
2668,Krishnapuram_5,Andhra Pradesh SW,28,Andhra Pradesh,752,Tirupathi,-,-,-,-,-,-,-,-,-,13.37000000,79.35000000,30-05-2026 07:00,0.5
2669,Krishnapuram_5,Andhra Pradesh SW,28,Andhra Pradesh,752,Tirupathi,-,-,-,-,-,-,-,-,-,13.37000000,79.35000000,30-05-2026 10:00,0.5
2670,Krishnapuram_5,Andhra Pradesh SW,28,Andhra Pradesh,752,Tirupathi,-,-,-,-,-,-,-,-,-,13.37000000,79.35000000,30-05-2026 15:00,0.5
2671,Krishnapuram_5,Andhra Pradesh SW,28,Andhra Pradesh,752,Tirupathi,-,-,-,-,-,-,-,-,-,13.37000000,79.35000000,31-05-2026 01:00,0.5
2672,Krishnapuram_5,Andhra Pradesh SW,28,Andhra Pradesh,752,Tirupathi,-,-,-,-,-,-,-,-,-,13.37000000,79.35000000,31-05-2026 15:00,0.5
2673,Krishnapuram_5,Andhra Pradesh SW,28,Andhra Pradesh,752,Tirupathi,-,-,-,-,-,-,-,-,-,13.37000000,79.35000000,01-06-2026 02:00,0.5
2674,Krishnapuram_5,Andhra Pradesh SW,28,Andhra Pradesh,752,Tirupathi,-,-,-,-,-,-,-,-,-,13.37000000,79.35000000,01-06-2026 17:00,0.5
2675,Krishnapuram_5,Andhra Pradesh SW,28,Andhra Pradesh,752,Tirupathi,-,-,-,-,-,-,-,-,-,13.37000000,79.35000000,02-06-2026 10:00,0.5
2676,Krishnapuram_5,Andhra Pradesh SW,28,Andhra Pradesh,752,Tirupathi,-,-,-,-,-,-,-,-,-,13.37000000,79.35000000,03-06-2026 19:00,0.5
2677,Krishnapuram_5,Andhra Pradesh SW,28,Andhra Pradesh,752,Tirupathi,-,-,-,-,-,-,-,-,-,13.37000000,79.35000000,06-06-2026 07:00,0.5
2678,Krishnapuram_5,Andhra Pradesh SW,28,Andhra Pradesh,752,Tirupathi,-,-,-,-,-,-,-,-,-,13.37000000,79.35000000,09-06-2026 20:00,8
2679,Krishnapuram_5,Andhra Pradesh SW,28,Andhra Pradesh,752,Tirupathi,-,-,-,-,-,-,-,-,-,13.37000000,79.35000000,09-06-2026 21:00,0.5
2680,Krishnapuram_5,Andhra Pradesh SW,28,Andhra Pradesh,752,Tirupathi,-,-,-,-,-,-,-,-,-,13.37000000,79.35000000,12-06-2026 18:00,1.5
2681,Krishnapuram_5,Andhra Pradesh SW,28,Andhra Pradesh,752,Tirupathi,-,-,-,-,-,-,-,-,-,13.37000000,79.35000000,12-06-2026 19:00,0.5
2682,Krishnapuram_5,Andhra Pradesh SW,28,Andhra Pradesh,752,Tirupathi,-,-,-,-,-,-,-,-,-,13.37000000,79.35000000,17-06-2026 19:00,2.5
2683,Krishnapuram_5,Andhra Pradesh SW,28,Andhra Pradesh,752,Tirupathi,-,-,-,-,-,-,-,-,-,13.37000000,79.35000000,18-06-2026 16:00,2
2684,Krishnapuram_5,Andhra Pradesh SW,28,Andhra Pradesh,752,Tirupathi,-,-,-,-,-,-,-,-,-,13.37000000,79.35000000,18-06-2026 17:00,1
2685,Krishnapuram_5,Andhra Pradesh SW,28,Andhra Pradesh,752,Tirupathi,-,-,-,-,-,-,-,-,-,13.37000000,79.35000000,18-06-2026 18:00,0.5
2686,Krishnapuram_5,Andhra Pradesh SW,28,Andhra Pradesh,752,Tirupathi,-,-,-,-,-,-,-,-,-,13.37000000,79.35000000,18-06-2026 19:00,0.5
2687,Krishnapuram_5,Andhra Pradesh SW,28,Andhra Pradesh,752,Tirupathi,-,-,-,-,-,-,-,-,-,13.37000000,79.35000000,18-06-2026 21:00,0.5
2688,Krishnapuram_5,Andhra Pradesh SW,28,Andhra Pradesh,752,Tirupathi,-,-,-,-,-,-,-,-,-,13.37000000,79.35000000,18-06-2026 22:00,0.5
2689,Krishnapuram_5,Andhra Pradesh SW,28,Andhra Pradesh,752,Tirupathi,-,-,-,-,-,-,-,-,-,13.37000000,79.35000000,19-06-2026 00:00,0.5
2690,Krishnapuram_5,Andhra Pradesh SW,28,Andhra Pradesh,752,Tirupathi,-,-,-,-,-,-,-,-,-,13.37000000,79.35000000,19-06-2026 02:00,0.5
2691,Krishnapuram_5,Andhra Pradesh SW,28,Andhra Pradesh,752,Tirupathi,-,-,-,-,-,-,-,-,-,13.37000000,79.35000000,19-06-2026 05:00,0.5
2692,Krishnapuram_5,Andhra Pradesh SW,28,Andhra Pradesh,752,Tirupathi,-,-,-,-,-,-,-,-,-,13.37000000,79.35000000,19-06-2026 07:00,0.5
2693,Krishnapuram_5,Andhra Pradesh SW,28,Andhra Pradesh,752,Tirupathi,-,-,-,-,-,-,-,-,-,13.37000000,79.35000000,19-06-2026 10:00,0.5
2694,Krishnapuram_5,Andhra Pradesh SW,28,Andhra Pradesh,752,Tirupathi,-,-,-,-,-,-,-,-,-,13.37000000,79.35000000,19-06-2026 12:00,0.5
2695,Krishnapuram_5,Andhra Pradesh SW,28,Andhra Pradesh,752,Tirupathi,-,-,-,-,-,-,-,-,-,13.37000000,79.35000000,19-06-2026 15:00,0.5
2696,Krishnapuram_5,Andhra Pradesh SW,28,Andhra Pradesh,752,Tirupathi,-,-,-,-,-,-,-,-,-,13.37000000,79.35000000,19-06-2026 23:00,0.5
2697,Krishnapuram_5,Andhra Pradesh SW,28,Andhra Pradesh,752,Tirupathi,-,-,-,-,-,-,-,-,-,13.37000000,79.35000000,20-06-2026 16:00,0.5
2698,Krishnapuram_5,Andhra Pradesh SW,28,Andhra Pradesh,752,Tirupathi,-,-,-,-,-,-,-,-,-,13.37000000,79.35000000,21-06-2026 04:00,0.5
2699,Krishnapuram_5,Andhra Pradesh SW,28,Andhra Pradesh,752,Tirupathi,-,-,-,-,-,-,-,-,-,13.37000000,79.35000000,21-06-2026 12:00,0.5
2700,Krishnapuram_5,Andhra Pradesh SW,28,Andhra Pradesh,752,Tirupathi,-,-,-,-,-,-,-,-,-,13.37000000,79.35000000,22-06-2026 21:00,0.5
2701,Krishnapuram_5,Andhra Pradesh SW,28,Andhra Pradesh,752,Tirupathi,-,-,-,-,-,-,-,-,-,13.37000000,79.35000000,23-06-2026 06:00,0.5
2702,Krishnapuram_5,Andhra Pradesh SW,28,Andhra Pradesh,752,Tirupathi,-,-,-,-,-,-,-,-,-,13.37000000,79.35000000,23-06-2026 12:00,0.5
2703,Krishnapuram_5,Andhra Pradesh SW,28,Andhra Pradesh,752,Tirupathi,-,-,-,-,-,-,-,-,-,13.37000000,79.35000000,23-06-2026 19:00,0.5
2704,Krishnapuram_5,Andhra Pradesh SW,28,Andhra Pradesh,752,Tirupathi,-,-,-,-,-,-,-,-,-,13.37000000,79.35000000,24-06-2026 09:00,0.5
2705,Krishnapuram_5,Andhra Pradesh SW,28,Andhra Pradesh,752,Tirupathi,-,-,-,-,-,-,-,-,-,13.37000000,79.35000000,26-06-2026 08:00,0.5
2706,Krishnapuram_5,Andhra Pradesh SW,28,Andhra Pradesh,752,Tirupathi,-,-,-,-,-,-,-,-,-,13.37000000,79.35000000,09-07-2026 18:00,2.5
2707,Krishnapuram_5,Andhra Pradesh SW,28,Andhra Pradesh,752,Tirupathi,-,-,-,-,-,-,-,-,-,13.37000000,79.35000000,09-07-2026 19:00,1.5
2708,Krishnapuram_5,Andhra Pradesh SW,28,Andhra Pradesh,752,Tirupathi,-,-,-,-,-,-,-,-,-,13.37000000,79.35000000,09-07-2026 20:00,1
2709,Krishnapuram_5,Andhra Pradesh SW,28,Andhra Pradesh,752,Tirupathi,-,-,-,-,-,-,-,-,-,13.37000000,79.35000000,09-07-2026 21:00,0.5
2710,Krishnapuram_5,Andhra Pradesh SW,28,Andhra Pradesh,752,Tirupathi,-,-,-,-,-,-,-,-,-,13.37000000,79.35000000,09-07-2026 22:00,0.5
2711,Krishnapuram_5,Andhra Pradesh SW,28,Andhra Pradesh,752,Tirupathi,-,-,-,-,-,-,-,-,-,13.37000000,79.35000000,10-07-2026 00:00,0.5
2712,Krishnapuram_5,Andhra Pradesh SW,28,Andhra Pradesh,752,Tirupathi,-,-,-,-,-,-,-,-,-,13.37000000,79.35000000,10-07-2026 01:00,0.5
2713,Krishnapuram_5,Andhra Pradesh SW,28,Andhra Pradesh,752,Tirupathi,-,-,-,-,-,-,-,-,-,13.37000000,79.35000000,10-07-2026 02:00,0.5
2714,Krishnapuram_5,Andhra Pradesh SW,28,Andhra Pradesh,752,Tirupathi,-,-,-,-,-,-,-,-,-,13.37000000,79.35000000,10-07-2026 04:00,0.5
2715,Krishnapuram_5,Andhra Pradesh SW,28,Andhra Pradesh,752,Tirupathi,-,-,-,-,-,-,-,-,-,13.37000000,79.35000000,10-07-2026 06:00,0.5
2716,Krishnapuram_5,Andhra Pradesh SW,28,Andhra Pradesh,752,Tirupathi,-,-,-,-,-,-,-,-,-,13.37000000,79.35000000,10-07-2026 09:00,0.5
2717,Krishnapuram_5,Andhra Pradesh SW,28,Andhra Pradesh,752,Tirupathi,-,-,-,-,-,-,-,-,-,13.37000000,79.35000000,10-07-2026 11:00,0.5
2718,Krishnapuram_5,Andhra Pradesh SW,28,Andhra Pradesh,752,Tirupathi,-,-,-,-,-,-,-,-,-,13.37000000,79.35000000,10-07-2026 15:00,0.5
2719,Krishnapuram_5,Andhra Pradesh SW,28,Andhra Pradesh,752,Tirupathi,-,-,-,-,-,-,-,-,-,13.37000000,79.35000000,10-07-2026 18:00,0.5
2720,Krishnapuram_5,Andhra Pradesh SW,28,Andhra Pradesh,752,Tirupathi,-,-,-,-,-,-,-,-,-,13.37000000,79.35000000,11-07-2026 01:00,0.5
2721,Krishnapuram_5,Andhra Pradesh SW,28,Andhra Pradesh,752,Tirupathi,-,-,-,-,-,-,-,-,-,13.37000000,79.35000000,11-07-2026 09:00,0.5
2722,Krishnapuram_5,Andhra Pradesh SW,28,Andhra Pradesh,752,Tirupathi,-,-,-,-,-,-,-,-,-,13.37000000,79.35000000,11-07-2026 17:00,0.5
2723,Krishnapuram_5,Andhra Pradesh SW,28,Andhra Pradesh,752,Tirupathi,-,-,-,-,-,-,-,-,-,13.37000000,79.35000000,12-07-2026 03:00,0.5
2724,Krishnapuram_5,Andhra Pradesh SW,28,Andhra Pradesh,752,Tirupathi,-,-,-,-,-,-,-,-,-,13.37000000,79.35000000,17-07-2026 20:00,1
2725,Krishnapuram_5,Andhra Pradesh SW,28,Andhra Pradesh,752,Tirupathi,-,-,-,-,-,-,-,-,-,13.37000000,79.35000000,17-07-2026 23:00,0.5
2726,Krishnapuram_5,Andhra Pradesh SW,28,Andhra Pradesh,752,Tirupathi,-,-,-,-,-,-,-,-,-,13.37000000,79.35000000,19-07-2026 17:00,1.5
2727,Krishnapuram_5,Andhra Pradesh SW,28,Andhra Pradesh,752,Tirupathi,-,-,-,-,-,-,-,-,-,13.37000000,79.35000000,21-07-2026 16:00,0.5
2728,Krishnapuram_5,Andhra Pradesh SW,28,Andhra Pradesh,752,Tirupathi,-,-,-,-,-,-,-,-,-,13.37000000,79.35000000,24-07-2026 18:00,7
2729,Krishnapuram_5,Andhra Pradesh SW,28,Andhra Pradesh,752,Tirupathi,-,-,-,-,-,-,-,-,-,13.37000000,79.35000000,24-07-2026 19:00,1
2730,Krishnapuram_5,Andhra Pradesh SW,28,Andhra Pradesh,752,Tirupathi,-,-,-,-,-,-,-,-,-,13.37000000,79.35000000,24-07-2026 20:00,0.5
2731,Krishnapuram_5,Andhra Pradesh SW,28,Andhra Pradesh,752,Tirupathi,-,-,-,-,-,-,-,-,-,13.37000000,79.35000000,24-07-2026 22:00,0.5
2732,Krishnapuram_5,Andhra Pradesh SW,28,Andhra Pradesh,752,Tirupathi,-,-,-,-,-,-,-,-,-,13.37000000,79.35000000,25-07-2026 00:00,1
2733,Krishnapuram_5,Andhra Pradesh SW,28,Andhra Pradesh,752,Tirupathi,-,-,-,-,-,-,-,-,-,13.37000000,79.35000000,27-07-2026 20:00,1.5
2734,Krishnapuram_5,Andhra Pradesh SW,28,Andhra Pradesh,752,Tirupathi,-,-,-,-,-,-,-,-,-,13.37000000,79.35000000,31-07-2026 19:00,0.5
2735,Krishnapuram_5,Andhra Pradesh SW,28,Andhra Pradesh,752,Tirupathi,-,-,-,-,-,-,-,-,-,13.37000000,79.35000000,01-08-2026 22:00,2
2736,Krishnapuram_5,Andhra Pradesh SW,28,Andhra Pradesh,752,Tirupathi,-,-,-,-,-,-,-,-,-,13.37000000,79.35000000,01-08-2026 23:00,1
2737,Krishnapuram_5,Andhra Pradesh SW,28,Andhra Pradesh,752,Tirupathi,-,-,-,-,-,-,-,-,-,13.37000000,79.35000000,06-08-2026 21:00,3
2738,Krishnapuram_5,Andhra Pradesh SW,28,Andhra Pradesh,752,Tirupathi,-,-,-,-,-,-,-,-,-,13.37000000,79.35000000,07-08-2026 01:00,0.5
2739,Krishnapuram_5,Andhra Pradesh SW,28,Andhra Pradesh,752,Tirupathi,-,-,-,-,-,-,-,-,-,13.37000000,79.35000000,12-08-2026 17:00,0.5
2740,Krishnapuram_5,Andhra Pradesh SW,28,Andhra Pradesh,752,Tirupathi,-,-,-,-,-,-,-,-,-,13.37000000,79.35000000,12-08-2026 18:00,3.5
2741,Krishnapuram_5,Andhra Pradesh SW,28,Andhra Pradesh,752,Tirupathi,-,-,-,-,-,-,-,-,-,13.37000000,79.35000000,23-08-2026 18:00,0.5
2742,Krishnapuram_5,Andhra Pradesh SW,28,Andhra Pradesh,752,Tirupathi,-,-,-,-,-,-,-,-,-,13.37000000,79.35000000,23-08-2026 18:00,0.5
2743,Krishnapuram_5,Andhra Pradesh SW,28,Andhra Pradesh,752,Tirupathi,-,-,-,-,-,-,-,-,-,13.37000000,79.35000000,23-08-2026 23:00,1.5
2744,Krishnapuram_5,Andhra Pradesh SW,28,Andhra Pradesh,752,Tirupathi,-,-,-,-,-,-,-,-,-,13.37000000,79.35000000,23-08-2026 23:00,1.5
2745,Krishnapuram_5,Andhra Pradesh SW,28,Andhra Pradesh,752,Tirupathi,-,-,-,-,-,-,-,-,-,13.37000000,79.35000000,24-08-2026 18:00,2
2746,Krishnapuram_5,Andhra Pradesh SW,28,Andhra Pradesh,752,Tirupathi,-,-,-,-,-,-,-,-,-,13.37000000,79.35000000,24-08-2026 19:00,0.5
2747,Lower sagileru Project,Andhra Pradesh SW,28,Andhra Pradesh,504,Kadapa,-,-,-,-,-,-,-,-,-,14.95000000,78.95000000,01-02-2026 19:00,101
2748,Lower sagileru Project,Andhra Pradesh SW,28,Andhra Pradesh,504,Kadapa,-,-,-,-,-,-,-,-,-,14.95000000,78.95000000,13-02-2026 01:00,139
2749,Mid Pennar Reservoir (MPR),Andhra Pradesh SW,28,Andhra Pradesh,502,ANANTHAPURAMU,-,-,-,-,-,-,-,-,-,14.80900000,78.88100000,22-02-2026 08:30,80
2750,Mid Pennar Reservoir (MPR),Andhra Pradesh SW,28,Andhra Pradesh,502,ANANTHAPURAMU,-,-,-,-,-,-,-,-,-,14.80900000,78.88100000,18-03-2026 00:00,1.5
2751,Mid Pennar Reservoir (MPR),Andhra Pradesh SW,28,Andhra Pradesh,502,ANANTHAPURAMU,-,-,-,-,-,-,-,-,-,14.80900000,78.88100000,18-03-2026 01:00,0.5
2752,Mid Pennar Reservoir (MPR),Andhra Pradesh SW,28,Andhra Pradesh,502,ANANTHAPURAMU,-,-,-,-,-,-,-,-,-,14.80900000,78.88100000,18-03-2026 03:00,0.5
2753,Mid Pennar Reservoir (MPR),Andhra Pradesh SW,28,Andhra Pradesh,502,ANANTHAPURAMU,-,-,-,-,-,-,-,-,-,14.80900000,78.88100000,18-03-2026 04:00,0.5
2754,Mid Pennar Reservoir (MPR),Andhra Pradesh SW,28,Andhra Pradesh,502,ANANTHAPURAMU,-,-,-,-,-,-,-,-,-,14.80900000,78.88100000,18-03-2026 05:00,0.5
2755,Mid Pennar Reservoir (MPR),Andhra Pradesh SW,28,Andhra Pradesh,502,ANANTHAPURAMU,-,-,-,-,-,-,-,-,-,14.80900000,78.88100000,18-03-2026 06:00,6
2756,Mid Pennar Reservoir (MPR),Andhra Pradesh SW,28,Andhra Pradesh,502,ANANTHAPURAMU,-,-,-,-,-,-,-,-,-,14.80900000,78.88100000,18-03-2026 07:00,3.5
2757,Mid Pennar Reservoir (MPR),Andhra Pradesh SW,28,Andhra Pradesh,502,ANANTHAPURAMU,-,-,-,-,-,-,-,-,-,14.80900000,78.88100000,18-03-2026 08:00,2
2758,Mid Pennar Reservoir (MPR),Andhra Pradesh SW,28,Andhra Pradesh,502,ANANTHAPURAMU,-,-,-,-,-,-,-,-,-,14.80900000,78.88100000,18-03-2026 09:00,1
2759,Mid Pennar Reservoir (MPR),Andhra Pradesh SW,28,Andhra Pradesh,502,ANANTHAPURAMU,-,-,-,-,-,-,-,-,-,14.80900000,78.88100000,18-03-2026 10:00,0.5
2760,Mid Pennar Reservoir (MPR),Andhra Pradesh SW,28,Andhra Pradesh,502,ANANTHAPURAMU,-,-,-,-,-,-,-,-,-,14.80900000,78.88100000,18-03-2026 10:00,0.5
2761,Mid Pennar Reservoir (MPR),Andhra Pradesh SW,28,Andhra Pradesh,502,ANANTHAPURAMU,-,-,-,-,-,-,-,-,-,14.80900000,78.88100000,18-03-2026 22:00,0.5
2762,Mid Pennar Reservoir (MPR),Andhra Pradesh SW,28,Andhra Pradesh,502,ANANTHAPURAMU,-,-,-,-,-,-,-,-,-,14.80900000,78.88100000,19-03-2026 01:00,0.5
2763,Mid Pennar Reservoir (MPR),Andhra Pradesh SW,28,Andhra Pradesh,502,ANANTHAPURAMU,-,-,-,-,-,-,-,-,-,14.80900000,78.88100000,19-03-2026 08:00,0.5
2764,Mid Pennar Reservoir (MPR),Andhra Pradesh SW,28,Andhra Pradesh,502,ANANTHAPURAMU,-,-,-,-,-,-,-,-,-,14.80900000,78.88100000,20-03-2026 08:00,0.5
2765,Mid Pennar Reservoir (MPR),Andhra Pradesh SW,28,Andhra Pradesh,502,ANANTHAPURAMU,-,-,-,-,-,-,-,-,-,14.80900000,78.88100000,20-03-2026 08:00,0.5
2766,Mid Pennar Reservoir (MPR),Andhra Pradesh SW,28,Andhra Pradesh,502,ANANTHAPURAMU,-,-,-,-,-,-,-,-,-,14.80900000,78.88100000,31-03-2026 20:00,0.5
2767,Mylavaram Reservoir,Andhra Pradesh SW,28,Andhra Pradesh,504,Kadapa,-,-,-,-,-,-,-,-,-,14.85000000,78.33000000,20-03-2026 07:00,0.5
2768,Mylavaram Reservoir,Andhra Pradesh SW,28,Andhra Pradesh,504,Kadapa,-,-,-,-,-,-,-,-,-,14.85000000,78.33000000,05-04-2026 21:00,2
2769,Mylavaram Reservoir,Andhra Pradesh SW,28,Andhra Pradesh,504,Kadapa,-,-,-,-,-,-,-,-,-,14.85000000,78.33000000,05-04-2026 23:00,5
2770,Mylavaram Reservoir,Andhra Pradesh SW,28,Andhra Pradesh,504,Kadapa,-,-,-,-,-,-,-,-,-,14.85000000,78.33000000,10-04-2026 18:00,3.5
2771,Mylavaram Reservoir,Andhra Pradesh SW,28,Andhra Pradesh,504,Kadapa,-,-,-,-,-,-,-,-,-,14.85000000,78.33000000,30-04-2026 23:00,7.5
2772,Mylavaram Reservoir,Andhra Pradesh SW,28,Andhra Pradesh,504,Kadapa,-,-,-,-,-,-,-,-,-,14.85000000,78.33000000,01-05-2026 03:00,0.5
2773,Mylavaram Reservoir,Andhra Pradesh SW,28,Andhra Pradesh,504,Kadapa,-,-,-,-,-,-,-,-,-,14.85000000,78.33000000,01-05-2026 03:00,0.5
2774,Mylavaram Reservoir,Andhra Pradesh SW,28,Andhra Pradesh,504,Kadapa,-,-,-,-,-,-,-,-,-,14.85000000,78.33000000,01-05-2026 04:00,13.5
2775,Mylavaram Reservoir,Andhra Pradesh SW,28,Andhra Pradesh,504,Kadapa,-,-,-,-,-,-,-,-,-,14.85000000,78.33000000,01-05-2026 04:00,13.5
2776,Mylavaram Reservoir,Andhra Pradesh SW,28,Andhra Pradesh,504,Kadapa,-,-,-,-,-,-,-,-,-,14.85000000,78.33000000,01-05-2026 10:00,0.5
2777,Mylavaram Reservoir,Andhra Pradesh SW,28,Andhra Pradesh,504,Kadapa,-,-,-,-,-,-,-,-,-,14.85000000,78.33000000,01-05-2026 10:00,0.5
2778,Mylavaram Reservoir,Andhra Pradesh SW,28,Andhra Pradesh,504,Kadapa,-,-,-,-,-,-,-,-,-,14.85000000,78.33000000,01-05-2026 15:00,156
2779,Mylavaram Reservoir,Andhra Pradesh SW,28,Andhra Pradesh,504,Kadapa,-,-,-,-,-,-,-,-,-,14.85000000,78.33000000,05-05-2026 19:00,0.5
2780,Mylavaram Reservoir,Andhra Pradesh SW,28,Andhra Pradesh,504,Kadapa,-,-,-,-,-,-,-,-,-,14.85000000,78.33000000,22-05-2026 03:00,1.5
2781,Mylavaram Reservoir,Andhra Pradesh SW,28,Andhra Pradesh,504,Kadapa,-,-,-,-,-,-,-,-,-,14.85000000,78.33000000,22-05-2026 04:00,0.5
2782,Mylavaram Reservoir,Andhra Pradesh SW,28,Andhra Pradesh,504,Kadapa,-,-,-,-,-,-,-,-,-,14.85000000,78.33000000,22-05-2026 07:00,0.5
2783,Mylavaram Reservoir,Andhra Pradesh SW,28,Andhra Pradesh,504,Kadapa,-,-,-,-,-,-,-,-,-,14.85000000,78.33000000,23-05-2026 01:00,0.5
2784,Mylavaram Reservoir,Andhra Pradesh SW,28,Andhra Pradesh,504,Kadapa,-,-,-,-,-,-,-,-,-,14.85000000,78.33000000,23-05-2026 03:00,0.5
2785,Mylavaram Reservoir,Andhra Pradesh SW,28,Andhra Pradesh,504,Kadapa,-,-,-,-,-,-,-,-,-,14.85000000,78.33000000,28-05-2026 22:00,45.5
2786,Mylavaram Reservoir,Andhra Pradesh SW,28,Andhra Pradesh,504,Kadapa,-,-,-,-,-,-,-,-,-,14.85000000,78.33000000,28-05-2026 23:00,1
2787,Mylavaram Reservoir,Andhra Pradesh SW,28,Andhra Pradesh,504,Kadapa,-,-,-,-,-,-,-,-,-,14.85000000,78.33000000,30-05-2026 16:00,21
2788,Mylavaram Reservoir,Andhra Pradesh SW,28,Andhra Pradesh,504,Kadapa,-,-,-,-,-,-,-,-,-,14.85000000,78.33000000,30-05-2026 17:00,6
2789,Mylavaram Reservoir,Andhra Pradesh SW,28,Andhra Pradesh,504,Kadapa,-,-,-,-,-,-,-,-,-,14.85000000,78.33000000,30-05-2026 18:00,0.5
2790,Mylavaram Reservoir,Andhra Pradesh SW,28,Andhra Pradesh,504,Kadapa,-,-,-,-,-,-,-,-,-,14.85000000,78.33000000,30-05-2026 19:00,0.5
2791,Mylavaram Reservoir,Andhra Pradesh SW,28,Andhra Pradesh,504,Kadapa,-,-,-,-,-,-,-,-,-,14.85000000,78.33000000,03-06-2026 02:00,1
2792,Mylavaram Reservoir,Andhra Pradesh SW,28,Andhra Pradesh,504,Kadapa,-,-,-,-,-,-,-,-,-,14.85000000,78.33000000,03-06-2026 03:00,1
2793,Mylavaram Reservoir,Andhra Pradesh SW,28,Andhra Pradesh,504,Kadapa,-,-,-,-,-,-,-,-,-,14.85000000,78.33000000,14-06-2026 00:00,22
2794,Mylavaram Reservoir,Andhra Pradesh SW,28,Andhra Pradesh,504,Kadapa,-,-,-,-,-,-,-,-,-,14.85000000,78.33000000,14-06-2026 02:00,9
2795,Mylavaram Reservoir,Andhra Pradesh SW,28,Andhra Pradesh,504,Kadapa,-,-,-,-,-,-,-,-,-,14.85000000,78.33000000,14-06-2026 03:00,2
2796,Mylavaram Reservoir,Andhra Pradesh SW,28,Andhra Pradesh,504,Kadapa,-,-,-,-,-,-,-,-,-,14.85000000,78.33000000,14-06-2026 04:00,0.5
2797,Mylavaram Reservoir,Andhra Pradesh SW,28,Andhra Pradesh,504,Kadapa,-,-,-,-,-,-,-,-,-,14.85000000,78.33000000,14-06-2026 05:00,1
2798,Mylavaram Reservoir,Andhra Pradesh SW,28,Andhra Pradesh,504,Kadapa,-,-,-,-,-,-,-,-,-,14.85000000,78.33000000,14-06-2026 10:00,0.5
2799,Mylavaram Reservoir,Andhra Pradesh SW,28,Andhra Pradesh,504,Kadapa,-,-,-,-,-,-,-,-,-,14.85000000,78.33000000,19-06-2026 08:00,13
2800,Mylavaram Reservoir,Andhra Pradesh SW,28,Andhra Pradesh,504,Kadapa,-,-,-,-,-,-,-,-,-,14.85000000,78.33000000,19-06-2026 09:00,1
2801,Mylavaram Reservoir,Andhra Pradesh SW,28,Andhra Pradesh,504,Kadapa,-,-,-,-,-,-,-,-,-,14.85000000,78.33000000,19-06-2026 10:00,0.5
2802,Mylavaram Reservoir,Andhra Pradesh SW,28,Andhra Pradesh,504,Kadapa,-,-,-,-,-,-,-,-,-,14.85000000,78.33000000,19-06-2026 13:00,0.5
2803,Mylavaram Reservoir,Andhra Pradesh SW,28,Andhra Pradesh,504,Kadapa,-,-,-,-,-,-,-,-,-,14.85000000,78.33000000,26-06-2026 23:00,11
2804,Mylavaram Reservoir,Andhra Pradesh SW,28,Andhra Pradesh,504,Kadapa,-,-,-,-,-,-,-,-,-,14.85000000,78.33000000,27-06-2026 00:00,8.5
2805,Mylavaram Reservoir,Andhra Pradesh SW,28,Andhra Pradesh,504,Kadapa,-,-,-,-,-,-,-,-,-,14.85000000,78.33000000,03-07-2026 16:00,1.5
2806,Mylavaram Reservoir,Andhra Pradesh SW,28,Andhra Pradesh,504,Kadapa,-,-,-,-,-,-,-,-,-,14.85000000,78.33000000,03-07-2026 17:00,0.5
2807,Mylavaram Reservoir,Andhra Pradesh SW,28,Andhra Pradesh,504,Kadapa,-,-,-,-,-,-,-,-,-,14.85000000,78.33000000,02-08-2026 21:00,3
2808,Mylavaram Reservoir,Andhra Pradesh SW,28,Andhra Pradesh,504,Kadapa,-,-,-,-,-,-,-,-,-,14.85000000,78.33000000,03-08-2026 18:00,3
2809,Mylavaram Reservoir,Andhra Pradesh SW,28,Andhra Pradesh,504,Kadapa,-,-,-,-,-,-,-,-,-,14.85000000,78.33000000,03-08-2026 22:00,1
2810,Mylavaram Reservoir,Andhra Pradesh SW,28,Andhra Pradesh,504,Kadapa,-,-,-,-,-,-,-,-,-,14.85000000,78.33000000,03-08-2026 23:00,2.5
2811,Mylavaram Reservoir,Andhra Pradesh SW,28,Andhra Pradesh,504,Kadapa,-,-,-,-,-,-,-,-,-,14.85000000,78.33000000,04-08-2026 00:00,2
2812,Mylavaram Reservoir,Andhra Pradesh SW,28,Andhra Pradesh,504,Kadapa,-,-,-,-,-,-,-,-,-,14.85000000,78.33000000,04-08-2026 01:00,1
2813,Mylavaram Reservoir,Andhra Pradesh SW,28,Andhra Pradesh,504,Kadapa,-,-,-,-,-,-,-,-,-,14.85000000,78.33000000,04-08-2026 02:00,0.5
2814,Mylavaram Reservoir,Andhra Pradesh SW,28,Andhra Pradesh,504,Kadapa,-,-,-,-,-,-,-,-,-,14.85000000,78.33000000,04-08-2026 03:00,1
2815,Mylavaram Reservoir,Andhra Pradesh SW,28,Andhra Pradesh,504,Kadapa,-,-,-,-,-,-,-,-,-,14.85000000,78.33000000,04-08-2026 05:00,0.5
2816,Mylavaram Reservoir,Andhra Pradesh SW,28,Andhra Pradesh,504,Kadapa,-,-,-,-,-,-,-,-,-,14.85000000,78.33000000,04-08-2026 07:00,0.5
2817,Mylavaram Reservoir,Andhra Pradesh SW,28,Andhra Pradesh,504,Kadapa,-,-,-,-,-,-,-,-,-,14.85000000,78.33000000,04-08-2026 09:00,0.5
2818,Mylavaram Reservoir,Andhra Pradesh SW,28,Andhra Pradesh,504,Kadapa,-,-,-,-,-,-,-,-,-,14.85000000,78.33000000,04-08-2026 12:00,0.5
2819,Mylavaram Reservoir,Andhra Pradesh SW,28,Andhra Pradesh,504,Kadapa,-,-,-,-,-,-,-,-,-,14.85000000,78.33000000,04-08-2026 17:00,0.5
2820,Mylavaram Reservoir,Andhra Pradesh SW,28,Andhra Pradesh,504,Kadapa,-,-,-,-,-,-,-,-,-,14.85000000,78.33000000,05-08-2026 00:00,0.5
2821,Mylavaram Reservoir,Andhra Pradesh SW,28,Andhra Pradesh,504,Kadapa,-,-,-,-,-,-,-,-,-,14.85000000,78.33000000,05-08-2026 07:00,0.5
2822,Mylavaram Reservoir,Andhra Pradesh SW,28,Andhra Pradesh,504,Kadapa,-,-,-,-,-,-,-,-,-,14.85000000,78.33000000,05-08-2026 11:00,0.5
2823,Mylavaram Reservoir,Andhra Pradesh SW,28,Andhra Pradesh,504,Kadapa,-,-,-,-,-,-,-,-,-,14.85000000,78.33000000,05-08-2026 22:00,0.5
2824,Mylavaram Reservoir,Andhra Pradesh SW,28,Andhra Pradesh,504,Kadapa,-,-,-,-,-,-,-,-,-,14.85000000,78.33000000,06-08-2026 12:00,0.5
2825,Mylavaram Reservoir,Andhra Pradesh SW,28,Andhra Pradesh,504,Kadapa,-,-,-,-,-,-,-,-,-,14.85000000,78.33000000,07-08-2026 03:00,0.5
2826,Mylavaram Reservoir,Andhra Pradesh SW,28,Andhra Pradesh,504,Kadapa,-,-,-,-,-,-,-,-,-,14.85000000,78.33000000,08-08-2026 12:00,0.5
2827,Mylavaram Reservoir,Andhra Pradesh SW,28,Andhra Pradesh,504,Kadapa,-,-,-,-,-,-,-,-,-,14.85000000,78.33000000,09-08-2026 07:00,0.5
2828,Mylavaram Reservoir,Andhra Pradesh SW,28,Andhra Pradesh,504,Kadapa,-,-,-,-,-,-,-,-,-,14.85000000,78.33000000,10-08-2026 11:00,0.5
2829,Mylavaram Reservoir,Andhra Pradesh SW,28,Andhra Pradesh,504,Kadapa,-,-,-,-,-,-,-,-,-,14.85000000,78.33000000,11-08-2026 08:00,0.5
2830,Mylavaram Reservoir,Andhra Pradesh SW,28,Andhra Pradesh,504,Kadapa,-,-,-,-,-,-,-,-,-,14.85000000,78.33000000,12-08-2026 13:00,0.5
2831,Mylavaram Reservoir,Andhra Pradesh SW,28,Andhra Pradesh,504,Kadapa,-,-,-,-,-,-,-,-,-,14.85000000,78.33000000,13-08-2026 15:00,0.5
2832,Mylavaram Reservoir,Andhra Pradesh SW,28,Andhra Pradesh,504,Kadapa,-,-,-,-,-,-,-,-,-,14.85000000,78.33000000,14-08-2026 19:00,0.5
2833,Mylavaram Reservoir,Andhra Pradesh SW,28,Andhra Pradesh,504,Kadapa,-,-,-,-,-,-,-,-,-,14.85000000,78.33000000,22-08-2026 21:00,4
2834,Mylavaram Reservoir,Andhra Pradesh SW,28,Andhra Pradesh,504,Kadapa,-,-,-,-,-,-,-,-,-,14.85000000,78.33000000,22-08-2026 22:00,0.5
2835,Mylavaram Reservoir,Andhra Pradesh SW,28,Andhra Pradesh,504,Kadapa,-,-,-,-,-,-,-,-,-,14.85000000,78.33000000,22-08-2026 23:00,1.5
2836,Mylavaram Reservoir,Andhra Pradesh SW,28,Andhra Pradesh,504,Kadapa,-,-,-,-,-,-,-,-,-,14.85000000,78.33000000,23-08-2026 11:00,0.5
2837,Mylavaram Reservoir,Andhra Pradesh SW,28,Andhra Pradesh,504,Kadapa,-,-,-,-,-,-,-,-,-,14.85000000,78.33000000,23-08-2026 11:00,0.5
2838,Mylavaram Reservoir,Andhra Pradesh SW,28,Andhra Pradesh,504,Kadapa,-,-,-,-,-,-,-,-,-,14.85000000,78.33000000,23-08-2026 19:00,1.5
2839,Mylavaram Reservoir,Andhra Pradesh SW,28,Andhra Pradesh,504,Kadapa,-,-,-,-,-,-,-,-,-,14.85000000,78.33000000,23-08-2026 19:00,1.5
2840,Mylavaram Reservoir,Andhra Pradesh SW,28,Andhra Pradesh,504,Kadapa,-,-,-,-,-,-,-,-,-,14.85000000,78.33000000,23-08-2026 20:00,2.5
2841,Mylavaram Reservoir,Andhra Pradesh SW,28,Andhra Pradesh,504,Kadapa,-,-,-,-,-,-,-,-,-,14.85000000,78.33000000,23-08-2026 20:00,2.5
2842,Mylavaram Reservoir,Andhra Pradesh SW,28,Andhra Pradesh,504,Kadapa,-,-,-,-,-,-,-,-,-,14.85000000,78.33000000,23-08-2026 21:00,1
2843,Mylavaram Reservoir,Andhra Pradesh SW,28,Andhra Pradesh,504,Kadapa,-,-,-,-,-,-,-,-,-,14.85000000,78.33000000,23-08-2026 22:00,0.5
2844,Mylavaram Reservoir,Andhra Pradesh SW,28,Andhra Pradesh,504,Kadapa,-,-,-,-,-,-,-,-,-,14.85000000,78.33000000,23-08-2026 23:00,0.5
2845,Mylavaram Reservoir,Andhra Pradesh SW,28,Andhra Pradesh,504,Kadapa,-,-,-,-,-,-,-,-,-,14.85000000,78.33000000,24-08-2026 01:00,0.5
2846,Mylavaram Reservoir,Andhra Pradesh SW,28,Andhra Pradesh,504,Kadapa,-,-,-,-,-,-,-,-,-,14.85000000,78.33000000,24-08-2026 04:00,0.5
2847,Mylavaram Reservoir,Andhra Pradesh SW,28,Andhra Pradesh,504,Kadapa,-,-,-,-,-,-,-,-,-,14.85000000,78.33000000,24-08-2026 09:00,0.5
2848,Mylavaram Reservoir,Andhra Pradesh SW,28,Andhra Pradesh,504,Kadapa,-,-,-,-,-,-,-,-,-,14.85000000,78.33000000,24-08-2026 19:00,0.5
2849,Mylavaram Reservoir,Andhra Pradesh SW,28,Andhra Pradesh,504,Kadapa,-,-,-,-,-,-,-,-,-,14.85000000,78.33000000,25-08-2026 16:00,0.5
2850,Mylavaram Reservoir,Andhra Pradesh SW,28,Andhra Pradesh,504,Kadapa,-,-,-,-,-,-,-,-,-,14.85000000,78.33000000,25-08-2026 16:00,0.5
2851,NTR Jalasayam,Andhra Pradesh SW,28,Andhra Pradesh,503,CHITTOOR,-,-,-,-,-,-,-,-,-,13.28000000,79.13000000,09-01-2026 15:05,4
2852,NTR Jalasayam,Andhra Pradesh SW,28,Andhra Pradesh,503,CHITTOOR,-,-,-,-,-,-,-,-,-,13.28000000,79.13000000,09-01-2026 15:10,14
2853,NTR Jalasayam,Andhra Pradesh SW,28,Andhra Pradesh,503,CHITTOOR,-,-,-,-,-,-,-,-,-,13.28000000,79.13000000,09-01-2026 16:00,14
2854,NTR Jalasayam,Andhra Pradesh SW,28,Andhra Pradesh,503,CHITTOOR,-,-,-,-,-,-,-,-,-,13.28000000,79.13000000,11-01-2026 15:00,0.5
2855,NTR Jalasayam,Andhra Pradesh SW,28,Andhra Pradesh,503,CHITTOOR,-,-,-,-,-,-,-,-,-,13.28000000,79.13000000,12-01-2026 10:00,0.5
2856,NTR Jalasayam,Andhra Pradesh SW,28,Andhra Pradesh,503,CHITTOOR,-,-,-,-,-,-,-,-,-,13.28000000,79.13000000,25-01-2026 21:00,0.5
2857,NTR Jalasayam,Andhra Pradesh SW,28,Andhra Pradesh,503,CHITTOOR,-,-,-,-,-,-,-,-,-,13.28000000,79.13000000,25-01-2026 22:00,0.5
2858,NTR Jalasayam,Andhra Pradesh SW,28,Andhra Pradesh,503,CHITTOOR,-,-,-,-,-,-,-,-,-,13.28000000,79.13000000,26-01-2026 04:00,0.5
2859,NTR Jalasayam,Andhra Pradesh SW,28,Andhra Pradesh,503,CHITTOOR,-,-,-,-,-,-,-,-,-,13.28000000,79.13000000,26-01-2026 18:00,1
2860,NTR Jalasayam,Andhra Pradesh SW,28,Andhra Pradesh,503,CHITTOOR,-,-,-,-,-,-,-,-,-,13.28000000,79.13000000,26-01-2026 19:00,1
2861,NTR Jalasayam,Andhra Pradesh SW,28,Andhra Pradesh,503,CHITTOOR,-,-,-,-,-,-,-,-,-,13.28000000,79.13000000,09-02-2026 10:00,34
2862,NTR Jalasayam,Andhra Pradesh SW,28,Andhra Pradesh,503,CHITTOOR,-,-,-,-,-,-,-,-,-,13.28000000,79.13000000,19-03-2026 00:00,5.5
2863,NTR Jalasayam,Andhra Pradesh SW,28,Andhra Pradesh,503,CHITTOOR,-,-,-,-,-,-,-,-,-,13.28000000,79.13000000,19-03-2026 01:00,6.5
2864,NTR Jalasayam,Andhra Pradesh SW,28,Andhra Pradesh,503,CHITTOOR,-,-,-,-,-,-,-,-,-,13.28000000,79.13000000,22-03-2026 12:00,20
2865,NTR Jalasayam,Andhra Pradesh SW,28,Andhra Pradesh,503,CHITTOOR,-,-,-,-,-,-,-,-,-,13.28000000,79.13000000,09-04-2026 21:00,0.5
2866,NTR Jalasayam,Andhra Pradesh SW,28,Andhra Pradesh,503,CHITTOOR,-,-,-,-,-,-,-,-,-,13.28000000,79.13000000,10-04-2026 01:00,0.5
2867,NTR Jalasayam,Andhra Pradesh SW,28,Andhra Pradesh,503,CHITTOOR,-,-,-,-,-,-,-,-,-,13.28000000,79.13000000,02-05-2026 01:00,0.5
2868,NTR Jalasayam,Andhra Pradesh SW,28,Andhra Pradesh,503,CHITTOOR,-,-,-,-,-,-,-,-,-,13.28000000,79.13000000,02-05-2026 01:00,0.5
2869,NTR Jalasayam,Andhra Pradesh SW,28,Andhra Pradesh,503,CHITTOOR,-,-,-,-,-,-,-,-,-,13.28000000,79.13000000,02-07-2026 21:00,0.5
2870,NTR Jalasayam,Andhra Pradesh SW,28,Andhra Pradesh,503,CHITTOOR,-,-,-,-,-,-,-,-,-,13.28000000,79.13000000,09-07-2026 22:00,0.5
2871,NTR Jalasayam,Andhra Pradesh SW,28,Andhra Pradesh,503,CHITTOOR,-,-,-,-,-,-,-,-,-,13.28000000,79.13000000,10-07-2026 09:00,0.5
2872,NTR Jalasayam,Andhra Pradesh SW,28,Andhra Pradesh,503,CHITTOOR,-,-,-,-,-,-,-,-,-,13.28000000,79.13000000,18-07-2026 21:00,0.5
2873,NTR Jalasayam,Andhra Pradesh SW,28,Andhra Pradesh,503,CHITTOOR,-,-,-,-,-,-,-,-,-,13.28000000,79.13000000,19-07-2026 00:00,0.5
2874,NTR Jalasayam,Andhra Pradesh SW,28,Andhra Pradesh,503,CHITTOOR,-,-,-,-,-,-,-,-,-,13.28000000,79.13000000,19-07-2026 16:00,0.5
2875,NTR Jalasayam,Andhra Pradesh SW,28,Andhra Pradesh,503,CHITTOOR,-,-,-,-,-,-,-,-,-,13.28000000,79.13000000,20-07-2026 20:00,0.5
2876,NTR Jalasayam,Andhra Pradesh SW,28,Andhra Pradesh,503,CHITTOOR,-,-,-,-,-,-,-,-,-,13.28000000,79.13000000,25-07-2026 04:00,0.5
2877,NTR Jalasayam,Andhra Pradesh SW,28,Andhra Pradesh,503,CHITTOOR,-,-,-,-,-,-,-,-,-,13.28000000,79.13000000,04-08-2026 19:00,0.5
2878,NTR Jalasayam,Andhra Pradesh SW,28,Andhra Pradesh,503,CHITTOOR,-,-,-,-,-,-,-,-,-,13.28000000,79.13000000,04-08-2026 21:00,0.5
2879,NTR Jalasayam,Andhra Pradesh SW,28,Andhra Pradesh,503,CHITTOOR,-,-,-,-,-,-,-,-,-,13.28000000,79.13000000,21-08-2026 01:00,0.5
2880,NTR Jalasayam,Andhra Pradesh SW,28,Andhra Pradesh,503,CHITTOOR,-,-,-,-,-,-,-,-,-,13.28000000,79.13000000,24-08-2026 02:00,0.5
2881,PABR Dam_1,Andhra Pradesh SW,28,Andhra Pradesh,502,ANANTAPUR,-,-,-,-,-,-,-,-,-,14.79000000,77.31000000,11-01-2026 01:00,0.5
2882,PABR Dam_1,Andhra Pradesh SW,28,Andhra Pradesh,502,ANANTAPUR,-,-,-,-,-,-,-,-,-,14.79000000,77.31000000,11-01-2026 02:00,0.5
2883,PABR Dam_1,Andhra Pradesh SW,28,Andhra Pradesh,502,ANANTAPUR,-,-,-,-,-,-,-,-,-,14.79000000,77.31000000,18-03-2026 00:00,0.5
2884,PABR Dam_1,Andhra Pradesh SW,28,Andhra Pradesh,502,ANANTAPUR,-,-,-,-,-,-,-,-,-,14.79000000,77.31000000,18-03-2026 02:00,0.5
2885,PABR Dam_1,Andhra Pradesh SW,28,Andhra Pradesh,502,ANANTAPUR,-,-,-,-,-,-,-,-,-,14.79000000,77.31000000,18-03-2026 07:00,0.5
2886,PABR Dam_1,Andhra Pradesh SW,28,Andhra Pradesh,502,ANANTAPUR,-,-,-,-,-,-,-,-,-,14.79000000,77.31000000,18-03-2026 13:00,0.5
2887,PABR Dam_1,Andhra Pradesh SW,28,Andhra Pradesh,502,ANANTAPUR,-,-,-,-,-,-,-,-,-,14.79000000,77.31000000,18-03-2026 19:00,0.5
2888,PABR Dam_1,Andhra Pradesh SW,28,Andhra Pradesh,502,ANANTAPUR,-,-,-,-,-,-,-,-,-,14.79000000,77.31000000,20-03-2026 00:00,0.5
2889,PABR Dam_1,Andhra Pradesh SW,28,Andhra Pradesh,502,ANANTAPUR,-,-,-,-,-,-,-,-,-,14.79000000,77.31000000,20-03-2026 00:00,0.5
2890,PABR Dam_1,Andhra Pradesh SW,28,Andhra Pradesh,502,ANANTAPUR,-,-,-,-,-,-,-,-,-,14.79000000,77.31000000,21-03-2026 05:00,0.5
2891,PABR Dam_1,Andhra Pradesh SW,28,Andhra Pradesh,502,ANANTAPUR,-,-,-,-,-,-,-,-,-,14.79000000,77.31000000,21-03-2026 05:00,0.5
2892,PABR Dam_1,Andhra Pradesh SW,28,Andhra Pradesh,502,ANANTAPUR,-,-,-,-,-,-,-,-,-,14.79000000,77.31000000,31-03-2026 17:00,0.5
2893,PABR Dam_1,Andhra Pradesh SW,28,Andhra Pradesh,502,ANANTAPUR,-,-,-,-,-,-,-,-,-,14.79000000,77.31000000,01-04-2026 05:00,0.5
2894,PABR Dam_1,Andhra Pradesh SW,28,Andhra Pradesh,502,ANANTAPUR,-,-,-,-,-,-,-,-,-,14.79000000,77.31000000,28-04-2026 18:00,96
2895,PABR Dam_1,Andhra Pradesh SW,28,Andhra Pradesh,502,ANANTAPUR,-,-,-,-,-,-,-,-,-,14.79000000,77.31000000,06-05-2026 22:00,0.5
2896,PABR Dam_1,Andhra Pradesh SW,28,Andhra Pradesh,502,ANANTAPUR,-,-,-,-,-,-,-,-,-,14.79000000,77.31000000,06-05-2026 23:00,0.5
2897,PABR Dam_1,Andhra Pradesh SW,28,Andhra Pradesh,502,ANANTAPUR,-,-,-,-,-,-,-,-,-,14.79000000,77.31000000,07-05-2026 00:00,0.5
2898,PABR Dam_1,Andhra Pradesh SW,28,Andhra Pradesh,502,ANANTAPUR,-,-,-,-,-,-,-,-,-,14.79000000,77.31000000,07-05-2026 01:00,1
2899,PABR Dam_1,Andhra Pradesh SW,28,Andhra Pradesh,502,ANANTAPUR,-,-,-,-,-,-,-,-,-,14.79000000,77.31000000,07-05-2026 04:00,0.5
2900,PABR Dam_1,Andhra Pradesh SW,28,Andhra Pradesh,502,ANANTAPUR,-,-,-,-,-,-,-,-,-,14.79000000,77.31000000,07-05-2026 11:00,0.5
2901,PABR Dam_1,Andhra Pradesh SW,28,Andhra Pradesh,502,ANANTAPUR,-,-,-,-,-,-,-,-,-,14.79000000,77.31000000,09-05-2026 10:00,0.5
2902,PABR Dam_1,Andhra Pradesh SW,28,Andhra Pradesh,502,ANANTAPUR,-,-,-,-,-,-,-,-,-,14.79000000,77.31000000,22-05-2026 05:00,0.5
2903,PABR Dam_1,Andhra Pradesh SW,28,Andhra Pradesh,502,ANANTAPUR,-,-,-,-,-,-,-,-,-,14.79000000,77.31000000,22-05-2026 09:00,0.5
2904,PABR Dam_1,Andhra Pradesh SW,28,Andhra Pradesh,502,ANANTAPUR,-,-,-,-,-,-,-,-,-,14.79000000,77.31000000,23-05-2026 05:00,0.5
2905,PABR Dam_1,Andhra Pradesh SW,28,Andhra Pradesh,502,ANANTAPUR,-,-,-,-,-,-,-,-,-,14.79000000,77.31000000,08-06-2026 18:00,0.5
2906,PABR Dam_1,Andhra Pradesh SW,28,Andhra Pradesh,502,ANANTAPUR,-,-,-,-,-,-,-,-,-,14.79000000,77.31000000,14-06-2026 10:00,0.5
2907,PABR Dam_1,Andhra Pradesh SW,28,Andhra Pradesh,502,ANANTAPUR,-,-,-,-,-,-,-,-,-,14.79000000,77.31000000,19-06-2026 02:00,0.5
2908,PABR Dam_1,Andhra Pradesh SW,28,Andhra Pradesh,502,ANANTAPUR,-,-,-,-,-,-,-,-,-,14.79000000,77.31000000,19-06-2026 15:00,0.5
2909,PABR Dam_1,Andhra Pradesh SW,28,Andhra Pradesh,502,ANANTAPUR,-,-,-,-,-,-,-,-,-,14.79000000,77.31000000,20-06-2026 09:00,0.5
2910,PABR Dam_1,Andhra Pradesh SW,28,Andhra Pradesh,502,ANANTAPUR,-,-,-,-,-,-,-,-,-,14.79000000,77.31000000,20-06-2026 20:00,0.5
2911,PABR Dam_1,Andhra Pradesh SW,28,Andhra Pradesh,502,ANANTAPUR,-,-,-,-,-,-,-,-,-,14.79000000,77.31000000,21-06-2026 00:00,0.5
2912,PABR Dam_1,Andhra Pradesh SW,28,Andhra Pradesh,502,ANANTAPUR,-,-,-,-,-,-,-,-,-,14.79000000,77.31000000,21-06-2026 01:00,0.5
2913,PABR Dam_1,Andhra Pradesh SW,28,Andhra Pradesh,502,ANANTAPUR,-,-,-,-,-,-,-,-,-,14.79000000,77.31000000,21-06-2026 02:00,0.5
2914,PABR Dam_1,Andhra Pradesh SW,28,Andhra Pradesh,502,ANANTAPUR,-,-,-,-,-,-,-,-,-,14.79000000,77.31000000,21-06-2026 03:00,2.5
2915,PABR Dam_1,Andhra Pradesh SW,28,Andhra Pradesh,502,ANANTAPUR,-,-,-,-,-,-,-,-,-,14.79000000,77.31000000,21-06-2026 04:00,1.5
2916,PABR Dam_1,Andhra Pradesh SW,28,Andhra Pradesh,502,ANANTAPUR,-,-,-,-,-,-,-,-,-,14.79000000,77.31000000,21-06-2026 05:00,1
2917,PABR Dam_1,Andhra Pradesh SW,28,Andhra Pradesh,502,ANANTAPUR,-,-,-,-,-,-,-,-,-,14.79000000,77.31000000,21-06-2026 06:00,0.5
2918,PABR Dam_1,Andhra Pradesh SW,28,Andhra Pradesh,502,ANANTAPUR,-,-,-,-,-,-,-,-,-,14.79000000,77.31000000,21-06-2026 07:00,0.5
2919,PABR Dam_1,Andhra Pradesh SW,28,Andhra Pradesh,502,ANANTAPUR,-,-,-,-,-,-,-,-,-,14.79000000,77.31000000,21-06-2026 08:00,1.5
2920,PABR Dam_1,Andhra Pradesh SW,28,Andhra Pradesh,502,ANANTAPUR,-,-,-,-,-,-,-,-,-,14.79000000,77.31000000,26-06-2026 19:00,0.5
2921,PABR Dam_1,Andhra Pradesh SW,28,Andhra Pradesh,502,ANANTAPUR,-,-,-,-,-,-,-,-,-,14.79000000,77.31000000,26-06-2026 20:00,1.5
2922,PABR Dam_1,Andhra Pradesh SW,28,Andhra Pradesh,502,ANANTAPUR,-,-,-,-,-,-,-,-,-,14.79000000,77.31000000,26-06-2026 21:00,0.5
2923,PABR Dam_1,Andhra Pradesh SW,28,Andhra Pradesh,502,ANANTAPUR,-,-,-,-,-,-,-,-,-,14.79000000,77.31000000,18-07-2026 18:00,1
2924,PABR Dam_1,Andhra Pradesh SW,28,Andhra Pradesh,502,ANANTAPUR,-,-,-,-,-,-,-,-,-,14.79000000,77.31000000,18-07-2026 21:00,1
2925,PABR Dam_1,Andhra Pradesh SW,28,Andhra Pradesh,502,ANANTAPUR,-,-,-,-,-,-,-,-,-,14.79000000,77.31000000,18-07-2026 22:00,0.5
2926,PABR Dam_1,Andhra Pradesh SW,28,Andhra Pradesh,502,ANANTAPUR,-,-,-,-,-,-,-,-,-,14.79000000,77.31000000,19-07-2026 04:00,0.5
2927,PABR Dam_1,Andhra Pradesh SW,28,Andhra Pradesh,502,ANANTAPUR,-,-,-,-,-,-,-,-,-,14.79000000,77.31000000,04-08-2026 17:00,0.5
2928,PABR Dam_1,Andhra Pradesh SW,28,Andhra Pradesh,502,ANANTAPUR,-,-,-,-,-,-,-,-,-,14.79000000,77.31000000,04-08-2026 20:00,0.5
2929,PABR Dam_1,Andhra Pradesh SW,28,Andhra Pradesh,502,ANANTAPUR,-,-,-,-,-,-,-,-,-,14.79000000,77.31000000,08-08-2026 05:00,0.5
2930,Papavinashanam,Andhra Pradesh SW,28,Andhra Pradesh,752,Tirupathi,-,-,-,-,-,-,-,-,-,13.72000000,79.34000000,09-01-2026 23:00,1
2931,Papavinashanam,Andhra Pradesh SW,28,Andhra Pradesh,752,Tirupathi,-,-,-,-,-,-,-,-,-,13.72000000,79.34000000,10-01-2026 16:00,2
2932,Papavinashanam,Andhra Pradesh SW,28,Andhra Pradesh,752,Tirupathi,-,-,-,-,-,-,-,-,-,13.72000000,79.34000000,10-01-2026 17:00,1
2933,Papavinashanam,Andhra Pradesh SW,28,Andhra Pradesh,752,Tirupathi,-,-,-,-,-,-,-,-,-,13.72000000,79.34000000,10-01-2026 18:00,0.5
2934,Papavinashanam,Andhra Pradesh SW,28,Andhra Pradesh,752,Tirupathi,-,-,-,-,-,-,-,-,-,13.72000000,79.34000000,11-01-2026 21:00,0.5
2935,Papavinashanam,Andhra Pradesh SW,28,Andhra Pradesh,752,Tirupathi,-,-,-,-,-,-,-,-,-,13.72000000,79.34000000,11-01-2026 22:00,0.5
2936,Papavinashanam,Andhra Pradesh SW,28,Andhra Pradesh,752,Tirupathi,-,-,-,-,-,-,-,-,-,13.72000000,79.34000000,25-01-2026 21:00,1
2937,Papavinashanam,Andhra Pradesh SW,28,Andhra Pradesh,752,Tirupathi,-,-,-,-,-,-,-,-,-,13.72000000,79.34000000,25-01-2026 22:00,1.5
2938,Papavinashanam,Andhra Pradesh SW,28,Andhra Pradesh,752,Tirupathi,-,-,-,-,-,-,-,-,-,13.72000000,79.34000000,25-01-2026 23:00,1.5
2939,Papavinashanam,Andhra Pradesh SW,28,Andhra Pradesh,752,Tirupathi,-,-,-,-,-,-,-,-,-,13.72000000,79.34000000,26-01-2026 00:00,0.5
2940,Papavinashanam,Andhra Pradesh SW,28,Andhra Pradesh,752,Tirupathi,-,-,-,-,-,-,-,-,-,13.72000000,79.34000000,26-01-2026 01:00,0.5
2941,Papavinashanam,Andhra Pradesh SW,28,Andhra Pradesh,752,Tirupathi,-,-,-,-,-,-,-,-,-,13.72000000,79.34000000,26-01-2026 02:00,1
2942,Papavinashanam,Andhra Pradesh SW,28,Andhra Pradesh,752,Tirupathi,-,-,-,-,-,-,-,-,-,13.72000000,79.34000000,26-01-2026 03:00,1
2943,Papavinashanam,Andhra Pradesh SW,28,Andhra Pradesh,752,Tirupathi,-,-,-,-,-,-,-,-,-,13.72000000,79.34000000,26-01-2026 06:00,1
2944,Papavinashanam,Andhra Pradesh SW,28,Andhra Pradesh,752,Tirupathi,-,-,-,-,-,-,-,-,-,13.72000000,79.34000000,18-03-2026 23:00,13
2945,Papavinashanam,Andhra Pradesh SW,28,Andhra Pradesh,752,Tirupathi,-,-,-,-,-,-,-,-,-,13.72000000,79.34000000,19-03-2026 00:00,1
2946,Papavinashanam,Andhra Pradesh SW,28,Andhra Pradesh,752,Tirupathi,-,-,-,-,-,-,-,-,-,13.72000000,79.34000000,19-03-2026 01:00,2
2947,Papavinashanam,Andhra Pradesh SW,28,Andhra Pradesh,752,Tirupathi,-,-,-,-,-,-,-,-,-,13.72000000,79.34000000,19-03-2026 02:00,0.5
2948,Papavinashanam,Andhra Pradesh SW,28,Andhra Pradesh,752,Tirupathi,-,-,-,-,-,-,-,-,-,13.72000000,79.34000000,06-04-2026 05:00,0.5
2949,Papavinashanam,Andhra Pradesh SW,28,Andhra Pradesh,752,Tirupathi,-,-,-,-,-,-,-,-,-,13.72000000,79.34000000,30-04-2026 15:00,8
2950,Papavinashanam,Andhra Pradesh SW,28,Andhra Pradesh,752,Tirupathi,-,-,-,-,-,-,-,-,-,13.72000000,79.34000000,30-04-2026 15:00,8
2951,Papavinashanam,Andhra Pradesh SW,28,Andhra Pradesh,752,Tirupathi,-,-,-,-,-,-,-,-,-,13.72000000,79.34000000,30-04-2026 16:00,0.5
2952,Papavinashanam,Andhra Pradesh SW,28,Andhra Pradesh,752,Tirupathi,-,-,-,-,-,-,-,-,-,13.72000000,79.34000000,02-05-2026 17:00,1
2953,Papavinashanam,Andhra Pradesh SW,28,Andhra Pradesh,752,Tirupathi,-,-,-,-,-,-,-,-,-,13.72000000,79.34000000,03-05-2026 16:00,0.5
2954,Papavinashanam,Andhra Pradesh SW,28,Andhra Pradesh,752,Tirupathi,-,-,-,-,-,-,-,-,-,13.72000000,79.34000000,03-05-2026 17:00,4.5
2955,Papavinashanam,Andhra Pradesh SW,28,Andhra Pradesh,752,Tirupathi,-,-,-,-,-,-,-,-,-,13.72000000,79.34000000,05-05-2026 01:00,19.5
2956,Papavinashanam,Andhra Pradesh SW,28,Andhra Pradesh,752,Tirupathi,-,-,-,-,-,-,-,-,-,13.72000000,79.34000000,05-05-2026 02:00,0.5
2957,Papavinashanam,Andhra Pradesh SW,28,Andhra Pradesh,752,Tirupathi,-,-,-,-,-,-,-,-,-,13.72000000,79.34000000,05-05-2026 03:00,2
2958,Papavinashanam,Andhra Pradesh SW,28,Andhra Pradesh,752,Tirupathi,-,-,-,-,-,-,-,-,-,13.72000000,79.34000000,06-05-2026 16:00,5
2959,Papavinashanam,Andhra Pradesh SW,28,Andhra Pradesh,752,Tirupathi,-,-,-,-,-,-,-,-,-,13.72000000,79.34000000,06-05-2026 17:00,0.5
2960,Papavinashanam,Andhra Pradesh SW,28,Andhra Pradesh,752,Tirupathi,-,-,-,-,-,-,-,-,-,13.72000000,79.34000000,07-05-2026 17:00,0.5
2961,Papavinashanam,Andhra Pradesh SW,28,Andhra Pradesh,752,Tirupathi,-,-,-,-,-,-,-,-,-,13.72000000,79.34000000,07-05-2026 18:00,1.5
2962,Papavinashanam,Andhra Pradesh SW,28,Andhra Pradesh,752,Tirupathi,-,-,-,-,-,-,-,-,-,13.72000000,79.34000000,08-05-2026 13:00,7
2963,Papavinashanam,Andhra Pradesh SW,28,Andhra Pradesh,752,Tirupathi,-,-,-,-,-,-,-,-,-,13.72000000,79.34000000,08-05-2026 14:00,1
2964,Papavinashanam,Andhra Pradesh SW,28,Andhra Pradesh,752,Tirupathi,-,-,-,-,-,-,-,-,-,13.72000000,79.34000000,09-05-2026 14:00,2
2965,Papavinashanam,Andhra Pradesh SW,28,Andhra Pradesh,752,Tirupathi,-,-,-,-,-,-,-,-,-,13.72000000,79.34000000,09-05-2026 15:00,1
2966,Papavinashanam,Andhra Pradesh SW,28,Andhra Pradesh,752,Tirupathi,-,-,-,-,-,-,-,-,-,13.72000000,79.34000000,18-05-2026 22:00,42
2967,Papavinashanam,Andhra Pradesh SW,28,Andhra Pradesh,752,Tirupathi,-,-,-,-,-,-,-,-,-,13.72000000,79.34000000,18-05-2026 23:00,0.5
2968,Papavinashanam,Andhra Pradesh SW,28,Andhra Pradesh,752,Tirupathi,-,-,-,-,-,-,-,-,-,13.72000000,79.34000000,19-05-2026 17:00,17
2969,Papavinashanam,Andhra Pradesh SW,28,Andhra Pradesh,752,Tirupathi,-,-,-,-,-,-,-,-,-,13.72000000,79.34000000,19-05-2026 18:00,1.5
2970,Papavinashanam,Andhra Pradesh SW,28,Andhra Pradesh,752,Tirupathi,-,-,-,-,-,-,-,-,-,13.72000000,79.34000000,23-05-2026 09:00,0.5
2971,Papavinashanam,Andhra Pradesh SW,28,Andhra Pradesh,752,Tirupathi,-,-,-,-,-,-,-,-,-,13.72000000,79.34000000,23-05-2026 10:00,0.5
2972,Papavinashanam,Andhra Pradesh SW,28,Andhra Pradesh,752,Tirupathi,-,-,-,-,-,-,-,-,-,13.72000000,79.34000000,23-05-2026 11:00,1.5
2973,Papavinashanam,Andhra Pradesh SW,28,Andhra Pradesh,752,Tirupathi,-,-,-,-,-,-,-,-,-,13.72000000,79.34000000,29-05-2026 04:00,5.5
2974,Papavinashanam,Andhra Pradesh SW,28,Andhra Pradesh,752,Tirupathi,-,-,-,-,-,-,-,-,-,13.72000000,79.34000000,30-05-2026 14:00,0.5
2975,Papavinashanam,Andhra Pradesh SW,28,Andhra Pradesh,752,Tirupathi,-,-,-,-,-,-,-,-,-,13.72000000,79.34000000,31-05-2026 18:00,1.5
2976,Papavinashanam,Andhra Pradesh SW,28,Andhra Pradesh,752,Tirupathi,-,-,-,-,-,-,-,-,-,13.72000000,79.34000000,31-05-2026 19:00,5.5
2977,Papavinashanam,Andhra Pradesh SW,28,Andhra Pradesh,752,Tirupathi,-,-,-,-,-,-,-,-,-,13.72000000,79.34000000,01-06-2026 14:00,8.5
2978,Papavinashanam,Andhra Pradesh SW,28,Andhra Pradesh,752,Tirupathi,-,-,-,-,-,-,-,-,-,13.72000000,79.34000000,01-06-2026 15:00,11.5
2979,Papavinashanam,Andhra Pradesh SW,28,Andhra Pradesh,752,Tirupathi,-,-,-,-,-,-,-,-,-,13.72000000,79.34000000,01-06-2026 18:00,0.5
2980,Papavinashanam,Andhra Pradesh SW,28,Andhra Pradesh,752,Tirupathi,-,-,-,-,-,-,-,-,-,13.72000000,79.34000000,02-06-2026 18:00,4.5
2981,Papavinashanam,Andhra Pradesh SW,28,Andhra Pradesh,752,Tirupathi,-,-,-,-,-,-,-,-,-,13.72000000,79.34000000,02-06-2026 20:00,1
2982,Papavinashanam,Andhra Pradesh SW,28,Andhra Pradesh,752,Tirupathi,-,-,-,-,-,-,-,-,-,13.72000000,79.34000000,03-06-2026 20:00,0.5
2983,Papavinashanam,Andhra Pradesh SW,28,Andhra Pradesh,752,Tirupathi,-,-,-,-,-,-,-,-,-,13.72000000,79.34000000,04-06-2026 00:00,1
2984,Papavinashanam,Andhra Pradesh SW,28,Andhra Pradesh,752,Tirupathi,-,-,-,-,-,-,-,-,-,13.72000000,79.34000000,07-06-2026 21:00,9.5
2985,Pedderu_1,Andhra Pradesh SW,28,Andhra Pradesh,503,CHITTOOR,-,-,-,-,-,-,-,-,-,13.89000000,78.38000000,12-01-2026 03:00,0.5
2986,Pedderu_1,Andhra Pradesh SW,28,Andhra Pradesh,503,CHITTOOR,-,-,-,-,-,-,-,-,-,13.89000000,78.38000000,26-01-2026 06:00,2.5
2987,Pedderu_1,Andhra Pradesh SW,28,Andhra Pradesh,503,CHITTOOR,-,-,-,-,-,-,-,-,-,13.89000000,78.38000000,11-02-2026 18:00,256
2988,Pedderu_1,Andhra Pradesh SW,28,Andhra Pradesh,503,CHITTOOR,-,-,-,-,-,-,-,-,-,13.89000000,78.38000000,20-02-2026 16:00,71
2989,Pedderu_1,Andhra Pradesh SW,28,Andhra Pradesh,503,CHITTOOR,-,-,-,-,-,-,-,-,-,13.89000000,78.38000000,18-03-2026 19:00,2
2990,Pedderu_1,Andhra Pradesh SW,28,Andhra Pradesh,503,CHITTOOR,-,-,-,-,-,-,-,-,-,13.89000000,78.38000000,29-04-2026 19:00,15
2991,Pedderu_1,Andhra Pradesh SW,28,Andhra Pradesh,503,CHITTOOR,-,-,-,-,-,-,-,-,-,13.89000000,78.38000000,29-04-2026 19:00,15
2992,Pedderu_1,Andhra Pradesh SW,28,Andhra Pradesh,503,CHITTOOR,-,-,-,-,-,-,-,-,-,13.89000000,78.38000000,29-04-2026 20:00,2.5
2993,Pedderu_1,Andhra Pradesh SW,28,Andhra Pradesh,503,CHITTOOR,-,-,-,-,-,-,-,-,-,13.89000000,78.38000000,29-04-2026 20:00,2.5
2994,Pedderu_1,Andhra Pradesh SW,28,Andhra Pradesh,503,CHITTOOR,-,-,-,-,-,-,-,-,-,13.89000000,78.38000000,01-05-2026 00:00,4.5
2995,Pedderu_1,Andhra Pradesh SW,28,Andhra Pradesh,503,CHITTOOR,-,-,-,-,-,-,-,-,-,13.89000000,78.38000000,01-05-2026 00:00,4.5
2996,Pedderu_1,Andhra Pradesh SW,28,Andhra Pradesh,503,CHITTOOR,-,-,-,-,-,-,-,-,-,13.89000000,78.38000000,01-05-2026 01:00,7.5
2997,Pedderu_1,Andhra Pradesh SW,28,Andhra Pradesh,503,CHITTOOR,-,-,-,-,-,-,-,-,-,13.89000000,78.38000000,01-05-2026 01:00,7.5
2998,Pedderu_1,Andhra Pradesh SW,28,Andhra Pradesh,503,CHITTOOR,-,-,-,-,-,-,-,-,-,13.89000000,78.38000000,01-05-2026 02:00,5.5
2999,Pedderu_1,Andhra Pradesh SW,28,Andhra Pradesh,503,CHITTOOR,-,-,-,-,-,-,-,-,-,13.89000000,78.38000000,01-05-2026 02:00,5.5
3000,Pedderu_1,Andhra Pradesh SW,28,Andhra Pradesh,503,CHITTOOR,-,-,-,-,-,-,-,-,-,13.89000000,78.38000000,01-05-2026 03:00,3.5
3001,Pedderu_1,Andhra Pradesh SW,28,Andhra Pradesh,503,CHITTOOR,-,-,-,-,-,-,-,-,-,13.89000000,78.38000000,01-05-2026 03:00,3.5
3002,Pedderu_1,Andhra Pradesh SW,28,Andhra Pradesh,503,CHITTOOR,-,-,-,-,-,-,-,-,-,13.89000000,78.38000000,01-05-2026 04:00,2
3003,Pedderu_1,Andhra Pradesh SW,28,Andhra Pradesh,503,CHITTOOR,-,-,-,-,-,-,-,-,-,13.89000000,78.38000000,01-05-2026 04:00,2
3004,Pedderu_1,Andhra Pradesh SW,28,Andhra Pradesh,503,CHITTOOR,-,-,-,-,-,-,-,-,-,13.89000000,78.38000000,01-05-2026 05:00,1.5
3005,Pedderu_1,Andhra Pradesh SW,28,Andhra Pradesh,503,CHITTOOR,-,-,-,-,-,-,-,-,-,13.89000000,78.38000000,01-05-2026 05:00,1.5
3006,Pedderu_1,Andhra Pradesh SW,28,Andhra Pradesh,503,CHITTOOR,-,-,-,-,-,-,-,-,-,13.89000000,78.38000000,01-05-2026 06:00,1
3007,Pedderu_1,Andhra Pradesh SW,28,Andhra Pradesh,503,CHITTOOR,-,-,-,-,-,-,-,-,-,13.89000000,78.38000000,01-05-2026 06:00,1
3008,Pedderu_1,Andhra Pradesh SW,28,Andhra Pradesh,503,CHITTOOR,-,-,-,-,-,-,-,-,-,13.89000000,78.38000000,01-05-2026 07:00,0.5
3009,Pedderu_1,Andhra Pradesh SW,28,Andhra Pradesh,503,CHITTOOR,-,-,-,-,-,-,-,-,-,13.89000000,78.38000000,01-05-2026 07:00,0.5
3010,Pedderu_1,Andhra Pradesh SW,28,Andhra Pradesh,503,CHITTOOR,-,-,-,-,-,-,-,-,-,13.89000000,78.38000000,01-05-2026 08:00,0.5
3011,Pedderu_1,Andhra Pradesh SW,28,Andhra Pradesh,503,CHITTOOR,-,-,-,-,-,-,-,-,-,13.89000000,78.38000000,01-05-2026 08:00,0.5
3012,Pedderu_1,Andhra Pradesh SW,28,Andhra Pradesh,503,CHITTOOR,-,-,-,-,-,-,-,-,-,13.89000000,78.38000000,01-05-2026 10:00,0.5
3013,Pedderu_1,Andhra Pradesh SW,28,Andhra Pradesh,503,CHITTOOR,-,-,-,-,-,-,-,-,-,13.89000000,78.38000000,01-05-2026 10:00,0.5
3014,Pedderu_1,Andhra Pradesh SW,28,Andhra Pradesh,503,CHITTOOR,-,-,-,-,-,-,-,-,-,13.89000000,78.38000000,01-05-2026 20:00,0.5
3015,Pedderu_1,Andhra Pradesh SW,28,Andhra Pradesh,503,CHITTOOR,-,-,-,-,-,-,-,-,-,13.89000000,78.38000000,01-05-2026 20:00,0.5
3016,Pedderu_1,Andhra Pradesh SW,28,Andhra Pradesh,503,CHITTOOR,-,-,-,-,-,-,-,-,-,13.89000000,78.38000000,18-05-2026 20:00,9
3017,Pedderu_1,Andhra Pradesh SW,28,Andhra Pradesh,503,CHITTOOR,-,-,-,-,-,-,-,-,-,13.89000000,78.38000000,18-05-2026 21:00,1.5
3018,Pedderu_1,Andhra Pradesh SW,28,Andhra Pradesh,503,CHITTOOR,-,-,-,-,-,-,-,-,-,13.89000000,78.38000000,18-05-2026 23:00,0.5
3019,Pedderu_1,Andhra Pradesh SW,28,Andhra Pradesh,503,CHITTOOR,-,-,-,-,-,-,-,-,-,13.89000000,78.38000000,19-05-2026 00:00,0.5
3020,Pedderu_1,Andhra Pradesh SW,28,Andhra Pradesh,503,CHITTOOR,-,-,-,-,-,-,-,-,-,13.89000000,78.38000000,19-05-2026 17:00,0.5
3021,Pedderu_1,Andhra Pradesh SW,28,Andhra Pradesh,503,CHITTOOR,-,-,-,-,-,-,-,-,-,13.89000000,78.38000000,19-05-2026 18:00,2
3022,Pedderu_1,Andhra Pradesh SW,28,Andhra Pradesh,503,CHITTOOR,-,-,-,-,-,-,-,-,-,13.89000000,78.38000000,22-05-2026 01:00,0.5
3023,Pedderu_1,Andhra Pradesh SW,28,Andhra Pradesh,503,CHITTOOR,-,-,-,-,-,-,-,-,-,13.89000000,78.38000000,26-05-2026 06:00,0.5
3024,Pedderu_1,Andhra Pradesh SW,28,Andhra Pradesh,503,CHITTOOR,-,-,-,-,-,-,-,-,-,13.89000000,78.38000000,26-05-2026 22:00,2.5
3025,Pedderu_1,Andhra Pradesh SW,28,Andhra Pradesh,503,CHITTOOR,-,-,-,-,-,-,-,-,-,13.89000000,78.38000000,26-05-2026 23:00,11.5
3026,Pedderu_1,Andhra Pradesh SW,28,Andhra Pradesh,503,CHITTOOR,-,-,-,-,-,-,-,-,-,13.89000000,78.38000000,27-05-2026 00:00,7.5
3027,Pedderu_1,Andhra Pradesh SW,28,Andhra Pradesh,503,CHITTOOR,-,-,-,-,-,-,-,-,-,13.89000000,78.38000000,27-05-2026 01:00,5
3028,Pedderu_1,Andhra Pradesh SW,28,Andhra Pradesh,503,CHITTOOR,-,-,-,-,-,-,-,-,-,13.89000000,78.38000000,27-05-2026 02:00,4.5
3029,Pedderu_1,Andhra Pradesh SW,28,Andhra Pradesh,503,CHITTOOR,-,-,-,-,-,-,-,-,-,13.89000000,78.38000000,27-05-2026 03:00,2.5
3030,Pedderu_1,Andhra Pradesh SW,28,Andhra Pradesh,503,CHITTOOR,-,-,-,-,-,-,-,-,-,13.89000000,78.38000000,28-05-2026 06:00,0.5
3031,Pedderu_1,Andhra Pradesh SW,28,Andhra Pradesh,503,CHITTOOR,-,-,-,-,-,-,-,-,-,13.89000000,78.38000000,03-06-2026 21:00,1
3032,Pedderu_1,Andhra Pradesh SW,28,Andhra Pradesh,503,CHITTOOR,-,-,-,-,-,-,-,-,-,13.89000000,78.38000000,03-06-2026 23:00,0.5
3033,Pedderu_1,Andhra Pradesh SW,28,Andhra Pradesh,503,CHITTOOR,-,-,-,-,-,-,-,-,-,13.89000000,78.38000000,04-06-2026 00:00,0.5
3034,Pedderu_1,Andhra Pradesh SW,28,Andhra Pradesh,503,CHITTOOR,-,-,-,-,-,-,-,-,-,13.89000000,78.38000000,12-06-2026 17:00,1
3035,Pedderu_1,Andhra Pradesh SW,28,Andhra Pradesh,503,CHITTOOR,-,-,-,-,-,-,-,-,-,13.89000000,78.38000000,12-06-2026 18:00,4
3036,Pedderu_1,Andhra Pradesh SW,28,Andhra Pradesh,503,CHITTOOR,-,-,-,-,-,-,-,-,-,13.89000000,78.38000000,12-06-2026 19:00,1
3037,Pedderu_1,Andhra Pradesh SW,28,Andhra Pradesh,503,CHITTOOR,-,-,-,-,-,-,-,-,-,13.89000000,78.38000000,13-06-2026 00:00,0.5
3038,Pedderu_1,Andhra Pradesh SW,28,Andhra Pradesh,503,CHITTOOR,-,-,-,-,-,-,-,-,-,13.89000000,78.38000000,13-06-2026 07:00,1
3039,Pedderu_1,Andhra Pradesh SW,28,Andhra Pradesh,503,CHITTOOR,-,-,-,-,-,-,-,-,-,13.89000000,78.38000000,13-06-2026 11:00,0.5
3040,Pedderu_1,Andhra Pradesh SW,28,Andhra Pradesh,503,CHITTOOR,-,-,-,-,-,-,-,-,-,13.89000000,78.38000000,14-06-2026 00:00,3
3041,Pedderu_1,Andhra Pradesh SW,28,Andhra Pradesh,503,CHITTOOR,-,-,-,-,-,-,-,-,-,13.89000000,78.38000000,14-06-2026 01:00,1.5
3042,Pedderu_1,Andhra Pradesh SW,28,Andhra Pradesh,503,CHITTOOR,-,-,-,-,-,-,-,-,-,13.89000000,78.38000000,14-06-2026 04:00,2
3043,Pedderu_1,Andhra Pradesh SW,28,Andhra Pradesh,503,CHITTOOR,-,-,-,-,-,-,-,-,-,13.89000000,78.38000000,14-06-2026 05:00,2.5
3044,Pedderu_1,Andhra Pradesh SW,28,Andhra Pradesh,503,CHITTOOR,-,-,-,-,-,-,-,-,-,13.89000000,78.38000000,14-06-2026 06:00,1
3045,Pedderu_1,Andhra Pradesh SW,28,Andhra Pradesh,503,CHITTOOR,-,-,-,-,-,-,-,-,-,13.89000000,78.38000000,14-06-2026 07:00,1
3046,Pedderu_1,Andhra Pradesh SW,28,Andhra Pradesh,503,CHITTOOR,-,-,-,-,-,-,-,-,-,13.89000000,78.38000000,14-06-2026 08:00,0.5
3047,Pedderu_1,Andhra Pradesh SW,28,Andhra Pradesh,503,CHITTOOR,-,-,-,-,-,-,-,-,-,13.89000000,78.38000000,14-06-2026 09:00,0.5
3048,Pedderu_1,Andhra Pradesh SW,28,Andhra Pradesh,503,CHITTOOR,-,-,-,-,-,-,-,-,-,13.89000000,78.38000000,14-06-2026 10:00,0.5
3049,Pedderu_1,Andhra Pradesh SW,28,Andhra Pradesh,503,CHITTOOR,-,-,-,-,-,-,-,-,-,13.89000000,78.38000000,14-06-2026 11:00,0.5
3050,Pedderu_1,Andhra Pradesh SW,28,Andhra Pradesh,503,CHITTOOR,-,-,-,-,-,-,-,-,-,13.89000000,78.38000000,14-06-2026 13:00,0.5
3051,Pedderu_1,Andhra Pradesh SW,28,Andhra Pradesh,503,CHITTOOR,-,-,-,-,-,-,-,-,-,13.89000000,78.38000000,14-06-2026 14:00,0.5
3052,Pedderu_1,Andhra Pradesh SW,28,Andhra Pradesh,503,CHITTOOR,-,-,-,-,-,-,-,-,-,13.89000000,78.38000000,14-06-2026 16:00,0.5
3053,Pedderu_1,Andhra Pradesh SW,28,Andhra Pradesh,503,CHITTOOR,-,-,-,-,-,-,-,-,-,13.89000000,78.38000000,14-06-2026 17:00,0.5
3054,Pedderu_1,Andhra Pradesh SW,28,Andhra Pradesh,503,CHITTOOR,-,-,-,-,-,-,-,-,-,13.89000000,78.38000000,14-06-2026 19:00,0.5
3055,Pedderu_1,Andhra Pradesh SW,28,Andhra Pradesh,503,CHITTOOR,-,-,-,-,-,-,-,-,-,13.89000000,78.38000000,14-06-2026 22:00,0.5
3056,Pedderu_1,Andhra Pradesh SW,28,Andhra Pradesh,503,CHITTOOR,-,-,-,-,-,-,-,-,-,13.89000000,78.38000000,15-06-2026 01:00,0.5
3057,Pedderu_1,Andhra Pradesh SW,28,Andhra Pradesh,503,CHITTOOR,-,-,-,-,-,-,-,-,-,13.89000000,78.38000000,15-06-2026 04:00,0.5
3058,Pedderu_1,Andhra Pradesh SW,28,Andhra Pradesh,503,CHITTOOR,-,-,-,-,-,-,-,-,-,13.89000000,78.38000000,15-06-2026 08:00,0.5
3059,Pedderu_1,Andhra Pradesh SW,28,Andhra Pradesh,503,CHITTOOR,-,-,-,-,-,-,-,-,-,13.89000000,78.38000000,15-06-2026 10:00,0.5
3060,Pedderu_1,Andhra Pradesh SW,28,Andhra Pradesh,503,CHITTOOR,-,-,-,-,-,-,-,-,-,13.89000000,78.38000000,15-06-2026 13:00,0.5
3061,Pedderu_1,Andhra Pradesh SW,28,Andhra Pradesh,503,CHITTOOR,-,-,-,-,-,-,-,-,-,13.89000000,78.38000000,15-06-2026 17:00,0.5
3062,Pedderu_1,Andhra Pradesh SW,28,Andhra Pradesh,503,CHITTOOR,-,-,-,-,-,-,-,-,-,13.89000000,78.38000000,15-06-2026 22:00,0.5
3063,Pedderu_1,Andhra Pradesh SW,28,Andhra Pradesh,503,CHITTOOR,-,-,-,-,-,-,-,-,-,13.89000000,78.38000000,16-06-2026 05:00,0.5
3064,Pedderu_1,Andhra Pradesh SW,28,Andhra Pradesh,503,CHITTOOR,-,-,-,-,-,-,-,-,-,13.89000000,78.38000000,16-06-2026 11:00,0.5
3065,Pedderu_1,Andhra Pradesh SW,28,Andhra Pradesh,503,CHITTOOR,-,-,-,-,-,-,-,-,-,13.89000000,78.38000000,22-06-2026 18:00,1
3066,Pedderu_1,Andhra Pradesh SW,28,Andhra Pradesh,503,CHITTOOR,-,-,-,-,-,-,-,-,-,13.89000000,78.38000000,22-06-2026 19:00,3.5
3067,Pedderu_1,Andhra Pradesh SW,28,Andhra Pradesh,503,CHITTOOR,-,-,-,-,-,-,-,-,-,13.89000000,78.38000000,22-06-2026 20:00,0.5
3068,Pedderu_1,Andhra Pradesh SW,28,Andhra Pradesh,503,CHITTOOR,-,-,-,-,-,-,-,-,-,13.89000000,78.38000000,28-06-2026 16:00,1.5
3069,Pedderu_1,Andhra Pradesh SW,28,Andhra Pradesh,503,CHITTOOR,-,-,-,-,-,-,-,-,-,13.89000000,78.38000000,28-06-2026 17:00,3
3070,Pedderu_1,Andhra Pradesh SW,28,Andhra Pradesh,503,CHITTOOR,-,-,-,-,-,-,-,-,-,13.89000000,78.38000000,28-06-2026 18:00,0.5
3071,Pedderu_1,Andhra Pradesh SW,28,Andhra Pradesh,503,CHITTOOR,-,-,-,-,-,-,-,-,-,13.89000000,78.38000000,05-07-2026 06:00,0.5
3072,Pedderu_1,Andhra Pradesh SW,28,Andhra Pradesh,503,CHITTOOR,-,-,-,-,-,-,-,-,-,13.89000000,78.38000000,20-07-2026 21:00,0.5
3073,Pedderu_1,Andhra Pradesh SW,28,Andhra Pradesh,503,CHITTOOR,-,-,-,-,-,-,-,-,-,13.89000000,78.38000000,21-07-2026 15:00,1
3074,Pedderu_1,Andhra Pradesh SW,28,Andhra Pradesh,503,CHITTOOR,-,-,-,-,-,-,-,-,-,13.89000000,78.38000000,24-07-2026 08:00,0.5
3075,Pedderu_1,Andhra Pradesh SW,28,Andhra Pradesh,503,CHITTOOR,-,-,-,-,-,-,-,-,-,13.89000000,78.38000000,29-07-2026 18:00,0.5
3076,Pedderu_1,Andhra Pradesh SW,28,Andhra Pradesh,503,CHITTOOR,-,-,-,-,-,-,-,-,-,13.89000000,78.38000000,07-08-2026 20:00,2
3077,Pedderu_1,Andhra Pradesh SW,28,Andhra Pradesh,503,CHITTOOR,-,-,-,-,-,-,-,-,-,13.89000000,78.38000000,24-08-2026 16:00,0.5
3078,Prakasam Barrage APSW,Andhra Pradesh SW,28,Andhra Pradesh,510,KRISHNA,VIJAYAWADA(U),-,-,Krishna,Krishna,Lower Krishna,-,-,Lower Krishna,16.50611111,80.60472222,23-01-2026 14:00,0.5
3079,Prakasam Barrage APSW,Andhra Pradesh SW,28,Andhra Pradesh,510,KRISHNA,VIJAYAWADA(U),-,-,Krishna,Krishna,Lower Krishna,-,-,Lower Krishna,16.50611111,80.60472222,24-02-2026 04:00,1
3080,Prakasam Barrage APSW,Andhra Pradesh SW,28,Andhra Pradesh,510,KRISHNA,VIJAYAWADA(U),-,-,Krishna,Krishna,Lower Krishna,-,-,Lower Krishna,16.50611111,80.60472222,18-03-2026 17:00,1
3081,Prakasam Barrage APSW,Andhra Pradesh SW,28,Andhra Pradesh,510,KRISHNA,VIJAYAWADA(U),-,-,Krishna,Krishna,Lower Krishna,-,-,Lower Krishna,16.50611111,80.60472222,18-03-2026 18:00,1.5
3082,Prakasam Barrage APSW,Andhra Pradesh SW,28,Andhra Pradesh,510,KRISHNA,VIJAYAWADA(U),-,-,Krishna,Krishna,Lower Krishna,-,-,Lower Krishna,16.50611111,80.60472222,18-03-2026 19:00,2.5
3083,Prakasam Barrage APSW,Andhra Pradesh SW,28,Andhra Pradesh,510,KRISHNA,VIJAYAWADA(U),-,-,Krishna,Krishna,Lower Krishna,-,-,Lower Krishna,16.50611111,80.60472222,18-03-2026 20:00,0.5
3084,Prakasam Barrage APSW,Andhra Pradesh SW,28,Andhra Pradesh,510,KRISHNA,VIJAYAWADA(U),-,-,Krishna,Krishna,Lower Krishna,-,-,Lower Krishna,16.50611111,80.60472222,19-03-2026 00:00,0.5
3085,Prakasam Barrage APSW,Andhra Pradesh SW,28,Andhra Pradesh,510,KRISHNA,VIJAYAWADA(U),-,-,Krishna,Krishna,Lower Krishna,-,-,Lower Krishna,16.50611111,80.60472222,21-03-2026 16:00,3
3086,Prakasam Barrage APSW,Andhra Pradesh SW,28,Andhra Pradesh,510,KRISHNA,VIJAYAWADA(U),-,-,Krishna,Krishna,Lower Krishna,-,-,Lower Krishna,16.50611111,80.60472222,30-04-2026 19:00,1
3087,Prakasam Barrage APSW,Andhra Pradesh SW,28,Andhra Pradesh,510,KRISHNA,VIJAYAWADA(U),-,-,Krishna,Krishna,Lower Krishna,-,-,Lower Krishna,16.50611111,80.60472222,30-04-2026 23:00,0.5
3088,Prakasam Barrage APSW,Andhra Pradesh SW,28,Andhra Pradesh,510,KRISHNA,VIJAYAWADA(U),-,-,Krishna,Krishna,Lower Krishna,-,-,Lower Krishna,16.50611111,80.60472222,01-05-2026 04:00,0.5
3089,Prakasam Barrage APSW,Andhra Pradesh SW,28,Andhra Pradesh,510,KRISHNA,VIJAYAWADA(U),-,-,Krishna,Krishna,Lower Krishna,-,-,Lower Krishna,16.50611111,80.60472222,06-05-2026 06:00,0.5
3090,Prakasam Barrage APSW,Andhra Pradesh SW,28,Andhra Pradesh,510,KRISHNA,VIJAYAWADA(U),-,-,Krishna,Krishna,Lower Krishna,-,-,Lower Krishna,16.50611111,80.60472222,06-05-2026 09:00,0.5
3091,Prakasam Barrage APSW,Andhra Pradesh SW,28,Andhra Pradesh,510,KRISHNA,VIJAYAWADA(U),-,-,Krishna,Krishna,Lower Krishna,-,-,Lower Krishna,16.50611111,80.60472222,06-05-2026 17:00,0.5
3092,Prakasam Barrage APSW,Andhra Pradesh SW,28,Andhra Pradesh,510,KRISHNA,VIJAYAWADA(U),-,-,Krishna,Krishna,Lower Krishna,-,-,Lower Krishna,16.50611111,80.60472222,07-05-2026 13:00,1
3093,Prakasam Barrage APSW,Andhra Pradesh SW,28,Andhra Pradesh,510,KRISHNA,VIJAYAWADA(U),-,-,Krishna,Krishna,Lower Krishna,-,-,Lower Krishna,16.50611111,80.60472222,25-05-2026 07:00,0.5
3094,Prakasam Barrage APSW,Andhra Pradesh SW,28,Andhra Pradesh,510,KRISHNA,VIJAYAWADA(U),-,-,Krishna,Krishna,Lower Krishna,-,-,Lower Krishna,16.50611111,80.60472222,25-05-2026 10:00,0.5
3095,Prakasam Barrage APSW,Andhra Pradesh SW,28,Andhra Pradesh,510,KRISHNA,VIJAYAWADA(U),-,-,Krishna,Krishna,Lower Krishna,-,-,Lower Krishna,16.50611111,80.60472222,27-05-2026 03:00,0.5
3096,Prakasam Barrage APSW,Andhra Pradesh SW,28,Andhra Pradesh,510,KRISHNA,VIJAYAWADA(U),-,-,Krishna,Krishna,Lower Krishna,-,-,Lower Krishna,16.50611111,80.60472222,27-05-2026 04:00,0.5
3097,Prakasam Barrage APSW,Andhra Pradesh SW,28,Andhra Pradesh,510,KRISHNA,VIJAYAWADA(U),-,-,Krishna,Krishna,Lower Krishna,-,-,Lower Krishna,16.50611111,80.60472222,27-05-2026 05:00,0.5
3098,Prakasam Barrage APSW,Andhra Pradesh SW,28,Andhra Pradesh,510,KRISHNA,VIJAYAWADA(U),-,-,Krishna,Krishna,Lower Krishna,-,-,Lower Krishna,16.50611111,80.60472222,17-06-2026 23:00,0.5
3099,Prakasam Barrage APSW,Andhra Pradesh SW,28,Andhra Pradesh,510,KRISHNA,VIJAYAWADA(U),-,-,Krishna,Krishna,Lower Krishna,-,-,Lower Krishna,16.50611111,80.60472222,18-06-2026 18:00,0.5
3100,Prakasam Barrage APSW,Andhra Pradesh SW,28,Andhra Pradesh,510,KRISHNA,VIJAYAWADA(U),-,-,Krishna,Krishna,Lower Krishna,-,-,Lower Krishna,16.50611111,80.60472222,02-07-2026 23:00,0.5
3101,Prakasam Barrage APSW,Andhra Pradesh SW,28,Andhra Pradesh,510,KRISHNA,VIJAYAWADA(U),-,-,Krishna,Krishna,Lower Krishna,-,-,Lower Krishna,16.50611111,80.60472222,03-07-2026 00:00,0.5
3102,Prakasam Barrage APSW,Andhra Pradesh SW,28,Andhra Pradesh,510,KRISHNA,VIJAYAWADA(U),-,-,Krishna,Krishna,Lower Krishna,-,-,Lower Krishna,16.50611111,80.60472222,03-07-2026 01:00,1.5
3103,Prakasam Barrage APSW,Andhra Pradesh SW,28,Andhra Pradesh,510,KRISHNA,VIJAYAWADA(U),-,-,Krishna,Krishna,Lower Krishna,-,-,Lower Krishna,16.50611111,80.60472222,04-07-2026 00:00,0.5
3104,Prakasam Barrage APSW,Andhra Pradesh SW,28,Andhra Pradesh,510,KRISHNA,VIJAYAWADA(U),-,-,Krishna,Krishna,Lower Krishna,-,-,Lower Krishna,16.50611111,80.60472222,04-07-2026 16:00,1.5
3105,Prakasam Barrage APSW,Andhra Pradesh SW,28,Andhra Pradesh,510,KRISHNA,VIJAYAWADA(U),-,-,Krishna,Krishna,Lower Krishna,-,-,Lower Krishna,16.50611111,80.60472222,04-07-2026 17:00,0.5
3106,Prakasam Barrage APSW,Andhra Pradesh SW,28,Andhra Pradesh,510,KRISHNA,VIJAYAWADA(U),-,-,Krishna,Krishna,Lower Krishna,-,-,Lower Krishna,16.50611111,80.60472222,10-07-2026 05:00,0.5
3107,Prakasam Barrage APSW,Andhra Pradesh SW,28,Andhra Pradesh,510,KRISHNA,VIJAYAWADA(U),-,-,Krishna,Krishna,Lower Krishna,-,-,Lower Krishna,16.50611111,80.60472222,10-07-2026 06:00,0.5
3108,Prakasam Barrage APSW,Andhra Pradesh SW,28,Andhra Pradesh,510,KRISHNA,VIJAYAWADA(U),-,-,Krishna,Krishna,Lower Krishna,-,-,Lower Krishna,16.50611111,80.60472222,10-07-2026 07:00,1.5
3109,Prakasam Barrage APSW,Andhra Pradesh SW,28,Andhra Pradesh,510,KRISHNA,VIJAYAWADA(U),-,-,Krishna,Krishna,Lower Krishna,-,-,Lower Krishna,16.50611111,80.60472222,10-07-2026 08:00,2.5
3110,Prakasam Barrage APSW,Andhra Pradesh SW,28,Andhra Pradesh,510,KRISHNA,VIJAYAWADA(U),-,-,Krishna,Krishna,Lower Krishna,-,-,Lower Krishna,16.50611111,80.60472222,10-07-2026 09:00,5
3111,Prakasam Barrage APSW,Andhra Pradesh SW,28,Andhra Pradesh,510,KRISHNA,VIJAYAWADA(U),-,-,Krishna,Krishna,Lower Krishna,-,-,Lower Krishna,16.50611111,80.60472222,17-07-2026 03:00,1
3112,Prakasam Barrage APSW,Andhra Pradesh SW,28,Andhra Pradesh,510,KRISHNA,VIJAYAWADA(U),-,-,Krishna,Krishna,Lower Krishna,-,-,Lower Krishna,16.50611111,80.60472222,18-07-2026 10:00,0.5
3113,Prakasam Barrage APSW,Andhra Pradesh SW,28,Andhra Pradesh,510,KRISHNA,VIJAYAWADA(U),-,-,Krishna,Krishna,Lower Krishna,-,-,Lower Krishna,16.50611111,80.60472222,23-07-2026 18:00,3.5
3114,Prakasam Barrage APSW,Andhra Pradesh SW,28,Andhra Pradesh,510,KRISHNA,VIJAYAWADA(U),-,-,Krishna,Krishna,Lower Krishna,-,-,Lower Krishna,16.50611111,80.60472222,23-07-2026 20:00,0.5
3115,Prakasam Barrage APSW,Andhra Pradesh SW,28,Andhra Pradesh,510,KRISHNA,VIJAYAWADA(U),-,-,Krishna,Krishna,Lower Krishna,-,-,Lower Krishna,16.50611111,80.60472222,27-07-2026 23:00,1
3116,Prakasam Barrage APSW,Andhra Pradesh SW,28,Andhra Pradesh,510,KRISHNA,VIJAYAWADA(U),-,-,Krishna,Krishna,Lower Krishna,-,-,Lower Krishna,16.50611111,80.60472222,28-07-2026 00:00,1
3117,Prakasam Barrage APSW,Andhra Pradesh SW,28,Andhra Pradesh,510,KRISHNA,VIJAYAWADA(U),-,-,Krishna,Krishna,Lower Krishna,-,-,Lower Krishna,16.50611111,80.60472222,28-07-2026 02:00,1
3118,Prakasam Barrage APSW,Andhra Pradesh SW,28,Andhra Pradesh,510,KRISHNA,VIJAYAWADA(U),-,-,Krishna,Krishna,Lower Krishna,-,-,Lower Krishna,16.50611111,80.60472222,28-07-2026 03:00,0.5
3119,Prakasam Barrage APSW,Andhra Pradesh SW,28,Andhra Pradesh,510,KRISHNA,VIJAYAWADA(U),-,-,Krishna,Krishna,Lower Krishna,-,-,Lower Krishna,16.50611111,80.60472222,28-07-2026 10:00,0.5
3120,Prakasam Barrage APSW,Andhra Pradesh SW,28,Andhra Pradesh,510,KRISHNA,VIJAYAWADA(U),-,-,Krishna,Krishna,Lower Krishna,-,-,Lower Krishna,16.50611111,80.60472222,28-07-2026 23:00,27
3121,Prakasam Barrage APSW,Andhra Pradesh SW,28,Andhra Pradesh,510,KRISHNA,VIJAYAWADA(U),-,-,Krishna,Krishna,Lower Krishna,-,-,Lower Krishna,16.50611111,80.60472222,29-07-2026 00:00,1
3122,Prakasam Barrage APSW,Andhra Pradesh SW,28,Andhra Pradesh,510,KRISHNA,VIJAYAWADA(U),-,-,Krishna,Krishna,Lower Krishna,-,-,Lower Krishna,16.50611111,80.60472222,30-07-2026 14:00,1
3123,Prakasam Barrage APSW,Andhra Pradesh SW,28,Andhra Pradesh,510,KRISHNA,VIJAYAWADA(U),-,-,Krishna,Krishna,Lower Krishna,-,-,Lower Krishna,16.50611111,80.60472222,30-07-2026 15:00,1.5
3124,Prakasam Barrage APSW,Andhra Pradesh SW,28,Andhra Pradesh,510,KRISHNA,VIJAYAWADA(U),-,-,Krishna,Krishna,Lower Krishna,-,-,Lower Krishna,16.50611111,80.60472222,30-07-2026 17:00,0.5
3125,Prakasam Barrage APSW,Andhra Pradesh SW,28,Andhra Pradesh,510,KRISHNA,VIJAYAWADA(U),-,-,Krishna,Krishna,Lower Krishna,-,-,Lower Krishna,16.50611111,80.60472222,30-07-2026 18:00,0.5
3126,Prakasam Barrage APSW,Andhra Pradesh SW,28,Andhra Pradesh,510,KRISHNA,VIJAYAWADA(U),-,-,Krishna,Krishna,Lower Krishna,-,-,Lower Krishna,16.50611111,80.60472222,30-07-2026 20:00,0.5
3127,Prakasam Barrage APSW,Andhra Pradesh SW,28,Andhra Pradesh,510,KRISHNA,VIJAYAWADA(U),-,-,Krishna,Krishna,Lower Krishna,-,-,Lower Krishna,16.50611111,80.60472222,30-07-2026 23:00,0.5
3128,Prakasam Barrage APSW,Andhra Pradesh SW,28,Andhra Pradesh,510,KRISHNA,VIJAYAWADA(U),-,-,Krishna,Krishna,Lower Krishna,-,-,Lower Krishna,16.50611111,80.60472222,31-07-2026 18:00,2
3129,Prakasam Barrage APSW,Andhra Pradesh SW,28,Andhra Pradesh,510,KRISHNA,VIJAYAWADA(U),-,-,Krishna,Krishna,Lower Krishna,-,-,Lower Krishna,16.50611111,80.60472222,31-07-2026 20:00,1
3130,Prakasam Barrage APSW,Andhra Pradesh SW,28,Andhra Pradesh,510,KRISHNA,VIJAYAWADA(U),-,-,Krishna,Krishna,Lower Krishna,-,-,Lower Krishna,16.50611111,80.60472222,31-07-2026 22:00,1.5
3131,Prakasam Barrage APSW,Andhra Pradesh SW,28,Andhra Pradesh,510,KRISHNA,VIJAYAWADA(U),-,-,Krishna,Krishna,Lower Krishna,-,-,Lower Krishna,16.50611111,80.60472222,31-07-2026 23:00,12
3132,Prakasam Barrage APSW,Andhra Pradesh SW,28,Andhra Pradesh,510,KRISHNA,VIJAYAWADA(U),-,-,Krishna,Krishna,Lower Krishna,-,-,Lower Krishna,16.50611111,80.60472222,01-08-2026 02:00,0.5
3133,Prakasam Barrage APSW,Andhra Pradesh SW,28,Andhra Pradesh,510,KRISHNA,VIJAYAWADA(U),-,-,Krishna,Krishna,Lower Krishna,-,-,Lower Krishna,16.50611111,80.60472222,02-08-2026 02:00,2.5
3134,Prakasam Barrage APSW,Andhra Pradesh SW,28,Andhra Pradesh,510,KRISHNA,VIJAYAWADA(U),-,-,Krishna,Krishna,Lower Krishna,-,-,Lower Krishna,16.50611111,80.60472222,02-08-2026 03:00,3.5
3135,Prakasam Barrage APSW,Andhra Pradesh SW,28,Andhra Pradesh,510,KRISHNA,VIJAYAWADA(U),-,-,Krishna,Krishna,Lower Krishna,-,-,Lower Krishna,16.50611111,80.60472222,03-08-2026 01:00,12
3136,Prakasam Barrage APSW,Andhra Pradesh SW,28,Andhra Pradesh,510,KRISHNA,VIJAYAWADA(U),-,-,Krishna,Krishna,Lower Krishna,-,-,Lower Krishna,16.50611111,80.60472222,03-08-2026 02:00,1
3137,Prakasam Barrage APSW,Andhra Pradesh SW,28,Andhra Pradesh,510,KRISHNA,VIJAYAWADA(U),-,-,Krishna,Krishna,Lower Krishna,-,-,Lower Krishna,16.50611111,80.60472222,06-08-2026 22:00,10
3138,Prakasam Barrage APSW,Andhra Pradesh SW,28,Andhra Pradesh,510,KRISHNA,VIJAYAWADA(U),-,-,Krishna,Krishna,Lower Krishna,-,-,Lower Krishna,16.50611111,80.60472222,06-08-2026 23:00,6.5
3139,Prakasam Barrage APSW,Andhra Pradesh SW,28,Andhra Pradesh,510,KRISHNA,VIJAYAWADA(U),-,-,Krishna,Krishna,Lower Krishna,-,-,Lower Krishna,16.50611111,80.60472222,07-08-2026 15:00,1
3140,Prakasam Barrage APSW,Andhra Pradesh SW,28,Andhra Pradesh,510,KRISHNA,VIJAYAWADA(U),-,-,Krishna,Krishna,Lower Krishna,-,-,Lower Krishna,16.50611111,80.60472222,08-08-2026 05:00,4
3141,Prakasam Barrage APSW,Andhra Pradesh SW,28,Andhra Pradesh,510,KRISHNA,VIJAYAWADA(U),-,-,Krishna,Krishna,Lower Krishna,-,-,Lower Krishna,16.50611111,80.60472222,08-08-2026 06:00,0.5
3142,Prakasam Barrage APSW,Andhra Pradesh SW,28,Andhra Pradesh,510,KRISHNA,VIJAYAWADA(U),-,-,Krishna,Krishna,Lower Krishna,-,-,Lower Krishna,16.50611111,80.60472222,09-08-2026 05:00,11.5
3143,Prakasam Barrage APSW,Andhra Pradesh SW,28,Andhra Pradesh,510,KRISHNA,VIJAYAWADA(U),-,-,Krishna,Krishna,Lower Krishna,-,-,Lower Krishna,16.50611111,80.60472222,09-08-2026 06:00,11.5
3144,Prakasam Barrage APSW,Andhra Pradesh SW,28,Andhra Pradesh,510,KRISHNA,VIJAYAWADA(U),-,-,Krishna,Krishna,Lower Krishna,-,-,Lower Krishna,16.50611111,80.60472222,09-08-2026 07:00,11.5
3145,Prakasam Barrage APSW,Andhra Pradesh SW,28,Andhra Pradesh,510,KRISHNA,VIJAYAWADA(U),-,-,Krishna,Krishna,Lower Krishna,-,-,Lower Krishna,16.50611111,80.60472222,09-08-2026 08:00,11.5
3146,Prakasam Barrage APSW,Andhra Pradesh SW,28,Andhra Pradesh,510,KRISHNA,VIJAYAWADA(U),-,-,Krishna,Krishna,Lower Krishna,-,-,Lower Krishna,16.50611111,80.60472222,09-08-2026 09:00,11.5
3147,Prakasam Barrage APSW,Andhra Pradesh SW,28,Andhra Pradesh,510,KRISHNA,VIJAYAWADA(U),-,-,Krishna,Krishna,Lower Krishna,-,-,Lower Krishna,16.50611111,80.60472222,09-08-2026 11:00,0.5
3148,Prakasam Barrage APSW,Andhra Pradesh SW,28,Andhra Pradesh,510,KRISHNA,VIJAYAWADA(U),-,-,Krishna,Krishna,Lower Krishna,-,-,Lower Krishna,16.50611111,80.60472222,13-08-2026 01:00,0.5
3149,Prakasam Barrage APSW,Andhra Pradesh SW,28,Andhra Pradesh,510,KRISHNA,VIJAYAWADA(U),-,-,Krishna,Krishna,Lower Krishna,-,-,Lower Krishna,16.50611111,80.60472222,13-08-2026 02:00,2
3150,Prakasam Barrage APSW,Andhra Pradesh SW,28,Andhra Pradesh,510,KRISHNA,VIJAYAWADA(U),-,-,Krishna,Krishna,Lower Krishna,-,-,Lower Krishna,16.50611111,80.60472222,14-08-2026 02:00,1.5
3151,Prakasam Barrage APSW,Andhra Pradesh SW,28,Andhra Pradesh,510,KRISHNA,VIJAYAWADA(U),-,-,Krishna,Krishna,Lower Krishna,-,-,Lower Krishna,16.50611111,80.60472222,14-08-2026 03:00,0.5
3152,Prakasam Barrage APSW,Andhra Pradesh SW,28,Andhra Pradesh,510,KRISHNA,VIJAYAWADA(U),-,-,Krishna,Krishna,Lower Krishna,-,-,Lower Krishna,16.50611111,80.60472222,15-08-2026 05:00,1
3153,Prakasam Barrage APSW,Andhra Pradesh SW,28,Andhra Pradesh,510,KRISHNA,VIJAYAWADA(U),-,-,Krishna,Krishna,Lower Krishna,-,-,Lower Krishna,16.50611111,80.60472222,15-08-2026 06:00,1
3154,Prakasam Barrage APSW,Andhra Pradesh SW,28,Andhra Pradesh,510,KRISHNA,VIJAYAWADA(U),-,-,Krishna,Krishna,Lower Krishna,-,-,Lower Krishna,16.50611111,80.60472222,15-08-2026 07:00,1
3155,Prakasam Barrage APSW,Andhra Pradesh SW,28,Andhra Pradesh,510,KRISHNA,VIJAYAWADA(U),-,-,Krishna,Krishna,Lower Krishna,-,-,Lower Krishna,16.50611111,80.60472222,15-08-2026 08:00,1
3156,Prakasam Barrage APSW,Andhra Pradesh SW,28,Andhra Pradesh,510,KRISHNA,VIJAYAWADA(U),-,-,Krishna,Krishna,Lower Krishna,-,-,Lower Krishna,16.50611111,80.60472222,15-08-2026 09:00,1
3157,Prakasam Barrage APSW,Andhra Pradesh SW,28,Andhra Pradesh,510,KRISHNA,VIJAYAWADA(U),-,-,Krishna,Krishna,Lower Krishna,-,-,Lower Krishna,16.50611111,80.60472222,16-08-2026 01:00,4
3158,Prakasam Barrage APSW,Andhra Pradesh SW,28,Andhra Pradesh,510,KRISHNA,VIJAYAWADA(U),-,-,Krishna,Krishna,Lower Krishna,-,-,Lower Krishna,16.50611111,80.60472222,16-08-2026 02:00,2
3159,Prakasam Barrage APSW,Andhra Pradesh SW,28,Andhra Pradesh,510,KRISHNA,VIJAYAWADA(U),-,-,Krishna,Krishna,Lower Krishna,-,-,Lower Krishna,16.50611111,80.60472222,16-08-2026 20:00,2.5
3160,Prakasam Barrage APSW,Andhra Pradesh SW,28,Andhra Pradesh,510,KRISHNA,VIJAYAWADA(U),-,-,Krishna,Krishna,Lower Krishna,-,-,Lower Krishna,16.50611111,80.60472222,18-08-2026 22:00,1
3161,Prakasam Barrage APSW,Andhra Pradesh SW,28,Andhra Pradesh,510,KRISHNA,VIJAYAWADA(U),-,-,Krishna,Krishna,Lower Krishna,-,-,Lower Krishna,16.50611111,80.60472222,19-08-2026 07:00,1
3162,Prakasam Barrage APSW,Andhra Pradesh SW,28,Andhra Pradesh,510,KRISHNA,VIJAYAWADA(U),-,-,Krishna,Krishna,Lower Krishna,-,-,Lower Krishna,16.50611111,80.60472222,20-08-2026 08:00,1.5
3163,Prakasam Barrage APSW,Andhra Pradesh SW,28,Andhra Pradesh,510,KRISHNA,VIJAYAWADA(U),-,-,Krishna,Krishna,Lower Krishna,-,-,Lower Krishna,16.50611111,80.60472222,20-08-2026 09:00,2.5
3164,Prakasam Barrage APSW,Andhra Pradesh SW,28,Andhra Pradesh,510,KRISHNA,VIJAYAWADA(U),-,-,Krishna,Krishna,Lower Krishna,-,-,Lower Krishna,16.50611111,80.60472222,23-08-2026 01:00,0.5
3165,Prakasam Barrage APSW,Andhra Pradesh SW,28,Andhra Pradesh,510,KRISHNA,VIJAYAWADA(U),-,-,Krishna,Krishna,Lower Krishna,-,-,Lower Krishna,16.50611111,80.60472222,23-08-2026 03:00,0.5
3166,Prakasam Barrage APSW,Andhra Pradesh SW,28,Andhra Pradesh,510,KRISHNA,VIJAYAWADA(U),-,-,Krishna,Krishna,Lower Krishna,-,-,Lower Krishna,16.50611111,80.60472222,23-08-2026 04:00,0.5
3167,Prakasam Barrage APSW,Andhra Pradesh SW,28,Andhra Pradesh,510,KRISHNA,VIJAYAWADA(U),-,-,Krishna,Krishna,Lower Krishna,-,-,Lower Krishna,16.50611111,80.60472222,23-08-2026 05:00,0.5
3168,Prakasam Barrage APSW,Andhra Pradesh SW,28,Andhra Pradesh,510,KRISHNA,VIJAYAWADA(U),-,-,Krishna,Krishna,Lower Krishna,-,-,Lower Krishna,16.50611111,80.60472222,23-08-2026 06:00,1
3169,Prakasam Barrage APSW,Andhra Pradesh SW,28,Andhra Pradesh,510,KRISHNA,VIJAYAWADA(U),-,-,Krishna,Krishna,Lower Krishna,-,-,Lower Krishna,16.50611111,80.60472222,23-08-2026 07:00,1
3170,Prakasam Barrage APSW,Andhra Pradesh SW,28,Andhra Pradesh,510,KRISHNA,VIJAYAWADA(U),-,-,Krishna,Krishna,Lower Krishna,-,-,Lower Krishna,16.50611111,80.60472222,23-08-2026 08:00,1
3171,Prakasam Barrage APSW,Andhra Pradesh SW,28,Andhra Pradesh,510,KRISHNA,VIJAYAWADA(U),-,-,Krishna,Krishna,Lower Krishna,-,-,Lower Krishna,16.50611111,80.60472222,23-08-2026 09:00,1
3172,Pulichinthala Project,Andhra Pradesh SW,28,Andhra Pradesh,506,GUNTUR,BELLAMKONDA,-,-,-,Krishna,-,-,-,-,16.76861111,80.05777778,01-01-2026 11:00,0.5
3173,Pulichinthala Project,Andhra Pradesh SW,28,Andhra Pradesh,506,GUNTUR,BELLAMKONDA,-,-,-,Krishna,-,-,-,-,16.76861111,80.05777778,17-02-2026 11:00,0.5
3174,Pulichinthala Project,Andhra Pradesh SW,28,Andhra Pradesh,506,GUNTUR,BELLAMKONDA,-,-,-,Krishna,-,-,-,-,16.76861111,80.05777778,19-03-2026 15:00,1.5
3175,Pulichinthala Project,Andhra Pradesh SW,28,Andhra Pradesh,506,GUNTUR,BELLAMKONDA,-,-,-,Krishna,-,-,-,-,16.76861111,80.05777778,19-03-2026 18:00,0.5
3176,Pulichinthala Project,Andhra Pradesh SW,28,Andhra Pradesh,506,GUNTUR,BELLAMKONDA,-,-,-,Krishna,-,-,-,-,16.76861111,80.05777778,22-03-2026 01:00,0.5
3177,Pulichinthala Project,Andhra Pradesh SW,28,Andhra Pradesh,506,GUNTUR,BELLAMKONDA,-,-,-,Krishna,-,-,-,-,16.76861111,80.05777778,13-05-2026 05:00,0.5
3178,Pulichinthala Project,Andhra Pradesh SW,28,Andhra Pradesh,506,GUNTUR,BELLAMKONDA,-,-,-,Krishna,-,-,-,-,16.76861111,80.05777778,17-05-2026 22:00,0.5
3179,Somasila Reservoir,Andhra Pradesh SW,28,Andhra Pradesh,515,NELLORE,ANANTASAGARAM,-,-,Pennar,Pennar,-,-,-,Pennar,14.49250000,79.30472222,12-03-2026 09:00,1
3180,Somasila Reservoir,Andhra Pradesh SW,28,Andhra Pradesh,515,NELLORE,ANANTASAGARAM,-,-,Pennar,Pennar,-,-,-,Pennar,14.49250000,79.30472222,12-03-2026 10:00,1
3181,Somasila Reservoir,Andhra Pradesh SW,28,Andhra Pradesh,515,NELLORE,ANANTASAGARAM,-,-,Pennar,Pennar,-,-,-,Pennar,14.49250000,79.30472222,23-03-2026 19:00,0.5
3182,Somasila Reservoir,Andhra Pradesh SW,28,Andhra Pradesh,515,NELLORE,ANANTASAGARAM,-,-,Pennar,Pennar,-,-,-,Pennar,14.49250000,79.30472222,21-04-2026 10:00,0.5
3183,Somasila Reservoir,Andhra Pradesh SW,28,Andhra Pradesh,515,NELLORE,ANANTASAGARAM,-,-,Pennar,Pennar,-,-,-,Pennar,14.49250000,79.30472222,21-04-2026 17:00,0.5
3184,Somasila Reservoir,Andhra Pradesh SW,28,Andhra Pradesh,515,NELLORE,ANANTASAGARAM,-,-,Pennar,Pennar,-,-,-,Pennar,14.49250000,79.30472222,24-04-2026 04:00,0.5
3185,Somasila Reservoir,Andhra Pradesh SW,28,Andhra Pradesh,515,NELLORE,ANANTASAGARAM,-,-,Pennar,Pennar,-,-,-,Pennar,14.49250000,79.30472222,24-04-2026 05:00,0.5
3186,Somasila Reservoir,Andhra Pradesh SW,28,Andhra Pradesh,515,NELLORE,ANANTASAGARAM,-,-,Pennar,Pennar,-,-,-,Pennar,14.49250000,79.30472222,24-04-2026 06:00,0.5
3187,Somasila Reservoir,Andhra Pradesh SW,28,Andhra Pradesh,515,NELLORE,ANANTASAGARAM,-,-,Pennar,Pennar,-,-,-,Pennar,14.49250000,79.30472222,24-04-2026 07:00,0.5
3188,Somasila Reservoir,Andhra Pradesh SW,28,Andhra Pradesh,515,NELLORE,ANANTASAGARAM,-,-,Pennar,Pennar,-,-,-,Pennar,14.49250000,79.30472222,27-04-2026 17:00,0.5
3189,Somasila Reservoir,Andhra Pradesh SW,28,Andhra Pradesh,515,NELLORE,ANANTASAGARAM,-,-,Pennar,Pennar,-,-,-,Pennar,14.49250000,79.30472222,16-05-2026 06:00,2
3190,Somasila Reservoir,Andhra Pradesh SW,28,Andhra Pradesh,515,NELLORE,ANANTASAGARAM,-,-,Pennar,Pennar,-,-,-,Pennar,14.49250000,79.30472222,16-05-2026 15:00,0.5
3191,Somasila Reservoir,Andhra Pradesh SW,28,Andhra Pradesh,515,NELLORE,ANANTASAGARAM,-,-,Pennar,Pennar,-,-,-,Pennar,14.49250000,79.30472222,17-05-2026 23:00,2.5
3192,Somasila Reservoir,Andhra Pradesh SW,28,Andhra Pradesh,515,NELLORE,ANANTASAGARAM,-,-,Pennar,Pennar,-,-,-,Pennar,14.49250000,79.30472222,18-05-2026 00:00,3.5
3193,Somasila Reservoir,Andhra Pradesh SW,28,Andhra Pradesh,515,NELLORE,ANANTASAGARAM,-,-,Pennar,Pennar,-,-,-,Pennar,14.49250000,79.30472222,18-05-2026 03:00,0.5
3194,Somasila Reservoir,Andhra Pradesh SW,28,Andhra Pradesh,515,NELLORE,ANANTASAGARAM,-,-,Pennar,Pennar,-,-,-,Pennar,14.49250000,79.30472222,18-05-2026 04:00,0.5
3195,Somasila Reservoir,Andhra Pradesh SW,28,Andhra Pradesh,515,NELLORE,ANANTASAGARAM,-,-,Pennar,Pennar,-,-,-,Pennar,14.49250000,79.30472222,18-05-2026 19:00,0.5
3196,Somasila Reservoir,Andhra Pradesh SW,28,Andhra Pradesh,515,NELLORE,ANANTASAGARAM,-,-,Pennar,Pennar,-,-,-,Pennar,14.49250000,79.30472222,19-05-2026 21:00,27.5
3197,Somasila Reservoir,Andhra Pradesh SW,28,Andhra Pradesh,515,NELLORE,ANANTASAGARAM,-,-,Pennar,Pennar,-,-,-,Pennar,14.49250000,79.30472222,19-05-2026 22:00,3.5
3198,Somasila Reservoir,Andhra Pradesh SW,28,Andhra Pradesh,515,NELLORE,ANANTASAGARAM,-,-,Pennar,Pennar,-,-,-,Pennar,14.49250000,79.30472222,21-05-2026 00:00,10
3199,Somasila Reservoir,Andhra Pradesh SW,28,Andhra Pradesh,515,NELLORE,ANANTASAGARAM,-,-,Pennar,Pennar,-,-,-,Pennar,14.49250000,79.30472222,21-05-2026 02:00,0.5
3200,Somasila Reservoir,Andhra Pradesh SW,28,Andhra Pradesh,515,NELLORE,ANANTASAGARAM,-,-,Pennar,Pennar,-,-,-,Pennar,14.49250000,79.30472222,21-05-2026 06:00,2
3201,Somasila Reservoir,Andhra Pradesh SW,28,Andhra Pradesh,515,NELLORE,ANANTASAGARAM,-,-,Pennar,Pennar,-,-,-,Pennar,14.49250000,79.30472222,22-05-2026 13:00,2
3202,Somasila Reservoir,Andhra Pradesh SW,28,Andhra Pradesh,515,NELLORE,ANANTASAGARAM,-,-,Pennar,Pennar,-,-,-,Pennar,14.49250000,79.30472222,26-05-2026 05:00,5.5
3203,Somasila Reservoir,Andhra Pradesh SW,28,Andhra Pradesh,515,NELLORE,ANANTASAGARAM,-,-,Pennar,Pennar,-,-,-,Pennar,14.49250000,79.30472222,26-05-2026 06:00,0.5
3204,Somasila Reservoir,Andhra Pradesh SW,28,Andhra Pradesh,515,NELLORE,ANANTASAGARAM,-,-,Pennar,Pennar,-,-,-,Pennar,14.49250000,79.30472222,30-05-2026 01:00,1
3205,Somasila Reservoir,Andhra Pradesh SW,28,Andhra Pradesh,515,NELLORE,ANANTASAGARAM,-,-,Pennar,Pennar,-,-,-,Pennar,14.49250000,79.30472222,01-06-2026 21:00,0.5
3206,Somasila Reservoir,Andhra Pradesh SW,28,Andhra Pradesh,515,NELLORE,ANANTASAGARAM,-,-,Pennar,Pennar,-,-,-,Pennar,14.49250000,79.30472222,02-06-2026 17:00,1.5
3207,Sri Tenneti Viswanatham Pedderu Reservoir,Andhra Pradesh SW,28,Andhra Pradesh,520,VISAKHAPATNAM,MADUGULA,-,-,Sarada,East flowing rivers between Mahanadi and Pennar,Pedoi,-,-,Pedoi,17.89833333,82.70000000,08-01-2026 16:00,0.5
3208,Sri Tenneti Viswanatham Pedderu Reservoir,Andhra Pradesh SW,28,Andhra Pradesh,520,VISAKHAPATNAM,MADUGULA,-,-,Sarada,East flowing rivers between Mahanadi and Pennar,Pedoi,-,-,Pedoi,17.89833333,82.70000000,11-01-2026 10:00,0.5
3209,Sri Tenneti Viswanatham Pedderu Reservoir,Andhra Pradesh SW,28,Andhra Pradesh,520,VISAKHAPATNAM,MADUGULA,-,-,Sarada,East flowing rivers between Mahanadi and Pennar,Pedoi,-,-,Pedoi,17.89833333,82.70000000,24-01-2026 16:00,0.5
3210,Sri Tenneti Viswanatham Pedderu Reservoir,Andhra Pradesh SW,28,Andhra Pradesh,520,VISAKHAPATNAM,MADUGULA,-,-,Sarada,East flowing rivers between Mahanadi and Pennar,Pedoi,-,-,Pedoi,17.89833333,82.70000000,14-02-2026 09:00,0.5
3211,Sri Tenneti Viswanatham Pedderu Reservoir,Andhra Pradesh SW,28,Andhra Pradesh,520,VISAKHAPATNAM,MADUGULA,-,-,Sarada,East flowing rivers between Mahanadi and Pennar,Pedoi,-,-,Pedoi,17.89833333,82.70000000,18-03-2026 05:00,0.5
3212,Sri Tenneti Viswanatham Pedderu Reservoir,Andhra Pradesh SW,28,Andhra Pradesh,520,VISAKHAPATNAM,MADUGULA,-,-,Sarada,East flowing rivers between Mahanadi and Pennar,Pedoi,-,-,Pedoi,17.89833333,82.70000000,22-03-2026 18:00,3.5
3213,Sri Tenneti Viswanatham Pedderu Reservoir,Andhra Pradesh SW,28,Andhra Pradesh,520,VISAKHAPATNAM,MADUGULA,-,-,Sarada,East flowing rivers between Mahanadi and Pennar,Pedoi,-,-,Pedoi,17.89833333,82.70000000,27-03-2026 14:00,0.5
3214,Sri Tenneti Viswanatham Pedderu Reservoir,Andhra Pradesh SW,28,Andhra Pradesh,520,VISAKHAPATNAM,MADUGULA,-,-,Sarada,East flowing rivers between Mahanadi and Pennar,Pedoi,-,-,Pedoi,17.89833333,82.70000000,27-03-2026 15:00,0.5
3215,Sri Tenneti Viswanatham Pedderu Reservoir,Andhra Pradesh SW,28,Andhra Pradesh,520,VISAKHAPATNAM,MADUGULA,-,-,Sarada,East flowing rivers between Mahanadi and Pennar,Pedoi,-,-,Pedoi,17.89833333,82.70000000,31-03-2026 13:00,0.5
3216,Sri Tenneti Viswanatham Pedderu Reservoir,Andhra Pradesh SW,28,Andhra Pradesh,520,VISAKHAPATNAM,MADUGULA,-,-,Sarada,East flowing rivers between Mahanadi and Pennar,Pedoi,-,-,Pedoi,17.89833333,82.70000000,31-03-2026 14:00,0.5
3217,Sri Tenneti Viswanatham Pedderu Reservoir,Andhra Pradesh SW,28,Andhra Pradesh,520,VISAKHAPATNAM,MADUGULA,-,-,Sarada,East flowing rivers between Mahanadi and Pennar,Pedoi,-,-,Pedoi,17.89833333,82.70000000,06-04-2026 10:00,0.5
3218,Sri Tenneti Viswanatham Pedderu Reservoir,Andhra Pradesh SW,28,Andhra Pradesh,520,VISAKHAPATNAM,MADUGULA,-,-,Sarada,East flowing rivers between Mahanadi and Pennar,Pedoi,-,-,Pedoi,17.89833333,82.70000000,16-04-2026 17:00,0.5
3219,Sri Tenneti Viswanatham Pedderu Reservoir,Andhra Pradesh SW,28,Andhra Pradesh,520,VISAKHAPATNAM,MADUGULA,-,-,Sarada,East flowing rivers between Mahanadi and Pennar,Pedoi,-,-,Pedoi,17.89833333,82.70000000,17-04-2026 00:00,0.5
3220,Sri Tenneti Viswanatham Pedderu Reservoir,Andhra Pradesh SW,28,Andhra Pradesh,520,VISAKHAPATNAM,MADUGULA,-,-,Sarada,East flowing rivers between Mahanadi and Pennar,Pedoi,-,-,Pedoi,17.89833333,82.70000000,17-04-2026 01:00,0.5
3221,Sri Tenneti Viswanatham Pedderu Reservoir,Andhra Pradesh SW,28,Andhra Pradesh,520,VISAKHAPATNAM,MADUGULA,-,-,Sarada,East flowing rivers between Mahanadi and Pennar,Pedoi,-,-,Pedoi,17.89833333,82.70000000,17-04-2026 15:00,0.5
3222,Sri Tenneti Viswanatham Pedderu Reservoir,Andhra Pradesh SW,28,Andhra Pradesh,520,VISAKHAPATNAM,MADUGULA,-,-,Sarada,East flowing rivers between Mahanadi and Pennar,Pedoi,-,-,Pedoi,17.89833333,82.70000000,17-04-2026 16:00,0.5
3223,Sri Tenneti Viswanatham Pedderu Reservoir,Andhra Pradesh SW,28,Andhra Pradesh,520,VISAKHAPATNAM,MADUGULA,-,-,Sarada,East flowing rivers between Mahanadi and Pennar,Pedoi,-,-,Pedoi,17.89833333,82.70000000,22-04-2026 18:00,17
3224,Sri Tenneti Viswanatham Pedderu Reservoir,Andhra Pradesh SW,28,Andhra Pradesh,520,VISAKHAPATNAM,MADUGULA,-,-,Sarada,East flowing rivers between Mahanadi and Pennar,Pedoi,-,-,Pedoi,17.89833333,82.70000000,23-04-2026 17:00,7
3225,Sri Tenneti Viswanatham Pedderu Reservoir,Andhra Pradesh SW,28,Andhra Pradesh,520,VISAKHAPATNAM,MADUGULA,-,-,Sarada,East flowing rivers between Mahanadi and Pennar,Pedoi,-,-,Pedoi,17.89833333,82.70000000,23-04-2026 18:00,1
3226,Sri Tenneti Viswanatham Pedderu Reservoir,Andhra Pradesh SW,28,Andhra Pradesh,520,VISAKHAPATNAM,MADUGULA,-,-,Sarada,East flowing rivers between Mahanadi and Pennar,Pedoi,-,-,Pedoi,17.89833333,82.70000000,27-04-2026 17:00,5
3227,Sri Tenneti Viswanatham Pedderu Reservoir,Andhra Pradesh SW,28,Andhra Pradesh,520,VISAKHAPATNAM,MADUGULA,-,-,Sarada,East flowing rivers between Mahanadi and Pennar,Pedoi,-,-,Pedoi,17.89833333,82.70000000,28-04-2026 16:00,17
3228,Sri Tenneti Viswanatham Pedderu Reservoir,Andhra Pradesh SW,28,Andhra Pradesh,520,VISAKHAPATNAM,MADUGULA,-,-,Sarada,East flowing rivers between Mahanadi and Pennar,Pedoi,-,-,Pedoi,17.89833333,82.70000000,30-04-2026 04:00,1.5
3229,Sri Tenneti Viswanatham Pedderu Reservoir,Andhra Pradesh SW,28,Andhra Pradesh,520,VISAKHAPATNAM,MADUGULA,-,-,Sarada,East flowing rivers between Mahanadi and Pennar,Pedoi,-,-,Pedoi,17.89833333,82.70000000,01-05-2026 11:00,0.5
3230,Sri Tenneti Viswanatham Pedderu Reservoir,Andhra Pradesh SW,28,Andhra Pradesh,520,VISAKHAPATNAM,MADUGULA,-,-,Sarada,East flowing rivers between Mahanadi and Pennar,Pedoi,-,-,Pedoi,17.89833333,82.70000000,03-05-2026 16:00,1
3231,Sri Tenneti Viswanatham Pedderu Reservoir,Andhra Pradesh SW,28,Andhra Pradesh,520,VISAKHAPATNAM,MADUGULA,-,-,Sarada,East flowing rivers between Mahanadi and Pennar,Pedoi,-,-,Pedoi,17.89833333,82.70000000,04-05-2026 18:00,4
3232,Sri Tenneti Viswanatham Pedderu Reservoir,Andhra Pradesh SW,28,Andhra Pradesh,520,VISAKHAPATNAM,MADUGULA,-,-,Sarada,East flowing rivers between Mahanadi and Pennar,Pedoi,-,-,Pedoi,17.89833333,82.70000000,05-05-2026 17:00,11.5
3233,Sri Tenneti Viswanatham Pedderu Reservoir,Andhra Pradesh SW,28,Andhra Pradesh,520,VISAKHAPATNAM,MADUGULA,-,-,Sarada,East flowing rivers between Mahanadi and Pennar,Pedoi,-,-,Pedoi,17.89833333,82.70000000,05-05-2026 18:00,3
3234,Sri Tenneti Viswanatham Pedderu Reservoir,Andhra Pradesh SW,28,Andhra Pradesh,520,VISAKHAPATNAM,MADUGULA,-,-,Sarada,East flowing rivers between Mahanadi and Pennar,Pedoi,-,-,Pedoi,17.89833333,82.70000000,07-05-2026 16:00,0.5
3235,Sri Tenneti Viswanatham Pedderu Reservoir,Andhra Pradesh SW,28,Andhra Pradesh,520,VISAKHAPATNAM,MADUGULA,-,-,Sarada,East flowing rivers between Mahanadi and Pennar,Pedoi,-,-,Pedoi,17.89833333,82.70000000,07-05-2026 17:00,0.5
3236,Sri Tenneti Viswanatham Pedderu Reservoir,Andhra Pradesh SW,28,Andhra Pradesh,520,VISAKHAPATNAM,MADUGULA,-,-,Sarada,East flowing rivers between Mahanadi and Pennar,Pedoi,-,-,Pedoi,17.89833333,82.70000000,07-05-2026 18:00,2.5
3237,Sri Tenneti Viswanatham Pedderu Reservoir,Andhra Pradesh SW,28,Andhra Pradesh,520,VISAKHAPATNAM,MADUGULA,-,-,Sarada,East flowing rivers between Mahanadi and Pennar,Pedoi,-,-,Pedoi,17.89833333,82.70000000,07-05-2026 22:00,5.5
3238,Sri Tenneti Viswanatham Pedderu Reservoir,Andhra Pradesh SW,28,Andhra Pradesh,520,VISAKHAPATNAM,MADUGULA,-,-,Sarada,East flowing rivers between Mahanadi and Pennar,Pedoi,-,-,Pedoi,17.89833333,82.70000000,08-05-2026 14:00,1
3239,Sri Tenneti Viswanatham Pedderu Reservoir,Andhra Pradesh SW,28,Andhra Pradesh,520,VISAKHAPATNAM,MADUGULA,-,-,Sarada,East flowing rivers between Mahanadi and Pennar,Pedoi,-,-,Pedoi,17.89833333,82.70000000,08-05-2026 15:00,7
3240,Sri Tenneti Viswanatham Pedderu Reservoir,Andhra Pradesh SW,28,Andhra Pradesh,520,VISAKHAPATNAM,MADUGULA,-,-,Sarada,East flowing rivers between Mahanadi and Pennar,Pedoi,-,-,Pedoi,17.89833333,82.70000000,09-05-2026 18:00,2
3241,Sri Tenneti Viswanatham Pedderu Reservoir,Andhra Pradesh SW,28,Andhra Pradesh,520,VISAKHAPATNAM,MADUGULA,-,-,Sarada,East flowing rivers between Mahanadi and Pennar,Pedoi,-,-,Pedoi,17.89833333,82.70000000,10-05-2026 08:00,0.5
3242,Sri Tenneti Viswanatham Pedderu Reservoir,Andhra Pradesh SW,28,Andhra Pradesh,520,VISAKHAPATNAM,MADUGULA,-,-,Sarada,East flowing rivers between Mahanadi and Pennar,Pedoi,-,-,Pedoi,17.89833333,82.70000000,16-05-2026 19:00,1.5
3243,Sri Tenneti Viswanatham Pedderu Reservoir,Andhra Pradesh SW,28,Andhra Pradesh,520,VISAKHAPATNAM,MADUGULA,-,-,Sarada,East flowing rivers between Mahanadi and Pennar,Pedoi,-,-,Pedoi,17.89833333,82.70000000,27-05-2026 06:00,4
3244,Sri Tenneti Viswanatham Pedderu Reservoir,Andhra Pradesh SW,28,Andhra Pradesh,520,VISAKHAPATNAM,MADUGULA,-,-,Sarada,East flowing rivers between Mahanadi and Pennar,Pedoi,-,-,Pedoi,17.89833333,82.70000000,27-05-2026 07:00,1
3245,Sri Tenneti Viswanatham Pedderu Reservoir,Andhra Pradesh SW,28,Andhra Pradesh,520,VISAKHAPATNAM,MADUGULA,-,-,Sarada,East flowing rivers between Mahanadi and Pennar,Pedoi,-,-,Pedoi,17.89833333,82.70000000,27-05-2026 08:00,1.5
3246,Sri Tenneti Viswanatham Pedderu Reservoir,Andhra Pradesh SW,28,Andhra Pradesh,520,VISAKHAPATNAM,MADUGULA,-,-,Sarada,East flowing rivers between Mahanadi and Pennar,Pedoi,-,-,Pedoi,17.89833333,82.70000000,31-07-2026 14:00,0.5
3247,Sri Tenneti Viswanatham Pedderu Reservoir,Andhra Pradesh SW,28,Andhra Pradesh,520,VISAKHAPATNAM,MADUGULA,-,-,Sarada,East flowing rivers between Mahanadi and Pennar,Pedoi,-,-,Pedoi,17.89833333,82.70000000,14-08-2026 11:00,0.5
3248,Sri Tenneti Viswanatham Pedderu Reservoir,Andhra Pradesh SW,28,Andhra Pradesh,520,VISAKHAPATNAM,MADUGULA,-,-,Sarada,East flowing rivers between Mahanadi and Pennar,Pedoi,-,-,Pedoi,17.89833333,82.70000000,15-08-2026 09:00,0.5
3249,Sri Tenneti Viswanatham Pedderu Reservoir,Andhra Pradesh SW,28,Andhra Pradesh,520,VISAKHAPATNAM,MADUGULA,-,-,Sarada,East flowing rivers between Mahanadi and Pennar,Pedoi,-,-,Pedoi,17.89833333,82.70000000,25-08-2026 15:00,1
3250,Sri Tenneti Viswanatham Pedderu Reservoir,Andhra Pradesh SW,28,Andhra Pradesh,520,VISAKHAPATNAM,MADUGULA,-,-,Sarada,East flowing rivers between Mahanadi and Pennar,Pedoi,-,-,Pedoi,17.89833333,82.70000000,26-08-2026 12:00,0.5
3251,Sunkesula Barrage_1,Andhra Pradesh SW,28,Andhra Pradesh,511,KURNOOL,-,-,-,-,-,-,-,-,-,15.88000000,77.83000000,19-01-2026 09:00,0.5
3252,Sunkesula Barrage_1,Andhra Pradesh SW,28,Andhra Pradesh,511,KURNOOL,-,-,-,-,-,-,-,-,-,15.88000000,77.83000000,25-01-2026 11:00,0.5
3253,Sunkesula Barrage_1,Andhra Pradesh SW,28,Andhra Pradesh,511,KURNOOL,-,-,-,-,-,-,-,-,-,15.88000000,77.83000000,29-01-2026 18:00,0.5
3254,Sunkesula Barrage_1,Andhra Pradesh SW,28,Andhra Pradesh,511,KURNOOL,-,-,-,-,-,-,-,-,-,15.88000000,77.83000000,18-03-2026 18:00,19
3255,Sunkesula Barrage_1,Andhra Pradesh SW,28,Andhra Pradesh,511,KURNOOL,-,-,-,-,-,-,-,-,-,15.88000000,77.83000000,18-03-2026 19:00,0.5
3256,Sunkesula Barrage_1,Andhra Pradesh SW,28,Andhra Pradesh,511,KURNOOL,-,-,-,-,-,-,-,-,-,15.88000000,77.83000000,28-03-2026 01:00,1.5
3257,Sunkesula Barrage_1,Andhra Pradesh SW,28,Andhra Pradesh,511,KURNOOL,-,-,-,-,-,-,-,-,-,15.88000000,77.83000000,28-03-2026 02:00,1
3258,Sunkesula Barrage_1,Andhra Pradesh SW,28,Andhra Pradesh,511,KURNOOL,-,-,-,-,-,-,-,-,-,15.88000000,77.83000000,16-04-2026 18:00,3
3259,Sunkesula Barrage_1,Andhra Pradesh SW,28,Andhra Pradesh,511,KURNOOL,-,-,-,-,-,-,-,-,-,15.88000000,77.83000000,21-04-2026 20:00,20.5
3260,Sunkesula Barrage_1,Andhra Pradesh SW,28,Andhra Pradesh,511,KURNOOL,-,-,-,-,-,-,-,-,-,15.88000000,77.83000000,21-04-2026 21:00,5
3261,Sunkesula Barrage_1,Andhra Pradesh SW,28,Andhra Pradesh,511,KURNOOL,-,-,-,-,-,-,-,-,-,15.88000000,77.83000000,20-05-2026 01:00,0.5
3262,Sunkesula Barrage_1,Andhra Pradesh SW,28,Andhra Pradesh,511,KURNOOL,-,-,-,-,-,-,-,-,-,15.88000000,77.83000000,21-05-2026 01:00,0.5
3263,Sunkesula Barrage_1,Andhra Pradesh SW,28,Andhra Pradesh,511,KURNOOL,-,-,-,-,-,-,-,-,-,15.88000000,77.83000000,21-05-2026 23:00,3.5
3264,Sunkesula Barrage_1,Andhra Pradesh SW,28,Andhra Pradesh,511,KURNOOL,-,-,-,-,-,-,-,-,-,15.88000000,77.83000000,22-05-2026 00:00,1
3265,Sunkesula Barrage_1,Andhra Pradesh SW,28,Andhra Pradesh,511,KURNOOL,-,-,-,-,-,-,-,-,-,15.88000000,77.83000000,23-05-2026 19:00,4
3266,Sunkesula Barrage_1,Andhra Pradesh SW,28,Andhra Pradesh,511,KURNOOL,-,-,-,-,-,-,-,-,-,15.88000000,77.83000000,23-05-2026 20:00,5
3267,Sunkesula Barrage_1,Andhra Pradesh SW,28,Andhra Pradesh,511,KURNOOL,-,-,-,-,-,-,-,-,-,15.88000000,77.83000000,27-05-2026 05:00,3
3268,Sunkesula Barrage_1,Andhra Pradesh SW,28,Andhra Pradesh,511,KURNOOL,-,-,-,-,-,-,-,-,-,15.88000000,77.83000000,27-05-2026 06:00,2.5
3269,Sunkesula Barrage_1,Andhra Pradesh SW,28,Andhra Pradesh,511,KURNOOL,-,-,-,-,-,-,-,-,-,15.88000000,77.83000000,27-05-2026 07:00,2
3270,Sunkesula Barrage_1,Andhra Pradesh SW,28,Andhra Pradesh,511,KURNOOL,-,-,-,-,-,-,-,-,-,15.88000000,77.83000000,27-05-2026 08:00,1.5
3271,Sunkesula Barrage_1,Andhra Pradesh SW,28,Andhra Pradesh,511,KURNOOL,-,-,-,-,-,-,-,-,-,15.88000000,77.83000000,27-05-2026 09:00,0.5
3272,Sunkesula Barrage_1,Andhra Pradesh SW,28,Andhra Pradesh,511,KURNOOL,-,-,-,-,-,-,-,-,-,15.88000000,77.83000000,27-05-2026 10:00,0.5
3273,Sunkesula Barrage_1,Andhra Pradesh SW,28,Andhra Pradesh,511,KURNOOL,-,-,-,-,-,-,-,-,-,15.88000000,77.83000000,27-05-2026 14:00,0.5
3274,Sunkesula Barrage_1,Andhra Pradesh SW,28,Andhra Pradesh,511,KURNOOL,-,-,-,-,-,-,-,-,-,15.88000000,77.83000000,27-05-2026 16:00,0.5
3275,Sunkesula Barrage_1,Andhra Pradesh SW,28,Andhra Pradesh,511,KURNOOL,-,-,-,-,-,-,-,-,-,15.88000000,77.83000000,27-05-2026 18:00,0.5
3276,Sunkesula Barrage_1,Andhra Pradesh SW,28,Andhra Pradesh,511,KURNOOL,-,-,-,-,-,-,-,-,-,15.88000000,77.83000000,27-05-2026 22:00,0.5
3277,Sunkesula Barrage_1,Andhra Pradesh SW,28,Andhra Pradesh,511,KURNOOL,-,-,-,-,-,-,-,-,-,15.88000000,77.83000000,29-05-2026 06:00,1.5
3278,Sunkesula Barrage_1,Andhra Pradesh SW,28,Andhra Pradesh,511,KURNOOL,-,-,-,-,-,-,-,-,-,15.88000000,77.83000000,29-05-2026 07:00,1
3279,Sunkesula Barrage_1,Andhra Pradesh SW,28,Andhra Pradesh,511,KURNOOL,-,-,-,-,-,-,-,-,-,15.88000000,77.83000000,29-05-2026 08:00,1
3280,Sunkesula Barrage_1,Andhra Pradesh SW,28,Andhra Pradesh,511,KURNOOL,-,-,-,-,-,-,-,-,-,15.88000000,77.83000000,29-05-2026 09:00,1.5
3281,Sunkesula Barrage_1,Andhra Pradesh SW,28,Andhra Pradesh,511,KURNOOL,-,-,-,-,-,-,-,-,-,15.88000000,77.83000000,29-05-2026 10:00,1.5
3282,Sunkesula Barrage_1,Andhra Pradesh SW,28,Andhra Pradesh,511,KURNOOL,-,-,-,-,-,-,-,-,-,15.88000000,77.83000000,29-05-2026 11:00,1
3283,Sunkesula Barrage_1,Andhra Pradesh SW,28,Andhra Pradesh,511,KURNOOL,-,-,-,-,-,-,-,-,-,15.88000000,77.83000000,29-05-2026 12:00,0.5
3284,Sunkesula Barrage_1,Andhra Pradesh SW,28,Andhra Pradesh,511,KURNOOL,-,-,-,-,-,-,-,-,-,15.88000000,77.83000000,29-05-2026 13:00,0.5
3285,Sunkesula Barrage_1,Andhra Pradesh SW,28,Andhra Pradesh,511,KURNOOL,-,-,-,-,-,-,-,-,-,15.88000000,77.83000000,29-05-2026 14:00,1.5
3286,Sunkesula Barrage_1,Andhra Pradesh SW,28,Andhra Pradesh,511,KURNOOL,-,-,-,-,-,-,-,-,-,15.88000000,77.83000000,29-05-2026 15:00,1
3287,Sunkesula Barrage_1,Andhra Pradesh SW,28,Andhra Pradesh,511,KURNOOL,-,-,-,-,-,-,-,-,-,15.88000000,77.83000000,29-05-2026 16:00,1
3288,Sunkesula Barrage_1,Andhra Pradesh SW,28,Andhra Pradesh,511,KURNOOL,-,-,-,-,-,-,-,-,-,15.88000000,77.83000000,29-05-2026 17:00,0.5
3289,Sunkesula Barrage_1,Andhra Pradesh SW,28,Andhra Pradesh,511,KURNOOL,-,-,-,-,-,-,-,-,-,15.88000000,77.83000000,29-05-2026 19:00,0.5
3290,Sunkesula Barrage_1,Andhra Pradesh SW,28,Andhra Pradesh,511,KURNOOL,-,-,-,-,-,-,-,-,-,15.88000000,77.83000000,29-05-2026 22:00,0.5
3291,Sunkesula Barrage_1,Andhra Pradesh SW,28,Andhra Pradesh,511,KURNOOL,-,-,-,-,-,-,-,-,-,15.88000000,77.83000000,30-05-2026 01:00,0.5
3292,Sunkesula Barrage_1,Andhra Pradesh SW,28,Andhra Pradesh,511,KURNOOL,-,-,-,-,-,-,-,-,-,15.88000000,77.83000000,30-05-2026 04:00,0.5
3293,Sunkesula Barrage_1,Andhra Pradesh SW,28,Andhra Pradesh,511,KURNOOL,-,-,-,-,-,-,-,-,-,15.88000000,77.83000000,30-05-2026 07:00,0.5
3294,Sunkesula Barrage_1,Andhra Pradesh SW,28,Andhra Pradesh,511,KURNOOL,-,-,-,-,-,-,-,-,-,15.88000000,77.83000000,30-05-2026 10:00,0.5
3295,Sunkesula Barrage_1,Andhra Pradesh SW,28,Andhra Pradesh,511,KURNOOL,-,-,-,-,-,-,-,-,-,15.88000000,77.83000000,30-05-2026 13:00,0.5
3296,Sunkesula Barrage_1,Andhra Pradesh SW,28,Andhra Pradesh,511,KURNOOL,-,-,-,-,-,-,-,-,-,15.88000000,77.83000000,30-05-2026 15:00,0.5
3297,Sunkesula Barrage_1,Andhra Pradesh SW,28,Andhra Pradesh,511,KURNOOL,-,-,-,-,-,-,-,-,-,15.88000000,77.83000000,31-05-2026 00:00,0.5
3298,Sunkesula Barrage_1,Andhra Pradesh SW,28,Andhra Pradesh,511,KURNOOL,-,-,-,-,-,-,-,-,-,15.88000000,77.83000000,05-06-2026 17:00,0.5
3299,Sunkesula Barrage_1,Andhra Pradesh SW,28,Andhra Pradesh,511,KURNOOL,-,-,-,-,-,-,-,-,-,15.88000000,77.83000000,05-06-2026 21:00,0.5
3300,Sunkesula Barrage_1,Andhra Pradesh SW,28,Andhra Pradesh,511,KURNOOL,-,-,-,-,-,-,-,-,-,15.88000000,77.83000000,07-06-2026 01:00,0.5
3301,Sunkesula Barrage_1,Andhra Pradesh SW,28,Andhra Pradesh,511,KURNOOL,-,-,-,-,-,-,-,-,-,15.88000000,77.83000000,08-06-2026 09:00,0.5
3302,Sunkesula Barrage_1,Andhra Pradesh SW,28,Andhra Pradesh,511,KURNOOL,-,-,-,-,-,-,-,-,-,15.88000000,77.83000000,09-06-2026 21:00,2.5
3303,Sunkesula Barrage_1,Andhra Pradesh SW,28,Andhra Pradesh,511,KURNOOL,-,-,-,-,-,-,-,-,-,15.88000000,77.83000000,09-06-2026 22:00,1
3304,Sunkesula Barrage_1,Andhra Pradesh SW,28,Andhra Pradesh,511,KURNOOL,-,-,-,-,-,-,-,-,-,15.88000000,77.83000000,12-06-2026 07:00,0.5
3305,Sunkesula Barrage_1,Andhra Pradesh SW,28,Andhra Pradesh,511,KURNOOL,-,-,-,-,-,-,-,-,-,15.88000000,77.83000000,13-06-2026 11:00,0.5
3306,Sunkesula Barrage_1,Andhra Pradesh SW,28,Andhra Pradesh,511,KURNOOL,-,-,-,-,-,-,-,-,-,15.88000000,77.83000000,14-06-2026 01:00,0.5
3307,Sunkesula Barrage_1,Andhra Pradesh SW,28,Andhra Pradesh,511,KURNOOL,-,-,-,-,-,-,-,-,-,15.88000000,77.83000000,14-06-2026 02:00,1.5
3308,Sunkesula Barrage_1,Andhra Pradesh SW,28,Andhra Pradesh,511,KURNOOL,-,-,-,-,-,-,-,-,-,15.88000000,77.83000000,14-06-2026 03:00,0.5
3309,Sunkesula Barrage_1,Andhra Pradesh SW,28,Andhra Pradesh,511,KURNOOL,-,-,-,-,-,-,-,-,-,15.88000000,77.83000000,14-06-2026 04:00,1
3310,Sunkesula Barrage_1,Andhra Pradesh SW,28,Andhra Pradesh,511,KURNOOL,-,-,-,-,-,-,-,-,-,15.88000000,77.83000000,14-06-2026 07:00,0.5
3311,Sunkesula Barrage_1,Andhra Pradesh SW,28,Andhra Pradesh,511,KURNOOL,-,-,-,-,-,-,-,-,-,15.88000000,77.83000000,14-06-2026 09:00,1
3312,Sunkesula Barrage_1,Andhra Pradesh SW,28,Andhra Pradesh,511,KURNOOL,-,-,-,-,-,-,-,-,-,15.88000000,77.83000000,14-06-2026 10:00,7
3313,Sunkesula Barrage_1,Andhra Pradesh SW,28,Andhra Pradesh,511,KURNOOL,-,-,-,-,-,-,-,-,-,15.88000000,77.83000000,14-06-2026 11:00,4
3314,Sunkesula Barrage_1,Andhra Pradesh SW,28,Andhra Pradesh,511,KURNOOL,-,-,-,-,-,-,-,-,-,15.88000000,77.83000000,14-06-2026 12:00,1
3315,Sunkesula Barrage_1,Andhra Pradesh SW,28,Andhra Pradesh,511,KURNOOL,-,-,-,-,-,-,-,-,-,15.88000000,77.83000000,14-06-2026 13:00,1
3316,Sunkesula Barrage_1,Andhra Pradesh SW,28,Andhra Pradesh,511,KURNOOL,-,-,-,-,-,-,-,-,-,15.88000000,77.83000000,14-06-2026 14:00,0.5
3317,Sunkesula Barrage_1,Andhra Pradesh SW,28,Andhra Pradesh,511,KURNOOL,-,-,-,-,-,-,-,-,-,15.88000000,77.83000000,14-06-2026 15:00,1
3318,Sunkesula Barrage_1,Andhra Pradesh SW,28,Andhra Pradesh,511,KURNOOL,-,-,-,-,-,-,-,-,-,15.88000000,77.83000000,14-06-2026 16:00,0.5
3319,Sunkesula Barrage_1,Andhra Pradesh SW,28,Andhra Pradesh,511,KURNOOL,-,-,-,-,-,-,-,-,-,15.88000000,77.83000000,14-06-2026 17:00,0.5
3320,Sunkesula Barrage_1,Andhra Pradesh SW,28,Andhra Pradesh,511,KURNOOL,-,-,-,-,-,-,-,-,-,15.88000000,77.83000000,17-06-2026 11:00,0.5
3321,Sunkesula Barrage_1,Andhra Pradesh SW,28,Andhra Pradesh,511,KURNOOL,-,-,-,-,-,-,-,-,-,15.88000000,77.83000000,25-06-2026 18:00,1.5
3322,Sunkesula Barrage_1,Andhra Pradesh SW,28,Andhra Pradesh,511,KURNOOL,-,-,-,-,-,-,-,-,-,15.88000000,77.83000000,25-06-2026 19:00,2
3323,Sunkesula Barrage_1,Andhra Pradesh SW,28,Andhra Pradesh,511,KURNOOL,-,-,-,-,-,-,-,-,-,15.88000000,77.83000000,25-06-2026 20:00,1
3324,Sunkesula Barrage_1,Andhra Pradesh SW,28,Andhra Pradesh,511,KURNOOL,-,-,-,-,-,-,-,-,-,15.88000000,77.83000000,25-06-2026 22:00,0.5
3325,Sunkesula Barrage_1,Andhra Pradesh SW,28,Andhra Pradesh,511,KURNOOL,-,-,-,-,-,-,-,-,-,15.88000000,77.83000000,26-06-2026 02:00,0.5
3326,Sunkesula Barrage_1,Andhra Pradesh SW,28,Andhra Pradesh,511,KURNOOL,-,-,-,-,-,-,-,-,-,15.88000000,77.83000000,26-06-2026 14:00,0.5
3327,Sunkesula Barrage_1,Andhra Pradesh SW,28,Andhra Pradesh,511,KURNOOL,-,-,-,-,-,-,-,-,-,15.88000000,77.83000000,27-06-2026 09:00,0.5
3328,Sunkesula Barrage_1,Andhra Pradesh SW,28,Andhra Pradesh,511,KURNOOL,-,-,-,-,-,-,-,-,-,15.88000000,77.83000000,27-06-2026 12:00,0.5
3329,Sunkesula Barrage_1,Andhra Pradesh SW,28,Andhra Pradesh,511,KURNOOL,-,-,-,-,-,-,-,-,-,15.88000000,77.83000000,02-07-2026 17:00,0.5
3330,Sunkesula Barrage_1,Andhra Pradesh SW,28,Andhra Pradesh,511,KURNOOL,-,-,-,-,-,-,-,-,-,15.88000000,77.83000000,02-07-2026 19:00,0.5
3331,Sunkesula Barrage_1,Andhra Pradesh SW,28,Andhra Pradesh,511,KURNOOL,-,-,-,-,-,-,-,-,-,15.88000000,77.83000000,02-07-2026 20:00,0.5
3332,Sunkesula Barrage_1,Andhra Pradesh SW,28,Andhra Pradesh,511,KURNOOL,-,-,-,-,-,-,-,-,-,15.88000000,77.83000000,05-07-2026 10:00,0.5
3333,Sunkesula Barrage_1,Andhra Pradesh SW,28,Andhra Pradesh,511,KURNOOL,-,-,-,-,-,-,-,-,-,15.88000000,77.83000000,09-07-2026 05:00,0.5
3334,Sunkesula Barrage_1,Andhra Pradesh SW,28,Andhra Pradesh,511,KURNOOL,-,-,-,-,-,-,-,-,-,15.88000000,77.83000000,09-07-2026 07:00,0.5
3335,Sunkesula Barrage_1,Andhra Pradesh SW,28,Andhra Pradesh,511,KURNOOL,-,-,-,-,-,-,-,-,-,15.88000000,77.83000000,10-07-2026 09:00,0.5
3336,Sunkesula Barrage_1,Andhra Pradesh SW,28,Andhra Pradesh,511,KURNOOL,-,-,-,-,-,-,-,-,-,15.88000000,77.83000000,13-07-2026 08:00,0.5
3337,Sunkesula Barrage_1,Andhra Pradesh SW,28,Andhra Pradesh,511,KURNOOL,-,-,-,-,-,-,-,-,-,15.88000000,77.83000000,16-07-2026 15:00,8.5
3338,Sunkesula Barrage_1,Andhra Pradesh SW,28,Andhra Pradesh,511,KURNOOL,-,-,-,-,-,-,-,-,-,15.88000000,77.83000000,16-07-2026 16:00,2.5
3339,Sunkesula Barrage_1,Andhra Pradesh SW,28,Andhra Pradesh,511,KURNOOL,-,-,-,-,-,-,-,-,-,15.88000000,77.83000000,16-07-2026 17:00,0.5
3340,Sunkesula Barrage_1,Andhra Pradesh SW,28,Andhra Pradesh,511,KURNOOL,-,-,-,-,-,-,-,-,-,15.88000000,77.83000000,17-07-2026 15:00,2
3341,Sunkesula Barrage_1,Andhra Pradesh SW,28,Andhra Pradesh,511,KURNOOL,-,-,-,-,-,-,-,-,-,15.88000000,77.83000000,17-07-2026 16:00,3.5
3342,Sunkesula Barrage_1,Andhra Pradesh SW,28,Andhra Pradesh,511,KURNOOL,-,-,-,-,-,-,-,-,-,15.88000000,77.83000000,17-07-2026 17:00,1
3343,Sunkesula Barrage_1,Andhra Pradesh SW,28,Andhra Pradesh,511,KURNOOL,-,-,-,-,-,-,-,-,-,15.88000000,77.83000000,17-07-2026 21:00,1
3344,Sunkesula Barrage_1,Andhra Pradesh SW,28,Andhra Pradesh,511,KURNOOL,-,-,-,-,-,-,-,-,-,15.88000000,77.83000000,17-07-2026 22:00,0.5
3345,Sunkesula Barrage_1,Andhra Pradesh SW,28,Andhra Pradesh,511,KURNOOL,-,-,-,-,-,-,-,-,-,15.88000000,77.83000000,18-07-2026 20:00,3.5
3346,Sunkesula Barrage_1,Andhra Pradesh SW,28,Andhra Pradesh,511,KURNOOL,-,-,-,-,-,-,-,-,-,15.88000000,77.83000000,18-07-2026 21:00,4
3347,Sunkesula Barrage_1,Andhra Pradesh SW,28,Andhra Pradesh,511,KURNOOL,-,-,-,-,-,-,-,-,-,15.88000000,77.83000000,18-07-2026 22:00,2.5
3348,Sunkesula Barrage_1,Andhra Pradesh SW,28,Andhra Pradesh,511,KURNOOL,-,-,-,-,-,-,-,-,-,15.88000000,77.83000000,18-07-2026 23:00,1
3349,Sunkesula Barrage_1,Andhra Pradesh SW,28,Andhra Pradesh,511,KURNOOL,-,-,-,-,-,-,-,-,-,15.88000000,77.83000000,19-07-2026 00:00,0.5
3350,Sunkesula Barrage_1,Andhra Pradesh SW,28,Andhra Pradesh,511,KURNOOL,-,-,-,-,-,-,-,-,-,15.88000000,77.83000000,19-07-2026 14:00,3
3351,Sunkesula Barrage_1,Andhra Pradesh SW,28,Andhra Pradesh,511,KURNOOL,-,-,-,-,-,-,-,-,-,15.88000000,77.83000000,19-07-2026 15:00,3
3352,Sunkesula Barrage_1,Andhra Pradesh SW,28,Andhra Pradesh,511,KURNOOL,-,-,-,-,-,-,-,-,-,15.88000000,77.83000000,19-07-2026 16:00,1.5
3353,Sunkesula Barrage_1,Andhra Pradesh SW,28,Andhra Pradesh,511,KURNOOL,-,-,-,-,-,-,-,-,-,15.88000000,77.83000000,19-07-2026 17:00,0.5
3354,Sunkesula Barrage_1,Andhra Pradesh SW,28,Andhra Pradesh,511,KURNOOL,-,-,-,-,-,-,-,-,-,15.88000000,77.83000000,19-07-2026 18:00,0.5
3355,Sunkesula Barrage_1,Andhra Pradesh SW,28,Andhra Pradesh,511,KURNOOL,-,-,-,-,-,-,-,-,-,15.88000000,77.83000000,19-07-2026 19:00,1
3356,Sunkesula Barrage_1,Andhra Pradesh SW,28,Andhra Pradesh,511,KURNOOL,-,-,-,-,-,-,-,-,-,15.88000000,77.83000000,22-07-2026 09:00,0.5
3357,Sunkesula Barrage_1,Andhra Pradesh SW,28,Andhra Pradesh,511,KURNOOL,-,-,-,-,-,-,-,-,-,15.88000000,77.83000000,22-07-2026 11:00,0.5
3358,Sunkesula Barrage_1,Andhra Pradesh SW,28,Andhra Pradesh,511,KURNOOL,-,-,-,-,-,-,-,-,-,15.88000000,77.83000000,25-07-2026 13:00,0.5
3359,Sunkesula Barrage_1,Andhra Pradesh SW,28,Andhra Pradesh,511,KURNOOL,-,-,-,-,-,-,-,-,-,15.88000000,77.83000000,26-07-2026 10:00,0.5
3360,Sunkesula Barrage_1,Andhra Pradesh SW,28,Andhra Pradesh,511,KURNOOL,-,-,-,-,-,-,-,-,-,15.88000000,77.83000000,26-07-2026 18:00,0.5
3361,Sunkesula Barrage_1,Andhra Pradesh SW,28,Andhra Pradesh,511,KURNOOL,-,-,-,-,-,-,-,-,-,15.88000000,77.83000000,29-07-2026 08:00,0.5
3362,Sunkesula Barrage_1,Andhra Pradesh SW,28,Andhra Pradesh,511,KURNOOL,-,-,-,-,-,-,-,-,-,15.88000000,77.83000000,29-07-2026 16:00,0.5
3363,Sunkesula Barrage_1,Andhra Pradesh SW,28,Andhra Pradesh,511,KURNOOL,-,-,-,-,-,-,-,-,-,15.88000000,77.83000000,29-07-2026 17:00,3.5
3364,Sunkesula Barrage_1,Andhra Pradesh SW,28,Andhra Pradesh,511,KURNOOL,-,-,-,-,-,-,-,-,-,15.88000000,77.83000000,29-07-2026 19:00,2
3365,Sunkesula Barrage_1,Andhra Pradesh SW,28,Andhra Pradesh,511,KURNOOL,-,-,-,-,-,-,-,-,-,15.88000000,77.83000000,29-07-2026 20:00,0.5
3366,Sunkesula Barrage_1,Andhra Pradesh SW,28,Andhra Pradesh,511,KURNOOL,-,-,-,-,-,-,-,-,-,15.88000000,77.83000000,30-07-2026 17:00,2.5
3367,Sunkesula Barrage_1,Andhra Pradesh SW,28,Andhra Pradesh,511,KURNOOL,-,-,-,-,-,-,-,-,-,15.88000000,77.83000000,30-07-2026 18:00,1.5
3368,Sunkesula Barrage_1,Andhra Pradesh SW,28,Andhra Pradesh,511,KURNOOL,-,-,-,-,-,-,-,-,-,15.88000000,77.83000000,30-07-2026 19:00,1.5
3369,Sunkesula Barrage_1,Andhra Pradesh SW,28,Andhra Pradesh,511,KURNOOL,-,-,-,-,-,-,-,-,-,15.88000000,77.83000000,30-07-2026 20:00,1
3370,Sunkesula Barrage_1,Andhra Pradesh SW,28,Andhra Pradesh,511,KURNOOL,-,-,-,-,-,-,-,-,-,15.88000000,77.83000000,30-07-2026 21:00,1
3371,Sunkesula Barrage_1,Andhra Pradesh SW,28,Andhra Pradesh,511,KURNOOL,-,-,-,-,-,-,-,-,-,15.88000000,77.83000000,30-07-2026 22:00,0.5
3372,Sunkesula Barrage_1,Andhra Pradesh SW,28,Andhra Pradesh,511,KURNOOL,-,-,-,-,-,-,-,-,-,15.88000000,77.83000000,30-07-2026 23:00,0.5
3373,Sunkesula Barrage_1,Andhra Pradesh SW,28,Andhra Pradesh,511,KURNOOL,-,-,-,-,-,-,-,-,-,15.88000000,77.83000000,31-07-2026 00:00,0.5
3374,Sunkesula Barrage_1,Andhra Pradesh SW,28,Andhra Pradesh,511,KURNOOL,-,-,-,-,-,-,-,-,-,15.88000000,77.83000000,31-07-2026 01:00,0.5
3375,Sunkesula Barrage_1,Andhra Pradesh SW,28,Andhra Pradesh,511,KURNOOL,-,-,-,-,-,-,-,-,-,15.88000000,77.83000000,31-07-2026 02:00,0.5
3376,Sunkesula Barrage_1,Andhra Pradesh SW,28,Andhra Pradesh,511,KURNOOL,-,-,-,-,-,-,-,-,-,15.88000000,77.83000000,31-07-2026 03:00,0.5
3377,Sunkesula Barrage_1,Andhra Pradesh SW,28,Andhra Pradesh,511,KURNOOL,-,-,-,-,-,-,-,-,-,15.88000000,77.83000000,31-07-2026 04:00,0.5
3378,Sunkesula Barrage_1,Andhra Pradesh SW,28,Andhra Pradesh,511,KURNOOL,-,-,-,-,-,-,-,-,-,15.88000000,77.83000000,31-07-2026 07:00,0.5
3379,Sunkesula Barrage_1,Andhra Pradesh SW,28,Andhra Pradesh,511,KURNOOL,-,-,-,-,-,-,-,-,-,15.88000000,77.83000000,01-08-2026 19:00,0.5
3380,Sunkesula Barrage_1,Andhra Pradesh SW,28,Andhra Pradesh,511,KURNOOL,-,-,-,-,-,-,-,-,-,15.88000000,77.83000000,02-08-2026 11:00,0.5
3381,Sunkesula Barrage_1,Andhra Pradesh SW,28,Andhra Pradesh,511,KURNOOL,-,-,-,-,-,-,-,-,-,15.88000000,77.83000000,03-08-2026 08:00,0.5
3382,Sunkesula Barrage_1,Andhra Pradesh SW,28,Andhra Pradesh,511,KURNOOL,-,-,-,-,-,-,-,-,-,15.88000000,77.83000000,03-08-2026 10:00,0.5
3383,Sunkesula Barrage_1,Andhra Pradesh SW,28,Andhra Pradesh,511,KURNOOL,-,-,-,-,-,-,-,-,-,15.88000000,77.83000000,04-08-2026 02:00,1
3384,Sunkesula Barrage_1,Andhra Pradesh SW,28,Andhra Pradesh,511,KURNOOL,-,-,-,-,-,-,-,-,-,15.88000000,77.83000000,08-08-2026 21:00,2.5
3385,Sunkesula Barrage_1,Andhra Pradesh SW,28,Andhra Pradesh,511,KURNOOL,-,-,-,-,-,-,-,-,-,15.88000000,77.83000000,09-08-2026 08:00,0.5
3386,Sunkesula Barrage_1,Andhra Pradesh SW,28,Andhra Pradesh,511,KURNOOL,-,-,-,-,-,-,-,-,-,15.88000000,77.83000000,11-08-2026 22:00,0.5
3387,Sunkesula Barrage_1,Andhra Pradesh SW,28,Andhra Pradesh,511,KURNOOL,-,-,-,-,-,-,-,-,-,15.88000000,77.83000000,14-08-2026 20:00,6
3388,Sunkesula Barrage_1,Andhra Pradesh SW,28,Andhra Pradesh,511,KURNOOL,-,-,-,-,-,-,-,-,-,15.88000000,77.83000000,15-08-2026 07:00,0.5
3389,Sunkesula Barrage_1,Andhra Pradesh SW,28,Andhra Pradesh,511,KURNOOL,-,-,-,-,-,-,-,-,-,15.88000000,77.83000000,18-08-2026 09:00,0.5
3390,Sunkesula Barrage_1,Andhra Pradesh SW,28,Andhra Pradesh,511,KURNOOL,-,-,-,-,-,-,-,-,-,15.88000000,77.83000000,18-08-2026 18:00,2
3391,Sunkesula Barrage_1,Andhra Pradesh SW,28,Andhra Pradesh,511,KURNOOL,-,-,-,-,-,-,-,-,-,15.88000000,77.83000000,18-08-2026 21:00,2.5
3392,Sunkesula Barrage_1,Andhra Pradesh SW,28,Andhra Pradesh,511,KURNOOL,-,-,-,-,-,-,-,-,-,15.88000000,77.83000000,18-08-2026 22:00,0.5
3393,Sunkesula Barrage_1,Andhra Pradesh SW,28,Andhra Pradesh,511,KURNOOL,-,-,-,-,-,-,-,-,-,15.88000000,77.83000000,19-08-2026 13:00,0.5
3394,Sunkesula Barrage_1,Andhra Pradesh SW,28,Andhra Pradesh,511,KURNOOL,-,-,-,-,-,-,-,-,-,15.88000000,77.83000000,21-08-2026 10:00,0.5
3395,Sunkesula Barrage_1,Andhra Pradesh SW,28,Andhra Pradesh,511,KURNOOL,-,-,-,-,-,-,-,-,-,15.88000000,77.83000000,22-08-2026 20:00,5.5
3396,Sunkesula Barrage_1,Andhra Pradesh SW,28,Andhra Pradesh,511,KURNOOL,-,-,-,-,-,-,-,-,-,15.88000000,77.83000000,25-08-2026 09:00,0.5
3397,Sunkesula Barrage_1,Andhra Pradesh SW,28,Andhra Pradesh,511,KURNOOL,-,-,-,-,-,-,-,-,-,15.88000000,77.83000000,26-08-2026 21:00,0.5
3398,Sunkesula Barrage_1,Andhra Pradesh SW,28,Andhra Pradesh,511,KURNOOL,-,-,-,-,-,-,-,-,-,15.88000000,77.83000000,26-08-2026 21:00,0.5
3399,Sunkesula Barrage_1,Andhra Pradesh SW,28,Andhra Pradesh,511,KURNOOL,-,-,-,-,-,-,-,-,-,15.88000000,77.83000000,27-08-2026 08:00,0.5
3400,Sunkesula Barrage_1,Andhra Pradesh SW,28,Andhra Pradesh,511,KURNOOL,-,-,-,-,-,-,-,-,-,15.88000000,77.83000000,27-08-2026 08:00,0.5
3401,Tadipudi Reservoir,Andhra Pradesh SW,28,Andhra Pradesh,521,VIZIANAGARAM,SRUNGAVARAPUKOTA,-,-,Gostani,East flowing rivers between Mahanadi and Pennar,-,-,-,Gostani,18.17194444,83.19277778,24-02-2026 09:00,0.5
3402,Tadipudi Reservoir,Andhra Pradesh SW,28,Andhra Pradesh,521,VIZIANAGARAM,SRUNGAVARAPUKOTA,-,-,Gostani,East flowing rivers between Mahanadi and Pennar,-,-,-,Gostani,18.17194444,83.19277778,05-04-2026 20:00,0.5
3403,Tadipudi Reservoir,Andhra Pradesh SW,28,Andhra Pradesh,521,VIZIANAGARAM,SRUNGAVARAPUKOTA,-,-,Gostani,East flowing rivers between Mahanadi and Pennar,-,-,-,Gostani,18.17194444,83.19277778,05-04-2026 21:00,0.5
3404,Tadipudi Reservoir,Andhra Pradesh SW,28,Andhra Pradesh,521,VIZIANAGARAM,SRUNGAVARAPUKOTA,-,-,Gostani,East flowing rivers between Mahanadi and Pennar,-,-,-,Gostani,18.17194444,83.19277778,07-04-2026 15:00,0.5
3405,Tadipudi Reservoir,Andhra Pradesh SW,28,Andhra Pradesh,521,VIZIANAGARAM,SRUNGAVARAPUKOTA,-,-,Gostani,East flowing rivers between Mahanadi and Pennar,-,-,-,Gostani,18.17194444,83.19277778,01-06-2026 02:00,2.5
3406,Tadipudi Reservoir,Andhra Pradesh SW,28,Andhra Pradesh,521,VIZIANAGARAM,SRUNGAVARAPUKOTA,-,-,Gostani,East flowing rivers between Mahanadi and Pennar,-,-,-,Gostani,18.17194444,83.19277778,01-06-2026 04:00,0.5
3407,Tadipudi Reservoir,Andhra Pradesh SW,28,Andhra Pradesh,521,VIZIANAGARAM,SRUNGAVARAPUKOTA,-,-,Gostani,East flowing rivers between Mahanadi and Pennar,-,-,-,Gostani,18.17194444,83.19277778,01-06-2026 05:00,0.5
3408,Tadipudi Reservoir,Andhra Pradesh SW,28,Andhra Pradesh,521,VIZIANAGARAM,SRUNGAVARAPUKOTA,-,-,Gostani,East flowing rivers between Mahanadi and Pennar,-,-,-,Gostani,18.17194444,83.19277778,01-06-2026 06:00,0.5
3409,Tadipudi Reservoir,Andhra Pradesh SW,28,Andhra Pradesh,521,VIZIANAGARAM,SRUNGAVARAPUKOTA,-,-,Gostani,East flowing rivers between Mahanadi and Pennar,-,-,-,Gostani,18.17194444,83.19277778,01-06-2026 07:00,0.5
3410,Tadipudi Reservoir,Andhra Pradesh SW,28,Andhra Pradesh,521,VIZIANAGARAM,SRUNGAVARAPUKOTA,-,-,Gostani,East flowing rivers between Mahanadi and Pennar,-,-,-,Gostani,18.17194444,83.19277778,01-06-2026 08:00,0.5
3411,Tadipudi Reservoir,Andhra Pradesh SW,28,Andhra Pradesh,521,VIZIANAGARAM,SRUNGAVARAPUKOTA,-,-,Gostani,East flowing rivers between Mahanadi and Pennar,-,-,-,Gostani,18.17194444,83.19277778,01-06-2026 09:00,0.5
3412,Tandava Reservoir,Andhra Pradesh SW,28,Andhra Pradesh,520,VISAKHAPATNAM,NATAVARAM,-,-,Tandava,East flowing rivers between Mahanadi and Pennar,-,-,-,Tandava,17.61611111,83.46444444,09-04-2026 16:00,3
3413,Tandava Reservoir,Andhra Pradesh SW,28,Andhra Pradesh,520,VISAKHAPATNAM,NATAVARAM,-,-,Tandava,East flowing rivers between Mahanadi and Pennar,-,-,-,Tandava,17.61611111,83.46444444,09-04-2026 17:00,1.5
3414,Tandava Reservoir,Andhra Pradesh SW,28,Andhra Pradesh,520,VISAKHAPATNAM,NATAVARAM,-,-,Tandava,East flowing rivers between Mahanadi and Pennar,-,-,-,Tandava,17.61611111,83.46444444,09-04-2026 18:00,0.5
3415,Tandava Reservoir,Andhra Pradesh SW,28,Andhra Pradesh,520,VISAKHAPATNAM,NATAVARAM,-,-,Tandava,East flowing rivers between Mahanadi and Pennar,-,-,-,Tandava,17.61611111,83.46444444,09-04-2026 19:00,0.5
3416,Tandava Reservoir,Andhra Pradesh SW,28,Andhra Pradesh,520,VISAKHAPATNAM,NATAVARAM,-,-,Tandava,East flowing rivers between Mahanadi and Pennar,-,-,-,Tandava,17.61611111,83.46444444,09-04-2026 21:00,0.5
3417,Tandava Reservoir,Andhra Pradesh SW,28,Andhra Pradesh,520,VISAKHAPATNAM,NATAVARAM,-,-,Tandava,East flowing rivers between Mahanadi and Pennar,-,-,-,Tandava,17.61611111,83.46444444,11-04-2026 17:00,1
3418,Tandava Reservoir,Andhra Pradesh SW,28,Andhra Pradesh,520,VISAKHAPATNAM,NATAVARAM,-,-,Tandava,East flowing rivers between Mahanadi and Pennar,-,-,-,Tandava,17.61611111,83.46444444,11-04-2026 18:00,0.5
3419,Tandava Reservoir,Andhra Pradesh SW,28,Andhra Pradesh,520,VISAKHAPATNAM,NATAVARAM,-,-,Tandava,East flowing rivers between Mahanadi and Pennar,-,-,-,Tandava,17.61611111,83.46444444,11-04-2026 20:00,0.5
3420,Tandava Reservoir,Andhra Pradesh SW,28,Andhra Pradesh,520,VISAKHAPATNAM,NATAVARAM,-,-,Tandava,East flowing rivers between Mahanadi and Pennar,-,-,-,Tandava,17.61611111,83.46444444,12-04-2026 09:00,0.5
3421,Tandava Reservoir,Andhra Pradesh SW,28,Andhra Pradesh,520,VISAKHAPATNAM,NATAVARAM,-,-,Tandava,East flowing rivers between Mahanadi and Pennar,-,-,-,Tandava,17.61611111,83.46444444,14-04-2026 00:00,0.5
3422,Tandava Reservoir,Andhra Pradesh SW,28,Andhra Pradesh,520,VISAKHAPATNAM,NATAVARAM,-,-,Tandava,East flowing rivers between Mahanadi and Pennar,-,-,-,Tandava,17.61611111,83.46444444,17-04-2026 15:00,1.5
3423,Tandava Reservoir,Andhra Pradesh SW,28,Andhra Pradesh,520,VISAKHAPATNAM,NATAVARAM,-,-,Tandava,East flowing rivers between Mahanadi and Pennar,-,-,-,Tandava,17.61611111,83.46444444,17-04-2026 16:00,1
3424,Tandava Reservoir,Andhra Pradesh SW,28,Andhra Pradesh,520,VISAKHAPATNAM,NATAVARAM,-,-,Tandava,East flowing rivers between Mahanadi and Pennar,-,-,-,Tandava,17.61611111,83.46444444,17-04-2026 17:00,0.5
3425,Tandava Reservoir,Andhra Pradesh SW,28,Andhra Pradesh,520,VISAKHAPATNAM,NATAVARAM,-,-,Tandava,East flowing rivers between Mahanadi and Pennar,-,-,-,Tandava,17.61611111,83.46444444,17-04-2026 18:00,0.5
3426,Tandava Reservoir,Andhra Pradesh SW,28,Andhra Pradesh,520,VISAKHAPATNAM,NATAVARAM,-,-,Tandava,East flowing rivers between Mahanadi and Pennar,-,-,-,Tandava,17.61611111,83.46444444,17-04-2026 22:00,0.5
3427,Tandava Reservoir,Andhra Pradesh SW,28,Andhra Pradesh,520,VISAKHAPATNAM,NATAVARAM,-,-,Tandava,East flowing rivers between Mahanadi and Pennar,-,-,-,Tandava,17.61611111,83.46444444,19-04-2026 01:00,0.5
3428,Tandava Reservoir,Andhra Pradesh SW,28,Andhra Pradesh,520,VISAKHAPATNAM,NATAVARAM,-,-,Tandava,East flowing rivers between Mahanadi and Pennar,-,-,-,Tandava,17.61611111,83.46444444,22-04-2026 04:00,0.5
3429,Tandava Reservoir,Andhra Pradesh SW,28,Andhra Pradesh,520,VISAKHAPATNAM,NATAVARAM,-,-,Tandava,East flowing rivers between Mahanadi and Pennar,-,-,-,Tandava,17.61611111,83.46444444,24-04-2026 14:00,0.5
3430,Tandava Reservoir,Andhra Pradesh SW,28,Andhra Pradesh,520,VISAKHAPATNAM,NATAVARAM,-,-,Tandava,East flowing rivers between Mahanadi and Pennar,-,-,-,Tandava,17.61611111,83.46444444,26-04-2026 00:00,0.5
3431,Tandava Reservoir,Andhra Pradesh SW,28,Andhra Pradesh,520,VISAKHAPATNAM,NATAVARAM,-,-,Tandava,East flowing rivers between Mahanadi and Pennar,-,-,-,Tandava,17.61611111,83.46444444,27-04-2026 05:00,0.5
3432,Tandava Reservoir,Andhra Pradesh SW,28,Andhra Pradesh,520,VISAKHAPATNAM,NATAVARAM,-,-,Tandava,East flowing rivers between Mahanadi and Pennar,-,-,-,Tandava,17.61611111,83.46444444,27-04-2026 06:00,0.5
3433,Tandava Reservoir,Andhra Pradesh SW,28,Andhra Pradesh,520,VISAKHAPATNAM,NATAVARAM,-,-,Tandava,East flowing rivers between Mahanadi and Pennar,-,-,-,Tandava,17.61611111,83.46444444,27-04-2026 07:00,0.5
3434,Tandava Reservoir,Andhra Pradesh SW,28,Andhra Pradesh,520,VISAKHAPATNAM,NATAVARAM,-,-,Tandava,East flowing rivers between Mahanadi and Pennar,-,-,-,Tandava,17.61611111,83.46444444,27-04-2026 08:00,0.5
3435,Tandava Reservoir,Andhra Pradesh SW,28,Andhra Pradesh,520,VISAKHAPATNAM,NATAVARAM,-,-,Tandava,East flowing rivers between Mahanadi and Pennar,-,-,-,Tandava,17.61611111,83.46444444,28-04-2026 19:00,0.5
3436,Tandava Reservoir,Andhra Pradesh SW,28,Andhra Pradesh,520,VISAKHAPATNAM,NATAVARAM,-,-,Tandava,East flowing rivers between Mahanadi and Pennar,-,-,-,Tandava,17.61611111,83.46444444,30-04-2026 08:00,0.5
3437,Tandava Reservoir,Andhra Pradesh SW,28,Andhra Pradesh,520,VISAKHAPATNAM,NATAVARAM,-,-,Tandava,East flowing rivers between Mahanadi and Pennar,-,-,-,Tandava,17.61611111,83.46444444,02-05-2026 02:00,0.5
3438,Tandava Reservoir,Andhra Pradesh SW,28,Andhra Pradesh,520,VISAKHAPATNAM,NATAVARAM,-,-,Tandava,East flowing rivers between Mahanadi and Pennar,-,-,-,Tandava,17.61611111,83.46444444,04-05-2026 04:00,0.5
3439,Tandava Reservoir,Andhra Pradesh SW,28,Andhra Pradesh,520,VISAKHAPATNAM,NATAVARAM,-,-,Tandava,East flowing rivers between Mahanadi and Pennar,-,-,-,Tandava,17.61611111,83.46444444,06-05-2026 06:00,0.5
3440,Tandava Reservoir,Andhra Pradesh SW,28,Andhra Pradesh,520,VISAKHAPATNAM,NATAVARAM,-,-,Tandava,East flowing rivers between Mahanadi and Pennar,-,-,-,Tandava,17.61611111,83.46444444,10-05-2026 15:00,7.5
3441,Tandava Reservoir,Andhra Pradesh SW,28,Andhra Pradesh,520,VISAKHAPATNAM,NATAVARAM,-,-,Tandava,East flowing rivers between Mahanadi and Pennar,-,-,-,Tandava,17.61611111,83.46444444,10-05-2026 16:00,17
3442,Tandava Reservoir,Andhra Pradesh SW,28,Andhra Pradesh,520,VISAKHAPATNAM,NATAVARAM,-,-,Tandava,East flowing rivers between Mahanadi and Pennar,-,-,-,Tandava,17.61611111,83.46444444,30-05-2026 16:00,0.5
3443,Tandava Reservoir,Andhra Pradesh SW,28,Andhra Pradesh,520,VISAKHAPATNAM,NATAVARAM,-,-,Tandava,East flowing rivers between Mahanadi and Pennar,-,-,-,Tandava,17.61611111,83.46444444,30-05-2026 19:00,0.5
3444,Tandava Reservoir,Andhra Pradesh SW,28,Andhra Pradesh,520,VISAKHAPATNAM,NATAVARAM,-,-,Tandava,East flowing rivers between Mahanadi and Pennar,-,-,-,Tandava,17.61611111,83.46444444,24-08-2026 09:00,344.5
3445,Tandava Reservoir,Andhra Pradesh SW,28,Andhra Pradesh,520,VISAKHAPATNAM,NATAVARAM,-,-,Tandava,East flowing rivers between Mahanadi and Pennar,-,-,-,Tandava,17.61611111,83.46444444,24-08-2026 17:00,347.5
3446,Tandava Reservoir,Andhra Pradesh SW,28,Andhra Pradesh,520,VISAKHAPATNAM,NATAVARAM,-,-,Tandava,East flowing rivers between Mahanadi and Pennar,-,-,-,Tandava,17.61611111,83.46444444,25-08-2026 11:00,347
3447,Tandava Reservoir,Andhra Pradesh SW,28,Andhra Pradesh,520,VISAKHAPATNAM,NATAVARAM,-,-,Tandava,East flowing rivers between Mahanadi and Pennar,-,-,-,Tandava,17.61611111,83.46444444,25-08-2026 13:00,362
3448,Tandava Reservoir,Andhra Pradesh SW,28,Andhra Pradesh,520,VISAKHAPATNAM,NATAVARAM,-,-,Tandava,East flowing rivers between Mahanadi and Pennar,-,-,-,Tandava,17.61611111,83.46444444,26-08-2026 09:00,362.5
3449,Tandava Reservoir,Andhra Pradesh SW,28,Andhra Pradesh,520,VISAKHAPATNAM,NATAVARAM,-,-,Tandava,East flowing rivers between Mahanadi and Pennar,-,-,-,Tandava,17.61611111,83.46444444,26-08-2026 10:00,368
3450,Tandava Reservoir,Andhra Pradesh SW,28,Andhra Pradesh,520,VISAKHAPATNAM,NATAVARAM,-,-,Tandava,East flowing rivers between Mahanadi and Pennar,-,-,-,Tandava,17.61611111,83.46444444,26-08-2026 11:00,370.5
3451,Tandava Reservoir,Andhra Pradesh SW,28,Andhra Pradesh,520,VISAKHAPATNAM,NATAVARAM,-,-,Tandava,East flowing rivers between Mahanadi and Pennar,-,-,-,Tandava,17.61611111,83.46444444,26-08-2026 14:00,373
3452,Tandava Reservoir,Andhra Pradesh SW,28,Andhra Pradesh,520,VISAKHAPATNAM,NATAVARAM,-,-,Tandava,East flowing rivers between Mahanadi and Pennar,-,-,-,Tandava,17.61611111,83.46444444,26-08-2026 20:00,344
3453,Tandava Reservoir,Andhra Pradesh SW,28,Andhra Pradesh,520,VISAKHAPATNAM,NATAVARAM,-,-,Tandava,East flowing rivers between Mahanadi and Pennar,-,-,-,Tandava,17.61611111,83.46444444,27-08-2026 10:00,354.5
3454,Tandava Reservoir,Andhra Pradesh SW,28,Andhra Pradesh,520,VISAKHAPATNAM,NATAVARAM,-,-,Tandava,East flowing rivers between Mahanadi and Pennar,-,-,-,Tandava,17.61611111,83.46444444,27-08-2026 16:00,352.5
3455,Upper Pennar_1,Andhra Pradesh SW,28,Andhra Pradesh,502,ANANTHAPURAMU,-,-,-,-,-,-,-,-,-,14.34000000,77.35000000,17-03-2026 23:00,2.5
3456,Upper Pennar_1,Andhra Pradesh SW,28,Andhra Pradesh,502,ANANTHAPURAMU,-,-,-,-,-,-,-,-,-,14.34000000,77.35000000,18-03-2026 00:00,0.5
3457,Upper Pennar_1,Andhra Pradesh SW,28,Andhra Pradesh,502,ANANTHAPURAMU,-,-,-,-,-,-,-,-,-,14.34000000,77.35000000,18-03-2026 22:00,1
3458,Upper Pennar_1,Andhra Pradesh SW,28,Andhra Pradesh,502,ANANTHAPURAMU,-,-,-,-,-,-,-,-,-,14.34000000,77.35000000,31-03-2026 17:00,1.5
3459,Upper Pennar_1,Andhra Pradesh SW,28,Andhra Pradesh,502,ANANTHAPURAMU,-,-,-,-,-,-,-,-,-,14.34000000,77.35000000,31-03-2026 18:00,0.5
3460,Upper Pennar_1,Andhra Pradesh SW,28,Andhra Pradesh,502,ANANTHAPURAMU,-,-,-,-,-,-,-,-,-,14.34000000,77.35000000,31-03-2026 19:00,0.5
3461,Upper Pennar_1,Andhra Pradesh SW,28,Andhra Pradesh,502,ANANTHAPURAMU,-,-,-,-,-,-,-,-,-,14.34000000,77.35000000,31-03-2026 20:00,0.5
3462,Upper Pennar_1,Andhra Pradesh SW,28,Andhra Pradesh,502,ANANTHAPURAMU,-,-,-,-,-,-,-,-,-,14.34000000,77.35000000,28-04-2026 23:00,5
3463,Upper Pennar_1,Andhra Pradesh SW,28,Andhra Pradesh,502,ANANTHAPURAMU,-,-,-,-,-,-,-,-,-,14.34000000,77.35000000,28-04-2026 23:00,5
3464,Upper Pennar_1,Andhra Pradesh SW,28,Andhra Pradesh,502,ANANTHAPURAMU,-,-,-,-,-,-,-,-,-,14.34000000,77.35000000,01-05-2026 03:00,6
3465,Upper Pennar_1,Andhra Pradesh SW,28,Andhra Pradesh,502,ANANTHAPURAMU,-,-,-,-,-,-,-,-,-,14.34000000,77.35000000,01-05-2026 03:00,6
3466,Upper Pennar_1,Andhra Pradesh SW,28,Andhra Pradesh,502,ANANTHAPURAMU,-,-,-,-,-,-,-,-,-,14.34000000,77.35000000,18-05-2026 23:00,5.5
3467,Upper Pennar_1,Andhra Pradesh SW,28,Andhra Pradesh,502,ANANTHAPURAMU,-,-,-,-,-,-,-,-,-,14.34000000,77.35000000,19-05-2026 00:00,0.5
3468,Upper Pennar_1,Andhra Pradesh SW,28,Andhra Pradesh,502,ANANTHAPURAMU,-,-,-,-,-,-,-,-,-,14.34000000,77.35000000,22-05-2026 03:00,18.5
3469,Upper Pennar_1,Andhra Pradesh SW,28,Andhra Pradesh,502,ANANTHAPURAMU,-,-,-,-,-,-,-,-,-,14.34000000,77.35000000,22-05-2026 04:00,5.5
3470,Upper Pennar_1,Andhra Pradesh SW,28,Andhra Pradesh,502,ANANTHAPURAMU,-,-,-,-,-,-,-,-,-,14.34000000,77.35000000,22-05-2026 05:00,2
3471,Upper Pennar_1,Andhra Pradesh SW,28,Andhra Pradesh,502,ANANTHAPURAMU,-,-,-,-,-,-,-,-,-,14.34000000,77.35000000,22-05-2026 06:00,3
3472,Upper Pennar_1,Andhra Pradesh SW,28,Andhra Pradesh,502,ANANTHAPURAMU,-,-,-,-,-,-,-,-,-,14.34000000,77.35000000,22-05-2026 07:00,1
3473,Upper Pennar_1,Andhra Pradesh SW,28,Andhra Pradesh,502,ANANTHAPURAMU,-,-,-,-,-,-,-,-,-,14.34000000,77.35000000,27-05-2026 00:00,3.5
3474,Upper Pennar_1,Andhra Pradesh SW,28,Andhra Pradesh,502,ANANTHAPURAMU,-,-,-,-,-,-,-,-,-,14.34000000,77.35000000,27-05-2026 01:00,11
3475,Upper Pennar_1,Andhra Pradesh SW,28,Andhra Pradesh,502,ANANTHAPURAMU,-,-,-,-,-,-,-,-,-,14.34000000,77.35000000,30-05-2026 01:00,18.5
3476,Upper Pennar_1,Andhra Pradesh SW,28,Andhra Pradesh,502,ANANTHAPURAMU,-,-,-,-,-,-,-,-,-,14.34000000,77.35000000,30-05-2026 02:00,2.5
3477,Upper Pennar_1,Andhra Pradesh SW,28,Andhra Pradesh,502,ANANTHAPURAMU,-,-,-,-,-,-,-,-,-,14.34000000,77.35000000,30-05-2026 19:00,1.5
3478,Upper Pennar_1,Andhra Pradesh SW,28,Andhra Pradesh,502,ANANTHAPURAMU,-,-,-,-,-,-,-,-,-,14.34000000,77.35000000,30-05-2026 20:00,0.5
3479,Upper Pennar_1,Andhra Pradesh SW,28,Andhra Pradesh,502,ANANTHAPURAMU,-,-,-,-,-,-,-,-,-,14.34000000,77.35000000,30-05-2026 21:00,0.5
3480,Upper Pennar_1,Andhra Pradesh SW,28,Andhra Pradesh,502,ANANTHAPURAMU,-,-,-,-,-,-,-,-,-,14.34000000,77.35000000,31-05-2026 11:00,0.5
3481,Upper Pennar_1,Andhra Pradesh SW,28,Andhra Pradesh,502,ANANTHAPURAMU,-,-,-,-,-,-,-,-,-,14.34000000,77.35000000,02-06-2026 23:00,12
3482,Upper Pennar_1,Andhra Pradesh SW,28,Andhra Pradesh,502,ANANTHAPURAMU,-,-,-,-,-,-,-,-,-,14.34000000,77.35000000,03-06-2026 00:00,39
3483,Upper Pennar_1,Andhra Pradesh SW,28,Andhra Pradesh,502,ANANTHAPURAMU,-,-,-,-,-,-,-,-,-,14.34000000,77.35000000,03-06-2026 01:00,13.5
3484,Upper Pennar_1,Andhra Pradesh SW,28,Andhra Pradesh,502,ANANTHAPURAMU,-,-,-,-,-,-,-,-,-,14.34000000,77.35000000,05-06-2026 17:00,2
3485,Upper Pennar_1,Andhra Pradesh SW,28,Andhra Pradesh,502,ANANTHAPURAMU,-,-,-,-,-,-,-,-,-,14.34000000,77.35000000,06-06-2026 08:00,0.5
3486,Upper Pennar_1,Andhra Pradesh SW,28,Andhra Pradesh,502,ANANTHAPURAMU,-,-,-,-,-,-,-,-,-,14.34000000,77.35000000,06-06-2026 19:00,1.5
3487,Upper Pennar_1,Andhra Pradesh SW,28,Andhra Pradesh,502,ANANTHAPURAMU,-,-,-,-,-,-,-,-,-,14.34000000,77.35000000,06-06-2026 20:00,1
3488,Upper Pennar_1,Andhra Pradesh SW,28,Andhra Pradesh,502,ANANTHAPURAMU,-,-,-,-,-,-,-,-,-,14.34000000,77.35000000,06-06-2026 21:00,0.5
3489,Upper Pennar_1,Andhra Pradesh SW,28,Andhra Pradesh,502,ANANTHAPURAMU,-,-,-,-,-,-,-,-,-,14.34000000,77.35000000,07-06-2026 23:00,0.5
3490,Upper Pennar_1,Andhra Pradesh SW,28,Andhra Pradesh,502,ANANTHAPURAMU,-,-,-,-,-,-,-,-,-,14.34000000,77.35000000,10-06-2026 08:00,0.5
3491,Upper Pennar_1,Andhra Pradesh SW,28,Andhra Pradesh,502,ANANTHAPURAMU,-,-,-,-,-,-,-,-,-,14.34000000,77.35000000,13-06-2026 00:00,1
3492,Upper Pennar_1,Andhra Pradesh SW,28,Andhra Pradesh,502,ANANTHAPURAMU,-,-,-,-,-,-,-,-,-,14.34000000,77.35000000,13-06-2026 09:00,2.5
3493,Upper Pennar_1,Andhra Pradesh SW,28,Andhra Pradesh,502,ANANTHAPURAMU,-,-,-,-,-,-,-,-,-,14.34000000,77.35000000,14-06-2026 04:00,2.5
3494,Upper Pennar_1,Andhra Pradesh SW,28,Andhra Pradesh,502,ANANTHAPURAMU,-,-,-,-,-,-,-,-,-,14.34000000,77.35000000,14-06-2026 07:00,5
3495,Upper Pennar_1,Andhra Pradesh SW,28,Andhra Pradesh,502,ANANTHAPURAMU,-,-,-,-,-,-,-,-,-,14.34000000,77.35000000,14-06-2026 08:00,3.5
3496,Upper Pennar_1,Andhra Pradesh SW,28,Andhra Pradesh,502,ANANTHAPURAMU,-,-,-,-,-,-,-,-,-,14.34000000,77.35000000,14-06-2026 09:00,0.5
3497,Upper Pennar_1,Andhra Pradesh SW,28,Andhra Pradesh,502,ANANTHAPURAMU,-,-,-,-,-,-,-,-,-,14.34000000,77.35000000,19-06-2026 10:00,0.5
3498,Upper Pennar_1,Andhra Pradesh SW,28,Andhra Pradesh,502,ANANTHAPURAMU,-,-,-,-,-,-,-,-,-,14.34000000,77.35000000,29-06-2026 18:00,0.5
3499,Upper Pennar_1,Andhra Pradesh SW,28,Andhra Pradesh,502,ANANTHAPURAMU,-,-,-,-,-,-,-,-,-,14.34000000,77.35000000,08-07-2026 17:00,0.5
3500,Upper Pennar_1,Andhra Pradesh SW,28,Andhra Pradesh,502,ANANTHAPURAMU,-,-,-,-,-,-,-,-,-,14.34000000,77.35000000,08-07-2026 18:00,1
3501,Upper Pennar_1,Andhra Pradesh SW,28,Andhra Pradesh,502,ANANTHAPURAMU,-,-,-,-,-,-,-,-,-,14.34000000,77.35000000,19-07-2026 17:00,0.5
3502,Upper Pennar_1,Andhra Pradesh SW,28,Andhra Pradesh,502,ANANTHAPURAMU,-,-,-,-,-,-,-,-,-,14.34000000,77.35000000,20-07-2026 19:00,0.5
3503,Upper Pennar_1,Andhra Pradesh SW,28,Andhra Pradesh,502,ANANTHAPURAMU,-,-,-,-,-,-,-,-,-,14.34000000,77.35000000,22-07-2026 10:00,0.5
3504,Upper Pennar_1,Andhra Pradesh SW,28,Andhra Pradesh,502,ANANTHAPURAMU,-,-,-,-,-,-,-,-,-,14.34000000,77.35000000,23-07-2026 18:00,0.5
3505,Upper Pennar_1,Andhra Pradesh SW,28,Andhra Pradesh,502,ANANTHAPURAMU,-,-,-,-,-,-,-,-,-,14.34000000,77.35000000,27-07-2026 09:00,0.5
3506,Upper Pennar_1,Andhra Pradesh SW,28,Andhra Pradesh,502,ANANTHAPURAMU,-,-,-,-,-,-,-,-,-,14.34000000,77.35000000,01-08-2026 18:00,4
3507,Upper Pennar_1,Andhra Pradesh SW,28,Andhra Pradesh,502,ANANTHAPURAMU,-,-,-,-,-,-,-,-,-,14.34000000,77.35000000,08-08-2026 17:00,0.5
3508,Upper Pennar_1,Andhra Pradesh SW,28,Andhra Pradesh,502,ANANTHAPURAMU,-,-,-,-,-,-,-,-,-,14.34000000,77.35000000,09-08-2026 12:00,0.5
3509,Upper Pennar_1,Andhra Pradesh SW,28,Andhra Pradesh,502,ANANTHAPURAMU,-,-,-,-,-,-,-,-,-,14.34000000,77.35000000,11-08-2026 18:00,8.5
3510,Upper Pennar_1,Andhra Pradesh SW,28,Andhra Pradesh,502,ANANTHAPURAMU,-,-,-,-,-,-,-,-,-,14.34000000,77.35000000,12-08-2026 17:00,0.5
3511,Upper Pennar_1,Andhra Pradesh SW,28,Andhra Pradesh,502,ANANTHAPURAMU,-,-,-,-,-,-,-,-,-,14.34000000,77.35000000,12-08-2026 18:00,0.5
3512,Upper Pennar_1,Andhra Pradesh SW,28,Andhra Pradesh,502,ANANTHAPURAMU,-,-,-,-,-,-,-,-,-,14.34000000,77.35000000,13-08-2026 18:00,11.5
3513,Upper Pennar_1,Andhra Pradesh SW,28,Andhra Pradesh,502,ANANTHAPURAMU,-,-,-,-,-,-,-,-,-,14.34000000,77.35000000,13-08-2026 19:00,0.5
3514,Upper Pennar_1,Andhra Pradesh SW,28,Andhra Pradesh,502,ANANTHAPURAMU,-,-,-,-,-,-,-,-,-,14.34000000,77.35000000,15-08-2026 20:00,1
3515,Upper Pennar_1,Andhra Pradesh SW,28,Andhra Pradesh,502,ANANTHAPURAMU,-,-,-,-,-,-,-,-,-,14.34000000,77.35000000,24-08-2026 13:00,0.5
3516,Upper Pennar_1,Andhra Pradesh SW,28,Andhra Pradesh,502,ANANTHAPURAMU,-,-,-,-,-,-,-,-,-,14.34000000,77.35000000,25-08-2026 11:00,0.5
3517,Upper Pennar_1,Andhra Pradesh SW,28,Andhra Pradesh,502,ANANTHAPURAMU,-,-,-,-,-,-,-,-,-,14.34000000,77.35000000,25-08-2026 11:00,0.5
3518,Upper Pennar_1,Andhra Pradesh SW,28,Andhra Pradesh,502,ANANTHAPURAMU,-,-,-,-,-,-,-,-,-,14.34000000,77.35000000,25-08-2026 12:00,0.5
3519,Upper Pennar_1,Andhra Pradesh SW,28,Andhra Pradesh,502,ANANTHAPURAMU,-,-,-,-,-,-,-,-,-,14.34000000,77.35000000,25-08-2026 12:00,0.5
3520,Veligallu Project,Andhra Pradesh SW,28,Andhra Pradesh,504,CUDDAPAH,GALIVEEDU,-,-,Pennar,Pennar,-,-,-,Pennar,14.03250000,78.47666667,19-03-2026 11:00,0.5
3521,Veligallu Project,Andhra Pradesh SW,28,Andhra Pradesh,504,CUDDAPAH,GALIVEEDU,-,-,Pennar,Pennar,-,-,-,Pennar,14.03250000,78.47666667,24-04-2026 17:00,2.5
3522,Veligallu Project,Andhra Pradesh SW,28,Andhra Pradesh,504,CUDDAPAH,GALIVEEDU,-,-,Pennar,Pennar,-,-,-,Pennar,14.03250000,78.47666667,26-04-2026 11:00,0.5
3523,Veligallu Project,Andhra Pradesh SW,28,Andhra Pradesh,504,CUDDAPAH,GALIVEEDU,-,-,Pennar,Pennar,-,-,-,Pennar,14.03250000,78.47666667,27-04-2026 14:00,0.5
3524,Veligallu Project,Andhra Pradesh SW,28,Andhra Pradesh,504,CUDDAPAH,GALIVEEDU,-,-,Pennar,Pennar,-,-,-,Pennar,14.03250000,78.47666667,04-05-2026 08:00,4
3525,Veligallu Project,Andhra Pradesh SW,28,Andhra Pradesh,504,CUDDAPAH,GALIVEEDU,-,-,Pennar,Pennar,-,-,-,Pennar,14.03250000,78.47666667,10-05-2026 11:00,6
3526,Veligallu Project,Andhra Pradesh SW,28,Andhra Pradesh,504,CUDDAPAH,GALIVEEDU,-,-,Pennar,Pennar,-,-,-,Pennar,14.03250000,78.47666667,11-05-2026 16:00,2
3527,Veligallu Project,Andhra Pradesh SW,28,Andhra Pradesh,504,CUDDAPAH,GALIVEEDU,-,-,Pennar,Pennar,-,-,-,Pennar,14.03250000,78.47666667,11-05-2026 17:00,0.5
3528,Veligallu Project,Andhra Pradesh SW,28,Andhra Pradesh,504,CUDDAPAH,GALIVEEDU,-,-,Pennar,Pennar,-,-,-,Pennar,14.03250000,78.47666667,11-05-2026 18:00,7
3529,Veligallu Project,Andhra Pradesh SW,28,Andhra Pradesh,504,CUDDAPAH,GALIVEEDU,-,-,Pennar,Pennar,-,-,-,Pennar,14.03250000,78.47666667,14-05-2026 07:00,6
3530,Veligallu Project,Andhra Pradesh SW,28,Andhra Pradesh,504,CUDDAPAH,GALIVEEDU,-,-,Pennar,Pennar,-,-,-,Pennar,14.03250000,78.47666667,14-05-2026 08:00,1
3531,Veligallu Project,Andhra Pradesh SW,28,Andhra Pradesh,504,CUDDAPAH,GALIVEEDU,-,-,Pennar,Pennar,-,-,-,Pennar,14.03250000,78.47666667,14-05-2026 09:00,0.5
3532,Veligallu Project,Andhra Pradesh SW,28,Andhra Pradesh,504,CUDDAPAH,GALIVEEDU,-,-,Pennar,Pennar,-,-,-,Pennar,14.03250000,78.47666667,20-05-2026 04:00,0.5
3533,Veligallu Project,Andhra Pradesh SW,28,Andhra Pradesh,504,CUDDAPAH,GALIVEEDU,-,-,Pennar,Pennar,-,-,-,Pennar,14.03250000,78.47666667,20-05-2026 05:00,2
3534,Veligallu Project,Andhra Pradesh SW,28,Andhra Pradesh,504,CUDDAPAH,GALIVEEDU,-,-,Pennar,Pennar,-,-,-,Pennar,14.03250000,78.47666667,20-05-2026 06:00,2.5
3535,Veligallu Project,Andhra Pradesh SW,28,Andhra Pradesh,504,CUDDAPAH,GALIVEEDU,-,-,Pennar,Pennar,-,-,-,Pennar,14.03250000,78.47666667,20-05-2026 07:00,2.5
3536,Veligallu Project,Andhra Pradesh SW,28,Andhra Pradesh,504,CUDDAPAH,GALIVEEDU,-,-,Pennar,Pennar,-,-,-,Pennar,14.03250000,78.47666667,20-05-2026 08:00,2.5
3537,Veligallu Project,Andhra Pradesh SW,28,Andhra Pradesh,504,CUDDAPAH,GALIVEEDU,-,-,Pennar,Pennar,-,-,-,Pennar,14.03250000,78.47666667,20-05-2026 09:00,2.5
3538,Veligallu Project,Andhra Pradesh SW,28,Andhra Pradesh,504,CUDDAPAH,GALIVEEDU,-,-,Pennar,Pennar,-,-,-,Pennar,14.03250000,78.47666667,26-05-2026 20:00,1
3539,Veligallu Project,Andhra Pradesh SW,28,Andhra Pradesh,504,CUDDAPAH,GALIVEEDU,-,-,Pennar,Pennar,-,-,-,Pennar,14.03250000,78.47666667,26-05-2026 21:00,0.5
3540,Veligallu Project,Andhra Pradesh SW,28,Andhra Pradesh,504,CUDDAPAH,GALIVEEDU,-,-,Pennar,Pennar,-,-,-,Pennar,14.03250000,78.47666667,26-05-2026 23:00,4.5
3541,Veligallu Project,Andhra Pradesh SW,28,Andhra Pradesh,504,CUDDAPAH,GALIVEEDU,-,-,Pennar,Pennar,-,-,-,Pennar,14.03250000,78.47666667,27-05-2026 00:00,2
3542,Veligallu Project,Andhra Pradesh SW,28,Andhra Pradesh,504,CUDDAPAH,GALIVEEDU,-,-,Pennar,Pennar,-,-,-,Pennar,14.03250000,78.47666667,29-05-2026 03:00,3
3543,Veligallu Project,Andhra Pradesh SW,28,Andhra Pradesh,504,CUDDAPAH,GALIVEEDU,-,-,Pennar,Pennar,-,-,-,Pennar,14.03250000,78.47666667,29-05-2026 04:00,2.5
3544,Veligallu Project,Andhra Pradesh SW,28,Andhra Pradesh,504,CUDDAPAH,GALIVEEDU,-,-,Pennar,Pennar,-,-,-,Pennar,14.03250000,78.47666667,29-05-2026 05:00,1.5
3545,Veligallu Project,Andhra Pradesh SW,28,Andhra Pradesh,504,CUDDAPAH,GALIVEEDU,-,-,Pennar,Pennar,-,-,-,Pennar,14.03250000,78.47666667,29-05-2026 06:00,2
3546,Veligallu Project,Andhra Pradesh SW,28,Andhra Pradesh,504,CUDDAPAH,GALIVEEDU,-,-,Pennar,Pennar,-,-,-,Pennar,14.03250000,78.47666667,29-05-2026 07:00,0.5
3547,Veligallu Project,Andhra Pradesh SW,28,Andhra Pradesh,504,CUDDAPAH,GALIVEEDU,-,-,Pennar,Pennar,-,-,-,Pennar,14.03250000,78.47666667,31-05-2026 01:00,3
3548,Veligallu Project,Andhra Pradesh SW,28,Andhra Pradesh,504,CUDDAPAH,GALIVEEDU,-,-,Pennar,Pennar,-,-,-,Pennar,14.03250000,78.47666667,31-05-2026 02:00,8.5
3549,Veligallu Project,Andhra Pradesh SW,28,Andhra Pradesh,504,CUDDAPAH,GALIVEEDU,-,-,Pennar,Pennar,-,-,-,Pennar,14.03250000,78.47666667,23-06-2026 11:00,0.5
3550,Yeleswaram,Andhra Pradesh SW,28,Andhra Pradesh,505,EAST GODAVARI,YELESWARAM,-,-,Eluru,East flowing rivers between Mahanadi and Pennar,-,-,-,Eluru,17.29333333,82.09694444,25-04-2026 19:00,0.5
3551,Yeleswaram,Andhra Pradesh SW,28,Andhra Pradesh,505,EAST GODAVARI,YELESWARAM,-,-,Eluru,East flowing rivers between Mahanadi and Pennar,-,-,-,Eluru,17.29333333,82.09694444,12-05-2026 06:00,1
3552,Yeleswaram,Andhra Pradesh SW,28,Andhra Pradesh,505,EAST GODAVARI,YELESWARAM,-,-,Eluru,East flowing rivers between Mahanadi and Pennar,-,-,-,Eluru,17.29333333,82.09694444,12-05-2026 07:00,1
3553,Yeleswaram,Andhra Pradesh SW,28,Andhra Pradesh,505,EAST GODAVARI,YELESWARAM,-,-,Eluru,East flowing rivers between Mahanadi and Pennar,-,-,-,Eluru,17.29333333,82.09694444,16-05-2026 09:00,1
3554,Yeleswaram,Andhra Pradesh SW,28,Andhra Pradesh,505,EAST GODAVARI,YELESWARAM,-,-,Eluru,East flowing rivers between Mahanadi and Pennar,-,-,-,Eluru,17.29333333,82.09694444,17-05-2026 20:00,2.5
3555,Yeleswaram,Andhra Pradesh SW,28,Andhra Pradesh,505,EAST GODAVARI,YELESWARAM,-,-,Eluru,East flowing rivers between Mahanadi and Pennar,-,-,-,Eluru,17.29333333,82.09694444,25-05-2026 09:00,0.5
3556,Yeleswaram,Andhra Pradesh SW,28,Andhra Pradesh,505,EAST GODAVARI,YELESWARAM,-,-,Eluru,East flowing rivers between Mahanadi and Pennar,-,-,-,Eluru,17.29333333,82.09694444,31-05-2026 09:00,0.5
3557,Yeleswaram,Andhra Pradesh SW,28,Andhra Pradesh,505,EAST GODAVARI,YELESWARAM,-,-,Eluru,East flowing rivers between Mahanadi and Pennar,-,-,-,Eluru,17.29333333,82.09694444,31-05-2026 10:00,0.5
3558,Yeleswaram,Andhra Pradesh SW,28,Andhra Pradesh,505,EAST GODAVARI,YELESWARAM,-,-,Eluru,East flowing rivers between Mahanadi and Pennar,-,-,-,Eluru,17.29333333,82.09694444,10-07-2026 06:00,1.5
3559,Yeleswaram,Andhra Pradesh SW,28,Andhra Pradesh,505,EAST GODAVARI,YELESWARAM,-,-,Eluru,East flowing rivers between Mahanadi and Pennar,-,-,-,Eluru,17.29333333,82.09694444,18-07-2026 05:00,0.5
3560,Yeleswaram,Andhra Pradesh SW,28,Andhra Pradesh,505,EAST GODAVARI,YELESWARAM,-,-,Eluru,East flowing rivers between Mahanadi and Pennar,-,-,-,Eluru,17.29333333,82.09694444,18-07-2026 16:00,0.5
3561,Yeleswaram,Andhra Pradesh SW,28,Andhra Pradesh,505,EAST GODAVARI,YELESWARAM,-,-,Eluru,East flowing rivers between Mahanadi and Pennar,-,-,-,Eluru,17.29333333,82.09694444,20-07-2026 05:00,0.5
3562,Yeleswaram,Andhra Pradesh SW,28,Andhra Pradesh,505,EAST GODAVARI,YELESWARAM,-,-,Eluru,East flowing rivers between Mahanadi and Pennar,-,-,-,Eluru,17.29333333,82.09694444,20-07-2026 07:00,0.5
3563,Yeleswaram,Andhra Pradesh SW,28,Andhra Pradesh,505,EAST GODAVARI,YELESWARAM,-,-,Eluru,East flowing rivers between Mahanadi and Pennar,-,-,-,Eluru,17.29333333,82.09694444,21-07-2026 03:00,1
3564,Yeleswaram,Andhra Pradesh SW,28,Andhra Pradesh,505,EAST GODAVARI,YELESWARAM,-,-,Eluru,East flowing rivers between Mahanadi and Pennar,-,-,-,Eluru,17.29333333,82.09694444,21-07-2026 19:00,0.5
3565,Yeleswaram,Andhra Pradesh SW,28,Andhra Pradesh,505,EAST GODAVARI,YELESWARAM,-,-,Eluru,East flowing rivers between Mahanadi and Pennar,-,-,-,Eluru,17.29333333,82.09694444,21-07-2026 20:00,0.5
3566,Yeleswaram,Andhra Pradesh SW,28,Andhra Pradesh,505,EAST GODAVARI,YELESWARAM,-,-,Eluru,East flowing rivers between Mahanadi and Pennar,-,-,-,Eluru,17.29333333,82.09694444,22-07-2026 01:00,0.5
3567,Yeleswaram,Andhra Pradesh SW,28,Andhra Pradesh,505,EAST GODAVARI,YELESWARAM,-,-,Eluru,East flowing rivers between Mahanadi and Pennar,-,-,-,Eluru,17.29333333,82.09694444,23-07-2026 05:00,1
3568,Yeleswaram,Andhra Pradesh SW,28,Andhra Pradesh,505,EAST GODAVARI,YELESWARAM,-,-,Eluru,East flowing rivers between Mahanadi and Pennar,-,-,-,Eluru,17.29333333,82.09694444,23-07-2026 17:00,0.5
3569,Yeleswaram,Andhra Pradesh SW,28,Andhra Pradesh,505,EAST GODAVARI,YELESWARAM,-,-,Eluru,East flowing rivers between Mahanadi and Pennar,-,-,-,Eluru,17.29333333,82.09694444,28-07-2026 04:00,0.5
3570,Yeleswaram,Andhra Pradesh SW,28,Andhra Pradesh,505,EAST GODAVARI,YELESWARAM,-,-,Eluru,East flowing rivers between Mahanadi and Pennar,-,-,-,Eluru,17.29333333,82.09694444,28-07-2026 06:00,0.5
3571,Yeleswaram,Andhra Pradesh SW,28,Andhra Pradesh,505,EAST GODAVARI,YELESWARAM,-,-,Eluru,East flowing rivers between Mahanadi and Pennar,-,-,-,Eluru,17.29333333,82.09694444,29-07-2026 10:00,0.5
3572,Yeleswaram,Andhra Pradesh SW,28,Andhra Pradesh,505,EAST GODAVARI,YELESWARAM,-,-,Eluru,East flowing rivers between Mahanadi and Pennar,-,-,-,Eluru,17.29333333,82.09694444,30-07-2026 00:00,0.5
3573,Yeleswaram,Andhra Pradesh SW,28,Andhra Pradesh,505,EAST GODAVARI,YELESWARAM,-,-,Eluru,East flowing rivers between Mahanadi and Pennar,-,-,-,Eluru,17.29333333,82.09694444,30-07-2026 06:00,3
3574,Yeleswaram,Andhra Pradesh SW,28,Andhra Pradesh,505,EAST GODAVARI,YELESWARAM,-,-,Eluru,East flowing rivers between Mahanadi and Pennar,-,-,-,Eluru,17.29333333,82.09694444,30-07-2026 07:00,1.5
3575,Yeleswaram,Andhra Pradesh SW,28,Andhra Pradesh,505,EAST GODAVARI,YELESWARAM,-,-,Eluru,East flowing rivers between Mahanadi and Pennar,-,-,-,Eluru,17.29333333,82.09694444,30-07-2026 08:00,0.5
3576,Yeleswaram,Andhra Pradesh SW,28,Andhra Pradesh,505,EAST GODAVARI,YELESWARAM,-,-,Eluru,East flowing rivers between Mahanadi and Pennar,-,-,-,Eluru,17.29333333,82.09694444,30-07-2026 14:00,4
3577,Yeleswaram,Andhra Pradesh SW,28,Andhra Pradesh,505,EAST GODAVARI,YELESWARAM,-,-,Eluru,East flowing rivers between Mahanadi and Pennar,-,-,-,Eluru,17.29333333,82.09694444,31-07-2026 04:00,1
3578,Yeleswaram,Andhra Pradesh SW,28,Andhra Pradesh,505,EAST GODAVARI,YELESWARAM,-,-,Eluru,East flowing rivers between Mahanadi and Pennar,-,-,-,Eluru,17.29333333,82.09694444,31-07-2026 05:00,0.5
3579,Yeleswaram,Andhra Pradesh SW,28,Andhra Pradesh,505,EAST GODAVARI,YELESWARAM,-,-,Eluru,East flowing rivers between Mahanadi and Pennar,-,-,-,Eluru,17.29333333,82.09694444,01-08-2026 00:00,1.5
3580,Yeleswaram,Andhra Pradesh SW,28,Andhra Pradesh,505,EAST GODAVARI,YELESWARAM,-,-,Eluru,East flowing rivers between Mahanadi and Pennar,-,-,-,Eluru,17.29333333,82.09694444,01-08-2026 04:00,1
3581,Yeleswaram,Andhra Pradesh SW,28,Andhra Pradesh,505,EAST GODAVARI,YELESWARAM,-,-,Eluru,East flowing rivers between Mahanadi and Pennar,-,-,-,Eluru,17.29333333,82.09694444,01-08-2026 05:00,7.5
3582,Yeleswaram,Andhra Pradesh SW,28,Andhra Pradesh,505,EAST GODAVARI,YELESWARAM,-,-,Eluru,East flowing rivers between Mahanadi and Pennar,-,-,-,Eluru,17.29333333,82.09694444,01-08-2026 06:00,4.5
3583,Yeleswaram,Andhra Pradesh SW,28,Andhra Pradesh,505,EAST GODAVARI,YELESWARAM,-,-,Eluru,East flowing rivers between Mahanadi and Pennar,-,-,-,Eluru,17.29333333,82.09694444,01-08-2026 07:00,6
3584,Yeleswaram,Andhra Pradesh SW,28,Andhra Pradesh,505,EAST GODAVARI,YELESWARAM,-,-,Eluru,East flowing rivers between Mahanadi and Pennar,-,-,-,Eluru,17.29333333,82.09694444,01-08-2026 08:00,3.5
3585,Yeleswaram,Andhra Pradesh SW,28,Andhra Pradesh,505,EAST GODAVARI,YELESWARAM,-,-,Eluru,East flowing rivers between Mahanadi and Pennar,-,-,-,Eluru,17.29333333,82.09694444,01-08-2026 10:00,0.5
3586,Yeleswaram,Andhra Pradesh SW,28,Andhra Pradesh,505,EAST GODAVARI,YELESWARAM,-,-,Eluru,East flowing rivers between Mahanadi and Pennar,-,-,-,Eluru,17.29333333,82.09694444,04-08-2026 06:00,2.5
3587,Yeleswaram,Andhra Pradesh SW,28,Andhra Pradesh,505,EAST GODAVARI,YELESWARAM,-,-,Eluru,East flowing rivers between Mahanadi and Pennar,-,-,-,Eluru,17.29333333,82.09694444,07-08-2026 02:00,11.5
3588,Yeleswaram,Andhra Pradesh SW,28,Andhra Pradesh,505,EAST GODAVARI,YELESWARAM,-,-,Eluru,East flowing rivers between Mahanadi and Pennar,-,-,-,Eluru,17.29333333,82.09694444,11-08-2026 20:00,0.5
3589,Yeleswaram,Andhra Pradesh SW,28,Andhra Pradesh,505,EAST GODAVARI,YELESWARAM,-,-,Eluru,East flowing rivers between Mahanadi and Pennar,-,-,-,Eluru,17.29333333,82.09694444,12-08-2026 06:00,5
3590,Yeleswaram,Andhra Pradesh SW,28,Andhra Pradesh,505,EAST GODAVARI,YELESWARAM,-,-,Eluru,East flowing rivers between Mahanadi and Pennar,-,-,-,Eluru,17.29333333,82.09694444,13-08-2026 02:00,2
3591,Yeleswaram,Andhra Pradesh SW,28,Andhra Pradesh,505,EAST GODAVARI,YELESWARAM,-,-,Eluru,East flowing rivers between Mahanadi and Pennar,-,-,-,Eluru,17.29333333,82.09694444,13-08-2026 03:00,1
3592,Yeleswaram,Andhra Pradesh SW,28,Andhra Pradesh,505,EAST GODAVARI,YELESWARAM,-,-,Eluru,East flowing rivers between Mahanadi and Pennar,-,-,-,Eluru,17.29333333,82.09694444,13-08-2026 04:00,0.5
3593,Yeleswaram,Andhra Pradesh SW,28,Andhra Pradesh,505,EAST GODAVARI,YELESWARAM,-,-,Eluru,East flowing rivers between Mahanadi and Pennar,-,-,-,Eluru,17.29333333,82.09694444,13-08-2026 08:00,1.5
3594,Yeleswaram,Andhra Pradesh SW,28,Andhra Pradesh,505,EAST GODAVARI,YELESWARAM,-,-,Eluru,East flowing rivers between Mahanadi and Pennar,-,-,-,Eluru,17.29333333,82.09694444,13-08-2026 09:00,1.5
3595,Yeleswaram,Andhra Pradesh SW,28,Andhra Pradesh,505,EAST GODAVARI,YELESWARAM,-,-,Eluru,East flowing rivers between Mahanadi and Pennar,-,-,-,Eluru,17.29333333,82.09694444,14-08-2026 05:00,0.5
3596,Yeleswaram,Andhra Pradesh SW,28,Andhra Pradesh,505,EAST GODAVARI,YELESWARAM,-,-,Eluru,East flowing rivers between Mahanadi and Pennar,-,-,-,Eluru,17.29333333,82.09694444,15-08-2026 06:00,0.5
3597,Yeleswaram,Andhra Pradesh SW,28,Andhra Pradesh,505,EAST GODAVARI,YELESWARAM,-,-,Eluru,East flowing rivers between Mahanadi and Pennar,-,-,-,Eluru,17.29333333,82.09694444,15-08-2026 08:00,0.5
3598,Yeleswaram,Andhra Pradesh SW,28,Andhra Pradesh,505,EAST GODAVARI,YELESWARAM,-,-,Eluru,East flowing rivers between Mahanadi and Pennar,-,-,-,Eluru,17.29333333,82.09694444,15-08-2026 09:00,0.5
3599,Yeleswaram,Andhra Pradesh SW,28,Andhra Pradesh,505,EAST GODAVARI,YELESWARAM,-,-,Eluru,East flowing rivers between Mahanadi and Pennar,-,-,-,Eluru,17.29333333,82.09694444,16-08-2026 07:00,1.5
3600,Yeleswaram,Andhra Pradesh SW,28,Andhra Pradesh,505,EAST GODAVARI,YELESWARAM,-,-,Eluru,East flowing rivers between Mahanadi and Pennar,-,-,-,Eluru,17.29333333,82.09694444,16-08-2026 08:00,5
3601,Yeleswaram,Andhra Pradesh SW,28,Andhra Pradesh,505,EAST GODAVARI,YELESWARAM,-,-,Eluru,East flowing rivers between Mahanadi and Pennar,-,-,-,Eluru,17.29333333,82.09694444,16-08-2026 09:00,5
3602,Yeleswaram,Andhra Pradesh SW,28,Andhra Pradesh,505,EAST GODAVARI,YELESWARAM,-,-,Eluru,East flowing rivers between Mahanadi and Pennar,-,-,-,Eluru,17.29333333,82.09694444,16-08-2026 10:00,2
3603,Yeleswaram,Andhra Pradesh SW,28,Andhra Pradesh,505,EAST GODAVARI,YELESWARAM,-,-,Eluru,East flowing rivers between Mahanadi and Pennar,-,-,-,Eluru,17.29333333,82.09694444,19-08-2026 07:00,1
3604,Yeleswaram,Andhra Pradesh SW,28,Andhra Pradesh,505,EAST GODAVARI,YELESWARAM,-,-,Eluru,East flowing rivers between Mahanadi and Pennar,-,-,-,Eluru,17.29333333,82.09694444,25-08-2026 02:00,0.5
