source_id,document,evidence_role,page,classification,bridge_terms,condition_terms,defect_terms,component_terms,inspection_terms,repair_terms,bridge_identifiers,matched_asset_codes,matched_asset_names,snippet,training_label_candidate,promote_to_ml,manual_review_required
NHAI_AP_GIDDALUR_VINUKONDA,NHAI_Giddalur_Vinukonda_NH544D.pdf,REHABILITATION_ENGINEERING_EVIDENCE,19,IDENTIFIED_BRIDGE_CONDITION_CANDIDATE,,CONDITION,,,,MAINTENANCE,Km.212.983; Km 213.000; Km 322.800; Km 322.840,,,"e ""DBOT Annuity"" or ""Hybrid Annuity"") basis, which shall be partly financed by the Concessionaire who shall recover its investment and costs through payments to be made by the Authority, in accordance with the terms and conditions to be set forth in a concession agreement to be entered into. (B) The Authority had adopted a single stage two envelope bidding process and accordingly invited proposals by its Request for Proposals dated 22.12.2017 (the ""Request for Proposals"" or ""RFP"") for qualification and selection of bidders for construction, operation and maintenance of the above referred Project on Hybrid Annuity basis. (C) The Authority had prescribed the technical and commercial terms and ",False,False,True
NHAI_AP_GIDDALUR_VINUKONDA,NHAI_Giddalur_Vinukonda_NH544D.pdf,REHABILITATION_ENGINEERING_EVIDENCE,20,IDENTIFIED_BRIDGE_CONDITION_CANDIDATE,,,RUST,,,REHABILITATION,km 212.983; km 213.000; km 322.840,,,"ended, modified, supplemented, extended or re­ enacted; t.(c) references to a ""person"" and words denoting a natural person shall be !-; ~ construed as a reference to any individual, firm, company, corporation, society, trust, government, state or agency of a state or any association or partnership (whether or not having separate legal personality) of two or more of the above and shall include successors and assigns; ;:.­,-.' (d) the table of contents, headings or sub-headings in this Agreement are for convenience of reference only and shall not be used in, and shall not affect, the construction or interpretation of this Agreement; (e) the words ""include"" and ""including"" are to be construed w",False,False,True
NHAI_AP_GIDDALUR_VINUKONDA,NHAI_Giddalur_Vinukonda_NH544D.pdf,REHABILITATION_ENGINEERING_EVIDENCE,26,IDENTIFIED_BRIDGE_CONDITION_CANDIDATE,,CONDITION,,,,REHABILITATION,km 212.983; km 213.000; km 322.800; km 322.840,,,"ed and thirty) days and Operation Period of 15 (Fifteen) years commencing from COD, and the Concessionaire hereby accepts the Concession and agrees to implement the Project subjectto and in accordance with the terms and conditions set forth herein. 3.1.2 Subject to and in accordance with the provisions of this Agreement, the Concession hereby granted shall oblige or entitle (asthe case may be) the Concessionaire to: (a] Right of Way, access and license to the Site for the purpose of and to the extent conferred by the provisions of this Agreement; (b) finance and construct the Project; (c) manage, operate and maintain the Project; (d) perform and fulfill all of the Concessionaire's obligation",False,False,True
NHAI_AP_GIDDALUR_VINUKONDA,NHAI_Giddalur_Vinukonda_NH544D.pdf,REHABILITATION_ENGINEERING_EVIDENCE,27,IDENTIFIED_BRIDGE_CONDITION_CANDIDATE,BRIDGE; ROAD OVER BRIDGE,CONDITION,,,,,km 322.840,,,". National Highways Authority of India Concession Agreement ARTICLE 4 CONDITIONS PRECEDENT 4.1 Conditions Precedent 4.1.1 Save and except as expressly provided in Articles 4, S, 6, 7, 8, 9, 10, 22, 28,38 and 41, or unless the context otherwise requires, the respective rights and obligations of the Parties under this Agreement shall be subject to the satisfaction in full of the conditions precedent specified in this Clause4.1 (the ""Conditions Precedent""). 4.1.2 The Concessionaire may, upon providing the Performance Security to the Authority in accordance with Article 9, at any time after 30 (thirty) days from the date of this Agreement or on an earlier day acceptable to the Authority, by noti",False,False,True
NHAI_AP_GIDDALUR_VINUKONDA,NHAI_Giddalur_Vinukonda_NH544D.pdf,REHABILITATION_ENGINEERING_EVIDENCE,28,IDENTIFIED_BRIDGE_CONDITION_CANDIDATE,,CONDITION,,,,REHABILITATION,km 213.000; km 322.840,,,"ctive confirmation of the correctness of the representations and warranties set forth in Sub-clauses (k), (I) and (m) of Clause 7.1 of this Agreement. 4.1.4 Each Party shall make all reasonable endeavours to satisfy the Conditions Precedent within the time stipulated and shall provide the other Party with such reasonable cooperation as may be required to assist that Party in satisfying the Conditions Precedent for which that Party is responsible. Subject only to payment of Damages, it is agreed between the Parties that the obligation to fulfill each parties' Conditions Precedent is an independent obligation of the respective Party. 4.1.S The Parties shall notify each other in writing at leas",False,False,True
NHAI_AP_GIDDALUR_VINUKONDA,NHAI_Giddalur_Vinukonda_NH544D.pdf,REHABILITATION_ENGINEERING_EVIDENCE,30,IDENTIFIED_BRIDGE_CONDITION_CANDIDATE,,CONDITION; GOOD,,,,MAINTENANCE,km 83; km 322.840,,,"National Highways Authority of India Concession Agreement ARTICLE 5 OBI.IGATIONS OF THE CONCESSIONAIRE 5.1 Obligations of the Concessionaire 5.1.1 Subject to and on the terms and conditions of this Agreement, the Concessionaire shall, at its own cost and expense, procure finance for and undertake the design, engineering, procurement, construction, operation and maintenance of the Project and observe, fulfill, comply with and perform all its obligations set out in this Agreement or arising hereunder. ~.- 5.1.2 The Concessionaire shall comply (including renewals as required) Agreement. with all Applicable in the performance Laws and Applicable Permits of its obligations under this 5.1.3 5.1.4 ",False,False,True
NHAI_AP_GIDDALUR_VINUKONDA,NHAI_Giddalur_Vinukonda_NH544D.pdf,REHABILITATION_ENGINEERING_EVIDENCE,36,IDENTIFIED_BRIDGE_CONDITION_CANDIDATE,BRIDGE; ROAD OVER BRIDGE,CONDITION; DETERIORATION,,,,REPAIR; REPAIRS; REHABILITATION; MAINTENANCE,km 212.9; km 213.000; km 322.840,,,"::~ National Highways Authority of India Concession Agreement other than approval of the General Approval Drawings of the Railway authorities for construction of such road over bridges/under bridges. 6.2 Maintenance obligations prior to Appointed Date 6.2.1 During the Development Period, the Concessionaire shall maintain the existing Project Highway, in such a manner so as to ensure that the road is in pothole free condition and also to ensure that the quality of service and safety are maintained and in the event of any material deterioration or damage other than normal wear and tear, the Concessionaire shall undertake repair thereof. It.is deemed that the Concessionaire has made necessary p",False,False,True
NHAI_AP_GIDDALUR_VINUKONDA,NHAI_Giddalur_Vinukonda_NH544D.pdf,REHABILITATION_ENGINEERING_EVIDENCE,38,IDENTIFIED_BRIDGE_CONDITION_CANDIDATE,,CONDITION,,,,REHABILITATION,km 213.000,,,"urisdiction of its incorporation or registration, as the case may be, and has requested the Authority to enter into this Agreement with itself/ the Concessionaire pursuant to the Letter of Award, and has agreed to and unconditionally accepted the terms and conditions set forth in this Agreement; (m) all its rights and interests in the Project shall pass to and vest in the Authority on the Transfer Date free and clear of all liens, claims and Encumbrances, without any further act or deed on its part or that of the Authority, and that none of the Project Assets shall be acquired by it Subject to any agreement under which a security interest or other lien or Encumbrance is retained by any perso",False,False,True
NHAI_AP_GIDDALUR_VINUKONDA,NHAI_Giddalur_Vinukonda_NH544D.pdf,REHABILITATION_ENGINEERING_EVIDENCE,39,IDENTIFIED_BRIDGE_CONDITION_CANDIDATE,,GOOD,,,,,km 21.; km 213.000; km 322.800; km 322.840,,,"y to perform its obligations under this Agreement; (f) (g) It has complied with Applicable Laws in all material respects; It has the right, power and authority to manage and operate the Project; and (h) It shall procure good and valid right to the Site, and has power and authority to grant a license in respect thereto to the Concessionaire. 7.3 Disclosure In the event that any occurrence or circumstance comes to the attention of either Party that renders any of its aforesaid representations or warranties untrue or incorrect, such Party shall immediately notify the other Party of the same. Such notification shall not have the effect of remedying any breach of the representation or warranty th",False,False,True
NHAI_AP_GIDDALUR_VINUKONDA,NHAI_Giddalur_Vinukonda_NH544D.pdf,REHABILITATION_ENGINEERING_EVIDENCE,40,IDENTIFIED_BRIDGE_CONDITION_CANDIDATE,,CONDITION,,,ORN,REHABILITATION,km 213.000; km 322.800; km 322.840,,,"eement, the Concessionaire has, after a complete and careful examination, made an independent evaluation of the Request for Proposals, Scope of the Project, Specifications and Standards, Site, existing structures, local conditions, physical qualities of ground, subsoil and geology, and all information provided by the Authority or obtained, procured or gathered otherwise, and has determined to its satisfaction the accuracy or otherwise thereof and the nature and extent of difficulties, risks and hazards as are likely to arise or may be faced by it in the course of performance of its obligations hereunder. The Authority makes no representation whatsoever, express, implicit or otherwise, regard",False,False,True
NHAI_AP_GIDDALUR_VINUKONDA,NHAI_Giddalur_Vinukonda_NH544D.pdf,REHABILITATION_ENGINEERING_EVIDENCE,42,IDENTIFIED_BRIDGE_CONDITION_CANDIDATE,,CONDITION,,,,,km 212.983; km 322.840,,,";:. 9.1 Performance Security 9.1.1 The Concessionaire shall, for the performance of its obligations hereunder, provide to the Authority no later than 30(thirty) days from the date of this Agreement, an irrevocable and unconditional guarantee from a Bank for a sum equivalent to Rs. 33.93 Crare (Rupees Thirty Three Crore Ninety Three Lakh only) in the form set forth in Schedule-F (the ""Performance Security""). Until such time the Performance Security is provided by the Concessionaire pursuant hereto and the same comes into effect, the Bid Security shall remain in force and effect, and upon such provision of the Performance Security pursuant hereto, the Authority shall release the Bid Security t",False,False,True
NHAI_AP_GIDDALUR_VINUKONDA,NHAI_Giddalur_Vinukonda_NH544D.pdf,REHABILITATION_ENGINEERING_EVIDENCE,43,IDENTIFIED_BRIDGE_CONDITION_CANDIDATE,,CONDITION,,,,,km 212.9,,,"es of calculating the amount of Damages payable by the Concessionaire. 9.7 Additional Performance Security ,::..: The Concessionaire shall alongwith the Performance Security provide to the Authority an irrevocable and unconditional guarantee from a Bank for a sum equivalent to Rs. Nil in the form set forth in Schedule-F (the ""Additional Performance Security""),to be modified, , mutatis mutandis, for this purpose as security to the Authority if the Bid Project Cost of the Selected Bidder is lower by more than 10% with respect to the Estimated Project Cost. The requirement of submitting the Additional Performance Security shall be a Condition Precedent. Failure to maintain the Additional Perfor",False,False,True
NHAI_AP_GIDDALUR_VINUKONDA,NHAI_Giddalur_Vinukonda_NH544D.pdf,REHABILITATION_ENGINEERING_EVIDENCE,44,IDENTIFIED_BRIDGE_CONDITION_CANDIDATE,,CONDITION,,,,,km 212.983; km 322.840,,,"nt of Termination or otherwise. 10.2.2 In consideration of the Project, this Agreement and the covenants and warranties on the part of the Concessionaire herein contained, the Authority, in accordance with the terms and conditions set forth herein, hereby grants to the Concessionaire, commencing from the Appointed Date, leave and license rights in respect of all the land (along with any buildings, constructions or immovable assets, if any, thereon) comprising the Site which is described, delineated and shown in Schedule-A hereto (the ""Licensed Premises""), on an ""as is where is"" basis, free of any Encumbrances, to develop, operate and maintain the said Licensed Premises, together with all and",False,False,True
NHAI_AP_GIDDALUR_VINUKONDA,NHAI_Giddalur_Vinukonda_NH544D.pdf,REHABILITATION_ENGINEERING_EVIDENCE,47,IDENTIFIED_BRIDGE_CONDITION_CANDIDATE,,CONDITION,,,INSPECTION,REHABILITATION,km 213.0,,,"nd appurtenances to the Licensed Premisesshall not be deemed to be Encumbrances. It is further agreed that ;: the Concessionaire accepts and undertakes to bear any and all risks arising out of the inadequacy or physical condition of the Site. 10.5 Protection of Site from Encumbrances During the Concession Period, the Concessionaire shall protect the Site from any and all occupations, encroachments or Encumbrances, and shall not place or create nor permit any Contractor or other person claiming through or under the Concessionaire to place or create any Encumbrance or security interest over all or any part of the Site or the Project Assets, or on any rights of the Concessionaire therein or und",False,False,True
NHAI_AP_GIDDALUR_VINUKONDA,NHAI_Giddalur_Vinukonda_NH544D.pdf,REHABILITATION_ENGINEERING_EVIDENCE,49,IDENTIFIED_BRIDGE_CONDITION_CANDIDATE,,CONDITION; SATISFACTORY,,,ORN,REHABILITATION; MAINTENANCE,km .; km 213.000; km 322.800; km 322.840,,,"rary contained herein, the Concessionaire shall ensure that the respective entities owning the existing roads, right of way or utilities on, under or above the Site are enabled by it to keep such utilities in continuous satisfactory use, if necessary, by providing suitable temporary or permanent diversions with the authority of the controlling body of that road, right of way or utility, and the Authority shall, upon written request from the Concessionaire, initiate and undertake at the Concessionaire's cost, legal proceedings for acquisition of any right of way necessary for such diversion. 11.2 Shifting of obstructing utilities 11.2.1 The Concessionaire shall, subject to Applicable Laws and",False,False,True
NHAI_AP_GIDDALUR_VINUKONDA,NHAI_Giddalur_Vinukonda_NH544D.pdf,REHABILITATION_ENGINEERING_EVIDENCE,50,IDENTIFIED_BRIDGE_CONDITION_CANDIDATE,,GOOD,,,,,km 2; km 213.00; km .; km 322.840,,," has determined and verified that the design and engineering, including the field construction criteria related thereto, are in conformity with the Scope of the Project, Specifications and Standards, Applicable Laws and Good Industry Practice. (c) Within 15 (fifteen) days of the receipt of the Drawings, the Independent Engineer shall review the same and convey its observations to the Concessionaire with particular reference to their conformity or otherwise with the Scope of the Project and the Specifications and Standards. The Concessionaire shall not be obliged to await the observations of the Independent Engineer on the Drawings submitted pursuant hereto beyond the said 15 (fifteen) days p",False,False,True
NHAI_AP_GIDDALUR_VINUKONDA,NHAI_Giddalur_Vinukonda_NH544D.pdf,REHABILITATION_ENGINEERING_EVIDENCE,52,IDENTIFIED_BRIDGE_CONDITION_CANDIDATE,,CONDITION; GOOD,,,,REPAIR; MAINTENANCE,km 212.983; km 213.; km 322.800; km 322.840,,,"ed and seventy) days from the Scheduled Completion Date, unless the delay is on account of reasons attributable to the Authority or due to Force Majeure, the Authority shall be entitled to terminate this Agreement. 12.4 Maintenance during Construction Period 12.4.1 During the Construction Period, the Concessionaire shall maintain, at its cost, the existing Project Highway to ensure that the road is in pothole free condition is maintained, and shall undertake the necessary repair and maintenance works for this purpose; provided that the Concessionaire may, at its cost, interrupt and divert the Users and other persons if such interruption and diversion is necessary for the efficient progress o",False,False,True
NHAI_AP_GIDDALUR_VINUKONDA,NHAI_Giddalur_Vinukonda_NH544D.pdf,REHABILITATION_ENGINEERING_EVIDENCE,56,IDENTIFIED_BRIDGE_CONDITION_CANDIDATE,,GOOD; DEFECT,,,,REHABILITATION,km 212.9; km 213.000; km 322.840,,,"Test that the performance of the Project or any part thereof does not meet the Specifications and Standards, it shall have the right to suspend or delay such Test and require the Concessionaire to remedy and rectify the defects or deficiencies. Upon completion of each Test, the Independent Engineer shall provide to the Concessionaire and the Authority copies of all Test data including detailed Test results. For the avoidance of doubt, it is expressly agreed that the Independent Engineer may require the Concessionaire to carry out or cause to be carried out additional Tests, in accordance with Good Industry Practice, for determining the compliance of the Project with Specifications and Standa",False,False,True
NHAI_AP_GIDDALUR_VINUKONDA,NHAI_Giddalur_Vinukonda_NH544D.pdf,REHABILITATION_ENGINEERING_EVIDENCE,57,IDENTIFIED_BRIDGE_CONDITION_CANDIDATE,,CONDITION; GOOD; DEFECT,,,INSPECTION,REHABILITATION,km 213.000; km 322.840,,,"s agreed that if completion of any item is delayed for reasons solely attributable to the Authority or due to Force Majeure, the completion date thereof shall be determined by the Independent Engineer in accordance with Good Industry Practice, and such completion date shall be deemed to be the date of issue of the Provisional Certificate for the purposes of Damages, if any, payable for such item under this Clause 14.4.1. 14.4.2 Upon completion of all Punch List items, the Independent Engineer shall issue the Completion Certificate. Failure of the Concessionaire to complete all the Punch List items within the time set forth in Clause 14.4.1 for any reason, other than conditions constituting F",False,False,True
NHAI_AP_GIDDALUR_VINUKONDA,NHAI_Giddalur_Vinukonda_NH544D.pdf,REHABILITATION_ENGINEERING_EVIDENCE,61,IDENTIFIED_BRIDGE_CONDITION_CANDIDATE,,CONDITION,,,,REHABILITATION,km 213.000; km 322.840,,,"y to delay completion of the Project by the Scheduled Completion Date; provided that in the event that the Authority considers such works or services to be essential, it may issue a Change of Scope Order, subject to the condition that the works forming part of or affected by such Change of Scope Order shall not be reckoned for purposes of determining completion of the Project and issuing the Provisional Certificate. 16.4.2 Notwithstanding anything to the contrary contained in this Article 16, the Concessionaire shall be entitled to nullify any Change of Scope Order if it causes the cumulative costs relating to all the Change of ScopeOrders to exceed 10% (ten per cent) of the Bid Project Cost",False,False,True
NHAI_AP_GIDDALUR_VINUKONDA,NHAI_Giddalur_Vinukonda_NH544D.pdf,REHABILITATION_ENGINEERING_EVIDENCE,64,IDENTIFIED_BRIDGE_CONDITION_CANDIDATE,,CONDITION; GOOD,,,INSPECTION,REPAIR; REPAIRS; REPLACEMENT; MAINTENANCE,km 212.; km 213.000; km 322.840,,,"ement agreed that the debris and material excavated shall be carried to and deposited at the location identified by the Authority and/or Independent Engineer. 17.1.3 The Concessionaire shall maintain, in conformity with Good Industry Practice, all stretches of approach roads. 17.2 Maintenance Requirements The Concessionaire shall procure that at all times during the Operation Period; the Project conforms to the maintenance requirements set forth in Schedule-K (the ""Maintenance Requirements""). 17.3 Maintenance Manual 17.3.1 No later than 90 (ninety) days prior to the Scheduled Completion Date, the Concessionaire shall, in consultation with the Independent Engineer, evolve a repair and mainten",False,False,True
NHAI_AP_GIDDALUR_VINUKONDA,NHAI_Giddalur_Vinukonda_NH544D.pdf,REHABILITATION_ENGINEERING_EVIDENCE,65,IDENTIFIED_BRIDGE_CONDITION_CANDIDATE,,CONDITION; GOOD,,,,MAINTENANCE,km 213.000; km 322.840,,,"National Highways Authority of India Concession Agreement 17.4.3 The Concessionaire may modify the Maintenance Program as may be reasonable in the circumstances, and the procedure specified in Clauses 17.4.1 and 17.4.2 shall apply mutatis mutandis to such modifications. 17.5 Safety, breakdowns and accidents 17.5.1 The Concessionaire shall ensure safe conditions for the Users, and in the event of unsafe conditions, closures, diversions, breakdowns and accidents, it shall follow the relevant operating procedures including the setting up of temporary Lights and removal of obstruction and debris without delay. Such procedures shall conform to the provisions of this Agreement, Applicable Laws, Ap",False,False,True
NHAI_AP_GIDDALUR_VINUKONDA,NHAI_Giddalur_Vinukonda_NH544D.pdf,REHABILITATION_ENGINEERING_EVIDENCE,66,IDENTIFIED_BRIDGE_CONDITION_CANDIDATE,,DEFECT,,,INSPECTION,REPAIR; MAINTENANCE,km 213.000,,," Damages to the Authority calculated at the rate of 0.5 % (zero point Five per cent) of the Performance Security,for each day of delay until that part of the Project hasbeen re-opened for use. 17.8 Damages for breach of maintenance obligations 17.B.1 In the event that the Concessionaire fails to repair or rectify any defect or deficiency set forth in the Maintenance Requirements within the period specified therein, it shall be deemed to be in breach of this Agreement and the Authority shall be entitled to recover Damages, to be calculated and paid for each day of delay until the breach is cured, at the higher of (a) 2% (two per cent) of the Performance Security, and (b) 0.1% (zero point one ",False,False,True
NHAI_AP_GIDDALUR_VINUKONDA,NHAI_Giddalur_Vinukonda_NH544D.pdf,REHABILITATION_ENGINEERING_EVIDENCE,67,IDENTIFIED_BRIDGE_CONDITION_CANDIDATE,,GOOD,,,,REHABILITATION; MAINTENANCE,km 212.; km 213.000; km 322.840,,,"ct The Concessionaire shall not carry out any material modifications to the Project, save and except where such modifications are necessary for the Project to operate in conformity with the Specifications and Standards, Maintenance Requirements, Good Industry Practice and Applicable Laws; provided that the Concessionaire shall notify the Independent Engineer of the proposed modifications along with particulars thereof at least 1S (fifteen) days before commencing work on such modifications and shall reasonably consider any suggestions that the Independent Engineer may make within 1S (fifteen) days of receiving the Concessionaire's proposal. For the avoidance of doubt, all modifications made h",False,False,True
NHAI_AP_GIDDALUR_VINUKONDA,NHAI_Giddalur_Vinukonda_NH544D.pdf,REHABILITATION_ENGINEERING_EVIDENCE,68,IDENTIFIED_BRIDGE_CONDITION_CANDIDATE,,CONDITION,,,,,km 213.000; km 322.800; km 322.840,,,"f any part of the Project is not available to Users on account of any of the following for the duration thereof: (a) an event of Force Majeure; (b) measures taken to ensure the safe use of the Project except when unsafe conditions occurred because of failure of the Concessionaire to perform its obligations under this Agreement; or (c) compliance with a request from the Authority or the directions of any Government Instrumentality, the effect of which isto closeall or any part of the Project: Provided, that any such non-availability and particulars thereof shall be notified by the Concessionaire to the Authority and the Independent Engineer without any delay; Provided further that the Concess",False,False,True
NHAI_AP_GIDDALUR_VINUKONDA,NHAI_Giddalur_Vinukonda_NH544D.pdf,REHABILITATION_ENGINEERING_EVIDENCE,69,IDENTIFIED_BRIDGE_CONDITION_CANDIDATE,,GOOD,,,ORN,REHABILITATION,km 212.983; km 213.000; km 322.800; km 322.840,,,"y of India Concession Agreement ARTICLE 18 SAFETY REQUIREMENTS 18.1 Safety Requirements 18.1.1 The Concessionaire shall comply with the provisions of this Agreement, Applicable Laws and Applicable Permits and conform to Good Industry Practice for securing the safety of the Users. In particular, the Concessionaire shall develop, implement and administer a surveillance and safety program for providing a safe environment on or about the Project, and shall comply with the safety requirements set forth in Schedule-L (the ""Safety Requirements""). 18.1.2 The Authority shall appoint an experienced and qualified firm or organization (the ""Safety Consultant"") for carrying out safety audit of the Projec",False,False,True
NHAI_AP_GIDDALUR_VINUKONDA,NHAI_Giddalur_Vinukonda_NH544D.pdf,REHABILITATION_ENGINEERING_EVIDENCE,70,IDENTIFIED_BRIDGE_CONDITION_CANDIDATE,,CONDITION; GOOD; DEFECT,,,INSPECTION,MAINTENANCE,km 212.983; km 213.000; km 322.840,,,"National Highways Authority of India ConcessionAgreement ARTICLE 19 MONITORING OF OPERATION AND MAINTENANCE 19.1 Monthly status reports 19.1.1 During the Operation Period, the Concessionaire shall, no later than 7 (seven) days after the close of each month, furnish to the Authority and the Independent Engineer a monthly report stating in reasonable detail the condition of the Project including its compliance or otherwise with the Maintenance Requirements, Maintenance Manual, Maintenance Program and Safety Requirements, and shall promptly give such other relevant information as may be required by the Independent Engineer or the Authority, In particular, such report shall separately identify a",False,False,True
NHAI_AP_GIDDALUR_VINUKONDA,NHAI_Giddalur_Vinukonda_NH544D.pdf,REHABILITATION_ENGINEERING_EVIDENCE,71,IDENTIFIED_BRIDGE_CONDITION_CANDIDATE,,DEFECT; DAMAGED,,,INSPECTION,REPAIR; MAINTENANCE,km 212.983; km 213.000; km 322.840,,,"National Highways Authority of India ConcessionAgreement report in respect thereof to the Independent Engineer and the Authority within 15 (fifteen) days of receiving the O&M Inspection Report or the test results, as the case may be; provided that where the remedying of such defects or deficiencies is likely to take more than 15 (fifteen) days, the Concessionaire shall submit progress reports of the repair works once every week until such works are completed in conformity with this Agreement. 19.4.2 The Independent Engineer shall require the Concessionaire to carry out or cause to be carried out tests, at its own cost, to determine that such remedial measures have brought the Project into co",False,False,True
NHAI_AP_GIDDALUR_VINUKONDA,NHAI_Giddalur_Vinukonda_NH544D.pdf,REHABILITATION_ENGINEERING_EVIDENCE,73,IDENTIFIED_BRIDGE_CONDITION_CANDIDATE,,CONDITION; GOOD,,,,REHABILITATION,km 212.983; km 213.000; km 322.800; km 322.840,,,"greement 20.7 Recurring expenditure on Police assistance On or before the Scheduled Two-Laning Date, the Concessionaire shall provide to the State Police Department or a substitute thereof one Jeep or similar vehicle in good .­.:. working condition along with chauffeurs for round-the-clock patrolling as set forth in Clause 20.2 and shall meet the operating costs of such vehicle including the salaries and allowances of the chauffeurs. 20.8 Recurring expenditure on Medical Aid Posts On or before COD, the Concessionaire shall provide to the State Medical Department or a substitute thereof to be designated by the Authority one ambulance in good working condition along with chauffeurs for round-t",False,False,True
NHAI_AP_GIDDALUR_VINUKONDA,NHAI_Giddalur_Vinukonda_NH544D.pdf,REHABILITATION_ENGINEERING_EVIDENCE,74,IDENTIFIED_BRIDGE_CONDITION_CANDIDATE,,FAIR,,,,REHABILITATION,km 83; km 213.000; km 322.840,,,"ut only after appointment of another Independent Engineer in accordance with Clause 21.1. 21.4.2 If the Concessionaire has reason to believe that the Independent Engineer is not discharging its duties and functions in a fair, efficient and diligent manner, it may make a written representation to the Authority and seek termination of the appointment of the Independent Engineer. Upon receipt of such representation, the Authority shall hold a tripartite meeting with the Concessionaire and Independent Engineer for an amicable resolution of the' and if any difference or disagreement between the Authority and the Cone alo ''3.J "" . s unresolved, the Dispute shall be settled intli~;~~ with the Di ~",False,False,True
NHAI_AP_GIDDALUR_VINUKONDA,NHAI_Giddalur_Vinukonda_NH544D.pdf,REHABILITATION_ENGINEERING_EVIDENCE,82,IDENTIFIED_BRIDGE_CONDITION_CANDIDATE,,SATISFACTORY,,,,REHABILITATION,km 212.983; km 213.000; km 322.800; km 322.840,,,"shall be made in two equal instalments. The Concessionaire may request the Authority for the first instalment of the advance payment at any time after the Appointed Date, along with furnishing a Bank Guarantee in a form satisfactory to the Authority. The Concessionaire may request the Authority for the second instalment of the advance payment at any time, after 60(sixtyj days from the Appointed Date, along with furnishing a Bank Guarantee in a form satisfactory to the Authority. The first and second instalments of the Mobilization Advance shall be paid by the Authority within 30 (thirty) days of receipt of the respective requests in this behalf from the Concessionaire. The rate of interest o",False,False,True
NHAI_AP_GIDDALUR_VINUKONDA,NHAI_Giddalur_Vinukonda_NH544D.pdf,REHABILITATION_ENGINEERING_EVIDENCE,84,IDENTIFIED_BRIDGE_CONDITION_CANDIDATE,,CONDITION,,,,REHABILITATION,km 2; km 213.000; km 322.840,,," in the month when due: (a) All taxes due and payable by the Concessionaire for and in respect of the Project; (b) Deleted; (c) All payments relating to construction of the Project, subject to and in accordance with the conditions, if any, set forth in the FinancingAgreements; (d) O&M Expenses, subject to the ceiling, if any, set forth in the Financing Agreements; (e) O&M Expenses and other costs and expenses incurred by the Authority in accordance with the provisions of this Agreement, and certified by the Authority as due and payable to it; (f) Any amounts due and payable to the Authority (other than under Clause 9.5); (g) (h) Rehabilitation and Up 'il: IOn i «!'j - Vinukonda section of NH",False,False,True
NHAI_AP_GIDDALUR_VINUKONDA,NHAI_Giddalur_Vinukonda_NH544D.pdf,REHABILITATION_ENGINEERING_EVIDENCE,85,IDENTIFIED_BRIDGE_CONDITION_CANDIDATE,,DEFECT,,,,REHABILITATION,km 212.983; km 213.000; km 322.840,,," Agreement; (d) Outstanding payments due to the Authority; (e) All payments and Damages certified by the Authority as due and payable to it by the Concessionaire; (f) Retention and payments relating to the liability for defects and deficiencies set forth in Article 33; (g) Outstanding Debt Service including the balance of Debt Due; (h) Outstanding Subordinated Debt; (i) Incurred or accrued O&M Expenses; (il Any other payments required to be made under this Agreement; and (k) Balance, if any, in accordance with the instructions of the Concessionaire: Provided that no appropriations shall be made under Sub-clause (k) of this Clause 25.4.1 until a Vesting Certificate has been issued by the Auth",False,False,True
NHAI_AP_GIDDALUR_VINUKONDA,NHAI_Giddalur_Vinukonda_NH544D.pdf,REHABILITATION_ENGINEERING_EVIDENCE,86,IDENTIFIED_BRIDGE_CONDITION_CANDIDATE,,GOOD,,,,REHABILITATION; REPLACEMENT,km 213.000,,,"ruction Period and the Operation Period, such insurances for such maximum sums as may be required under the Financing Agreements and Appiicable Laws, and such insurances as may be necessary or prudent in accordance with Good Industry Practice. The Concessionaire shall also effect and maintain such insurances as may be necessary for mitigating the risks that may devolve on the Authority as a consequence of any act or omission of the Concessionaire during the Construction Period. The Concessionaire shall procure that in each insurance policy, the Authority shall be a co-insured and that the insurer shall pay the proceeds of insurance into the Escrow Account. For the avoidance of doubt, the lev",False,False,True
NHAI_AP_GIDDALUR_VINUKONDA,NHAI_Giddalur_Vinukonda_NH544D.pdf,REHABILITATION_ENGINEERING_EVIDENCE,87,IDENTIFIED_BRIDGE_CONDITION_CANDIDATE,,GOOD,,,,REPAIR; REPLACEMENT,km 21; km 322.840,,,"-,-;."" National Highways Authority of India Concession Agreement All insurances obtained by the Concessionaire in accordance with this Article 26 shall be maintained with insurers on terms consistent with Good Industry Practice. Within 15 (fifteen) days of obtaining any insurance cover, the Concessionaire shall furnish to the Authority, notarized true copies of the certificate(s) of insurance, copies of insurance policies and premium payment receipts in respect of such insurance, and no such insurance shall be cancelled, modified, or allowed to expire or lapse until the expiration of at least 45 (forty five) days after notice of such proposed cancellation, modification or nonrenewal has been",False,False,True
NHAI_AP_GIDDALUR_VINUKONDA,NHAI_Giddalur_Vinukonda_NH544D.pdf,REHABILITATION_ENGINEERING_EVIDENCE,89,IDENTIFIED_BRIDGE_CONDITION_CANDIDATE,,GOOD,,,ORN,REPLACEMENT,km 21; km 322.840,,," revenues derived/collected by it from or on account of the Project and/or its use), income, expenditure, payments (including payments from the Escrow Account), assets and liabilities, in accordance with this Agreement, Good Industry Practice, Applicable Laws and Applicable Permits. The Concessionaire shall provide 2 (two) copies of its Balance Sheet, Cash Flow Statement and Profit and Loss Account, along with a report thereon by its Statutory Auditors, within 180 (one hundred and eighty) days of the close of the Accounting Year to which they pertain and such audited accounts, save and except where expressly provided to the contrary, shall form the basis of payments by either Party under thi",False,False,True
NHAI_AP_GIDDALUR_VINUKONDA,NHAI_Giddalur_Vinukonda_NH544D.pdf,REHABILITATION_ENGINEERING_EVIDENCE,92,IDENTIFIED_BRIDGE_CONDITION_CANDIDATE,,CONDITION; GOOD,,,INSPECTION,REHABILITATION,km 212.983; km 213.000; km 322.840,,,"ligations under this Agreement and which act or event (a) is beyond the reasonable control ofthe Affected Party, and (b) the Affected Party could not have prevented or overcome by exercise of due diligence and following Good Industry Practice, and (c) has Material Adverse Effect on the Affected Party. 28.2 Non-Political Event A Non-Political Event shall mean one or more of the following acts or events: (a) act of God, epidemic, extremely adverse weather conditions, lightning, earthquake, landslide, cyclone, flood, volcanic eruption, chemical or radioactive contamination or ionizing radiation, fire or explosion (to the extent of contamination or radiation or fire or explosion originating from",False,False,True
NHAI_AP_GIDDALUR_VINUKONDA,NHAI_Giddalur_Vinukonda_NH544D.pdf,REHABILITATION_ENGINEERING_EVIDENCE,93,IDENTIFIED_BRIDGE_CONDITION_CANDIDATE,,CONDITION,,,,MAINTENANCE,km 322.840,,,"under this Agreement and the Project Agreements; provided that such delay, modification, denial, refusal or revocation did not result from the Concessionaire's or any Contractor's inability or failure to comply with any condition relating to grant, maintenance or renewal of such clearance, license, authorization, no objection certificate, exemption, consent, approval or permit; (d) (e) . Vinukando section of NH-544D from Design km ~"""",rfli~i6(existing km 322.840) (Design length 112.797 km) in the State ~i.!itJ""1I<""'ed shoulder under NH (0) an HybridAnnuity Made",False,False,True
NHAI_AP_GIDDALUR_VINUKONDA,NHAI_Giddalur_Vinukonda_NH544D.pdf,REHABILITATION_ENGINEERING_EVIDENCE,101,IDENTIFIED_BRIDGE_CONDITION_CANDIDATE,,CONDITION,,,,REHABILITATION; MAINTENANCE,km 213.0; km 322.840,,," Performance Security within a Cure Period of 15 (fifteen) days; .•.. ~i(b) subsequent to the replenishment or furnishing of fresh Performance Security in accordance with Clause 9.2, the Concessionaire fails to meet any Condition :;':', Precedent or cure the Concessionaire Default, as the case may be, for which whole or part of the Performance Security was appropriated, within a Cure Period of 120 (one hundred and twenty) days; (c) the Concessionaire does not achieve the latest outstanding Project Milestone due in accordance with the provisions of Schedule-G and continues to be in default for 120 (one hundred and twenty) days; (d) The Concessionaire abandons or manifests intention to abandon",False,False,True
NHAI_AP_GIDDALUR_VINUKONDA,NHAI_Giddalur_Vinukonda_NH544D.pdf,REHABILITATION_ENGINEERING_EVIDENCE,102,IDENTIFIED_BRIDGE_CONDITION_CANDIDATE,,CONDITION; GOOD,RUST,BEARING,,,km 322.840,,,"transfer causes a .Material Adverse Effect; ....(p) an execution levied on any of the assets of the Concessionaire has caused a Material Adverse Effect; (q) the Concessionaire is adjudged bankrupt or insolvent, or if a trustee or receiver is appointed for the Concessionaire or for the whole or material part of its assets that has a material bearing on the Project; (r) the Concessionaire has been, or is in the process of being liquidated, dissolved, wound-up, amalgamated or reconstituted in a manner that would cause, in the reasonable opinion of the Authority, a Material Adverse Effect; (s) a resolution for winding up of the Concessionaire is passed, or any petition for winding up of the Conc",False,False,True
NHAI_AP_GIDDALUR_VINUKONDA,NHAI_Giddalur_Vinukonda_NH544D.pdf,REHABILITATION_ENGINEERING_EVIDENCE,105,IDENTIFIED_BRIDGE_CONDITION_CANDIDATE,,,SETTLEMENT,,,REHABILITATION,km 213.000,,,"titute full discharge by the Authority of its payment obligations in respect thereof hereunder. 31.3.5 The Concessionaire expressly agrees that Termination Payment under this Article 31 shall constitute a full and final settlement of all claims of the Concessionaire on account :-:of Termination of this Agreement for any reason whatsoever and that the Concessionaire or any shareholder thereof shall not have any further right or claim under any law, treaty, convention, contract or otherwise. 31.4 Certain limitations on Termination Payment 31.4.1 During the Construction Period, Termination Payment due and payable under this Agreement shall be computed with reference to the Debt Due in accordanc",False,False,True
NHAI_AP_GIDDALUR_VINUKONDA,NHAI_Giddalur_Vinukonda_NH544D.pdf,REHABILITATION_ENGINEERING_EVIDENCE,107,IDENTIFIED_BRIDGE_CONDITION_CANDIDATE,BRIDGE,CONDITION; DEFECT,,,,REHABILITATION; MAINTENANCE,km 21; km 213.000; km 322.840,,,"forthwith the actual or constructive possession of the Project, free and clear of all Encumbrances, save and except to the extent set forth in the Substitution Agreement; (c) cure all Project Assets, including the road, bridges, structures and equipment, of all defects and deficiencies so that the Project is compliant with the Maintenance Requirements; provided that in the event of Termination during the Construction Period, all Project Assets shall be handed over on 'as is where is' basis after bringing them to a safe condition; (d) deliver and transfer relevant records, reports, Intellectual Property and other licenses pertaining to the Project and its design, engineering, construction, op",False,False,True
NHAI_AP_GIDDALUR_VINUKONDA,NHAI_Giddalur_Vinukonda_NH544D.pdf,REHABILITATION_ENGINEERING_EVIDENCE,108,IDENTIFIED_BRIDGE_CONDITION_CANDIDATE,,FAIR; GOOD; DEFECT,,PIER; PIERS,INSPECTION; CRN,MAINTENANCE,km 212.; km 213.000; km 322.840,,,"han 15 (fifteen) days prior to the effective date of such Termination, the Independent Engineer shall verify, after giving due notice to the Concessionaire specifying the time, date and place of such verification and/or inspection, compliance by the Concessionaire with the Maintenance Requirements, and if required, cause appropriate tests to be carried out at the Concessionaire's cost for this purpose. Defaults, if any, in the Maintenance Requirements shall be cured by the Concessionaire at its cost and the provisions of Article 33 shall apply, mutatis mutandis, in relation to curing of defects or deficiencies under this Article 32. .;;"" 32.3 Cooperation and assistance on transfer of Project",False,False,True
NHAI_AP_GIDDALUR_VINUKONDA,NHAI_Giddalur_Vinukonda_NH544D.pdf,REHABILITATION_ENGINEERING_EVIDENCE,110,IDENTIFIED_BRIDGE_CONDITION_CANDIDATE,,DEFECT,,,INSPECTION,REPAIR; REPAIRS; REHABILITATION; MAINTENANCE,km 213.000; km 322.840,,,"- National Highways Authority of India Concession Agreement ARTICLE 33 DEFECTS LIABILITY AFTER TERMINATION 33.1 Liability for defects after Termination The Concessionaire shall be responsible for all defects and deficiencies in the Project for a period of 120 (one hundred and twenty) days after Termination, and it shall have the obligation to repair or rectify, at its own cost, all defects and deficiencies observed by the Independent Engineer in the Project during the aforesaid period. In the event that the Concessionaire fails to repair or rectify such defect or deficiency within a period of 15 (fifteen) days from the date of notice issued by the Authority in this behalf, the Authority shal",False,False,True
NHAI_AP_GIDDALUR_VINUKONDA,NHAI_Giddalur_Vinukonda_NH544D.pdf,REHABILITATION_ENGINEERING_EVIDENCE,112,IDENTIFIED_BRIDGE_CONDITION_CANDIDATE,,GOOD,,,,REHABILITATION,km 213.000; km 0; km 322.840,,,"raints set forth in Clause34.1 shall not apply to: (a) liens arising by operation of law (or by an agreement evidencing the same) in the ordinary course of business of the Project; (b) mortgages/pledges/hypothecation of goods/assets other than Project Assets and their related documents of title, arising or created in the ordinary course of business of the Project, and as security only for indebtedness to the Senior Lenders under the Financing Agreements and/or for working capital arrangements for the Project. For the avoidance of doubt, the Senior Lenders would be entitled to create a lien on the EscrowAccount, subject to and without prejudice to the rights of the Authority under this Agreem",False,False,True
NHAI_AP_GIDDALUR_VINUKONDA,NHAI_Giddalur_Vinukonda_NH544D.pdf,REHABILITATION_ENGINEERING_EVIDENCE,116,IDENTIFIED_BRIDGE_CONDITION_CANDIDATE,,DEFECT,,,,REHABILITATION,km 2; km 213.000; km 322.840,,,"es for any loss, damage, cost and expense of whatever kind and nature, whether arising out of any breach by the Concessionaire of any of its obligations under this Agreement or any related agreement or on account of any defect or deficiency in the provision of services by the Concessionaire to the Authority or to any User, or from any negligence of the Concessionaire under contract or tort or on any other ground whatsoever, except to the extent that any such suits, proceedings, actions, demands and claims have arisen due to any negligent act or omission, or breach or default of this Agreement on the part of the Authority Indemnified Persons. 36.1.2 The Authority shall indemnify, defend, save",False,False,True
NHAI_AP_GIDDALUR_VINUKONDA,NHAI_Giddalur_Vinukonda_NH544D.pdf,REHABILITATION_ENGINEERING_EVIDENCE,118,IDENTIFIED_BRIDGE_CONDITION_CANDIDATE,,SATISFACTORY,,,,,km 212.983; km 322.840,,,"e a conflict of interest between the Indemnifying Party and the Indemnified Party in the conduct of the defense of such action; (c) the Indemnifying Party shali not, in fact, have employed independent counsel reasonably satisfactory to the Indemnified Party, to assume the defense of such action and shali have been so notified by the Indemnified Party; or (d) The Indemnified Party shali have reasonably conciuded and specifically notified the Indemnifying Party either: (I) that there may be specific defenses available to it which are different from or additional to those available to the Indemnifying Party; or (ii) That such claim, action, suit or proceeding involves or could have a material a",False,False,True
NHAI_AP_GIDDALUR_VINUKONDA,NHAI_Giddalur_Vinukonda_NH544D.pdf,REHABILITATION_ENGINEERING_EVIDENCE,120,IDENTIFIED_BRIDGE_CONDITION_CANDIDATE,,GOOD,SETTLEMENT,,,,km .9; km 213.000; km 322.840,,,"ance with the conciliation procedure set forth in Clause 38.2. '.' ~ 38.1.2 The Parties agree to use their best efforts for resolving all Disputes arising under or in respect of this Agreement promptly, equitably and in good faith, and further agree to provide each other with reasonable access during normal business hours to all non­ privileged records, information and data pertaining to any Dispute. 38.2 Conciliation In the event of any Dispute between the Parties, either Party may call upon the Independent Engineer to mediate and assist the Parties in arriving at an amicable settlement thereof. Failing mediation by the Independent Engineer or without the intervention of the Independent Eng",False,False,True
NHAI_AP_GIDDALUR_VINUKONDA,NHAI_Giddalur_Vinukonda_NH544D.pdf,REHABILITATION_ENGINEERING_EVIDENCE,123,IDENTIFIED_BRIDGE_CONDITION_CANDIDATE,,FAIR,,,,,km 212.983; km 213.000; km 322.800; km 322.840,,," entry has been recorded during the course of such month, and upon perusal thereof, the Authority may, in its discretion, advise the Concessionaire to take such further action as the Authority may deem appropriate for a fair and just redressal of any grievance. The Concessionaire shall consider such advice and inform the Authority of its decision thereon, and if the Authority is of the opinion that the Complainant is entitled to further relief, the Authority may advise the Complainant to seek appropriate remedy under the Consumer Protection Act, 1986, at his own risk and cost. r:· -;.' Rehabilitatian and Upgradatian r - Vinukanda sectian af NH-544Dfram Design km 212.983 (existing km 213.000)",False,False,True
NHAI_AP_GIDDALUR_VINUKONDA,NHAI_Giddalur_Vinukonda_NH544D.pdf,REHABILITATION_ENGINEERING_EVIDENCE,124,IDENTIFIED_BRIDGE_CONDITION_CANDIDATE,,CONDITION,,,,,km 212.983; km 213.000; km 322.840,,,"rpreted in accordance with and governed by the laws of India, and the courts in New Delhi shall have exclusive jurisdiction over matters arising out of or relating to this Agreement. 41.2 Waiver of immunity Each Party unconditionally and irrevocably: (a) Agrees that the execution, delivery and performance by it of this Agreement constitute commercial acts done and performed for commercial purpose; (b) agrees that, should any proceedings be brought against it or its assets, property ,"": or revenues in any jurisdiction in relation to this Agreement or any transaction contemplated by this Agreement, no immunity (whether by reason of sovereignty or otherwise) from such proceedings shall be claim",False,False,True
NHAI_AP_GIDDALUR_VINUKONDA,NHAI_Giddalur_Vinukonda_NH544D.pdf,REHABILITATION_ENGINEERING_EVIDENCE,125,IDENTIFIED_BRIDGE_CONDITION_CANDIDATE,,CONDITION,,,INSPECTION,MAINTENANCE,km 322.840,,,"National HighwaysAuthorityof India ConcessionAgreement 41.5 Waiver 41.5.1 Waiver, including partial or conditional waiver, by either Party of any default by the other Party in the observance and performance of any provision of or obligations under this Agreement: (a) Shall not operate or be construed as a waiver of any other or subsequent default hereof or of other provisions of or obligations under this Agreement; (b) Shall not be effective unless it is in writing and executed by a duly authorized representative of the Party; and (c) Shall not affect the validity or enforceability of this Agreement in any manner. 41.5.2 Neither the failure by either Party to insist on any occasion upon the ",False,False,True
NHAI_AP_GIDDALUR_VINUKONDA,NHAI_Giddalur_Vinukonda_NH544D.pdf,REHABILITATION_ENGINEERING_EVIDENCE,126,IDENTIFIED_BRIDGE_CONDITION_CANDIDATE,,GOOD,,,,REHABILITATION,km 2.; km 213.000; km 322.840,,,"isdiction or any other instrumentality to be invalid, illegal or unenforceable, the validity, legality or enforceability of the remaining provisions shall not be affected in any manner, and the Parties will negotiate in good faith with a view to agreeing to one or more provisions which may be substituted for such invalid, unenforceable or illegal provisions, as nearly as is practicable to such invalid, illegal or unenforceable provision. Failure to agree upon any such provisions shall not be subject to the Dispute Resolution Procedure set forth under this Agreement or otherwise. 41.11 No partnership This Agreement shall not be interpreted or construed to create an association, joint venture ",False,False,True
NHAI_AP_GIDDALUR_VINUKONDA,NHAI_Giddalur_Vinukonda_NH544D.pdf,REHABILITATION_ENGINEERING_EVIDENCE,129,IDENTIFIED_BRIDGE_CONDITION_CANDIDATE,,CONDITION,,,,MAINTENANCE,km 322.840,,,"ances, licenses, permits, authorizations, no objection certificates, consents, approvals and exemptions required to be obtained or maintained under Applicable Laws in connection with the construction, operation and ;:,: maintenance of the Project during the subsistence of this Agreement; ""Appointed Date"" means the date on which Financial Close is achieved and every Condition Precedent is satisfied, in accordance with the provisions of this Agreement, and such date shall be the date of commencement of the Concession Period; ..~' s, in relation to either Party, and a person W Is,..h~O~Cgp~~~ common control with such Party (as )J means, with respect to a person whic "",""rI. nukondo section of NH",False,False,True
NHAI_AP_GIDDALUR_VINUKONDA,NHAI_Giddalur_Vinukonda_NH544D.pdf,REHABILITATION_ENGINEERING_EVIDENCE,131,IDENTIFIED_BRIDGE_CONDITION_CANDIDATE,,CONDITION,,,,MAINTENANCE,km 212.983; km 213.000; km 322.840,,,"during Construction Period and two years thereafter; provided that any material variation (as compared to the representations made by the Concessionaire during the bidding process for the purposes of meeting the minimum conditions of eligibility or for evaluation of its application or bid, as the case may be,) in the proportion of the equity holding of the selected bidder to the total Equity, if it occurs prior to completion of a period two years after COD, shall constitute Changein Ownership; :.:' ""Change of Scope"" shall have the meaning as set forth in Clause16.1.1; ""Company"" means the company acting asthe Concessionaire under this Agreement; ""Completion Certificate"" shall have the meaning",False,False,True
NHAI_AP_GIDDALUR_VINUKONDA,NHAI_Giddalur_Vinukonda_NH544D.pdf,REHABILITATION_ENGINEERING_EVIDENCE,133,IDENTIFIED_BRIDGE_CONDITION_CANDIDATE,,CONDITION,,,,,km 213.000,,,"alia, engineering and construction of the Project in accordance with the provisions of this Agreement; ""EPC Contractor"" means the person with whom the Concessionaire has entered into an EPC Contract; ""Emergency"" means a condition or situation that is likely to endanger the security of the individuals on or about the Project, including Users thereof, or which poses an immediate threat of material damage to any of the Project Assets; ""Encumbrances"" means, in relation to the Project, any encumbrances such as mortgage, charge, pledge, lien, hypothecation, security interest, assignment, privilege or priority of any kind having the effect of security or other such obligations, and shall include an",False,False,True
NHAI_AP_GIDDALUR_VINUKONDA,NHAI_Giddalur_Vinukonda_NH544D.pdf,REHABILITATION_ENGINEERING_EVIDENCE,134,IDENTIFIED_BRIDGE_CONDITION_CANDIDATE,,GOOD,,,,REHABILITATION,km 213.000; km 322.840,,,", and includes amendments or modifications made in accordance with Clause5.2.3; ""Force Majeure"" or ""Force Majeure Event"" shall have the meaning ascribed to it in Clause 28.1; j,""GOI"" means the Government of India; .,., ""Good Industry Practice"" means the practices, methods, techniques, designs, standards, '. ii·skills, diligence, efficiency, reliability and prudence which are generally and reasonably expected from a reasonably skilled and experienced operator engaged in the same type of undertaking as envisaged under this Agreement and which would be expected to ,i. . result in the performance of its obligations by the Concessionaire in accordance with this Agreement, Applicable Laws and Appl",False,False,True
NHAI_AP_GIDDALUR_VINUKONDA,NHAI_Giddalur_Vinukonda_NH544D.pdf,REHABILITATION_ENGINEERING_EVIDENCE,137,IDENTIFIED_BRIDGE_CONDITION_CANDIDATE,BRIDGE; ROAD OVER BRIDGE,GOOD,,FOUNDATION,,REPLACEMENT; MAINTENANCE,Km 212.983; Km 213.000; Km 322.800; Km 322.840,,,"National Highways Authority of India Concession Agreement Substitution Agreement, or any agreement for procurement of goods and services involving a consideration of up to Rs. 25 Crore (Rupees Twenty FiveCrore only); ""Project Assets"" means all physical and other assets relating to and forming part of the Site including (a) rights over the Site in the form of license, Right of Way or otherwise; (b) tangible assets such as civil works and equipment including foundations, embankments, pavements, road surface, interchanges, bridges, culverts, road over bridges, drainage works, traffic signals, sign boards, kilometer-stones, toll plazals], electrical systems, communication systems, rest areas, re",False,False,True
NHAI_AP_GIDDALUR_VINUKONDA,NHAI_Giddalur_Vinukonda_NH544D.pdf,REHABILITATION_ENGINEERING_EVIDENCE,138,IDENTIFIED_BRIDGE_CONDITION_CANDIDATE,,,RUST,,,MAINTENANCE,km 322.840,,,"tal (B); ""Right of Way"" means the constructive possession of the Site, together with all way leaves, easements, unrestricted access and other rights of way, howsoever described, necessary for construction, operation and maintenance of the Project in accordance with this Agreement; ""Safety Consultant"" shall have the meaning as set forth in Clause 18.1.2; ""Safety Requirements"" shall have the meaning as set forth in Clause 18.1.1; ""Scheduled Completion Date"" shall have the meaning as set forth in Clause 12.3.1; ""Scope of the Project"" shall have the meaning as set forth in Clause 2.1; ""Senior Lenders"" means the financial institutions, banks, multilateral lending agencies, trusts, funds and agent",False,False,True
NHAI_AP_GIDDALUR_VINUKONDA,NHAI_Giddalur_Vinukonda_NH544D.pdf,REHABILITATION_ENGINEERING_EVIDENCE,139,IDENTIFIED_BRIDGE_CONDITION_CANDIDATE,,GOOD,,,,REHABILITATION,km 212.983; km 213.000; km 322.840,,,"National Highways Authority of India Concession Agreement 125 Rehabilitation and Upgradatia {;; onda section of NH-544Dfrom Design km 212.983 (existing km 213.000) to Design k· 2!JlIlitJ .sting km 322.840) (Design length 112.797 km) in the State ofAndhra Pradesh to two lane with paved shoulder under NH (0) on Hybrid Annuity Mode ::: r~-.. ;: (b) all accrued interest on the debt referred to in Sub-clause (a) above but restricted -',' to the lesser of actual interest rate and a rate equal to 5% (five per cent) above the Bank Rate in case of loans expressed in Indian Rupees and lesser of the actual interest rate and 6 (six) month L1BOR (London Inter-Bank Offer Rate) plus 2% (two per cent) in ca",False,False,True
NHAI_AP_GIDDALUR_VINUKONDA,NHAI_Giddalur_Vinukonda_NH544D.pdf,REHABILITATION_ENGINEERING_EVIDENCE,174,IDENTIFIED_BRIDGE_CONDITION_CANDIDATE,,DAMAGED,,,,REHABILITATION,km 212.983; km 2; km 322.800; km 322.840,,,"Rehabilitation and Upgradation of Giddalur -. vinukonda section ofNH-544D from Design km 212.983 (existing km 2 [3.000) to Design km 322.800 (existing km 322.840) (Design length 112.797 krn) in the State of Andhrn Pradesh to two lane with paved shoulder under NH(O) on Hybrid Annuity Mode. same as that of main carriageway. (b) Rigid Pavement - Toll Plaza The rigid pavement shall be designed for minimum CVPO of 2176 for 30 years design period. However, minimum thickness of GSB, OLC and PQC in rigid pavement shall be 150 mm, 150 mm and 280 mm respectively. ~. 5.2Type of Pavement: Flexible pavement is proposed for main carriageway(existing and bypasses) with paved shoulder including Bus Bays & T",False,False,True
NHAI_AP_GIDDALUR_VINUKONDA,NHAI_Giddalur_Vinukonda_NH544D.pdf,REHABILITATION_ENGINEERING_EVIDENCE,186,IDENTIFIED_BRIDGE_CONDITION_CANDIDATE,,DAMAGED,,SLAB,,REPAIR; REHABILITATION,km 212; km 213.000; km 322.800; km 322.840,,,"Rehabilitation and Upgradation of'Giddalur - vinukonda section ofNH-544D from Design km 212,983 (existing km 213.000) to Design km 322.800 (existing km 322.840) (Design length 112.797 km) in the State of Andhra Pradesh to two lane with paved shoulder under NH(O) on Hybrid Annuity Mode. E. New Construction as Box Culverts: .. / Desigl1cllai~age(kl11) , ,'rotal Length "" "", "" Remarks' 1 00,620 2m Gobburu Bypass 2 00.800 2m 3 01,140 2m 4 01.220 2m 5 01.400 2m 6 01.680 2m 7 01,960 2m 8 292.600 2m Tirpuranthakam Bypass 9 292.625 2m 10 292.900 2m 11 293.760 2m 12 294.860 2m 13 295.160 2m ~: ;,.. ~. ~: F t­ '.: , F. New Hume Pipe Culverts: SL. No .. ,'.,' , "",' NeW Design "". Chainage' ,Total' Length",False,False,True
NHAI_AP_GIDDALUR_VINUKONDA,NHAI_Giddalur_Vinukonda_NH544D.pdf,REHABILITATION_ENGINEERING_EVIDENCE,187,IDENTIFIED_BRIDGE_CONDITION_CANDIDATE,BRIDGE; MAJOR BRIDGE; MINOR BRIDGE,DEFECT; DAMAGED,CRACK,FOUNDATION; PIER; PIERS; ABUTMENT; BEARING; DECK; SUBSTRUCTURE; SLAB; EXPANSION JOINT,,REPAIR; REHABILITATION; REHABILITATE; STRENGTHENING,km 212.983; km 213.000; km 322.800; km 322.840,,,"Rehabilitation and Upgradarion ofGiddalur- Vinukonda section ofNH-544D from Design km 212.983 (existing km 213.000) to Design km 322.800 (existing km 322.840) (Design length 112.797 km) in the Slate of Andhra Pradesh [0 two lane with paved shoulder under NHDP-IV under NH(O) on Hybrid Annuity Mode. 12. Details of Bridges to be Reconstructed I Widened I New Construction Details of Major Bridges and Minor Bridges to be reconstructed / widened I new construction are given below A. Rehabilitation & Repair of Existing Major Bridges: The following existing major bridges, proposed to be either retained or retained and widened, shall be repaired /strengthenedas per the details given below. S.No .EXis",False,False,True
NHAI_AP_GIDDALUR_VINUKONDA,NHAI_Giddalur_Vinukonda_NH544D.pdf,REHABILITATION_ENGINEERING_EVIDENCE,191,BRIDGE_LEVEL_CONDITION_CANDIDATE,BRIDGE; MINOR BRIDGE,DEFECT; DAMAGED,CRACK; EXPOSED REINFORCEMENT,FOUNDATION; PIER; PIERS; ABUTMENT; BEARING; DECK; SUBSTRUCTURE; GIRDER; SLAB; EXPANSION JOINT,,REPAIR; REPAIRS; REHABILITATION; REHABILITATE; STRENGTHENING,km 211.983; km 213.000; km 311.800,AP_BR_OSM_W1081167107; AP_BR_OSM_W1086848414; AP_BR_OSM_W1086848416; AP_BR_OSM_W1086848436; AP_BR_OSM_W1086848440; AP_BR_OSM_W1088411426; AP_BR_OSM_W1088411432; AP_BR_OSM_W1088411472; AP_BR_OSM_W1088411473; AP_BR_OSM_W1088411477; AP_BR_OSM_W1088411479; AP_BR_OSM_W1088426820; AP_BR_OSM_W1088426833; AP_BR_OSM_W1088426835; AP_BR_OSM_W1088463022; AP_BR_OSM_W1088463024; AP_BR_OSM_W1089450070; AP_BR_OSM_W1089450073; AP_BR_OSM_W1089450078; AP_BR_OSM_W1089450081; AP_BR_OSM_W1120249872; AP_BR_OSM_W1155071501; AP_BR_OSM_W1155071503; AP_BR_OSM_W1191649245; AP_BR_OSM_W1225609297; AP_BR_OSM_W1232731403; AP_BR_OSM_W1232731423; AP_BR_OSM_W1237976449; AP_BR_OSM_W1237978378; AP_BR_OSM_W1237978510; AP_BR_OSM_W1237978514; AP_BR_OSM_W1237979758; AP_BR_OSM_W1237979762; AP_BR_OSM_W1243542316; AP_BR_OSM_W1243542321; AP_BR_OSM_W1245312598; AP_BR_OSM_W1245312599; AP_BR_OSM_W1273875767; AP_BR_OSM_W1273875769; AP_BR_OSM_W1273875773; AP_BR_OSM_W1273875775; AP_BR_OSM_W1273875815; AP_BR_OSM_W1273875817; AP_BR_OSM_W1273875869; AP_BR_OSM_W1273875875; AP_BR_OSM_W1273875877; AP_BR_OSM_W1306892617; AP_BR_OSM_W1306892623; AP_BR_OSM_W1324235692; AP_BR_OSM_W1329295334; AP_BR_OSM_W1329295340; AP_BR_OSM_W1362529455; AP_BR_OSM_W1362529457; AP_BR_OSM_W1367602016; AP_BR_OSM_W1384358138; AP_BR_OSM_W1451125171; AP_BR_OSM_W1463702254; AP_BR_OSM_W1463702255; AP_BR_OSM_W1467110239; AP_BR_OSM_W1470248110; AP_BR_OSM_W1470248112; AP_BR_OSM_W1470248115; AP_BR_OSM_W1470248117; AP_BR_OSM_W1470254032; AP_BR_OSM_W1470254034; AP_BR_OSM_W1470254037; AP_BR_OSM_W1470254039; AP_BR_OSM_W1470254042; AP_BR_OSM_W1470254595; AP_BR_OSM_W1470254597; AP_BR_OSM_W1492140167; AP_BR_OSM_W1492140169; AP_BR_OSM_W1498208935; AP_BR_OSM_W1498208941; AP_BR_OSM_W1498244122; AP_BR_OSM_W1509394849; AP_BR_OSM_W1509394850; AP_BR_OSM_W1513126572; AP_BR_OSM_W1513126574; AP_BR_OSM_W1513577126; AP_BR_OSM_W1523945375; AP_BR_OSM_W1523945376; AP_BR_OSM_W1524280480; AP_BR_OSM_W1526081025; AP_BR_OSM_W1534018757; AP_BR_OSM_W1534018759; AP_BR_OSM_W1540667922; AP_BR_OSM_W1544023678; AP_BR_OSM_W1544023680; AP_BR_OSM_W1546593842; AP_BR_OSM_W1546593845; AP_BR_OSM_W480403927; AP_BR_OSM_W480403929; AP_BR_OSM_W673858216; AP_BR_OSM_W673858223; AP_BR_OSM_W826596384; AP_BR_OSM_W826596386; AP_BR_OSM_W826596400; AP_BR_OSM_W826596402; AP_BR_OSM_W826596413; AP_BR_OSM_W826596416; AP_BR_OSM_W826596424; AP_BR_OSM_W826596430; AP_BR_OSM_W826596440; AP_BR_OSM_W826596442; AP_BR_OSM_W826596445; AP_BR_OSM_W826596449; AP_BR_OSM_W826596455; AP_BR_OSM_W826596458; AP_BR_OSM_W826596464; AP_BR_OSM_W826596466; AP_BR_OSM_W826596490; AP_BR_OSM_W826596496; AP_BR_OSM_W839529008; AP_BR_OSM_W843783103; AP_BR_OSM_W843783106; AP_BR_OSM_W845261050; AP_BR_OSM_W851480115; AP_BR_OSM_W851518401; AP_BR_OSM_W852274598; AP_BR_OSM_W852304662; AP_BR_OSM_W852304667; AP_BR_OSM_W852304670; AP_BR_OSM_W854500413; AP_BR_OSM_W854500419; AP_BR_OSM_W854500422; AP_BR_OSM_W854500428; AP_BR_OSM_W854500429; AP_BR_OSM_W854500435; AP_BR_OSM_W855374531; AP_BR_OSM_W855376825; AP_BR_OSM_W855376827,Service Road; Service Road; Service Road; Service Road; Service Road; Service Road; Service Road; Service Road; Service Road; Service Road; Service Road; Service Road; Service Road; Service Road; Service Road; Service Road; Service Road; Service Road; Service Road; Service Road; Service Road; Service Road; Service Road; Service Road; Service Road; Service Road; Service Road; Service Road; Service Road; Service Road; Service Road; Service Road; Service Road; Service Road; Service Road; Service Road; Service Road; Service Road; Service Road; Service Road; Service Road; Service Road; Service Road; Service Road; Service Road; Service Road; Service Road; Service Road; Service Road; Service Road; Service Road; Service Road; Service Road; Service Road; Service Road; Service Road; Service Road; Service Road; Service Road; Service Road; Service Road; Service Road; Service Road; Service Road; Service Road; Service Road; Service Road; Service Road; Service Road; Service Road; Service Road; Service Road; Service Road; Service Road; Service Road; Service Road; Service Road; Service Road; Service Road; Service Road; Service Road; Service Road; Service Road; Service Road; Service Road; Service Road; Service Road; Service Road; Service Road; Service Road; Service Road; Service Road; Service Road; Service Road; Service Road; Service Road; Service Road; Service Road; Service Road; Service Road; Service Road; Service Road; Service Road; Service Road; Service Road; Service Road; Service Road; Service Road; Service Road; Service Road; Service Road; Service Road; Service Road; Service Road; Service Road; Service Road; Service Road; Service Road; Service Road; Service Road; Service Road; Service Road; Service Road; Service Road; Service Road; Service Road; Service Road; Service Road; Service Road; Service Road; Service Road; Service Road,"Rehabilitation and Upgradarion ofGiddalur - Vinukonda section of NH·544D from Design km 211.983 (existing km 213.000) 10 Design km 311.800 (exisuig krn 311.840) (Design length 112.797 km] in the State of Andhra Pradesh to two lane with paved shoulder under NHDP-IV under NH(O) on Hybrid Annuity Mode. . Sr.No Existing Chainage (Km) Design. - Chainage (Km) - SRlMCW -Proposal Span Arrangement Total width of Structure .Nature of Extent of Repairs / Strengthening to be carried out -for existing bridge 31 322.225 322.200 MCW Retained and Widened with Rehabilitation 6x3m 16m Refer foot Note below - -. SR - Service Road/Slip Road, MCW - Main Carriageway Width is excluding the gap between Main Carriag",False,False,True
NHAI_AP_GIDDALUR_VINUKONDA,NHAI_Giddalur_Vinukonda_NH544D.pdf,REHABILITATION_ENGINEERING_EVIDENCE,194,IDENTIFIED_BRIDGE_CONDITION_CANDIDATE,BRIDGE,DEFECT; DAMAGED,CRACK; EXPOSED REINFORCEMENT,FOUNDATION; PIER; PIERS; ABUTMENT; BEARING; DECK; SUBSTRUCTURE; GIRDER; SLAB,,REPAIR; REHABILITATION; REHABILITATE,km 213.000,,,"Rehabilitation and Upgredaticn ofGiddalur- Vinukonda section ofNH-544D from Design krn 212,983 (existing km 213.000) to Design kill 322,800 (existing krn 322.840) (Design length 111.797 km) in the State of Andhra Pradesh to IWO lane with paved shoulder under NH(O)on Hybrid Annuity Mode. • Damaged Wearing coat shall be removed completely up to top of deck slab and re-laid with drainage spouts. • Defective bearing shall be replaced. • Protect the foundation of Piers and abutments. • Surface cracks in the substructure shall be repaired. • Proper improvements shall be made for revetment. • Exposed Reinforcement at the bottom of deck slab shall be repaired by guniting. • Girders and slabs shall b",False,False,True
NHAI_AP_GIDDALUR_VINUKONDA,NHAI_Giddalur_Vinukonda_NH544D.pdf,REHABILITATION_ENGINEERING_EVIDENCE,197,IDENTIFIED_BRIDGE_CONDITION_CANDIDATE,BRIDGE,CONDITION,,,,REHABILITATION,km 212.983; km 213; km 322.800; km 322.840,,,"Rehabilitation and Upgradation of Giddatur - vinukonda section ofNH-S44D from Design km 212.983 (existing km 213,000) to Design km 322.800 (existing km 322.840) (Design length 112.797 km) in the State of Andhra Pradesh to two lane with paved shoulder under NH(O) on Hybrid Annuity Mode. Above mentioned toll lanes are minimum. However concessionaire shall assess actual requirement of toll lanes as per site condition andthe provision of the manual. These toll lanes shall be finalized in consultation with Independent Engineer/ Project Director, NHAI. The additional toll lanes shall not be treated as change of scope (ii) Solar panels shall be erected over the Toll Plaza Canopy to generate the gre",False,False,True
NHAI_AP_GIDDALUR_VINUKONDA,NHAI_Giddalur_Vinukonda_NH544D.pdf,REHABILITATION_ENGINEERING_EVIDENCE,211,IDENTIFIED_BRIDGE_CONDITION_CANDIDATE,,CONDITION,,,,REHABILITATION,km 212.983; km 213.000; km 322.800; km 322.840,,,"arances required under Applicable Laws. Unless otherwise specified in this Agreement, Applicable Permits, as required, relating to environmental protection and conservation shall have been procured by the Authority as a Condition Precedent. I­,i 197 Rehabilitation and Upgradotion of Giddalur - Vinukonda section of NH-544D from Design km 212.983 (existing km 213.000) to Design km 322.800 (existing km 322.840) (Design length 112.797 km) in the State of Andhra Pradesh to twa fane with paved shoulder under NH (0) an Hybrid Annuity Made",False,False,True
NHAI_AP_GIDDALUR_VINUKONDA,NHAI_Giddalur_Vinukonda_NH544D.pdf,REHABILITATION_ENGINEERING_EVIDENCE,212,IDENTIFIED_BRIDGE_CONDITION_CANDIDATE,,CONDITION,,,,REHABILITATION,km 212.983; km 213.000; km 322.800; km 322.840,,,"ncessionaire"") and the Chairman, National Highways Authority of India (the ""Authority"") have entered into a Concession Agreement dated (the ""Agreement"") whereby the Authority has agreed to the Concessionaire undertaking Rehabilitation and Upgradation of Giddalur - Vinukonda section of NH-544D from Design km 212.983 (existing km 213.000) to Design km 322.800 (existing km 322.840) (Design length 112.797 km) in the State of Andhra Pradesh to two lane with paved shoulder under NH (0) on design, build, operate and transfer (""DBOT Annuity or Hybrid Annuity"") basis, subject to and in accordance with the provisions of the Agreement. (8) The Agreement requires the Concessionaire to furnish a Performa",False,False,True
NHAI_AP_GIDDALUR_VINUKONDA,NHAI_Giddalur_Vinukonda_NH544D.pdf,REHABILITATION_ENGINEERING_EVIDENCE,213,IDENTIFIED_BRIDGE_CONDITION_CANDIDATE,,CONDITION,,,,REHABILITATION,km 213.000,,," before presenting to the Bank its demand under this Guarantee. 5. The Authority shall have the liberty, without affecting in any manner the liability of the Bank under this Guarantee, to vary at any time, the terms and conditions of the Agreement or to extend the time or period for the compliance with, fulfilment and/ or performance of all or any of the obligations of the Concessionaire contained in the Agreement or to postpone for any time, and from time to time, any of the rights and powers exercisable by the Authority against the Concessionaire, and either to enforce or forbear from enforcing any of the terms and conditions contained in the Agreement and/or the securities available to th",False,False,True
NHAI_AP_GIDDALUR_VINUKONDA,NHAI_Giddalur_Vinukonda_NH544D.pdf,REHABILITATION_ENGINEERING_EVIDENCE,227,IDENTIFIED_BRIDGE_CONDITION_CANDIDATE,BRIDGE; MINOR BRIDGE; FLYOVER,GOOD,,,,REHABILITATION,km 212.983; km 213.000; km 322.800; km 322.840,,,"National Highways Authority of India ConcessionAgreement form part of the sample. For the bridge portion, one spot shall be selected at random by the Independent Engineer in each span of the bridge. 2.7 Structural Test for bridges: All major and minor bridges, including over bridges, underpasses and flyovers, constructed by the Concessionaire shall be subjected to the Rebound Hammer and Ultrasonic Pulse Velocity tests, to be conducted in accordance with the procedure described in Special Report No. 17: 1996 of the IRC Highway Research Board on Non-destructive Testing Techniques, at two spots in every span, to be chosen at random by the Independent Engineer. Bridges with a span of 15 (fifteen",False,False,True
NHAI_AP_GIDDALUR_VINUKONDA,NHAI_Giddalur_Vinukonda_NH544D.pdf,REHABILITATION_ENGINEERING_EVIDENCE,230,IDENTIFIED_BRIDGE_CONDITION_CANDIDATE,,GOOD; DETERIORATION; DEFECT,,,,REPAIR; REHABILITATION; MAINTENANCE,km 212.983; km 213.000; km 322.840,,,". National Highways Authority of India Concession Agreement SCHEDULE - K (See Clause 17.2) MAINTENANCE REQUIREMENTS 1 Maintenance Requirements :1.1 The Concessionaire shall, at all times, operate and maintain the Project in I accordance with the provisions of the Agreement, Applicable Laws and Applicable Permits. In particular, the Concessionaire shall, at all times during the Operation Period, conform to the maintenance requirements set forth in this Schedule-K(the ""Maintenance Requirements""). 1.2 The Concessionaire shall repair or rectify any defect or deficiency set forth in Paragraph 2 of this Schedule-K within the time limit specified therein and any failure in this behalf shall constit",False,False,True
NHAI_AP_GIDDALUR_VINUKONDA,NHAI_Giddalur_Vinukonda_NH544D.pdf,REHABILITATION_ENGINEERING_EVIDENCE,231,IDENTIFIED_BRIDGE_CONDITION_CANDIDATE,,DETERIORATION; DEFECT,,,INSPECTION,REPAIR; REHABILITATION; MAINTENANCE,km 212.983; km 213.000; km 322.800; km 322.840,,,"National HighwaysAuthority of India Concession Agreement Notwithstanding anything to the contrary contained in this Schedule-K, if any defect, deficiency or deterioration in the Project poses a hazard to safety or risk of damage to property, the Concessionaire shall promptly take all reasonable measures for eliminating or minimizing such danger. 6 Daily Inspection by the Concessionaire The Concessionaire shall, through its engineer, undertake a daily visual inspection of the Project and maintain a record thereof in a register to be kept in such form and manner as the Independent Engineer may specify. Such record shall be kept in safe custody of the Concessionaire and shall be open to inspect",False,False,True
NHAI_AP_GIDDALUR_VINUKONDA,NHAI_Giddalur_Vinukonda_NH544D.pdf,REHABILITATION_ENGINEERING_EVIDENCE,232,IDENTIFIED_BRIDGE_CONDITION_CANDIDATE,,POOR; DEFECT,CRACK; CRACKING,,,REPAIR; REHABILITATION,km 322.840,,,"National Highways Authority of India Concession Agreement ANNEX-I (Schedule-K) Repair/Rectification of Defects and Deficiencies The Concessionaire shall repair and rectify the defects and deficiencies specified in this Annex-I of Schedule-K within the time limit set forth herein. ROADS (a) S.No. Nature of defect or deficiency Time limit for Repair/ rectification Carriageway and paved shoulders (i) Breach or blockade Temporary restoration of traffic within 24 hours; permanent restoration within 15 days (ii) Roughness value exceeding 2,750 mm in a stretch of 1 180 days km (as measured by a standardized rough meter/bump integrator) (iii) Pot holes 48 hours (iv) Cracking in more than 5% of road ",False,False,True
NHAI_AP_GIDDALUR_VINUKONDA,NHAI_Giddalur_Vinukonda_NH544D.pdf,REHABILITATION_ENGINEERING_EVIDENCE,233,IDENTIFIED_BRIDGE_CONDITION_CANDIDATE,BRIDGE,DETERIORATION; DEFECT,CRACK; SPALLING; SCOUR; EROSION; SETTLEMENT; DEFORMATION,FOUNDATION; PIER; PIERS; ABUTMENT; BEARING; BEARINGS; SUPERSTRUCTURE; SLAB,,REHABILITATION; REPLACEMENT,km 213; km 322.800; km 322.840,,,"National Highways Authority of India Concession Agreement Deterioration in health of trees and bushes (ii) Replacement of trees and bushes (iii) Removal of vegetation affecting sight line and road structures Rest areas (iv) Cleaning of toilets (Ii) (i) Defects in electrical, water and sanitary installations Other Project Facilities and Approach roads Damage or deterioration in Approach Roads, [pedestrian facilities, truck lay-bys, bus-bays, bus- shelters, cattle crossings, Traffic Aid Posts, Medical Aid Posts and other works] (i) Timely watering and treatment 90 days 15 days Every4 hours 24 hours 15 days BRIDGES Superstructure of bridges Cracks Temporary measures (i) Within 48 hours Permanen",False,False,True
NHAI_AP_GIDDALUR_VINUKONDA,NHAI_Giddalur_Vinukonda_NH544D.pdf,REHABILITATION_ENGINEERING_EVIDENCE,235,IDENTIFIED_BRIDGE_CONDITION_CANDIDATE,BRIDGE,GOOD,,BEARING,,,km 212.; km 322.840,,,"esign details that have a bearing on safety of Users (the ""Safety Drawings""). Such design details shall include horizontal and vertical alignments; sightlines; layouts of intersections; interchanges; road cross-section; bridges and culverts; side drains; provision for parked vehicles, slow moving vehicles (tractors, bullock carts, bicycles) and pedestrians; bus bays; truck lay-bys; and other incidental or consequential information. The Safety Consultant shall review the design details and forward 3 (three) copies of the Safety Drawings with its recommendations, if any, to the Independent Engineer who shall record its comments, if any, and forward one copy each to the Authority and the Conces",False,False,True
NHAI_AP_GIDDALUR_VINUKONDA,NHAI_Giddalur_Vinukonda_NH544D.pdf,REHABILITATION_ENGINEERING_EVIDENCE,240,IDENTIFIED_BRIDGE_CONDITION_CANDIDATE,,FAIR; GOOD,,,INSPECTION,REHABILITATION; MAINTENANCE,km 21; km 213.000; km 322.840,,,"National HighwaysAuthority of India Concession Agreement 3.2 The Independent Engineer shall discharge its duties in a fair, impartial and efficient manner, consistent with the highest standards of professional integrity and Good Industry Practice. 4 Development Period 4.1 During the Development Period, the Independent Engineer shall undertake a detailed review of the Drawings to be furnished by the Concessionaire along with supporting data, including the geo-technical and hydrological investigations, characteristics of materials from borrow areas and quarry sites, topographical surveys and traffic surveys. The Independent Engineer shall complete such review and send its comments/observations",False,False,True
NHAI_AP_GIDDALUR_VINUKONDA,NHAI_Giddalur_Vinukonda_NH544D.pdf,REHABILITATION_ENGINEERING_EVIDENCE,241,IDENTIFIED_BRIDGE_CONDITION_CANDIDATE,BRIDGE,FAIR; GOOD; DEFECT,,,INSPECTION,MAINTENANCE,km 212.; km 322.840,,,". National Highways Authority of India Concession Agreement in reasonable detail the lapses, defects or deficiencies observed by it in the construction of the Project. The Inspection Report shall also contain a review of the maintenance of the existing lanes in conformity with the provisions of the Agreement. The Independent Engineer shall send a copy of' its Inspection Report to the Authority and the Concessionaire within 7 (seven) daysof the inspection. 5.4 The Independent Engineer may inspect the Project more than once in a month ifany lapses, defects or deficiencies require such inspections. 5.5 For determining that the Construction Works conform to Specifications and Standards, the Inde",False,False,True
NHAI_AP_GIDDALUR_VINUKONDA,NHAI_Giddalur_Vinukonda_NH544D.pdf,REHABILITATION_ENGINEERING_EVIDENCE,242,IDENTIFIED_BRIDGE_CONDITION_CANDIDATE,,FAIR,,,,REHABILITATION; MAINTENANCE,km 2; km 213.000; km 322.840,,," all matters incidental thereto, the Independent Engineer shall act under and in accordance with the provisions of Article 14 and Schedule-I. 5.14 Upon reference from the Authority, the Independent Engineer shall make a fair and reasonable assessment of the costs of providing information, works and services as set forth in Article 16 and certify the reasonableness of such costs for payment by the Authority to the Concessionaire. 5.15 The Independent Engineer shall aid and advise the Concessionaire in preparing the Maintenance Manual. 5.16 Upon reference from the Authority, the Independent Engineer shall undertake the assessment of cost of civil works, as per applicable schedule of rates, for",False,False,True
NHAI_AP_GIDDALUR_VINUKONDA,NHAI_Giddalur_Vinukonda_NH544D.pdf,REHABILITATION_ENGINEERING_EVIDENCE,243,IDENTIFIED_BRIDGE_CONDITION_CANDIDATE,,GOOD; DETERIORATION; DEFECT,,,INSPECTION,REPAIR; REHABILITATION; MAINTENANCE,km 213.000; km 322.840,,,"National Highways Authority of India Concession Agreement section of the O&M Inspection Report, the Independent Engineer shall describe in reasonable detail the lapses, defects or deficiencies observed by it in O&M of the Project. The Independent Engineer shall send a copy of its O&M Inspection Report to the Authority and the Concessionaire within 7 (seven) days of the inspection. 6.5 The Independent Engineer may inspect the Project more than once in a month, if any lapses, defects or deficiencies require such inspections. 6.6 The Independent Engineer shall in its O&M Inspection Report specify the tests, if any, that the Concessionaire shall carry out, or cause to be carried out, for the pur",False,False,True
NHAI_AP_GIDDALUR_VINUKONDA,NHAI_Giddalur_Vinukonda_NH544D.pdf,REHABILITATION_ENGINEERING_EVIDENCE,244,IDENTIFIED_BRIDGE_CONDITION_CANDIDATE,,GOOD; DEFECT,SETTLEMENT,,INSPECTION,REHABILITATION,km 213.000; km 322.840,,,"ndependent Engineer shall inspect the Project once in every 15 (fifteen) days during a period of 90 (ninety) days after Termination for determining the liability of the Concessionaire under Article 33, in respect of the defects or deficiencies specified therein. If any such defect or deficiency is found by the Independent Engineer, it shall make a report in reasonable detail and send it forthwith to the Authority and the Concessionaire. 8 Determination of costs and time 8.1 The Independent Engineer shall determine the costs, and/or their reasonableness, that are required to be determined by it under the Agreement. 8.2 The Independent Engineer shall determine the period, or any extension ther",False,False,True
NHAI_AP_GIDDALUR_VINUKONDA,NHAI_Giddalur_Vinukonda_NH544D.pdf,REHABILITATION_ENGINEERING_EVIDENCE,246,IDENTIFIED_BRIDGE_CONDITION_CANDIDATE,,CONDITION,,,,REHABILITATION,km 212.983; km 213.000; km 322.800; km 322.840,,," the context or meaning thereof, include its administrators, successors and assigns). WHEREAS: (A) The Authority has entered into a Concession Agreement dated with the Concessionaire (the ""Concession Agreement"") for the Rehabilitation and Upgradation of Giddalur ­ Vinukonda section of NH-544D from Design km 212.983 (existing km 213.000) to Design km 322.800 (existing km 322.840) (Design length 112.797 km) in the State of Andhra Pradesh to two lane with paved shoulder under NH (0) Project (the ""Project"") on design, build, operate and transfer (the ""DBOT Annuity or Hybrid Annuity"") basis, and a copy of which is annexed hereto and marked as Annex-A to form part of this Agreement. (B) Senior Len",False,False,True
NHAI_AP_GIDDALUR_VINUKONDA,NHAI_Giddalur_Vinukonda_NH544D.pdf,REHABILITATION_ENGINEERING_EVIDENCE,248,IDENTIFIED_BRIDGE_CONDITION_CANDIDATE,,CONDITION,RUST,,,,km 213.000; km 322.840,,,"National Highways Authority of India Concession Agreement 2.1 Escrow Bank to act astrustee 2.1.1 The Concessionaire hereby appoints the Escrow Bank to act as trustee for the Authority, the Lenders' Representative and the Concessionaire in connection herewith and authorizes the Escrow Bank to exercise such rights, powers, authorities and discretion as are specifically delegated to the Escrow Bank by the terms hereof together with all such rights, powers, authorities and discretion as are reasonably incidental hereto, and the Escrow Bank accepts such appointment pursuant to the terms hereof. 2.1.2 The Concessionaire hereby declares that all rights, title and interest in and to the Escrow Accou",False,False,True
NHAI_AP_GIDDALUR_VINUKONDA,NHAI_Giddalur_Vinukonda_NH544D.pdf,REHABILITATION_ENGINEERING_EVIDENCE,250,IDENTIFIED_BRIDGE_CONDITION_CANDIDATE,,CONDITION,,,,REHABILITATION,km 2; km 213.000; km 322.840,,,"on the Payment Date{s); (a) All taxes due and payable by the Concessionaire for and in respect of the Project; (b) Deleted; (c) All payments relating to construction of the Project, subject to and in accordance with the conditions, if any, set forth in the Financing Agreements; (d) O&M Expenses, subject to the ceiling, if any, set forth in the Financing Agreements; (e) O&M Expenses and other costs and expenses incurred by the Authority in accordance with the provisions of the Concession Agreement, and certified by the Authority as due and payable to it; (f) Any amounts due and payable to the Authority; (g) Monthly proportionate provision of Debt Service due in an Accounting Year; (h) all pay",False,False,True
NHAI_AP_GIDDALUR_VINUKONDA,NHAI_Giddalur_Vinukonda_NH544D.pdf,REHABILITATION_ENGINEERING_EVIDENCE,251,IDENTIFIED_BRIDGE_CONDITION_CANDIDATE,,DEFECT,,,,REPAIR; REHABILITATION; REPLACEMENT,km 21; km 213.000; km 322.840,,," to it by the Concessionaire pursuant to the Concession Agreement, including any claims in connection with or arising out of Termination; :0:-: (e) Retention and payments arising out of, or in relation to, liability for defects and deficiencies set forth in Article 33 of the Concession Agreement; (f) Outstanding Debt Service including the balance of Debt Due; (g) Outstanding Subordinated Debt; (h) Incurred or accrued O&M Expenses; (i) Any other payments required to be made under the Concession Agreement; and Ul Balance, if any, in accordance with the instructions of the Concessionaire: Provided that the disbursements specified in Sub-clause (i) of this Clause 4.2 shall be undertaken only aft",False,False,True
NHAI_AP_GIDDALUR_VINUKONDA,NHAI_Giddalur_Vinukonda_NH544D.pdf,REHABILITATION_ENGINEERING_EVIDENCE,252,IDENTIFIED_BRIDGE_CONDITION_CANDIDATE,,,RUST,,,REHABILITATION,km 212.; km 213.000; km 322.840,,,"GATIONS OFTHE ESCROW BANK 5.1 Segregation offunds Monies and other property received by the Escrow Bank under this Agreement shall, until used or applied in accordance with this Agreement, be held by the Escrow Bank in trust for the purposes for which they were received, and shall be segregated from other funds and property ofthe Escrow Bank. 5.2 Notification of balances 7(seven) business days prior to each Payment Date (and for this purpose the Escrow Bank shall be entitled to rely on an affirmation by the Concessionaire and/or the Lenders' Representative as to the relevant Payment Dates), the Escrow Bank shall notify the Lenders' Representative of the balances in the Escrow Account and Sub",False,False,True
NHAI_AP_GIDDALUR_VINUKONDA,NHAI_Giddalur_Vinukonda_NH544D.pdf,REHABILITATION_ENGINEERING_EVIDENCE,253,IDENTIFIED_BRIDGE_CONDITION_CANDIDATE,,SATISFACTORY,,,,,km 213.000,,,"scrow Bank, the Authority and the Lenders' Representative, terminate this Agreement and appoint a new Escrow Bank, provided that the new Escrow Bank is acceptable to the Lenders' Representative and arrangements are made satisfactory to the Lenders' Representative for transfer of amounts deposited in the Escrow Account to a new Escrow Account established with the successor Escrow Bank. The termination of this Agreement shall take effect only upon coming into force of an Escrow Agreement with the substitute Escrow Bank. 7.3 Closure of Escrow Account r Rehabilitatian and Upgra (existing km 213.000) ta De~'W~~~[Jf/ii~, af Andhra Pradesh ta twa Ian",False,False,True
NHAI_AP_GIDDALUR_VINUKONDA,NHAI_Giddalur_Vinukonda_NH544D.pdf,REHABILITATION_ENGINEERING_EVIDENCE,255,IDENTIFIED_BRIDGE_CONDITION_CANDIDATE,,CONDITION,,,,REHABILITATION,km 213.000; km 322.840,,," in accordance with and governed by the laws of India, and the courts in the State shall have jurisdiction over all matters arising out of or relating to this Agreement. 11.2 Waiver of sovereign immunity The Authority unconditionally and irrevocably: o' !.:"". (a) agrees that the execution, delivery and performance by it of this Agreement constitute commercial acts done and performed for commercial purpose; (b) agrees that, should any proceedings be brought against it or its assets, property or revenues in any jurisdiction in relation to this Agreement or any transaction contemplated by this Agreement, no immunity (whether by reason of sovereignty or otherwise) from such proceedings shall be ",False,False,True
NHAI_AP_GIDDALUR_VINUKONDA,NHAI_Giddalur_Vinukonda_NH544D.pdf,REHABILITATION_ENGINEERING_EVIDENCE,261,IDENTIFIED_BRIDGE_CONDITION_CANDIDATE,,CONDITION; DEFECT,,,,REHABILITATION,km 212.983; km 213.000; km 322.800; km 322.840,,,"irman, National Highways Authority of India (the ""Authority"") refers to the Concession Agreement dated (the ""Agreement"") entered into between the Authority and GV ROAD PROJECTS PRIVATE LIMITED (the ""Concessionaire"") for Rehabilitation and Upgradation of Giddalur - Vinukonda section of NH-544D from Design km 212.983 (existing km 213.000) to Design km 322.800 (existing km 322.840) (Design length 112.797 km) in the State of Andhra Pradesh to two lane with paved shoulder under NH (0) (the ""Project Highway"") on design, build, operate and transfer (""DBOT Annuity or Hybrid Annuity"") basis. 2 The Authority hereby acknowledges compliance and fulfilment by the Concessionaire of the Divestment Requirem",False,False,True
NHAI_AP_GIDDALUR_VINUKONDA,NHAI_Giddalur_Vinukonda_NH544D.pdf,REHABILITATION_ENGINEERING_EVIDENCE,262,IDENTIFIED_BRIDGE_CONDITION_CANDIDATE,,CONDITION,,,,REHABILITATION,km 212.983; km 213.000; km 322.800; km 322.840,,,"pugnant to the context or meaning thereof include its f­ [successors and substitutes); f iWHEREAS: (A) The Authority has entered into a Concession Agreement dated With the Concessionaire (the ""Concession Agreement"") for Rehabilitation and Upgradation of Giddalur - Vinukonda section of NH-544D from Design km 212.983 (existing km 213.000) to Design km 322.800 (existing km 322.840) (Design length 112.797 km) in the State of Andhra Pradesh to two lane with paved shoulder under NH (0) Project (the ""Project"") on design, build, operate and transfer basis (the ""D80T Annuity or Hybrid Annuity""), and a copy of which is annexed hereto and marked as Annex-A to form part of this Agreement. (B) Senior Len",False,False,True
NHAI_AP_GIDDALUR_VINUKONDA,NHAI_Giddalur_Vinukonda_NH544D.pdf,REHABILITATION_ENGINEERING_EVIDENCE,263,IDENTIFIED_BRIDGE_CONDITION_CANDIDATE,,CONDITION,,,,,km 212.983; km 322.840,,,"hem: ""Agreement"" means this Substitution Agreement and any amendment thereto made in accordance with the provisions contained in this Agreement; ""Financial Default"" means occurrence of a material breach of the terms and conditions of the Financing Agreements or a continuous default in Debt Service by the Concessionaire for a minimum period of 3 (three) months; ""Lenders' Representative"" means the person referred to as the Lenders' Representative in the foregoing Recitals; ""Nominated Company"" means a company, incorporated under the provisions of the Companies Act, 1956, including any re-enactment or amendment thereof, selected by the Lenders' Representative, on behalf of Senior Lenders, and pr",False,False,True
NHAI_AP_GIDDALUR_VINUKONDA,NHAI_Giddalur_Vinukonda_NH544D.pdf,REHABILITATION_ENGINEERING_EVIDENCE,265,IDENTIFIED_BRIDGE_CONDITION_CANDIDATE,,CONDITION,,,,REHABILITATION,km 213.000,,,"pany the right to construct, operate and maintain the Project in accordance with the provisions of the Concession Agreement; , f: (b) Endorse and transfer the Concession to the Nominated Company, on the same i terms and conditions, for the residual Concession Period; and ~ (c) Enter into a Substitution Agreement with the Lenders' Representative Nominated Company on the same terms as are contained in this Agree 3.4.4 If the Authority has any objection to the transfer of Concession in favo Nominated Company in accordance with this Agreement, it shall within 15 (fiftee from the date of proposal m~cja the Lenders' Representative, give a reasoned or er after hearing the Lender~~-ll~3~.'Vat ,'l . ",False,False,True
NHAI_AP_GIDDALUR_VINUKONDA,NHAI_Giddalur_Vinukonda_NH544D.pdf,REHABILITATION_ENGINEERING_EVIDENCE,268,IDENTIFIED_BRIDGE_CONDITION_CANDIDATE,,CONDITION,,,,,km 213.000; km 3,,," accordance with and governed by the laws of India, and the courts in the New Delhi shall have jurisdiction over all matters arising out of or relating to this Agreement. 9.2 Waiver of sovereign immunity The Authority unconditionally and irrevocably: (a) agrees that the execution, delivery and performance by it of this Agreement constitute commercial acts done and performed for commercial purpose; (b) agrees that, should any proceedings be brought against it or its assets, property or revenues in any jurisdiction in relation to this Agreement or any transaction contemplated by this Agreement, no immunity (whether by reason of sovereignty or otherwise) from such proceedings shall be claimed b",False,False,True
NHAI_AP_GIDDALUR_VINUKONDA,NHAI_Giddalur_Vinukonda_NH544D.pdf,REHABILITATION_ENGINEERING_EVIDENCE,269,IDENTIFIED_BRIDGE_CONDITION_CANDIDATE,,CONDITION,,,,,km 212.983; km 213.000; km 3,,,"epresentative of the Party; and (c) Shall not affect the validity or enforceability of this Agreement in any manner. 9.5.2 Neither the failure by either Party to insist on any occasion upon the performance of the terms, conditions and provisions of this Agreement or any obligation thereunder nor time or other indulgence granted by a Party to another Party shall be treated or deemed as waiver of such breach or acceptance of any variation or the relinquishment of any such right hereunder. 9.6 No third party beneficiaries This Agreement is solely for the benefit of the Parties and no other person or entity shall have any rights hereunder. 9.7 Survival 9.7.1 Termination ofthis Agreement: (a) Sha",False,False,True
NHAI_AP_GIDDALUR_VINUKONDA,NHAI_Giddalur_Vinukonda_NH544D.pdf,REHABILITATION_ENGINEERING_EVIDENCE,270,IDENTIFIED_BRIDGE_CONDITION_CANDIDATE,,GOOD,,,,REHABILITATION,km 212.983; km 213.000; km 32,,,"isdiction or any other instrumentality to be invalid, illegal or unenforceable, the validity, legality or enforceability of the remaining provisions shall not be affected in any manner, and the Parties will negotiate in good faith with a view to agreeing to one or more provisions which may be substituted for such invalid, unenforceable or illegal provisions, as nearly as is practicable to such invalid, illegal or unenforceable provision. Failure to agree upon any such provisions shall not be subject to dispute resolution under Clause 8 of this Agreement or otherwise. 9.9 Successors and assigns This Agreement shall be binding on and shall inure to the benefit of the Parties and their respecti",False,False,True
NHAI_AP_GIDDALUR_VINUKONDA,NHAI_Giddalur_Vinukonda_NH544D.pdf,REHABILITATION_ENGINEERING_EVIDENCE,272,IDENTIFIED_BRIDGE_CONDITION_CANDIDATE,,,RUST,,,REHABILITATION,km 212.983; km 213.000; km 322.800; km 322.840,,,"Reply to Queries raised by the bidders during Pre-Bid meeting dated 15.01.2018 for the project ""Rehabilitation and Upgradation of Giddalur - Vinukonda section of NH-544D from Design km 212.983 (existing km 213.000) to Design km 322.800 (existing km 322.840) (Design length 112.797 km) in the State of Andhra Pradesh to two lane with paved shoulder under NHDP-IV under Bharatmala Pariyojana on Hybrid Annuity Mode"" Replies The existing pavement composition is given in Chapter S of the Final Feasibility Report. Already uploaded on e-tender portal. Now uploaded on e-tender portal. Yes, the Concessionaire may follow his own design for various components of the structures subject to its fulfilling co",False,False,True
NHAI_AP_GIDDALUR_VINUKONDA,NHAI_Giddalur_Vinukonda_NH544D.pdf,REHABILITATION_ENGINEERING_EVIDENCE,275,IDENTIFIED_BRIDGE_CONDITION_CANDIDATE,FLYOVER,DAMAGED,,,,,chainage 274.350; ch. 274.624; km 212.983; km 322.800.,,," from Devrajgattu (existing chainage 274.350) to Kesinanpalli (existing ch. 274.624) ""IS common with NH-565 (part of NH-565) and is not in the scope of the project except Gobburu bypass and 400 m approach of each of two flyovers proposed at junction of project highway with NH-565. As far as the project highway is concerned, the chainage at both ends of the common portion is same. 18 -, ,0 Chainage Start chainage and end chainage are same for project length which are not in scope ,1? .0' Pavement Design Can contractor modifies given pavement thickness as per IRC As per RFP The stretches where bypass, reconstruction of damaged stretches and raising of existing road are proposed is given in Ann",False,False,True
NHAI_AP_GIDDALUR_VINUKONDA,NHAI_Giddalur_Vinukonda_NH544D.pdf,REHABILITATION_ENGINEERING_EVIDENCE,277,IDENTIFIED_BRIDGE_CONDITION_CANDIDATE,,GOOD,,,,REHABILITATION,km 212.983; km 213.000; km 322.800; km 322.840,,,"Corrigendum-II Sub: Rehabilitation and Upgradation of Giddalur - Vinukonda section of NH-544D from Design km 212.983 (existing km 213.000) to Design km 322.800 (existing km 322.840) (Design length 112.797 km) in the State of Andhra Pradesh to two lane with paved shoulders under NHDP-IV under NH(O) on Hybrid Annuity Mode. Clause of DCA Existing Provision Modified Provision 42.1 Definitions . , I ""Project Agreements' means this Agreement, the Financing Agreements, EPC Contract, O&M Contract, and any other material agreements or contracts that may be entered into by the Concessionaire with any person in connection with matters relating to, arising out of or incidental to the Project, but does n",False,False,True
NHAI_AP_GIDDALUR_VINUKONDA,NHAI_Giddalur_Vinukonda_NH544D.pdf,REHABILITATION_ENGINEERING_EVIDENCE,286,IDENTIFIED_BRIDGE_CONDITION_CANDIDATE,,,RUST,,,REHABILITATION; MAINTENANCE,km 212.983; km 213.000; km 322.800; km 322.840; km 40,,,"Integrity pact (Refer clause 4.4) Integrity Pact applicable for works having value of Rs. 100 Cr and above Rehabilitation and Upgradation of Giddalur - Vinukonda section of NH-s44D from Design ,i:· ,. km 212.983 (existing km 213.000) to Design km 322.800 (existing km 322.840) (Design length 112.797 km) in the State of Andhra Pradesh to two lane with paved shoulder under NH (0) on Hybrid Annuity Mode (Andhra Pradesh Division) Tender No. NHAI/Tech/AP/NH-s44D/Gid-Vinu/2017-18 dated 22.12.2017 This Integrity Pact is made at on this day of ,2018 Between National Highways Authority of India (NHAI), a statutory body constituted under the National Highways Authority of India Act, 1988, which has bee",False,False,True
NHAI_AP_GIDDALUR_VINUKONDA,NHAI_Giddalur_Vinukonda_NH544D.pdf,REHABILITATION_ENGINEERING_EVIDENCE,292,IDENTIFIED_BRIDGE_CONDITION_CANDIDATE,ROB,DEFECT,,,,,km 212.983,,,"ion. (6) The Monitor will submit a written report to the Chairman, NHAI within 8-10 weeks from the date of reference or intimation to him by the Principal and, should the occasion arise, submit proposals for correcting problematic situations. (7) If the Monitor has reported to the Chairman, NHAI, a substantiated suspicion of under relevant IPC/PC Act or any other Statutory Acts, and the Chairman, NHAI has not, within the reasonable time taken visible action to proceed against such offence or reported it the Chief Vigilance Officer, the Monitor may also transmit this information directly to the Central Vigilance Commissioner. (8) The word 'Monitor' would include both singular and plural. Arti",False,False,True
NHAI_AP_GIDDALUR_VINUKONDA,NHAI_Giddalur_Vinukonda_NH544D.pdf,REHABILITATION_ENGINEERING_EVIDENCE,299,IDENTIFIED_BRIDGE_CONDITION_CANDIDATE,,,RUST,,ORN,REHABILITATION; MAINTENANCE,km 212.983; km 213.000; km 322.840; km 322.800; km 213.0001; km 213..000; km 322..,,,"y of R08d Transport and H""'ghways) ci-5 """" 6, ~-IO, m'f.!, :d f<ttit-11007~ C; S E. G. Scctor-f O. Dwar su. New Delhl··'100/~ Notice Inviting Bicj Bid no. NHAllTech/ AP/NH-544D/Gid-Vinu!2017-18 Dated: 22_12.2017 RFP for Rehabilitation and Upgradation of Giddalur - Vinukonda section of NH-544D from Design km 212.983 (existing km 213.000) to Design krn 322.800 (existing km 322.840) (Design length 112.797 km) in the State of Andhra Pradesh to two lane with paved shoulder under NHDp·IV under Bharatmala Pariyojana on Hybrid Annuity Mode. The Government of India had entrusted to the Authority the development, maintenance and management of National Highway No. 544D including the section from Design",False,False,True
NHAI_AP_GIDDALUR_VINUKONDA,NHAI_Giddalur_Vinukonda_NH544D.pdf,REHABILITATION_ENGINEERING_EVIDENCE,308,IDENTIFIED_BRIDGE_CONDITION_CANDIDATE,,,RUST,,NRS; ORN,REHABILITATION; MAINTENANCE,km 322.840; km 322.800; km 212.983; km 213.000; km 2,,,"ays Authority oflndia Request for Proposals NATIONAL HIGHWAYS AUTHORITY OF INDIA G-5 & 6, Sector-l 0, Dwarka, New Delhi-II 0075 Notice Inviting Bid Bid No. NHAIffech/APfNH-544D/Gid-Vinu/201 7-18 Dated 22.12.2017 RFP for Rehabilitation and Upgradation of Giddalur - Vinukonda section of NH-544D from Design krn 212.983 (existing Ian 213.000) to Design krn 322.800 (existing km 322.840) (Design length 112.797 km) in the State of Andhra Pradesh to two lane with paved shoulder under NHDP-IV under Bharatmala Pariyojana on Hybrid Annuity Mode. The Government of India had entrusted to the Authority the development, maintenance and management of National Highway No. 544D including the section from Desi",False,False,True
NHAI_AP_GIDDALUR_VINUKONDA,NHAI_Giddalur_Vinukonda_NH544D.pdf,REHABILITATION_ENGINEERING_EVIDENCE,321,IDENTIFIED_BRIDGE_CONDITION_CANDIDATE,,CONDITION,,,ORN,REHABILITATION,km 213.000; km 322.840,,,"ty) days from the Bid Due Date except in the case of the Selected Bidder whose Bid Security shall be retained till it has provided a Performance Security under the Agreement. 2.1.8 The Bidder should submit a Power of Attorney as per the format at Appendix-Ill, authorising the signatory of the Bid to commit the Bidder. 2.1.9 In case the Bidder is a Consortium, the Members thereof should furnish a Power of Attorney in favour of any Member, which Member shall thereafter be identified as the Lead Member, in the format at Appendix - lyE.!n case the Bidder is a Consortium, Joint Bidding Agreement in the format at Appendix Y shall be submitted by the Bidder. 2.1.10 Any condition or qualification or",False,False,True
NHAI_AP_GIDDALUR_VINUKONDA,NHAI_Giddalur_Vinukonda_NH544D.pdf,REHABILITATION_ENGINEERING_EVIDENCE,326,IDENTIFIED_BRIDGE_CONDITION_CANDIDATE,,CONDITION; DETERIORATION,,,,REPAIR; MAINTENANCE,km 322.840,,,"om the date of the Concession Agreement until the Appointed Date (the ""Development Period""), the Concessionaire shall maintain the existing Project road, in such a manner so as to ensure that the road is in pothole free condition and also to ensure that the quality of service and safety are maintained and in the event of any material deterioration or damage other than normal wear and tear, the Concessionaire shall undertake repair thereof. The Concessionaire shall make necessary provisions for inclusion of costs related to maintenance during the Development Period in its Bid. 2.2 Eligibility and qualification requirements of Bidder 2.2.1 For determining the eligibility of Bidder the followin",False,False,True
NHAI_AP_GIDDALUR_VINUKONDA,NHAI_Giddalur_Vinukonda_NH544D.pdf,REHABILITATION_ENGINEERING_EVIDENCE,355,IDENTIFIED_BRIDGE_CONDITION_CANDIDATE,,FAIR,,,,,km 322.840,,,"ns and make suggestions for consideration of the Authority. The Authority shall endeavour to provide clarifications and such further information as it may, in its sole discretion, consider appropriate for facilitating a fair, transparent and competitive Bidding Process. ,-. ukonda section of NH-544D from I1 km 322.840) (Design length 112.7 J' under NJ-fDP-1V under Bharatn 57",False,False,True
NHAI_AP_GIDDALUR_VINUKONDA,NHAI_Giddalur_Vinukonda_NH544D.pdf,REHABILITATION_ENGINEERING_EVIDENCE,356,IDENTIFIED_BRIDGE_CONDITION_CANDIDATE,,CONDITION,,,,,km213.000,,,"hout incurring any obligation or liability, reserves the right, at any time, to; (a) suspend and/ or cancel the Bidding Process and/ or amend and/ or supplement the Bidding Process or modify the dates or other terms and conditions relating thereto; (b) consult with any Bidder In order to receive clarification or further information; (c) retain any information and/ or evidence submitted to the Authority by, on behalf of, and/ or in relation to any Bidder; and/ or (d) independently verify, disqualify, reject and/ or accept any and all submissions or other information and/ or evidence submitted by or on behalf of any Bidder. 6.3 It shall be deemed that by submitting the Bid, the Bidder agrees a",False,False,True
NHAI_AP_GIDDALUR_VINUKONDA,NHAI_Giddalur_Vinukonda_NH544D.pdf,REHABILITATION_ENGINEERING_EVIDENCE,357,IDENTIFIED_BRIDGE_CONDITION_CANDIDATE,,CONDITION,,,,REHABILITATION; MAINTENANCE,km 212.983; km 213.000; km 322.800; km 322.840,,,"quest for Proposals APPENDIXIA LETTER COMPRISING THE TECHNICAL BID (Refer Clause 2.1.5,2.11 and 3.2) The General Manager (T) National Highways Authority of India G-5&6, Sector 10, Dwarka, New Delhi - 110075 Sub: BID for Rehabilitation and Upgradation ofGiddalur - Vinukonda section ofNH-544D from Design km 212.983 (existing km 213.000) to Design km 322.800 (existing km 322.840) (Design length 112.797 km) in the State of Andhra Pradesh to two lane with paved shoulder under NHDP-IV under Bharatmala Pariyojana on Hybrid Annuity Mode Dear Sir, 1. With reference to your RFP document dated $I/we, having examined the RFP document and understood its contents, hereby submit my/our Bid for the aforesai",False,False,True
NHAI_AP_GIDDALUR_VINUKONDA,NHAI_Giddalur_Vinukonda_NH544D.pdf,REHABILITATION_ENGINEERING_EVIDENCE,363,IDENTIFIED_BRIDGE_CONDITION_CANDIDATE,,CONDITION,,,,REHABILITATION,km 212.983; km 213.000; km 322.800; km 322.840,,,"nancial BID (Refer Clauses 2.1.5, 2.11.1 and 3.2) (NOT TO BE SUBMITTED IN THE TECIDNCAL BID) The General Manager (T) National Highways Authority of lndia G-5&6, Sector 10, Dwarka, New Delhi - 110 075 Dated: Sub: BID for Rehabilitation and Upgradation ofGiddalur - Vinukonda section ofNH-544D from Design km 212.983 (existing km 213.000) to Design km 322.800 (existing km 322.840) (Design length 112.797 km) in the State of Andhra Pradesh to two lane with paved shoulder under NHDP-IV under Bharatmala Pariyojana on Hybrid Annuity Mode Project Dear Sir, With reference to your RFP document dated *** **$, l/we, having examined the Bidding Documents and understood their contents, hereby submit my/our ",False,False,True
NHAI_AP_GIDDALUR_VINUKONDA,NHAI_Giddalur_Vinukonda_NH544D.pdf,REHABILITATION_ENGINEERING_EVIDENCE,368,IDENTIFIED_BRIDGE_CONDITION_CANDIDATE,,GOOD,,,,REHABILITATION; MAINTENANCE,km 212.983; km 322.840,,,"for Not Applicable in case ofa single entity Applicant. For other Members, the following abbreviations are suggested viz. LM means Lead Member, TM means Technical Member, FM means Financial Member, OMM means Operation & Maintenance Member, OM means Other Member. **Refer Annex-IVofthis Appendix-lA. Add more rows ifnecessary. S Refer Clause 3.4.1. ¥ In the case of Eligible Projects in Categories 1 and 2, the figures in columns 7 and 8 may be added for computing the Experience Score of the respective projects.In the case of Categories 3 and 4, construction shall not include supply of goods or equipment except when such goods or equipment form part of a turn-key construction contract/ EPC contra",False,False,True
NHAI_AP_GIDDALUR_VINUKONDA,NHAI_Giddalur_Vinukonda_NH544D.pdf,REHABILITATION_ENGINEERING_EVIDENCE,376,IDENTIFIED_BRIDGE_CONDITION_CANDIDATE,,CONDITION,,,,,km 21; km 322.840,,,"ys Authority ofindia G-5&6, Sector-lO, Dwarka, ':'; New Delhi-ll0075 Dear Sir, We hereby confirm that weI our members in the Consortium (constitution of which has been described in the application) satisfy the terms and conditions laid out in the RFP document. We have agreed that (insert member's name) will act as the Lead Member of our Consortium.' We have agreed that (insert individual's name) will act as our representative/ will act as the representative of the Consortium on its behalf* and has been duly authorized to submit the RFP. Further, the authorised signatory is vested with requisite powers to furnish such letter and authenticate the same. Thanking you, C"". Yours faithfully, (Sign",False,False,True
NHAI_AP_GIDDALUR_VINUKONDA,NHAI_Giddalur_Vinukonda_NH544D.pdf,REHABILITATION_ENGINEERING_EVIDENCE,379,IDENTIFIED_BRIDGE_CONDITION_CANDIDATE,,CONDITION,,,,REHABILITATION,km 322.800; km322.840,,,"lf of its Consortium) (hereinafter referred to as the ""Bidder"" which expression shall unless it be repugnant to the subject or context thereof include itsltheir executors administrators, successors and assigns), for the Rehabilitation and Upgradation of Giddalur - Vinukonda section of NH-544D from Design Ian 212.983 (existing Ian 213.000) to Design km 322.800 (existing Ian 322.840) (Design length 112.797 Ian) in the State of Andhra Pradesh to two lane with paved shoulder under NHDP-IV under Bharatmala Pariyojana on Hybrid Annuity Mode (hereinafter referred to as ""the Project"") pursuant to the RFP Document dated issued in respect of the Project and other related documents including without li",False,False,True
NHAI_AP_GIDDALUR_VINUKONDA,NHAI_Giddalur_Vinukonda_NH544D.pdf,REHABILITATION_ENGINEERING_EVIDENCE,380,IDENTIFIED_BRIDGE_CONDITION_CANDIDATE,,CONDITION,,,,REHABILITATION,km 21; km 322,,,"National Highways Authority oflndia Request for Proposals from the Authority stating that the amount claimed is due to the Authority by reason of failure of the Bidder to fulfil and comply with the terms and conditions contained in the Bidding Documents including failure of the said Bidder to keep its Bid open during the Bid validity period as setforth in the said Bidding Documents for any reason whatsoever. Any such demand made on the Bank shall be conclusive as regards amount due and payable by the Bank under this Guarantee. However, our liability under this Guarantee shall be restricted to an amount not exceeding Rs. 5.65 Crore (Rupees Five Crore and Sixty Five Lakh only). ;;­ 4. This Gua",False,False,True
NHAI_AP_GIDDALUR_VINUKONDA,NHAI_Giddalur_Vinukonda_NH544D.pdf,REHABILITATION_ENGINEERING_EVIDENCE,385,IDENTIFIED_BRIDGE_CONDITION_CANDIDATE,,CONDITION,,,ORN,REHABILITATION,km 212.983; km 213.000; km 322.800; km 322.840; km 2,,,"National Highways Authority oflndia Request for Proposals APPENDIX-IV Format for Power of Attorney for Lead Member of Consortium (Refer Clause 2.1.9) Whereas the National Highways Authority of India (""the Authority"") has invited bids from interested parties for the Rehabilitation and Upgradation of Giddalur - Vinukonda section of NH-544D from Design km 212.983 (existing km 213.000) to Design km 322.800 (existing km 322.840) (Design length 112.797 km) in the State of Andhra Pradesh to two lane with paved shoulder under NHDP-IV under Bharatmala Pariyojana on Hybrid Annuity Mode {""the Project'').Whereas, , and ....................... (collectively the ""Consortium"") being Members of the Consorti",False,False,True
NHAI_AP_GIDDALUR_VINUKONDA,NHAI_Giddalur_Vinukonda_NH544D.pdf,REHABILITATION_ENGINEERING_EVIDENCE,389,IDENTIFIED_BRIDGE_CONDITION_CANDIDATE,,CONDITION,,,,,km 322.840,,,"ariyojana on BOT (Hybrid Annuity) Mode(the ""Project"") through public private partnership. (B) The Parties are interested in jointly bidding for the Project as members of a Consortium and in accordance with the terms and conditions of the RFP document and other bid documents in respect of the Project, and (C) It is a necessary condition under the RFP document that the members of the Consortium shall enter into a Joint Bidding Agreement and furnish a copy thereof with the Bid. NOW IT IS HEREBY AGREED as follows :-;; 1. Definitions and Interpretations In this Agreement, the capitalised terms shall, unless the context otherwise requires, have the meaning ascribed thereto under the RFP. 2. Consor",False,False,True
NHAI_AP_GIDDALUR_VINUKONDA,NHAI_Giddalur_Vinukonda_NH544D.pdf,REHABILITATION_ENGINEERING_EVIDENCE,395,IDENTIFIED_BRIDGE_CONDITION_CANDIDATE,,FAIR,RUST,,,REHABILITATION; MAINTENANCE,km 212.983; km 213.000; km 322.800; km 322.840,,,"National Highways Authority of India Request for Proposals APPENDIX VI Integrity pact (Refer clause 4.4) Draft Integrity Pact Format applicable for works having value of Rs. 100 Cr and above Rehabilitation and Upgradation of Giddalur - Vinukonda section of NH-544D from Design km 212.983 (existing km 213.000) to Design km 322.800 (existing km 322.840) (Design length 112.797 km) in the State of Andhra Pradesh to two lane with paved shoulder under NHDP-IV under Bharatmala Pariyojana on BOT (Hybrid Annuity) Mode (the ""Project"") through an public private partnership. '. Tender No. _ This Integrity Pact is made at on this day of 2014 Between [National Highways Authority of India (NHAI), a statutor",False,False,True
NHAI_AP_GIDDALUR_VINUKONDA,NHAI_Giddalur_Vinukonda_NH544D.pdf,REHABILITATION_ENGINEERING_EVIDENCE,404,IDENTIFIED_BRIDGE_CONDITION_CANDIDATE,,CONDITION,,,,REHABILITATION; MAINTENANCE,km 212.983; km 213.000; km 322.800; km 322.840,,," Fax: 23331893. . APPENDIX IA LETTER COMPRISING THETECHNICAL BID (Refer Clause 2.1.5, 2.11 and 3.2) The General Manager (T) National Highways Authority of India G-5&6, Sector 10, Dwarka, New Delhi - 110 075 Sub: BID for Rehabilitation and Upgradation of Giddalur - Vinukonda section of NH­ 544D from Design km 212.983 (existing km 213.000) to Design km 322.800 (existing km 322.840) (Design length 112.797 km) in the State of Andhra Pradesh to two lane with paved shoulder under NHDP-IV under NH (0) on Hybrid Annuity Mode Dear Sir, I. With reference to your RFP document dated: 22.12.2017 Ifwe, having examined the RFP document and understood its contents, hereby submit my/our Bid for the aforesaid",False,False,True
NHAI_AP_GIDDALUR_VINUKONDA,NHAI_Giddalur_Vinukonda_NH544D.pdf,REHABILITATION_ENGINEERING_EVIDENCE,448,IDENTIFIED_BRIDGE_CONDITION_CANDIDATE,,,RUST,,,REHABILITATION; MAINTENANCE,km 212.983; km 213.000; km 322.800; km 322.840,,,"APPENDIX VI Integrity pact (Refer clause 4.4) Draft Integrity Pact Format applicable for works having value of Rs.l00 Crand above Rehabilitation and Upgradation of Glddalur - Vinukonda section of NH-544D from Design km 212.983 (existing km 213.000} to Design km 322.800 (existing km 322.840} (Design length 112.797 km)ln the State of Andhra Pradesh to two lane with paved shoulder under NHDP-IV under NH (0) on Hybrid Annuity Mode (the ""Project"") through an public private partnership. '-- ,Dlvlslon) Tender No. : BidNo. NHAI/Tech/AP/NH-544D/Gld-Vinu/2017-18 This Integrity Pact is made at Hyderabad on this 26th day of February, 2018 Between National Highways Authority of India (NHAI), a statutory ",False,False,True
NHAI_AP_GIDDALUR_VINUKONDA,NHAI_Giddalur_Vinukonda_NH544D.pdf,REHABILITATION_ENGINEERING_EVIDENCE,459,IDENTIFIED_BRIDGE_CONDITION_CANDIDATE,,CONDITION,,,,REHABILITATION,km 212.983; km213.000; km 322.800; km 322.840,,,"al BID (ReferClauses 2.1.5,2.1I.l and 3.2) (NOT TO BE SUBMITTED IN THE TECHINCAL BID) The General Manager (T) National Highways Authorityof India G·5&6, Sector 10,Dwarka, NewDelhi - 110075 Dated: 15.03.2018 Sub: BID for Rehabilitation and Upgradation of Giddalur - Vinukonda section of NH-544D from Design km 212.983 (existing km213.000)to Design km 322.800(existing km 322.840) (Design length 112.797km) in the State of AndhraPradesh to two lane with paved shoulderunderNHDP· IV underNH (0) on Hybrid AnnuityMode. Dear Sir, With reference to your RFP document dated: 22.12.2017 l/we, having examined the Bidding Documents and understood their contents, hereby submit my/our Bid for the aforesaid Pro",False,False,True
NHAI_AP_GIDDALUR_VINUKONDA,NHAI_Giddalur_Vinukonda_NH544D.pdf,REHABILITATION_ENGINEERING_EVIDENCE,468,IDENTIFIED_BRIDGE_CONDITION_CANDIDATE,,CONDITION,,,,REHABILITATION,km 212.983; km 322.800; km 322.840,,," BVSR Constructions Pvt. Ltd. H. No. 8-2-686/B/11/6/1, Plot No.9, Road No. 12, Banjara Hills, Hyderabad - 500034. Email: bvsrconstructionspvtltd@gmail.com Fax No. 040-23331893 (Kind Attn: Shri P. Ravi Sankar Reddy) Sub: Rehabilitation and Upgradation of Giddalur - Vinukonda section of NH-544D from Design km 212.983 (existing krn 213.000) to Design km 322.800 (existing km 322.840) (Design length 112.797 km) in the State of Andhra Pradesh to two lane with paved shoulder under NH(O) on Hybrid Annuity Mode-Issue of letter of Award (LOA) - Reg Ref: Your bid submitted for subject project Dear Sir, This is to notify that based on your bid submitted for the subject project, your offer of Bid . I:. P",False,False,True
NHAI_AP_GIDDALUR_VINUKONDA,NHAI_Giddalur_Vinukonda_NH544D.pdf,REHABILITATION_ENGINEERING_EVIDENCE,470,IDENTIFIED_BRIDGE_CONDITION_CANDIDATE,,CONDITION,,,,REHABILITATION,km 212.983; km 213.000; km 322.800; km 322.840,,,"SR Constructions Pvt. Ltd. H. No. 8-2-686/B/11/6/1, Plot 1'10. 9, Road No. 12, Banjara Hills, Hyderabad - 500034. Email: bvsrconstructionspvtltd@gmail.com Fax No. 040-23331893 (Kind Attn: Shri P. Ravi Sankar Reddy) Sub: Rehabilitation and Upgradation of Giddalur - Vinukonda section of NH-544D from Design km 212.983 (existing km 213.000) to Design km 322.800 (existing km 322.840) (Design length 112.797 km) in the State of Andhra Pradesh to two lane with paved shoulder under NH(O) on Hybrid Annuity Mode-Issue of letter of Award (LOA) - Reg Ref: Your bid submitted for subject project Dear Sir, This is to notify that based on your bid submitted for the subject project, your offer of Bid Project ",False,False,True
NHAI_AP_GIDDALUR_VINUKONDA,NHAI_Giddalur_Vinukonda_NH544D.pdf,REHABILITATION_ENGINEERING_EVIDENCE,499,IDENTIFIED_BRIDGE_CONDITION_CANDIDATE,,CONDITION,,,,REHABILITATION,km 212.983; km 213.000; km 322.800; km 322.840,,," Dwarka, New Delhi-110075 Dear Sir, Date: 02.05.2018 Legal Opinion We noted that M/s BVSR Constructions Pvt. l.td., ( hereinafter referred to as the"" selected Bidder"") had submitted bid dated 16.03.2018 for the work of ""Rehabilitation and Upgradation of Giddalur - Vinukonda section of NH-544D from Design km 212.983 (existing km 213.000) to Design km 322.800 (existing km 322.840) (Design length 112.797 km) in the State of Andhra Pradesh to two lane with paved shoulder under NHDP-IV under Bharatmala Pariyojana on Hybrid Annuity Mode Project"" and received Letter of Award vide LOA.No.NHAI/Tech/AP/NH­ 544D/Gid-Vinu/2017-18/115164, Dated: 26.03.2018 issued by the General Manager (Tech) - AP, Natio",False,False,True
NHAI_AP_TADA_NELLORE,NHAI_Tada_Nellore_NH5_Vol_II.pdf,HISTORICAL_CONDITION_SURVEY,8,IDENTIFIED_BRIDGE_CONDITION_CANDIDATE,BRIDGE; MAJOR BRIDGE; MINOR BRIDGE; ROB,CONDITION; DISTRESS; DEFECT,CRACK; CRACKING; SPALLING; CORROSION; RUST; DELAMINATION; LEACHING; EROSION; DEFORMATION,ABUTMENT; SLAB,CONDITION SURVEY,MAINTENANCE,km 52.8; km 163.6.,,,"2.8 Cross Drainage Structure Culverts The culvert inventory and condition survey was canied out between 3rd and 7"" February 2000. The number and type of culverts along the project road occurring in Andhra Pradesh are given in Table A-4 below. Table A-4 : Numbers and types of Culvert Various details pertaining to the culverts were collected including type, location, general condition, span, length, etc., The general purpose of the culverts was considered to be the provision of a crossing for the irrigation streams and drainage. In a few cases it has been to facilitate the crossing of pipelines. The majority of the culverts have been neglected and not received routine maintenance consequently ",False,False,True
NHAI_AP_TADA_NELLORE,NHAI_Tada_Nellore_NH5_Vol_II.pdf,HISTORICAL_CONDITION_SURVEY,12,BRIDGE_LEVEL_CONDITION_CANDIDATE,,GOOD,,,,,km 217; km 252; km 252.00; km 265; km 226,AP_BR_OSM_W1444463666; AP_BR_OSM_W834616114,MAIN ROAD; MAIN ROAD,"gradients are flat. The area is predominantly black cotton soil and is rich and fertile. At the stretch between krn 242 to km 252, there are hillocks on the left side of the road, slightly away from the main road. where good quality hard rock is available. As such, a number of stone crushers have been established all along this stretch of the road on both the sides. I There is a major river Muniveru, crossing the National Highway in km 226 kver Krishna is running almost parallel to the National Highway. Index Map is enclosed at Annex-A2 / 2. DESCRIPTION PROJECT HIGHWAY 2.1 Road Inventory The Project Highway from km 217 to km 252 has been strengthened to have a carriageway width of 7.0 n~ wit",False,False,True
NHAI_AP_TADA_NELLORE,NHAI_Tada_Nellore_NH5_Vol_II.pdf,HISTORICAL_CONDITION_SURVEY,13,IDENTIFIED_BRIDGE_CONDITION_CANDIDATE,BRIDGE; MAJOR BRIDGE; MINOR BRIDGE,GOOD,RUST,,,,km 226-10; km 240.060-5; km 230.365-1; km 233.220-3; km 246.020-4; km 247.450-3; km 251.640-2,,,"e basis of special classified volume count undertaken by CIDBI for a continuous period of 7 days was of the order of 12,440 vehicles (26,847 PCUs). Traffic flows are mainly heterogeneous in nature primarily dominated by goods traffic. The share of multi-axle vehicles with goods traffic was 6%. Average Annual Daily Traffic (AADT) by using seasonal factor for December was estimated as 13,945 vehicles (30,202 PCUs). The trafic forecasts based on estimated growth rates are detailed below 2.4 Pavement Composition Of Existing Two Lane Carriageway Category Vehlcles PCUs Recently, the existing two lane carriagenay has been brought to 7 m width (with GSB- 300 mm: WMM-300 mm) strengthened with 130 mm ",False,False,True
NHAI_AP_TADA_NELLORE,NHAI_Tada_Nellore_NH5_Vol_II.pdf,HISTORICAL_CONDITION_SURVEY,16,BRIDGE_LEVEL_CONDITION_CANDIDATE,,GOOD,,,,,km 55.300; km 56.050; km 56.150; km 59.100; km 59.725; km 59.250; km 59.825; km 65.000; km 66.250; km 65.350; km 66.800; km 74.350; km 75.750; km 93.475; km 94.250; km 131.225; km 132.475; km 131.425; km 132.450; km 136.225; km 137.200; km 155.200; km 155.950; km 163.100; km 162.850,AP_BR_OSM_W1081167107; AP_BR_OSM_W1086848414; AP_BR_OSM_W1086848416; AP_BR_OSM_W1086848436; AP_BR_OSM_W1086848440; AP_BR_OSM_W1088411426; AP_BR_OSM_W1088411432; AP_BR_OSM_W1088411472; AP_BR_OSM_W1088411473; AP_BR_OSM_W1088411477; AP_BR_OSM_W1088411479; AP_BR_OSM_W1088426820; AP_BR_OSM_W1088426833; AP_BR_OSM_W1088426835; AP_BR_OSM_W1088463022; AP_BR_OSM_W1088463024; AP_BR_OSM_W1089450070; AP_BR_OSM_W1089450073; AP_BR_OSM_W1089450078; AP_BR_OSM_W1089450081; AP_BR_OSM_W1120249872; AP_BR_OSM_W1155071501; AP_BR_OSM_W1155071503; AP_BR_OSM_W1191649245; AP_BR_OSM_W1225609297; AP_BR_OSM_W1232731403; AP_BR_OSM_W1232731423; AP_BR_OSM_W1237976449; AP_BR_OSM_W1237978378; AP_BR_OSM_W1237978510; AP_BR_OSM_W1237978514; AP_BR_OSM_W1237979758; AP_BR_OSM_W1237979762; AP_BR_OSM_W1243542316; AP_BR_OSM_W1243542321; AP_BR_OSM_W1245312598; AP_BR_OSM_W1245312599; AP_BR_OSM_W1273875767; AP_BR_OSM_W1273875769; AP_BR_OSM_W1273875773; AP_BR_OSM_W1273875775; AP_BR_OSM_W1273875815; AP_BR_OSM_W1273875817; AP_BR_OSM_W1273875869; AP_BR_OSM_W1273875875; AP_BR_OSM_W1273875877; AP_BR_OSM_W1306892617; AP_BR_OSM_W1306892623; AP_BR_OSM_W1324235692; AP_BR_OSM_W1329295334; AP_BR_OSM_W1329295340; AP_BR_OSM_W1362529455; AP_BR_OSM_W1362529457; AP_BR_OSM_W1367602016; AP_BR_OSM_W1384358138; AP_BR_OSM_W1451125171; AP_BR_OSM_W1463702254; AP_BR_OSM_W1463702255; AP_BR_OSM_W1467110239; AP_BR_OSM_W1470248110; AP_BR_OSM_W1470248112; AP_BR_OSM_W1470248115; AP_BR_OSM_W1470248117; AP_BR_OSM_W1470254032; AP_BR_OSM_W1470254034; AP_BR_OSM_W1470254037; AP_BR_OSM_W1470254039; AP_BR_OSM_W1470254042; AP_BR_OSM_W1470254595; AP_BR_OSM_W1470254597; AP_BR_OSM_W1492140167; AP_BR_OSM_W1492140169; AP_BR_OSM_W1498208935; AP_BR_OSM_W1498208941; AP_BR_OSM_W1498244122; AP_BR_OSM_W1509394849; AP_BR_OSM_W1509394850; AP_BR_OSM_W1513126572; AP_BR_OSM_W1513126574; AP_BR_OSM_W1513577126; AP_BR_OSM_W1523945375; AP_BR_OSM_W1523945376; AP_BR_OSM_W1524280480; AP_BR_OSM_W1526081025; AP_BR_OSM_W1534018757; AP_BR_OSM_W1534018759; AP_BR_OSM_W1540667922; AP_BR_OSM_W1544023678; AP_BR_OSM_W1544023680; AP_BR_OSM_W1546593842; AP_BR_OSM_W1546593845; AP_BR_OSM_W480403927; AP_BR_OSM_W480403929; AP_BR_OSM_W673858216; AP_BR_OSM_W673858223; AP_BR_OSM_W826596384; AP_BR_OSM_W826596386; AP_BR_OSM_W826596400; AP_BR_OSM_W826596402; AP_BR_OSM_W826596413; AP_BR_OSM_W826596416; AP_BR_OSM_W826596424; AP_BR_OSM_W826596430; AP_BR_OSM_W826596440; AP_BR_OSM_W826596442; AP_BR_OSM_W826596445; AP_BR_OSM_W826596449; AP_BR_OSM_W826596455; AP_BR_OSM_W826596458; AP_BR_OSM_W826596464; AP_BR_OSM_W826596466; AP_BR_OSM_W826596490; AP_BR_OSM_W826596496; AP_BR_OSM_W839529008; AP_BR_OSM_W843783103; AP_BR_OSM_W843783106; AP_BR_OSM_W845261050; AP_BR_OSM_W851480115; AP_BR_OSM_W851518401; AP_BR_OSM_W852274598; AP_BR_OSM_W852304662; AP_BR_OSM_W852304667; AP_BR_OSM_W852304670; AP_BR_OSM_W854500413; AP_BR_OSM_W854500419; AP_BR_OSM_W854500422; AP_BR_OSM_W854500428; AP_BR_OSM_W854500429; AP_BR_OSM_W854500435; AP_BR_OSM_W855374531; AP_BR_OSM_W855376825; AP_BR_OSM_W855376827,Service Road; Service Road; Service Road; Service Road; Service Road; Service Road; Service Road; Service Road; Service Road; Service Road; Service Road; Service Road; Service Road; Service Road; Service Road; Service Road; Service Road; Service Road; Service Road; Service Road; Service Road; Service Road; Service Road; Service Road; Service Road; Service Road; Service Road; Service Road; Service Road; Service Road; Service Road; Service Road; Service Road; Service Road; Service Road; Service Road; Service Road; Service Road; Service Road; Service Road; Service Road; Service Road; Service Road; Service Road; Service Road; Service Road; Service Road; Service Road; Service Road; Service Road; Service Road; Service Road; Service Road; Service Road; Service Road; Service Road; Service Road; Service Road; Service Road; Service Road; Service Road; Service Road; Service Road; Service Road; Service Road; Service Road; Service Road; Service Road; Service Road; Service Road; Service Road; Service Road; Service Road; Service Road; Service Road; Service Road; Service Road; Service Road; Service Road; Service Road; Service Road; Service Road; Service Road; Service Road; Service Road; Service Road; Service Road; Service Road; Service Road; Service Road; Service Road; Service Road; Service Road; Service Road; Service Road; Service Road; Service Road; Service Road; Service Road; Service Road; Service Road; Service Road; Service Road; Service Road; Service Road; Service Road; Service Road; Service Road; Service Road; Service Road; Service Road; Service Road; Service Road; Service Road; Service Road; Service Road; Service Road; Service Road; Service Road; Service Road; Service Road; Service Road; Service Road; Service Road; Service Road; Service Road; Service Road; Service Road; Service Road; Service Road; Service Road; Service Road,priate to a highway of the character of the Project Highway to be achieved throughout the Contract Period; 2.1.11 ensure adequate off-street parking facilities such as rest areas and truck lay bys for both passenger and goods vehicles; 2.1.12 provide adequate bus bays for stopping of buses and bus shelters for commuters to wait under protection; and 2.1.13 achieve a high standard in the appearance and aesthetic quality of the Project Highway and achieve integration of the Project Highway with the character of the surrounding landscape through both sensitive design and sensitive management of all visible elements including those on the existing road. 2.2 Cross Sections The project highway sha,False,False,True
NHAI_AP_TADA_NELLORE,NHAI_Tada_Nellore_NH5_Vol_II.pdf,HISTORICAL_CONDITION_SURVEY,18,IDENTIFIED_BRIDGE_CONDITION_CANDIDATE,,,EROSION,,,STRENGTHENING,km 52.8; km 66.1; km 13.3; Km 110,,,"The recommended designs (values rounded to nearest cm) are shown in Table B-4. Table B-4 Recommended Overlay Design The section krn 110- 120 is presently being strengthened. According to the Specification the strengthening is based on Benkelman Deflections and a projected traffic of 168 million ESALs, using IRC 81. As the traffic projection is higher than our projection, there is no need for additional strengthening. From km 52.8 66.1 120.0 134.4 The methodology adopted for the pavement design can be obtained from the PPR report submitted by the Consultants (SWK). 2.3.4 Rigid Pavement Design To km 66.1 110.0 134.4 163.6 The design for rigid pavement was based on various methods and the recom",False,False,True
NHAI_AP_TADA_NELLORE,NHAI_Tada_Nellore_NH5_Vol_II.pdf,HISTORICAL_CONDITION_SURVEY,21,BRIDGE_LEVEL_CONDITION_CANDIDATE,BRIDGE; ROB,DEFECT,,EXPANSION JOINT,INSPECTION,REPAIR; REHABILITATION,,AP_BR_OSM_W1327825130,Railway Track,All the cross drainage structures for the new carriageway shall be designed for 3 lane capacity. The details of recommended improvements for culverts have been dealt in the PPR report of the Consultants (SWK) 2.10.2 New Bridges There are forty-two bridges out of which forty bridges are across rivers/streams and two across the railway tracks. All the new bridges shall have the width for three-lane and the existing bridges have to be retained after necessary repair and rehabilitation. The rivers are both major and minor. The streams cater for the storm water flow from the nearby agricultural fields or open land. 2.10.3 Underpasses To cater for the pedestrian crossings the main carriageway unde,False,False,True
NHAI_AP_TADA_NELLORE,NHAI_Tada_Nellore_NH5_Vol_II.pdf,HISTORICAL_CONDITION_SURVEY,23,IDENTIFIED_BRIDGE_CONDITION_CANDIDATE,BRIDGE; ROB,GOOD,,,,,Km 217; Km 221; Km 222.7; Km 225.1; Km 226.3; Km 226.8; Km 231.5; Km 233.4; Km 240.0; Km 251.5; Km 252.0,,,urance and fitness for purpose appropriate to a highway of the character of the Project Highway to be achieved throughout the Contract Period; 2.1.1 1 Ensure adequate off-street parking facilities for both passenger and goods vehicles: 2.1.12 Provide adequate bus bays for stopping of buses and bus shelters for commuters to wait under protection; and 2.1.13 Achieve a high standard in the appearance and aesthetic quality of the Project Highway and achieve integration of the Project Highway with the character of the surrounding landscape through both sensitive design and sensitive management of all visible clements including those on the existing road. 2.1.14 Undertake proper safety aud~t throu,False,False,True
NHAI_AP_TADA_NELLORE,NHAI_Tada_Nellore_NH5_Vol_II.pdf,HISTORICAL_CONDITION_SURVEY,24,BRIDGE_LEVEL_CONDITION_CANDIDATE,BRIDGE; MINOR BRIDGE,,RUST; EROSION,,,REHABILITATION; STRENGTHENING,km 21; km 22; km 217; km 221; km 229.6; km 236.7; km 242.2.; km 239; km 238; km 233.400; km 237.00; km 233.4; km 240.0,AP_BR_OSM_W1081167107; AP_BR_OSM_W1086848414; AP_BR_OSM_W1086848416; AP_BR_OSM_W1086848436; AP_BR_OSM_W1086848440; AP_BR_OSM_W1088411426; AP_BR_OSM_W1088411432; AP_BR_OSM_W1088411472; AP_BR_OSM_W1088411473; AP_BR_OSM_W1088411477; AP_BR_OSM_W1088411479; AP_BR_OSM_W1088426820; AP_BR_OSM_W1088426833; AP_BR_OSM_W1088426835; AP_BR_OSM_W1088463022; AP_BR_OSM_W1088463024; AP_BR_OSM_W1089450070; AP_BR_OSM_W1089450073; AP_BR_OSM_W1089450078; AP_BR_OSM_W1089450081; AP_BR_OSM_W1120249872; AP_BR_OSM_W1155071501; AP_BR_OSM_W1155071503; AP_BR_OSM_W1191649245; AP_BR_OSM_W1225609297; AP_BR_OSM_W1232731403; AP_BR_OSM_W1232731423; AP_BR_OSM_W1237976449; AP_BR_OSM_W1237978378; AP_BR_OSM_W1237978510; AP_BR_OSM_W1237978514; AP_BR_OSM_W1237979758; AP_BR_OSM_W1237979762; AP_BR_OSM_W1243542316; AP_BR_OSM_W1243542321; AP_BR_OSM_W1245312598; AP_BR_OSM_W1245312599; AP_BR_OSM_W1273875767; AP_BR_OSM_W1273875769; AP_BR_OSM_W1273875773; AP_BR_OSM_W1273875775; AP_BR_OSM_W1273875815; AP_BR_OSM_W1273875817; AP_BR_OSM_W1273875869; AP_BR_OSM_W1273875875; AP_BR_OSM_W1273875877; AP_BR_OSM_W1306892617; AP_BR_OSM_W1306892623; AP_BR_OSM_W1324235692; AP_BR_OSM_W1329295334; AP_BR_OSM_W1329295340; AP_BR_OSM_W1362529455; AP_BR_OSM_W1362529457; AP_BR_OSM_W1367602016; AP_BR_OSM_W1384358138; AP_BR_OSM_W1451125171; AP_BR_OSM_W1463702254; AP_BR_OSM_W1463702255; AP_BR_OSM_W1467110239; AP_BR_OSM_W1470248110; AP_BR_OSM_W1470248112; AP_BR_OSM_W1470248115; AP_BR_OSM_W1470248117; AP_BR_OSM_W1470254032; AP_BR_OSM_W1470254034; AP_BR_OSM_W1470254037; AP_BR_OSM_W1470254039; AP_BR_OSM_W1470254042; AP_BR_OSM_W1470254595; AP_BR_OSM_W1470254597; AP_BR_OSM_W1492140167; AP_BR_OSM_W1492140169; AP_BR_OSM_W1498208935; AP_BR_OSM_W1498208941; AP_BR_OSM_W1498244122; AP_BR_OSM_W1509394849; AP_BR_OSM_W1509394850; AP_BR_OSM_W1513126572; AP_BR_OSM_W1513126574; AP_BR_OSM_W1513577126; AP_BR_OSM_W1523945375; AP_BR_OSM_W1523945376; AP_BR_OSM_W1524280480; AP_BR_OSM_W1526081025; AP_BR_OSM_W1534018757; AP_BR_OSM_W1534018759; AP_BR_OSM_W1540667922; AP_BR_OSM_W1544023678; AP_BR_OSM_W1544023680; AP_BR_OSM_W1546593842; AP_BR_OSM_W1546593845; AP_BR_OSM_W480403927; AP_BR_OSM_W480403929; AP_BR_OSM_W673858216; AP_BR_OSM_W673858223; AP_BR_OSM_W826596384; AP_BR_OSM_W826596386; AP_BR_OSM_W826596400; AP_BR_OSM_W826596402; AP_BR_OSM_W826596413; AP_BR_OSM_W826596416; AP_BR_OSM_W826596424; AP_BR_OSM_W826596430; AP_BR_OSM_W826596440; AP_BR_OSM_W826596442; AP_BR_OSM_W826596445; AP_BR_OSM_W826596449; AP_BR_OSM_W826596455; AP_BR_OSM_W826596458; AP_BR_OSM_W826596464; AP_BR_OSM_W826596466; AP_BR_OSM_W826596490; AP_BR_OSM_W826596496; AP_BR_OSM_W839529008; AP_BR_OSM_W843783103; AP_BR_OSM_W843783106; AP_BR_OSM_W845261050; AP_BR_OSM_W851480115; AP_BR_OSM_W851518401; AP_BR_OSM_W852274598; AP_BR_OSM_W852304662; AP_BR_OSM_W852304667; AP_BR_OSM_W852304670; AP_BR_OSM_W854500413; AP_BR_OSM_W854500419; AP_BR_OSM_W854500422; AP_BR_OSM_W854500428; AP_BR_OSM_W854500429; AP_BR_OSM_W854500435; AP_BR_OSM_W855374531; AP_BR_OSM_W855376825; AP_BR_OSM_W855376827,Service Road; Service Road; Service Road; Service Road; Service Road; Service Road; Service Road; Service Road; Service Road; Service Road; Service Road; Service Road; Service Road; Service Road; Service Road; Service Road; Service Road; Service Road; Service Road; Service Road; Service Road; Service Road; Service Road; Service Road; Service Road; Service Road; Service Road; Service Road; Service Road; Service Road; Service Road; Service Road; Service Road; Service Road; Service Road; Service Road; Service Road; Service Road; Service Road; Service Road; Service Road; Service Road; Service Road; Service Road; Service Road; Service Road; Service Road; Service Road; Service Road; Service Road; Service Road; Service Road; Service Road; Service Road; Service Road; Service Road; Service Road; Service Road; Service Road; Service Road; Service Road; Service Road; Service Road; Service Road; Service Road; Service Road; Service Road; Service Road; Service Road; Service Road; Service Road; Service Road; Service Road; Service Road; Service Road; Service Road; Service Road; Service Road; Service Road; Service Road; Service Road; Service Road; Service Road; Service Road; Service Road; Service Road; Service Road; Service Road; Service Road; Service Road; Service Road; Service Road; Service Road; Service Road; Service Road; Service Road; Service Road; Service Road; Service Road; Service Road; Service Road; Service Road; Service Road; Service Road; Service Road; Service Road; Service Road; Service Road; Service Road; Service Road; Service Road; Service Road; Service Road; Service Road; Service Road; Service Road; Service Road; Service Road; Service Road; Service Road; Service Road; Service Road; Service Road; Service Road; Service Road; Service Road; Service Road; Service Road; Service Road; Service Road; Service Road; Service Road,"2.3 Construction of new 2 lane bypasses including construction of all cross drainage works (majorlminor bridges and culverts) and development of at grade intersections : 2 3 1 Bypass to Nandigama Town The project reach from km 21 7 to km 22 1.2 passes through Nandigama town. The right of way in this reach is restricted and the reach is densely populated with commercial and residential areas existing on either side of the road. In order to cater the requirements for 30 years concession period, it is advisable to provide a 2 lane bypass to this town on RHS from km 217 to km 221 (5 km) and utilise the already strengthened existing 2 lanes for one direction of traffic. 2.3.2 Bypass to Kanchikach",False,False,True
NHAI_AP_TADA_NELLORE,NHAI_Tada_Nellore_NH5_Vol_II.pdf,HISTORICAL_CONDITION_SURVEY,54,IDENTIFIED_BRIDGE_CONDITION_CANDIDATE,BRIDGE,CONDITION,,,,MAINTENANCE,km.52.8; km.,,,"onal Highways No.5 from km.52.8 and ends at km. 163.6 and part of National Highways No. 9 from km. 216 to km. 265, both in the State of Andhra Pradesh. And whereas, having regard to the expenditure involved in building, maintenance, management and operation of the said stretch of National Highway, interest on the capital invested, reasonable returns, the volume of traffic and the period of such agreement, the Central Government has decided to determine the rates of fee and period of fee collection. Now, therefore, in exercise of the powers conferred under sub rule 2 read with sub rule 1 of rule 3 of ""National Highways (Collection of fees by any person for the use of sections of National High",False,False,True
NHAI_AP_TADA_NELLORE,NHAI_Tada_Nellore_NH5_Vol_II.pdf,HISTORICAL_CONDITION_SURVEY,55,IDENTIFIED_BRIDGE_CONDITION_CANDIDATE,,GOOD,,,,,km.52.8; km.163.6; km.217; km.265,,,"1. 2. 3. 4. 5. Notes : 1. The aforesaid Fee will be revised with effect from July 1 for one year. The revised fee shall be computed (""Computed Fee"") as follows: CATEGORY OF VEHICLE (2) A car, passenger van or jeep Light Goods Vehicle (LGV) Truck Bus Earth moving equipment and Heavy construction machinery including oversized vehicles carrying boilers, turbines, generators, etc. Base Fee X WPl, BASE FEE # RATE OF FEE PER VEHICLE PER TRIP (IN RUPEES PER KM) (3) 0.40 0.70 1.40 1.40 3.00 Where WPI, = is the WPI on March 31, 1997 WPli = is the WPI on March 31 preceding the fee-revision date. The Actual Fees to be charged shall be rounded off to the nearest five Rupees. 2. Following types of vehicl",False,False,True
NHAI_AP_TADA_NELLORE,NHAI_Tada_Nellore_NH5_Vol_II.pdf,HISTORICAL_CONDITION_SURVEY,102,IDENTIFIED_BRIDGE_CONDITION_CANDIDATE,,CONDITION,,,,REHABILITATION; MAINTENANCE,km.,,,"Schedule L, TRANSFER CERTIFICATE INVe, (name of the Independent Consultant) issue this certificate, designated Transfer Certificate for widening the existing 2-lanes to 4-lanes divided carriageway facility including rehabilitation of existing 2-lanes of (a) NH-5 from km. 52.8 to km. 163.6 on the Tada-Nellore Section in Andhra Pradesh, India; (b) NH-9 from km. 217 to km. 252 on the Nandigama-lbrahimpatnam Section in Andhra Pradesh, India, on Build, Operate and Transfer (""BOP) basis and (c) operation, maintenance and collection of fees of NH-9 from km. 253 to km. 265 on Ibrahimpatnam-Vijayawada Section in Andhra Pradesh, India, by the Concessionaire (name of the Concessionaire) as per the Conc",False,False,True
