source_id,document,page,asset_id,asset_code,asset_name,district,condition_context,inspection_context,repair_context,training_label_candidate,promote_to_ml
IR_IRBM_2024,Indian_Railway_Bridge_Manual_2024.pdf,11,2779,AP_BR_OSM_W548905049,railway line,,True,False,False,False,False
IR_IRBM_2024,Indian_Railway_Bridge_Manual_2024.pdf,11,2781,AP_BR_OSM_W548905059,railway line,,True,False,False,False,False
IR_IRBM_2024,Indian_Railway_Bridge_Manual_2024.pdf,11,2783,AP_BR_OSM_W548905063,railway line,,True,False,False,False,False
IR_IRBM_2024,Indian_Railway_Bridge_Manual_2024.pdf,11,2786,AP_BR_OSM_W548905068,railway line,,True,False,False,False,False
IR_IRBM_2024,Indian_Railway_Bridge_Manual_2024.pdf,11,2791,AP_BR_OSM_W548993084,railway line,,True,False,False,False,False
IR_IRBM_2024,Indian_Railway_Bridge_Manual_2024.pdf,11,3813,AP_BR_OSM_W630894952,railway line,,True,False,False,False,False
IR_IRBM_2024,Indian_Railway_Bridge_Manual_2024.pdf,18,2469,AP_BR_OSM_W487371413,Bridge 1,,False,True,True,False,False
IR_IRBM_2024,Indian_Railway_Bridge_Manual_2024.pdf,57,20484,AP_BR_OSM_W1436655262,old bridge,,False,False,True,False,False
IR_IRBM_2024,Indian_Railway_Bridge_Manual_2024.pdf,60,2469,AP_BR_OSM_W487371413,Bridge 1,,True,False,False,False,False
IR_IRBM_2024,Indian_Railway_Bridge_Manual_2024.pdf,60,2779,AP_BR_OSM_W548905049,railway line,,True,False,False,False,False
IR_IRBM_2024,Indian_Railway_Bridge_Manual_2024.pdf,60,2781,AP_BR_OSM_W548905059,railway line,,True,False,False,False,False
IR_IRBM_2024,Indian_Railway_Bridge_Manual_2024.pdf,60,2783,AP_BR_OSM_W548905063,railway line,,True,False,False,False,False
IR_IRBM_2024,Indian_Railway_Bridge_Manual_2024.pdf,60,2786,AP_BR_OSM_W548905068,railway line,,True,False,False,False,False
IR_IRBM_2024,Indian_Railway_Bridge_Manual_2024.pdf,60,2791,AP_BR_OSM_W548993084,railway line,,True,False,False,False,False
IR_IRBM_2024,Indian_Railway_Bridge_Manual_2024.pdf,60,3813,AP_BR_OSM_W630894952,railway line,,True,False,False,False,False
IR_IRBM_2024,Indian_Railway_Bridge_Manual_2024.pdf,65,2779,AP_BR_OSM_W548905049,railway line,,True,False,True,False,False
IR_IRBM_2024,Indian_Railway_Bridge_Manual_2024.pdf,65,2781,AP_BR_OSM_W548905059,railway line,,True,False,True,False,False
IR_IRBM_2024,Indian_Railway_Bridge_Manual_2024.pdf,65,2783,AP_BR_OSM_W548905063,railway line,,True,False,True,False,False
IR_IRBM_2024,Indian_Railway_Bridge_Manual_2024.pdf,65,2786,AP_BR_OSM_W548905068,railway line,,True,False,True,False,False
IR_IRBM_2024,Indian_Railway_Bridge_Manual_2024.pdf,65,2791,AP_BR_OSM_W548993084,railway line,,True,False,True,False,False
IR_IRBM_2024,Indian_Railway_Bridge_Manual_2024.pdf,65,3813,AP_BR_OSM_W630894952,railway line,,True,False,True,False,False
IR_IRBM_2024,Indian_Railway_Bridge_Manual_2024.pdf,114,2779,AP_BR_OSM_W548905049,railway line,,True,True,True,False,False
IR_IRBM_2024,Indian_Railway_Bridge_Manual_2024.pdf,114,2781,AP_BR_OSM_W548905059,railway line,,True,True,True,False,False
IR_IRBM_2024,Indian_Railway_Bridge_Manual_2024.pdf,114,2783,AP_BR_OSM_W548905063,railway line,,True,True,True,False,False
IR_IRBM_2024,Indian_Railway_Bridge_Manual_2024.pdf,114,2786,AP_BR_OSM_W548905068,railway line,,True,True,True,False,False
IR_IRBM_2024,Indian_Railway_Bridge_Manual_2024.pdf,114,2791,AP_BR_OSM_W548993084,railway line,,True,True,True,False,False
IR_IRBM_2024,Indian_Railway_Bridge_Manual_2024.pdf,114,3813,AP_BR_OSM_W630894952,railway line,,True,True,True,False,False
IR_IRBM_2024,Indian_Railway_Bridge_Manual_2024.pdf,127,2779,AP_BR_OSM_W548905049,railway line,,True,True,True,False,False
IR_IRBM_2024,Indian_Railway_Bridge_Manual_2024.pdf,127,2781,AP_BR_OSM_W548905059,railway line,,True,True,True,False,False
IR_IRBM_2024,Indian_Railway_Bridge_Manual_2024.pdf,127,2783,AP_BR_OSM_W548905063,railway line,,True,True,True,False,False
IR_IRBM_2024,Indian_Railway_Bridge_Manual_2024.pdf,127,2786,AP_BR_OSM_W548905068,railway line,,True,True,True,False,False
IR_IRBM_2024,Indian_Railway_Bridge_Manual_2024.pdf,127,2791,AP_BR_OSM_W548993084,railway line,,True,True,True,False,False
IR_IRBM_2024,Indian_Railway_Bridge_Manual_2024.pdf,127,3813,AP_BR_OSM_W630894952,railway line,,True,True,True,False,False
IR_IRBM_2024,Indian_Railway_Bridge_Manual_2024.pdf,144,20484,AP_BR_OSM_W1436655262,old bridge,,True,True,True,False,False
IR_IRBM_2024,Indian_Railway_Bridge_Manual_2024.pdf,148,2469,AP_BR_OSM_W487371413,Bridge 1,,True,True,True,False,False
IR_IRBM_2024,Indian_Railway_Bridge_Manual_2024.pdf,152,15293,AP_BR_OSM_W1188218518,Foot Over Bridge,,True,True,True,False,False
IR_IRBM_2024,Indian_Railway_Bridge_Manual_2024.pdf,168,15293,AP_BR_OSM_W1188218518,Foot Over Bridge,,False,True,True,False,False
IR_IRBM_2024,Indian_Railway_Bridge_Manual_2024.pdf,273,15293,AP_BR_OSM_W1188218518,Foot Over Bridge,,False,False,False,False,False
NHAI_AP_GIDDALUR_VINUKONDA,NHAI_Giddalur_Vinukonda_NH544D.pdf,151,14881,AP_BR_OSM_W1081167107,Service Road,,False,False,True,False,False
NHAI_AP_GIDDALUR_VINUKONDA,NHAI_Giddalur_Vinukonda_NH544D.pdf,151,14905,AP_BR_OSM_W1086848414,Service Road,,False,False,True,False,False
NHAI_AP_GIDDALUR_VINUKONDA,NHAI_Giddalur_Vinukonda_NH544D.pdf,151,14906,AP_BR_OSM_W1086848416,Service Road,,False,False,True,False,False
NHAI_AP_GIDDALUR_VINUKONDA,NHAI_Giddalur_Vinukonda_NH544D.pdf,151,14911,AP_BR_OSM_W1086848436,Service Road,,False,False,True,False,False
NHAI_AP_GIDDALUR_VINUKONDA,NHAI_Giddalur_Vinukonda_NH544D.pdf,151,14913,AP_BR_OSM_W1086848440,Service Road,,False,False,True,False,False
NHAI_AP_GIDDALUR_VINUKONDA,NHAI_Giddalur_Vinukonda_NH544D.pdf,151,14980,AP_BR_OSM_W1088411426,Service Road,,False,False,True,False,False
NHAI_AP_GIDDALUR_VINUKONDA,NHAI_Giddalur_Vinukonda_NH544D.pdf,151,14983,AP_BR_OSM_W1088411432,Service Road,,False,False,True,False,False
NHAI_AP_GIDDALUR_VINUKONDA,NHAI_Giddalur_Vinukonda_NH544D.pdf,151,14990,AP_BR_OSM_W1088411472,Service Road,,False,False,True,False,False
NHAI_AP_GIDDALUR_VINUKONDA,NHAI_Giddalur_Vinukonda_NH544D.pdf,151,14991,AP_BR_OSM_W1088411473,Service Road,,False,False,True,False,False
NHAI_AP_GIDDALUR_VINUKONDA,NHAI_Giddalur_Vinukonda_NH544D.pdf,151,14992,AP_BR_OSM_W1088411477,Service Road,,False,False,True,False,False
NHAI_AP_GIDDALUR_VINUKONDA,NHAI_Giddalur_Vinukonda_NH544D.pdf,151,14993,AP_BR_OSM_W1088411479,Service Road,,False,False,True,False,False
NHAI_AP_GIDDALUR_VINUKONDA,NHAI_Giddalur_Vinukonda_NH544D.pdf,151,14999,AP_BR_OSM_W1088426820,Service Road,,False,False,True,False,False
NHAI_AP_GIDDALUR_VINUKONDA,NHAI_Giddalur_Vinukonda_NH544D.pdf,151,15000,AP_BR_OSM_W1088426833,Service Road,,False,False,True,False,False
NHAI_AP_GIDDALUR_VINUKONDA,NHAI_Giddalur_Vinukonda_NH544D.pdf,151,15001,AP_BR_OSM_W1088426835,Service Road,,False,False,True,False,False
NHAI_AP_GIDDALUR_VINUKONDA,NHAI_Giddalur_Vinukonda_NH544D.pdf,151,15026,AP_BR_OSM_W1088463022,Service Road,,False,False,True,False,False
NHAI_AP_GIDDALUR_VINUKONDA,NHAI_Giddalur_Vinukonda_NH544D.pdf,151,15027,AP_BR_OSM_W1088463024,Service Road,,False,False,True,False,False
NHAI_AP_GIDDALUR_VINUKONDA,NHAI_Giddalur_Vinukonda_NH544D.pdf,151,15055,AP_BR_OSM_W1089450070,Service Road,,False,False,True,False,False
NHAI_AP_GIDDALUR_VINUKONDA,NHAI_Giddalur_Vinukonda_NH544D.pdf,151,15058,AP_BR_OSM_W1089450073,Service Road,,False,False,True,False,False
NHAI_AP_GIDDALUR_VINUKONDA,NHAI_Giddalur_Vinukonda_NH544D.pdf,151,15059,AP_BR_OSM_W1089450078,Service Road,,False,False,True,False,False
NHAI_AP_GIDDALUR_VINUKONDA,NHAI_Giddalur_Vinukonda_NH544D.pdf,151,15062,AP_BR_OSM_W1089450081,Service Road,,False,False,True,False,False
NHAI_AP_GIDDALUR_VINUKONDA,NHAI_Giddalur_Vinukonda_NH544D.pdf,151,15147,AP_BR_OSM_W1120249872,Service Road,,False,False,True,False,False
NHAI_AP_GIDDALUR_VINUKONDA,NHAI_Giddalur_Vinukonda_NH544D.pdf,151,15215,AP_BR_OSM_W1155071501,Service Road,,False,False,True,False,False
NHAI_AP_GIDDALUR_VINUKONDA,NHAI_Giddalur_Vinukonda_NH544D.pdf,151,15216,AP_BR_OSM_W1155071503,Service Road,,False,False,True,False,False
NHAI_AP_GIDDALUR_VINUKONDA,NHAI_Giddalur_Vinukonda_NH544D.pdf,151,15451,AP_BR_OSM_W1191649245,Service Road,,False,False,True,False,False
NHAI_AP_GIDDALUR_VINUKONDA,NHAI_Giddalur_Vinukonda_NH544D.pdf,151,15648,AP_BR_OSM_W1225609297,Service Road,,False,False,True,False,False
NHAI_AP_GIDDALUR_VINUKONDA,NHAI_Giddalur_Vinukonda_NH544D.pdf,151,15700,AP_BR_OSM_W1232731403,Service Road,,False,False,True,False,False
NHAI_AP_GIDDALUR_VINUKONDA,NHAI_Giddalur_Vinukonda_NH544D.pdf,151,15703,AP_BR_OSM_W1232731423,Service Road,,False,False,True,False,False
NHAI_AP_GIDDALUR_VINUKONDA,NHAI_Giddalur_Vinukonda_NH544D.pdf,151,15745,AP_BR_OSM_W1237976449,Service Road,,False,False,True,False,False
NHAI_AP_GIDDALUR_VINUKONDA,NHAI_Giddalur_Vinukonda_NH544D.pdf,151,15757,AP_BR_OSM_W1237978378,Service Road,,False,False,True,False,False
NHAI_AP_GIDDALUR_VINUKONDA,NHAI_Giddalur_Vinukonda_NH544D.pdf,151,15761,AP_BR_OSM_W1237978510,Service Road,,False,False,True,False,False
NHAI_AP_GIDDALUR_VINUKONDA,NHAI_Giddalur_Vinukonda_NH544D.pdf,151,15763,AP_BR_OSM_W1237978514,Service Road,,False,False,True,False,False
NHAI_AP_GIDDALUR_VINUKONDA,NHAI_Giddalur_Vinukonda_NH544D.pdf,151,15774,AP_BR_OSM_W1237979758,Service Road,,False,False,True,False,False
NHAI_AP_GIDDALUR_VINUKONDA,NHAI_Giddalur_Vinukonda_NH544D.pdf,151,15776,AP_BR_OSM_W1237979762,Service Road,,False,False,True,False,False
NHAI_AP_GIDDALUR_VINUKONDA,NHAI_Giddalur_Vinukonda_NH544D.pdf,151,15992,AP_BR_OSM_W1243542316,Service Road,,False,False,True,False,False
NHAI_AP_GIDDALUR_VINUKONDA,NHAI_Giddalur_Vinukonda_NH544D.pdf,151,15995,AP_BR_OSM_W1243542321,Service Road,,False,False,True,False,False
NHAI_AP_GIDDALUR_VINUKONDA,NHAI_Giddalur_Vinukonda_NH544D.pdf,151,16013,AP_BR_OSM_W1245312598,Service Road,,False,False,True,False,False
NHAI_AP_GIDDALUR_VINUKONDA,NHAI_Giddalur_Vinukonda_NH544D.pdf,151,16014,AP_BR_OSM_W1245312599,Service Road,,False,False,True,False,False
NHAI_AP_GIDDALUR_VINUKONDA,NHAI_Giddalur_Vinukonda_NH544D.pdf,151,16681,AP_BR_OSM_W1273875767,Service Road,,False,False,True,False,False
NHAI_AP_GIDDALUR_VINUKONDA,NHAI_Giddalur_Vinukonda_NH544D.pdf,151,16682,AP_BR_OSM_W1273875769,Service Road,,False,False,True,False,False
NHAI_AP_GIDDALUR_VINUKONDA,NHAI_Giddalur_Vinukonda_NH544D.pdf,151,16684,AP_BR_OSM_W1273875773,Service Road,,False,False,True,False,False
NHAI_AP_GIDDALUR_VINUKONDA,NHAI_Giddalur_Vinukonda_NH544D.pdf,151,16685,AP_BR_OSM_W1273875775,Service Road,,False,False,True,False,False
NHAI_AP_GIDDALUR_VINUKONDA,NHAI_Giddalur_Vinukonda_NH544D.pdf,151,16690,AP_BR_OSM_W1273875815,Service Road,,False,False,True,False,False
NHAI_AP_GIDDALUR_VINUKONDA,NHAI_Giddalur_Vinukonda_NH544D.pdf,151,16691,AP_BR_OSM_W1273875817,Service Road,,False,False,True,False,False
NHAI_AP_GIDDALUR_VINUKONDA,NHAI_Giddalur_Vinukonda_NH544D.pdf,151,16708,AP_BR_OSM_W1273875869,Service Road,,False,False,True,False,False
NHAI_AP_GIDDALUR_VINUKONDA,NHAI_Giddalur_Vinukonda_NH544D.pdf,151,16711,AP_BR_OSM_W1273875875,Service Road,,False,False,True,False,False
NHAI_AP_GIDDALUR_VINUKONDA,NHAI_Giddalur_Vinukonda_NH544D.pdf,151,16712,AP_BR_OSM_W1273875877,Service Road,,False,False,True,False,False
NHAI_AP_GIDDALUR_VINUKONDA,NHAI_Giddalur_Vinukonda_NH544D.pdf,151,17429,AP_BR_OSM_W1306892617,Service Road,,False,False,True,False,False
NHAI_AP_GIDDALUR_VINUKONDA,NHAI_Giddalur_Vinukonda_NH544D.pdf,151,17432,AP_BR_OSM_W1306892623,Service Road,,False,False,True,False,False
NHAI_AP_GIDDALUR_VINUKONDA,NHAI_Giddalur_Vinukonda_NH544D.pdf,151,17849,AP_BR_OSM_W1324235692,Service Road,,False,False,True,False,False
NHAI_AP_GIDDALUR_VINUKONDA,NHAI_Giddalur_Vinukonda_NH544D.pdf,151,18022,AP_BR_OSM_W1329295334,Service Road,,False,False,True,False,False
NHAI_AP_GIDDALUR_VINUKONDA,NHAI_Giddalur_Vinukonda_NH544D.pdf,151,18025,AP_BR_OSM_W1329295340,Service Road,,False,False,True,False,False
NHAI_AP_GIDDALUR_VINUKONDA,NHAI_Giddalur_Vinukonda_NH544D.pdf,151,18788,AP_BR_OSM_W1362529455,Service Road,,False,False,True,False,False
NHAI_AP_GIDDALUR_VINUKONDA,NHAI_Giddalur_Vinukonda_NH544D.pdf,151,18789,AP_BR_OSM_W1362529457,Service Road,,False,False,True,False,False
NHAI_AP_GIDDALUR_VINUKONDA,NHAI_Giddalur_Vinukonda_NH544D.pdf,151,18821,AP_BR_OSM_W1367602016,Service Road,,False,False,True,False,False
NHAI_AP_GIDDALUR_VINUKONDA,NHAI_Giddalur_Vinukonda_NH544D.pdf,151,18878,AP_BR_OSM_W1384358138,Service Road,,False,False,True,False,False
NHAI_AP_GIDDALUR_VINUKONDA,NHAI_Giddalur_Vinukonda_NH544D.pdf,151,21538,AP_BR_OSM_W1451125171,Service Road,,False,False,True,False,False
NHAI_AP_GIDDALUR_VINUKONDA,NHAI_Giddalur_Vinukonda_NH544D.pdf,151,21997,AP_BR_OSM_W1463702254,Service Road,,False,False,True,False,False
NHAI_AP_GIDDALUR_VINUKONDA,NHAI_Giddalur_Vinukonda_NH544D.pdf,151,21998,AP_BR_OSM_W1463702255,Service Road,,False,False,True,False,False
NHAI_AP_GIDDALUR_VINUKONDA,NHAI_Giddalur_Vinukonda_NH544D.pdf,151,22040,AP_BR_OSM_W1467110239,Service Road,,False,False,True,False,False
NHAI_AP_GIDDALUR_VINUKONDA,NHAI_Giddalur_Vinukonda_NH544D.pdf,151,22094,AP_BR_OSM_W1470248110,Service Road,,False,False,True,False,False
NHAI_AP_GIDDALUR_VINUKONDA,NHAI_Giddalur_Vinukonda_NH544D.pdf,151,22095,AP_BR_OSM_W1470248112,Service Road,,False,False,True,False,False
NHAI_AP_GIDDALUR_VINUKONDA,NHAI_Giddalur_Vinukonda_NH544D.pdf,151,22096,AP_BR_OSM_W1470248115,Service Road,,False,False,True,False,False
NHAI_AP_GIDDALUR_VINUKONDA,NHAI_Giddalur_Vinukonda_NH544D.pdf,151,22097,AP_BR_OSM_W1470248117,Service Road,,False,False,True,False,False
NHAI_AP_GIDDALUR_VINUKONDA,NHAI_Giddalur_Vinukonda_NH544D.pdf,151,22098,AP_BR_OSM_W1470254032,Service Road,,False,False,True,False,False
NHAI_AP_GIDDALUR_VINUKONDA,NHAI_Giddalur_Vinukonda_NH544D.pdf,151,22099,AP_BR_OSM_W1470254034,Service Road,,False,False,True,False,False
NHAI_AP_GIDDALUR_VINUKONDA,NHAI_Giddalur_Vinukonda_NH544D.pdf,151,22100,AP_BR_OSM_W1470254037,Service Road,,False,False,True,False,False
NHAI_AP_GIDDALUR_VINUKONDA,NHAI_Giddalur_Vinukonda_NH544D.pdf,151,22101,AP_BR_OSM_W1470254039,Service Road,,False,False,True,False,False
NHAI_AP_GIDDALUR_VINUKONDA,NHAI_Giddalur_Vinukonda_NH544D.pdf,151,22102,AP_BR_OSM_W1470254042,Service Road,,False,False,True,False,False
NHAI_AP_GIDDALUR_VINUKONDA,NHAI_Giddalur_Vinukonda_NH544D.pdf,151,22103,AP_BR_OSM_W1470254595,Service Road,,False,False,True,False,False
NHAI_AP_GIDDALUR_VINUKONDA,NHAI_Giddalur_Vinukonda_NH544D.pdf,151,22104,AP_BR_OSM_W1470254597,Service Road,,False,False,True,False,False
NHAI_AP_GIDDALUR_VINUKONDA,NHAI_Giddalur_Vinukonda_NH544D.pdf,151,22304,AP_BR_OSM_W1492140167,Service Road,,False,False,True,False,False
NHAI_AP_GIDDALUR_VINUKONDA,NHAI_Giddalur_Vinukonda_NH544D.pdf,151,22305,AP_BR_OSM_W1492140169,Service Road,,False,False,True,False,False
NHAI_AP_GIDDALUR_VINUKONDA,NHAI_Giddalur_Vinukonda_NH544D.pdf,151,22362,AP_BR_OSM_W1498208935,Service Road,,False,False,True,False,False
NHAI_AP_GIDDALUR_VINUKONDA,NHAI_Giddalur_Vinukonda_NH544D.pdf,151,22365,AP_BR_OSM_W1498208941,Service Road,,False,False,True,False,False
NHAI_AP_GIDDALUR_VINUKONDA,NHAI_Giddalur_Vinukonda_NH544D.pdf,151,22376,AP_BR_OSM_W1498244122,Service Road,,False,False,True,False,False
NHAI_AP_GIDDALUR_VINUKONDA,NHAI_Giddalur_Vinukonda_NH544D.pdf,151,22505,AP_BR_OSM_W1509394849,Service Road,,False,False,True,False,False
NHAI_AP_GIDDALUR_VINUKONDA,NHAI_Giddalur_Vinukonda_NH544D.pdf,151,22506,AP_BR_OSM_W1509394850,Service Road,,False,False,True,False,False
NHAI_AP_GIDDALUR_VINUKONDA,NHAI_Giddalur_Vinukonda_NH544D.pdf,151,22563,AP_BR_OSM_W1513126572,Service Road,,False,False,True,False,False
NHAI_AP_GIDDALUR_VINUKONDA,NHAI_Giddalur_Vinukonda_NH544D.pdf,151,22564,AP_BR_OSM_W1513126574,Service Road,,False,False,True,False,False
NHAI_AP_GIDDALUR_VINUKONDA,NHAI_Giddalur_Vinukonda_NH544D.pdf,151,22575,AP_BR_OSM_W1513577126,Service Road,,False,False,True,False,False
NHAI_AP_GIDDALUR_VINUKONDA,NHAI_Giddalur_Vinukonda_NH544D.pdf,151,22704,AP_BR_OSM_W1523945375,Service Road,,False,False,True,False,False
NHAI_AP_GIDDALUR_VINUKONDA,NHAI_Giddalur_Vinukonda_NH544D.pdf,151,22705,AP_BR_OSM_W1523945376,Service Road,,False,False,True,False,False
NHAI_AP_GIDDALUR_VINUKONDA,NHAI_Giddalur_Vinukonda_NH544D.pdf,151,22719,AP_BR_OSM_W1524280480,Service Road,,False,False,True,False,False
NHAI_AP_GIDDALUR_VINUKONDA,NHAI_Giddalur_Vinukonda_NH544D.pdf,151,22749,AP_BR_OSM_W1526081025,Service Road,,False,False,True,False,False
NHAI_AP_GIDDALUR_VINUKONDA,NHAI_Giddalur_Vinukonda_NH544D.pdf,151,23069,AP_BR_OSM_W1534018757,Service Road,,False,False,True,False,False
NHAI_AP_GIDDALUR_VINUKONDA,NHAI_Giddalur_Vinukonda_NH544D.pdf,151,23070,AP_BR_OSM_W1534018759,Service Road,,False,False,True,False,False
NHAI_AP_GIDDALUR_VINUKONDA,NHAI_Giddalur_Vinukonda_NH544D.pdf,151,23139,AP_BR_OSM_W1540667922,Service Road,,False,False,True,False,False
NHAI_AP_GIDDALUR_VINUKONDA,NHAI_Giddalur_Vinukonda_NH544D.pdf,151,23186,AP_BR_OSM_W1544023678,Service Road,,False,False,True,False,False
NHAI_AP_GIDDALUR_VINUKONDA,NHAI_Giddalur_Vinukonda_NH544D.pdf,151,23187,AP_BR_OSM_W1544023680,Service Road,,False,False,True,False,False
NHAI_AP_GIDDALUR_VINUKONDA,NHAI_Giddalur_Vinukonda_NH544D.pdf,151,23222,AP_BR_OSM_W1546593842,Service Road,,False,False,True,False,False
NHAI_AP_GIDDALUR_VINUKONDA,NHAI_Giddalur_Vinukonda_NH544D.pdf,151,23223,AP_BR_OSM_W1546593845,Service Road,,False,False,True,False,False
NHAI_AP_GIDDALUR_VINUKONDA,NHAI_Giddalur_Vinukonda_NH544D.pdf,151,2414,AP_BR_OSM_W480403927,Service Road,,False,False,True,False,False
NHAI_AP_GIDDALUR_VINUKONDA,NHAI_Giddalur_Vinukonda_NH544D.pdf,151,2415,AP_BR_OSM_W480403929,Service Road,,False,False,True,False,False
NHAI_AP_GIDDALUR_VINUKONDA,NHAI_Giddalur_Vinukonda_NH544D.pdf,151,4561,AP_BR_OSM_W673858216,Service Road,,False,False,True,False,False
NHAI_AP_GIDDALUR_VINUKONDA,NHAI_Giddalur_Vinukonda_NH544D.pdf,151,4564,AP_BR_OSM_W673858223,Service Road,,False,False,True,False,False
NHAI_AP_GIDDALUR_VINUKONDA,NHAI_Giddalur_Vinukonda_NH544D.pdf,151,6997,AP_BR_OSM_W826596384,Service Road,,False,False,True,False,False
NHAI_AP_GIDDALUR_VINUKONDA,NHAI_Giddalur_Vinukonda_NH544D.pdf,151,6998,AP_BR_OSM_W826596386,Service Road,,False,False,True,False,False
NHAI_AP_GIDDALUR_VINUKONDA,NHAI_Giddalur_Vinukonda_NH544D.pdf,151,7004,AP_BR_OSM_W826596400,Service Road,,False,False,True,False,False
NHAI_AP_GIDDALUR_VINUKONDA,NHAI_Giddalur_Vinukonda_NH544D.pdf,151,7005,AP_BR_OSM_W826596402,Service Road,,False,False,True,False,False
NHAI_AP_GIDDALUR_VINUKONDA,NHAI_Giddalur_Vinukonda_NH544D.pdf,151,7011,AP_BR_OSM_W826596413,Service Road,,False,False,True,False,False
NHAI_AP_GIDDALUR_VINUKONDA,NHAI_Giddalur_Vinukonda_NH544D.pdf,151,7012,AP_BR_OSM_W826596416,Service Road,,False,False,True,False,False
NHAI_AP_GIDDALUR_VINUKONDA,NHAI_Giddalur_Vinukonda_NH544D.pdf,151,7017,AP_BR_OSM_W826596424,Service Road,,False,False,True,False,False
NHAI_AP_GIDDALUR_VINUKONDA,NHAI_Giddalur_Vinukonda_NH544D.pdf,151,7020,AP_BR_OSM_W826596430,Service Road,,False,False,True,False,False
NHAI_AP_GIDDALUR_VINUKONDA,NHAI_Giddalur_Vinukonda_NH544D.pdf,151,7025,AP_BR_OSM_W826596440,Service Road,,False,False,True,False,False
NHAI_AP_GIDDALUR_VINUKONDA,NHAI_Giddalur_Vinukonda_NH544D.pdf,151,7026,AP_BR_OSM_W826596442,Service Road,,False,False,True,False,False
NHAI_AP_GIDDALUR_VINUKONDA,NHAI_Giddalur_Vinukonda_NH544D.pdf,151,7029,AP_BR_OSM_W826596445,Service Road,,False,False,True,False,False
NHAI_AP_GIDDALUR_VINUKONDA,NHAI_Giddalur_Vinukonda_NH544D.pdf,151,7030,AP_BR_OSM_W826596449,Service Road,,False,False,True,False,False
NHAI_AP_GIDDALUR_VINUKONDA,NHAI_Giddalur_Vinukonda_NH544D.pdf,151,7033,AP_BR_OSM_W826596455,Service Road,,False,False,True,False,False
NHAI_AP_GIDDALUR_VINUKONDA,NHAI_Giddalur_Vinukonda_NH544D.pdf,151,7034,AP_BR_OSM_W826596458,Service Road,,False,False,True,False,False
NHAI_AP_GIDDALUR_VINUKONDA,NHAI_Giddalur_Vinukonda_NH544D.pdf,151,7037,AP_BR_OSM_W826596464,Service Road,,False,False,True,False,False
NHAI_AP_GIDDALUR_VINUKONDA,NHAI_Giddalur_Vinukonda_NH544D.pdf,151,7038,AP_BR_OSM_W826596466,Service Road,,False,False,True,False,False
NHAI_AP_GIDDALUR_VINUKONDA,NHAI_Giddalur_Vinukonda_NH544D.pdf,151,7053,AP_BR_OSM_W826596490,Service Road,,False,False,True,False,False
NHAI_AP_GIDDALUR_VINUKONDA,NHAI_Giddalur_Vinukonda_NH544D.pdf,151,7056,AP_BR_OSM_W826596496,Service Road,,False,False,True,False,False
NHAI_AP_GIDDALUR_VINUKONDA,NHAI_Giddalur_Vinukonda_NH544D.pdf,151,8126,AP_BR_OSM_W839529008,Service Road,,False,False,True,False,False
NHAI_AP_GIDDALUR_VINUKONDA,NHAI_Giddalur_Vinukonda_NH544D.pdf,151,8530,AP_BR_OSM_W843783103,Service Road,,False,False,True,False,False
NHAI_AP_GIDDALUR_VINUKONDA,NHAI_Giddalur_Vinukonda_NH544D.pdf,151,8531,AP_BR_OSM_W843783106,Service Road,,False,False,True,False,False
NHAI_AP_GIDDALUR_VINUKONDA,NHAI_Giddalur_Vinukonda_NH544D.pdf,151,9150,AP_BR_OSM_W845261050,Service Road,,False,False,True,False,False
NHAI_AP_GIDDALUR_VINUKONDA,NHAI_Giddalur_Vinukonda_NH544D.pdf,151,12029,AP_BR_OSM_W851480115,Service Road,,False,False,True,False,False
NHAI_AP_GIDDALUR_VINUKONDA,NHAI_Giddalur_Vinukonda_NH544D.pdf,151,12048,AP_BR_OSM_W851518401,Service Road,,False,False,True,False,False
NHAI_AP_GIDDALUR_VINUKONDA,NHAI_Giddalur_Vinukonda_NH544D.pdf,151,12158,AP_BR_OSM_W852274598,Service Road,,False,False,True,False,False
NHAI_AP_GIDDALUR_VINUKONDA,NHAI_Giddalur_Vinukonda_NH544D.pdf,151,12205,AP_BR_OSM_W852304662,Service Road,,False,False,True,False,False
NHAI_AP_GIDDALUR_VINUKONDA,NHAI_Giddalur_Vinukonda_NH544D.pdf,151,12206,AP_BR_OSM_W852304667,Service Road,,False,False,True,False,False
NHAI_AP_GIDDALUR_VINUKONDA,NHAI_Giddalur_Vinukonda_NH544D.pdf,151,12207,AP_BR_OSM_W852304670,Service Road,,False,False,True,False,False
NHAI_AP_GIDDALUR_VINUKONDA,NHAI_Giddalur_Vinukonda_NH544D.pdf,151,12786,AP_BR_OSM_W854500413,Service Road,,False,False,True,False,False
NHAI_AP_GIDDALUR_VINUKONDA,NHAI_Giddalur_Vinukonda_NH544D.pdf,151,12789,AP_BR_OSM_W854500419,Service Road,,False,False,True,False,False
NHAI_AP_GIDDALUR_VINUKONDA,NHAI_Giddalur_Vinukonda_NH544D.pdf,151,12790,AP_BR_OSM_W854500422,Service Road,,False,False,True,False,False
NHAI_AP_GIDDALUR_VINUKONDA,NHAI_Giddalur_Vinukonda_NH544D.pdf,151,12793,AP_BR_OSM_W854500428,Service Road,,False,False,True,False,False
NHAI_AP_GIDDALUR_VINUKONDA,NHAI_Giddalur_Vinukonda_NH544D.pdf,151,12794,AP_BR_OSM_W854500429,Service Road,,False,False,True,False,False
NHAI_AP_GIDDALUR_VINUKONDA,NHAI_Giddalur_Vinukonda_NH544D.pdf,151,12797,AP_BR_OSM_W854500435,Service Road,,False,False,True,False,False
NHAI_AP_GIDDALUR_VINUKONDA,NHAI_Giddalur_Vinukonda_NH544D.pdf,151,12836,AP_BR_OSM_W855374531,Service Road,,False,False,True,False,False
NHAI_AP_GIDDALUR_VINUKONDA,NHAI_Giddalur_Vinukonda_NH544D.pdf,151,12839,AP_BR_OSM_W855376825,Service Road,,False,False,True,False,False
NHAI_AP_GIDDALUR_VINUKONDA,NHAI_Giddalur_Vinukonda_NH544D.pdf,151,12840,AP_BR_OSM_W855376827,Service Road,,False,False,True,False,False
NHAI_AP_GIDDALUR_VINUKONDA,NHAI_Giddalur_Vinukonda_NH544D.pdf,172,2469,AP_BR_OSM_W487371413,Bridge 1,,False,False,True,False,False
NHAI_AP_GIDDALUR_VINUKONDA,NHAI_Giddalur_Vinukonda_NH544D.pdf,178,14881,AP_BR_OSM_W1081167107,Service Road,,False,False,True,False,False
NHAI_AP_GIDDALUR_VINUKONDA,NHAI_Giddalur_Vinukonda_NH544D.pdf,178,14905,AP_BR_OSM_W1086848414,Service Road,,False,False,True,False,False
NHAI_AP_GIDDALUR_VINUKONDA,NHAI_Giddalur_Vinukonda_NH544D.pdf,178,14906,AP_BR_OSM_W1086848416,Service Road,,False,False,True,False,False
NHAI_AP_GIDDALUR_VINUKONDA,NHAI_Giddalur_Vinukonda_NH544D.pdf,178,14911,AP_BR_OSM_W1086848436,Service Road,,False,False,True,False,False
NHAI_AP_GIDDALUR_VINUKONDA,NHAI_Giddalur_Vinukonda_NH544D.pdf,178,14913,AP_BR_OSM_W1086848440,Service Road,,False,False,True,False,False
NHAI_AP_GIDDALUR_VINUKONDA,NHAI_Giddalur_Vinukonda_NH544D.pdf,178,14980,AP_BR_OSM_W1088411426,Service Road,,False,False,True,False,False
NHAI_AP_GIDDALUR_VINUKONDA,NHAI_Giddalur_Vinukonda_NH544D.pdf,178,14983,AP_BR_OSM_W1088411432,Service Road,,False,False,True,False,False
NHAI_AP_GIDDALUR_VINUKONDA,NHAI_Giddalur_Vinukonda_NH544D.pdf,178,14990,AP_BR_OSM_W1088411472,Service Road,,False,False,True,False,False
NHAI_AP_GIDDALUR_VINUKONDA,NHAI_Giddalur_Vinukonda_NH544D.pdf,178,14991,AP_BR_OSM_W1088411473,Service Road,,False,False,True,False,False
NHAI_AP_GIDDALUR_VINUKONDA,NHAI_Giddalur_Vinukonda_NH544D.pdf,178,14992,AP_BR_OSM_W1088411477,Service Road,,False,False,True,False,False
NHAI_AP_GIDDALUR_VINUKONDA,NHAI_Giddalur_Vinukonda_NH544D.pdf,178,14993,AP_BR_OSM_W1088411479,Service Road,,False,False,True,False,False
NHAI_AP_GIDDALUR_VINUKONDA,NHAI_Giddalur_Vinukonda_NH544D.pdf,178,14999,AP_BR_OSM_W1088426820,Service Road,,False,False,True,False,False
NHAI_AP_GIDDALUR_VINUKONDA,NHAI_Giddalur_Vinukonda_NH544D.pdf,178,15000,AP_BR_OSM_W1088426833,Service Road,,False,False,True,False,False
NHAI_AP_GIDDALUR_VINUKONDA,NHAI_Giddalur_Vinukonda_NH544D.pdf,178,15001,AP_BR_OSM_W1088426835,Service Road,,False,False,True,False,False
NHAI_AP_GIDDALUR_VINUKONDA,NHAI_Giddalur_Vinukonda_NH544D.pdf,178,15026,AP_BR_OSM_W1088463022,Service Road,,False,False,True,False,False
NHAI_AP_GIDDALUR_VINUKONDA,NHAI_Giddalur_Vinukonda_NH544D.pdf,178,15027,AP_BR_OSM_W1088463024,Service Road,,False,False,True,False,False
NHAI_AP_GIDDALUR_VINUKONDA,NHAI_Giddalur_Vinukonda_NH544D.pdf,178,15055,AP_BR_OSM_W1089450070,Service Road,,False,False,True,False,False
NHAI_AP_GIDDALUR_VINUKONDA,NHAI_Giddalur_Vinukonda_NH544D.pdf,178,15058,AP_BR_OSM_W1089450073,Service Road,,False,False,True,False,False
NHAI_AP_GIDDALUR_VINUKONDA,NHAI_Giddalur_Vinukonda_NH544D.pdf,178,15059,AP_BR_OSM_W1089450078,Service Road,,False,False,True,False,False
NHAI_AP_GIDDALUR_VINUKONDA,NHAI_Giddalur_Vinukonda_NH544D.pdf,178,15062,AP_BR_OSM_W1089450081,Service Road,,False,False,True,False,False
NHAI_AP_GIDDALUR_VINUKONDA,NHAI_Giddalur_Vinukonda_NH544D.pdf,178,15147,AP_BR_OSM_W1120249872,Service Road,,False,False,True,False,False
NHAI_AP_GIDDALUR_VINUKONDA,NHAI_Giddalur_Vinukonda_NH544D.pdf,178,15215,AP_BR_OSM_W1155071501,Service Road,,False,False,True,False,False
NHAI_AP_GIDDALUR_VINUKONDA,NHAI_Giddalur_Vinukonda_NH544D.pdf,178,15216,AP_BR_OSM_W1155071503,Service Road,,False,False,True,False,False
NHAI_AP_GIDDALUR_VINUKONDA,NHAI_Giddalur_Vinukonda_NH544D.pdf,178,15451,AP_BR_OSM_W1191649245,Service Road,,False,False,True,False,False
NHAI_AP_GIDDALUR_VINUKONDA,NHAI_Giddalur_Vinukonda_NH544D.pdf,178,15648,AP_BR_OSM_W1225609297,Service Road,,False,False,True,False,False
NHAI_AP_GIDDALUR_VINUKONDA,NHAI_Giddalur_Vinukonda_NH544D.pdf,178,15700,AP_BR_OSM_W1232731403,Service Road,,False,False,True,False,False
NHAI_AP_GIDDALUR_VINUKONDA,NHAI_Giddalur_Vinukonda_NH544D.pdf,178,15703,AP_BR_OSM_W1232731423,Service Road,,False,False,True,False,False
NHAI_AP_GIDDALUR_VINUKONDA,NHAI_Giddalur_Vinukonda_NH544D.pdf,178,15745,AP_BR_OSM_W1237976449,Service Road,,False,False,True,False,False
NHAI_AP_GIDDALUR_VINUKONDA,NHAI_Giddalur_Vinukonda_NH544D.pdf,178,15757,AP_BR_OSM_W1237978378,Service Road,,False,False,True,False,False
NHAI_AP_GIDDALUR_VINUKONDA,NHAI_Giddalur_Vinukonda_NH544D.pdf,178,15761,AP_BR_OSM_W1237978510,Service Road,,False,False,True,False,False
NHAI_AP_GIDDALUR_VINUKONDA,NHAI_Giddalur_Vinukonda_NH544D.pdf,178,15763,AP_BR_OSM_W1237978514,Service Road,,False,False,True,False,False
NHAI_AP_GIDDALUR_VINUKONDA,NHAI_Giddalur_Vinukonda_NH544D.pdf,178,15774,AP_BR_OSM_W1237979758,Service Road,,False,False,True,False,False
NHAI_AP_GIDDALUR_VINUKONDA,NHAI_Giddalur_Vinukonda_NH544D.pdf,178,15776,AP_BR_OSM_W1237979762,Service Road,,False,False,True,False,False
NHAI_AP_GIDDALUR_VINUKONDA,NHAI_Giddalur_Vinukonda_NH544D.pdf,178,15992,AP_BR_OSM_W1243542316,Service Road,,False,False,True,False,False
NHAI_AP_GIDDALUR_VINUKONDA,NHAI_Giddalur_Vinukonda_NH544D.pdf,178,15995,AP_BR_OSM_W1243542321,Service Road,,False,False,True,False,False
NHAI_AP_GIDDALUR_VINUKONDA,NHAI_Giddalur_Vinukonda_NH544D.pdf,178,16013,AP_BR_OSM_W1245312598,Service Road,,False,False,True,False,False
NHAI_AP_GIDDALUR_VINUKONDA,NHAI_Giddalur_Vinukonda_NH544D.pdf,178,16014,AP_BR_OSM_W1245312599,Service Road,,False,False,True,False,False
NHAI_AP_GIDDALUR_VINUKONDA,NHAI_Giddalur_Vinukonda_NH544D.pdf,178,16681,AP_BR_OSM_W1273875767,Service Road,,False,False,True,False,False
NHAI_AP_GIDDALUR_VINUKONDA,NHAI_Giddalur_Vinukonda_NH544D.pdf,178,16682,AP_BR_OSM_W1273875769,Service Road,,False,False,True,False,False
NHAI_AP_GIDDALUR_VINUKONDA,NHAI_Giddalur_Vinukonda_NH544D.pdf,178,16684,AP_BR_OSM_W1273875773,Service Road,,False,False,True,False,False
NHAI_AP_GIDDALUR_VINUKONDA,NHAI_Giddalur_Vinukonda_NH544D.pdf,178,16685,AP_BR_OSM_W1273875775,Service Road,,False,False,True,False,False
NHAI_AP_GIDDALUR_VINUKONDA,NHAI_Giddalur_Vinukonda_NH544D.pdf,178,16690,AP_BR_OSM_W1273875815,Service Road,,False,False,True,False,False
NHAI_AP_GIDDALUR_VINUKONDA,NHAI_Giddalur_Vinukonda_NH544D.pdf,178,16691,AP_BR_OSM_W1273875817,Service Road,,False,False,True,False,False
NHAI_AP_GIDDALUR_VINUKONDA,NHAI_Giddalur_Vinukonda_NH544D.pdf,178,16708,AP_BR_OSM_W1273875869,Service Road,,False,False,True,False,False
NHAI_AP_GIDDALUR_VINUKONDA,NHAI_Giddalur_Vinukonda_NH544D.pdf,178,16711,AP_BR_OSM_W1273875875,Service Road,,False,False,True,False,False
NHAI_AP_GIDDALUR_VINUKONDA,NHAI_Giddalur_Vinukonda_NH544D.pdf,178,16712,AP_BR_OSM_W1273875877,Service Road,,False,False,True,False,False
NHAI_AP_GIDDALUR_VINUKONDA,NHAI_Giddalur_Vinukonda_NH544D.pdf,178,17429,AP_BR_OSM_W1306892617,Service Road,,False,False,True,False,False
NHAI_AP_GIDDALUR_VINUKONDA,NHAI_Giddalur_Vinukonda_NH544D.pdf,178,17432,AP_BR_OSM_W1306892623,Service Road,,False,False,True,False,False
NHAI_AP_GIDDALUR_VINUKONDA,NHAI_Giddalur_Vinukonda_NH544D.pdf,178,17849,AP_BR_OSM_W1324235692,Service Road,,False,False,True,False,False
NHAI_AP_GIDDALUR_VINUKONDA,NHAI_Giddalur_Vinukonda_NH544D.pdf,178,18022,AP_BR_OSM_W1329295334,Service Road,,False,False,True,False,False
NHAI_AP_GIDDALUR_VINUKONDA,NHAI_Giddalur_Vinukonda_NH544D.pdf,178,18025,AP_BR_OSM_W1329295340,Service Road,,False,False,True,False,False
NHAI_AP_GIDDALUR_VINUKONDA,NHAI_Giddalur_Vinukonda_NH544D.pdf,178,18788,AP_BR_OSM_W1362529455,Service Road,,False,False,True,False,False
NHAI_AP_GIDDALUR_VINUKONDA,NHAI_Giddalur_Vinukonda_NH544D.pdf,178,18789,AP_BR_OSM_W1362529457,Service Road,,False,False,True,False,False
NHAI_AP_GIDDALUR_VINUKONDA,NHAI_Giddalur_Vinukonda_NH544D.pdf,178,18821,AP_BR_OSM_W1367602016,Service Road,,False,False,True,False,False
NHAI_AP_GIDDALUR_VINUKONDA,NHAI_Giddalur_Vinukonda_NH544D.pdf,178,18878,AP_BR_OSM_W1384358138,Service Road,,False,False,True,False,False
NHAI_AP_GIDDALUR_VINUKONDA,NHAI_Giddalur_Vinukonda_NH544D.pdf,178,21538,AP_BR_OSM_W1451125171,Service Road,,False,False,True,False,False
NHAI_AP_GIDDALUR_VINUKONDA,NHAI_Giddalur_Vinukonda_NH544D.pdf,178,21997,AP_BR_OSM_W1463702254,Service Road,,False,False,True,False,False
NHAI_AP_GIDDALUR_VINUKONDA,NHAI_Giddalur_Vinukonda_NH544D.pdf,178,21998,AP_BR_OSM_W1463702255,Service Road,,False,False,True,False,False
NHAI_AP_GIDDALUR_VINUKONDA,NHAI_Giddalur_Vinukonda_NH544D.pdf,178,22040,AP_BR_OSM_W1467110239,Service Road,,False,False,True,False,False
NHAI_AP_GIDDALUR_VINUKONDA,NHAI_Giddalur_Vinukonda_NH544D.pdf,178,22094,AP_BR_OSM_W1470248110,Service Road,,False,False,True,False,False
NHAI_AP_GIDDALUR_VINUKONDA,NHAI_Giddalur_Vinukonda_NH544D.pdf,178,22095,AP_BR_OSM_W1470248112,Service Road,,False,False,True,False,False
NHAI_AP_GIDDALUR_VINUKONDA,NHAI_Giddalur_Vinukonda_NH544D.pdf,178,22096,AP_BR_OSM_W1470248115,Service Road,,False,False,True,False,False
NHAI_AP_GIDDALUR_VINUKONDA,NHAI_Giddalur_Vinukonda_NH544D.pdf,178,22097,AP_BR_OSM_W1470248117,Service Road,,False,False,True,False,False
NHAI_AP_GIDDALUR_VINUKONDA,NHAI_Giddalur_Vinukonda_NH544D.pdf,178,22098,AP_BR_OSM_W1470254032,Service Road,,False,False,True,False,False
NHAI_AP_GIDDALUR_VINUKONDA,NHAI_Giddalur_Vinukonda_NH544D.pdf,178,22099,AP_BR_OSM_W1470254034,Service Road,,False,False,True,False,False
NHAI_AP_GIDDALUR_VINUKONDA,NHAI_Giddalur_Vinukonda_NH544D.pdf,178,22100,AP_BR_OSM_W1470254037,Service Road,,False,False,True,False,False
NHAI_AP_GIDDALUR_VINUKONDA,NHAI_Giddalur_Vinukonda_NH544D.pdf,178,22101,AP_BR_OSM_W1470254039,Service Road,,False,False,True,False,False
NHAI_AP_GIDDALUR_VINUKONDA,NHAI_Giddalur_Vinukonda_NH544D.pdf,178,22102,AP_BR_OSM_W1470254042,Service Road,,False,False,True,False,False
NHAI_AP_GIDDALUR_VINUKONDA,NHAI_Giddalur_Vinukonda_NH544D.pdf,178,22103,AP_BR_OSM_W1470254595,Service Road,,False,False,True,False,False
NHAI_AP_GIDDALUR_VINUKONDA,NHAI_Giddalur_Vinukonda_NH544D.pdf,178,22104,AP_BR_OSM_W1470254597,Service Road,,False,False,True,False,False
NHAI_AP_GIDDALUR_VINUKONDA,NHAI_Giddalur_Vinukonda_NH544D.pdf,178,22304,AP_BR_OSM_W1492140167,Service Road,,False,False,True,False,False
NHAI_AP_GIDDALUR_VINUKONDA,NHAI_Giddalur_Vinukonda_NH544D.pdf,178,22305,AP_BR_OSM_W1492140169,Service Road,,False,False,True,False,False
NHAI_AP_GIDDALUR_VINUKONDA,NHAI_Giddalur_Vinukonda_NH544D.pdf,178,22362,AP_BR_OSM_W1498208935,Service Road,,False,False,True,False,False
NHAI_AP_GIDDALUR_VINUKONDA,NHAI_Giddalur_Vinukonda_NH544D.pdf,178,22365,AP_BR_OSM_W1498208941,Service Road,,False,False,True,False,False
NHAI_AP_GIDDALUR_VINUKONDA,NHAI_Giddalur_Vinukonda_NH544D.pdf,178,22376,AP_BR_OSM_W1498244122,Service Road,,False,False,True,False,False
NHAI_AP_GIDDALUR_VINUKONDA,NHAI_Giddalur_Vinukonda_NH544D.pdf,178,22505,AP_BR_OSM_W1509394849,Service Road,,False,False,True,False,False
NHAI_AP_GIDDALUR_VINUKONDA,NHAI_Giddalur_Vinukonda_NH544D.pdf,178,22506,AP_BR_OSM_W1509394850,Service Road,,False,False,True,False,False
NHAI_AP_GIDDALUR_VINUKONDA,NHAI_Giddalur_Vinukonda_NH544D.pdf,178,22563,AP_BR_OSM_W1513126572,Service Road,,False,False,True,False,False
NHAI_AP_GIDDALUR_VINUKONDA,NHAI_Giddalur_Vinukonda_NH544D.pdf,178,22564,AP_BR_OSM_W1513126574,Service Road,,False,False,True,False,False
NHAI_AP_GIDDALUR_VINUKONDA,NHAI_Giddalur_Vinukonda_NH544D.pdf,178,22575,AP_BR_OSM_W1513577126,Service Road,,False,False,True,False,False
NHAI_AP_GIDDALUR_VINUKONDA,NHAI_Giddalur_Vinukonda_NH544D.pdf,178,22704,AP_BR_OSM_W1523945375,Service Road,,False,False,True,False,False
NHAI_AP_GIDDALUR_VINUKONDA,NHAI_Giddalur_Vinukonda_NH544D.pdf,178,22705,AP_BR_OSM_W1523945376,Service Road,,False,False,True,False,False
NHAI_AP_GIDDALUR_VINUKONDA,NHAI_Giddalur_Vinukonda_NH544D.pdf,178,22719,AP_BR_OSM_W1524280480,Service Road,,False,False,True,False,False
NHAI_AP_GIDDALUR_VINUKONDA,NHAI_Giddalur_Vinukonda_NH544D.pdf,178,22749,AP_BR_OSM_W1526081025,Service Road,,False,False,True,False,False
NHAI_AP_GIDDALUR_VINUKONDA,NHAI_Giddalur_Vinukonda_NH544D.pdf,178,23069,AP_BR_OSM_W1534018757,Service Road,,False,False,True,False,False
NHAI_AP_GIDDALUR_VINUKONDA,NHAI_Giddalur_Vinukonda_NH544D.pdf,178,23070,AP_BR_OSM_W1534018759,Service Road,,False,False,True,False,False
NHAI_AP_GIDDALUR_VINUKONDA,NHAI_Giddalur_Vinukonda_NH544D.pdf,178,23139,AP_BR_OSM_W1540667922,Service Road,,False,False,True,False,False
NHAI_AP_GIDDALUR_VINUKONDA,NHAI_Giddalur_Vinukonda_NH544D.pdf,178,23186,AP_BR_OSM_W1544023678,Service Road,,False,False,True,False,False
NHAI_AP_GIDDALUR_VINUKONDA,NHAI_Giddalur_Vinukonda_NH544D.pdf,178,23187,AP_BR_OSM_W1544023680,Service Road,,False,False,True,False,False
NHAI_AP_GIDDALUR_VINUKONDA,NHAI_Giddalur_Vinukonda_NH544D.pdf,178,23222,AP_BR_OSM_W1546593842,Service Road,,False,False,True,False,False
NHAI_AP_GIDDALUR_VINUKONDA,NHAI_Giddalur_Vinukonda_NH544D.pdf,178,23223,AP_BR_OSM_W1546593845,Service Road,,False,False,True,False,False
NHAI_AP_GIDDALUR_VINUKONDA,NHAI_Giddalur_Vinukonda_NH544D.pdf,178,2414,AP_BR_OSM_W480403927,Service Road,,False,False,True,False,False
NHAI_AP_GIDDALUR_VINUKONDA,NHAI_Giddalur_Vinukonda_NH544D.pdf,178,2415,AP_BR_OSM_W480403929,Service Road,,False,False,True,False,False
NHAI_AP_GIDDALUR_VINUKONDA,NHAI_Giddalur_Vinukonda_NH544D.pdf,178,4561,AP_BR_OSM_W673858216,Service Road,,False,False,True,False,False
NHAI_AP_GIDDALUR_VINUKONDA,NHAI_Giddalur_Vinukonda_NH544D.pdf,178,4564,AP_BR_OSM_W673858223,Service Road,,False,False,True,False,False
NHAI_AP_GIDDALUR_VINUKONDA,NHAI_Giddalur_Vinukonda_NH544D.pdf,178,6997,AP_BR_OSM_W826596384,Service Road,,False,False,True,False,False
NHAI_AP_GIDDALUR_VINUKONDA,NHAI_Giddalur_Vinukonda_NH544D.pdf,178,6998,AP_BR_OSM_W826596386,Service Road,,False,False,True,False,False
NHAI_AP_GIDDALUR_VINUKONDA,NHAI_Giddalur_Vinukonda_NH544D.pdf,178,7004,AP_BR_OSM_W826596400,Service Road,,False,False,True,False,False
NHAI_AP_GIDDALUR_VINUKONDA,NHAI_Giddalur_Vinukonda_NH544D.pdf,178,7005,AP_BR_OSM_W826596402,Service Road,,False,False,True,False,False
NHAI_AP_GIDDALUR_VINUKONDA,NHAI_Giddalur_Vinukonda_NH544D.pdf,178,7011,AP_BR_OSM_W826596413,Service Road,,False,False,True,False,False
NHAI_AP_GIDDALUR_VINUKONDA,NHAI_Giddalur_Vinukonda_NH544D.pdf,178,7012,AP_BR_OSM_W826596416,Service Road,,False,False,True,False,False
NHAI_AP_GIDDALUR_VINUKONDA,NHAI_Giddalur_Vinukonda_NH544D.pdf,178,7017,AP_BR_OSM_W826596424,Service Road,,False,False,True,False,False
NHAI_AP_GIDDALUR_VINUKONDA,NHAI_Giddalur_Vinukonda_NH544D.pdf,178,7020,AP_BR_OSM_W826596430,Service Road,,False,False,True,False,False
NHAI_AP_GIDDALUR_VINUKONDA,NHAI_Giddalur_Vinukonda_NH544D.pdf,178,7025,AP_BR_OSM_W826596440,Service Road,,False,False,True,False,False
NHAI_AP_GIDDALUR_VINUKONDA,NHAI_Giddalur_Vinukonda_NH544D.pdf,178,7026,AP_BR_OSM_W826596442,Service Road,,False,False,True,False,False
NHAI_AP_GIDDALUR_VINUKONDA,NHAI_Giddalur_Vinukonda_NH544D.pdf,178,7029,AP_BR_OSM_W826596445,Service Road,,False,False,True,False,False
NHAI_AP_GIDDALUR_VINUKONDA,NHAI_Giddalur_Vinukonda_NH544D.pdf,178,7030,AP_BR_OSM_W826596449,Service Road,,False,False,True,False,False
NHAI_AP_GIDDALUR_VINUKONDA,NHAI_Giddalur_Vinukonda_NH544D.pdf,178,7033,AP_BR_OSM_W826596455,Service Road,,False,False,True,False,False
NHAI_AP_GIDDALUR_VINUKONDA,NHAI_Giddalur_Vinukonda_NH544D.pdf,178,7034,AP_BR_OSM_W826596458,Service Road,,False,False,True,False,False
NHAI_AP_GIDDALUR_VINUKONDA,NHAI_Giddalur_Vinukonda_NH544D.pdf,178,7037,AP_BR_OSM_W826596464,Service Road,,False,False,True,False,False
NHAI_AP_GIDDALUR_VINUKONDA,NHAI_Giddalur_Vinukonda_NH544D.pdf,178,7038,AP_BR_OSM_W826596466,Service Road,,False,False,True,False,False
NHAI_AP_GIDDALUR_VINUKONDA,NHAI_Giddalur_Vinukonda_NH544D.pdf,178,7053,AP_BR_OSM_W826596490,Service Road,,False,False,True,False,False
NHAI_AP_GIDDALUR_VINUKONDA,NHAI_Giddalur_Vinukonda_NH544D.pdf,178,7056,AP_BR_OSM_W826596496,Service Road,,False,False,True,False,False
NHAI_AP_GIDDALUR_VINUKONDA,NHAI_Giddalur_Vinukonda_NH544D.pdf,178,8126,AP_BR_OSM_W839529008,Service Road,,False,False,True,False,False
NHAI_AP_GIDDALUR_VINUKONDA,NHAI_Giddalur_Vinukonda_NH544D.pdf,178,8530,AP_BR_OSM_W843783103,Service Road,,False,False,True,False,False
NHAI_AP_GIDDALUR_VINUKONDA,NHAI_Giddalur_Vinukonda_NH544D.pdf,178,8531,AP_BR_OSM_W843783106,Service Road,,False,False,True,False,False
NHAI_AP_GIDDALUR_VINUKONDA,NHAI_Giddalur_Vinukonda_NH544D.pdf,178,9150,AP_BR_OSM_W845261050,Service Road,,False,False,True,False,False
NHAI_AP_GIDDALUR_VINUKONDA,NHAI_Giddalur_Vinukonda_NH544D.pdf,178,12029,AP_BR_OSM_W851480115,Service Road,,False,False,True,False,False
NHAI_AP_GIDDALUR_VINUKONDA,NHAI_Giddalur_Vinukonda_NH544D.pdf,178,12048,AP_BR_OSM_W851518401,Service Road,,False,False,True,False,False
NHAI_AP_GIDDALUR_VINUKONDA,NHAI_Giddalur_Vinukonda_NH544D.pdf,178,12158,AP_BR_OSM_W852274598,Service Road,,False,False,True,False,False
NHAI_AP_GIDDALUR_VINUKONDA,NHAI_Giddalur_Vinukonda_NH544D.pdf,178,12205,AP_BR_OSM_W852304662,Service Road,,False,False,True,False,False
NHAI_AP_GIDDALUR_VINUKONDA,NHAI_Giddalur_Vinukonda_NH544D.pdf,178,12206,AP_BR_OSM_W852304667,Service Road,,False,False,True,False,False
NHAI_AP_GIDDALUR_VINUKONDA,NHAI_Giddalur_Vinukonda_NH544D.pdf,178,12207,AP_BR_OSM_W852304670,Service Road,,False,False,True,False,False
NHAI_AP_GIDDALUR_VINUKONDA,NHAI_Giddalur_Vinukonda_NH544D.pdf,178,12786,AP_BR_OSM_W854500413,Service Road,,False,False,True,False,False
NHAI_AP_GIDDALUR_VINUKONDA,NHAI_Giddalur_Vinukonda_NH544D.pdf,178,12789,AP_BR_OSM_W854500419,Service Road,,False,False,True,False,False
NHAI_AP_GIDDALUR_VINUKONDA,NHAI_Giddalur_Vinukonda_NH544D.pdf,178,12790,AP_BR_OSM_W854500422,Service Road,,False,False,True,False,False
NHAI_AP_GIDDALUR_VINUKONDA,NHAI_Giddalur_Vinukonda_NH544D.pdf,178,12793,AP_BR_OSM_W854500428,Service Road,,False,False,True,False,False
NHAI_AP_GIDDALUR_VINUKONDA,NHAI_Giddalur_Vinukonda_NH544D.pdf,178,12794,AP_BR_OSM_W854500429,Service Road,,False,False,True,False,False
NHAI_AP_GIDDALUR_VINUKONDA,NHAI_Giddalur_Vinukonda_NH544D.pdf,178,12797,AP_BR_OSM_W854500435,Service Road,,False,False,True,False,False
NHAI_AP_GIDDALUR_VINUKONDA,NHAI_Giddalur_Vinukonda_NH544D.pdf,178,12836,AP_BR_OSM_W855374531,Service Road,,False,False,True,False,False
NHAI_AP_GIDDALUR_VINUKONDA,NHAI_Giddalur_Vinukonda_NH544D.pdf,178,12839,AP_BR_OSM_W855376825,Service Road,,False,False,True,False,False
NHAI_AP_GIDDALUR_VINUKONDA,NHAI_Giddalur_Vinukonda_NH544D.pdf,178,12840,AP_BR_OSM_W855376827,Service Road,,False,False,True,False,False
NHAI_AP_GIDDALUR_VINUKONDA,NHAI_Giddalur_Vinukonda_NH544D.pdf,179,14881,AP_BR_OSM_W1081167107,Service Road,,False,False,True,False,False
NHAI_AP_GIDDALUR_VINUKONDA,NHAI_Giddalur_Vinukonda_NH544D.pdf,179,14905,AP_BR_OSM_W1086848414,Service Road,,False,False,True,False,False
NHAI_AP_GIDDALUR_VINUKONDA,NHAI_Giddalur_Vinukonda_NH544D.pdf,179,14906,AP_BR_OSM_W1086848416,Service Road,,False,False,True,False,False
NHAI_AP_GIDDALUR_VINUKONDA,NHAI_Giddalur_Vinukonda_NH544D.pdf,179,14911,AP_BR_OSM_W1086848436,Service Road,,False,False,True,False,False
NHAI_AP_GIDDALUR_VINUKONDA,NHAI_Giddalur_Vinukonda_NH544D.pdf,179,14913,AP_BR_OSM_W1086848440,Service Road,,False,False,True,False,False
NHAI_AP_GIDDALUR_VINUKONDA,NHAI_Giddalur_Vinukonda_NH544D.pdf,179,14980,AP_BR_OSM_W1088411426,Service Road,,False,False,True,False,False
NHAI_AP_GIDDALUR_VINUKONDA,NHAI_Giddalur_Vinukonda_NH544D.pdf,179,14983,AP_BR_OSM_W1088411432,Service Road,,False,False,True,False,False
NHAI_AP_GIDDALUR_VINUKONDA,NHAI_Giddalur_Vinukonda_NH544D.pdf,179,14990,AP_BR_OSM_W1088411472,Service Road,,False,False,True,False,False
NHAI_AP_GIDDALUR_VINUKONDA,NHAI_Giddalur_Vinukonda_NH544D.pdf,179,14991,AP_BR_OSM_W1088411473,Service Road,,False,False,True,False,False
NHAI_AP_GIDDALUR_VINUKONDA,NHAI_Giddalur_Vinukonda_NH544D.pdf,179,14992,AP_BR_OSM_W1088411477,Service Road,,False,False,True,False,False
NHAI_AP_GIDDALUR_VINUKONDA,NHAI_Giddalur_Vinukonda_NH544D.pdf,179,14993,AP_BR_OSM_W1088411479,Service Road,,False,False,True,False,False
NHAI_AP_GIDDALUR_VINUKONDA,NHAI_Giddalur_Vinukonda_NH544D.pdf,179,14999,AP_BR_OSM_W1088426820,Service Road,,False,False,True,False,False
NHAI_AP_GIDDALUR_VINUKONDA,NHAI_Giddalur_Vinukonda_NH544D.pdf,179,15000,AP_BR_OSM_W1088426833,Service Road,,False,False,True,False,False
NHAI_AP_GIDDALUR_VINUKONDA,NHAI_Giddalur_Vinukonda_NH544D.pdf,179,15001,AP_BR_OSM_W1088426835,Service Road,,False,False,True,False,False
NHAI_AP_GIDDALUR_VINUKONDA,NHAI_Giddalur_Vinukonda_NH544D.pdf,179,15026,AP_BR_OSM_W1088463022,Service Road,,False,False,True,False,False
NHAI_AP_GIDDALUR_VINUKONDA,NHAI_Giddalur_Vinukonda_NH544D.pdf,179,15027,AP_BR_OSM_W1088463024,Service Road,,False,False,True,False,False
NHAI_AP_GIDDALUR_VINUKONDA,NHAI_Giddalur_Vinukonda_NH544D.pdf,179,15055,AP_BR_OSM_W1089450070,Service Road,,False,False,True,False,False
NHAI_AP_GIDDALUR_VINUKONDA,NHAI_Giddalur_Vinukonda_NH544D.pdf,179,15058,AP_BR_OSM_W1089450073,Service Road,,False,False,True,False,False
NHAI_AP_GIDDALUR_VINUKONDA,NHAI_Giddalur_Vinukonda_NH544D.pdf,179,15059,AP_BR_OSM_W1089450078,Service Road,,False,False,True,False,False
NHAI_AP_GIDDALUR_VINUKONDA,NHAI_Giddalur_Vinukonda_NH544D.pdf,179,15062,AP_BR_OSM_W1089450081,Service Road,,False,False,True,False,False
NHAI_AP_GIDDALUR_VINUKONDA,NHAI_Giddalur_Vinukonda_NH544D.pdf,179,15147,AP_BR_OSM_W1120249872,Service Road,,False,False,True,False,False
NHAI_AP_GIDDALUR_VINUKONDA,NHAI_Giddalur_Vinukonda_NH544D.pdf,179,15215,AP_BR_OSM_W1155071501,Service Road,,False,False,True,False,False
NHAI_AP_GIDDALUR_VINUKONDA,NHAI_Giddalur_Vinukonda_NH544D.pdf,179,15216,AP_BR_OSM_W1155071503,Service Road,,False,False,True,False,False
NHAI_AP_GIDDALUR_VINUKONDA,NHAI_Giddalur_Vinukonda_NH544D.pdf,179,15451,AP_BR_OSM_W1191649245,Service Road,,False,False,True,False,False
NHAI_AP_GIDDALUR_VINUKONDA,NHAI_Giddalur_Vinukonda_NH544D.pdf,179,15648,AP_BR_OSM_W1225609297,Service Road,,False,False,True,False,False
NHAI_AP_GIDDALUR_VINUKONDA,NHAI_Giddalur_Vinukonda_NH544D.pdf,179,15700,AP_BR_OSM_W1232731403,Service Road,,False,False,True,False,False
NHAI_AP_GIDDALUR_VINUKONDA,NHAI_Giddalur_Vinukonda_NH544D.pdf,179,15703,AP_BR_OSM_W1232731423,Service Road,,False,False,True,False,False
NHAI_AP_GIDDALUR_VINUKONDA,NHAI_Giddalur_Vinukonda_NH544D.pdf,179,15745,AP_BR_OSM_W1237976449,Service Road,,False,False,True,False,False
NHAI_AP_GIDDALUR_VINUKONDA,NHAI_Giddalur_Vinukonda_NH544D.pdf,179,15757,AP_BR_OSM_W1237978378,Service Road,,False,False,True,False,False
NHAI_AP_GIDDALUR_VINUKONDA,NHAI_Giddalur_Vinukonda_NH544D.pdf,179,15761,AP_BR_OSM_W1237978510,Service Road,,False,False,True,False,False
NHAI_AP_GIDDALUR_VINUKONDA,NHAI_Giddalur_Vinukonda_NH544D.pdf,179,15763,AP_BR_OSM_W1237978514,Service Road,,False,False,True,False,False
NHAI_AP_GIDDALUR_VINUKONDA,NHAI_Giddalur_Vinukonda_NH544D.pdf,179,15774,AP_BR_OSM_W1237979758,Service Road,,False,False,True,False,False
NHAI_AP_GIDDALUR_VINUKONDA,NHAI_Giddalur_Vinukonda_NH544D.pdf,179,15776,AP_BR_OSM_W1237979762,Service Road,,False,False,True,False,False
NHAI_AP_GIDDALUR_VINUKONDA,NHAI_Giddalur_Vinukonda_NH544D.pdf,179,15992,AP_BR_OSM_W1243542316,Service Road,,False,False,True,False,False
NHAI_AP_GIDDALUR_VINUKONDA,NHAI_Giddalur_Vinukonda_NH544D.pdf,179,15995,AP_BR_OSM_W1243542321,Service Road,,False,False,True,False,False
NHAI_AP_GIDDALUR_VINUKONDA,NHAI_Giddalur_Vinukonda_NH544D.pdf,179,16013,AP_BR_OSM_W1245312598,Service Road,,False,False,True,False,False
NHAI_AP_GIDDALUR_VINUKONDA,NHAI_Giddalur_Vinukonda_NH544D.pdf,179,16014,AP_BR_OSM_W1245312599,Service Road,,False,False,True,False,False
NHAI_AP_GIDDALUR_VINUKONDA,NHAI_Giddalur_Vinukonda_NH544D.pdf,179,16681,AP_BR_OSM_W1273875767,Service Road,,False,False,True,False,False
NHAI_AP_GIDDALUR_VINUKONDA,NHAI_Giddalur_Vinukonda_NH544D.pdf,179,16682,AP_BR_OSM_W1273875769,Service Road,,False,False,True,False,False
NHAI_AP_GIDDALUR_VINUKONDA,NHAI_Giddalur_Vinukonda_NH544D.pdf,179,16684,AP_BR_OSM_W1273875773,Service Road,,False,False,True,False,False
NHAI_AP_GIDDALUR_VINUKONDA,NHAI_Giddalur_Vinukonda_NH544D.pdf,179,16685,AP_BR_OSM_W1273875775,Service Road,,False,False,True,False,False
NHAI_AP_GIDDALUR_VINUKONDA,NHAI_Giddalur_Vinukonda_NH544D.pdf,179,16690,AP_BR_OSM_W1273875815,Service Road,,False,False,True,False,False
NHAI_AP_GIDDALUR_VINUKONDA,NHAI_Giddalur_Vinukonda_NH544D.pdf,179,16691,AP_BR_OSM_W1273875817,Service Road,,False,False,True,False,False
NHAI_AP_GIDDALUR_VINUKONDA,NHAI_Giddalur_Vinukonda_NH544D.pdf,179,16708,AP_BR_OSM_W1273875869,Service Road,,False,False,True,False,False
NHAI_AP_GIDDALUR_VINUKONDA,NHAI_Giddalur_Vinukonda_NH544D.pdf,179,16711,AP_BR_OSM_W1273875875,Service Road,,False,False,True,False,False
NHAI_AP_GIDDALUR_VINUKONDA,NHAI_Giddalur_Vinukonda_NH544D.pdf,179,16712,AP_BR_OSM_W1273875877,Service Road,,False,False,True,False,False
NHAI_AP_GIDDALUR_VINUKONDA,NHAI_Giddalur_Vinukonda_NH544D.pdf,179,17429,AP_BR_OSM_W1306892617,Service Road,,False,False,True,False,False
NHAI_AP_GIDDALUR_VINUKONDA,NHAI_Giddalur_Vinukonda_NH544D.pdf,179,17432,AP_BR_OSM_W1306892623,Service Road,,False,False,True,False,False
NHAI_AP_GIDDALUR_VINUKONDA,NHAI_Giddalur_Vinukonda_NH544D.pdf,179,17849,AP_BR_OSM_W1324235692,Service Road,,False,False,True,False,False
NHAI_AP_GIDDALUR_VINUKONDA,NHAI_Giddalur_Vinukonda_NH544D.pdf,179,18022,AP_BR_OSM_W1329295334,Service Road,,False,False,True,False,False
NHAI_AP_GIDDALUR_VINUKONDA,NHAI_Giddalur_Vinukonda_NH544D.pdf,179,18025,AP_BR_OSM_W1329295340,Service Road,,False,False,True,False,False
NHAI_AP_GIDDALUR_VINUKONDA,NHAI_Giddalur_Vinukonda_NH544D.pdf,179,18788,AP_BR_OSM_W1362529455,Service Road,,False,False,True,False,False
NHAI_AP_GIDDALUR_VINUKONDA,NHAI_Giddalur_Vinukonda_NH544D.pdf,179,18789,AP_BR_OSM_W1362529457,Service Road,,False,False,True,False,False
NHAI_AP_GIDDALUR_VINUKONDA,NHAI_Giddalur_Vinukonda_NH544D.pdf,179,18821,AP_BR_OSM_W1367602016,Service Road,,False,False,True,False,False
NHAI_AP_GIDDALUR_VINUKONDA,NHAI_Giddalur_Vinukonda_NH544D.pdf,179,18878,AP_BR_OSM_W1384358138,Service Road,,False,False,True,False,False
NHAI_AP_GIDDALUR_VINUKONDA,NHAI_Giddalur_Vinukonda_NH544D.pdf,179,21538,AP_BR_OSM_W1451125171,Service Road,,False,False,True,False,False
NHAI_AP_GIDDALUR_VINUKONDA,NHAI_Giddalur_Vinukonda_NH544D.pdf,179,21997,AP_BR_OSM_W1463702254,Service Road,,False,False,True,False,False
NHAI_AP_GIDDALUR_VINUKONDA,NHAI_Giddalur_Vinukonda_NH544D.pdf,179,21998,AP_BR_OSM_W1463702255,Service Road,,False,False,True,False,False
NHAI_AP_GIDDALUR_VINUKONDA,NHAI_Giddalur_Vinukonda_NH544D.pdf,179,22040,AP_BR_OSM_W1467110239,Service Road,,False,False,True,False,False
NHAI_AP_GIDDALUR_VINUKONDA,NHAI_Giddalur_Vinukonda_NH544D.pdf,179,22094,AP_BR_OSM_W1470248110,Service Road,,False,False,True,False,False
NHAI_AP_GIDDALUR_VINUKONDA,NHAI_Giddalur_Vinukonda_NH544D.pdf,179,22095,AP_BR_OSM_W1470248112,Service Road,,False,False,True,False,False
NHAI_AP_GIDDALUR_VINUKONDA,NHAI_Giddalur_Vinukonda_NH544D.pdf,179,22096,AP_BR_OSM_W1470248115,Service Road,,False,False,True,False,False
NHAI_AP_GIDDALUR_VINUKONDA,NHAI_Giddalur_Vinukonda_NH544D.pdf,179,22097,AP_BR_OSM_W1470248117,Service Road,,False,False,True,False,False
NHAI_AP_GIDDALUR_VINUKONDA,NHAI_Giddalur_Vinukonda_NH544D.pdf,179,22098,AP_BR_OSM_W1470254032,Service Road,,False,False,True,False,False
NHAI_AP_GIDDALUR_VINUKONDA,NHAI_Giddalur_Vinukonda_NH544D.pdf,179,22099,AP_BR_OSM_W1470254034,Service Road,,False,False,True,False,False
NHAI_AP_GIDDALUR_VINUKONDA,NHAI_Giddalur_Vinukonda_NH544D.pdf,179,22100,AP_BR_OSM_W1470254037,Service Road,,False,False,True,False,False
NHAI_AP_GIDDALUR_VINUKONDA,NHAI_Giddalur_Vinukonda_NH544D.pdf,179,22101,AP_BR_OSM_W1470254039,Service Road,,False,False,True,False,False
NHAI_AP_GIDDALUR_VINUKONDA,NHAI_Giddalur_Vinukonda_NH544D.pdf,179,22102,AP_BR_OSM_W1470254042,Service Road,,False,False,True,False,False
NHAI_AP_GIDDALUR_VINUKONDA,NHAI_Giddalur_Vinukonda_NH544D.pdf,179,22103,AP_BR_OSM_W1470254595,Service Road,,False,False,True,False,False
NHAI_AP_GIDDALUR_VINUKONDA,NHAI_Giddalur_Vinukonda_NH544D.pdf,179,22104,AP_BR_OSM_W1470254597,Service Road,,False,False,True,False,False
NHAI_AP_GIDDALUR_VINUKONDA,NHAI_Giddalur_Vinukonda_NH544D.pdf,179,22304,AP_BR_OSM_W1492140167,Service Road,,False,False,True,False,False
NHAI_AP_GIDDALUR_VINUKONDA,NHAI_Giddalur_Vinukonda_NH544D.pdf,179,22305,AP_BR_OSM_W1492140169,Service Road,,False,False,True,False,False
NHAI_AP_GIDDALUR_VINUKONDA,NHAI_Giddalur_Vinukonda_NH544D.pdf,179,22362,AP_BR_OSM_W1498208935,Service Road,,False,False,True,False,False
NHAI_AP_GIDDALUR_VINUKONDA,NHAI_Giddalur_Vinukonda_NH544D.pdf,179,22365,AP_BR_OSM_W1498208941,Service Road,,False,False,True,False,False
NHAI_AP_GIDDALUR_VINUKONDA,NHAI_Giddalur_Vinukonda_NH544D.pdf,179,22376,AP_BR_OSM_W1498244122,Service Road,,False,False,True,False,False
NHAI_AP_GIDDALUR_VINUKONDA,NHAI_Giddalur_Vinukonda_NH544D.pdf,179,22505,AP_BR_OSM_W1509394849,Service Road,,False,False,True,False,False
NHAI_AP_GIDDALUR_VINUKONDA,NHAI_Giddalur_Vinukonda_NH544D.pdf,179,22506,AP_BR_OSM_W1509394850,Service Road,,False,False,True,False,False
NHAI_AP_GIDDALUR_VINUKONDA,NHAI_Giddalur_Vinukonda_NH544D.pdf,179,22563,AP_BR_OSM_W1513126572,Service Road,,False,False,True,False,False
NHAI_AP_GIDDALUR_VINUKONDA,NHAI_Giddalur_Vinukonda_NH544D.pdf,179,22564,AP_BR_OSM_W1513126574,Service Road,,False,False,True,False,False
NHAI_AP_GIDDALUR_VINUKONDA,NHAI_Giddalur_Vinukonda_NH544D.pdf,179,22575,AP_BR_OSM_W1513577126,Service Road,,False,False,True,False,False
NHAI_AP_GIDDALUR_VINUKONDA,NHAI_Giddalur_Vinukonda_NH544D.pdf,179,22704,AP_BR_OSM_W1523945375,Service Road,,False,False,True,False,False
NHAI_AP_GIDDALUR_VINUKONDA,NHAI_Giddalur_Vinukonda_NH544D.pdf,179,22705,AP_BR_OSM_W1523945376,Service Road,,False,False,True,False,False
NHAI_AP_GIDDALUR_VINUKONDA,NHAI_Giddalur_Vinukonda_NH544D.pdf,179,22719,AP_BR_OSM_W1524280480,Service Road,,False,False,True,False,False
NHAI_AP_GIDDALUR_VINUKONDA,NHAI_Giddalur_Vinukonda_NH544D.pdf,179,22749,AP_BR_OSM_W1526081025,Service Road,,False,False,True,False,False
NHAI_AP_GIDDALUR_VINUKONDA,NHAI_Giddalur_Vinukonda_NH544D.pdf,179,23069,AP_BR_OSM_W1534018757,Service Road,,False,False,True,False,False
NHAI_AP_GIDDALUR_VINUKONDA,NHAI_Giddalur_Vinukonda_NH544D.pdf,179,23070,AP_BR_OSM_W1534018759,Service Road,,False,False,True,False,False
NHAI_AP_GIDDALUR_VINUKONDA,NHAI_Giddalur_Vinukonda_NH544D.pdf,179,23139,AP_BR_OSM_W1540667922,Service Road,,False,False,True,False,False
NHAI_AP_GIDDALUR_VINUKONDA,NHAI_Giddalur_Vinukonda_NH544D.pdf,179,23186,AP_BR_OSM_W1544023678,Service Road,,False,False,True,False,False
NHAI_AP_GIDDALUR_VINUKONDA,NHAI_Giddalur_Vinukonda_NH544D.pdf,179,23187,AP_BR_OSM_W1544023680,Service Road,,False,False,True,False,False
NHAI_AP_GIDDALUR_VINUKONDA,NHAI_Giddalur_Vinukonda_NH544D.pdf,179,23222,AP_BR_OSM_W1546593842,Service Road,,False,False,True,False,False
NHAI_AP_GIDDALUR_VINUKONDA,NHAI_Giddalur_Vinukonda_NH544D.pdf,179,23223,AP_BR_OSM_W1546593845,Service Road,,False,False,True,False,False
NHAI_AP_GIDDALUR_VINUKONDA,NHAI_Giddalur_Vinukonda_NH544D.pdf,179,2414,AP_BR_OSM_W480403927,Service Road,,False,False,True,False,False
NHAI_AP_GIDDALUR_VINUKONDA,NHAI_Giddalur_Vinukonda_NH544D.pdf,179,2415,AP_BR_OSM_W480403929,Service Road,,False,False,True,False,False
NHAI_AP_GIDDALUR_VINUKONDA,NHAI_Giddalur_Vinukonda_NH544D.pdf,179,4561,AP_BR_OSM_W673858216,Service Road,,False,False,True,False,False
NHAI_AP_GIDDALUR_VINUKONDA,NHAI_Giddalur_Vinukonda_NH544D.pdf,179,4564,AP_BR_OSM_W673858223,Service Road,,False,False,True,False,False
NHAI_AP_GIDDALUR_VINUKONDA,NHAI_Giddalur_Vinukonda_NH544D.pdf,179,6997,AP_BR_OSM_W826596384,Service Road,,False,False,True,False,False
NHAI_AP_GIDDALUR_VINUKONDA,NHAI_Giddalur_Vinukonda_NH544D.pdf,179,6998,AP_BR_OSM_W826596386,Service Road,,False,False,True,False,False
NHAI_AP_GIDDALUR_VINUKONDA,NHAI_Giddalur_Vinukonda_NH544D.pdf,179,7004,AP_BR_OSM_W826596400,Service Road,,False,False,True,False,False
NHAI_AP_GIDDALUR_VINUKONDA,NHAI_Giddalur_Vinukonda_NH544D.pdf,179,7005,AP_BR_OSM_W826596402,Service Road,,False,False,True,False,False
NHAI_AP_GIDDALUR_VINUKONDA,NHAI_Giddalur_Vinukonda_NH544D.pdf,179,7011,AP_BR_OSM_W826596413,Service Road,,False,False,True,False,False
NHAI_AP_GIDDALUR_VINUKONDA,NHAI_Giddalur_Vinukonda_NH544D.pdf,179,7012,AP_BR_OSM_W826596416,Service Road,,False,False,True,False,False
NHAI_AP_GIDDALUR_VINUKONDA,NHAI_Giddalur_Vinukonda_NH544D.pdf,179,7017,AP_BR_OSM_W826596424,Service Road,,False,False,True,False,False
NHAI_AP_GIDDALUR_VINUKONDA,NHAI_Giddalur_Vinukonda_NH544D.pdf,179,7020,AP_BR_OSM_W826596430,Service Road,,False,False,True,False,False
NHAI_AP_GIDDALUR_VINUKONDA,NHAI_Giddalur_Vinukonda_NH544D.pdf,179,7025,AP_BR_OSM_W826596440,Service Road,,False,False,True,False,False
NHAI_AP_GIDDALUR_VINUKONDA,NHAI_Giddalur_Vinukonda_NH544D.pdf,179,7026,AP_BR_OSM_W826596442,Service Road,,False,False,True,False,False
NHAI_AP_GIDDALUR_VINUKONDA,NHAI_Giddalur_Vinukonda_NH544D.pdf,179,7029,AP_BR_OSM_W826596445,Service Road,,False,False,True,False,False
NHAI_AP_GIDDALUR_VINUKONDA,NHAI_Giddalur_Vinukonda_NH544D.pdf,179,7030,AP_BR_OSM_W826596449,Service Road,,False,False,True,False,False
NHAI_AP_GIDDALUR_VINUKONDA,NHAI_Giddalur_Vinukonda_NH544D.pdf,179,7033,AP_BR_OSM_W826596455,Service Road,,False,False,True,False,False
NHAI_AP_GIDDALUR_VINUKONDA,NHAI_Giddalur_Vinukonda_NH544D.pdf,179,7034,AP_BR_OSM_W826596458,Service Road,,False,False,True,False,False
NHAI_AP_GIDDALUR_VINUKONDA,NHAI_Giddalur_Vinukonda_NH544D.pdf,179,7037,AP_BR_OSM_W826596464,Service Road,,False,False,True,False,False
NHAI_AP_GIDDALUR_VINUKONDA,NHAI_Giddalur_Vinukonda_NH544D.pdf,179,7038,AP_BR_OSM_W826596466,Service Road,,False,False,True,False,False
NHAI_AP_GIDDALUR_VINUKONDA,NHAI_Giddalur_Vinukonda_NH544D.pdf,179,7053,AP_BR_OSM_W826596490,Service Road,,False,False,True,False,False
NHAI_AP_GIDDALUR_VINUKONDA,NHAI_Giddalur_Vinukonda_NH544D.pdf,179,7056,AP_BR_OSM_W826596496,Service Road,,False,False,True,False,False
NHAI_AP_GIDDALUR_VINUKONDA,NHAI_Giddalur_Vinukonda_NH544D.pdf,179,8126,AP_BR_OSM_W839529008,Service Road,,False,False,True,False,False
NHAI_AP_GIDDALUR_VINUKONDA,NHAI_Giddalur_Vinukonda_NH544D.pdf,179,8530,AP_BR_OSM_W843783103,Service Road,,False,False,True,False,False
NHAI_AP_GIDDALUR_VINUKONDA,NHAI_Giddalur_Vinukonda_NH544D.pdf,179,8531,AP_BR_OSM_W843783106,Service Road,,False,False,True,False,False
NHAI_AP_GIDDALUR_VINUKONDA,NHAI_Giddalur_Vinukonda_NH544D.pdf,179,9150,AP_BR_OSM_W845261050,Service Road,,False,False,True,False,False
NHAI_AP_GIDDALUR_VINUKONDA,NHAI_Giddalur_Vinukonda_NH544D.pdf,179,12029,AP_BR_OSM_W851480115,Service Road,,False,False,True,False,False
NHAI_AP_GIDDALUR_VINUKONDA,NHAI_Giddalur_Vinukonda_NH544D.pdf,179,12048,AP_BR_OSM_W851518401,Service Road,,False,False,True,False,False
NHAI_AP_GIDDALUR_VINUKONDA,NHAI_Giddalur_Vinukonda_NH544D.pdf,179,12158,AP_BR_OSM_W852274598,Service Road,,False,False,True,False,False
NHAI_AP_GIDDALUR_VINUKONDA,NHAI_Giddalur_Vinukonda_NH544D.pdf,179,12205,AP_BR_OSM_W852304662,Service Road,,False,False,True,False,False
NHAI_AP_GIDDALUR_VINUKONDA,NHAI_Giddalur_Vinukonda_NH544D.pdf,179,12206,AP_BR_OSM_W852304667,Service Road,,False,False,True,False,False
NHAI_AP_GIDDALUR_VINUKONDA,NHAI_Giddalur_Vinukonda_NH544D.pdf,179,12207,AP_BR_OSM_W852304670,Service Road,,False,False,True,False,False
NHAI_AP_GIDDALUR_VINUKONDA,NHAI_Giddalur_Vinukonda_NH544D.pdf,179,12786,AP_BR_OSM_W854500413,Service Road,,False,False,True,False,False
NHAI_AP_GIDDALUR_VINUKONDA,NHAI_Giddalur_Vinukonda_NH544D.pdf,179,12789,AP_BR_OSM_W854500419,Service Road,,False,False,True,False,False
NHAI_AP_GIDDALUR_VINUKONDA,NHAI_Giddalur_Vinukonda_NH544D.pdf,179,12790,AP_BR_OSM_W854500422,Service Road,,False,False,True,False,False
NHAI_AP_GIDDALUR_VINUKONDA,NHAI_Giddalur_Vinukonda_NH544D.pdf,179,12793,AP_BR_OSM_W854500428,Service Road,,False,False,True,False,False
NHAI_AP_GIDDALUR_VINUKONDA,NHAI_Giddalur_Vinukonda_NH544D.pdf,179,12794,AP_BR_OSM_W854500429,Service Road,,False,False,True,False,False
NHAI_AP_GIDDALUR_VINUKONDA,NHAI_Giddalur_Vinukonda_NH544D.pdf,179,12797,AP_BR_OSM_W854500435,Service Road,,False,False,True,False,False
NHAI_AP_GIDDALUR_VINUKONDA,NHAI_Giddalur_Vinukonda_NH544D.pdf,179,12836,AP_BR_OSM_W855374531,Service Road,,False,False,True,False,False
NHAI_AP_GIDDALUR_VINUKONDA,NHAI_Giddalur_Vinukonda_NH544D.pdf,179,12839,AP_BR_OSM_W855376825,Service Road,,False,False,True,False,False
NHAI_AP_GIDDALUR_VINUKONDA,NHAI_Giddalur_Vinukonda_NH544D.pdf,179,12840,AP_BR_OSM_W855376827,Service Road,,False,False,True,False,False
NHAI_AP_GIDDALUR_VINUKONDA,NHAI_Giddalur_Vinukonda_NH544D.pdf,188,2469,AP_BR_OSM_W487371413,Bridge 1,,False,False,True,False,False
NHAI_AP_GIDDALUR_VINUKONDA,NHAI_Giddalur_Vinukonda_NH544D.pdf,189,2469,AP_BR_OSM_W487371413,Bridge 1,,False,False,True,False,False
NHAI_AP_GIDDALUR_VINUKONDA,NHAI_Giddalur_Vinukonda_NH544D.pdf,191,14881,AP_BR_OSM_W1081167107,Service Road,,True,False,True,False,False
NHAI_AP_GIDDALUR_VINUKONDA,NHAI_Giddalur_Vinukonda_NH544D.pdf,191,14905,AP_BR_OSM_W1086848414,Service Road,,True,False,True,False,False
NHAI_AP_GIDDALUR_VINUKONDA,NHAI_Giddalur_Vinukonda_NH544D.pdf,191,14906,AP_BR_OSM_W1086848416,Service Road,,True,False,True,False,False
NHAI_AP_GIDDALUR_VINUKONDA,NHAI_Giddalur_Vinukonda_NH544D.pdf,191,14911,AP_BR_OSM_W1086848436,Service Road,,True,False,True,False,False
NHAI_AP_GIDDALUR_VINUKONDA,NHAI_Giddalur_Vinukonda_NH544D.pdf,191,14913,AP_BR_OSM_W1086848440,Service Road,,True,False,True,False,False
NHAI_AP_GIDDALUR_VINUKONDA,NHAI_Giddalur_Vinukonda_NH544D.pdf,191,14980,AP_BR_OSM_W1088411426,Service Road,,True,False,True,False,False
NHAI_AP_GIDDALUR_VINUKONDA,NHAI_Giddalur_Vinukonda_NH544D.pdf,191,14983,AP_BR_OSM_W1088411432,Service Road,,True,False,True,False,False
NHAI_AP_GIDDALUR_VINUKONDA,NHAI_Giddalur_Vinukonda_NH544D.pdf,191,14990,AP_BR_OSM_W1088411472,Service Road,,True,False,True,False,False
NHAI_AP_GIDDALUR_VINUKONDA,NHAI_Giddalur_Vinukonda_NH544D.pdf,191,14991,AP_BR_OSM_W1088411473,Service Road,,True,False,True,False,False
NHAI_AP_GIDDALUR_VINUKONDA,NHAI_Giddalur_Vinukonda_NH544D.pdf,191,14992,AP_BR_OSM_W1088411477,Service Road,,True,False,True,False,False
NHAI_AP_GIDDALUR_VINUKONDA,NHAI_Giddalur_Vinukonda_NH544D.pdf,191,14993,AP_BR_OSM_W1088411479,Service Road,,True,False,True,False,False
NHAI_AP_GIDDALUR_VINUKONDA,NHAI_Giddalur_Vinukonda_NH544D.pdf,191,14999,AP_BR_OSM_W1088426820,Service Road,,True,False,True,False,False
NHAI_AP_GIDDALUR_VINUKONDA,NHAI_Giddalur_Vinukonda_NH544D.pdf,191,15000,AP_BR_OSM_W1088426833,Service Road,,True,False,True,False,False
NHAI_AP_GIDDALUR_VINUKONDA,NHAI_Giddalur_Vinukonda_NH544D.pdf,191,15001,AP_BR_OSM_W1088426835,Service Road,,True,False,True,False,False
NHAI_AP_GIDDALUR_VINUKONDA,NHAI_Giddalur_Vinukonda_NH544D.pdf,191,15026,AP_BR_OSM_W1088463022,Service Road,,True,False,True,False,False
NHAI_AP_GIDDALUR_VINUKONDA,NHAI_Giddalur_Vinukonda_NH544D.pdf,191,15027,AP_BR_OSM_W1088463024,Service Road,,True,False,True,False,False
NHAI_AP_GIDDALUR_VINUKONDA,NHAI_Giddalur_Vinukonda_NH544D.pdf,191,15055,AP_BR_OSM_W1089450070,Service Road,,True,False,True,False,False
NHAI_AP_GIDDALUR_VINUKONDA,NHAI_Giddalur_Vinukonda_NH544D.pdf,191,15058,AP_BR_OSM_W1089450073,Service Road,,True,False,True,False,False
NHAI_AP_GIDDALUR_VINUKONDA,NHAI_Giddalur_Vinukonda_NH544D.pdf,191,15059,AP_BR_OSM_W1089450078,Service Road,,True,False,True,False,False
NHAI_AP_GIDDALUR_VINUKONDA,NHAI_Giddalur_Vinukonda_NH544D.pdf,191,15062,AP_BR_OSM_W1089450081,Service Road,,True,False,True,False,False
NHAI_AP_GIDDALUR_VINUKONDA,NHAI_Giddalur_Vinukonda_NH544D.pdf,191,15147,AP_BR_OSM_W1120249872,Service Road,,True,False,True,False,False
NHAI_AP_GIDDALUR_VINUKONDA,NHAI_Giddalur_Vinukonda_NH544D.pdf,191,15215,AP_BR_OSM_W1155071501,Service Road,,True,False,True,False,False
NHAI_AP_GIDDALUR_VINUKONDA,NHAI_Giddalur_Vinukonda_NH544D.pdf,191,15216,AP_BR_OSM_W1155071503,Service Road,,True,False,True,False,False
NHAI_AP_GIDDALUR_VINUKONDA,NHAI_Giddalur_Vinukonda_NH544D.pdf,191,15451,AP_BR_OSM_W1191649245,Service Road,,True,False,True,False,False
NHAI_AP_GIDDALUR_VINUKONDA,NHAI_Giddalur_Vinukonda_NH544D.pdf,191,15648,AP_BR_OSM_W1225609297,Service Road,,True,False,True,False,False
NHAI_AP_GIDDALUR_VINUKONDA,NHAI_Giddalur_Vinukonda_NH544D.pdf,191,15700,AP_BR_OSM_W1232731403,Service Road,,True,False,True,False,False
NHAI_AP_GIDDALUR_VINUKONDA,NHAI_Giddalur_Vinukonda_NH544D.pdf,191,15703,AP_BR_OSM_W1232731423,Service Road,,True,False,True,False,False
NHAI_AP_GIDDALUR_VINUKONDA,NHAI_Giddalur_Vinukonda_NH544D.pdf,191,15745,AP_BR_OSM_W1237976449,Service Road,,True,False,True,False,False
NHAI_AP_GIDDALUR_VINUKONDA,NHAI_Giddalur_Vinukonda_NH544D.pdf,191,15757,AP_BR_OSM_W1237978378,Service Road,,True,False,True,False,False
NHAI_AP_GIDDALUR_VINUKONDA,NHAI_Giddalur_Vinukonda_NH544D.pdf,191,15761,AP_BR_OSM_W1237978510,Service Road,,True,False,True,False,False
NHAI_AP_GIDDALUR_VINUKONDA,NHAI_Giddalur_Vinukonda_NH544D.pdf,191,15763,AP_BR_OSM_W1237978514,Service Road,,True,False,True,False,False
NHAI_AP_GIDDALUR_VINUKONDA,NHAI_Giddalur_Vinukonda_NH544D.pdf,191,15774,AP_BR_OSM_W1237979758,Service Road,,True,False,True,False,False
NHAI_AP_GIDDALUR_VINUKONDA,NHAI_Giddalur_Vinukonda_NH544D.pdf,191,15776,AP_BR_OSM_W1237979762,Service Road,,True,False,True,False,False
NHAI_AP_GIDDALUR_VINUKONDA,NHAI_Giddalur_Vinukonda_NH544D.pdf,191,15992,AP_BR_OSM_W1243542316,Service Road,,True,False,True,False,False
NHAI_AP_GIDDALUR_VINUKONDA,NHAI_Giddalur_Vinukonda_NH544D.pdf,191,15995,AP_BR_OSM_W1243542321,Service Road,,True,False,True,False,False
NHAI_AP_GIDDALUR_VINUKONDA,NHAI_Giddalur_Vinukonda_NH544D.pdf,191,16013,AP_BR_OSM_W1245312598,Service Road,,True,False,True,False,False
NHAI_AP_GIDDALUR_VINUKONDA,NHAI_Giddalur_Vinukonda_NH544D.pdf,191,16014,AP_BR_OSM_W1245312599,Service Road,,True,False,True,False,False
NHAI_AP_GIDDALUR_VINUKONDA,NHAI_Giddalur_Vinukonda_NH544D.pdf,191,16681,AP_BR_OSM_W1273875767,Service Road,,True,False,True,False,False
NHAI_AP_GIDDALUR_VINUKONDA,NHAI_Giddalur_Vinukonda_NH544D.pdf,191,16682,AP_BR_OSM_W1273875769,Service Road,,True,False,True,False,False
NHAI_AP_GIDDALUR_VINUKONDA,NHAI_Giddalur_Vinukonda_NH544D.pdf,191,16684,AP_BR_OSM_W1273875773,Service Road,,True,False,True,False,False
NHAI_AP_GIDDALUR_VINUKONDA,NHAI_Giddalur_Vinukonda_NH544D.pdf,191,16685,AP_BR_OSM_W1273875775,Service Road,,True,False,True,False,False
NHAI_AP_GIDDALUR_VINUKONDA,NHAI_Giddalur_Vinukonda_NH544D.pdf,191,16690,AP_BR_OSM_W1273875815,Service Road,,True,False,True,False,False
NHAI_AP_GIDDALUR_VINUKONDA,NHAI_Giddalur_Vinukonda_NH544D.pdf,191,16691,AP_BR_OSM_W1273875817,Service Road,,True,False,True,False,False
NHAI_AP_GIDDALUR_VINUKONDA,NHAI_Giddalur_Vinukonda_NH544D.pdf,191,16708,AP_BR_OSM_W1273875869,Service Road,,True,False,True,False,False
NHAI_AP_GIDDALUR_VINUKONDA,NHAI_Giddalur_Vinukonda_NH544D.pdf,191,16711,AP_BR_OSM_W1273875875,Service Road,,True,False,True,False,False
NHAI_AP_GIDDALUR_VINUKONDA,NHAI_Giddalur_Vinukonda_NH544D.pdf,191,16712,AP_BR_OSM_W1273875877,Service Road,,True,False,True,False,False
NHAI_AP_GIDDALUR_VINUKONDA,NHAI_Giddalur_Vinukonda_NH544D.pdf,191,17429,AP_BR_OSM_W1306892617,Service Road,,True,False,True,False,False
NHAI_AP_GIDDALUR_VINUKONDA,NHAI_Giddalur_Vinukonda_NH544D.pdf,191,17432,AP_BR_OSM_W1306892623,Service Road,,True,False,True,False,False
NHAI_AP_GIDDALUR_VINUKONDA,NHAI_Giddalur_Vinukonda_NH544D.pdf,191,17849,AP_BR_OSM_W1324235692,Service Road,,True,False,True,False,False
NHAI_AP_GIDDALUR_VINUKONDA,NHAI_Giddalur_Vinukonda_NH544D.pdf,191,18022,AP_BR_OSM_W1329295334,Service Road,,True,False,True,False,False
NHAI_AP_GIDDALUR_VINUKONDA,NHAI_Giddalur_Vinukonda_NH544D.pdf,191,18025,AP_BR_OSM_W1329295340,Service Road,,True,False,True,False,False
NHAI_AP_GIDDALUR_VINUKONDA,NHAI_Giddalur_Vinukonda_NH544D.pdf,191,18788,AP_BR_OSM_W1362529455,Service Road,,True,False,True,False,False
NHAI_AP_GIDDALUR_VINUKONDA,NHAI_Giddalur_Vinukonda_NH544D.pdf,191,18789,AP_BR_OSM_W1362529457,Service Road,,True,False,True,False,False
NHAI_AP_GIDDALUR_VINUKONDA,NHAI_Giddalur_Vinukonda_NH544D.pdf,191,18821,AP_BR_OSM_W1367602016,Service Road,,True,False,True,False,False
NHAI_AP_GIDDALUR_VINUKONDA,NHAI_Giddalur_Vinukonda_NH544D.pdf,191,18878,AP_BR_OSM_W1384358138,Service Road,,True,False,True,False,False
NHAI_AP_GIDDALUR_VINUKONDA,NHAI_Giddalur_Vinukonda_NH544D.pdf,191,21538,AP_BR_OSM_W1451125171,Service Road,,True,False,True,False,False
NHAI_AP_GIDDALUR_VINUKONDA,NHAI_Giddalur_Vinukonda_NH544D.pdf,191,21997,AP_BR_OSM_W1463702254,Service Road,,True,False,True,False,False
NHAI_AP_GIDDALUR_VINUKONDA,NHAI_Giddalur_Vinukonda_NH544D.pdf,191,21998,AP_BR_OSM_W1463702255,Service Road,,True,False,True,False,False
NHAI_AP_GIDDALUR_VINUKONDA,NHAI_Giddalur_Vinukonda_NH544D.pdf,191,22040,AP_BR_OSM_W1467110239,Service Road,,True,False,True,False,False
NHAI_AP_GIDDALUR_VINUKONDA,NHAI_Giddalur_Vinukonda_NH544D.pdf,191,22094,AP_BR_OSM_W1470248110,Service Road,,True,False,True,False,False
NHAI_AP_GIDDALUR_VINUKONDA,NHAI_Giddalur_Vinukonda_NH544D.pdf,191,22095,AP_BR_OSM_W1470248112,Service Road,,True,False,True,False,False
NHAI_AP_GIDDALUR_VINUKONDA,NHAI_Giddalur_Vinukonda_NH544D.pdf,191,22096,AP_BR_OSM_W1470248115,Service Road,,True,False,True,False,False
NHAI_AP_GIDDALUR_VINUKONDA,NHAI_Giddalur_Vinukonda_NH544D.pdf,191,22097,AP_BR_OSM_W1470248117,Service Road,,True,False,True,False,False
NHAI_AP_GIDDALUR_VINUKONDA,NHAI_Giddalur_Vinukonda_NH544D.pdf,191,22098,AP_BR_OSM_W1470254032,Service Road,,True,False,True,False,False
NHAI_AP_GIDDALUR_VINUKONDA,NHAI_Giddalur_Vinukonda_NH544D.pdf,191,22099,AP_BR_OSM_W1470254034,Service Road,,True,False,True,False,False
NHAI_AP_GIDDALUR_VINUKONDA,NHAI_Giddalur_Vinukonda_NH544D.pdf,191,22100,AP_BR_OSM_W1470254037,Service Road,,True,False,True,False,False
NHAI_AP_GIDDALUR_VINUKONDA,NHAI_Giddalur_Vinukonda_NH544D.pdf,191,22101,AP_BR_OSM_W1470254039,Service Road,,True,False,True,False,False
NHAI_AP_GIDDALUR_VINUKONDA,NHAI_Giddalur_Vinukonda_NH544D.pdf,191,22102,AP_BR_OSM_W1470254042,Service Road,,True,False,True,False,False
NHAI_AP_GIDDALUR_VINUKONDA,NHAI_Giddalur_Vinukonda_NH544D.pdf,191,22103,AP_BR_OSM_W1470254595,Service Road,,True,False,True,False,False
NHAI_AP_GIDDALUR_VINUKONDA,NHAI_Giddalur_Vinukonda_NH544D.pdf,191,22104,AP_BR_OSM_W1470254597,Service Road,,True,False,True,False,False
NHAI_AP_GIDDALUR_VINUKONDA,NHAI_Giddalur_Vinukonda_NH544D.pdf,191,22304,AP_BR_OSM_W1492140167,Service Road,,True,False,True,False,False
NHAI_AP_GIDDALUR_VINUKONDA,NHAI_Giddalur_Vinukonda_NH544D.pdf,191,22305,AP_BR_OSM_W1492140169,Service Road,,True,False,True,False,False
NHAI_AP_GIDDALUR_VINUKONDA,NHAI_Giddalur_Vinukonda_NH544D.pdf,191,22362,AP_BR_OSM_W1498208935,Service Road,,True,False,True,False,False
NHAI_AP_GIDDALUR_VINUKONDA,NHAI_Giddalur_Vinukonda_NH544D.pdf,191,22365,AP_BR_OSM_W1498208941,Service Road,,True,False,True,False,False
NHAI_AP_GIDDALUR_VINUKONDA,NHAI_Giddalur_Vinukonda_NH544D.pdf,191,22376,AP_BR_OSM_W1498244122,Service Road,,True,False,True,False,False
NHAI_AP_GIDDALUR_VINUKONDA,NHAI_Giddalur_Vinukonda_NH544D.pdf,191,22505,AP_BR_OSM_W1509394849,Service Road,,True,False,True,False,False
NHAI_AP_GIDDALUR_VINUKONDA,NHAI_Giddalur_Vinukonda_NH544D.pdf,191,22506,AP_BR_OSM_W1509394850,Service Road,,True,False,True,False,False
NHAI_AP_GIDDALUR_VINUKONDA,NHAI_Giddalur_Vinukonda_NH544D.pdf,191,22563,AP_BR_OSM_W1513126572,Service Road,,True,False,True,False,False
NHAI_AP_GIDDALUR_VINUKONDA,NHAI_Giddalur_Vinukonda_NH544D.pdf,191,22564,AP_BR_OSM_W1513126574,Service Road,,True,False,True,False,False
NHAI_AP_GIDDALUR_VINUKONDA,NHAI_Giddalur_Vinukonda_NH544D.pdf,191,22575,AP_BR_OSM_W1513577126,Service Road,,True,False,True,False,False
NHAI_AP_GIDDALUR_VINUKONDA,NHAI_Giddalur_Vinukonda_NH544D.pdf,191,22704,AP_BR_OSM_W1523945375,Service Road,,True,False,True,False,False
NHAI_AP_GIDDALUR_VINUKONDA,NHAI_Giddalur_Vinukonda_NH544D.pdf,191,22705,AP_BR_OSM_W1523945376,Service Road,,True,False,True,False,False
NHAI_AP_GIDDALUR_VINUKONDA,NHAI_Giddalur_Vinukonda_NH544D.pdf,191,22719,AP_BR_OSM_W1524280480,Service Road,,True,False,True,False,False
NHAI_AP_GIDDALUR_VINUKONDA,NHAI_Giddalur_Vinukonda_NH544D.pdf,191,22749,AP_BR_OSM_W1526081025,Service Road,,True,False,True,False,False
NHAI_AP_GIDDALUR_VINUKONDA,NHAI_Giddalur_Vinukonda_NH544D.pdf,191,23069,AP_BR_OSM_W1534018757,Service Road,,True,False,True,False,False
NHAI_AP_GIDDALUR_VINUKONDA,NHAI_Giddalur_Vinukonda_NH544D.pdf,191,23070,AP_BR_OSM_W1534018759,Service Road,,True,False,True,False,False
NHAI_AP_GIDDALUR_VINUKONDA,NHAI_Giddalur_Vinukonda_NH544D.pdf,191,23139,AP_BR_OSM_W1540667922,Service Road,,True,False,True,False,False
NHAI_AP_GIDDALUR_VINUKONDA,NHAI_Giddalur_Vinukonda_NH544D.pdf,191,23186,AP_BR_OSM_W1544023678,Service Road,,True,False,True,False,False
NHAI_AP_GIDDALUR_VINUKONDA,NHAI_Giddalur_Vinukonda_NH544D.pdf,191,23187,AP_BR_OSM_W1544023680,Service Road,,True,False,True,False,False
NHAI_AP_GIDDALUR_VINUKONDA,NHAI_Giddalur_Vinukonda_NH544D.pdf,191,23222,AP_BR_OSM_W1546593842,Service Road,,True,False,True,False,False
NHAI_AP_GIDDALUR_VINUKONDA,NHAI_Giddalur_Vinukonda_NH544D.pdf,191,23223,AP_BR_OSM_W1546593845,Service Road,,True,False,True,False,False
NHAI_AP_GIDDALUR_VINUKONDA,NHAI_Giddalur_Vinukonda_NH544D.pdf,191,2414,AP_BR_OSM_W480403927,Service Road,,True,False,True,False,False
NHAI_AP_GIDDALUR_VINUKONDA,NHAI_Giddalur_Vinukonda_NH544D.pdf,191,2415,AP_BR_OSM_W480403929,Service Road,,True,False,True,False,False
NHAI_AP_GIDDALUR_VINUKONDA,NHAI_Giddalur_Vinukonda_NH544D.pdf,191,4561,AP_BR_OSM_W673858216,Service Road,,True,False,True,False,False
NHAI_AP_GIDDALUR_VINUKONDA,NHAI_Giddalur_Vinukonda_NH544D.pdf,191,4564,AP_BR_OSM_W673858223,Service Road,,True,False,True,False,False
NHAI_AP_GIDDALUR_VINUKONDA,NHAI_Giddalur_Vinukonda_NH544D.pdf,191,6997,AP_BR_OSM_W826596384,Service Road,,True,False,True,False,False
NHAI_AP_GIDDALUR_VINUKONDA,NHAI_Giddalur_Vinukonda_NH544D.pdf,191,6998,AP_BR_OSM_W826596386,Service Road,,True,False,True,False,False
NHAI_AP_GIDDALUR_VINUKONDA,NHAI_Giddalur_Vinukonda_NH544D.pdf,191,7004,AP_BR_OSM_W826596400,Service Road,,True,False,True,False,False
NHAI_AP_GIDDALUR_VINUKONDA,NHAI_Giddalur_Vinukonda_NH544D.pdf,191,7005,AP_BR_OSM_W826596402,Service Road,,True,False,True,False,False
NHAI_AP_GIDDALUR_VINUKONDA,NHAI_Giddalur_Vinukonda_NH544D.pdf,191,7011,AP_BR_OSM_W826596413,Service Road,,True,False,True,False,False
NHAI_AP_GIDDALUR_VINUKONDA,NHAI_Giddalur_Vinukonda_NH544D.pdf,191,7012,AP_BR_OSM_W826596416,Service Road,,True,False,True,False,False
NHAI_AP_GIDDALUR_VINUKONDA,NHAI_Giddalur_Vinukonda_NH544D.pdf,191,7017,AP_BR_OSM_W826596424,Service Road,,True,False,True,False,False
NHAI_AP_GIDDALUR_VINUKONDA,NHAI_Giddalur_Vinukonda_NH544D.pdf,191,7020,AP_BR_OSM_W826596430,Service Road,,True,False,True,False,False
NHAI_AP_GIDDALUR_VINUKONDA,NHAI_Giddalur_Vinukonda_NH544D.pdf,191,7025,AP_BR_OSM_W826596440,Service Road,,True,False,True,False,False
NHAI_AP_GIDDALUR_VINUKONDA,NHAI_Giddalur_Vinukonda_NH544D.pdf,191,7026,AP_BR_OSM_W826596442,Service Road,,True,False,True,False,False
NHAI_AP_GIDDALUR_VINUKONDA,NHAI_Giddalur_Vinukonda_NH544D.pdf,191,7029,AP_BR_OSM_W826596445,Service Road,,True,False,True,False,False
NHAI_AP_GIDDALUR_VINUKONDA,NHAI_Giddalur_Vinukonda_NH544D.pdf,191,7030,AP_BR_OSM_W826596449,Service Road,,True,False,True,False,False
NHAI_AP_GIDDALUR_VINUKONDA,NHAI_Giddalur_Vinukonda_NH544D.pdf,191,7033,AP_BR_OSM_W826596455,Service Road,,True,False,True,False,False
NHAI_AP_GIDDALUR_VINUKONDA,NHAI_Giddalur_Vinukonda_NH544D.pdf,191,7034,AP_BR_OSM_W826596458,Service Road,,True,False,True,False,False
NHAI_AP_GIDDALUR_VINUKONDA,NHAI_Giddalur_Vinukonda_NH544D.pdf,191,7037,AP_BR_OSM_W826596464,Service Road,,True,False,True,False,False
NHAI_AP_GIDDALUR_VINUKONDA,NHAI_Giddalur_Vinukonda_NH544D.pdf,191,7038,AP_BR_OSM_W826596466,Service Road,,True,False,True,False,False
NHAI_AP_GIDDALUR_VINUKONDA,NHAI_Giddalur_Vinukonda_NH544D.pdf,191,7053,AP_BR_OSM_W826596490,Service Road,,True,False,True,False,False
NHAI_AP_GIDDALUR_VINUKONDA,NHAI_Giddalur_Vinukonda_NH544D.pdf,191,7056,AP_BR_OSM_W826596496,Service Road,,True,False,True,False,False
NHAI_AP_GIDDALUR_VINUKONDA,NHAI_Giddalur_Vinukonda_NH544D.pdf,191,8126,AP_BR_OSM_W839529008,Service Road,,True,False,True,False,False
NHAI_AP_GIDDALUR_VINUKONDA,NHAI_Giddalur_Vinukonda_NH544D.pdf,191,8530,AP_BR_OSM_W843783103,Service Road,,True,False,True,False,False
NHAI_AP_GIDDALUR_VINUKONDA,NHAI_Giddalur_Vinukonda_NH544D.pdf,191,8531,AP_BR_OSM_W843783106,Service Road,,True,False,True,False,False
NHAI_AP_GIDDALUR_VINUKONDA,NHAI_Giddalur_Vinukonda_NH544D.pdf,191,9150,AP_BR_OSM_W845261050,Service Road,,True,False,True,False,False
NHAI_AP_GIDDALUR_VINUKONDA,NHAI_Giddalur_Vinukonda_NH544D.pdf,191,12029,AP_BR_OSM_W851480115,Service Road,,True,False,True,False,False
NHAI_AP_GIDDALUR_VINUKONDA,NHAI_Giddalur_Vinukonda_NH544D.pdf,191,12048,AP_BR_OSM_W851518401,Service Road,,True,False,True,False,False
NHAI_AP_GIDDALUR_VINUKONDA,NHAI_Giddalur_Vinukonda_NH544D.pdf,191,12158,AP_BR_OSM_W852274598,Service Road,,True,False,True,False,False
NHAI_AP_GIDDALUR_VINUKONDA,NHAI_Giddalur_Vinukonda_NH544D.pdf,191,12205,AP_BR_OSM_W852304662,Service Road,,True,False,True,False,False
NHAI_AP_GIDDALUR_VINUKONDA,NHAI_Giddalur_Vinukonda_NH544D.pdf,191,12206,AP_BR_OSM_W852304667,Service Road,,True,False,True,False,False
NHAI_AP_GIDDALUR_VINUKONDA,NHAI_Giddalur_Vinukonda_NH544D.pdf,191,12207,AP_BR_OSM_W852304670,Service Road,,True,False,True,False,False
NHAI_AP_GIDDALUR_VINUKONDA,NHAI_Giddalur_Vinukonda_NH544D.pdf,191,12786,AP_BR_OSM_W854500413,Service Road,,True,False,True,False,False
NHAI_AP_GIDDALUR_VINUKONDA,NHAI_Giddalur_Vinukonda_NH544D.pdf,191,12789,AP_BR_OSM_W854500419,Service Road,,True,False,True,False,False
NHAI_AP_GIDDALUR_VINUKONDA,NHAI_Giddalur_Vinukonda_NH544D.pdf,191,12790,AP_BR_OSM_W854500422,Service Road,,True,False,True,False,False
NHAI_AP_GIDDALUR_VINUKONDA,NHAI_Giddalur_Vinukonda_NH544D.pdf,191,12793,AP_BR_OSM_W854500428,Service Road,,True,False,True,False,False
NHAI_AP_GIDDALUR_VINUKONDA,NHAI_Giddalur_Vinukonda_NH544D.pdf,191,12794,AP_BR_OSM_W854500429,Service Road,,True,False,True,False,False
NHAI_AP_GIDDALUR_VINUKONDA,NHAI_Giddalur_Vinukonda_NH544D.pdf,191,12797,AP_BR_OSM_W854500435,Service Road,,True,False,True,False,False
NHAI_AP_GIDDALUR_VINUKONDA,NHAI_Giddalur_Vinukonda_NH544D.pdf,191,12836,AP_BR_OSM_W855374531,Service Road,,True,False,True,False,False
NHAI_AP_GIDDALUR_VINUKONDA,NHAI_Giddalur_Vinukonda_NH544D.pdf,191,12839,AP_BR_OSM_W855376825,Service Road,,True,False,True,False,False
NHAI_AP_GIDDALUR_VINUKONDA,NHAI_Giddalur_Vinukonda_NH544D.pdf,191,12840,AP_BR_OSM_W855376827,Service Road,,True,False,True,False,False
NHAI_AP_GIDDALUR_VINUKONDA,NHAI_Giddalur_Vinukonda_NH544D.pdf,192,14881,AP_BR_OSM_W1081167107,Service Road,,False,False,True,False,False
NHAI_AP_GIDDALUR_VINUKONDA,NHAI_Giddalur_Vinukonda_NH544D.pdf,192,14905,AP_BR_OSM_W1086848414,Service Road,,False,False,True,False,False
NHAI_AP_GIDDALUR_VINUKONDA,NHAI_Giddalur_Vinukonda_NH544D.pdf,192,14906,AP_BR_OSM_W1086848416,Service Road,,False,False,True,False,False
NHAI_AP_GIDDALUR_VINUKONDA,NHAI_Giddalur_Vinukonda_NH544D.pdf,192,14911,AP_BR_OSM_W1086848436,Service Road,,False,False,True,False,False
NHAI_AP_GIDDALUR_VINUKONDA,NHAI_Giddalur_Vinukonda_NH544D.pdf,192,14913,AP_BR_OSM_W1086848440,Service Road,,False,False,True,False,False
NHAI_AP_GIDDALUR_VINUKONDA,NHAI_Giddalur_Vinukonda_NH544D.pdf,192,14980,AP_BR_OSM_W1088411426,Service Road,,False,False,True,False,False
NHAI_AP_GIDDALUR_VINUKONDA,NHAI_Giddalur_Vinukonda_NH544D.pdf,192,14983,AP_BR_OSM_W1088411432,Service Road,,False,False,True,False,False
NHAI_AP_GIDDALUR_VINUKONDA,NHAI_Giddalur_Vinukonda_NH544D.pdf,192,14990,AP_BR_OSM_W1088411472,Service Road,,False,False,True,False,False
NHAI_AP_GIDDALUR_VINUKONDA,NHAI_Giddalur_Vinukonda_NH544D.pdf,192,14991,AP_BR_OSM_W1088411473,Service Road,,False,False,True,False,False
NHAI_AP_GIDDALUR_VINUKONDA,NHAI_Giddalur_Vinukonda_NH544D.pdf,192,14992,AP_BR_OSM_W1088411477,Service Road,,False,False,True,False,False
NHAI_AP_GIDDALUR_VINUKONDA,NHAI_Giddalur_Vinukonda_NH544D.pdf,192,14993,AP_BR_OSM_W1088411479,Service Road,,False,False,True,False,False
NHAI_AP_GIDDALUR_VINUKONDA,NHAI_Giddalur_Vinukonda_NH544D.pdf,192,14999,AP_BR_OSM_W1088426820,Service Road,,False,False,True,False,False
NHAI_AP_GIDDALUR_VINUKONDA,NHAI_Giddalur_Vinukonda_NH544D.pdf,192,15000,AP_BR_OSM_W1088426833,Service Road,,False,False,True,False,False
NHAI_AP_GIDDALUR_VINUKONDA,NHAI_Giddalur_Vinukonda_NH544D.pdf,192,15001,AP_BR_OSM_W1088426835,Service Road,,False,False,True,False,False
NHAI_AP_GIDDALUR_VINUKONDA,NHAI_Giddalur_Vinukonda_NH544D.pdf,192,15026,AP_BR_OSM_W1088463022,Service Road,,False,False,True,False,False
NHAI_AP_GIDDALUR_VINUKONDA,NHAI_Giddalur_Vinukonda_NH544D.pdf,192,15027,AP_BR_OSM_W1088463024,Service Road,,False,False,True,False,False
NHAI_AP_GIDDALUR_VINUKONDA,NHAI_Giddalur_Vinukonda_NH544D.pdf,192,15055,AP_BR_OSM_W1089450070,Service Road,,False,False,True,False,False
NHAI_AP_GIDDALUR_VINUKONDA,NHAI_Giddalur_Vinukonda_NH544D.pdf,192,15058,AP_BR_OSM_W1089450073,Service Road,,False,False,True,False,False
NHAI_AP_GIDDALUR_VINUKONDA,NHAI_Giddalur_Vinukonda_NH544D.pdf,192,15059,AP_BR_OSM_W1089450078,Service Road,,False,False,True,False,False
NHAI_AP_GIDDALUR_VINUKONDA,NHAI_Giddalur_Vinukonda_NH544D.pdf,192,15062,AP_BR_OSM_W1089450081,Service Road,,False,False,True,False,False
NHAI_AP_GIDDALUR_VINUKONDA,NHAI_Giddalur_Vinukonda_NH544D.pdf,192,15147,AP_BR_OSM_W1120249872,Service Road,,False,False,True,False,False
NHAI_AP_GIDDALUR_VINUKONDA,NHAI_Giddalur_Vinukonda_NH544D.pdf,192,15215,AP_BR_OSM_W1155071501,Service Road,,False,False,True,False,False
NHAI_AP_GIDDALUR_VINUKONDA,NHAI_Giddalur_Vinukonda_NH544D.pdf,192,15216,AP_BR_OSM_W1155071503,Service Road,,False,False,True,False,False
NHAI_AP_GIDDALUR_VINUKONDA,NHAI_Giddalur_Vinukonda_NH544D.pdf,192,15451,AP_BR_OSM_W1191649245,Service Road,,False,False,True,False,False
NHAI_AP_GIDDALUR_VINUKONDA,NHAI_Giddalur_Vinukonda_NH544D.pdf,192,15648,AP_BR_OSM_W1225609297,Service Road,,False,False,True,False,False
NHAI_AP_GIDDALUR_VINUKONDA,NHAI_Giddalur_Vinukonda_NH544D.pdf,192,15700,AP_BR_OSM_W1232731403,Service Road,,False,False,True,False,False
NHAI_AP_GIDDALUR_VINUKONDA,NHAI_Giddalur_Vinukonda_NH544D.pdf,192,15703,AP_BR_OSM_W1232731423,Service Road,,False,False,True,False,False
NHAI_AP_GIDDALUR_VINUKONDA,NHAI_Giddalur_Vinukonda_NH544D.pdf,192,15745,AP_BR_OSM_W1237976449,Service Road,,False,False,True,False,False
NHAI_AP_GIDDALUR_VINUKONDA,NHAI_Giddalur_Vinukonda_NH544D.pdf,192,15757,AP_BR_OSM_W1237978378,Service Road,,False,False,True,False,False
NHAI_AP_GIDDALUR_VINUKONDA,NHAI_Giddalur_Vinukonda_NH544D.pdf,192,15761,AP_BR_OSM_W1237978510,Service Road,,False,False,True,False,False
NHAI_AP_GIDDALUR_VINUKONDA,NHAI_Giddalur_Vinukonda_NH544D.pdf,192,15763,AP_BR_OSM_W1237978514,Service Road,,False,False,True,False,False
NHAI_AP_GIDDALUR_VINUKONDA,NHAI_Giddalur_Vinukonda_NH544D.pdf,192,15774,AP_BR_OSM_W1237979758,Service Road,,False,False,True,False,False
NHAI_AP_GIDDALUR_VINUKONDA,NHAI_Giddalur_Vinukonda_NH544D.pdf,192,15776,AP_BR_OSM_W1237979762,Service Road,,False,False,True,False,False
NHAI_AP_GIDDALUR_VINUKONDA,NHAI_Giddalur_Vinukonda_NH544D.pdf,192,15992,AP_BR_OSM_W1243542316,Service Road,,False,False,True,False,False
NHAI_AP_GIDDALUR_VINUKONDA,NHAI_Giddalur_Vinukonda_NH544D.pdf,192,15995,AP_BR_OSM_W1243542321,Service Road,,False,False,True,False,False
NHAI_AP_GIDDALUR_VINUKONDA,NHAI_Giddalur_Vinukonda_NH544D.pdf,192,16013,AP_BR_OSM_W1245312598,Service Road,,False,False,True,False,False
NHAI_AP_GIDDALUR_VINUKONDA,NHAI_Giddalur_Vinukonda_NH544D.pdf,192,16014,AP_BR_OSM_W1245312599,Service Road,,False,False,True,False,False
NHAI_AP_GIDDALUR_VINUKONDA,NHAI_Giddalur_Vinukonda_NH544D.pdf,192,16681,AP_BR_OSM_W1273875767,Service Road,,False,False,True,False,False
NHAI_AP_GIDDALUR_VINUKONDA,NHAI_Giddalur_Vinukonda_NH544D.pdf,192,16682,AP_BR_OSM_W1273875769,Service Road,,False,False,True,False,False
NHAI_AP_GIDDALUR_VINUKONDA,NHAI_Giddalur_Vinukonda_NH544D.pdf,192,16684,AP_BR_OSM_W1273875773,Service Road,,False,False,True,False,False
NHAI_AP_GIDDALUR_VINUKONDA,NHAI_Giddalur_Vinukonda_NH544D.pdf,192,16685,AP_BR_OSM_W1273875775,Service Road,,False,False,True,False,False
NHAI_AP_GIDDALUR_VINUKONDA,NHAI_Giddalur_Vinukonda_NH544D.pdf,192,16690,AP_BR_OSM_W1273875815,Service Road,,False,False,True,False,False
NHAI_AP_GIDDALUR_VINUKONDA,NHAI_Giddalur_Vinukonda_NH544D.pdf,192,16691,AP_BR_OSM_W1273875817,Service Road,,False,False,True,False,False
NHAI_AP_GIDDALUR_VINUKONDA,NHAI_Giddalur_Vinukonda_NH544D.pdf,192,16708,AP_BR_OSM_W1273875869,Service Road,,False,False,True,False,False
NHAI_AP_GIDDALUR_VINUKONDA,NHAI_Giddalur_Vinukonda_NH544D.pdf,192,16711,AP_BR_OSM_W1273875875,Service Road,,False,False,True,False,False
NHAI_AP_GIDDALUR_VINUKONDA,NHAI_Giddalur_Vinukonda_NH544D.pdf,192,16712,AP_BR_OSM_W1273875877,Service Road,,False,False,True,False,False
NHAI_AP_GIDDALUR_VINUKONDA,NHAI_Giddalur_Vinukonda_NH544D.pdf,192,17429,AP_BR_OSM_W1306892617,Service Road,,False,False,True,False,False
NHAI_AP_GIDDALUR_VINUKONDA,NHAI_Giddalur_Vinukonda_NH544D.pdf,192,17432,AP_BR_OSM_W1306892623,Service Road,,False,False,True,False,False
NHAI_AP_GIDDALUR_VINUKONDA,NHAI_Giddalur_Vinukonda_NH544D.pdf,192,17849,AP_BR_OSM_W1324235692,Service Road,,False,False,True,False,False
NHAI_AP_GIDDALUR_VINUKONDA,NHAI_Giddalur_Vinukonda_NH544D.pdf,192,18022,AP_BR_OSM_W1329295334,Service Road,,False,False,True,False,False
NHAI_AP_GIDDALUR_VINUKONDA,NHAI_Giddalur_Vinukonda_NH544D.pdf,192,18025,AP_BR_OSM_W1329295340,Service Road,,False,False,True,False,False
NHAI_AP_GIDDALUR_VINUKONDA,NHAI_Giddalur_Vinukonda_NH544D.pdf,192,18788,AP_BR_OSM_W1362529455,Service Road,,False,False,True,False,False
NHAI_AP_GIDDALUR_VINUKONDA,NHAI_Giddalur_Vinukonda_NH544D.pdf,192,18789,AP_BR_OSM_W1362529457,Service Road,,False,False,True,False,False
NHAI_AP_GIDDALUR_VINUKONDA,NHAI_Giddalur_Vinukonda_NH544D.pdf,192,18821,AP_BR_OSM_W1367602016,Service Road,,False,False,True,False,False
NHAI_AP_GIDDALUR_VINUKONDA,NHAI_Giddalur_Vinukonda_NH544D.pdf,192,18878,AP_BR_OSM_W1384358138,Service Road,,False,False,True,False,False
NHAI_AP_GIDDALUR_VINUKONDA,NHAI_Giddalur_Vinukonda_NH544D.pdf,192,21538,AP_BR_OSM_W1451125171,Service Road,,False,False,True,False,False
NHAI_AP_GIDDALUR_VINUKONDA,NHAI_Giddalur_Vinukonda_NH544D.pdf,192,21997,AP_BR_OSM_W1463702254,Service Road,,False,False,True,False,False
NHAI_AP_GIDDALUR_VINUKONDA,NHAI_Giddalur_Vinukonda_NH544D.pdf,192,21998,AP_BR_OSM_W1463702255,Service Road,,False,False,True,False,False
NHAI_AP_GIDDALUR_VINUKONDA,NHAI_Giddalur_Vinukonda_NH544D.pdf,192,22040,AP_BR_OSM_W1467110239,Service Road,,False,False,True,False,False
NHAI_AP_GIDDALUR_VINUKONDA,NHAI_Giddalur_Vinukonda_NH544D.pdf,192,22094,AP_BR_OSM_W1470248110,Service Road,,False,False,True,False,False
NHAI_AP_GIDDALUR_VINUKONDA,NHAI_Giddalur_Vinukonda_NH544D.pdf,192,22095,AP_BR_OSM_W1470248112,Service Road,,False,False,True,False,False
NHAI_AP_GIDDALUR_VINUKONDA,NHAI_Giddalur_Vinukonda_NH544D.pdf,192,22096,AP_BR_OSM_W1470248115,Service Road,,False,False,True,False,False
NHAI_AP_GIDDALUR_VINUKONDA,NHAI_Giddalur_Vinukonda_NH544D.pdf,192,22097,AP_BR_OSM_W1470248117,Service Road,,False,False,True,False,False
NHAI_AP_GIDDALUR_VINUKONDA,NHAI_Giddalur_Vinukonda_NH544D.pdf,192,22098,AP_BR_OSM_W1470254032,Service Road,,False,False,True,False,False
NHAI_AP_GIDDALUR_VINUKONDA,NHAI_Giddalur_Vinukonda_NH544D.pdf,192,22099,AP_BR_OSM_W1470254034,Service Road,,False,False,True,False,False
NHAI_AP_GIDDALUR_VINUKONDA,NHAI_Giddalur_Vinukonda_NH544D.pdf,192,22100,AP_BR_OSM_W1470254037,Service Road,,False,False,True,False,False
NHAI_AP_GIDDALUR_VINUKONDA,NHAI_Giddalur_Vinukonda_NH544D.pdf,192,22101,AP_BR_OSM_W1470254039,Service Road,,False,False,True,False,False
NHAI_AP_GIDDALUR_VINUKONDA,NHAI_Giddalur_Vinukonda_NH544D.pdf,192,22102,AP_BR_OSM_W1470254042,Service Road,,False,False,True,False,False
NHAI_AP_GIDDALUR_VINUKONDA,NHAI_Giddalur_Vinukonda_NH544D.pdf,192,22103,AP_BR_OSM_W1470254595,Service Road,,False,False,True,False,False
NHAI_AP_GIDDALUR_VINUKONDA,NHAI_Giddalur_Vinukonda_NH544D.pdf,192,22104,AP_BR_OSM_W1470254597,Service Road,,False,False,True,False,False
NHAI_AP_GIDDALUR_VINUKONDA,NHAI_Giddalur_Vinukonda_NH544D.pdf,192,22304,AP_BR_OSM_W1492140167,Service Road,,False,False,True,False,False
NHAI_AP_GIDDALUR_VINUKONDA,NHAI_Giddalur_Vinukonda_NH544D.pdf,192,22305,AP_BR_OSM_W1492140169,Service Road,,False,False,True,False,False
NHAI_AP_GIDDALUR_VINUKONDA,NHAI_Giddalur_Vinukonda_NH544D.pdf,192,22362,AP_BR_OSM_W1498208935,Service Road,,False,False,True,False,False
NHAI_AP_GIDDALUR_VINUKONDA,NHAI_Giddalur_Vinukonda_NH544D.pdf,192,22365,AP_BR_OSM_W1498208941,Service Road,,False,False,True,False,False
NHAI_AP_GIDDALUR_VINUKONDA,NHAI_Giddalur_Vinukonda_NH544D.pdf,192,22376,AP_BR_OSM_W1498244122,Service Road,,False,False,True,False,False
NHAI_AP_GIDDALUR_VINUKONDA,NHAI_Giddalur_Vinukonda_NH544D.pdf,192,22505,AP_BR_OSM_W1509394849,Service Road,,False,False,True,False,False
NHAI_AP_GIDDALUR_VINUKONDA,NHAI_Giddalur_Vinukonda_NH544D.pdf,192,22506,AP_BR_OSM_W1509394850,Service Road,,False,False,True,False,False
NHAI_AP_GIDDALUR_VINUKONDA,NHAI_Giddalur_Vinukonda_NH544D.pdf,192,22563,AP_BR_OSM_W1513126572,Service Road,,False,False,True,False,False
NHAI_AP_GIDDALUR_VINUKONDA,NHAI_Giddalur_Vinukonda_NH544D.pdf,192,22564,AP_BR_OSM_W1513126574,Service Road,,False,False,True,False,False
NHAI_AP_GIDDALUR_VINUKONDA,NHAI_Giddalur_Vinukonda_NH544D.pdf,192,22575,AP_BR_OSM_W1513577126,Service Road,,False,False,True,False,False
NHAI_AP_GIDDALUR_VINUKONDA,NHAI_Giddalur_Vinukonda_NH544D.pdf,192,22704,AP_BR_OSM_W1523945375,Service Road,,False,False,True,False,False
NHAI_AP_GIDDALUR_VINUKONDA,NHAI_Giddalur_Vinukonda_NH544D.pdf,192,22705,AP_BR_OSM_W1523945376,Service Road,,False,False,True,False,False
NHAI_AP_GIDDALUR_VINUKONDA,NHAI_Giddalur_Vinukonda_NH544D.pdf,192,22719,AP_BR_OSM_W1524280480,Service Road,,False,False,True,False,False
NHAI_AP_GIDDALUR_VINUKONDA,NHAI_Giddalur_Vinukonda_NH544D.pdf,192,22749,AP_BR_OSM_W1526081025,Service Road,,False,False,True,False,False
NHAI_AP_GIDDALUR_VINUKONDA,NHAI_Giddalur_Vinukonda_NH544D.pdf,192,23069,AP_BR_OSM_W1534018757,Service Road,,False,False,True,False,False
NHAI_AP_GIDDALUR_VINUKONDA,NHAI_Giddalur_Vinukonda_NH544D.pdf,192,23070,AP_BR_OSM_W1534018759,Service Road,,False,False,True,False,False
NHAI_AP_GIDDALUR_VINUKONDA,NHAI_Giddalur_Vinukonda_NH544D.pdf,192,23139,AP_BR_OSM_W1540667922,Service Road,,False,False,True,False,False
NHAI_AP_GIDDALUR_VINUKONDA,NHAI_Giddalur_Vinukonda_NH544D.pdf,192,23186,AP_BR_OSM_W1544023678,Service Road,,False,False,True,False,False
NHAI_AP_GIDDALUR_VINUKONDA,NHAI_Giddalur_Vinukonda_NH544D.pdf,192,23187,AP_BR_OSM_W1544023680,Service Road,,False,False,True,False,False
NHAI_AP_GIDDALUR_VINUKONDA,NHAI_Giddalur_Vinukonda_NH544D.pdf,192,23222,AP_BR_OSM_W1546593842,Service Road,,False,False,True,False,False
NHAI_AP_GIDDALUR_VINUKONDA,NHAI_Giddalur_Vinukonda_NH544D.pdf,192,23223,AP_BR_OSM_W1546593845,Service Road,,False,False,True,False,False
NHAI_AP_GIDDALUR_VINUKONDA,NHAI_Giddalur_Vinukonda_NH544D.pdf,192,2414,AP_BR_OSM_W480403927,Service Road,,False,False,True,False,False
NHAI_AP_GIDDALUR_VINUKONDA,NHAI_Giddalur_Vinukonda_NH544D.pdf,192,2415,AP_BR_OSM_W480403929,Service Road,,False,False,True,False,False
NHAI_AP_GIDDALUR_VINUKONDA,NHAI_Giddalur_Vinukonda_NH544D.pdf,192,2469,AP_BR_OSM_W487371413,Bridge 1,,False,False,True,False,False
NHAI_AP_GIDDALUR_VINUKONDA,NHAI_Giddalur_Vinukonda_NH544D.pdf,192,4561,AP_BR_OSM_W673858216,Service Road,,False,False,True,False,False
NHAI_AP_GIDDALUR_VINUKONDA,NHAI_Giddalur_Vinukonda_NH544D.pdf,192,4564,AP_BR_OSM_W673858223,Service Road,,False,False,True,False,False
NHAI_AP_GIDDALUR_VINUKONDA,NHAI_Giddalur_Vinukonda_NH544D.pdf,192,6997,AP_BR_OSM_W826596384,Service Road,,False,False,True,False,False
NHAI_AP_GIDDALUR_VINUKONDA,NHAI_Giddalur_Vinukonda_NH544D.pdf,192,6998,AP_BR_OSM_W826596386,Service Road,,False,False,True,False,False
NHAI_AP_GIDDALUR_VINUKONDA,NHAI_Giddalur_Vinukonda_NH544D.pdf,192,7004,AP_BR_OSM_W826596400,Service Road,,False,False,True,False,False
NHAI_AP_GIDDALUR_VINUKONDA,NHAI_Giddalur_Vinukonda_NH544D.pdf,192,7005,AP_BR_OSM_W826596402,Service Road,,False,False,True,False,False
NHAI_AP_GIDDALUR_VINUKONDA,NHAI_Giddalur_Vinukonda_NH544D.pdf,192,7011,AP_BR_OSM_W826596413,Service Road,,False,False,True,False,False
NHAI_AP_GIDDALUR_VINUKONDA,NHAI_Giddalur_Vinukonda_NH544D.pdf,192,7012,AP_BR_OSM_W826596416,Service Road,,False,False,True,False,False
NHAI_AP_GIDDALUR_VINUKONDA,NHAI_Giddalur_Vinukonda_NH544D.pdf,192,7017,AP_BR_OSM_W826596424,Service Road,,False,False,True,False,False
NHAI_AP_GIDDALUR_VINUKONDA,NHAI_Giddalur_Vinukonda_NH544D.pdf,192,7020,AP_BR_OSM_W826596430,Service Road,,False,False,True,False,False
NHAI_AP_GIDDALUR_VINUKONDA,NHAI_Giddalur_Vinukonda_NH544D.pdf,192,7025,AP_BR_OSM_W826596440,Service Road,,False,False,True,False,False
NHAI_AP_GIDDALUR_VINUKONDA,NHAI_Giddalur_Vinukonda_NH544D.pdf,192,7026,AP_BR_OSM_W826596442,Service Road,,False,False,True,False,False
NHAI_AP_GIDDALUR_VINUKONDA,NHAI_Giddalur_Vinukonda_NH544D.pdf,192,7029,AP_BR_OSM_W826596445,Service Road,,False,False,True,False,False
NHAI_AP_GIDDALUR_VINUKONDA,NHAI_Giddalur_Vinukonda_NH544D.pdf,192,7030,AP_BR_OSM_W826596449,Service Road,,False,False,True,False,False
NHAI_AP_GIDDALUR_VINUKONDA,NHAI_Giddalur_Vinukonda_NH544D.pdf,192,7033,AP_BR_OSM_W826596455,Service Road,,False,False,True,False,False
NHAI_AP_GIDDALUR_VINUKONDA,NHAI_Giddalur_Vinukonda_NH544D.pdf,192,7034,AP_BR_OSM_W826596458,Service Road,,False,False,True,False,False
NHAI_AP_GIDDALUR_VINUKONDA,NHAI_Giddalur_Vinukonda_NH544D.pdf,192,7037,AP_BR_OSM_W826596464,Service Road,,False,False,True,False,False
NHAI_AP_GIDDALUR_VINUKONDA,NHAI_Giddalur_Vinukonda_NH544D.pdf,192,7038,AP_BR_OSM_W826596466,Service Road,,False,False,True,False,False
NHAI_AP_GIDDALUR_VINUKONDA,NHAI_Giddalur_Vinukonda_NH544D.pdf,192,7053,AP_BR_OSM_W826596490,Service Road,,False,False,True,False,False
NHAI_AP_GIDDALUR_VINUKONDA,NHAI_Giddalur_Vinukonda_NH544D.pdf,192,7056,AP_BR_OSM_W826596496,Service Road,,False,False,True,False,False
NHAI_AP_GIDDALUR_VINUKONDA,NHAI_Giddalur_Vinukonda_NH544D.pdf,192,8126,AP_BR_OSM_W839529008,Service Road,,False,False,True,False,False
NHAI_AP_GIDDALUR_VINUKONDA,NHAI_Giddalur_Vinukonda_NH544D.pdf,192,8530,AP_BR_OSM_W843783103,Service Road,,False,False,True,False,False
NHAI_AP_GIDDALUR_VINUKONDA,NHAI_Giddalur_Vinukonda_NH544D.pdf,192,8531,AP_BR_OSM_W843783106,Service Road,,False,False,True,False,False
NHAI_AP_GIDDALUR_VINUKONDA,NHAI_Giddalur_Vinukonda_NH544D.pdf,192,9150,AP_BR_OSM_W845261050,Service Road,,False,False,True,False,False
NHAI_AP_GIDDALUR_VINUKONDA,NHAI_Giddalur_Vinukonda_NH544D.pdf,192,12029,AP_BR_OSM_W851480115,Service Road,,False,False,True,False,False
NHAI_AP_GIDDALUR_VINUKONDA,NHAI_Giddalur_Vinukonda_NH544D.pdf,192,12048,AP_BR_OSM_W851518401,Service Road,,False,False,True,False,False
NHAI_AP_GIDDALUR_VINUKONDA,NHAI_Giddalur_Vinukonda_NH544D.pdf,192,12158,AP_BR_OSM_W852274598,Service Road,,False,False,True,False,False
NHAI_AP_GIDDALUR_VINUKONDA,NHAI_Giddalur_Vinukonda_NH544D.pdf,192,12205,AP_BR_OSM_W852304662,Service Road,,False,False,True,False,False
NHAI_AP_GIDDALUR_VINUKONDA,NHAI_Giddalur_Vinukonda_NH544D.pdf,192,12206,AP_BR_OSM_W852304667,Service Road,,False,False,True,False,False
NHAI_AP_GIDDALUR_VINUKONDA,NHAI_Giddalur_Vinukonda_NH544D.pdf,192,12207,AP_BR_OSM_W852304670,Service Road,,False,False,True,False,False
NHAI_AP_GIDDALUR_VINUKONDA,NHAI_Giddalur_Vinukonda_NH544D.pdf,192,12786,AP_BR_OSM_W854500413,Service Road,,False,False,True,False,False
NHAI_AP_GIDDALUR_VINUKONDA,NHAI_Giddalur_Vinukonda_NH544D.pdf,192,12789,AP_BR_OSM_W854500419,Service Road,,False,False,True,False,False
NHAI_AP_GIDDALUR_VINUKONDA,NHAI_Giddalur_Vinukonda_NH544D.pdf,192,12790,AP_BR_OSM_W854500422,Service Road,,False,False,True,False,False
NHAI_AP_GIDDALUR_VINUKONDA,NHAI_Giddalur_Vinukonda_NH544D.pdf,192,12793,AP_BR_OSM_W854500428,Service Road,,False,False,True,False,False
NHAI_AP_GIDDALUR_VINUKONDA,NHAI_Giddalur_Vinukonda_NH544D.pdf,192,12794,AP_BR_OSM_W854500429,Service Road,,False,False,True,False,False
NHAI_AP_GIDDALUR_VINUKONDA,NHAI_Giddalur_Vinukonda_NH544D.pdf,192,12797,AP_BR_OSM_W854500435,Service Road,,False,False,True,False,False
NHAI_AP_GIDDALUR_VINUKONDA,NHAI_Giddalur_Vinukonda_NH544D.pdf,192,12836,AP_BR_OSM_W855374531,Service Road,,False,False,True,False,False
NHAI_AP_GIDDALUR_VINUKONDA,NHAI_Giddalur_Vinukonda_NH544D.pdf,192,12839,AP_BR_OSM_W855376825,Service Road,,False,False,True,False,False
NHAI_AP_GIDDALUR_VINUKONDA,NHAI_Giddalur_Vinukonda_NH544D.pdf,192,12840,AP_BR_OSM_W855376827,Service Road,,False,False,True,False,False
NHAI_AP_GIDDALUR_VINUKONDA,NHAI_Giddalur_Vinukonda_NH544D.pdf,193,2469,AP_BR_OSM_W487371413,Bridge 1,,False,False,True,False,False
NHAI_AP_GIDDALUR_VINUKONDA,NHAI_Giddalur_Vinukonda_NH544D.pdf,204,14881,AP_BR_OSM_W1081167107,Service Road,,False,False,True,False,False
NHAI_AP_GIDDALUR_VINUKONDA,NHAI_Giddalur_Vinukonda_NH544D.pdf,204,14905,AP_BR_OSM_W1086848414,Service Road,,False,False,True,False,False
NHAI_AP_GIDDALUR_VINUKONDA,NHAI_Giddalur_Vinukonda_NH544D.pdf,204,14906,AP_BR_OSM_W1086848416,Service Road,,False,False,True,False,False
NHAI_AP_GIDDALUR_VINUKONDA,NHAI_Giddalur_Vinukonda_NH544D.pdf,204,14911,AP_BR_OSM_W1086848436,Service Road,,False,False,True,False,False
NHAI_AP_GIDDALUR_VINUKONDA,NHAI_Giddalur_Vinukonda_NH544D.pdf,204,14913,AP_BR_OSM_W1086848440,Service Road,,False,False,True,False,False
NHAI_AP_GIDDALUR_VINUKONDA,NHAI_Giddalur_Vinukonda_NH544D.pdf,204,14980,AP_BR_OSM_W1088411426,Service Road,,False,False,True,False,False
NHAI_AP_GIDDALUR_VINUKONDA,NHAI_Giddalur_Vinukonda_NH544D.pdf,204,14983,AP_BR_OSM_W1088411432,Service Road,,False,False,True,False,False
NHAI_AP_GIDDALUR_VINUKONDA,NHAI_Giddalur_Vinukonda_NH544D.pdf,204,14990,AP_BR_OSM_W1088411472,Service Road,,False,False,True,False,False
NHAI_AP_GIDDALUR_VINUKONDA,NHAI_Giddalur_Vinukonda_NH544D.pdf,204,14991,AP_BR_OSM_W1088411473,Service Road,,False,False,True,False,False
NHAI_AP_GIDDALUR_VINUKONDA,NHAI_Giddalur_Vinukonda_NH544D.pdf,204,14992,AP_BR_OSM_W1088411477,Service Road,,False,False,True,False,False
NHAI_AP_GIDDALUR_VINUKONDA,NHAI_Giddalur_Vinukonda_NH544D.pdf,204,14993,AP_BR_OSM_W1088411479,Service Road,,False,False,True,False,False
NHAI_AP_GIDDALUR_VINUKONDA,NHAI_Giddalur_Vinukonda_NH544D.pdf,204,14999,AP_BR_OSM_W1088426820,Service Road,,False,False,True,False,False
NHAI_AP_GIDDALUR_VINUKONDA,NHAI_Giddalur_Vinukonda_NH544D.pdf,204,15000,AP_BR_OSM_W1088426833,Service Road,,False,False,True,False,False
NHAI_AP_GIDDALUR_VINUKONDA,NHAI_Giddalur_Vinukonda_NH544D.pdf,204,15001,AP_BR_OSM_W1088426835,Service Road,,False,False,True,False,False
NHAI_AP_GIDDALUR_VINUKONDA,NHAI_Giddalur_Vinukonda_NH544D.pdf,204,15026,AP_BR_OSM_W1088463022,Service Road,,False,False,True,False,False
NHAI_AP_GIDDALUR_VINUKONDA,NHAI_Giddalur_Vinukonda_NH544D.pdf,204,15027,AP_BR_OSM_W1088463024,Service Road,,False,False,True,False,False
NHAI_AP_GIDDALUR_VINUKONDA,NHAI_Giddalur_Vinukonda_NH544D.pdf,204,15055,AP_BR_OSM_W1089450070,Service Road,,False,False,True,False,False
NHAI_AP_GIDDALUR_VINUKONDA,NHAI_Giddalur_Vinukonda_NH544D.pdf,204,15058,AP_BR_OSM_W1089450073,Service Road,,False,False,True,False,False
NHAI_AP_GIDDALUR_VINUKONDA,NHAI_Giddalur_Vinukonda_NH544D.pdf,204,15059,AP_BR_OSM_W1089450078,Service Road,,False,False,True,False,False
NHAI_AP_GIDDALUR_VINUKONDA,NHAI_Giddalur_Vinukonda_NH544D.pdf,204,15062,AP_BR_OSM_W1089450081,Service Road,,False,False,True,False,False
NHAI_AP_GIDDALUR_VINUKONDA,NHAI_Giddalur_Vinukonda_NH544D.pdf,204,15147,AP_BR_OSM_W1120249872,Service Road,,False,False,True,False,False
NHAI_AP_GIDDALUR_VINUKONDA,NHAI_Giddalur_Vinukonda_NH544D.pdf,204,15215,AP_BR_OSM_W1155071501,Service Road,,False,False,True,False,False
NHAI_AP_GIDDALUR_VINUKONDA,NHAI_Giddalur_Vinukonda_NH544D.pdf,204,15216,AP_BR_OSM_W1155071503,Service Road,,False,False,True,False,False
NHAI_AP_GIDDALUR_VINUKONDA,NHAI_Giddalur_Vinukonda_NH544D.pdf,204,15451,AP_BR_OSM_W1191649245,Service Road,,False,False,True,False,False
NHAI_AP_GIDDALUR_VINUKONDA,NHAI_Giddalur_Vinukonda_NH544D.pdf,204,15648,AP_BR_OSM_W1225609297,Service Road,,False,False,True,False,False
NHAI_AP_GIDDALUR_VINUKONDA,NHAI_Giddalur_Vinukonda_NH544D.pdf,204,15700,AP_BR_OSM_W1232731403,Service Road,,False,False,True,False,False
NHAI_AP_GIDDALUR_VINUKONDA,NHAI_Giddalur_Vinukonda_NH544D.pdf,204,15703,AP_BR_OSM_W1232731423,Service Road,,False,False,True,False,False
NHAI_AP_GIDDALUR_VINUKONDA,NHAI_Giddalur_Vinukonda_NH544D.pdf,204,15745,AP_BR_OSM_W1237976449,Service Road,,False,False,True,False,False
NHAI_AP_GIDDALUR_VINUKONDA,NHAI_Giddalur_Vinukonda_NH544D.pdf,204,15757,AP_BR_OSM_W1237978378,Service Road,,False,False,True,False,False
NHAI_AP_GIDDALUR_VINUKONDA,NHAI_Giddalur_Vinukonda_NH544D.pdf,204,15761,AP_BR_OSM_W1237978510,Service Road,,False,False,True,False,False
NHAI_AP_GIDDALUR_VINUKONDA,NHAI_Giddalur_Vinukonda_NH544D.pdf,204,15763,AP_BR_OSM_W1237978514,Service Road,,False,False,True,False,False
NHAI_AP_GIDDALUR_VINUKONDA,NHAI_Giddalur_Vinukonda_NH544D.pdf,204,15774,AP_BR_OSM_W1237979758,Service Road,,False,False,True,False,False
NHAI_AP_GIDDALUR_VINUKONDA,NHAI_Giddalur_Vinukonda_NH544D.pdf,204,15776,AP_BR_OSM_W1237979762,Service Road,,False,False,True,False,False
NHAI_AP_GIDDALUR_VINUKONDA,NHAI_Giddalur_Vinukonda_NH544D.pdf,204,15992,AP_BR_OSM_W1243542316,Service Road,,False,False,True,False,False
NHAI_AP_GIDDALUR_VINUKONDA,NHAI_Giddalur_Vinukonda_NH544D.pdf,204,15995,AP_BR_OSM_W1243542321,Service Road,,False,False,True,False,False
NHAI_AP_GIDDALUR_VINUKONDA,NHAI_Giddalur_Vinukonda_NH544D.pdf,204,16013,AP_BR_OSM_W1245312598,Service Road,,False,False,True,False,False
NHAI_AP_GIDDALUR_VINUKONDA,NHAI_Giddalur_Vinukonda_NH544D.pdf,204,16014,AP_BR_OSM_W1245312599,Service Road,,False,False,True,False,False
NHAI_AP_GIDDALUR_VINUKONDA,NHAI_Giddalur_Vinukonda_NH544D.pdf,204,16681,AP_BR_OSM_W1273875767,Service Road,,False,False,True,False,False
NHAI_AP_GIDDALUR_VINUKONDA,NHAI_Giddalur_Vinukonda_NH544D.pdf,204,16682,AP_BR_OSM_W1273875769,Service Road,,False,False,True,False,False
NHAI_AP_GIDDALUR_VINUKONDA,NHAI_Giddalur_Vinukonda_NH544D.pdf,204,16684,AP_BR_OSM_W1273875773,Service Road,,False,False,True,False,False
NHAI_AP_GIDDALUR_VINUKONDA,NHAI_Giddalur_Vinukonda_NH544D.pdf,204,16685,AP_BR_OSM_W1273875775,Service Road,,False,False,True,False,False
NHAI_AP_GIDDALUR_VINUKONDA,NHAI_Giddalur_Vinukonda_NH544D.pdf,204,16690,AP_BR_OSM_W1273875815,Service Road,,False,False,True,False,False
NHAI_AP_GIDDALUR_VINUKONDA,NHAI_Giddalur_Vinukonda_NH544D.pdf,204,16691,AP_BR_OSM_W1273875817,Service Road,,False,False,True,False,False
NHAI_AP_GIDDALUR_VINUKONDA,NHAI_Giddalur_Vinukonda_NH544D.pdf,204,16708,AP_BR_OSM_W1273875869,Service Road,,False,False,True,False,False
NHAI_AP_GIDDALUR_VINUKONDA,NHAI_Giddalur_Vinukonda_NH544D.pdf,204,16711,AP_BR_OSM_W1273875875,Service Road,,False,False,True,False,False
NHAI_AP_GIDDALUR_VINUKONDA,NHAI_Giddalur_Vinukonda_NH544D.pdf,204,16712,AP_BR_OSM_W1273875877,Service Road,,False,False,True,False,False
NHAI_AP_GIDDALUR_VINUKONDA,NHAI_Giddalur_Vinukonda_NH544D.pdf,204,17429,AP_BR_OSM_W1306892617,Service Road,,False,False,True,False,False
NHAI_AP_GIDDALUR_VINUKONDA,NHAI_Giddalur_Vinukonda_NH544D.pdf,204,17432,AP_BR_OSM_W1306892623,Service Road,,False,False,True,False,False
NHAI_AP_GIDDALUR_VINUKONDA,NHAI_Giddalur_Vinukonda_NH544D.pdf,204,17849,AP_BR_OSM_W1324235692,Service Road,,False,False,True,False,False
NHAI_AP_GIDDALUR_VINUKONDA,NHAI_Giddalur_Vinukonda_NH544D.pdf,204,18022,AP_BR_OSM_W1329295334,Service Road,,False,False,True,False,False
NHAI_AP_GIDDALUR_VINUKONDA,NHAI_Giddalur_Vinukonda_NH544D.pdf,204,18025,AP_BR_OSM_W1329295340,Service Road,,False,False,True,False,False
NHAI_AP_GIDDALUR_VINUKONDA,NHAI_Giddalur_Vinukonda_NH544D.pdf,204,18788,AP_BR_OSM_W1362529455,Service Road,,False,False,True,False,False
NHAI_AP_GIDDALUR_VINUKONDA,NHAI_Giddalur_Vinukonda_NH544D.pdf,204,18789,AP_BR_OSM_W1362529457,Service Road,,False,False,True,False,False
NHAI_AP_GIDDALUR_VINUKONDA,NHAI_Giddalur_Vinukonda_NH544D.pdf,204,18821,AP_BR_OSM_W1367602016,Service Road,,False,False,True,False,False
NHAI_AP_GIDDALUR_VINUKONDA,NHAI_Giddalur_Vinukonda_NH544D.pdf,204,18878,AP_BR_OSM_W1384358138,Service Road,,False,False,True,False,False
NHAI_AP_GIDDALUR_VINUKONDA,NHAI_Giddalur_Vinukonda_NH544D.pdf,204,21538,AP_BR_OSM_W1451125171,Service Road,,False,False,True,False,False
NHAI_AP_GIDDALUR_VINUKONDA,NHAI_Giddalur_Vinukonda_NH544D.pdf,204,21997,AP_BR_OSM_W1463702254,Service Road,,False,False,True,False,False
NHAI_AP_GIDDALUR_VINUKONDA,NHAI_Giddalur_Vinukonda_NH544D.pdf,204,21998,AP_BR_OSM_W1463702255,Service Road,,False,False,True,False,False
NHAI_AP_GIDDALUR_VINUKONDA,NHAI_Giddalur_Vinukonda_NH544D.pdf,204,22040,AP_BR_OSM_W1467110239,Service Road,,False,False,True,False,False
NHAI_AP_GIDDALUR_VINUKONDA,NHAI_Giddalur_Vinukonda_NH544D.pdf,204,22094,AP_BR_OSM_W1470248110,Service Road,,False,False,True,False,False
NHAI_AP_GIDDALUR_VINUKONDA,NHAI_Giddalur_Vinukonda_NH544D.pdf,204,22095,AP_BR_OSM_W1470248112,Service Road,,False,False,True,False,False
NHAI_AP_GIDDALUR_VINUKONDA,NHAI_Giddalur_Vinukonda_NH544D.pdf,204,22096,AP_BR_OSM_W1470248115,Service Road,,False,False,True,False,False
NHAI_AP_GIDDALUR_VINUKONDA,NHAI_Giddalur_Vinukonda_NH544D.pdf,204,22097,AP_BR_OSM_W1470248117,Service Road,,False,False,True,False,False
NHAI_AP_GIDDALUR_VINUKONDA,NHAI_Giddalur_Vinukonda_NH544D.pdf,204,22098,AP_BR_OSM_W1470254032,Service Road,,False,False,True,False,False
NHAI_AP_GIDDALUR_VINUKONDA,NHAI_Giddalur_Vinukonda_NH544D.pdf,204,22099,AP_BR_OSM_W1470254034,Service Road,,False,False,True,False,False
NHAI_AP_GIDDALUR_VINUKONDA,NHAI_Giddalur_Vinukonda_NH544D.pdf,204,22100,AP_BR_OSM_W1470254037,Service Road,,False,False,True,False,False
NHAI_AP_GIDDALUR_VINUKONDA,NHAI_Giddalur_Vinukonda_NH544D.pdf,204,22101,AP_BR_OSM_W1470254039,Service Road,,False,False,True,False,False
NHAI_AP_GIDDALUR_VINUKONDA,NHAI_Giddalur_Vinukonda_NH544D.pdf,204,22102,AP_BR_OSM_W1470254042,Service Road,,False,False,True,False,False
NHAI_AP_GIDDALUR_VINUKONDA,NHAI_Giddalur_Vinukonda_NH544D.pdf,204,22103,AP_BR_OSM_W1470254595,Service Road,,False,False,True,False,False
NHAI_AP_GIDDALUR_VINUKONDA,NHAI_Giddalur_Vinukonda_NH544D.pdf,204,22104,AP_BR_OSM_W1470254597,Service Road,,False,False,True,False,False
NHAI_AP_GIDDALUR_VINUKONDA,NHAI_Giddalur_Vinukonda_NH544D.pdf,204,22304,AP_BR_OSM_W1492140167,Service Road,,False,False,True,False,False
NHAI_AP_GIDDALUR_VINUKONDA,NHAI_Giddalur_Vinukonda_NH544D.pdf,204,22305,AP_BR_OSM_W1492140169,Service Road,,False,False,True,False,False
NHAI_AP_GIDDALUR_VINUKONDA,NHAI_Giddalur_Vinukonda_NH544D.pdf,204,22362,AP_BR_OSM_W1498208935,Service Road,,False,False,True,False,False
NHAI_AP_GIDDALUR_VINUKONDA,NHAI_Giddalur_Vinukonda_NH544D.pdf,204,22365,AP_BR_OSM_W1498208941,Service Road,,False,False,True,False,False
NHAI_AP_GIDDALUR_VINUKONDA,NHAI_Giddalur_Vinukonda_NH544D.pdf,204,22376,AP_BR_OSM_W1498244122,Service Road,,False,False,True,False,False
NHAI_AP_GIDDALUR_VINUKONDA,NHAI_Giddalur_Vinukonda_NH544D.pdf,204,22505,AP_BR_OSM_W1509394849,Service Road,,False,False,True,False,False
NHAI_AP_GIDDALUR_VINUKONDA,NHAI_Giddalur_Vinukonda_NH544D.pdf,204,22506,AP_BR_OSM_W1509394850,Service Road,,False,False,True,False,False
NHAI_AP_GIDDALUR_VINUKONDA,NHAI_Giddalur_Vinukonda_NH544D.pdf,204,22563,AP_BR_OSM_W1513126572,Service Road,,False,False,True,False,False
NHAI_AP_GIDDALUR_VINUKONDA,NHAI_Giddalur_Vinukonda_NH544D.pdf,204,22564,AP_BR_OSM_W1513126574,Service Road,,False,False,True,False,False
NHAI_AP_GIDDALUR_VINUKONDA,NHAI_Giddalur_Vinukonda_NH544D.pdf,204,22575,AP_BR_OSM_W1513577126,Service Road,,False,False,True,False,False
NHAI_AP_GIDDALUR_VINUKONDA,NHAI_Giddalur_Vinukonda_NH544D.pdf,204,22704,AP_BR_OSM_W1523945375,Service Road,,False,False,True,False,False
NHAI_AP_GIDDALUR_VINUKONDA,NHAI_Giddalur_Vinukonda_NH544D.pdf,204,22705,AP_BR_OSM_W1523945376,Service Road,,False,False,True,False,False
NHAI_AP_GIDDALUR_VINUKONDA,NHAI_Giddalur_Vinukonda_NH544D.pdf,204,22719,AP_BR_OSM_W1524280480,Service Road,,False,False,True,False,False
NHAI_AP_GIDDALUR_VINUKONDA,NHAI_Giddalur_Vinukonda_NH544D.pdf,204,22749,AP_BR_OSM_W1526081025,Service Road,,False,False,True,False,False
NHAI_AP_GIDDALUR_VINUKONDA,NHAI_Giddalur_Vinukonda_NH544D.pdf,204,23069,AP_BR_OSM_W1534018757,Service Road,,False,False,True,False,False
NHAI_AP_GIDDALUR_VINUKONDA,NHAI_Giddalur_Vinukonda_NH544D.pdf,204,23070,AP_BR_OSM_W1534018759,Service Road,,False,False,True,False,False
NHAI_AP_GIDDALUR_VINUKONDA,NHAI_Giddalur_Vinukonda_NH544D.pdf,204,23139,AP_BR_OSM_W1540667922,Service Road,,False,False,True,False,False
NHAI_AP_GIDDALUR_VINUKONDA,NHAI_Giddalur_Vinukonda_NH544D.pdf,204,23186,AP_BR_OSM_W1544023678,Service Road,,False,False,True,False,False
NHAI_AP_GIDDALUR_VINUKONDA,NHAI_Giddalur_Vinukonda_NH544D.pdf,204,23187,AP_BR_OSM_W1544023680,Service Road,,False,False,True,False,False
NHAI_AP_GIDDALUR_VINUKONDA,NHAI_Giddalur_Vinukonda_NH544D.pdf,204,23222,AP_BR_OSM_W1546593842,Service Road,,False,False,True,False,False
NHAI_AP_GIDDALUR_VINUKONDA,NHAI_Giddalur_Vinukonda_NH544D.pdf,204,23223,AP_BR_OSM_W1546593845,Service Road,,False,False,True,False,False
NHAI_AP_GIDDALUR_VINUKONDA,NHAI_Giddalur_Vinukonda_NH544D.pdf,204,2414,AP_BR_OSM_W480403927,Service Road,,False,False,True,False,False
NHAI_AP_GIDDALUR_VINUKONDA,NHAI_Giddalur_Vinukonda_NH544D.pdf,204,2415,AP_BR_OSM_W480403929,Service Road,,False,False,True,False,False
NHAI_AP_GIDDALUR_VINUKONDA,NHAI_Giddalur_Vinukonda_NH544D.pdf,204,4561,AP_BR_OSM_W673858216,Service Road,,False,False,True,False,False
NHAI_AP_GIDDALUR_VINUKONDA,NHAI_Giddalur_Vinukonda_NH544D.pdf,204,4564,AP_BR_OSM_W673858223,Service Road,,False,False,True,False,False
NHAI_AP_GIDDALUR_VINUKONDA,NHAI_Giddalur_Vinukonda_NH544D.pdf,204,6997,AP_BR_OSM_W826596384,Service Road,,False,False,True,False,False
NHAI_AP_GIDDALUR_VINUKONDA,NHAI_Giddalur_Vinukonda_NH544D.pdf,204,6998,AP_BR_OSM_W826596386,Service Road,,False,False,True,False,False
NHAI_AP_GIDDALUR_VINUKONDA,NHAI_Giddalur_Vinukonda_NH544D.pdf,204,7004,AP_BR_OSM_W826596400,Service Road,,False,False,True,False,False
NHAI_AP_GIDDALUR_VINUKONDA,NHAI_Giddalur_Vinukonda_NH544D.pdf,204,7005,AP_BR_OSM_W826596402,Service Road,,False,False,True,False,False
NHAI_AP_GIDDALUR_VINUKONDA,NHAI_Giddalur_Vinukonda_NH544D.pdf,204,7011,AP_BR_OSM_W826596413,Service Road,,False,False,True,False,False
NHAI_AP_GIDDALUR_VINUKONDA,NHAI_Giddalur_Vinukonda_NH544D.pdf,204,7012,AP_BR_OSM_W826596416,Service Road,,False,False,True,False,False
NHAI_AP_GIDDALUR_VINUKONDA,NHAI_Giddalur_Vinukonda_NH544D.pdf,204,7017,AP_BR_OSM_W826596424,Service Road,,False,False,True,False,False
NHAI_AP_GIDDALUR_VINUKONDA,NHAI_Giddalur_Vinukonda_NH544D.pdf,204,7020,AP_BR_OSM_W826596430,Service Road,,False,False,True,False,False
NHAI_AP_GIDDALUR_VINUKONDA,NHAI_Giddalur_Vinukonda_NH544D.pdf,204,7025,AP_BR_OSM_W826596440,Service Road,,False,False,True,False,False
NHAI_AP_GIDDALUR_VINUKONDA,NHAI_Giddalur_Vinukonda_NH544D.pdf,204,7026,AP_BR_OSM_W826596442,Service Road,,False,False,True,False,False
NHAI_AP_GIDDALUR_VINUKONDA,NHAI_Giddalur_Vinukonda_NH544D.pdf,204,7029,AP_BR_OSM_W826596445,Service Road,,False,False,True,False,False
NHAI_AP_GIDDALUR_VINUKONDA,NHAI_Giddalur_Vinukonda_NH544D.pdf,204,7030,AP_BR_OSM_W826596449,Service Road,,False,False,True,False,False
NHAI_AP_GIDDALUR_VINUKONDA,NHAI_Giddalur_Vinukonda_NH544D.pdf,204,7033,AP_BR_OSM_W826596455,Service Road,,False,False,True,False,False
NHAI_AP_GIDDALUR_VINUKONDA,NHAI_Giddalur_Vinukonda_NH544D.pdf,204,7034,AP_BR_OSM_W826596458,Service Road,,False,False,True,False,False
NHAI_AP_GIDDALUR_VINUKONDA,NHAI_Giddalur_Vinukonda_NH544D.pdf,204,7037,AP_BR_OSM_W826596464,Service Road,,False,False,True,False,False
NHAI_AP_GIDDALUR_VINUKONDA,NHAI_Giddalur_Vinukonda_NH544D.pdf,204,7038,AP_BR_OSM_W826596466,Service Road,,False,False,True,False,False
NHAI_AP_GIDDALUR_VINUKONDA,NHAI_Giddalur_Vinukonda_NH544D.pdf,204,7053,AP_BR_OSM_W826596490,Service Road,,False,False,True,False,False
NHAI_AP_GIDDALUR_VINUKONDA,NHAI_Giddalur_Vinukonda_NH544D.pdf,204,7056,AP_BR_OSM_W826596496,Service Road,,False,False,True,False,False
NHAI_AP_GIDDALUR_VINUKONDA,NHAI_Giddalur_Vinukonda_NH544D.pdf,204,8126,AP_BR_OSM_W839529008,Service Road,,False,False,True,False,False
NHAI_AP_GIDDALUR_VINUKONDA,NHAI_Giddalur_Vinukonda_NH544D.pdf,204,8530,AP_BR_OSM_W843783103,Service Road,,False,False,True,False,False
NHAI_AP_GIDDALUR_VINUKONDA,NHAI_Giddalur_Vinukonda_NH544D.pdf,204,8531,AP_BR_OSM_W843783106,Service Road,,False,False,True,False,False
NHAI_AP_GIDDALUR_VINUKONDA,NHAI_Giddalur_Vinukonda_NH544D.pdf,204,9150,AP_BR_OSM_W845261050,Service Road,,False,False,True,False,False
NHAI_AP_GIDDALUR_VINUKONDA,NHAI_Giddalur_Vinukonda_NH544D.pdf,204,12029,AP_BR_OSM_W851480115,Service Road,,False,False,True,False,False
NHAI_AP_GIDDALUR_VINUKONDA,NHAI_Giddalur_Vinukonda_NH544D.pdf,204,12048,AP_BR_OSM_W851518401,Service Road,,False,False,True,False,False
NHAI_AP_GIDDALUR_VINUKONDA,NHAI_Giddalur_Vinukonda_NH544D.pdf,204,12158,AP_BR_OSM_W852274598,Service Road,,False,False,True,False,False
NHAI_AP_GIDDALUR_VINUKONDA,NHAI_Giddalur_Vinukonda_NH544D.pdf,204,12205,AP_BR_OSM_W852304662,Service Road,,False,False,True,False,False
NHAI_AP_GIDDALUR_VINUKONDA,NHAI_Giddalur_Vinukonda_NH544D.pdf,204,12206,AP_BR_OSM_W852304667,Service Road,,False,False,True,False,False
NHAI_AP_GIDDALUR_VINUKONDA,NHAI_Giddalur_Vinukonda_NH544D.pdf,204,12207,AP_BR_OSM_W852304670,Service Road,,False,False,True,False,False
NHAI_AP_GIDDALUR_VINUKONDA,NHAI_Giddalur_Vinukonda_NH544D.pdf,204,12786,AP_BR_OSM_W854500413,Service Road,,False,False,True,False,False
NHAI_AP_GIDDALUR_VINUKONDA,NHAI_Giddalur_Vinukonda_NH544D.pdf,204,12789,AP_BR_OSM_W854500419,Service Road,,False,False,True,False,False
NHAI_AP_GIDDALUR_VINUKONDA,NHAI_Giddalur_Vinukonda_NH544D.pdf,204,12790,AP_BR_OSM_W854500422,Service Road,,False,False,True,False,False
NHAI_AP_GIDDALUR_VINUKONDA,NHAI_Giddalur_Vinukonda_NH544D.pdf,204,12793,AP_BR_OSM_W854500428,Service Road,,False,False,True,False,False
NHAI_AP_GIDDALUR_VINUKONDA,NHAI_Giddalur_Vinukonda_NH544D.pdf,204,12794,AP_BR_OSM_W854500429,Service Road,,False,False,True,False,False
NHAI_AP_GIDDALUR_VINUKONDA,NHAI_Giddalur_Vinukonda_NH544D.pdf,204,12797,AP_BR_OSM_W854500435,Service Road,,False,False,True,False,False
NHAI_AP_GIDDALUR_VINUKONDA,NHAI_Giddalur_Vinukonda_NH544D.pdf,204,12836,AP_BR_OSM_W855374531,Service Road,,False,False,True,False,False
NHAI_AP_GIDDALUR_VINUKONDA,NHAI_Giddalur_Vinukonda_NH544D.pdf,204,12839,AP_BR_OSM_W855376825,Service Road,,False,False,True,False,False
NHAI_AP_GIDDALUR_VINUKONDA,NHAI_Giddalur_Vinukonda_NH544D.pdf,204,12840,AP_BR_OSM_W855376827,Service Road,,False,False,True,False,False
NHAI_AP_GIDDALUR_VINUKONDA,NHAI_Giddalur_Vinukonda_NH544D.pdf,207,14881,AP_BR_OSM_W1081167107,Service Road,,False,False,True,False,False
NHAI_AP_GIDDALUR_VINUKONDA,NHAI_Giddalur_Vinukonda_NH544D.pdf,207,14905,AP_BR_OSM_W1086848414,Service Road,,False,False,True,False,False
NHAI_AP_GIDDALUR_VINUKONDA,NHAI_Giddalur_Vinukonda_NH544D.pdf,207,14906,AP_BR_OSM_W1086848416,Service Road,,False,False,True,False,False
NHAI_AP_GIDDALUR_VINUKONDA,NHAI_Giddalur_Vinukonda_NH544D.pdf,207,14911,AP_BR_OSM_W1086848436,Service Road,,False,False,True,False,False
NHAI_AP_GIDDALUR_VINUKONDA,NHAI_Giddalur_Vinukonda_NH544D.pdf,207,14913,AP_BR_OSM_W1086848440,Service Road,,False,False,True,False,False
NHAI_AP_GIDDALUR_VINUKONDA,NHAI_Giddalur_Vinukonda_NH544D.pdf,207,14980,AP_BR_OSM_W1088411426,Service Road,,False,False,True,False,False
NHAI_AP_GIDDALUR_VINUKONDA,NHAI_Giddalur_Vinukonda_NH544D.pdf,207,14983,AP_BR_OSM_W1088411432,Service Road,,False,False,True,False,False
NHAI_AP_GIDDALUR_VINUKONDA,NHAI_Giddalur_Vinukonda_NH544D.pdf,207,14990,AP_BR_OSM_W1088411472,Service Road,,False,False,True,False,False
NHAI_AP_GIDDALUR_VINUKONDA,NHAI_Giddalur_Vinukonda_NH544D.pdf,207,14991,AP_BR_OSM_W1088411473,Service Road,,False,False,True,False,False
NHAI_AP_GIDDALUR_VINUKONDA,NHAI_Giddalur_Vinukonda_NH544D.pdf,207,14992,AP_BR_OSM_W1088411477,Service Road,,False,False,True,False,False
NHAI_AP_GIDDALUR_VINUKONDA,NHAI_Giddalur_Vinukonda_NH544D.pdf,207,14993,AP_BR_OSM_W1088411479,Service Road,,False,False,True,False,False
NHAI_AP_GIDDALUR_VINUKONDA,NHAI_Giddalur_Vinukonda_NH544D.pdf,207,14999,AP_BR_OSM_W1088426820,Service Road,,False,False,True,False,False
NHAI_AP_GIDDALUR_VINUKONDA,NHAI_Giddalur_Vinukonda_NH544D.pdf,207,15000,AP_BR_OSM_W1088426833,Service Road,,False,False,True,False,False
NHAI_AP_GIDDALUR_VINUKONDA,NHAI_Giddalur_Vinukonda_NH544D.pdf,207,15001,AP_BR_OSM_W1088426835,Service Road,,False,False,True,False,False
NHAI_AP_GIDDALUR_VINUKONDA,NHAI_Giddalur_Vinukonda_NH544D.pdf,207,15026,AP_BR_OSM_W1088463022,Service Road,,False,False,True,False,False
NHAI_AP_GIDDALUR_VINUKONDA,NHAI_Giddalur_Vinukonda_NH544D.pdf,207,15027,AP_BR_OSM_W1088463024,Service Road,,False,False,True,False,False
NHAI_AP_GIDDALUR_VINUKONDA,NHAI_Giddalur_Vinukonda_NH544D.pdf,207,15055,AP_BR_OSM_W1089450070,Service Road,,False,False,True,False,False
NHAI_AP_GIDDALUR_VINUKONDA,NHAI_Giddalur_Vinukonda_NH544D.pdf,207,15058,AP_BR_OSM_W1089450073,Service Road,,False,False,True,False,False
NHAI_AP_GIDDALUR_VINUKONDA,NHAI_Giddalur_Vinukonda_NH544D.pdf,207,15059,AP_BR_OSM_W1089450078,Service Road,,False,False,True,False,False
NHAI_AP_GIDDALUR_VINUKONDA,NHAI_Giddalur_Vinukonda_NH544D.pdf,207,15062,AP_BR_OSM_W1089450081,Service Road,,False,False,True,False,False
NHAI_AP_GIDDALUR_VINUKONDA,NHAI_Giddalur_Vinukonda_NH544D.pdf,207,15147,AP_BR_OSM_W1120249872,Service Road,,False,False,True,False,False
NHAI_AP_GIDDALUR_VINUKONDA,NHAI_Giddalur_Vinukonda_NH544D.pdf,207,15215,AP_BR_OSM_W1155071501,Service Road,,False,False,True,False,False
NHAI_AP_GIDDALUR_VINUKONDA,NHAI_Giddalur_Vinukonda_NH544D.pdf,207,15216,AP_BR_OSM_W1155071503,Service Road,,False,False,True,False,False
NHAI_AP_GIDDALUR_VINUKONDA,NHAI_Giddalur_Vinukonda_NH544D.pdf,207,15451,AP_BR_OSM_W1191649245,Service Road,,False,False,True,False,False
NHAI_AP_GIDDALUR_VINUKONDA,NHAI_Giddalur_Vinukonda_NH544D.pdf,207,15648,AP_BR_OSM_W1225609297,Service Road,,False,False,True,False,False
NHAI_AP_GIDDALUR_VINUKONDA,NHAI_Giddalur_Vinukonda_NH544D.pdf,207,15700,AP_BR_OSM_W1232731403,Service Road,,False,False,True,False,False
NHAI_AP_GIDDALUR_VINUKONDA,NHAI_Giddalur_Vinukonda_NH544D.pdf,207,15703,AP_BR_OSM_W1232731423,Service Road,,False,False,True,False,False
NHAI_AP_GIDDALUR_VINUKONDA,NHAI_Giddalur_Vinukonda_NH544D.pdf,207,15745,AP_BR_OSM_W1237976449,Service Road,,False,False,True,False,False
NHAI_AP_GIDDALUR_VINUKONDA,NHAI_Giddalur_Vinukonda_NH544D.pdf,207,15757,AP_BR_OSM_W1237978378,Service Road,,False,False,True,False,False
NHAI_AP_GIDDALUR_VINUKONDA,NHAI_Giddalur_Vinukonda_NH544D.pdf,207,15761,AP_BR_OSM_W1237978510,Service Road,,False,False,True,False,False
NHAI_AP_GIDDALUR_VINUKONDA,NHAI_Giddalur_Vinukonda_NH544D.pdf,207,15763,AP_BR_OSM_W1237978514,Service Road,,False,False,True,False,False
NHAI_AP_GIDDALUR_VINUKONDA,NHAI_Giddalur_Vinukonda_NH544D.pdf,207,15774,AP_BR_OSM_W1237979758,Service Road,,False,False,True,False,False
NHAI_AP_GIDDALUR_VINUKONDA,NHAI_Giddalur_Vinukonda_NH544D.pdf,207,15776,AP_BR_OSM_W1237979762,Service Road,,False,False,True,False,False
NHAI_AP_GIDDALUR_VINUKONDA,NHAI_Giddalur_Vinukonda_NH544D.pdf,207,15992,AP_BR_OSM_W1243542316,Service Road,,False,False,True,False,False
NHAI_AP_GIDDALUR_VINUKONDA,NHAI_Giddalur_Vinukonda_NH544D.pdf,207,15995,AP_BR_OSM_W1243542321,Service Road,,False,False,True,False,False
NHAI_AP_GIDDALUR_VINUKONDA,NHAI_Giddalur_Vinukonda_NH544D.pdf,207,16013,AP_BR_OSM_W1245312598,Service Road,,False,False,True,False,False
NHAI_AP_GIDDALUR_VINUKONDA,NHAI_Giddalur_Vinukonda_NH544D.pdf,207,16014,AP_BR_OSM_W1245312599,Service Road,,False,False,True,False,False
NHAI_AP_GIDDALUR_VINUKONDA,NHAI_Giddalur_Vinukonda_NH544D.pdf,207,16681,AP_BR_OSM_W1273875767,Service Road,,False,False,True,False,False
NHAI_AP_GIDDALUR_VINUKONDA,NHAI_Giddalur_Vinukonda_NH544D.pdf,207,16682,AP_BR_OSM_W1273875769,Service Road,,False,False,True,False,False
NHAI_AP_GIDDALUR_VINUKONDA,NHAI_Giddalur_Vinukonda_NH544D.pdf,207,16684,AP_BR_OSM_W1273875773,Service Road,,False,False,True,False,False
NHAI_AP_GIDDALUR_VINUKONDA,NHAI_Giddalur_Vinukonda_NH544D.pdf,207,16685,AP_BR_OSM_W1273875775,Service Road,,False,False,True,False,False
NHAI_AP_GIDDALUR_VINUKONDA,NHAI_Giddalur_Vinukonda_NH544D.pdf,207,16690,AP_BR_OSM_W1273875815,Service Road,,False,False,True,False,False
NHAI_AP_GIDDALUR_VINUKONDA,NHAI_Giddalur_Vinukonda_NH544D.pdf,207,16691,AP_BR_OSM_W1273875817,Service Road,,False,False,True,False,False
NHAI_AP_GIDDALUR_VINUKONDA,NHAI_Giddalur_Vinukonda_NH544D.pdf,207,16708,AP_BR_OSM_W1273875869,Service Road,,False,False,True,False,False
NHAI_AP_GIDDALUR_VINUKONDA,NHAI_Giddalur_Vinukonda_NH544D.pdf,207,16711,AP_BR_OSM_W1273875875,Service Road,,False,False,True,False,False
NHAI_AP_GIDDALUR_VINUKONDA,NHAI_Giddalur_Vinukonda_NH544D.pdf,207,16712,AP_BR_OSM_W1273875877,Service Road,,False,False,True,False,False
NHAI_AP_GIDDALUR_VINUKONDA,NHAI_Giddalur_Vinukonda_NH544D.pdf,207,17429,AP_BR_OSM_W1306892617,Service Road,,False,False,True,False,False
NHAI_AP_GIDDALUR_VINUKONDA,NHAI_Giddalur_Vinukonda_NH544D.pdf,207,17432,AP_BR_OSM_W1306892623,Service Road,,False,False,True,False,False
NHAI_AP_GIDDALUR_VINUKONDA,NHAI_Giddalur_Vinukonda_NH544D.pdf,207,17849,AP_BR_OSM_W1324235692,Service Road,,False,False,True,False,False
NHAI_AP_GIDDALUR_VINUKONDA,NHAI_Giddalur_Vinukonda_NH544D.pdf,207,18022,AP_BR_OSM_W1329295334,Service Road,,False,False,True,False,False
NHAI_AP_GIDDALUR_VINUKONDA,NHAI_Giddalur_Vinukonda_NH544D.pdf,207,18025,AP_BR_OSM_W1329295340,Service Road,,False,False,True,False,False
NHAI_AP_GIDDALUR_VINUKONDA,NHAI_Giddalur_Vinukonda_NH544D.pdf,207,18788,AP_BR_OSM_W1362529455,Service Road,,False,False,True,False,False
NHAI_AP_GIDDALUR_VINUKONDA,NHAI_Giddalur_Vinukonda_NH544D.pdf,207,18789,AP_BR_OSM_W1362529457,Service Road,,False,False,True,False,False
NHAI_AP_GIDDALUR_VINUKONDA,NHAI_Giddalur_Vinukonda_NH544D.pdf,207,18821,AP_BR_OSM_W1367602016,Service Road,,False,False,True,False,False
NHAI_AP_GIDDALUR_VINUKONDA,NHAI_Giddalur_Vinukonda_NH544D.pdf,207,18878,AP_BR_OSM_W1384358138,Service Road,,False,False,True,False,False
NHAI_AP_GIDDALUR_VINUKONDA,NHAI_Giddalur_Vinukonda_NH544D.pdf,207,21538,AP_BR_OSM_W1451125171,Service Road,,False,False,True,False,False
NHAI_AP_GIDDALUR_VINUKONDA,NHAI_Giddalur_Vinukonda_NH544D.pdf,207,21997,AP_BR_OSM_W1463702254,Service Road,,False,False,True,False,False
NHAI_AP_GIDDALUR_VINUKONDA,NHAI_Giddalur_Vinukonda_NH544D.pdf,207,21998,AP_BR_OSM_W1463702255,Service Road,,False,False,True,False,False
NHAI_AP_GIDDALUR_VINUKONDA,NHAI_Giddalur_Vinukonda_NH544D.pdf,207,22040,AP_BR_OSM_W1467110239,Service Road,,False,False,True,False,False
NHAI_AP_GIDDALUR_VINUKONDA,NHAI_Giddalur_Vinukonda_NH544D.pdf,207,22094,AP_BR_OSM_W1470248110,Service Road,,False,False,True,False,False
NHAI_AP_GIDDALUR_VINUKONDA,NHAI_Giddalur_Vinukonda_NH544D.pdf,207,22095,AP_BR_OSM_W1470248112,Service Road,,False,False,True,False,False
NHAI_AP_GIDDALUR_VINUKONDA,NHAI_Giddalur_Vinukonda_NH544D.pdf,207,22096,AP_BR_OSM_W1470248115,Service Road,,False,False,True,False,False
NHAI_AP_GIDDALUR_VINUKONDA,NHAI_Giddalur_Vinukonda_NH544D.pdf,207,22097,AP_BR_OSM_W1470248117,Service Road,,False,False,True,False,False
NHAI_AP_GIDDALUR_VINUKONDA,NHAI_Giddalur_Vinukonda_NH544D.pdf,207,22098,AP_BR_OSM_W1470254032,Service Road,,False,False,True,False,False
NHAI_AP_GIDDALUR_VINUKONDA,NHAI_Giddalur_Vinukonda_NH544D.pdf,207,22099,AP_BR_OSM_W1470254034,Service Road,,False,False,True,False,False
NHAI_AP_GIDDALUR_VINUKONDA,NHAI_Giddalur_Vinukonda_NH544D.pdf,207,22100,AP_BR_OSM_W1470254037,Service Road,,False,False,True,False,False
NHAI_AP_GIDDALUR_VINUKONDA,NHAI_Giddalur_Vinukonda_NH544D.pdf,207,22101,AP_BR_OSM_W1470254039,Service Road,,False,False,True,False,False
NHAI_AP_GIDDALUR_VINUKONDA,NHAI_Giddalur_Vinukonda_NH544D.pdf,207,22102,AP_BR_OSM_W1470254042,Service Road,,False,False,True,False,False
NHAI_AP_GIDDALUR_VINUKONDA,NHAI_Giddalur_Vinukonda_NH544D.pdf,207,22103,AP_BR_OSM_W1470254595,Service Road,,False,False,True,False,False
NHAI_AP_GIDDALUR_VINUKONDA,NHAI_Giddalur_Vinukonda_NH544D.pdf,207,22104,AP_BR_OSM_W1470254597,Service Road,,False,False,True,False,False
NHAI_AP_GIDDALUR_VINUKONDA,NHAI_Giddalur_Vinukonda_NH544D.pdf,207,22304,AP_BR_OSM_W1492140167,Service Road,,False,False,True,False,False
NHAI_AP_GIDDALUR_VINUKONDA,NHAI_Giddalur_Vinukonda_NH544D.pdf,207,22305,AP_BR_OSM_W1492140169,Service Road,,False,False,True,False,False
NHAI_AP_GIDDALUR_VINUKONDA,NHAI_Giddalur_Vinukonda_NH544D.pdf,207,22362,AP_BR_OSM_W1498208935,Service Road,,False,False,True,False,False
NHAI_AP_GIDDALUR_VINUKONDA,NHAI_Giddalur_Vinukonda_NH544D.pdf,207,22365,AP_BR_OSM_W1498208941,Service Road,,False,False,True,False,False
NHAI_AP_GIDDALUR_VINUKONDA,NHAI_Giddalur_Vinukonda_NH544D.pdf,207,22376,AP_BR_OSM_W1498244122,Service Road,,False,False,True,False,False
NHAI_AP_GIDDALUR_VINUKONDA,NHAI_Giddalur_Vinukonda_NH544D.pdf,207,22505,AP_BR_OSM_W1509394849,Service Road,,False,False,True,False,False
NHAI_AP_GIDDALUR_VINUKONDA,NHAI_Giddalur_Vinukonda_NH544D.pdf,207,22506,AP_BR_OSM_W1509394850,Service Road,,False,False,True,False,False
NHAI_AP_GIDDALUR_VINUKONDA,NHAI_Giddalur_Vinukonda_NH544D.pdf,207,22563,AP_BR_OSM_W1513126572,Service Road,,False,False,True,False,False
NHAI_AP_GIDDALUR_VINUKONDA,NHAI_Giddalur_Vinukonda_NH544D.pdf,207,22564,AP_BR_OSM_W1513126574,Service Road,,False,False,True,False,False
NHAI_AP_GIDDALUR_VINUKONDA,NHAI_Giddalur_Vinukonda_NH544D.pdf,207,22575,AP_BR_OSM_W1513577126,Service Road,,False,False,True,False,False
NHAI_AP_GIDDALUR_VINUKONDA,NHAI_Giddalur_Vinukonda_NH544D.pdf,207,22704,AP_BR_OSM_W1523945375,Service Road,,False,False,True,False,False
NHAI_AP_GIDDALUR_VINUKONDA,NHAI_Giddalur_Vinukonda_NH544D.pdf,207,22705,AP_BR_OSM_W1523945376,Service Road,,False,False,True,False,False
NHAI_AP_GIDDALUR_VINUKONDA,NHAI_Giddalur_Vinukonda_NH544D.pdf,207,22719,AP_BR_OSM_W1524280480,Service Road,,False,False,True,False,False
NHAI_AP_GIDDALUR_VINUKONDA,NHAI_Giddalur_Vinukonda_NH544D.pdf,207,22749,AP_BR_OSM_W1526081025,Service Road,,False,False,True,False,False
NHAI_AP_GIDDALUR_VINUKONDA,NHAI_Giddalur_Vinukonda_NH544D.pdf,207,23069,AP_BR_OSM_W1534018757,Service Road,,False,False,True,False,False
NHAI_AP_GIDDALUR_VINUKONDA,NHAI_Giddalur_Vinukonda_NH544D.pdf,207,23070,AP_BR_OSM_W1534018759,Service Road,,False,False,True,False,False
NHAI_AP_GIDDALUR_VINUKONDA,NHAI_Giddalur_Vinukonda_NH544D.pdf,207,23139,AP_BR_OSM_W1540667922,Service Road,,False,False,True,False,False
NHAI_AP_GIDDALUR_VINUKONDA,NHAI_Giddalur_Vinukonda_NH544D.pdf,207,23186,AP_BR_OSM_W1544023678,Service Road,,False,False,True,False,False
NHAI_AP_GIDDALUR_VINUKONDA,NHAI_Giddalur_Vinukonda_NH544D.pdf,207,23187,AP_BR_OSM_W1544023680,Service Road,,False,False,True,False,False
NHAI_AP_GIDDALUR_VINUKONDA,NHAI_Giddalur_Vinukonda_NH544D.pdf,207,23222,AP_BR_OSM_W1546593842,Service Road,,False,False,True,False,False
NHAI_AP_GIDDALUR_VINUKONDA,NHAI_Giddalur_Vinukonda_NH544D.pdf,207,23223,AP_BR_OSM_W1546593845,Service Road,,False,False,True,False,False
NHAI_AP_GIDDALUR_VINUKONDA,NHAI_Giddalur_Vinukonda_NH544D.pdf,207,2414,AP_BR_OSM_W480403927,Service Road,,False,False,True,False,False
NHAI_AP_GIDDALUR_VINUKONDA,NHAI_Giddalur_Vinukonda_NH544D.pdf,207,2415,AP_BR_OSM_W480403929,Service Road,,False,False,True,False,False
NHAI_AP_GIDDALUR_VINUKONDA,NHAI_Giddalur_Vinukonda_NH544D.pdf,207,4561,AP_BR_OSM_W673858216,Service Road,,False,False,True,False,False
NHAI_AP_GIDDALUR_VINUKONDA,NHAI_Giddalur_Vinukonda_NH544D.pdf,207,4564,AP_BR_OSM_W673858223,Service Road,,False,False,True,False,False
NHAI_AP_GIDDALUR_VINUKONDA,NHAI_Giddalur_Vinukonda_NH544D.pdf,207,6997,AP_BR_OSM_W826596384,Service Road,,False,False,True,False,False
NHAI_AP_GIDDALUR_VINUKONDA,NHAI_Giddalur_Vinukonda_NH544D.pdf,207,6998,AP_BR_OSM_W826596386,Service Road,,False,False,True,False,False
NHAI_AP_GIDDALUR_VINUKONDA,NHAI_Giddalur_Vinukonda_NH544D.pdf,207,7004,AP_BR_OSM_W826596400,Service Road,,False,False,True,False,False
NHAI_AP_GIDDALUR_VINUKONDA,NHAI_Giddalur_Vinukonda_NH544D.pdf,207,7005,AP_BR_OSM_W826596402,Service Road,,False,False,True,False,False
NHAI_AP_GIDDALUR_VINUKONDA,NHAI_Giddalur_Vinukonda_NH544D.pdf,207,7011,AP_BR_OSM_W826596413,Service Road,,False,False,True,False,False
NHAI_AP_GIDDALUR_VINUKONDA,NHAI_Giddalur_Vinukonda_NH544D.pdf,207,7012,AP_BR_OSM_W826596416,Service Road,,False,False,True,False,False
NHAI_AP_GIDDALUR_VINUKONDA,NHAI_Giddalur_Vinukonda_NH544D.pdf,207,7017,AP_BR_OSM_W826596424,Service Road,,False,False,True,False,False
NHAI_AP_GIDDALUR_VINUKONDA,NHAI_Giddalur_Vinukonda_NH544D.pdf,207,7020,AP_BR_OSM_W826596430,Service Road,,False,False,True,False,False
NHAI_AP_GIDDALUR_VINUKONDA,NHAI_Giddalur_Vinukonda_NH544D.pdf,207,7025,AP_BR_OSM_W826596440,Service Road,,False,False,True,False,False
NHAI_AP_GIDDALUR_VINUKONDA,NHAI_Giddalur_Vinukonda_NH544D.pdf,207,7026,AP_BR_OSM_W826596442,Service Road,,False,False,True,False,False
NHAI_AP_GIDDALUR_VINUKONDA,NHAI_Giddalur_Vinukonda_NH544D.pdf,207,7029,AP_BR_OSM_W826596445,Service Road,,False,False,True,False,False
NHAI_AP_GIDDALUR_VINUKONDA,NHAI_Giddalur_Vinukonda_NH544D.pdf,207,7030,AP_BR_OSM_W826596449,Service Road,,False,False,True,False,False
NHAI_AP_GIDDALUR_VINUKONDA,NHAI_Giddalur_Vinukonda_NH544D.pdf,207,7033,AP_BR_OSM_W826596455,Service Road,,False,False,True,False,False
NHAI_AP_GIDDALUR_VINUKONDA,NHAI_Giddalur_Vinukonda_NH544D.pdf,207,7034,AP_BR_OSM_W826596458,Service Road,,False,False,True,False,False
NHAI_AP_GIDDALUR_VINUKONDA,NHAI_Giddalur_Vinukonda_NH544D.pdf,207,7037,AP_BR_OSM_W826596464,Service Road,,False,False,True,False,False
NHAI_AP_GIDDALUR_VINUKONDA,NHAI_Giddalur_Vinukonda_NH544D.pdf,207,7038,AP_BR_OSM_W826596466,Service Road,,False,False,True,False,False
NHAI_AP_GIDDALUR_VINUKONDA,NHAI_Giddalur_Vinukonda_NH544D.pdf,207,7053,AP_BR_OSM_W826596490,Service Road,,False,False,True,False,False
NHAI_AP_GIDDALUR_VINUKONDA,NHAI_Giddalur_Vinukonda_NH544D.pdf,207,7056,AP_BR_OSM_W826596496,Service Road,,False,False,True,False,False
NHAI_AP_GIDDALUR_VINUKONDA,NHAI_Giddalur_Vinukonda_NH544D.pdf,207,8126,AP_BR_OSM_W839529008,Service Road,,False,False,True,False,False
NHAI_AP_GIDDALUR_VINUKONDA,NHAI_Giddalur_Vinukonda_NH544D.pdf,207,8530,AP_BR_OSM_W843783103,Service Road,,False,False,True,False,False
NHAI_AP_GIDDALUR_VINUKONDA,NHAI_Giddalur_Vinukonda_NH544D.pdf,207,8531,AP_BR_OSM_W843783106,Service Road,,False,False,True,False,False
NHAI_AP_GIDDALUR_VINUKONDA,NHAI_Giddalur_Vinukonda_NH544D.pdf,207,9150,AP_BR_OSM_W845261050,Service Road,,False,False,True,False,False
NHAI_AP_GIDDALUR_VINUKONDA,NHAI_Giddalur_Vinukonda_NH544D.pdf,207,12029,AP_BR_OSM_W851480115,Service Road,,False,False,True,False,False
NHAI_AP_GIDDALUR_VINUKONDA,NHAI_Giddalur_Vinukonda_NH544D.pdf,207,12048,AP_BR_OSM_W851518401,Service Road,,False,False,True,False,False
NHAI_AP_GIDDALUR_VINUKONDA,NHAI_Giddalur_Vinukonda_NH544D.pdf,207,12158,AP_BR_OSM_W852274598,Service Road,,False,False,True,False,False
NHAI_AP_GIDDALUR_VINUKONDA,NHAI_Giddalur_Vinukonda_NH544D.pdf,207,12205,AP_BR_OSM_W852304662,Service Road,,False,False,True,False,False
NHAI_AP_GIDDALUR_VINUKONDA,NHAI_Giddalur_Vinukonda_NH544D.pdf,207,12206,AP_BR_OSM_W852304667,Service Road,,False,False,True,False,False
NHAI_AP_GIDDALUR_VINUKONDA,NHAI_Giddalur_Vinukonda_NH544D.pdf,207,12207,AP_BR_OSM_W852304670,Service Road,,False,False,True,False,False
NHAI_AP_GIDDALUR_VINUKONDA,NHAI_Giddalur_Vinukonda_NH544D.pdf,207,12786,AP_BR_OSM_W854500413,Service Road,,False,False,True,False,False
NHAI_AP_GIDDALUR_VINUKONDA,NHAI_Giddalur_Vinukonda_NH544D.pdf,207,12789,AP_BR_OSM_W854500419,Service Road,,False,False,True,False,False
NHAI_AP_GIDDALUR_VINUKONDA,NHAI_Giddalur_Vinukonda_NH544D.pdf,207,12790,AP_BR_OSM_W854500422,Service Road,,False,False,True,False,False
NHAI_AP_GIDDALUR_VINUKONDA,NHAI_Giddalur_Vinukonda_NH544D.pdf,207,12793,AP_BR_OSM_W854500428,Service Road,,False,False,True,False,False
NHAI_AP_GIDDALUR_VINUKONDA,NHAI_Giddalur_Vinukonda_NH544D.pdf,207,12794,AP_BR_OSM_W854500429,Service Road,,False,False,True,False,False
NHAI_AP_GIDDALUR_VINUKONDA,NHAI_Giddalur_Vinukonda_NH544D.pdf,207,12797,AP_BR_OSM_W854500435,Service Road,,False,False,True,False,False
NHAI_AP_GIDDALUR_VINUKONDA,NHAI_Giddalur_Vinukonda_NH544D.pdf,207,12836,AP_BR_OSM_W855374531,Service Road,,False,False,True,False,False
NHAI_AP_GIDDALUR_VINUKONDA,NHAI_Giddalur_Vinukonda_NH544D.pdf,207,12839,AP_BR_OSM_W855376825,Service Road,,False,False,True,False,False
NHAI_AP_GIDDALUR_VINUKONDA,NHAI_Giddalur_Vinukonda_NH544D.pdf,207,12840,AP_BR_OSM_W855376827,Service Road,,False,False,True,False,False
NHAI_AP_GIDDALUR_VINUKONDA,NHAI_Giddalur_Vinukonda_NH544D.pdf,208,14881,AP_BR_OSM_W1081167107,Service Road,,False,False,True,False,False
NHAI_AP_GIDDALUR_VINUKONDA,NHAI_Giddalur_Vinukonda_NH544D.pdf,208,14905,AP_BR_OSM_W1086848414,Service Road,,False,False,True,False,False
NHAI_AP_GIDDALUR_VINUKONDA,NHAI_Giddalur_Vinukonda_NH544D.pdf,208,14906,AP_BR_OSM_W1086848416,Service Road,,False,False,True,False,False
NHAI_AP_GIDDALUR_VINUKONDA,NHAI_Giddalur_Vinukonda_NH544D.pdf,208,14911,AP_BR_OSM_W1086848436,Service Road,,False,False,True,False,False
NHAI_AP_GIDDALUR_VINUKONDA,NHAI_Giddalur_Vinukonda_NH544D.pdf,208,14913,AP_BR_OSM_W1086848440,Service Road,,False,False,True,False,False
NHAI_AP_GIDDALUR_VINUKONDA,NHAI_Giddalur_Vinukonda_NH544D.pdf,208,14980,AP_BR_OSM_W1088411426,Service Road,,False,False,True,False,False
NHAI_AP_GIDDALUR_VINUKONDA,NHAI_Giddalur_Vinukonda_NH544D.pdf,208,14983,AP_BR_OSM_W1088411432,Service Road,,False,False,True,False,False
NHAI_AP_GIDDALUR_VINUKONDA,NHAI_Giddalur_Vinukonda_NH544D.pdf,208,14990,AP_BR_OSM_W1088411472,Service Road,,False,False,True,False,False
NHAI_AP_GIDDALUR_VINUKONDA,NHAI_Giddalur_Vinukonda_NH544D.pdf,208,14991,AP_BR_OSM_W1088411473,Service Road,,False,False,True,False,False
NHAI_AP_GIDDALUR_VINUKONDA,NHAI_Giddalur_Vinukonda_NH544D.pdf,208,14992,AP_BR_OSM_W1088411477,Service Road,,False,False,True,False,False
NHAI_AP_GIDDALUR_VINUKONDA,NHAI_Giddalur_Vinukonda_NH544D.pdf,208,14993,AP_BR_OSM_W1088411479,Service Road,,False,False,True,False,False
NHAI_AP_GIDDALUR_VINUKONDA,NHAI_Giddalur_Vinukonda_NH544D.pdf,208,14999,AP_BR_OSM_W1088426820,Service Road,,False,False,True,False,False
NHAI_AP_GIDDALUR_VINUKONDA,NHAI_Giddalur_Vinukonda_NH544D.pdf,208,15000,AP_BR_OSM_W1088426833,Service Road,,False,False,True,False,False
NHAI_AP_GIDDALUR_VINUKONDA,NHAI_Giddalur_Vinukonda_NH544D.pdf,208,15001,AP_BR_OSM_W1088426835,Service Road,,False,False,True,False,False
NHAI_AP_GIDDALUR_VINUKONDA,NHAI_Giddalur_Vinukonda_NH544D.pdf,208,15026,AP_BR_OSM_W1088463022,Service Road,,False,False,True,False,False
NHAI_AP_GIDDALUR_VINUKONDA,NHAI_Giddalur_Vinukonda_NH544D.pdf,208,15027,AP_BR_OSM_W1088463024,Service Road,,False,False,True,False,False
NHAI_AP_GIDDALUR_VINUKONDA,NHAI_Giddalur_Vinukonda_NH544D.pdf,208,15055,AP_BR_OSM_W1089450070,Service Road,,False,False,True,False,False
NHAI_AP_GIDDALUR_VINUKONDA,NHAI_Giddalur_Vinukonda_NH544D.pdf,208,15058,AP_BR_OSM_W1089450073,Service Road,,False,False,True,False,False
NHAI_AP_GIDDALUR_VINUKONDA,NHAI_Giddalur_Vinukonda_NH544D.pdf,208,15059,AP_BR_OSM_W1089450078,Service Road,,False,False,True,False,False
NHAI_AP_GIDDALUR_VINUKONDA,NHAI_Giddalur_Vinukonda_NH544D.pdf,208,15062,AP_BR_OSM_W1089450081,Service Road,,False,False,True,False,False
NHAI_AP_GIDDALUR_VINUKONDA,NHAI_Giddalur_Vinukonda_NH544D.pdf,208,15147,AP_BR_OSM_W1120249872,Service Road,,False,False,True,False,False
NHAI_AP_GIDDALUR_VINUKONDA,NHAI_Giddalur_Vinukonda_NH544D.pdf,208,15215,AP_BR_OSM_W1155071501,Service Road,,False,False,True,False,False
NHAI_AP_GIDDALUR_VINUKONDA,NHAI_Giddalur_Vinukonda_NH544D.pdf,208,15216,AP_BR_OSM_W1155071503,Service Road,,False,False,True,False,False
NHAI_AP_GIDDALUR_VINUKONDA,NHAI_Giddalur_Vinukonda_NH544D.pdf,208,15451,AP_BR_OSM_W1191649245,Service Road,,False,False,True,False,False
NHAI_AP_GIDDALUR_VINUKONDA,NHAI_Giddalur_Vinukonda_NH544D.pdf,208,15648,AP_BR_OSM_W1225609297,Service Road,,False,False,True,False,False
NHAI_AP_GIDDALUR_VINUKONDA,NHAI_Giddalur_Vinukonda_NH544D.pdf,208,15700,AP_BR_OSM_W1232731403,Service Road,,False,False,True,False,False
NHAI_AP_GIDDALUR_VINUKONDA,NHAI_Giddalur_Vinukonda_NH544D.pdf,208,15703,AP_BR_OSM_W1232731423,Service Road,,False,False,True,False,False
NHAI_AP_GIDDALUR_VINUKONDA,NHAI_Giddalur_Vinukonda_NH544D.pdf,208,15745,AP_BR_OSM_W1237976449,Service Road,,False,False,True,False,False
NHAI_AP_GIDDALUR_VINUKONDA,NHAI_Giddalur_Vinukonda_NH544D.pdf,208,15757,AP_BR_OSM_W1237978378,Service Road,,False,False,True,False,False
NHAI_AP_GIDDALUR_VINUKONDA,NHAI_Giddalur_Vinukonda_NH544D.pdf,208,15761,AP_BR_OSM_W1237978510,Service Road,,False,False,True,False,False
NHAI_AP_GIDDALUR_VINUKONDA,NHAI_Giddalur_Vinukonda_NH544D.pdf,208,15763,AP_BR_OSM_W1237978514,Service Road,,False,False,True,False,False
NHAI_AP_GIDDALUR_VINUKONDA,NHAI_Giddalur_Vinukonda_NH544D.pdf,208,15774,AP_BR_OSM_W1237979758,Service Road,,False,False,True,False,False
NHAI_AP_GIDDALUR_VINUKONDA,NHAI_Giddalur_Vinukonda_NH544D.pdf,208,15776,AP_BR_OSM_W1237979762,Service Road,,False,False,True,False,False
NHAI_AP_GIDDALUR_VINUKONDA,NHAI_Giddalur_Vinukonda_NH544D.pdf,208,15992,AP_BR_OSM_W1243542316,Service Road,,False,False,True,False,False
NHAI_AP_GIDDALUR_VINUKONDA,NHAI_Giddalur_Vinukonda_NH544D.pdf,208,15995,AP_BR_OSM_W1243542321,Service Road,,False,False,True,False,False
NHAI_AP_GIDDALUR_VINUKONDA,NHAI_Giddalur_Vinukonda_NH544D.pdf,208,16013,AP_BR_OSM_W1245312598,Service Road,,False,False,True,False,False
NHAI_AP_GIDDALUR_VINUKONDA,NHAI_Giddalur_Vinukonda_NH544D.pdf,208,16014,AP_BR_OSM_W1245312599,Service Road,,False,False,True,False,False
NHAI_AP_GIDDALUR_VINUKONDA,NHAI_Giddalur_Vinukonda_NH544D.pdf,208,16681,AP_BR_OSM_W1273875767,Service Road,,False,False,True,False,False
NHAI_AP_GIDDALUR_VINUKONDA,NHAI_Giddalur_Vinukonda_NH544D.pdf,208,16682,AP_BR_OSM_W1273875769,Service Road,,False,False,True,False,False
NHAI_AP_GIDDALUR_VINUKONDA,NHAI_Giddalur_Vinukonda_NH544D.pdf,208,16684,AP_BR_OSM_W1273875773,Service Road,,False,False,True,False,False
NHAI_AP_GIDDALUR_VINUKONDA,NHAI_Giddalur_Vinukonda_NH544D.pdf,208,16685,AP_BR_OSM_W1273875775,Service Road,,False,False,True,False,False
NHAI_AP_GIDDALUR_VINUKONDA,NHAI_Giddalur_Vinukonda_NH544D.pdf,208,16690,AP_BR_OSM_W1273875815,Service Road,,False,False,True,False,False
NHAI_AP_GIDDALUR_VINUKONDA,NHAI_Giddalur_Vinukonda_NH544D.pdf,208,16691,AP_BR_OSM_W1273875817,Service Road,,False,False,True,False,False
NHAI_AP_GIDDALUR_VINUKONDA,NHAI_Giddalur_Vinukonda_NH544D.pdf,208,16708,AP_BR_OSM_W1273875869,Service Road,,False,False,True,False,False
NHAI_AP_GIDDALUR_VINUKONDA,NHAI_Giddalur_Vinukonda_NH544D.pdf,208,16711,AP_BR_OSM_W1273875875,Service Road,,False,False,True,False,False
NHAI_AP_GIDDALUR_VINUKONDA,NHAI_Giddalur_Vinukonda_NH544D.pdf,208,16712,AP_BR_OSM_W1273875877,Service Road,,False,False,True,False,False
NHAI_AP_GIDDALUR_VINUKONDA,NHAI_Giddalur_Vinukonda_NH544D.pdf,208,17429,AP_BR_OSM_W1306892617,Service Road,,False,False,True,False,False
NHAI_AP_GIDDALUR_VINUKONDA,NHAI_Giddalur_Vinukonda_NH544D.pdf,208,17432,AP_BR_OSM_W1306892623,Service Road,,False,False,True,False,False
NHAI_AP_GIDDALUR_VINUKONDA,NHAI_Giddalur_Vinukonda_NH544D.pdf,208,17849,AP_BR_OSM_W1324235692,Service Road,,False,False,True,False,False
NHAI_AP_GIDDALUR_VINUKONDA,NHAI_Giddalur_Vinukonda_NH544D.pdf,208,18022,AP_BR_OSM_W1329295334,Service Road,,False,False,True,False,False
NHAI_AP_GIDDALUR_VINUKONDA,NHAI_Giddalur_Vinukonda_NH544D.pdf,208,18025,AP_BR_OSM_W1329295340,Service Road,,False,False,True,False,False
NHAI_AP_GIDDALUR_VINUKONDA,NHAI_Giddalur_Vinukonda_NH544D.pdf,208,18788,AP_BR_OSM_W1362529455,Service Road,,False,False,True,False,False
NHAI_AP_GIDDALUR_VINUKONDA,NHAI_Giddalur_Vinukonda_NH544D.pdf,208,18789,AP_BR_OSM_W1362529457,Service Road,,False,False,True,False,False
NHAI_AP_GIDDALUR_VINUKONDA,NHAI_Giddalur_Vinukonda_NH544D.pdf,208,18821,AP_BR_OSM_W1367602016,Service Road,,False,False,True,False,False
NHAI_AP_GIDDALUR_VINUKONDA,NHAI_Giddalur_Vinukonda_NH544D.pdf,208,18878,AP_BR_OSM_W1384358138,Service Road,,False,False,True,False,False
NHAI_AP_GIDDALUR_VINUKONDA,NHAI_Giddalur_Vinukonda_NH544D.pdf,208,21538,AP_BR_OSM_W1451125171,Service Road,,False,False,True,False,False
NHAI_AP_GIDDALUR_VINUKONDA,NHAI_Giddalur_Vinukonda_NH544D.pdf,208,21997,AP_BR_OSM_W1463702254,Service Road,,False,False,True,False,False
NHAI_AP_GIDDALUR_VINUKONDA,NHAI_Giddalur_Vinukonda_NH544D.pdf,208,21998,AP_BR_OSM_W1463702255,Service Road,,False,False,True,False,False
NHAI_AP_GIDDALUR_VINUKONDA,NHAI_Giddalur_Vinukonda_NH544D.pdf,208,22040,AP_BR_OSM_W1467110239,Service Road,,False,False,True,False,False
NHAI_AP_GIDDALUR_VINUKONDA,NHAI_Giddalur_Vinukonda_NH544D.pdf,208,22094,AP_BR_OSM_W1470248110,Service Road,,False,False,True,False,False
NHAI_AP_GIDDALUR_VINUKONDA,NHAI_Giddalur_Vinukonda_NH544D.pdf,208,22095,AP_BR_OSM_W1470248112,Service Road,,False,False,True,False,False
NHAI_AP_GIDDALUR_VINUKONDA,NHAI_Giddalur_Vinukonda_NH544D.pdf,208,22096,AP_BR_OSM_W1470248115,Service Road,,False,False,True,False,False
NHAI_AP_GIDDALUR_VINUKONDA,NHAI_Giddalur_Vinukonda_NH544D.pdf,208,22097,AP_BR_OSM_W1470248117,Service Road,,False,False,True,False,False
NHAI_AP_GIDDALUR_VINUKONDA,NHAI_Giddalur_Vinukonda_NH544D.pdf,208,22098,AP_BR_OSM_W1470254032,Service Road,,False,False,True,False,False
NHAI_AP_GIDDALUR_VINUKONDA,NHAI_Giddalur_Vinukonda_NH544D.pdf,208,22099,AP_BR_OSM_W1470254034,Service Road,,False,False,True,False,False
NHAI_AP_GIDDALUR_VINUKONDA,NHAI_Giddalur_Vinukonda_NH544D.pdf,208,22100,AP_BR_OSM_W1470254037,Service Road,,False,False,True,False,False
NHAI_AP_GIDDALUR_VINUKONDA,NHAI_Giddalur_Vinukonda_NH544D.pdf,208,22101,AP_BR_OSM_W1470254039,Service Road,,False,False,True,False,False
NHAI_AP_GIDDALUR_VINUKONDA,NHAI_Giddalur_Vinukonda_NH544D.pdf,208,22102,AP_BR_OSM_W1470254042,Service Road,,False,False,True,False,False
NHAI_AP_GIDDALUR_VINUKONDA,NHAI_Giddalur_Vinukonda_NH544D.pdf,208,22103,AP_BR_OSM_W1470254595,Service Road,,False,False,True,False,False
NHAI_AP_GIDDALUR_VINUKONDA,NHAI_Giddalur_Vinukonda_NH544D.pdf,208,22104,AP_BR_OSM_W1470254597,Service Road,,False,False,True,False,False
NHAI_AP_GIDDALUR_VINUKONDA,NHAI_Giddalur_Vinukonda_NH544D.pdf,208,22304,AP_BR_OSM_W1492140167,Service Road,,False,False,True,False,False
NHAI_AP_GIDDALUR_VINUKONDA,NHAI_Giddalur_Vinukonda_NH544D.pdf,208,22305,AP_BR_OSM_W1492140169,Service Road,,False,False,True,False,False
NHAI_AP_GIDDALUR_VINUKONDA,NHAI_Giddalur_Vinukonda_NH544D.pdf,208,22362,AP_BR_OSM_W1498208935,Service Road,,False,False,True,False,False
NHAI_AP_GIDDALUR_VINUKONDA,NHAI_Giddalur_Vinukonda_NH544D.pdf,208,22365,AP_BR_OSM_W1498208941,Service Road,,False,False,True,False,False
NHAI_AP_GIDDALUR_VINUKONDA,NHAI_Giddalur_Vinukonda_NH544D.pdf,208,22376,AP_BR_OSM_W1498244122,Service Road,,False,False,True,False,False
NHAI_AP_GIDDALUR_VINUKONDA,NHAI_Giddalur_Vinukonda_NH544D.pdf,208,22505,AP_BR_OSM_W1509394849,Service Road,,False,False,True,False,False
NHAI_AP_GIDDALUR_VINUKONDA,NHAI_Giddalur_Vinukonda_NH544D.pdf,208,22506,AP_BR_OSM_W1509394850,Service Road,,False,False,True,False,False
NHAI_AP_GIDDALUR_VINUKONDA,NHAI_Giddalur_Vinukonda_NH544D.pdf,208,22563,AP_BR_OSM_W1513126572,Service Road,,False,False,True,False,False
NHAI_AP_GIDDALUR_VINUKONDA,NHAI_Giddalur_Vinukonda_NH544D.pdf,208,22564,AP_BR_OSM_W1513126574,Service Road,,False,False,True,False,False
NHAI_AP_GIDDALUR_VINUKONDA,NHAI_Giddalur_Vinukonda_NH544D.pdf,208,22575,AP_BR_OSM_W1513577126,Service Road,,False,False,True,False,False
NHAI_AP_GIDDALUR_VINUKONDA,NHAI_Giddalur_Vinukonda_NH544D.pdf,208,22704,AP_BR_OSM_W1523945375,Service Road,,False,False,True,False,False
NHAI_AP_GIDDALUR_VINUKONDA,NHAI_Giddalur_Vinukonda_NH544D.pdf,208,22705,AP_BR_OSM_W1523945376,Service Road,,False,False,True,False,False
NHAI_AP_GIDDALUR_VINUKONDA,NHAI_Giddalur_Vinukonda_NH544D.pdf,208,22719,AP_BR_OSM_W1524280480,Service Road,,False,False,True,False,False
NHAI_AP_GIDDALUR_VINUKONDA,NHAI_Giddalur_Vinukonda_NH544D.pdf,208,22749,AP_BR_OSM_W1526081025,Service Road,,False,False,True,False,False
NHAI_AP_GIDDALUR_VINUKONDA,NHAI_Giddalur_Vinukonda_NH544D.pdf,208,23069,AP_BR_OSM_W1534018757,Service Road,,False,False,True,False,False
NHAI_AP_GIDDALUR_VINUKONDA,NHAI_Giddalur_Vinukonda_NH544D.pdf,208,23070,AP_BR_OSM_W1534018759,Service Road,,False,False,True,False,False
NHAI_AP_GIDDALUR_VINUKONDA,NHAI_Giddalur_Vinukonda_NH544D.pdf,208,23139,AP_BR_OSM_W1540667922,Service Road,,False,False,True,False,False
NHAI_AP_GIDDALUR_VINUKONDA,NHAI_Giddalur_Vinukonda_NH544D.pdf,208,23186,AP_BR_OSM_W1544023678,Service Road,,False,False,True,False,False
NHAI_AP_GIDDALUR_VINUKONDA,NHAI_Giddalur_Vinukonda_NH544D.pdf,208,23187,AP_BR_OSM_W1544023680,Service Road,,False,False,True,False,False
NHAI_AP_GIDDALUR_VINUKONDA,NHAI_Giddalur_Vinukonda_NH544D.pdf,208,23222,AP_BR_OSM_W1546593842,Service Road,,False,False,True,False,False
NHAI_AP_GIDDALUR_VINUKONDA,NHAI_Giddalur_Vinukonda_NH544D.pdf,208,23223,AP_BR_OSM_W1546593845,Service Road,,False,False,True,False,False
NHAI_AP_GIDDALUR_VINUKONDA,NHAI_Giddalur_Vinukonda_NH544D.pdf,208,2414,AP_BR_OSM_W480403927,Service Road,,False,False,True,False,False
NHAI_AP_GIDDALUR_VINUKONDA,NHAI_Giddalur_Vinukonda_NH544D.pdf,208,2415,AP_BR_OSM_W480403929,Service Road,,False,False,True,False,False
NHAI_AP_GIDDALUR_VINUKONDA,NHAI_Giddalur_Vinukonda_NH544D.pdf,208,4561,AP_BR_OSM_W673858216,Service Road,,False,False,True,False,False
NHAI_AP_GIDDALUR_VINUKONDA,NHAI_Giddalur_Vinukonda_NH544D.pdf,208,4564,AP_BR_OSM_W673858223,Service Road,,False,False,True,False,False
NHAI_AP_GIDDALUR_VINUKONDA,NHAI_Giddalur_Vinukonda_NH544D.pdf,208,6997,AP_BR_OSM_W826596384,Service Road,,False,False,True,False,False
NHAI_AP_GIDDALUR_VINUKONDA,NHAI_Giddalur_Vinukonda_NH544D.pdf,208,6998,AP_BR_OSM_W826596386,Service Road,,False,False,True,False,False
NHAI_AP_GIDDALUR_VINUKONDA,NHAI_Giddalur_Vinukonda_NH544D.pdf,208,7004,AP_BR_OSM_W826596400,Service Road,,False,False,True,False,False
NHAI_AP_GIDDALUR_VINUKONDA,NHAI_Giddalur_Vinukonda_NH544D.pdf,208,7005,AP_BR_OSM_W826596402,Service Road,,False,False,True,False,False
NHAI_AP_GIDDALUR_VINUKONDA,NHAI_Giddalur_Vinukonda_NH544D.pdf,208,7011,AP_BR_OSM_W826596413,Service Road,,False,False,True,False,False
NHAI_AP_GIDDALUR_VINUKONDA,NHAI_Giddalur_Vinukonda_NH544D.pdf,208,7012,AP_BR_OSM_W826596416,Service Road,,False,False,True,False,False
NHAI_AP_GIDDALUR_VINUKONDA,NHAI_Giddalur_Vinukonda_NH544D.pdf,208,7017,AP_BR_OSM_W826596424,Service Road,,False,False,True,False,False
NHAI_AP_GIDDALUR_VINUKONDA,NHAI_Giddalur_Vinukonda_NH544D.pdf,208,7020,AP_BR_OSM_W826596430,Service Road,,False,False,True,False,False
NHAI_AP_GIDDALUR_VINUKONDA,NHAI_Giddalur_Vinukonda_NH544D.pdf,208,7025,AP_BR_OSM_W826596440,Service Road,,False,False,True,False,False
NHAI_AP_GIDDALUR_VINUKONDA,NHAI_Giddalur_Vinukonda_NH544D.pdf,208,7026,AP_BR_OSM_W826596442,Service Road,,False,False,True,False,False
NHAI_AP_GIDDALUR_VINUKONDA,NHAI_Giddalur_Vinukonda_NH544D.pdf,208,7029,AP_BR_OSM_W826596445,Service Road,,False,False,True,False,False
NHAI_AP_GIDDALUR_VINUKONDA,NHAI_Giddalur_Vinukonda_NH544D.pdf,208,7030,AP_BR_OSM_W826596449,Service Road,,False,False,True,False,False
NHAI_AP_GIDDALUR_VINUKONDA,NHAI_Giddalur_Vinukonda_NH544D.pdf,208,7033,AP_BR_OSM_W826596455,Service Road,,False,False,True,False,False
NHAI_AP_GIDDALUR_VINUKONDA,NHAI_Giddalur_Vinukonda_NH544D.pdf,208,7034,AP_BR_OSM_W826596458,Service Road,,False,False,True,False,False
NHAI_AP_GIDDALUR_VINUKONDA,NHAI_Giddalur_Vinukonda_NH544D.pdf,208,7037,AP_BR_OSM_W826596464,Service Road,,False,False,True,False,False
NHAI_AP_GIDDALUR_VINUKONDA,NHAI_Giddalur_Vinukonda_NH544D.pdf,208,7038,AP_BR_OSM_W826596466,Service Road,,False,False,True,False,False
NHAI_AP_GIDDALUR_VINUKONDA,NHAI_Giddalur_Vinukonda_NH544D.pdf,208,7053,AP_BR_OSM_W826596490,Service Road,,False,False,True,False,False
NHAI_AP_GIDDALUR_VINUKONDA,NHAI_Giddalur_Vinukonda_NH544D.pdf,208,7056,AP_BR_OSM_W826596496,Service Road,,False,False,True,False,False
NHAI_AP_GIDDALUR_VINUKONDA,NHAI_Giddalur_Vinukonda_NH544D.pdf,208,8126,AP_BR_OSM_W839529008,Service Road,,False,False,True,False,False
NHAI_AP_GIDDALUR_VINUKONDA,NHAI_Giddalur_Vinukonda_NH544D.pdf,208,8530,AP_BR_OSM_W843783103,Service Road,,False,False,True,False,False
NHAI_AP_GIDDALUR_VINUKONDA,NHAI_Giddalur_Vinukonda_NH544D.pdf,208,8531,AP_BR_OSM_W843783106,Service Road,,False,False,True,False,False
NHAI_AP_GIDDALUR_VINUKONDA,NHAI_Giddalur_Vinukonda_NH544D.pdf,208,9150,AP_BR_OSM_W845261050,Service Road,,False,False,True,False,False
NHAI_AP_GIDDALUR_VINUKONDA,NHAI_Giddalur_Vinukonda_NH544D.pdf,208,12029,AP_BR_OSM_W851480115,Service Road,,False,False,True,False,False
NHAI_AP_GIDDALUR_VINUKONDA,NHAI_Giddalur_Vinukonda_NH544D.pdf,208,12048,AP_BR_OSM_W851518401,Service Road,,False,False,True,False,False
NHAI_AP_GIDDALUR_VINUKONDA,NHAI_Giddalur_Vinukonda_NH544D.pdf,208,12158,AP_BR_OSM_W852274598,Service Road,,False,False,True,False,False
NHAI_AP_GIDDALUR_VINUKONDA,NHAI_Giddalur_Vinukonda_NH544D.pdf,208,12205,AP_BR_OSM_W852304662,Service Road,,False,False,True,False,False
NHAI_AP_GIDDALUR_VINUKONDA,NHAI_Giddalur_Vinukonda_NH544D.pdf,208,12206,AP_BR_OSM_W852304667,Service Road,,False,False,True,False,False
NHAI_AP_GIDDALUR_VINUKONDA,NHAI_Giddalur_Vinukonda_NH544D.pdf,208,12207,AP_BR_OSM_W852304670,Service Road,,False,False,True,False,False
NHAI_AP_GIDDALUR_VINUKONDA,NHAI_Giddalur_Vinukonda_NH544D.pdf,208,12786,AP_BR_OSM_W854500413,Service Road,,False,False,True,False,False
NHAI_AP_GIDDALUR_VINUKONDA,NHAI_Giddalur_Vinukonda_NH544D.pdf,208,12789,AP_BR_OSM_W854500419,Service Road,,False,False,True,False,False
NHAI_AP_GIDDALUR_VINUKONDA,NHAI_Giddalur_Vinukonda_NH544D.pdf,208,12790,AP_BR_OSM_W854500422,Service Road,,False,False,True,False,False
NHAI_AP_GIDDALUR_VINUKONDA,NHAI_Giddalur_Vinukonda_NH544D.pdf,208,12793,AP_BR_OSM_W854500428,Service Road,,False,False,True,False,False
NHAI_AP_GIDDALUR_VINUKONDA,NHAI_Giddalur_Vinukonda_NH544D.pdf,208,12794,AP_BR_OSM_W854500429,Service Road,,False,False,True,False,False
NHAI_AP_GIDDALUR_VINUKONDA,NHAI_Giddalur_Vinukonda_NH544D.pdf,208,12797,AP_BR_OSM_W854500435,Service Road,,False,False,True,False,False
NHAI_AP_GIDDALUR_VINUKONDA,NHAI_Giddalur_Vinukonda_NH544D.pdf,208,12836,AP_BR_OSM_W855374531,Service Road,,False,False,True,False,False
NHAI_AP_GIDDALUR_VINUKONDA,NHAI_Giddalur_Vinukonda_NH544D.pdf,208,12839,AP_BR_OSM_W855376825,Service Road,,False,False,True,False,False
NHAI_AP_GIDDALUR_VINUKONDA,NHAI_Giddalur_Vinukonda_NH544D.pdf,208,12840,AP_BR_OSM_W855376827,Service Road,,False,False,True,False,False
NHAI_AP_GIDDALUR_VINUKONDA,NHAI_Giddalur_Vinukonda_NH544D.pdf,209,14881,AP_BR_OSM_W1081167107,Service Road,,False,False,True,False,False
NHAI_AP_GIDDALUR_VINUKONDA,NHAI_Giddalur_Vinukonda_NH544D.pdf,209,14905,AP_BR_OSM_W1086848414,Service Road,,False,False,True,False,False
NHAI_AP_GIDDALUR_VINUKONDA,NHAI_Giddalur_Vinukonda_NH544D.pdf,209,14906,AP_BR_OSM_W1086848416,Service Road,,False,False,True,False,False
NHAI_AP_GIDDALUR_VINUKONDA,NHAI_Giddalur_Vinukonda_NH544D.pdf,209,14911,AP_BR_OSM_W1086848436,Service Road,,False,False,True,False,False
NHAI_AP_GIDDALUR_VINUKONDA,NHAI_Giddalur_Vinukonda_NH544D.pdf,209,14913,AP_BR_OSM_W1086848440,Service Road,,False,False,True,False,False
NHAI_AP_GIDDALUR_VINUKONDA,NHAI_Giddalur_Vinukonda_NH544D.pdf,209,14980,AP_BR_OSM_W1088411426,Service Road,,False,False,True,False,False
NHAI_AP_GIDDALUR_VINUKONDA,NHAI_Giddalur_Vinukonda_NH544D.pdf,209,14983,AP_BR_OSM_W1088411432,Service Road,,False,False,True,False,False
NHAI_AP_GIDDALUR_VINUKONDA,NHAI_Giddalur_Vinukonda_NH544D.pdf,209,14990,AP_BR_OSM_W1088411472,Service Road,,False,False,True,False,False
NHAI_AP_GIDDALUR_VINUKONDA,NHAI_Giddalur_Vinukonda_NH544D.pdf,209,14991,AP_BR_OSM_W1088411473,Service Road,,False,False,True,False,False
NHAI_AP_GIDDALUR_VINUKONDA,NHAI_Giddalur_Vinukonda_NH544D.pdf,209,14992,AP_BR_OSM_W1088411477,Service Road,,False,False,True,False,False
NHAI_AP_GIDDALUR_VINUKONDA,NHAI_Giddalur_Vinukonda_NH544D.pdf,209,14993,AP_BR_OSM_W1088411479,Service Road,,False,False,True,False,False
NHAI_AP_GIDDALUR_VINUKONDA,NHAI_Giddalur_Vinukonda_NH544D.pdf,209,14999,AP_BR_OSM_W1088426820,Service Road,,False,False,True,False,False
NHAI_AP_GIDDALUR_VINUKONDA,NHAI_Giddalur_Vinukonda_NH544D.pdf,209,15000,AP_BR_OSM_W1088426833,Service Road,,False,False,True,False,False
NHAI_AP_GIDDALUR_VINUKONDA,NHAI_Giddalur_Vinukonda_NH544D.pdf,209,15001,AP_BR_OSM_W1088426835,Service Road,,False,False,True,False,False
NHAI_AP_GIDDALUR_VINUKONDA,NHAI_Giddalur_Vinukonda_NH544D.pdf,209,15026,AP_BR_OSM_W1088463022,Service Road,,False,False,True,False,False
NHAI_AP_GIDDALUR_VINUKONDA,NHAI_Giddalur_Vinukonda_NH544D.pdf,209,15027,AP_BR_OSM_W1088463024,Service Road,,False,False,True,False,False
NHAI_AP_GIDDALUR_VINUKONDA,NHAI_Giddalur_Vinukonda_NH544D.pdf,209,15055,AP_BR_OSM_W1089450070,Service Road,,False,False,True,False,False
NHAI_AP_GIDDALUR_VINUKONDA,NHAI_Giddalur_Vinukonda_NH544D.pdf,209,15058,AP_BR_OSM_W1089450073,Service Road,,False,False,True,False,False
NHAI_AP_GIDDALUR_VINUKONDA,NHAI_Giddalur_Vinukonda_NH544D.pdf,209,15059,AP_BR_OSM_W1089450078,Service Road,,False,False,True,False,False
NHAI_AP_GIDDALUR_VINUKONDA,NHAI_Giddalur_Vinukonda_NH544D.pdf,209,15062,AP_BR_OSM_W1089450081,Service Road,,False,False,True,False,False
NHAI_AP_GIDDALUR_VINUKONDA,NHAI_Giddalur_Vinukonda_NH544D.pdf,209,15147,AP_BR_OSM_W1120249872,Service Road,,False,False,True,False,False
NHAI_AP_GIDDALUR_VINUKONDA,NHAI_Giddalur_Vinukonda_NH544D.pdf,209,15215,AP_BR_OSM_W1155071501,Service Road,,False,False,True,False,False
NHAI_AP_GIDDALUR_VINUKONDA,NHAI_Giddalur_Vinukonda_NH544D.pdf,209,15216,AP_BR_OSM_W1155071503,Service Road,,False,False,True,False,False
NHAI_AP_GIDDALUR_VINUKONDA,NHAI_Giddalur_Vinukonda_NH544D.pdf,209,15451,AP_BR_OSM_W1191649245,Service Road,,False,False,True,False,False
NHAI_AP_GIDDALUR_VINUKONDA,NHAI_Giddalur_Vinukonda_NH544D.pdf,209,15648,AP_BR_OSM_W1225609297,Service Road,,False,False,True,False,False
NHAI_AP_GIDDALUR_VINUKONDA,NHAI_Giddalur_Vinukonda_NH544D.pdf,209,15700,AP_BR_OSM_W1232731403,Service Road,,False,False,True,False,False
NHAI_AP_GIDDALUR_VINUKONDA,NHAI_Giddalur_Vinukonda_NH544D.pdf,209,15703,AP_BR_OSM_W1232731423,Service Road,,False,False,True,False,False
NHAI_AP_GIDDALUR_VINUKONDA,NHAI_Giddalur_Vinukonda_NH544D.pdf,209,15745,AP_BR_OSM_W1237976449,Service Road,,False,False,True,False,False
NHAI_AP_GIDDALUR_VINUKONDA,NHAI_Giddalur_Vinukonda_NH544D.pdf,209,15757,AP_BR_OSM_W1237978378,Service Road,,False,False,True,False,False
NHAI_AP_GIDDALUR_VINUKONDA,NHAI_Giddalur_Vinukonda_NH544D.pdf,209,15761,AP_BR_OSM_W1237978510,Service Road,,False,False,True,False,False
NHAI_AP_GIDDALUR_VINUKONDA,NHAI_Giddalur_Vinukonda_NH544D.pdf,209,15763,AP_BR_OSM_W1237978514,Service Road,,False,False,True,False,False
NHAI_AP_GIDDALUR_VINUKONDA,NHAI_Giddalur_Vinukonda_NH544D.pdf,209,15774,AP_BR_OSM_W1237979758,Service Road,,False,False,True,False,False
NHAI_AP_GIDDALUR_VINUKONDA,NHAI_Giddalur_Vinukonda_NH544D.pdf,209,15776,AP_BR_OSM_W1237979762,Service Road,,False,False,True,False,False
NHAI_AP_GIDDALUR_VINUKONDA,NHAI_Giddalur_Vinukonda_NH544D.pdf,209,15992,AP_BR_OSM_W1243542316,Service Road,,False,False,True,False,False
NHAI_AP_GIDDALUR_VINUKONDA,NHAI_Giddalur_Vinukonda_NH544D.pdf,209,15995,AP_BR_OSM_W1243542321,Service Road,,False,False,True,False,False
NHAI_AP_GIDDALUR_VINUKONDA,NHAI_Giddalur_Vinukonda_NH544D.pdf,209,16013,AP_BR_OSM_W1245312598,Service Road,,False,False,True,False,False
NHAI_AP_GIDDALUR_VINUKONDA,NHAI_Giddalur_Vinukonda_NH544D.pdf,209,16014,AP_BR_OSM_W1245312599,Service Road,,False,False,True,False,False
NHAI_AP_GIDDALUR_VINUKONDA,NHAI_Giddalur_Vinukonda_NH544D.pdf,209,16681,AP_BR_OSM_W1273875767,Service Road,,False,False,True,False,False
NHAI_AP_GIDDALUR_VINUKONDA,NHAI_Giddalur_Vinukonda_NH544D.pdf,209,16682,AP_BR_OSM_W1273875769,Service Road,,False,False,True,False,False
NHAI_AP_GIDDALUR_VINUKONDA,NHAI_Giddalur_Vinukonda_NH544D.pdf,209,16684,AP_BR_OSM_W1273875773,Service Road,,False,False,True,False,False
NHAI_AP_GIDDALUR_VINUKONDA,NHAI_Giddalur_Vinukonda_NH544D.pdf,209,16685,AP_BR_OSM_W1273875775,Service Road,,False,False,True,False,False
NHAI_AP_GIDDALUR_VINUKONDA,NHAI_Giddalur_Vinukonda_NH544D.pdf,209,16690,AP_BR_OSM_W1273875815,Service Road,,False,False,True,False,False
NHAI_AP_GIDDALUR_VINUKONDA,NHAI_Giddalur_Vinukonda_NH544D.pdf,209,16691,AP_BR_OSM_W1273875817,Service Road,,False,False,True,False,False
NHAI_AP_GIDDALUR_VINUKONDA,NHAI_Giddalur_Vinukonda_NH544D.pdf,209,16708,AP_BR_OSM_W1273875869,Service Road,,False,False,True,False,False
NHAI_AP_GIDDALUR_VINUKONDA,NHAI_Giddalur_Vinukonda_NH544D.pdf,209,16711,AP_BR_OSM_W1273875875,Service Road,,False,False,True,False,False
NHAI_AP_GIDDALUR_VINUKONDA,NHAI_Giddalur_Vinukonda_NH544D.pdf,209,16712,AP_BR_OSM_W1273875877,Service Road,,False,False,True,False,False
NHAI_AP_GIDDALUR_VINUKONDA,NHAI_Giddalur_Vinukonda_NH544D.pdf,209,17429,AP_BR_OSM_W1306892617,Service Road,,False,False,True,False,False
NHAI_AP_GIDDALUR_VINUKONDA,NHAI_Giddalur_Vinukonda_NH544D.pdf,209,17432,AP_BR_OSM_W1306892623,Service Road,,False,False,True,False,False
NHAI_AP_GIDDALUR_VINUKONDA,NHAI_Giddalur_Vinukonda_NH544D.pdf,209,17849,AP_BR_OSM_W1324235692,Service Road,,False,False,True,False,False
NHAI_AP_GIDDALUR_VINUKONDA,NHAI_Giddalur_Vinukonda_NH544D.pdf,209,18022,AP_BR_OSM_W1329295334,Service Road,,False,False,True,False,False
NHAI_AP_GIDDALUR_VINUKONDA,NHAI_Giddalur_Vinukonda_NH544D.pdf,209,18025,AP_BR_OSM_W1329295340,Service Road,,False,False,True,False,False
NHAI_AP_GIDDALUR_VINUKONDA,NHAI_Giddalur_Vinukonda_NH544D.pdf,209,18788,AP_BR_OSM_W1362529455,Service Road,,False,False,True,False,False
NHAI_AP_GIDDALUR_VINUKONDA,NHAI_Giddalur_Vinukonda_NH544D.pdf,209,18789,AP_BR_OSM_W1362529457,Service Road,,False,False,True,False,False
NHAI_AP_GIDDALUR_VINUKONDA,NHAI_Giddalur_Vinukonda_NH544D.pdf,209,18821,AP_BR_OSM_W1367602016,Service Road,,False,False,True,False,False
NHAI_AP_GIDDALUR_VINUKONDA,NHAI_Giddalur_Vinukonda_NH544D.pdf,209,18878,AP_BR_OSM_W1384358138,Service Road,,False,False,True,False,False
NHAI_AP_GIDDALUR_VINUKONDA,NHAI_Giddalur_Vinukonda_NH544D.pdf,209,21538,AP_BR_OSM_W1451125171,Service Road,,False,False,True,False,False
NHAI_AP_GIDDALUR_VINUKONDA,NHAI_Giddalur_Vinukonda_NH544D.pdf,209,21997,AP_BR_OSM_W1463702254,Service Road,,False,False,True,False,False
NHAI_AP_GIDDALUR_VINUKONDA,NHAI_Giddalur_Vinukonda_NH544D.pdf,209,21998,AP_BR_OSM_W1463702255,Service Road,,False,False,True,False,False
NHAI_AP_GIDDALUR_VINUKONDA,NHAI_Giddalur_Vinukonda_NH544D.pdf,209,22040,AP_BR_OSM_W1467110239,Service Road,,False,False,True,False,False
NHAI_AP_GIDDALUR_VINUKONDA,NHAI_Giddalur_Vinukonda_NH544D.pdf,209,22094,AP_BR_OSM_W1470248110,Service Road,,False,False,True,False,False
NHAI_AP_GIDDALUR_VINUKONDA,NHAI_Giddalur_Vinukonda_NH544D.pdf,209,22095,AP_BR_OSM_W1470248112,Service Road,,False,False,True,False,False
NHAI_AP_GIDDALUR_VINUKONDA,NHAI_Giddalur_Vinukonda_NH544D.pdf,209,22096,AP_BR_OSM_W1470248115,Service Road,,False,False,True,False,False
NHAI_AP_GIDDALUR_VINUKONDA,NHAI_Giddalur_Vinukonda_NH544D.pdf,209,22097,AP_BR_OSM_W1470248117,Service Road,,False,False,True,False,False
NHAI_AP_GIDDALUR_VINUKONDA,NHAI_Giddalur_Vinukonda_NH544D.pdf,209,22098,AP_BR_OSM_W1470254032,Service Road,,False,False,True,False,False
NHAI_AP_GIDDALUR_VINUKONDA,NHAI_Giddalur_Vinukonda_NH544D.pdf,209,22099,AP_BR_OSM_W1470254034,Service Road,,False,False,True,False,False
NHAI_AP_GIDDALUR_VINUKONDA,NHAI_Giddalur_Vinukonda_NH544D.pdf,209,22100,AP_BR_OSM_W1470254037,Service Road,,False,False,True,False,False
NHAI_AP_GIDDALUR_VINUKONDA,NHAI_Giddalur_Vinukonda_NH544D.pdf,209,22101,AP_BR_OSM_W1470254039,Service Road,,False,False,True,False,False
NHAI_AP_GIDDALUR_VINUKONDA,NHAI_Giddalur_Vinukonda_NH544D.pdf,209,22102,AP_BR_OSM_W1470254042,Service Road,,False,False,True,False,False
NHAI_AP_GIDDALUR_VINUKONDA,NHAI_Giddalur_Vinukonda_NH544D.pdf,209,22103,AP_BR_OSM_W1470254595,Service Road,,False,False,True,False,False
NHAI_AP_GIDDALUR_VINUKONDA,NHAI_Giddalur_Vinukonda_NH544D.pdf,209,22104,AP_BR_OSM_W1470254597,Service Road,,False,False,True,False,False
NHAI_AP_GIDDALUR_VINUKONDA,NHAI_Giddalur_Vinukonda_NH544D.pdf,209,22304,AP_BR_OSM_W1492140167,Service Road,,False,False,True,False,False
NHAI_AP_GIDDALUR_VINUKONDA,NHAI_Giddalur_Vinukonda_NH544D.pdf,209,22305,AP_BR_OSM_W1492140169,Service Road,,False,False,True,False,False
NHAI_AP_GIDDALUR_VINUKONDA,NHAI_Giddalur_Vinukonda_NH544D.pdf,209,22362,AP_BR_OSM_W1498208935,Service Road,,False,False,True,False,False
NHAI_AP_GIDDALUR_VINUKONDA,NHAI_Giddalur_Vinukonda_NH544D.pdf,209,22365,AP_BR_OSM_W1498208941,Service Road,,False,False,True,False,False
NHAI_AP_GIDDALUR_VINUKONDA,NHAI_Giddalur_Vinukonda_NH544D.pdf,209,22376,AP_BR_OSM_W1498244122,Service Road,,False,False,True,False,False
NHAI_AP_GIDDALUR_VINUKONDA,NHAI_Giddalur_Vinukonda_NH544D.pdf,209,22505,AP_BR_OSM_W1509394849,Service Road,,False,False,True,False,False
NHAI_AP_GIDDALUR_VINUKONDA,NHAI_Giddalur_Vinukonda_NH544D.pdf,209,22506,AP_BR_OSM_W1509394850,Service Road,,False,False,True,False,False
NHAI_AP_GIDDALUR_VINUKONDA,NHAI_Giddalur_Vinukonda_NH544D.pdf,209,22563,AP_BR_OSM_W1513126572,Service Road,,False,False,True,False,False
NHAI_AP_GIDDALUR_VINUKONDA,NHAI_Giddalur_Vinukonda_NH544D.pdf,209,22564,AP_BR_OSM_W1513126574,Service Road,,False,False,True,False,False
NHAI_AP_GIDDALUR_VINUKONDA,NHAI_Giddalur_Vinukonda_NH544D.pdf,209,22575,AP_BR_OSM_W1513577126,Service Road,,False,False,True,False,False
NHAI_AP_GIDDALUR_VINUKONDA,NHAI_Giddalur_Vinukonda_NH544D.pdf,209,22704,AP_BR_OSM_W1523945375,Service Road,,False,False,True,False,False
NHAI_AP_GIDDALUR_VINUKONDA,NHAI_Giddalur_Vinukonda_NH544D.pdf,209,22705,AP_BR_OSM_W1523945376,Service Road,,False,False,True,False,False
NHAI_AP_GIDDALUR_VINUKONDA,NHAI_Giddalur_Vinukonda_NH544D.pdf,209,22719,AP_BR_OSM_W1524280480,Service Road,,False,False,True,False,False
NHAI_AP_GIDDALUR_VINUKONDA,NHAI_Giddalur_Vinukonda_NH544D.pdf,209,22749,AP_BR_OSM_W1526081025,Service Road,,False,False,True,False,False
NHAI_AP_GIDDALUR_VINUKONDA,NHAI_Giddalur_Vinukonda_NH544D.pdf,209,23069,AP_BR_OSM_W1534018757,Service Road,,False,False,True,False,False
NHAI_AP_GIDDALUR_VINUKONDA,NHAI_Giddalur_Vinukonda_NH544D.pdf,209,23070,AP_BR_OSM_W1534018759,Service Road,,False,False,True,False,False
NHAI_AP_GIDDALUR_VINUKONDA,NHAI_Giddalur_Vinukonda_NH544D.pdf,209,23139,AP_BR_OSM_W1540667922,Service Road,,False,False,True,False,False
NHAI_AP_GIDDALUR_VINUKONDA,NHAI_Giddalur_Vinukonda_NH544D.pdf,209,23186,AP_BR_OSM_W1544023678,Service Road,,False,False,True,False,False
NHAI_AP_GIDDALUR_VINUKONDA,NHAI_Giddalur_Vinukonda_NH544D.pdf,209,23187,AP_BR_OSM_W1544023680,Service Road,,False,False,True,False,False
NHAI_AP_GIDDALUR_VINUKONDA,NHAI_Giddalur_Vinukonda_NH544D.pdf,209,23222,AP_BR_OSM_W1546593842,Service Road,,False,False,True,False,False
NHAI_AP_GIDDALUR_VINUKONDA,NHAI_Giddalur_Vinukonda_NH544D.pdf,209,23223,AP_BR_OSM_W1546593845,Service Road,,False,False,True,False,False
NHAI_AP_GIDDALUR_VINUKONDA,NHAI_Giddalur_Vinukonda_NH544D.pdf,209,2414,AP_BR_OSM_W480403927,Service Road,,False,False,True,False,False
NHAI_AP_GIDDALUR_VINUKONDA,NHAI_Giddalur_Vinukonda_NH544D.pdf,209,2415,AP_BR_OSM_W480403929,Service Road,,False,False,True,False,False
NHAI_AP_GIDDALUR_VINUKONDA,NHAI_Giddalur_Vinukonda_NH544D.pdf,209,4561,AP_BR_OSM_W673858216,Service Road,,False,False,True,False,False
NHAI_AP_GIDDALUR_VINUKONDA,NHAI_Giddalur_Vinukonda_NH544D.pdf,209,4564,AP_BR_OSM_W673858223,Service Road,,False,False,True,False,False
NHAI_AP_GIDDALUR_VINUKONDA,NHAI_Giddalur_Vinukonda_NH544D.pdf,209,6997,AP_BR_OSM_W826596384,Service Road,,False,False,True,False,False
NHAI_AP_GIDDALUR_VINUKONDA,NHAI_Giddalur_Vinukonda_NH544D.pdf,209,6998,AP_BR_OSM_W826596386,Service Road,,False,False,True,False,False
NHAI_AP_GIDDALUR_VINUKONDA,NHAI_Giddalur_Vinukonda_NH544D.pdf,209,7004,AP_BR_OSM_W826596400,Service Road,,False,False,True,False,False
NHAI_AP_GIDDALUR_VINUKONDA,NHAI_Giddalur_Vinukonda_NH544D.pdf,209,7005,AP_BR_OSM_W826596402,Service Road,,False,False,True,False,False
NHAI_AP_GIDDALUR_VINUKONDA,NHAI_Giddalur_Vinukonda_NH544D.pdf,209,7011,AP_BR_OSM_W826596413,Service Road,,False,False,True,False,False
NHAI_AP_GIDDALUR_VINUKONDA,NHAI_Giddalur_Vinukonda_NH544D.pdf,209,7012,AP_BR_OSM_W826596416,Service Road,,False,False,True,False,False
NHAI_AP_GIDDALUR_VINUKONDA,NHAI_Giddalur_Vinukonda_NH544D.pdf,209,7017,AP_BR_OSM_W826596424,Service Road,,False,False,True,False,False
NHAI_AP_GIDDALUR_VINUKONDA,NHAI_Giddalur_Vinukonda_NH544D.pdf,209,7020,AP_BR_OSM_W826596430,Service Road,,False,False,True,False,False
NHAI_AP_GIDDALUR_VINUKONDA,NHAI_Giddalur_Vinukonda_NH544D.pdf,209,7025,AP_BR_OSM_W826596440,Service Road,,False,False,True,False,False
NHAI_AP_GIDDALUR_VINUKONDA,NHAI_Giddalur_Vinukonda_NH544D.pdf,209,7026,AP_BR_OSM_W826596442,Service Road,,False,False,True,False,False
NHAI_AP_GIDDALUR_VINUKONDA,NHAI_Giddalur_Vinukonda_NH544D.pdf,209,7029,AP_BR_OSM_W826596445,Service Road,,False,False,True,False,False
NHAI_AP_GIDDALUR_VINUKONDA,NHAI_Giddalur_Vinukonda_NH544D.pdf,209,7030,AP_BR_OSM_W826596449,Service Road,,False,False,True,False,False
NHAI_AP_GIDDALUR_VINUKONDA,NHAI_Giddalur_Vinukonda_NH544D.pdf,209,7033,AP_BR_OSM_W826596455,Service Road,,False,False,True,False,False
NHAI_AP_GIDDALUR_VINUKONDA,NHAI_Giddalur_Vinukonda_NH544D.pdf,209,7034,AP_BR_OSM_W826596458,Service Road,,False,False,True,False,False
NHAI_AP_GIDDALUR_VINUKONDA,NHAI_Giddalur_Vinukonda_NH544D.pdf,209,7037,AP_BR_OSM_W826596464,Service Road,,False,False,True,False,False
NHAI_AP_GIDDALUR_VINUKONDA,NHAI_Giddalur_Vinukonda_NH544D.pdf,209,7038,AP_BR_OSM_W826596466,Service Road,,False,False,True,False,False
NHAI_AP_GIDDALUR_VINUKONDA,NHAI_Giddalur_Vinukonda_NH544D.pdf,209,7053,AP_BR_OSM_W826596490,Service Road,,False,False,True,False,False
NHAI_AP_GIDDALUR_VINUKONDA,NHAI_Giddalur_Vinukonda_NH544D.pdf,209,7056,AP_BR_OSM_W826596496,Service Road,,False,False,True,False,False
NHAI_AP_GIDDALUR_VINUKONDA,NHAI_Giddalur_Vinukonda_NH544D.pdf,209,8126,AP_BR_OSM_W839529008,Service Road,,False,False,True,False,False
NHAI_AP_GIDDALUR_VINUKONDA,NHAI_Giddalur_Vinukonda_NH544D.pdf,209,8530,AP_BR_OSM_W843783103,Service Road,,False,False,True,False,False
NHAI_AP_GIDDALUR_VINUKONDA,NHAI_Giddalur_Vinukonda_NH544D.pdf,209,8531,AP_BR_OSM_W843783106,Service Road,,False,False,True,False,False
NHAI_AP_GIDDALUR_VINUKONDA,NHAI_Giddalur_Vinukonda_NH544D.pdf,209,9150,AP_BR_OSM_W845261050,Service Road,,False,False,True,False,False
NHAI_AP_GIDDALUR_VINUKONDA,NHAI_Giddalur_Vinukonda_NH544D.pdf,209,12029,AP_BR_OSM_W851480115,Service Road,,False,False,True,False,False
NHAI_AP_GIDDALUR_VINUKONDA,NHAI_Giddalur_Vinukonda_NH544D.pdf,209,12048,AP_BR_OSM_W851518401,Service Road,,False,False,True,False,False
NHAI_AP_GIDDALUR_VINUKONDA,NHAI_Giddalur_Vinukonda_NH544D.pdf,209,12158,AP_BR_OSM_W852274598,Service Road,,False,False,True,False,False
NHAI_AP_GIDDALUR_VINUKONDA,NHAI_Giddalur_Vinukonda_NH544D.pdf,209,12205,AP_BR_OSM_W852304662,Service Road,,False,False,True,False,False
NHAI_AP_GIDDALUR_VINUKONDA,NHAI_Giddalur_Vinukonda_NH544D.pdf,209,12206,AP_BR_OSM_W852304667,Service Road,,False,False,True,False,False
NHAI_AP_GIDDALUR_VINUKONDA,NHAI_Giddalur_Vinukonda_NH544D.pdf,209,12207,AP_BR_OSM_W852304670,Service Road,,False,False,True,False,False
NHAI_AP_GIDDALUR_VINUKONDA,NHAI_Giddalur_Vinukonda_NH544D.pdf,209,12786,AP_BR_OSM_W854500413,Service Road,,False,False,True,False,False
NHAI_AP_GIDDALUR_VINUKONDA,NHAI_Giddalur_Vinukonda_NH544D.pdf,209,12789,AP_BR_OSM_W854500419,Service Road,,False,False,True,False,False
NHAI_AP_GIDDALUR_VINUKONDA,NHAI_Giddalur_Vinukonda_NH544D.pdf,209,12790,AP_BR_OSM_W854500422,Service Road,,False,False,True,False,False
NHAI_AP_GIDDALUR_VINUKONDA,NHAI_Giddalur_Vinukonda_NH544D.pdf,209,12793,AP_BR_OSM_W854500428,Service Road,,False,False,True,False,False
NHAI_AP_GIDDALUR_VINUKONDA,NHAI_Giddalur_Vinukonda_NH544D.pdf,209,12794,AP_BR_OSM_W854500429,Service Road,,False,False,True,False,False
NHAI_AP_GIDDALUR_VINUKONDA,NHAI_Giddalur_Vinukonda_NH544D.pdf,209,12797,AP_BR_OSM_W854500435,Service Road,,False,False,True,False,False
NHAI_AP_GIDDALUR_VINUKONDA,NHAI_Giddalur_Vinukonda_NH544D.pdf,209,12836,AP_BR_OSM_W855374531,Service Road,,False,False,True,False,False
NHAI_AP_GIDDALUR_VINUKONDA,NHAI_Giddalur_Vinukonda_NH544D.pdf,209,12839,AP_BR_OSM_W855376825,Service Road,,False,False,True,False,False
NHAI_AP_GIDDALUR_VINUKONDA,NHAI_Giddalur_Vinukonda_NH544D.pdf,209,12840,AP_BR_OSM_W855376827,Service Road,,False,False,True,False,False
NHAI_AP_GIDDALUR_VINUKONDA,NHAI_Giddalur_Vinukonda_NH544D.pdf,217,14881,AP_BR_OSM_W1081167107,Service Road,,False,False,True,False,False
NHAI_AP_GIDDALUR_VINUKONDA,NHAI_Giddalur_Vinukonda_NH544D.pdf,217,14905,AP_BR_OSM_W1086848414,Service Road,,False,False,True,False,False
NHAI_AP_GIDDALUR_VINUKONDA,NHAI_Giddalur_Vinukonda_NH544D.pdf,217,14906,AP_BR_OSM_W1086848416,Service Road,,False,False,True,False,False
NHAI_AP_GIDDALUR_VINUKONDA,NHAI_Giddalur_Vinukonda_NH544D.pdf,217,14911,AP_BR_OSM_W1086848436,Service Road,,False,False,True,False,False
NHAI_AP_GIDDALUR_VINUKONDA,NHAI_Giddalur_Vinukonda_NH544D.pdf,217,14913,AP_BR_OSM_W1086848440,Service Road,,False,False,True,False,False
NHAI_AP_GIDDALUR_VINUKONDA,NHAI_Giddalur_Vinukonda_NH544D.pdf,217,14980,AP_BR_OSM_W1088411426,Service Road,,False,False,True,False,False
NHAI_AP_GIDDALUR_VINUKONDA,NHAI_Giddalur_Vinukonda_NH544D.pdf,217,14983,AP_BR_OSM_W1088411432,Service Road,,False,False,True,False,False
NHAI_AP_GIDDALUR_VINUKONDA,NHAI_Giddalur_Vinukonda_NH544D.pdf,217,14990,AP_BR_OSM_W1088411472,Service Road,,False,False,True,False,False
NHAI_AP_GIDDALUR_VINUKONDA,NHAI_Giddalur_Vinukonda_NH544D.pdf,217,14991,AP_BR_OSM_W1088411473,Service Road,,False,False,True,False,False
NHAI_AP_GIDDALUR_VINUKONDA,NHAI_Giddalur_Vinukonda_NH544D.pdf,217,14992,AP_BR_OSM_W1088411477,Service Road,,False,False,True,False,False
NHAI_AP_GIDDALUR_VINUKONDA,NHAI_Giddalur_Vinukonda_NH544D.pdf,217,14993,AP_BR_OSM_W1088411479,Service Road,,False,False,True,False,False
NHAI_AP_GIDDALUR_VINUKONDA,NHAI_Giddalur_Vinukonda_NH544D.pdf,217,14999,AP_BR_OSM_W1088426820,Service Road,,False,False,True,False,False
NHAI_AP_GIDDALUR_VINUKONDA,NHAI_Giddalur_Vinukonda_NH544D.pdf,217,15000,AP_BR_OSM_W1088426833,Service Road,,False,False,True,False,False
NHAI_AP_GIDDALUR_VINUKONDA,NHAI_Giddalur_Vinukonda_NH544D.pdf,217,15001,AP_BR_OSM_W1088426835,Service Road,,False,False,True,False,False
NHAI_AP_GIDDALUR_VINUKONDA,NHAI_Giddalur_Vinukonda_NH544D.pdf,217,15026,AP_BR_OSM_W1088463022,Service Road,,False,False,True,False,False
NHAI_AP_GIDDALUR_VINUKONDA,NHAI_Giddalur_Vinukonda_NH544D.pdf,217,15027,AP_BR_OSM_W1088463024,Service Road,,False,False,True,False,False
NHAI_AP_GIDDALUR_VINUKONDA,NHAI_Giddalur_Vinukonda_NH544D.pdf,217,15055,AP_BR_OSM_W1089450070,Service Road,,False,False,True,False,False
NHAI_AP_GIDDALUR_VINUKONDA,NHAI_Giddalur_Vinukonda_NH544D.pdf,217,15058,AP_BR_OSM_W1089450073,Service Road,,False,False,True,False,False
NHAI_AP_GIDDALUR_VINUKONDA,NHAI_Giddalur_Vinukonda_NH544D.pdf,217,15059,AP_BR_OSM_W1089450078,Service Road,,False,False,True,False,False
NHAI_AP_GIDDALUR_VINUKONDA,NHAI_Giddalur_Vinukonda_NH544D.pdf,217,15062,AP_BR_OSM_W1089450081,Service Road,,False,False,True,False,False
NHAI_AP_GIDDALUR_VINUKONDA,NHAI_Giddalur_Vinukonda_NH544D.pdf,217,15147,AP_BR_OSM_W1120249872,Service Road,,False,False,True,False,False
NHAI_AP_GIDDALUR_VINUKONDA,NHAI_Giddalur_Vinukonda_NH544D.pdf,217,15215,AP_BR_OSM_W1155071501,Service Road,,False,False,True,False,False
NHAI_AP_GIDDALUR_VINUKONDA,NHAI_Giddalur_Vinukonda_NH544D.pdf,217,15216,AP_BR_OSM_W1155071503,Service Road,,False,False,True,False,False
NHAI_AP_GIDDALUR_VINUKONDA,NHAI_Giddalur_Vinukonda_NH544D.pdf,217,15451,AP_BR_OSM_W1191649245,Service Road,,False,False,True,False,False
NHAI_AP_GIDDALUR_VINUKONDA,NHAI_Giddalur_Vinukonda_NH544D.pdf,217,15648,AP_BR_OSM_W1225609297,Service Road,,False,False,True,False,False
NHAI_AP_GIDDALUR_VINUKONDA,NHAI_Giddalur_Vinukonda_NH544D.pdf,217,15700,AP_BR_OSM_W1232731403,Service Road,,False,False,True,False,False
NHAI_AP_GIDDALUR_VINUKONDA,NHAI_Giddalur_Vinukonda_NH544D.pdf,217,15703,AP_BR_OSM_W1232731423,Service Road,,False,False,True,False,False
NHAI_AP_GIDDALUR_VINUKONDA,NHAI_Giddalur_Vinukonda_NH544D.pdf,217,15745,AP_BR_OSM_W1237976449,Service Road,,False,False,True,False,False
NHAI_AP_GIDDALUR_VINUKONDA,NHAI_Giddalur_Vinukonda_NH544D.pdf,217,15757,AP_BR_OSM_W1237978378,Service Road,,False,False,True,False,False
NHAI_AP_GIDDALUR_VINUKONDA,NHAI_Giddalur_Vinukonda_NH544D.pdf,217,15761,AP_BR_OSM_W1237978510,Service Road,,False,False,True,False,False
NHAI_AP_GIDDALUR_VINUKONDA,NHAI_Giddalur_Vinukonda_NH544D.pdf,217,15763,AP_BR_OSM_W1237978514,Service Road,,False,False,True,False,False
NHAI_AP_GIDDALUR_VINUKONDA,NHAI_Giddalur_Vinukonda_NH544D.pdf,217,15774,AP_BR_OSM_W1237979758,Service Road,,False,False,True,False,False
NHAI_AP_GIDDALUR_VINUKONDA,NHAI_Giddalur_Vinukonda_NH544D.pdf,217,15776,AP_BR_OSM_W1237979762,Service Road,,False,False,True,False,False
NHAI_AP_GIDDALUR_VINUKONDA,NHAI_Giddalur_Vinukonda_NH544D.pdf,217,15992,AP_BR_OSM_W1243542316,Service Road,,False,False,True,False,False
NHAI_AP_GIDDALUR_VINUKONDA,NHAI_Giddalur_Vinukonda_NH544D.pdf,217,15995,AP_BR_OSM_W1243542321,Service Road,,False,False,True,False,False
NHAI_AP_GIDDALUR_VINUKONDA,NHAI_Giddalur_Vinukonda_NH544D.pdf,217,16013,AP_BR_OSM_W1245312598,Service Road,,False,False,True,False,False
NHAI_AP_GIDDALUR_VINUKONDA,NHAI_Giddalur_Vinukonda_NH544D.pdf,217,16014,AP_BR_OSM_W1245312599,Service Road,,False,False,True,False,False
NHAI_AP_GIDDALUR_VINUKONDA,NHAI_Giddalur_Vinukonda_NH544D.pdf,217,16681,AP_BR_OSM_W1273875767,Service Road,,False,False,True,False,False
NHAI_AP_GIDDALUR_VINUKONDA,NHAI_Giddalur_Vinukonda_NH544D.pdf,217,16682,AP_BR_OSM_W1273875769,Service Road,,False,False,True,False,False
NHAI_AP_GIDDALUR_VINUKONDA,NHAI_Giddalur_Vinukonda_NH544D.pdf,217,16684,AP_BR_OSM_W1273875773,Service Road,,False,False,True,False,False
NHAI_AP_GIDDALUR_VINUKONDA,NHAI_Giddalur_Vinukonda_NH544D.pdf,217,16685,AP_BR_OSM_W1273875775,Service Road,,False,False,True,False,False
NHAI_AP_GIDDALUR_VINUKONDA,NHAI_Giddalur_Vinukonda_NH544D.pdf,217,16690,AP_BR_OSM_W1273875815,Service Road,,False,False,True,False,False
NHAI_AP_GIDDALUR_VINUKONDA,NHAI_Giddalur_Vinukonda_NH544D.pdf,217,16691,AP_BR_OSM_W1273875817,Service Road,,False,False,True,False,False
NHAI_AP_GIDDALUR_VINUKONDA,NHAI_Giddalur_Vinukonda_NH544D.pdf,217,16708,AP_BR_OSM_W1273875869,Service Road,,False,False,True,False,False
NHAI_AP_GIDDALUR_VINUKONDA,NHAI_Giddalur_Vinukonda_NH544D.pdf,217,16711,AP_BR_OSM_W1273875875,Service Road,,False,False,True,False,False
NHAI_AP_GIDDALUR_VINUKONDA,NHAI_Giddalur_Vinukonda_NH544D.pdf,217,16712,AP_BR_OSM_W1273875877,Service Road,,False,False,True,False,False
NHAI_AP_GIDDALUR_VINUKONDA,NHAI_Giddalur_Vinukonda_NH544D.pdf,217,17429,AP_BR_OSM_W1306892617,Service Road,,False,False,True,False,False
NHAI_AP_GIDDALUR_VINUKONDA,NHAI_Giddalur_Vinukonda_NH544D.pdf,217,17432,AP_BR_OSM_W1306892623,Service Road,,False,False,True,False,False
NHAI_AP_GIDDALUR_VINUKONDA,NHAI_Giddalur_Vinukonda_NH544D.pdf,217,17849,AP_BR_OSM_W1324235692,Service Road,,False,False,True,False,False
NHAI_AP_GIDDALUR_VINUKONDA,NHAI_Giddalur_Vinukonda_NH544D.pdf,217,18022,AP_BR_OSM_W1329295334,Service Road,,False,False,True,False,False
NHAI_AP_GIDDALUR_VINUKONDA,NHAI_Giddalur_Vinukonda_NH544D.pdf,217,18025,AP_BR_OSM_W1329295340,Service Road,,False,False,True,False,False
NHAI_AP_GIDDALUR_VINUKONDA,NHAI_Giddalur_Vinukonda_NH544D.pdf,217,18788,AP_BR_OSM_W1362529455,Service Road,,False,False,True,False,False
NHAI_AP_GIDDALUR_VINUKONDA,NHAI_Giddalur_Vinukonda_NH544D.pdf,217,18789,AP_BR_OSM_W1362529457,Service Road,,False,False,True,False,False
NHAI_AP_GIDDALUR_VINUKONDA,NHAI_Giddalur_Vinukonda_NH544D.pdf,217,18821,AP_BR_OSM_W1367602016,Service Road,,False,False,True,False,False
NHAI_AP_GIDDALUR_VINUKONDA,NHAI_Giddalur_Vinukonda_NH544D.pdf,217,18878,AP_BR_OSM_W1384358138,Service Road,,False,False,True,False,False
NHAI_AP_GIDDALUR_VINUKONDA,NHAI_Giddalur_Vinukonda_NH544D.pdf,217,21538,AP_BR_OSM_W1451125171,Service Road,,False,False,True,False,False
NHAI_AP_GIDDALUR_VINUKONDA,NHAI_Giddalur_Vinukonda_NH544D.pdf,217,21997,AP_BR_OSM_W1463702254,Service Road,,False,False,True,False,False
NHAI_AP_GIDDALUR_VINUKONDA,NHAI_Giddalur_Vinukonda_NH544D.pdf,217,21998,AP_BR_OSM_W1463702255,Service Road,,False,False,True,False,False
NHAI_AP_GIDDALUR_VINUKONDA,NHAI_Giddalur_Vinukonda_NH544D.pdf,217,22040,AP_BR_OSM_W1467110239,Service Road,,False,False,True,False,False
NHAI_AP_GIDDALUR_VINUKONDA,NHAI_Giddalur_Vinukonda_NH544D.pdf,217,22094,AP_BR_OSM_W1470248110,Service Road,,False,False,True,False,False
NHAI_AP_GIDDALUR_VINUKONDA,NHAI_Giddalur_Vinukonda_NH544D.pdf,217,22095,AP_BR_OSM_W1470248112,Service Road,,False,False,True,False,False
NHAI_AP_GIDDALUR_VINUKONDA,NHAI_Giddalur_Vinukonda_NH544D.pdf,217,22096,AP_BR_OSM_W1470248115,Service Road,,False,False,True,False,False
NHAI_AP_GIDDALUR_VINUKONDA,NHAI_Giddalur_Vinukonda_NH544D.pdf,217,22097,AP_BR_OSM_W1470248117,Service Road,,False,False,True,False,False
NHAI_AP_GIDDALUR_VINUKONDA,NHAI_Giddalur_Vinukonda_NH544D.pdf,217,22098,AP_BR_OSM_W1470254032,Service Road,,False,False,True,False,False
NHAI_AP_GIDDALUR_VINUKONDA,NHAI_Giddalur_Vinukonda_NH544D.pdf,217,22099,AP_BR_OSM_W1470254034,Service Road,,False,False,True,False,False
NHAI_AP_GIDDALUR_VINUKONDA,NHAI_Giddalur_Vinukonda_NH544D.pdf,217,22100,AP_BR_OSM_W1470254037,Service Road,,False,False,True,False,False
NHAI_AP_GIDDALUR_VINUKONDA,NHAI_Giddalur_Vinukonda_NH544D.pdf,217,22101,AP_BR_OSM_W1470254039,Service Road,,False,False,True,False,False
NHAI_AP_GIDDALUR_VINUKONDA,NHAI_Giddalur_Vinukonda_NH544D.pdf,217,22102,AP_BR_OSM_W1470254042,Service Road,,False,False,True,False,False
NHAI_AP_GIDDALUR_VINUKONDA,NHAI_Giddalur_Vinukonda_NH544D.pdf,217,22103,AP_BR_OSM_W1470254595,Service Road,,False,False,True,False,False
NHAI_AP_GIDDALUR_VINUKONDA,NHAI_Giddalur_Vinukonda_NH544D.pdf,217,22104,AP_BR_OSM_W1470254597,Service Road,,False,False,True,False,False
NHAI_AP_GIDDALUR_VINUKONDA,NHAI_Giddalur_Vinukonda_NH544D.pdf,217,22304,AP_BR_OSM_W1492140167,Service Road,,False,False,True,False,False
NHAI_AP_GIDDALUR_VINUKONDA,NHAI_Giddalur_Vinukonda_NH544D.pdf,217,22305,AP_BR_OSM_W1492140169,Service Road,,False,False,True,False,False
NHAI_AP_GIDDALUR_VINUKONDA,NHAI_Giddalur_Vinukonda_NH544D.pdf,217,22362,AP_BR_OSM_W1498208935,Service Road,,False,False,True,False,False
NHAI_AP_GIDDALUR_VINUKONDA,NHAI_Giddalur_Vinukonda_NH544D.pdf,217,22365,AP_BR_OSM_W1498208941,Service Road,,False,False,True,False,False
NHAI_AP_GIDDALUR_VINUKONDA,NHAI_Giddalur_Vinukonda_NH544D.pdf,217,22376,AP_BR_OSM_W1498244122,Service Road,,False,False,True,False,False
NHAI_AP_GIDDALUR_VINUKONDA,NHAI_Giddalur_Vinukonda_NH544D.pdf,217,22505,AP_BR_OSM_W1509394849,Service Road,,False,False,True,False,False
NHAI_AP_GIDDALUR_VINUKONDA,NHAI_Giddalur_Vinukonda_NH544D.pdf,217,22506,AP_BR_OSM_W1509394850,Service Road,,False,False,True,False,False
NHAI_AP_GIDDALUR_VINUKONDA,NHAI_Giddalur_Vinukonda_NH544D.pdf,217,22563,AP_BR_OSM_W1513126572,Service Road,,False,False,True,False,False
NHAI_AP_GIDDALUR_VINUKONDA,NHAI_Giddalur_Vinukonda_NH544D.pdf,217,22564,AP_BR_OSM_W1513126574,Service Road,,False,False,True,False,False
NHAI_AP_GIDDALUR_VINUKONDA,NHAI_Giddalur_Vinukonda_NH544D.pdf,217,22575,AP_BR_OSM_W1513577126,Service Road,,False,False,True,False,False
NHAI_AP_GIDDALUR_VINUKONDA,NHAI_Giddalur_Vinukonda_NH544D.pdf,217,22704,AP_BR_OSM_W1523945375,Service Road,,False,False,True,False,False
NHAI_AP_GIDDALUR_VINUKONDA,NHAI_Giddalur_Vinukonda_NH544D.pdf,217,22705,AP_BR_OSM_W1523945376,Service Road,,False,False,True,False,False
NHAI_AP_GIDDALUR_VINUKONDA,NHAI_Giddalur_Vinukonda_NH544D.pdf,217,22719,AP_BR_OSM_W1524280480,Service Road,,False,False,True,False,False
NHAI_AP_GIDDALUR_VINUKONDA,NHAI_Giddalur_Vinukonda_NH544D.pdf,217,22749,AP_BR_OSM_W1526081025,Service Road,,False,False,True,False,False
NHAI_AP_GIDDALUR_VINUKONDA,NHAI_Giddalur_Vinukonda_NH544D.pdf,217,23069,AP_BR_OSM_W1534018757,Service Road,,False,False,True,False,False
NHAI_AP_GIDDALUR_VINUKONDA,NHAI_Giddalur_Vinukonda_NH544D.pdf,217,23070,AP_BR_OSM_W1534018759,Service Road,,False,False,True,False,False
NHAI_AP_GIDDALUR_VINUKONDA,NHAI_Giddalur_Vinukonda_NH544D.pdf,217,23139,AP_BR_OSM_W1540667922,Service Road,,False,False,True,False,False
NHAI_AP_GIDDALUR_VINUKONDA,NHAI_Giddalur_Vinukonda_NH544D.pdf,217,23186,AP_BR_OSM_W1544023678,Service Road,,False,False,True,False,False
NHAI_AP_GIDDALUR_VINUKONDA,NHAI_Giddalur_Vinukonda_NH544D.pdf,217,23187,AP_BR_OSM_W1544023680,Service Road,,False,False,True,False,False
NHAI_AP_GIDDALUR_VINUKONDA,NHAI_Giddalur_Vinukonda_NH544D.pdf,217,23222,AP_BR_OSM_W1546593842,Service Road,,False,False,True,False,False
NHAI_AP_GIDDALUR_VINUKONDA,NHAI_Giddalur_Vinukonda_NH544D.pdf,217,23223,AP_BR_OSM_W1546593845,Service Road,,False,False,True,False,False
NHAI_AP_GIDDALUR_VINUKONDA,NHAI_Giddalur_Vinukonda_NH544D.pdf,217,2414,AP_BR_OSM_W480403927,Service Road,,False,False,True,False,False
NHAI_AP_GIDDALUR_VINUKONDA,NHAI_Giddalur_Vinukonda_NH544D.pdf,217,2415,AP_BR_OSM_W480403929,Service Road,,False,False,True,False,False
NHAI_AP_GIDDALUR_VINUKONDA,NHAI_Giddalur_Vinukonda_NH544D.pdf,217,4561,AP_BR_OSM_W673858216,Service Road,,False,False,True,False,False
NHAI_AP_GIDDALUR_VINUKONDA,NHAI_Giddalur_Vinukonda_NH544D.pdf,217,4564,AP_BR_OSM_W673858223,Service Road,,False,False,True,False,False
NHAI_AP_GIDDALUR_VINUKONDA,NHAI_Giddalur_Vinukonda_NH544D.pdf,217,6997,AP_BR_OSM_W826596384,Service Road,,False,False,True,False,False
NHAI_AP_GIDDALUR_VINUKONDA,NHAI_Giddalur_Vinukonda_NH544D.pdf,217,6998,AP_BR_OSM_W826596386,Service Road,,False,False,True,False,False
NHAI_AP_GIDDALUR_VINUKONDA,NHAI_Giddalur_Vinukonda_NH544D.pdf,217,7004,AP_BR_OSM_W826596400,Service Road,,False,False,True,False,False
NHAI_AP_GIDDALUR_VINUKONDA,NHAI_Giddalur_Vinukonda_NH544D.pdf,217,7005,AP_BR_OSM_W826596402,Service Road,,False,False,True,False,False
NHAI_AP_GIDDALUR_VINUKONDA,NHAI_Giddalur_Vinukonda_NH544D.pdf,217,7011,AP_BR_OSM_W826596413,Service Road,,False,False,True,False,False
NHAI_AP_GIDDALUR_VINUKONDA,NHAI_Giddalur_Vinukonda_NH544D.pdf,217,7012,AP_BR_OSM_W826596416,Service Road,,False,False,True,False,False
NHAI_AP_GIDDALUR_VINUKONDA,NHAI_Giddalur_Vinukonda_NH544D.pdf,217,7017,AP_BR_OSM_W826596424,Service Road,,False,False,True,False,False
NHAI_AP_GIDDALUR_VINUKONDA,NHAI_Giddalur_Vinukonda_NH544D.pdf,217,7020,AP_BR_OSM_W826596430,Service Road,,False,False,True,False,False
NHAI_AP_GIDDALUR_VINUKONDA,NHAI_Giddalur_Vinukonda_NH544D.pdf,217,7025,AP_BR_OSM_W826596440,Service Road,,False,False,True,False,False
NHAI_AP_GIDDALUR_VINUKONDA,NHAI_Giddalur_Vinukonda_NH544D.pdf,217,7026,AP_BR_OSM_W826596442,Service Road,,False,False,True,False,False
NHAI_AP_GIDDALUR_VINUKONDA,NHAI_Giddalur_Vinukonda_NH544D.pdf,217,7029,AP_BR_OSM_W826596445,Service Road,,False,False,True,False,False
NHAI_AP_GIDDALUR_VINUKONDA,NHAI_Giddalur_Vinukonda_NH544D.pdf,217,7030,AP_BR_OSM_W826596449,Service Road,,False,False,True,False,False
NHAI_AP_GIDDALUR_VINUKONDA,NHAI_Giddalur_Vinukonda_NH544D.pdf,217,7033,AP_BR_OSM_W826596455,Service Road,,False,False,True,False,False
NHAI_AP_GIDDALUR_VINUKONDA,NHAI_Giddalur_Vinukonda_NH544D.pdf,217,7034,AP_BR_OSM_W826596458,Service Road,,False,False,True,False,False
NHAI_AP_GIDDALUR_VINUKONDA,NHAI_Giddalur_Vinukonda_NH544D.pdf,217,7037,AP_BR_OSM_W826596464,Service Road,,False,False,True,False,False
NHAI_AP_GIDDALUR_VINUKONDA,NHAI_Giddalur_Vinukonda_NH544D.pdf,217,7038,AP_BR_OSM_W826596466,Service Road,,False,False,True,False,False
NHAI_AP_GIDDALUR_VINUKONDA,NHAI_Giddalur_Vinukonda_NH544D.pdf,217,7053,AP_BR_OSM_W826596490,Service Road,,False,False,True,False,False
NHAI_AP_GIDDALUR_VINUKONDA,NHAI_Giddalur_Vinukonda_NH544D.pdf,217,7056,AP_BR_OSM_W826596496,Service Road,,False,False,True,False,False
NHAI_AP_GIDDALUR_VINUKONDA,NHAI_Giddalur_Vinukonda_NH544D.pdf,217,8126,AP_BR_OSM_W839529008,Service Road,,False,False,True,False,False
NHAI_AP_GIDDALUR_VINUKONDA,NHAI_Giddalur_Vinukonda_NH544D.pdf,217,8530,AP_BR_OSM_W843783103,Service Road,,False,False,True,False,False
NHAI_AP_GIDDALUR_VINUKONDA,NHAI_Giddalur_Vinukonda_NH544D.pdf,217,8531,AP_BR_OSM_W843783106,Service Road,,False,False,True,False,False
NHAI_AP_GIDDALUR_VINUKONDA,NHAI_Giddalur_Vinukonda_NH544D.pdf,217,9150,AP_BR_OSM_W845261050,Service Road,,False,False,True,False,False
NHAI_AP_GIDDALUR_VINUKONDA,NHAI_Giddalur_Vinukonda_NH544D.pdf,217,12029,AP_BR_OSM_W851480115,Service Road,,False,False,True,False,False
NHAI_AP_GIDDALUR_VINUKONDA,NHAI_Giddalur_Vinukonda_NH544D.pdf,217,12048,AP_BR_OSM_W851518401,Service Road,,False,False,True,False,False
NHAI_AP_GIDDALUR_VINUKONDA,NHAI_Giddalur_Vinukonda_NH544D.pdf,217,12158,AP_BR_OSM_W852274598,Service Road,,False,False,True,False,False
NHAI_AP_GIDDALUR_VINUKONDA,NHAI_Giddalur_Vinukonda_NH544D.pdf,217,12205,AP_BR_OSM_W852304662,Service Road,,False,False,True,False,False
NHAI_AP_GIDDALUR_VINUKONDA,NHAI_Giddalur_Vinukonda_NH544D.pdf,217,12206,AP_BR_OSM_W852304667,Service Road,,False,False,True,False,False
NHAI_AP_GIDDALUR_VINUKONDA,NHAI_Giddalur_Vinukonda_NH544D.pdf,217,12207,AP_BR_OSM_W852304670,Service Road,,False,False,True,False,False
NHAI_AP_GIDDALUR_VINUKONDA,NHAI_Giddalur_Vinukonda_NH544D.pdf,217,12786,AP_BR_OSM_W854500413,Service Road,,False,False,True,False,False
NHAI_AP_GIDDALUR_VINUKONDA,NHAI_Giddalur_Vinukonda_NH544D.pdf,217,12789,AP_BR_OSM_W854500419,Service Road,,False,False,True,False,False
NHAI_AP_GIDDALUR_VINUKONDA,NHAI_Giddalur_Vinukonda_NH544D.pdf,217,12790,AP_BR_OSM_W854500422,Service Road,,False,False,True,False,False
NHAI_AP_GIDDALUR_VINUKONDA,NHAI_Giddalur_Vinukonda_NH544D.pdf,217,12793,AP_BR_OSM_W854500428,Service Road,,False,False,True,False,False
NHAI_AP_GIDDALUR_VINUKONDA,NHAI_Giddalur_Vinukonda_NH544D.pdf,217,12794,AP_BR_OSM_W854500429,Service Road,,False,False,True,False,False
NHAI_AP_GIDDALUR_VINUKONDA,NHAI_Giddalur_Vinukonda_NH544D.pdf,217,12797,AP_BR_OSM_W854500435,Service Road,,False,False,True,False,False
NHAI_AP_GIDDALUR_VINUKONDA,NHAI_Giddalur_Vinukonda_NH544D.pdf,217,12836,AP_BR_OSM_W855374531,Service Road,,False,False,True,False,False
NHAI_AP_GIDDALUR_VINUKONDA,NHAI_Giddalur_Vinukonda_NH544D.pdf,217,12839,AP_BR_OSM_W855376825,Service Road,,False,False,True,False,False
NHAI_AP_GIDDALUR_VINUKONDA,NHAI_Giddalur_Vinukonda_NH544D.pdf,217,12840,AP_BR_OSM_W855376827,Service Road,,False,False,True,False,False
NHAI_AP_GIDDALUR_VINUKONDA,NHAI_Giddalur_Vinukonda_NH544D.pdf,221,14881,AP_BR_OSM_W1081167107,Service Road,,False,False,True,False,False
NHAI_AP_GIDDALUR_VINUKONDA,NHAI_Giddalur_Vinukonda_NH544D.pdf,221,14905,AP_BR_OSM_W1086848414,Service Road,,False,False,True,False,False
NHAI_AP_GIDDALUR_VINUKONDA,NHAI_Giddalur_Vinukonda_NH544D.pdf,221,14906,AP_BR_OSM_W1086848416,Service Road,,False,False,True,False,False
NHAI_AP_GIDDALUR_VINUKONDA,NHAI_Giddalur_Vinukonda_NH544D.pdf,221,14911,AP_BR_OSM_W1086848436,Service Road,,False,False,True,False,False
NHAI_AP_GIDDALUR_VINUKONDA,NHAI_Giddalur_Vinukonda_NH544D.pdf,221,14913,AP_BR_OSM_W1086848440,Service Road,,False,False,True,False,False
NHAI_AP_GIDDALUR_VINUKONDA,NHAI_Giddalur_Vinukonda_NH544D.pdf,221,14980,AP_BR_OSM_W1088411426,Service Road,,False,False,True,False,False
NHAI_AP_GIDDALUR_VINUKONDA,NHAI_Giddalur_Vinukonda_NH544D.pdf,221,14983,AP_BR_OSM_W1088411432,Service Road,,False,False,True,False,False
NHAI_AP_GIDDALUR_VINUKONDA,NHAI_Giddalur_Vinukonda_NH544D.pdf,221,14990,AP_BR_OSM_W1088411472,Service Road,,False,False,True,False,False
NHAI_AP_GIDDALUR_VINUKONDA,NHAI_Giddalur_Vinukonda_NH544D.pdf,221,14991,AP_BR_OSM_W1088411473,Service Road,,False,False,True,False,False
NHAI_AP_GIDDALUR_VINUKONDA,NHAI_Giddalur_Vinukonda_NH544D.pdf,221,14992,AP_BR_OSM_W1088411477,Service Road,,False,False,True,False,False
NHAI_AP_GIDDALUR_VINUKONDA,NHAI_Giddalur_Vinukonda_NH544D.pdf,221,14993,AP_BR_OSM_W1088411479,Service Road,,False,False,True,False,False
NHAI_AP_GIDDALUR_VINUKONDA,NHAI_Giddalur_Vinukonda_NH544D.pdf,221,14999,AP_BR_OSM_W1088426820,Service Road,,False,False,True,False,False
NHAI_AP_GIDDALUR_VINUKONDA,NHAI_Giddalur_Vinukonda_NH544D.pdf,221,15000,AP_BR_OSM_W1088426833,Service Road,,False,False,True,False,False
NHAI_AP_GIDDALUR_VINUKONDA,NHAI_Giddalur_Vinukonda_NH544D.pdf,221,15001,AP_BR_OSM_W1088426835,Service Road,,False,False,True,False,False
NHAI_AP_GIDDALUR_VINUKONDA,NHAI_Giddalur_Vinukonda_NH544D.pdf,221,15026,AP_BR_OSM_W1088463022,Service Road,,False,False,True,False,False
NHAI_AP_GIDDALUR_VINUKONDA,NHAI_Giddalur_Vinukonda_NH544D.pdf,221,15027,AP_BR_OSM_W1088463024,Service Road,,False,False,True,False,False
NHAI_AP_GIDDALUR_VINUKONDA,NHAI_Giddalur_Vinukonda_NH544D.pdf,221,15055,AP_BR_OSM_W1089450070,Service Road,,False,False,True,False,False
NHAI_AP_GIDDALUR_VINUKONDA,NHAI_Giddalur_Vinukonda_NH544D.pdf,221,15058,AP_BR_OSM_W1089450073,Service Road,,False,False,True,False,False
NHAI_AP_GIDDALUR_VINUKONDA,NHAI_Giddalur_Vinukonda_NH544D.pdf,221,15059,AP_BR_OSM_W1089450078,Service Road,,False,False,True,False,False
NHAI_AP_GIDDALUR_VINUKONDA,NHAI_Giddalur_Vinukonda_NH544D.pdf,221,15062,AP_BR_OSM_W1089450081,Service Road,,False,False,True,False,False
NHAI_AP_GIDDALUR_VINUKONDA,NHAI_Giddalur_Vinukonda_NH544D.pdf,221,15147,AP_BR_OSM_W1120249872,Service Road,,False,False,True,False,False
NHAI_AP_GIDDALUR_VINUKONDA,NHAI_Giddalur_Vinukonda_NH544D.pdf,221,15215,AP_BR_OSM_W1155071501,Service Road,,False,False,True,False,False
NHAI_AP_GIDDALUR_VINUKONDA,NHAI_Giddalur_Vinukonda_NH544D.pdf,221,15216,AP_BR_OSM_W1155071503,Service Road,,False,False,True,False,False
NHAI_AP_GIDDALUR_VINUKONDA,NHAI_Giddalur_Vinukonda_NH544D.pdf,221,15451,AP_BR_OSM_W1191649245,Service Road,,False,False,True,False,False
NHAI_AP_GIDDALUR_VINUKONDA,NHAI_Giddalur_Vinukonda_NH544D.pdf,221,15648,AP_BR_OSM_W1225609297,Service Road,,False,False,True,False,False
NHAI_AP_GIDDALUR_VINUKONDA,NHAI_Giddalur_Vinukonda_NH544D.pdf,221,15700,AP_BR_OSM_W1232731403,Service Road,,False,False,True,False,False
NHAI_AP_GIDDALUR_VINUKONDA,NHAI_Giddalur_Vinukonda_NH544D.pdf,221,15703,AP_BR_OSM_W1232731423,Service Road,,False,False,True,False,False
NHAI_AP_GIDDALUR_VINUKONDA,NHAI_Giddalur_Vinukonda_NH544D.pdf,221,15745,AP_BR_OSM_W1237976449,Service Road,,False,False,True,False,False
NHAI_AP_GIDDALUR_VINUKONDA,NHAI_Giddalur_Vinukonda_NH544D.pdf,221,15757,AP_BR_OSM_W1237978378,Service Road,,False,False,True,False,False
NHAI_AP_GIDDALUR_VINUKONDA,NHAI_Giddalur_Vinukonda_NH544D.pdf,221,15761,AP_BR_OSM_W1237978510,Service Road,,False,False,True,False,False
NHAI_AP_GIDDALUR_VINUKONDA,NHAI_Giddalur_Vinukonda_NH544D.pdf,221,15763,AP_BR_OSM_W1237978514,Service Road,,False,False,True,False,False
NHAI_AP_GIDDALUR_VINUKONDA,NHAI_Giddalur_Vinukonda_NH544D.pdf,221,15774,AP_BR_OSM_W1237979758,Service Road,,False,False,True,False,False
NHAI_AP_GIDDALUR_VINUKONDA,NHAI_Giddalur_Vinukonda_NH544D.pdf,221,15776,AP_BR_OSM_W1237979762,Service Road,,False,False,True,False,False
NHAI_AP_GIDDALUR_VINUKONDA,NHAI_Giddalur_Vinukonda_NH544D.pdf,221,15992,AP_BR_OSM_W1243542316,Service Road,,False,False,True,False,False
NHAI_AP_GIDDALUR_VINUKONDA,NHAI_Giddalur_Vinukonda_NH544D.pdf,221,15995,AP_BR_OSM_W1243542321,Service Road,,False,False,True,False,False
NHAI_AP_GIDDALUR_VINUKONDA,NHAI_Giddalur_Vinukonda_NH544D.pdf,221,16013,AP_BR_OSM_W1245312598,Service Road,,False,False,True,False,False
NHAI_AP_GIDDALUR_VINUKONDA,NHAI_Giddalur_Vinukonda_NH544D.pdf,221,16014,AP_BR_OSM_W1245312599,Service Road,,False,False,True,False,False
NHAI_AP_GIDDALUR_VINUKONDA,NHAI_Giddalur_Vinukonda_NH544D.pdf,221,16681,AP_BR_OSM_W1273875767,Service Road,,False,False,True,False,False
NHAI_AP_GIDDALUR_VINUKONDA,NHAI_Giddalur_Vinukonda_NH544D.pdf,221,16682,AP_BR_OSM_W1273875769,Service Road,,False,False,True,False,False
NHAI_AP_GIDDALUR_VINUKONDA,NHAI_Giddalur_Vinukonda_NH544D.pdf,221,16684,AP_BR_OSM_W1273875773,Service Road,,False,False,True,False,False
NHAI_AP_GIDDALUR_VINUKONDA,NHAI_Giddalur_Vinukonda_NH544D.pdf,221,16685,AP_BR_OSM_W1273875775,Service Road,,False,False,True,False,False
NHAI_AP_GIDDALUR_VINUKONDA,NHAI_Giddalur_Vinukonda_NH544D.pdf,221,16690,AP_BR_OSM_W1273875815,Service Road,,False,False,True,False,False
NHAI_AP_GIDDALUR_VINUKONDA,NHAI_Giddalur_Vinukonda_NH544D.pdf,221,16691,AP_BR_OSM_W1273875817,Service Road,,False,False,True,False,False
NHAI_AP_GIDDALUR_VINUKONDA,NHAI_Giddalur_Vinukonda_NH544D.pdf,221,16708,AP_BR_OSM_W1273875869,Service Road,,False,False,True,False,False
NHAI_AP_GIDDALUR_VINUKONDA,NHAI_Giddalur_Vinukonda_NH544D.pdf,221,16711,AP_BR_OSM_W1273875875,Service Road,,False,False,True,False,False
NHAI_AP_GIDDALUR_VINUKONDA,NHAI_Giddalur_Vinukonda_NH544D.pdf,221,16712,AP_BR_OSM_W1273875877,Service Road,,False,False,True,False,False
NHAI_AP_GIDDALUR_VINUKONDA,NHAI_Giddalur_Vinukonda_NH544D.pdf,221,17429,AP_BR_OSM_W1306892617,Service Road,,False,False,True,False,False
NHAI_AP_GIDDALUR_VINUKONDA,NHAI_Giddalur_Vinukonda_NH544D.pdf,221,17432,AP_BR_OSM_W1306892623,Service Road,,False,False,True,False,False
NHAI_AP_GIDDALUR_VINUKONDA,NHAI_Giddalur_Vinukonda_NH544D.pdf,221,17849,AP_BR_OSM_W1324235692,Service Road,,False,False,True,False,False
NHAI_AP_GIDDALUR_VINUKONDA,NHAI_Giddalur_Vinukonda_NH544D.pdf,221,18022,AP_BR_OSM_W1329295334,Service Road,,False,False,True,False,False
NHAI_AP_GIDDALUR_VINUKONDA,NHAI_Giddalur_Vinukonda_NH544D.pdf,221,18025,AP_BR_OSM_W1329295340,Service Road,,False,False,True,False,False
NHAI_AP_GIDDALUR_VINUKONDA,NHAI_Giddalur_Vinukonda_NH544D.pdf,221,18788,AP_BR_OSM_W1362529455,Service Road,,False,False,True,False,False
NHAI_AP_GIDDALUR_VINUKONDA,NHAI_Giddalur_Vinukonda_NH544D.pdf,221,18789,AP_BR_OSM_W1362529457,Service Road,,False,False,True,False,False
NHAI_AP_GIDDALUR_VINUKONDA,NHAI_Giddalur_Vinukonda_NH544D.pdf,221,18821,AP_BR_OSM_W1367602016,Service Road,,False,False,True,False,False
NHAI_AP_GIDDALUR_VINUKONDA,NHAI_Giddalur_Vinukonda_NH544D.pdf,221,18878,AP_BR_OSM_W1384358138,Service Road,,False,False,True,False,False
NHAI_AP_GIDDALUR_VINUKONDA,NHAI_Giddalur_Vinukonda_NH544D.pdf,221,21538,AP_BR_OSM_W1451125171,Service Road,,False,False,True,False,False
NHAI_AP_GIDDALUR_VINUKONDA,NHAI_Giddalur_Vinukonda_NH544D.pdf,221,21997,AP_BR_OSM_W1463702254,Service Road,,False,False,True,False,False
NHAI_AP_GIDDALUR_VINUKONDA,NHAI_Giddalur_Vinukonda_NH544D.pdf,221,21998,AP_BR_OSM_W1463702255,Service Road,,False,False,True,False,False
NHAI_AP_GIDDALUR_VINUKONDA,NHAI_Giddalur_Vinukonda_NH544D.pdf,221,22040,AP_BR_OSM_W1467110239,Service Road,,False,False,True,False,False
NHAI_AP_GIDDALUR_VINUKONDA,NHAI_Giddalur_Vinukonda_NH544D.pdf,221,22094,AP_BR_OSM_W1470248110,Service Road,,False,False,True,False,False
NHAI_AP_GIDDALUR_VINUKONDA,NHAI_Giddalur_Vinukonda_NH544D.pdf,221,22095,AP_BR_OSM_W1470248112,Service Road,,False,False,True,False,False
NHAI_AP_GIDDALUR_VINUKONDA,NHAI_Giddalur_Vinukonda_NH544D.pdf,221,22096,AP_BR_OSM_W1470248115,Service Road,,False,False,True,False,False
NHAI_AP_GIDDALUR_VINUKONDA,NHAI_Giddalur_Vinukonda_NH544D.pdf,221,22097,AP_BR_OSM_W1470248117,Service Road,,False,False,True,False,False
NHAI_AP_GIDDALUR_VINUKONDA,NHAI_Giddalur_Vinukonda_NH544D.pdf,221,22098,AP_BR_OSM_W1470254032,Service Road,,False,False,True,False,False
NHAI_AP_GIDDALUR_VINUKONDA,NHAI_Giddalur_Vinukonda_NH544D.pdf,221,22099,AP_BR_OSM_W1470254034,Service Road,,False,False,True,False,False
NHAI_AP_GIDDALUR_VINUKONDA,NHAI_Giddalur_Vinukonda_NH544D.pdf,221,22100,AP_BR_OSM_W1470254037,Service Road,,False,False,True,False,False
NHAI_AP_GIDDALUR_VINUKONDA,NHAI_Giddalur_Vinukonda_NH544D.pdf,221,22101,AP_BR_OSM_W1470254039,Service Road,,False,False,True,False,False
NHAI_AP_GIDDALUR_VINUKONDA,NHAI_Giddalur_Vinukonda_NH544D.pdf,221,22102,AP_BR_OSM_W1470254042,Service Road,,False,False,True,False,False
NHAI_AP_GIDDALUR_VINUKONDA,NHAI_Giddalur_Vinukonda_NH544D.pdf,221,22103,AP_BR_OSM_W1470254595,Service Road,,False,False,True,False,False
NHAI_AP_GIDDALUR_VINUKONDA,NHAI_Giddalur_Vinukonda_NH544D.pdf,221,22104,AP_BR_OSM_W1470254597,Service Road,,False,False,True,False,False
NHAI_AP_GIDDALUR_VINUKONDA,NHAI_Giddalur_Vinukonda_NH544D.pdf,221,22304,AP_BR_OSM_W1492140167,Service Road,,False,False,True,False,False
NHAI_AP_GIDDALUR_VINUKONDA,NHAI_Giddalur_Vinukonda_NH544D.pdf,221,22305,AP_BR_OSM_W1492140169,Service Road,,False,False,True,False,False
NHAI_AP_GIDDALUR_VINUKONDA,NHAI_Giddalur_Vinukonda_NH544D.pdf,221,22362,AP_BR_OSM_W1498208935,Service Road,,False,False,True,False,False
NHAI_AP_GIDDALUR_VINUKONDA,NHAI_Giddalur_Vinukonda_NH544D.pdf,221,22365,AP_BR_OSM_W1498208941,Service Road,,False,False,True,False,False
NHAI_AP_GIDDALUR_VINUKONDA,NHAI_Giddalur_Vinukonda_NH544D.pdf,221,22376,AP_BR_OSM_W1498244122,Service Road,,False,False,True,False,False
NHAI_AP_GIDDALUR_VINUKONDA,NHAI_Giddalur_Vinukonda_NH544D.pdf,221,22505,AP_BR_OSM_W1509394849,Service Road,,False,False,True,False,False
NHAI_AP_GIDDALUR_VINUKONDA,NHAI_Giddalur_Vinukonda_NH544D.pdf,221,22506,AP_BR_OSM_W1509394850,Service Road,,False,False,True,False,False
NHAI_AP_GIDDALUR_VINUKONDA,NHAI_Giddalur_Vinukonda_NH544D.pdf,221,22563,AP_BR_OSM_W1513126572,Service Road,,False,False,True,False,False
NHAI_AP_GIDDALUR_VINUKONDA,NHAI_Giddalur_Vinukonda_NH544D.pdf,221,22564,AP_BR_OSM_W1513126574,Service Road,,False,False,True,False,False
NHAI_AP_GIDDALUR_VINUKONDA,NHAI_Giddalur_Vinukonda_NH544D.pdf,221,22575,AP_BR_OSM_W1513577126,Service Road,,False,False,True,False,False
NHAI_AP_GIDDALUR_VINUKONDA,NHAI_Giddalur_Vinukonda_NH544D.pdf,221,22704,AP_BR_OSM_W1523945375,Service Road,,False,False,True,False,False
NHAI_AP_GIDDALUR_VINUKONDA,NHAI_Giddalur_Vinukonda_NH544D.pdf,221,22705,AP_BR_OSM_W1523945376,Service Road,,False,False,True,False,False
NHAI_AP_GIDDALUR_VINUKONDA,NHAI_Giddalur_Vinukonda_NH544D.pdf,221,22719,AP_BR_OSM_W1524280480,Service Road,,False,False,True,False,False
NHAI_AP_GIDDALUR_VINUKONDA,NHAI_Giddalur_Vinukonda_NH544D.pdf,221,22749,AP_BR_OSM_W1526081025,Service Road,,False,False,True,False,False
NHAI_AP_GIDDALUR_VINUKONDA,NHAI_Giddalur_Vinukonda_NH544D.pdf,221,23069,AP_BR_OSM_W1534018757,Service Road,,False,False,True,False,False
NHAI_AP_GIDDALUR_VINUKONDA,NHAI_Giddalur_Vinukonda_NH544D.pdf,221,23070,AP_BR_OSM_W1534018759,Service Road,,False,False,True,False,False
NHAI_AP_GIDDALUR_VINUKONDA,NHAI_Giddalur_Vinukonda_NH544D.pdf,221,23139,AP_BR_OSM_W1540667922,Service Road,,False,False,True,False,False
NHAI_AP_GIDDALUR_VINUKONDA,NHAI_Giddalur_Vinukonda_NH544D.pdf,221,23186,AP_BR_OSM_W1544023678,Service Road,,False,False,True,False,False
NHAI_AP_GIDDALUR_VINUKONDA,NHAI_Giddalur_Vinukonda_NH544D.pdf,221,23187,AP_BR_OSM_W1544023680,Service Road,,False,False,True,False,False
NHAI_AP_GIDDALUR_VINUKONDA,NHAI_Giddalur_Vinukonda_NH544D.pdf,221,23222,AP_BR_OSM_W1546593842,Service Road,,False,False,True,False,False
NHAI_AP_GIDDALUR_VINUKONDA,NHAI_Giddalur_Vinukonda_NH544D.pdf,221,23223,AP_BR_OSM_W1546593845,Service Road,,False,False,True,False,False
NHAI_AP_GIDDALUR_VINUKONDA,NHAI_Giddalur_Vinukonda_NH544D.pdf,221,2414,AP_BR_OSM_W480403927,Service Road,,False,False,True,False,False
NHAI_AP_GIDDALUR_VINUKONDA,NHAI_Giddalur_Vinukonda_NH544D.pdf,221,2415,AP_BR_OSM_W480403929,Service Road,,False,False,True,False,False
NHAI_AP_GIDDALUR_VINUKONDA,NHAI_Giddalur_Vinukonda_NH544D.pdf,221,4561,AP_BR_OSM_W673858216,Service Road,,False,False,True,False,False
NHAI_AP_GIDDALUR_VINUKONDA,NHAI_Giddalur_Vinukonda_NH544D.pdf,221,4564,AP_BR_OSM_W673858223,Service Road,,False,False,True,False,False
NHAI_AP_GIDDALUR_VINUKONDA,NHAI_Giddalur_Vinukonda_NH544D.pdf,221,6997,AP_BR_OSM_W826596384,Service Road,,False,False,True,False,False
NHAI_AP_GIDDALUR_VINUKONDA,NHAI_Giddalur_Vinukonda_NH544D.pdf,221,6998,AP_BR_OSM_W826596386,Service Road,,False,False,True,False,False
NHAI_AP_GIDDALUR_VINUKONDA,NHAI_Giddalur_Vinukonda_NH544D.pdf,221,7004,AP_BR_OSM_W826596400,Service Road,,False,False,True,False,False
NHAI_AP_GIDDALUR_VINUKONDA,NHAI_Giddalur_Vinukonda_NH544D.pdf,221,7005,AP_BR_OSM_W826596402,Service Road,,False,False,True,False,False
NHAI_AP_GIDDALUR_VINUKONDA,NHAI_Giddalur_Vinukonda_NH544D.pdf,221,7011,AP_BR_OSM_W826596413,Service Road,,False,False,True,False,False
NHAI_AP_GIDDALUR_VINUKONDA,NHAI_Giddalur_Vinukonda_NH544D.pdf,221,7012,AP_BR_OSM_W826596416,Service Road,,False,False,True,False,False
NHAI_AP_GIDDALUR_VINUKONDA,NHAI_Giddalur_Vinukonda_NH544D.pdf,221,7017,AP_BR_OSM_W826596424,Service Road,,False,False,True,False,False
NHAI_AP_GIDDALUR_VINUKONDA,NHAI_Giddalur_Vinukonda_NH544D.pdf,221,7020,AP_BR_OSM_W826596430,Service Road,,False,False,True,False,False
NHAI_AP_GIDDALUR_VINUKONDA,NHAI_Giddalur_Vinukonda_NH544D.pdf,221,7025,AP_BR_OSM_W826596440,Service Road,,False,False,True,False,False
NHAI_AP_GIDDALUR_VINUKONDA,NHAI_Giddalur_Vinukonda_NH544D.pdf,221,7026,AP_BR_OSM_W826596442,Service Road,,False,False,True,False,False
NHAI_AP_GIDDALUR_VINUKONDA,NHAI_Giddalur_Vinukonda_NH544D.pdf,221,7029,AP_BR_OSM_W826596445,Service Road,,False,False,True,False,False
NHAI_AP_GIDDALUR_VINUKONDA,NHAI_Giddalur_Vinukonda_NH544D.pdf,221,7030,AP_BR_OSM_W826596449,Service Road,,False,False,True,False,False
NHAI_AP_GIDDALUR_VINUKONDA,NHAI_Giddalur_Vinukonda_NH544D.pdf,221,7033,AP_BR_OSM_W826596455,Service Road,,False,False,True,False,False
NHAI_AP_GIDDALUR_VINUKONDA,NHAI_Giddalur_Vinukonda_NH544D.pdf,221,7034,AP_BR_OSM_W826596458,Service Road,,False,False,True,False,False
NHAI_AP_GIDDALUR_VINUKONDA,NHAI_Giddalur_Vinukonda_NH544D.pdf,221,7037,AP_BR_OSM_W826596464,Service Road,,False,False,True,False,False
NHAI_AP_GIDDALUR_VINUKONDA,NHAI_Giddalur_Vinukonda_NH544D.pdf,221,7038,AP_BR_OSM_W826596466,Service Road,,False,False,True,False,False
NHAI_AP_GIDDALUR_VINUKONDA,NHAI_Giddalur_Vinukonda_NH544D.pdf,221,7053,AP_BR_OSM_W826596490,Service Road,,False,False,True,False,False
NHAI_AP_GIDDALUR_VINUKONDA,NHAI_Giddalur_Vinukonda_NH544D.pdf,221,7056,AP_BR_OSM_W826596496,Service Road,,False,False,True,False,False
NHAI_AP_GIDDALUR_VINUKONDA,NHAI_Giddalur_Vinukonda_NH544D.pdf,221,8126,AP_BR_OSM_W839529008,Service Road,,False,False,True,False,False
NHAI_AP_GIDDALUR_VINUKONDA,NHAI_Giddalur_Vinukonda_NH544D.pdf,221,8530,AP_BR_OSM_W843783103,Service Road,,False,False,True,False,False
NHAI_AP_GIDDALUR_VINUKONDA,NHAI_Giddalur_Vinukonda_NH544D.pdf,221,8531,AP_BR_OSM_W843783106,Service Road,,False,False,True,False,False
NHAI_AP_GIDDALUR_VINUKONDA,NHAI_Giddalur_Vinukonda_NH544D.pdf,221,9150,AP_BR_OSM_W845261050,Service Road,,False,False,True,False,False
NHAI_AP_GIDDALUR_VINUKONDA,NHAI_Giddalur_Vinukonda_NH544D.pdf,221,12029,AP_BR_OSM_W851480115,Service Road,,False,False,True,False,False
NHAI_AP_GIDDALUR_VINUKONDA,NHAI_Giddalur_Vinukonda_NH544D.pdf,221,12048,AP_BR_OSM_W851518401,Service Road,,False,False,True,False,False
NHAI_AP_GIDDALUR_VINUKONDA,NHAI_Giddalur_Vinukonda_NH544D.pdf,221,12158,AP_BR_OSM_W852274598,Service Road,,False,False,True,False,False
NHAI_AP_GIDDALUR_VINUKONDA,NHAI_Giddalur_Vinukonda_NH544D.pdf,221,12205,AP_BR_OSM_W852304662,Service Road,,False,False,True,False,False
NHAI_AP_GIDDALUR_VINUKONDA,NHAI_Giddalur_Vinukonda_NH544D.pdf,221,12206,AP_BR_OSM_W852304667,Service Road,,False,False,True,False,False
NHAI_AP_GIDDALUR_VINUKONDA,NHAI_Giddalur_Vinukonda_NH544D.pdf,221,12207,AP_BR_OSM_W852304670,Service Road,,False,False,True,False,False
NHAI_AP_GIDDALUR_VINUKONDA,NHAI_Giddalur_Vinukonda_NH544D.pdf,221,12786,AP_BR_OSM_W854500413,Service Road,,False,False,True,False,False
NHAI_AP_GIDDALUR_VINUKONDA,NHAI_Giddalur_Vinukonda_NH544D.pdf,221,12789,AP_BR_OSM_W854500419,Service Road,,False,False,True,False,False
NHAI_AP_GIDDALUR_VINUKONDA,NHAI_Giddalur_Vinukonda_NH544D.pdf,221,12790,AP_BR_OSM_W854500422,Service Road,,False,False,True,False,False
NHAI_AP_GIDDALUR_VINUKONDA,NHAI_Giddalur_Vinukonda_NH544D.pdf,221,12793,AP_BR_OSM_W854500428,Service Road,,False,False,True,False,False
NHAI_AP_GIDDALUR_VINUKONDA,NHAI_Giddalur_Vinukonda_NH544D.pdf,221,12794,AP_BR_OSM_W854500429,Service Road,,False,False,True,False,False
NHAI_AP_GIDDALUR_VINUKONDA,NHAI_Giddalur_Vinukonda_NH544D.pdf,221,12797,AP_BR_OSM_W854500435,Service Road,,False,False,True,False,False
NHAI_AP_GIDDALUR_VINUKONDA,NHAI_Giddalur_Vinukonda_NH544D.pdf,221,12836,AP_BR_OSM_W855374531,Service Road,,False,False,True,False,False
NHAI_AP_GIDDALUR_VINUKONDA,NHAI_Giddalur_Vinukonda_NH544D.pdf,221,12839,AP_BR_OSM_W855376825,Service Road,,False,False,True,False,False
NHAI_AP_GIDDALUR_VINUKONDA,NHAI_Giddalur_Vinukonda_NH544D.pdf,221,12840,AP_BR_OSM_W855376827,Service Road,,False,False,True,False,False
NHAI_AP_TADA_NELLORE,NHAI_Tada_Nellore_NH5_Vol_II.pdf,3,14219,AP_BR_OSM_W1031554492,Nellore Bypass,,False,False,True,False,False
NHAI_AP_TADA_NELLORE,NHAI_Tada_Nellore_NH5_Vol_II.pdf,3,14220,AP_BR_OSM_W1031554494,Nellore Bypass,,False,False,True,False,False
NHAI_AP_TADA_NELLORE,NHAI_Tada_Nellore_NH5_Vol_II.pdf,3,16941,AP_BR_OSM_W1283187758,Nellore Bypass,,False,False,True,False,False
NHAI_AP_TADA_NELLORE,NHAI_Tada_Nellore_NH5_Vol_II.pdf,3,16942,AP_BR_OSM_W1283187759,Nellore Bypass,,False,False,True,False,False
NHAI_AP_TADA_NELLORE,NHAI_Tada_Nellore_NH5_Vol_II.pdf,3,282,AP_BR_OSM_W136146095,Nellore Bypass,,False,False,True,False,False
NHAI_AP_TADA_NELLORE,NHAI_Tada_Nellore_NH5_Vol_II.pdf,3,283,AP_BR_OSM_W136146096,Nellore Bypass,,False,False,True,False,False
NHAI_AP_TADA_NELLORE,NHAI_Tada_Nellore_NH5_Vol_II.pdf,3,22296,AP_BR_OSM_W1492075696,Nellore Bypass,,False,False,True,False,False
NHAI_AP_TADA_NELLORE,NHAI_Tada_Nellore_NH5_Vol_II.pdf,3,22297,AP_BR_OSM_W1492075698,Nellore Bypass,,False,False,True,False,False
NHAI_AP_TADA_NELLORE,NHAI_Tada_Nellore_NH5_Vol_II.pdf,3,22298,AP_BR_OSM_W1492075702,Nellore Bypass,,False,False,True,False,False
NHAI_AP_TADA_NELLORE,NHAI_Tada_Nellore_NH5_Vol_II.pdf,3,22299,AP_BR_OSM_W1492075705,Nellore Bypass,,False,False,True,False,False
NHAI_AP_TADA_NELLORE,NHAI_Tada_Nellore_NH5_Vol_II.pdf,3,377,AP_BR_OSM_W176059075,Nellore Bypass,,False,False,True,False,False
NHAI_AP_TADA_NELLORE,NHAI_Tada_Nellore_NH5_Vol_II.pdf,3,378,AP_BR_OSM_W176063314,Nellore Bypass,,False,False,True,False,False
NHAI_AP_TADA_NELLORE,NHAI_Tada_Nellore_NH5_Vol_II.pdf,3,1050,AP_BR_OSM_W249687444,Nellore Bypass,,False,False,True,False,False
NHAI_AP_TADA_NELLORE,NHAI_Tada_Nellore_NH5_Vol_II.pdf,3,1051,AP_BR_OSM_W249687446,Nellore Bypass,,False,False,True,False,False
NHAI_AP_TADA_NELLORE,NHAI_Tada_Nellore_NH5_Vol_II.pdf,3,2046,AP_BR_OSM_W396791569,Nellore Bypass,,False,False,True,False,False
NHAI_AP_TADA_NELLORE,NHAI_Tada_Nellore_NH5_Vol_II.pdf,3,2047,AP_BR_OSM_W396791570,Nellore Bypass,,False,False,True,False,False
NHAI_AP_TADA_NELLORE,NHAI_Tada_Nellore_NH5_Vol_II.pdf,3,2048,AP_BR_OSM_W396791571,Nellore Bypass,,False,False,True,False,False
NHAI_AP_TADA_NELLORE,NHAI_Tada_Nellore_NH5_Vol_II.pdf,3,2049,AP_BR_OSM_W396791573,Nellore Bypass,,False,False,True,False,False
NHAI_AP_TADA_NELLORE,NHAI_Tada_Nellore_NH5_Vol_II.pdf,3,2068,AP_BR_OSM_W396806458,Nellore Bypass,,False,False,True,False,False
NHAI_AP_TADA_NELLORE,NHAI_Tada_Nellore_NH5_Vol_II.pdf,3,2069,AP_BR_OSM_W396806459,Nellore Bypass,,False,False,True,False,False
NHAI_AP_TADA_NELLORE,NHAI_Tada_Nellore_NH5_Vol_II.pdf,3,3256,AP_BR_OSM_W581953108,Nellore Bypass,,False,False,True,False,False
NHAI_AP_TADA_NELLORE,NHAI_Tada_Nellore_NH5_Vol_II.pdf,3,3257,AP_BR_OSM_W581953111,Nellore Bypass,,False,False,True,False,False
NHAI_AP_TADA_NELLORE,NHAI_Tada_Nellore_NH5_Vol_II.pdf,3,3258,AP_BR_OSM_W581953120,Nellore Bypass,,False,False,True,False,False
NHAI_AP_TADA_NELLORE,NHAI_Tada_Nellore_NH5_Vol_II.pdf,3,3261,AP_BR_OSM_W581997861,Nellore Bypass,,False,False,True,False,False
NHAI_AP_TADA_NELLORE,NHAI_Tada_Nellore_NH5_Vol_II.pdf,3,3262,AP_BR_OSM_W581997869,Nellore Bypass,,False,False,True,False,False
NHAI_AP_TADA_NELLORE,NHAI_Tada_Nellore_NH5_Vol_II.pdf,3,239,AP_BR_OSM_W92192394,Nellore Bypass,,False,False,True,False,False
NHAI_AP_TADA_NELLORE,NHAI_Tada_Nellore_NH5_Vol_II.pdf,12,20964,AP_BR_OSM_W1444463666,MAIN ROAD,,True,False,False,False,False
NHAI_AP_TADA_NELLORE,NHAI_Tada_Nellore_NH5_Vol_II.pdf,12,7875,AP_BR_OSM_W834616114,MAIN ROAD,,True,False,False,False,False
NHAI_AP_TADA_NELLORE,NHAI_Tada_Nellore_NH5_Vol_II.pdf,16,14881,AP_BR_OSM_W1081167107,Service Road,,True,False,False,False,False
NHAI_AP_TADA_NELLORE,NHAI_Tada_Nellore_NH5_Vol_II.pdf,16,14905,AP_BR_OSM_W1086848414,Service Road,,True,False,False,False,False
NHAI_AP_TADA_NELLORE,NHAI_Tada_Nellore_NH5_Vol_II.pdf,16,14906,AP_BR_OSM_W1086848416,Service Road,,True,False,False,False,False
NHAI_AP_TADA_NELLORE,NHAI_Tada_Nellore_NH5_Vol_II.pdf,16,14911,AP_BR_OSM_W1086848436,Service Road,,True,False,False,False,False
NHAI_AP_TADA_NELLORE,NHAI_Tada_Nellore_NH5_Vol_II.pdf,16,14913,AP_BR_OSM_W1086848440,Service Road,,True,False,False,False,False
NHAI_AP_TADA_NELLORE,NHAI_Tada_Nellore_NH5_Vol_II.pdf,16,14980,AP_BR_OSM_W1088411426,Service Road,,True,False,False,False,False
NHAI_AP_TADA_NELLORE,NHAI_Tada_Nellore_NH5_Vol_II.pdf,16,14983,AP_BR_OSM_W1088411432,Service Road,,True,False,False,False,False
NHAI_AP_TADA_NELLORE,NHAI_Tada_Nellore_NH5_Vol_II.pdf,16,14990,AP_BR_OSM_W1088411472,Service Road,,True,False,False,False,False
NHAI_AP_TADA_NELLORE,NHAI_Tada_Nellore_NH5_Vol_II.pdf,16,14991,AP_BR_OSM_W1088411473,Service Road,,True,False,False,False,False
NHAI_AP_TADA_NELLORE,NHAI_Tada_Nellore_NH5_Vol_II.pdf,16,14992,AP_BR_OSM_W1088411477,Service Road,,True,False,False,False,False
NHAI_AP_TADA_NELLORE,NHAI_Tada_Nellore_NH5_Vol_II.pdf,16,14993,AP_BR_OSM_W1088411479,Service Road,,True,False,False,False,False
NHAI_AP_TADA_NELLORE,NHAI_Tada_Nellore_NH5_Vol_II.pdf,16,14999,AP_BR_OSM_W1088426820,Service Road,,True,False,False,False,False
NHAI_AP_TADA_NELLORE,NHAI_Tada_Nellore_NH5_Vol_II.pdf,16,15000,AP_BR_OSM_W1088426833,Service Road,,True,False,False,False,False
NHAI_AP_TADA_NELLORE,NHAI_Tada_Nellore_NH5_Vol_II.pdf,16,15001,AP_BR_OSM_W1088426835,Service Road,,True,False,False,False,False
NHAI_AP_TADA_NELLORE,NHAI_Tada_Nellore_NH5_Vol_II.pdf,16,15026,AP_BR_OSM_W1088463022,Service Road,,True,False,False,False,False
NHAI_AP_TADA_NELLORE,NHAI_Tada_Nellore_NH5_Vol_II.pdf,16,15027,AP_BR_OSM_W1088463024,Service Road,,True,False,False,False,False
NHAI_AP_TADA_NELLORE,NHAI_Tada_Nellore_NH5_Vol_II.pdf,16,15055,AP_BR_OSM_W1089450070,Service Road,,True,False,False,False,False
NHAI_AP_TADA_NELLORE,NHAI_Tada_Nellore_NH5_Vol_II.pdf,16,15058,AP_BR_OSM_W1089450073,Service Road,,True,False,False,False,False
NHAI_AP_TADA_NELLORE,NHAI_Tada_Nellore_NH5_Vol_II.pdf,16,15059,AP_BR_OSM_W1089450078,Service Road,,True,False,False,False,False
NHAI_AP_TADA_NELLORE,NHAI_Tada_Nellore_NH5_Vol_II.pdf,16,15062,AP_BR_OSM_W1089450081,Service Road,,True,False,False,False,False
NHAI_AP_TADA_NELLORE,NHAI_Tada_Nellore_NH5_Vol_II.pdf,16,15147,AP_BR_OSM_W1120249872,Service Road,,True,False,False,False,False
NHAI_AP_TADA_NELLORE,NHAI_Tada_Nellore_NH5_Vol_II.pdf,16,15215,AP_BR_OSM_W1155071501,Service Road,,True,False,False,False,False
NHAI_AP_TADA_NELLORE,NHAI_Tada_Nellore_NH5_Vol_II.pdf,16,15216,AP_BR_OSM_W1155071503,Service Road,,True,False,False,False,False
NHAI_AP_TADA_NELLORE,NHAI_Tada_Nellore_NH5_Vol_II.pdf,16,15451,AP_BR_OSM_W1191649245,Service Road,,True,False,False,False,False
NHAI_AP_TADA_NELLORE,NHAI_Tada_Nellore_NH5_Vol_II.pdf,16,15648,AP_BR_OSM_W1225609297,Service Road,,True,False,False,False,False
NHAI_AP_TADA_NELLORE,NHAI_Tada_Nellore_NH5_Vol_II.pdf,16,15700,AP_BR_OSM_W1232731403,Service Road,,True,False,False,False,False
NHAI_AP_TADA_NELLORE,NHAI_Tada_Nellore_NH5_Vol_II.pdf,16,15703,AP_BR_OSM_W1232731423,Service Road,,True,False,False,False,False
NHAI_AP_TADA_NELLORE,NHAI_Tada_Nellore_NH5_Vol_II.pdf,16,15745,AP_BR_OSM_W1237976449,Service Road,,True,False,False,False,False
NHAI_AP_TADA_NELLORE,NHAI_Tada_Nellore_NH5_Vol_II.pdf,16,15757,AP_BR_OSM_W1237978378,Service Road,,True,False,False,False,False
NHAI_AP_TADA_NELLORE,NHAI_Tada_Nellore_NH5_Vol_II.pdf,16,15761,AP_BR_OSM_W1237978510,Service Road,,True,False,False,False,False
NHAI_AP_TADA_NELLORE,NHAI_Tada_Nellore_NH5_Vol_II.pdf,16,15763,AP_BR_OSM_W1237978514,Service Road,,True,False,False,False,False
NHAI_AP_TADA_NELLORE,NHAI_Tada_Nellore_NH5_Vol_II.pdf,16,15774,AP_BR_OSM_W1237979758,Service Road,,True,False,False,False,False
NHAI_AP_TADA_NELLORE,NHAI_Tada_Nellore_NH5_Vol_II.pdf,16,15776,AP_BR_OSM_W1237979762,Service Road,,True,False,False,False,False
NHAI_AP_TADA_NELLORE,NHAI_Tada_Nellore_NH5_Vol_II.pdf,16,15992,AP_BR_OSM_W1243542316,Service Road,,True,False,False,False,False
NHAI_AP_TADA_NELLORE,NHAI_Tada_Nellore_NH5_Vol_II.pdf,16,15995,AP_BR_OSM_W1243542321,Service Road,,True,False,False,False,False
NHAI_AP_TADA_NELLORE,NHAI_Tada_Nellore_NH5_Vol_II.pdf,16,16013,AP_BR_OSM_W1245312598,Service Road,,True,False,False,False,False
NHAI_AP_TADA_NELLORE,NHAI_Tada_Nellore_NH5_Vol_II.pdf,16,16014,AP_BR_OSM_W1245312599,Service Road,,True,False,False,False,False
NHAI_AP_TADA_NELLORE,NHAI_Tada_Nellore_NH5_Vol_II.pdf,16,16681,AP_BR_OSM_W1273875767,Service Road,,True,False,False,False,False
NHAI_AP_TADA_NELLORE,NHAI_Tada_Nellore_NH5_Vol_II.pdf,16,16682,AP_BR_OSM_W1273875769,Service Road,,True,False,False,False,False
NHAI_AP_TADA_NELLORE,NHAI_Tada_Nellore_NH5_Vol_II.pdf,16,16684,AP_BR_OSM_W1273875773,Service Road,,True,False,False,False,False
NHAI_AP_TADA_NELLORE,NHAI_Tada_Nellore_NH5_Vol_II.pdf,16,16685,AP_BR_OSM_W1273875775,Service Road,,True,False,False,False,False
NHAI_AP_TADA_NELLORE,NHAI_Tada_Nellore_NH5_Vol_II.pdf,16,16690,AP_BR_OSM_W1273875815,Service Road,,True,False,False,False,False
NHAI_AP_TADA_NELLORE,NHAI_Tada_Nellore_NH5_Vol_II.pdf,16,16691,AP_BR_OSM_W1273875817,Service Road,,True,False,False,False,False
NHAI_AP_TADA_NELLORE,NHAI_Tada_Nellore_NH5_Vol_II.pdf,16,16708,AP_BR_OSM_W1273875869,Service Road,,True,False,False,False,False
NHAI_AP_TADA_NELLORE,NHAI_Tada_Nellore_NH5_Vol_II.pdf,16,16711,AP_BR_OSM_W1273875875,Service Road,,True,False,False,False,False
NHAI_AP_TADA_NELLORE,NHAI_Tada_Nellore_NH5_Vol_II.pdf,16,16712,AP_BR_OSM_W1273875877,Service Road,,True,False,False,False,False
NHAI_AP_TADA_NELLORE,NHAI_Tada_Nellore_NH5_Vol_II.pdf,16,17429,AP_BR_OSM_W1306892617,Service Road,,True,False,False,False,False
NHAI_AP_TADA_NELLORE,NHAI_Tada_Nellore_NH5_Vol_II.pdf,16,17432,AP_BR_OSM_W1306892623,Service Road,,True,False,False,False,False
NHAI_AP_TADA_NELLORE,NHAI_Tada_Nellore_NH5_Vol_II.pdf,16,17849,AP_BR_OSM_W1324235692,Service Road,,True,False,False,False,False
NHAI_AP_TADA_NELLORE,NHAI_Tada_Nellore_NH5_Vol_II.pdf,16,18022,AP_BR_OSM_W1329295334,Service Road,,True,False,False,False,False
NHAI_AP_TADA_NELLORE,NHAI_Tada_Nellore_NH5_Vol_II.pdf,16,18025,AP_BR_OSM_W1329295340,Service Road,,True,False,False,False,False
NHAI_AP_TADA_NELLORE,NHAI_Tada_Nellore_NH5_Vol_II.pdf,16,18788,AP_BR_OSM_W1362529455,Service Road,,True,False,False,False,False
NHAI_AP_TADA_NELLORE,NHAI_Tada_Nellore_NH5_Vol_II.pdf,16,18789,AP_BR_OSM_W1362529457,Service Road,,True,False,False,False,False
NHAI_AP_TADA_NELLORE,NHAI_Tada_Nellore_NH5_Vol_II.pdf,16,18821,AP_BR_OSM_W1367602016,Service Road,,True,False,False,False,False
NHAI_AP_TADA_NELLORE,NHAI_Tada_Nellore_NH5_Vol_II.pdf,16,18878,AP_BR_OSM_W1384358138,Service Road,,True,False,False,False,False
NHAI_AP_TADA_NELLORE,NHAI_Tada_Nellore_NH5_Vol_II.pdf,16,21538,AP_BR_OSM_W1451125171,Service Road,,True,False,False,False,False
NHAI_AP_TADA_NELLORE,NHAI_Tada_Nellore_NH5_Vol_II.pdf,16,21997,AP_BR_OSM_W1463702254,Service Road,,True,False,False,False,False
NHAI_AP_TADA_NELLORE,NHAI_Tada_Nellore_NH5_Vol_II.pdf,16,21998,AP_BR_OSM_W1463702255,Service Road,,True,False,False,False,False
NHAI_AP_TADA_NELLORE,NHAI_Tada_Nellore_NH5_Vol_II.pdf,16,22040,AP_BR_OSM_W1467110239,Service Road,,True,False,False,False,False
NHAI_AP_TADA_NELLORE,NHAI_Tada_Nellore_NH5_Vol_II.pdf,16,22094,AP_BR_OSM_W1470248110,Service Road,,True,False,False,False,False
NHAI_AP_TADA_NELLORE,NHAI_Tada_Nellore_NH5_Vol_II.pdf,16,22095,AP_BR_OSM_W1470248112,Service Road,,True,False,False,False,False
NHAI_AP_TADA_NELLORE,NHAI_Tada_Nellore_NH5_Vol_II.pdf,16,22096,AP_BR_OSM_W1470248115,Service Road,,True,False,False,False,False
NHAI_AP_TADA_NELLORE,NHAI_Tada_Nellore_NH5_Vol_II.pdf,16,22097,AP_BR_OSM_W1470248117,Service Road,,True,False,False,False,False
NHAI_AP_TADA_NELLORE,NHAI_Tada_Nellore_NH5_Vol_II.pdf,16,22098,AP_BR_OSM_W1470254032,Service Road,,True,False,False,False,False
NHAI_AP_TADA_NELLORE,NHAI_Tada_Nellore_NH5_Vol_II.pdf,16,22099,AP_BR_OSM_W1470254034,Service Road,,True,False,False,False,False
NHAI_AP_TADA_NELLORE,NHAI_Tada_Nellore_NH5_Vol_II.pdf,16,22100,AP_BR_OSM_W1470254037,Service Road,,True,False,False,False,False
NHAI_AP_TADA_NELLORE,NHAI_Tada_Nellore_NH5_Vol_II.pdf,16,22101,AP_BR_OSM_W1470254039,Service Road,,True,False,False,False,False
NHAI_AP_TADA_NELLORE,NHAI_Tada_Nellore_NH5_Vol_II.pdf,16,22102,AP_BR_OSM_W1470254042,Service Road,,True,False,False,False,False
NHAI_AP_TADA_NELLORE,NHAI_Tada_Nellore_NH5_Vol_II.pdf,16,22103,AP_BR_OSM_W1470254595,Service Road,,True,False,False,False,False
NHAI_AP_TADA_NELLORE,NHAI_Tada_Nellore_NH5_Vol_II.pdf,16,22104,AP_BR_OSM_W1470254597,Service Road,,True,False,False,False,False
NHAI_AP_TADA_NELLORE,NHAI_Tada_Nellore_NH5_Vol_II.pdf,16,22304,AP_BR_OSM_W1492140167,Service Road,,True,False,False,False,False
NHAI_AP_TADA_NELLORE,NHAI_Tada_Nellore_NH5_Vol_II.pdf,16,22305,AP_BR_OSM_W1492140169,Service Road,,True,False,False,False,False
NHAI_AP_TADA_NELLORE,NHAI_Tada_Nellore_NH5_Vol_II.pdf,16,22362,AP_BR_OSM_W1498208935,Service Road,,True,False,False,False,False
NHAI_AP_TADA_NELLORE,NHAI_Tada_Nellore_NH5_Vol_II.pdf,16,22365,AP_BR_OSM_W1498208941,Service Road,,True,False,False,False,False
NHAI_AP_TADA_NELLORE,NHAI_Tada_Nellore_NH5_Vol_II.pdf,16,22376,AP_BR_OSM_W1498244122,Service Road,,True,False,False,False,False
NHAI_AP_TADA_NELLORE,NHAI_Tada_Nellore_NH5_Vol_II.pdf,16,22505,AP_BR_OSM_W1509394849,Service Road,,True,False,False,False,False
NHAI_AP_TADA_NELLORE,NHAI_Tada_Nellore_NH5_Vol_II.pdf,16,22506,AP_BR_OSM_W1509394850,Service Road,,True,False,False,False,False
NHAI_AP_TADA_NELLORE,NHAI_Tada_Nellore_NH5_Vol_II.pdf,16,22563,AP_BR_OSM_W1513126572,Service Road,,True,False,False,False,False
NHAI_AP_TADA_NELLORE,NHAI_Tada_Nellore_NH5_Vol_II.pdf,16,22564,AP_BR_OSM_W1513126574,Service Road,,True,False,False,False,False
NHAI_AP_TADA_NELLORE,NHAI_Tada_Nellore_NH5_Vol_II.pdf,16,22575,AP_BR_OSM_W1513577126,Service Road,,True,False,False,False,False
NHAI_AP_TADA_NELLORE,NHAI_Tada_Nellore_NH5_Vol_II.pdf,16,22704,AP_BR_OSM_W1523945375,Service Road,,True,False,False,False,False
NHAI_AP_TADA_NELLORE,NHAI_Tada_Nellore_NH5_Vol_II.pdf,16,22705,AP_BR_OSM_W1523945376,Service Road,,True,False,False,False,False
NHAI_AP_TADA_NELLORE,NHAI_Tada_Nellore_NH5_Vol_II.pdf,16,22719,AP_BR_OSM_W1524280480,Service Road,,True,False,False,False,False
NHAI_AP_TADA_NELLORE,NHAI_Tada_Nellore_NH5_Vol_II.pdf,16,22749,AP_BR_OSM_W1526081025,Service Road,,True,False,False,False,False
NHAI_AP_TADA_NELLORE,NHAI_Tada_Nellore_NH5_Vol_II.pdf,16,23069,AP_BR_OSM_W1534018757,Service Road,,True,False,False,False,False
NHAI_AP_TADA_NELLORE,NHAI_Tada_Nellore_NH5_Vol_II.pdf,16,23070,AP_BR_OSM_W1534018759,Service Road,,True,False,False,False,False
NHAI_AP_TADA_NELLORE,NHAI_Tada_Nellore_NH5_Vol_II.pdf,16,23139,AP_BR_OSM_W1540667922,Service Road,,True,False,False,False,False
NHAI_AP_TADA_NELLORE,NHAI_Tada_Nellore_NH5_Vol_II.pdf,16,23186,AP_BR_OSM_W1544023678,Service Road,,True,False,False,False,False
NHAI_AP_TADA_NELLORE,NHAI_Tada_Nellore_NH5_Vol_II.pdf,16,23187,AP_BR_OSM_W1544023680,Service Road,,True,False,False,False,False
NHAI_AP_TADA_NELLORE,NHAI_Tada_Nellore_NH5_Vol_II.pdf,16,23222,AP_BR_OSM_W1546593842,Service Road,,True,False,False,False,False
NHAI_AP_TADA_NELLORE,NHAI_Tada_Nellore_NH5_Vol_II.pdf,16,23223,AP_BR_OSM_W1546593845,Service Road,,True,False,False,False,False
NHAI_AP_TADA_NELLORE,NHAI_Tada_Nellore_NH5_Vol_II.pdf,16,2414,AP_BR_OSM_W480403927,Service Road,,True,False,False,False,False
NHAI_AP_TADA_NELLORE,NHAI_Tada_Nellore_NH5_Vol_II.pdf,16,2415,AP_BR_OSM_W480403929,Service Road,,True,False,False,False,False
NHAI_AP_TADA_NELLORE,NHAI_Tada_Nellore_NH5_Vol_II.pdf,16,4561,AP_BR_OSM_W673858216,Service Road,,True,False,False,False,False
NHAI_AP_TADA_NELLORE,NHAI_Tada_Nellore_NH5_Vol_II.pdf,16,4564,AP_BR_OSM_W673858223,Service Road,,True,False,False,False,False
NHAI_AP_TADA_NELLORE,NHAI_Tada_Nellore_NH5_Vol_II.pdf,16,6997,AP_BR_OSM_W826596384,Service Road,,True,False,False,False,False
NHAI_AP_TADA_NELLORE,NHAI_Tada_Nellore_NH5_Vol_II.pdf,16,6998,AP_BR_OSM_W826596386,Service Road,,True,False,False,False,False
NHAI_AP_TADA_NELLORE,NHAI_Tada_Nellore_NH5_Vol_II.pdf,16,7004,AP_BR_OSM_W826596400,Service Road,,True,False,False,False,False
NHAI_AP_TADA_NELLORE,NHAI_Tada_Nellore_NH5_Vol_II.pdf,16,7005,AP_BR_OSM_W826596402,Service Road,,True,False,False,False,False
NHAI_AP_TADA_NELLORE,NHAI_Tada_Nellore_NH5_Vol_II.pdf,16,7011,AP_BR_OSM_W826596413,Service Road,,True,False,False,False,False
NHAI_AP_TADA_NELLORE,NHAI_Tada_Nellore_NH5_Vol_II.pdf,16,7012,AP_BR_OSM_W826596416,Service Road,,True,False,False,False,False
NHAI_AP_TADA_NELLORE,NHAI_Tada_Nellore_NH5_Vol_II.pdf,16,7017,AP_BR_OSM_W826596424,Service Road,,True,False,False,False,False
NHAI_AP_TADA_NELLORE,NHAI_Tada_Nellore_NH5_Vol_II.pdf,16,7020,AP_BR_OSM_W826596430,Service Road,,True,False,False,False,False
NHAI_AP_TADA_NELLORE,NHAI_Tada_Nellore_NH5_Vol_II.pdf,16,7025,AP_BR_OSM_W826596440,Service Road,,True,False,False,False,False
NHAI_AP_TADA_NELLORE,NHAI_Tada_Nellore_NH5_Vol_II.pdf,16,7026,AP_BR_OSM_W826596442,Service Road,,True,False,False,False,False
NHAI_AP_TADA_NELLORE,NHAI_Tada_Nellore_NH5_Vol_II.pdf,16,7029,AP_BR_OSM_W826596445,Service Road,,True,False,False,False,False
NHAI_AP_TADA_NELLORE,NHAI_Tada_Nellore_NH5_Vol_II.pdf,16,7030,AP_BR_OSM_W826596449,Service Road,,True,False,False,False,False
NHAI_AP_TADA_NELLORE,NHAI_Tada_Nellore_NH5_Vol_II.pdf,16,7033,AP_BR_OSM_W826596455,Service Road,,True,False,False,False,False
NHAI_AP_TADA_NELLORE,NHAI_Tada_Nellore_NH5_Vol_II.pdf,16,7034,AP_BR_OSM_W826596458,Service Road,,True,False,False,False,False
NHAI_AP_TADA_NELLORE,NHAI_Tada_Nellore_NH5_Vol_II.pdf,16,7037,AP_BR_OSM_W826596464,Service Road,,True,False,False,False,False
NHAI_AP_TADA_NELLORE,NHAI_Tada_Nellore_NH5_Vol_II.pdf,16,7038,AP_BR_OSM_W826596466,Service Road,,True,False,False,False,False
NHAI_AP_TADA_NELLORE,NHAI_Tada_Nellore_NH5_Vol_II.pdf,16,7053,AP_BR_OSM_W826596490,Service Road,,True,False,False,False,False
NHAI_AP_TADA_NELLORE,NHAI_Tada_Nellore_NH5_Vol_II.pdf,16,7056,AP_BR_OSM_W826596496,Service Road,,True,False,False,False,False
NHAI_AP_TADA_NELLORE,NHAI_Tada_Nellore_NH5_Vol_II.pdf,16,8126,AP_BR_OSM_W839529008,Service Road,,True,False,False,False,False
NHAI_AP_TADA_NELLORE,NHAI_Tada_Nellore_NH5_Vol_II.pdf,16,8530,AP_BR_OSM_W843783103,Service Road,,True,False,False,False,False
NHAI_AP_TADA_NELLORE,NHAI_Tada_Nellore_NH5_Vol_II.pdf,16,8531,AP_BR_OSM_W843783106,Service Road,,True,False,False,False,False
NHAI_AP_TADA_NELLORE,NHAI_Tada_Nellore_NH5_Vol_II.pdf,16,9150,AP_BR_OSM_W845261050,Service Road,,True,False,False,False,False
NHAI_AP_TADA_NELLORE,NHAI_Tada_Nellore_NH5_Vol_II.pdf,16,12029,AP_BR_OSM_W851480115,Service Road,,True,False,False,False,False
NHAI_AP_TADA_NELLORE,NHAI_Tada_Nellore_NH5_Vol_II.pdf,16,12048,AP_BR_OSM_W851518401,Service Road,,True,False,False,False,False
NHAI_AP_TADA_NELLORE,NHAI_Tada_Nellore_NH5_Vol_II.pdf,16,12158,AP_BR_OSM_W852274598,Service Road,,True,False,False,False,False
NHAI_AP_TADA_NELLORE,NHAI_Tada_Nellore_NH5_Vol_II.pdf,16,12205,AP_BR_OSM_W852304662,Service Road,,True,False,False,False,False
NHAI_AP_TADA_NELLORE,NHAI_Tada_Nellore_NH5_Vol_II.pdf,16,12206,AP_BR_OSM_W852304667,Service Road,,True,False,False,False,False
NHAI_AP_TADA_NELLORE,NHAI_Tada_Nellore_NH5_Vol_II.pdf,16,12207,AP_BR_OSM_W852304670,Service Road,,True,False,False,False,False
NHAI_AP_TADA_NELLORE,NHAI_Tada_Nellore_NH5_Vol_II.pdf,16,12786,AP_BR_OSM_W854500413,Service Road,,True,False,False,False,False
NHAI_AP_TADA_NELLORE,NHAI_Tada_Nellore_NH5_Vol_II.pdf,16,12789,AP_BR_OSM_W854500419,Service Road,,True,False,False,False,False
NHAI_AP_TADA_NELLORE,NHAI_Tada_Nellore_NH5_Vol_II.pdf,16,12790,AP_BR_OSM_W854500422,Service Road,,True,False,False,False,False
NHAI_AP_TADA_NELLORE,NHAI_Tada_Nellore_NH5_Vol_II.pdf,16,12793,AP_BR_OSM_W854500428,Service Road,,True,False,False,False,False
NHAI_AP_TADA_NELLORE,NHAI_Tada_Nellore_NH5_Vol_II.pdf,16,12794,AP_BR_OSM_W854500429,Service Road,,True,False,False,False,False
NHAI_AP_TADA_NELLORE,NHAI_Tada_Nellore_NH5_Vol_II.pdf,16,12797,AP_BR_OSM_W854500435,Service Road,,True,False,False,False,False
NHAI_AP_TADA_NELLORE,NHAI_Tada_Nellore_NH5_Vol_II.pdf,16,12836,AP_BR_OSM_W855374531,Service Road,,True,False,False,False,False
NHAI_AP_TADA_NELLORE,NHAI_Tada_Nellore_NH5_Vol_II.pdf,16,12839,AP_BR_OSM_W855376825,Service Road,,True,False,False,False,False
NHAI_AP_TADA_NELLORE,NHAI_Tada_Nellore_NH5_Vol_II.pdf,16,12840,AP_BR_OSM_W855376827,Service Road,,True,False,False,False,False
NHAI_AP_TADA_NELLORE,NHAI_Tada_Nellore_NH5_Vol_II.pdf,19,14881,AP_BR_OSM_W1081167107,Service Road,,False,False,False,False,False
NHAI_AP_TADA_NELLORE,NHAI_Tada_Nellore_NH5_Vol_II.pdf,19,14905,AP_BR_OSM_W1086848414,Service Road,,False,False,False,False,False
NHAI_AP_TADA_NELLORE,NHAI_Tada_Nellore_NH5_Vol_II.pdf,19,14906,AP_BR_OSM_W1086848416,Service Road,,False,False,False,False,False
NHAI_AP_TADA_NELLORE,NHAI_Tada_Nellore_NH5_Vol_II.pdf,19,14911,AP_BR_OSM_W1086848436,Service Road,,False,False,False,False,False
NHAI_AP_TADA_NELLORE,NHAI_Tada_Nellore_NH5_Vol_II.pdf,19,14913,AP_BR_OSM_W1086848440,Service Road,,False,False,False,False,False
NHAI_AP_TADA_NELLORE,NHAI_Tada_Nellore_NH5_Vol_II.pdf,19,14980,AP_BR_OSM_W1088411426,Service Road,,False,False,False,False,False
NHAI_AP_TADA_NELLORE,NHAI_Tada_Nellore_NH5_Vol_II.pdf,19,14983,AP_BR_OSM_W1088411432,Service Road,,False,False,False,False,False
NHAI_AP_TADA_NELLORE,NHAI_Tada_Nellore_NH5_Vol_II.pdf,19,14990,AP_BR_OSM_W1088411472,Service Road,,False,False,False,False,False
NHAI_AP_TADA_NELLORE,NHAI_Tada_Nellore_NH5_Vol_II.pdf,19,14991,AP_BR_OSM_W1088411473,Service Road,,False,False,False,False,False
NHAI_AP_TADA_NELLORE,NHAI_Tada_Nellore_NH5_Vol_II.pdf,19,14992,AP_BR_OSM_W1088411477,Service Road,,False,False,False,False,False
NHAI_AP_TADA_NELLORE,NHAI_Tada_Nellore_NH5_Vol_II.pdf,19,14993,AP_BR_OSM_W1088411479,Service Road,,False,False,False,False,False
NHAI_AP_TADA_NELLORE,NHAI_Tada_Nellore_NH5_Vol_II.pdf,19,14999,AP_BR_OSM_W1088426820,Service Road,,False,False,False,False,False
NHAI_AP_TADA_NELLORE,NHAI_Tada_Nellore_NH5_Vol_II.pdf,19,15000,AP_BR_OSM_W1088426833,Service Road,,False,False,False,False,False
NHAI_AP_TADA_NELLORE,NHAI_Tada_Nellore_NH5_Vol_II.pdf,19,15001,AP_BR_OSM_W1088426835,Service Road,,False,False,False,False,False
NHAI_AP_TADA_NELLORE,NHAI_Tada_Nellore_NH5_Vol_II.pdf,19,15026,AP_BR_OSM_W1088463022,Service Road,,False,False,False,False,False
NHAI_AP_TADA_NELLORE,NHAI_Tada_Nellore_NH5_Vol_II.pdf,19,15027,AP_BR_OSM_W1088463024,Service Road,,False,False,False,False,False
NHAI_AP_TADA_NELLORE,NHAI_Tada_Nellore_NH5_Vol_II.pdf,19,15055,AP_BR_OSM_W1089450070,Service Road,,False,False,False,False,False
NHAI_AP_TADA_NELLORE,NHAI_Tada_Nellore_NH5_Vol_II.pdf,19,15058,AP_BR_OSM_W1089450073,Service Road,,False,False,False,False,False
NHAI_AP_TADA_NELLORE,NHAI_Tada_Nellore_NH5_Vol_II.pdf,19,15059,AP_BR_OSM_W1089450078,Service Road,,False,False,False,False,False
NHAI_AP_TADA_NELLORE,NHAI_Tada_Nellore_NH5_Vol_II.pdf,19,15062,AP_BR_OSM_W1089450081,Service Road,,False,False,False,False,False
NHAI_AP_TADA_NELLORE,NHAI_Tada_Nellore_NH5_Vol_II.pdf,19,15147,AP_BR_OSM_W1120249872,Service Road,,False,False,False,False,False
NHAI_AP_TADA_NELLORE,NHAI_Tada_Nellore_NH5_Vol_II.pdf,19,15215,AP_BR_OSM_W1155071501,Service Road,,False,False,False,False,False
NHAI_AP_TADA_NELLORE,NHAI_Tada_Nellore_NH5_Vol_II.pdf,19,15216,AP_BR_OSM_W1155071503,Service Road,,False,False,False,False,False
NHAI_AP_TADA_NELLORE,NHAI_Tada_Nellore_NH5_Vol_II.pdf,19,15451,AP_BR_OSM_W1191649245,Service Road,,False,False,False,False,False
NHAI_AP_TADA_NELLORE,NHAI_Tada_Nellore_NH5_Vol_II.pdf,19,15648,AP_BR_OSM_W1225609297,Service Road,,False,False,False,False,False
NHAI_AP_TADA_NELLORE,NHAI_Tada_Nellore_NH5_Vol_II.pdf,19,15700,AP_BR_OSM_W1232731403,Service Road,,False,False,False,False,False
NHAI_AP_TADA_NELLORE,NHAI_Tada_Nellore_NH5_Vol_II.pdf,19,15703,AP_BR_OSM_W1232731423,Service Road,,False,False,False,False,False
NHAI_AP_TADA_NELLORE,NHAI_Tada_Nellore_NH5_Vol_II.pdf,19,15745,AP_BR_OSM_W1237976449,Service Road,,False,False,False,False,False
NHAI_AP_TADA_NELLORE,NHAI_Tada_Nellore_NH5_Vol_II.pdf,19,15757,AP_BR_OSM_W1237978378,Service Road,,False,False,False,False,False
NHAI_AP_TADA_NELLORE,NHAI_Tada_Nellore_NH5_Vol_II.pdf,19,15761,AP_BR_OSM_W1237978510,Service Road,,False,False,False,False,False
NHAI_AP_TADA_NELLORE,NHAI_Tada_Nellore_NH5_Vol_II.pdf,19,15763,AP_BR_OSM_W1237978514,Service Road,,False,False,False,False,False
NHAI_AP_TADA_NELLORE,NHAI_Tada_Nellore_NH5_Vol_II.pdf,19,15774,AP_BR_OSM_W1237979758,Service Road,,False,False,False,False,False
NHAI_AP_TADA_NELLORE,NHAI_Tada_Nellore_NH5_Vol_II.pdf,19,15776,AP_BR_OSM_W1237979762,Service Road,,False,False,False,False,False
NHAI_AP_TADA_NELLORE,NHAI_Tada_Nellore_NH5_Vol_II.pdf,19,15992,AP_BR_OSM_W1243542316,Service Road,,False,False,False,False,False
NHAI_AP_TADA_NELLORE,NHAI_Tada_Nellore_NH5_Vol_II.pdf,19,15995,AP_BR_OSM_W1243542321,Service Road,,False,False,False,False,False
NHAI_AP_TADA_NELLORE,NHAI_Tada_Nellore_NH5_Vol_II.pdf,19,16013,AP_BR_OSM_W1245312598,Service Road,,False,False,False,False,False
NHAI_AP_TADA_NELLORE,NHAI_Tada_Nellore_NH5_Vol_II.pdf,19,16014,AP_BR_OSM_W1245312599,Service Road,,False,False,False,False,False
NHAI_AP_TADA_NELLORE,NHAI_Tada_Nellore_NH5_Vol_II.pdf,19,16681,AP_BR_OSM_W1273875767,Service Road,,False,False,False,False,False
NHAI_AP_TADA_NELLORE,NHAI_Tada_Nellore_NH5_Vol_II.pdf,19,16682,AP_BR_OSM_W1273875769,Service Road,,False,False,False,False,False
NHAI_AP_TADA_NELLORE,NHAI_Tada_Nellore_NH5_Vol_II.pdf,19,16684,AP_BR_OSM_W1273875773,Service Road,,False,False,False,False,False
NHAI_AP_TADA_NELLORE,NHAI_Tada_Nellore_NH5_Vol_II.pdf,19,16685,AP_BR_OSM_W1273875775,Service Road,,False,False,False,False,False
NHAI_AP_TADA_NELLORE,NHAI_Tada_Nellore_NH5_Vol_II.pdf,19,16690,AP_BR_OSM_W1273875815,Service Road,,False,False,False,False,False
NHAI_AP_TADA_NELLORE,NHAI_Tada_Nellore_NH5_Vol_II.pdf,19,16691,AP_BR_OSM_W1273875817,Service Road,,False,False,False,False,False
NHAI_AP_TADA_NELLORE,NHAI_Tada_Nellore_NH5_Vol_II.pdf,19,16708,AP_BR_OSM_W1273875869,Service Road,,False,False,False,False,False
NHAI_AP_TADA_NELLORE,NHAI_Tada_Nellore_NH5_Vol_II.pdf,19,16711,AP_BR_OSM_W1273875875,Service Road,,False,False,False,False,False
NHAI_AP_TADA_NELLORE,NHAI_Tada_Nellore_NH5_Vol_II.pdf,19,16712,AP_BR_OSM_W1273875877,Service Road,,False,False,False,False,False
NHAI_AP_TADA_NELLORE,NHAI_Tada_Nellore_NH5_Vol_II.pdf,19,17429,AP_BR_OSM_W1306892617,Service Road,,False,False,False,False,False
NHAI_AP_TADA_NELLORE,NHAI_Tada_Nellore_NH5_Vol_II.pdf,19,17432,AP_BR_OSM_W1306892623,Service Road,,False,False,False,False,False
NHAI_AP_TADA_NELLORE,NHAI_Tada_Nellore_NH5_Vol_II.pdf,19,17849,AP_BR_OSM_W1324235692,Service Road,,False,False,False,False,False
NHAI_AP_TADA_NELLORE,NHAI_Tada_Nellore_NH5_Vol_II.pdf,19,18022,AP_BR_OSM_W1329295334,Service Road,,False,False,False,False,False
NHAI_AP_TADA_NELLORE,NHAI_Tada_Nellore_NH5_Vol_II.pdf,19,18025,AP_BR_OSM_W1329295340,Service Road,,False,False,False,False,False
NHAI_AP_TADA_NELLORE,NHAI_Tada_Nellore_NH5_Vol_II.pdf,19,18788,AP_BR_OSM_W1362529455,Service Road,,False,False,False,False,False
NHAI_AP_TADA_NELLORE,NHAI_Tada_Nellore_NH5_Vol_II.pdf,19,18789,AP_BR_OSM_W1362529457,Service Road,,False,False,False,False,False
NHAI_AP_TADA_NELLORE,NHAI_Tada_Nellore_NH5_Vol_II.pdf,19,18821,AP_BR_OSM_W1367602016,Service Road,,False,False,False,False,False
NHAI_AP_TADA_NELLORE,NHAI_Tada_Nellore_NH5_Vol_II.pdf,19,18878,AP_BR_OSM_W1384358138,Service Road,,False,False,False,False,False
NHAI_AP_TADA_NELLORE,NHAI_Tada_Nellore_NH5_Vol_II.pdf,19,21538,AP_BR_OSM_W1451125171,Service Road,,False,False,False,False,False
NHAI_AP_TADA_NELLORE,NHAI_Tada_Nellore_NH5_Vol_II.pdf,19,21997,AP_BR_OSM_W1463702254,Service Road,,False,False,False,False,False
NHAI_AP_TADA_NELLORE,NHAI_Tada_Nellore_NH5_Vol_II.pdf,19,21998,AP_BR_OSM_W1463702255,Service Road,,False,False,False,False,False
NHAI_AP_TADA_NELLORE,NHAI_Tada_Nellore_NH5_Vol_II.pdf,19,22040,AP_BR_OSM_W1467110239,Service Road,,False,False,False,False,False
NHAI_AP_TADA_NELLORE,NHAI_Tada_Nellore_NH5_Vol_II.pdf,19,22094,AP_BR_OSM_W1470248110,Service Road,,False,False,False,False,False
NHAI_AP_TADA_NELLORE,NHAI_Tada_Nellore_NH5_Vol_II.pdf,19,22095,AP_BR_OSM_W1470248112,Service Road,,False,False,False,False,False
NHAI_AP_TADA_NELLORE,NHAI_Tada_Nellore_NH5_Vol_II.pdf,19,22096,AP_BR_OSM_W1470248115,Service Road,,False,False,False,False,False
NHAI_AP_TADA_NELLORE,NHAI_Tada_Nellore_NH5_Vol_II.pdf,19,22097,AP_BR_OSM_W1470248117,Service Road,,False,False,False,False,False
NHAI_AP_TADA_NELLORE,NHAI_Tada_Nellore_NH5_Vol_II.pdf,19,22098,AP_BR_OSM_W1470254032,Service Road,,False,False,False,False,False
NHAI_AP_TADA_NELLORE,NHAI_Tada_Nellore_NH5_Vol_II.pdf,19,22099,AP_BR_OSM_W1470254034,Service Road,,False,False,False,False,False
NHAI_AP_TADA_NELLORE,NHAI_Tada_Nellore_NH5_Vol_II.pdf,19,22100,AP_BR_OSM_W1470254037,Service Road,,False,False,False,False,False
NHAI_AP_TADA_NELLORE,NHAI_Tada_Nellore_NH5_Vol_II.pdf,19,22101,AP_BR_OSM_W1470254039,Service Road,,False,False,False,False,False
NHAI_AP_TADA_NELLORE,NHAI_Tada_Nellore_NH5_Vol_II.pdf,19,22102,AP_BR_OSM_W1470254042,Service Road,,False,False,False,False,False
NHAI_AP_TADA_NELLORE,NHAI_Tada_Nellore_NH5_Vol_II.pdf,19,22103,AP_BR_OSM_W1470254595,Service Road,,False,False,False,False,False
NHAI_AP_TADA_NELLORE,NHAI_Tada_Nellore_NH5_Vol_II.pdf,19,22104,AP_BR_OSM_W1470254597,Service Road,,False,False,False,False,False
NHAI_AP_TADA_NELLORE,NHAI_Tada_Nellore_NH5_Vol_II.pdf,19,22304,AP_BR_OSM_W1492140167,Service Road,,False,False,False,False,False
NHAI_AP_TADA_NELLORE,NHAI_Tada_Nellore_NH5_Vol_II.pdf,19,22305,AP_BR_OSM_W1492140169,Service Road,,False,False,False,False,False
NHAI_AP_TADA_NELLORE,NHAI_Tada_Nellore_NH5_Vol_II.pdf,19,22362,AP_BR_OSM_W1498208935,Service Road,,False,False,False,False,False
NHAI_AP_TADA_NELLORE,NHAI_Tada_Nellore_NH5_Vol_II.pdf,19,22365,AP_BR_OSM_W1498208941,Service Road,,False,False,False,False,False
NHAI_AP_TADA_NELLORE,NHAI_Tada_Nellore_NH5_Vol_II.pdf,19,22376,AP_BR_OSM_W1498244122,Service Road,,False,False,False,False,False
NHAI_AP_TADA_NELLORE,NHAI_Tada_Nellore_NH5_Vol_II.pdf,19,22505,AP_BR_OSM_W1509394849,Service Road,,False,False,False,False,False
NHAI_AP_TADA_NELLORE,NHAI_Tada_Nellore_NH5_Vol_II.pdf,19,22506,AP_BR_OSM_W1509394850,Service Road,,False,False,False,False,False
NHAI_AP_TADA_NELLORE,NHAI_Tada_Nellore_NH5_Vol_II.pdf,19,22563,AP_BR_OSM_W1513126572,Service Road,,False,False,False,False,False
NHAI_AP_TADA_NELLORE,NHAI_Tada_Nellore_NH5_Vol_II.pdf,19,22564,AP_BR_OSM_W1513126574,Service Road,,False,False,False,False,False
NHAI_AP_TADA_NELLORE,NHAI_Tada_Nellore_NH5_Vol_II.pdf,19,22575,AP_BR_OSM_W1513577126,Service Road,,False,False,False,False,False
NHAI_AP_TADA_NELLORE,NHAI_Tada_Nellore_NH5_Vol_II.pdf,19,22704,AP_BR_OSM_W1523945375,Service Road,,False,False,False,False,False
NHAI_AP_TADA_NELLORE,NHAI_Tada_Nellore_NH5_Vol_II.pdf,19,22705,AP_BR_OSM_W1523945376,Service Road,,False,False,False,False,False
NHAI_AP_TADA_NELLORE,NHAI_Tada_Nellore_NH5_Vol_II.pdf,19,22719,AP_BR_OSM_W1524280480,Service Road,,False,False,False,False,False
NHAI_AP_TADA_NELLORE,NHAI_Tada_Nellore_NH5_Vol_II.pdf,19,22749,AP_BR_OSM_W1526081025,Service Road,,False,False,False,False,False
NHAI_AP_TADA_NELLORE,NHAI_Tada_Nellore_NH5_Vol_II.pdf,19,23069,AP_BR_OSM_W1534018757,Service Road,,False,False,False,False,False
NHAI_AP_TADA_NELLORE,NHAI_Tada_Nellore_NH5_Vol_II.pdf,19,23070,AP_BR_OSM_W1534018759,Service Road,,False,False,False,False,False
NHAI_AP_TADA_NELLORE,NHAI_Tada_Nellore_NH5_Vol_II.pdf,19,23139,AP_BR_OSM_W1540667922,Service Road,,False,False,False,False,False
NHAI_AP_TADA_NELLORE,NHAI_Tada_Nellore_NH5_Vol_II.pdf,19,23186,AP_BR_OSM_W1544023678,Service Road,,False,False,False,False,False
NHAI_AP_TADA_NELLORE,NHAI_Tada_Nellore_NH5_Vol_II.pdf,19,23187,AP_BR_OSM_W1544023680,Service Road,,False,False,False,False,False
NHAI_AP_TADA_NELLORE,NHAI_Tada_Nellore_NH5_Vol_II.pdf,19,23222,AP_BR_OSM_W1546593842,Service Road,,False,False,False,False,False
NHAI_AP_TADA_NELLORE,NHAI_Tada_Nellore_NH5_Vol_II.pdf,19,23223,AP_BR_OSM_W1546593845,Service Road,,False,False,False,False,False
NHAI_AP_TADA_NELLORE,NHAI_Tada_Nellore_NH5_Vol_II.pdf,19,2414,AP_BR_OSM_W480403927,Service Road,,False,False,False,False,False
NHAI_AP_TADA_NELLORE,NHAI_Tada_Nellore_NH5_Vol_II.pdf,19,2415,AP_BR_OSM_W480403929,Service Road,,False,False,False,False,False
NHAI_AP_TADA_NELLORE,NHAI_Tada_Nellore_NH5_Vol_II.pdf,19,4561,AP_BR_OSM_W673858216,Service Road,,False,False,False,False,False
NHAI_AP_TADA_NELLORE,NHAI_Tada_Nellore_NH5_Vol_II.pdf,19,4564,AP_BR_OSM_W673858223,Service Road,,False,False,False,False,False
NHAI_AP_TADA_NELLORE,NHAI_Tada_Nellore_NH5_Vol_II.pdf,19,6997,AP_BR_OSM_W826596384,Service Road,,False,False,False,False,False
NHAI_AP_TADA_NELLORE,NHAI_Tada_Nellore_NH5_Vol_II.pdf,19,6998,AP_BR_OSM_W826596386,Service Road,,False,False,False,False,False
NHAI_AP_TADA_NELLORE,NHAI_Tada_Nellore_NH5_Vol_II.pdf,19,7004,AP_BR_OSM_W826596400,Service Road,,False,False,False,False,False
NHAI_AP_TADA_NELLORE,NHAI_Tada_Nellore_NH5_Vol_II.pdf,19,7005,AP_BR_OSM_W826596402,Service Road,,False,False,False,False,False
NHAI_AP_TADA_NELLORE,NHAI_Tada_Nellore_NH5_Vol_II.pdf,19,7011,AP_BR_OSM_W826596413,Service Road,,False,False,False,False,False
NHAI_AP_TADA_NELLORE,NHAI_Tada_Nellore_NH5_Vol_II.pdf,19,7012,AP_BR_OSM_W826596416,Service Road,,False,False,False,False,False
NHAI_AP_TADA_NELLORE,NHAI_Tada_Nellore_NH5_Vol_II.pdf,19,7017,AP_BR_OSM_W826596424,Service Road,,False,False,False,False,False
NHAI_AP_TADA_NELLORE,NHAI_Tada_Nellore_NH5_Vol_II.pdf,19,7020,AP_BR_OSM_W826596430,Service Road,,False,False,False,False,False
NHAI_AP_TADA_NELLORE,NHAI_Tada_Nellore_NH5_Vol_II.pdf,19,7025,AP_BR_OSM_W826596440,Service Road,,False,False,False,False,False
NHAI_AP_TADA_NELLORE,NHAI_Tada_Nellore_NH5_Vol_II.pdf,19,7026,AP_BR_OSM_W826596442,Service Road,,False,False,False,False,False
NHAI_AP_TADA_NELLORE,NHAI_Tada_Nellore_NH5_Vol_II.pdf,19,7029,AP_BR_OSM_W826596445,Service Road,,False,False,False,False,False
NHAI_AP_TADA_NELLORE,NHAI_Tada_Nellore_NH5_Vol_II.pdf,19,7030,AP_BR_OSM_W826596449,Service Road,,False,False,False,False,False
NHAI_AP_TADA_NELLORE,NHAI_Tada_Nellore_NH5_Vol_II.pdf,19,7033,AP_BR_OSM_W826596455,Service Road,,False,False,False,False,False
NHAI_AP_TADA_NELLORE,NHAI_Tada_Nellore_NH5_Vol_II.pdf,19,7034,AP_BR_OSM_W826596458,Service Road,,False,False,False,False,False
NHAI_AP_TADA_NELLORE,NHAI_Tada_Nellore_NH5_Vol_II.pdf,19,7037,AP_BR_OSM_W826596464,Service Road,,False,False,False,False,False
NHAI_AP_TADA_NELLORE,NHAI_Tada_Nellore_NH5_Vol_II.pdf,19,7038,AP_BR_OSM_W826596466,Service Road,,False,False,False,False,False
NHAI_AP_TADA_NELLORE,NHAI_Tada_Nellore_NH5_Vol_II.pdf,19,7053,AP_BR_OSM_W826596490,Service Road,,False,False,False,False,False
NHAI_AP_TADA_NELLORE,NHAI_Tada_Nellore_NH5_Vol_II.pdf,19,7056,AP_BR_OSM_W826596496,Service Road,,False,False,False,False,False
NHAI_AP_TADA_NELLORE,NHAI_Tada_Nellore_NH5_Vol_II.pdf,19,8126,AP_BR_OSM_W839529008,Service Road,,False,False,False,False,False
NHAI_AP_TADA_NELLORE,NHAI_Tada_Nellore_NH5_Vol_II.pdf,19,8530,AP_BR_OSM_W843783103,Service Road,,False,False,False,False,False
NHAI_AP_TADA_NELLORE,NHAI_Tada_Nellore_NH5_Vol_II.pdf,19,8531,AP_BR_OSM_W843783106,Service Road,,False,False,False,False,False
NHAI_AP_TADA_NELLORE,NHAI_Tada_Nellore_NH5_Vol_II.pdf,19,9150,AP_BR_OSM_W845261050,Service Road,,False,False,False,False,False
NHAI_AP_TADA_NELLORE,NHAI_Tada_Nellore_NH5_Vol_II.pdf,19,12029,AP_BR_OSM_W851480115,Service Road,,False,False,False,False,False
NHAI_AP_TADA_NELLORE,NHAI_Tada_Nellore_NH5_Vol_II.pdf,19,12048,AP_BR_OSM_W851518401,Service Road,,False,False,False,False,False
NHAI_AP_TADA_NELLORE,NHAI_Tada_Nellore_NH5_Vol_II.pdf,19,12158,AP_BR_OSM_W852274598,Service Road,,False,False,False,False,False
NHAI_AP_TADA_NELLORE,NHAI_Tada_Nellore_NH5_Vol_II.pdf,19,12205,AP_BR_OSM_W852304662,Service Road,,False,False,False,False,False
NHAI_AP_TADA_NELLORE,NHAI_Tada_Nellore_NH5_Vol_II.pdf,19,12206,AP_BR_OSM_W852304667,Service Road,,False,False,False,False,False
NHAI_AP_TADA_NELLORE,NHAI_Tada_Nellore_NH5_Vol_II.pdf,19,12207,AP_BR_OSM_W852304670,Service Road,,False,False,False,False,False
NHAI_AP_TADA_NELLORE,NHAI_Tada_Nellore_NH5_Vol_II.pdf,19,12786,AP_BR_OSM_W854500413,Service Road,,False,False,False,False,False
NHAI_AP_TADA_NELLORE,NHAI_Tada_Nellore_NH5_Vol_II.pdf,19,12789,AP_BR_OSM_W854500419,Service Road,,False,False,False,False,False
NHAI_AP_TADA_NELLORE,NHAI_Tada_Nellore_NH5_Vol_II.pdf,19,12790,AP_BR_OSM_W854500422,Service Road,,False,False,False,False,False
NHAI_AP_TADA_NELLORE,NHAI_Tada_Nellore_NH5_Vol_II.pdf,19,12793,AP_BR_OSM_W854500428,Service Road,,False,False,False,False,False
NHAI_AP_TADA_NELLORE,NHAI_Tada_Nellore_NH5_Vol_II.pdf,19,12794,AP_BR_OSM_W854500429,Service Road,,False,False,False,False,False
NHAI_AP_TADA_NELLORE,NHAI_Tada_Nellore_NH5_Vol_II.pdf,19,12797,AP_BR_OSM_W854500435,Service Road,,False,False,False,False,False
NHAI_AP_TADA_NELLORE,NHAI_Tada_Nellore_NH5_Vol_II.pdf,19,12836,AP_BR_OSM_W855374531,Service Road,,False,False,False,False,False
NHAI_AP_TADA_NELLORE,NHAI_Tada_Nellore_NH5_Vol_II.pdf,19,12839,AP_BR_OSM_W855376825,Service Road,,False,False,False,False,False
NHAI_AP_TADA_NELLORE,NHAI_Tada_Nellore_NH5_Vol_II.pdf,19,12840,AP_BR_OSM_W855376827,Service Road,,False,False,False,False,False
NHAI_AP_TADA_NELLORE,NHAI_Tada_Nellore_NH5_Vol_II.pdf,21,17924,AP_BR_OSM_W1327825130,Railway Track,,True,True,True,False,False
NHAI_AP_TADA_NELLORE,NHAI_Tada_Nellore_NH5_Vol_II.pdf,24,14881,AP_BR_OSM_W1081167107,Service Road,,True,False,True,False,False
NHAI_AP_TADA_NELLORE,NHAI_Tada_Nellore_NH5_Vol_II.pdf,24,14905,AP_BR_OSM_W1086848414,Service Road,,True,False,True,False,False
NHAI_AP_TADA_NELLORE,NHAI_Tada_Nellore_NH5_Vol_II.pdf,24,14906,AP_BR_OSM_W1086848416,Service Road,,True,False,True,False,False
NHAI_AP_TADA_NELLORE,NHAI_Tada_Nellore_NH5_Vol_II.pdf,24,14911,AP_BR_OSM_W1086848436,Service Road,,True,False,True,False,False
NHAI_AP_TADA_NELLORE,NHAI_Tada_Nellore_NH5_Vol_II.pdf,24,14913,AP_BR_OSM_W1086848440,Service Road,,True,False,True,False,False
NHAI_AP_TADA_NELLORE,NHAI_Tada_Nellore_NH5_Vol_II.pdf,24,14980,AP_BR_OSM_W1088411426,Service Road,,True,False,True,False,False
NHAI_AP_TADA_NELLORE,NHAI_Tada_Nellore_NH5_Vol_II.pdf,24,14983,AP_BR_OSM_W1088411432,Service Road,,True,False,True,False,False
NHAI_AP_TADA_NELLORE,NHAI_Tada_Nellore_NH5_Vol_II.pdf,24,14990,AP_BR_OSM_W1088411472,Service Road,,True,False,True,False,False
NHAI_AP_TADA_NELLORE,NHAI_Tada_Nellore_NH5_Vol_II.pdf,24,14991,AP_BR_OSM_W1088411473,Service Road,,True,False,True,False,False
NHAI_AP_TADA_NELLORE,NHAI_Tada_Nellore_NH5_Vol_II.pdf,24,14992,AP_BR_OSM_W1088411477,Service Road,,True,False,True,False,False
NHAI_AP_TADA_NELLORE,NHAI_Tada_Nellore_NH5_Vol_II.pdf,24,14993,AP_BR_OSM_W1088411479,Service Road,,True,False,True,False,False
NHAI_AP_TADA_NELLORE,NHAI_Tada_Nellore_NH5_Vol_II.pdf,24,14999,AP_BR_OSM_W1088426820,Service Road,,True,False,True,False,False
NHAI_AP_TADA_NELLORE,NHAI_Tada_Nellore_NH5_Vol_II.pdf,24,15000,AP_BR_OSM_W1088426833,Service Road,,True,False,True,False,False
NHAI_AP_TADA_NELLORE,NHAI_Tada_Nellore_NH5_Vol_II.pdf,24,15001,AP_BR_OSM_W1088426835,Service Road,,True,False,True,False,False
NHAI_AP_TADA_NELLORE,NHAI_Tada_Nellore_NH5_Vol_II.pdf,24,15026,AP_BR_OSM_W1088463022,Service Road,,True,False,True,False,False
NHAI_AP_TADA_NELLORE,NHAI_Tada_Nellore_NH5_Vol_II.pdf,24,15027,AP_BR_OSM_W1088463024,Service Road,,True,False,True,False,False
NHAI_AP_TADA_NELLORE,NHAI_Tada_Nellore_NH5_Vol_II.pdf,24,15055,AP_BR_OSM_W1089450070,Service Road,,True,False,True,False,False
NHAI_AP_TADA_NELLORE,NHAI_Tada_Nellore_NH5_Vol_II.pdf,24,15058,AP_BR_OSM_W1089450073,Service Road,,True,False,True,False,False
NHAI_AP_TADA_NELLORE,NHAI_Tada_Nellore_NH5_Vol_II.pdf,24,15059,AP_BR_OSM_W1089450078,Service Road,,True,False,True,False,False
NHAI_AP_TADA_NELLORE,NHAI_Tada_Nellore_NH5_Vol_II.pdf,24,15062,AP_BR_OSM_W1089450081,Service Road,,True,False,True,False,False
NHAI_AP_TADA_NELLORE,NHAI_Tada_Nellore_NH5_Vol_II.pdf,24,15147,AP_BR_OSM_W1120249872,Service Road,,True,False,True,False,False
NHAI_AP_TADA_NELLORE,NHAI_Tada_Nellore_NH5_Vol_II.pdf,24,15215,AP_BR_OSM_W1155071501,Service Road,,True,False,True,False,False
NHAI_AP_TADA_NELLORE,NHAI_Tada_Nellore_NH5_Vol_II.pdf,24,15216,AP_BR_OSM_W1155071503,Service Road,,True,False,True,False,False
NHAI_AP_TADA_NELLORE,NHAI_Tada_Nellore_NH5_Vol_II.pdf,24,15451,AP_BR_OSM_W1191649245,Service Road,,True,False,True,False,False
NHAI_AP_TADA_NELLORE,NHAI_Tada_Nellore_NH5_Vol_II.pdf,24,15648,AP_BR_OSM_W1225609297,Service Road,,True,False,True,False,False
NHAI_AP_TADA_NELLORE,NHAI_Tada_Nellore_NH5_Vol_II.pdf,24,15700,AP_BR_OSM_W1232731403,Service Road,,True,False,True,False,False
NHAI_AP_TADA_NELLORE,NHAI_Tada_Nellore_NH5_Vol_II.pdf,24,15703,AP_BR_OSM_W1232731423,Service Road,,True,False,True,False,False
NHAI_AP_TADA_NELLORE,NHAI_Tada_Nellore_NH5_Vol_II.pdf,24,15745,AP_BR_OSM_W1237976449,Service Road,,True,False,True,False,False
NHAI_AP_TADA_NELLORE,NHAI_Tada_Nellore_NH5_Vol_II.pdf,24,15757,AP_BR_OSM_W1237978378,Service Road,,True,False,True,False,False
NHAI_AP_TADA_NELLORE,NHAI_Tada_Nellore_NH5_Vol_II.pdf,24,15761,AP_BR_OSM_W1237978510,Service Road,,True,False,True,False,False
NHAI_AP_TADA_NELLORE,NHAI_Tada_Nellore_NH5_Vol_II.pdf,24,15763,AP_BR_OSM_W1237978514,Service Road,,True,False,True,False,False
NHAI_AP_TADA_NELLORE,NHAI_Tada_Nellore_NH5_Vol_II.pdf,24,15774,AP_BR_OSM_W1237979758,Service Road,,True,False,True,False,False
NHAI_AP_TADA_NELLORE,NHAI_Tada_Nellore_NH5_Vol_II.pdf,24,15776,AP_BR_OSM_W1237979762,Service Road,,True,False,True,False,False
NHAI_AP_TADA_NELLORE,NHAI_Tada_Nellore_NH5_Vol_II.pdf,24,15992,AP_BR_OSM_W1243542316,Service Road,,True,False,True,False,False
NHAI_AP_TADA_NELLORE,NHAI_Tada_Nellore_NH5_Vol_II.pdf,24,15995,AP_BR_OSM_W1243542321,Service Road,,True,False,True,False,False
NHAI_AP_TADA_NELLORE,NHAI_Tada_Nellore_NH5_Vol_II.pdf,24,16013,AP_BR_OSM_W1245312598,Service Road,,True,False,True,False,False
NHAI_AP_TADA_NELLORE,NHAI_Tada_Nellore_NH5_Vol_II.pdf,24,16014,AP_BR_OSM_W1245312599,Service Road,,True,False,True,False,False
NHAI_AP_TADA_NELLORE,NHAI_Tada_Nellore_NH5_Vol_II.pdf,24,16681,AP_BR_OSM_W1273875767,Service Road,,True,False,True,False,False
NHAI_AP_TADA_NELLORE,NHAI_Tada_Nellore_NH5_Vol_II.pdf,24,16682,AP_BR_OSM_W1273875769,Service Road,,True,False,True,False,False
NHAI_AP_TADA_NELLORE,NHAI_Tada_Nellore_NH5_Vol_II.pdf,24,16684,AP_BR_OSM_W1273875773,Service Road,,True,False,True,False,False
NHAI_AP_TADA_NELLORE,NHAI_Tada_Nellore_NH5_Vol_II.pdf,24,16685,AP_BR_OSM_W1273875775,Service Road,,True,False,True,False,False
NHAI_AP_TADA_NELLORE,NHAI_Tada_Nellore_NH5_Vol_II.pdf,24,16690,AP_BR_OSM_W1273875815,Service Road,,True,False,True,False,False
NHAI_AP_TADA_NELLORE,NHAI_Tada_Nellore_NH5_Vol_II.pdf,24,16691,AP_BR_OSM_W1273875817,Service Road,,True,False,True,False,False
NHAI_AP_TADA_NELLORE,NHAI_Tada_Nellore_NH5_Vol_II.pdf,24,16708,AP_BR_OSM_W1273875869,Service Road,,True,False,True,False,False
NHAI_AP_TADA_NELLORE,NHAI_Tada_Nellore_NH5_Vol_II.pdf,24,16711,AP_BR_OSM_W1273875875,Service Road,,True,False,True,False,False
NHAI_AP_TADA_NELLORE,NHAI_Tada_Nellore_NH5_Vol_II.pdf,24,16712,AP_BR_OSM_W1273875877,Service Road,,True,False,True,False,False
NHAI_AP_TADA_NELLORE,NHAI_Tada_Nellore_NH5_Vol_II.pdf,24,17429,AP_BR_OSM_W1306892617,Service Road,,True,False,True,False,False
NHAI_AP_TADA_NELLORE,NHAI_Tada_Nellore_NH5_Vol_II.pdf,24,17432,AP_BR_OSM_W1306892623,Service Road,,True,False,True,False,False
NHAI_AP_TADA_NELLORE,NHAI_Tada_Nellore_NH5_Vol_II.pdf,24,17849,AP_BR_OSM_W1324235692,Service Road,,True,False,True,False,False
NHAI_AP_TADA_NELLORE,NHAI_Tada_Nellore_NH5_Vol_II.pdf,24,18022,AP_BR_OSM_W1329295334,Service Road,,True,False,True,False,False
NHAI_AP_TADA_NELLORE,NHAI_Tada_Nellore_NH5_Vol_II.pdf,24,18025,AP_BR_OSM_W1329295340,Service Road,,True,False,True,False,False
NHAI_AP_TADA_NELLORE,NHAI_Tada_Nellore_NH5_Vol_II.pdf,24,18788,AP_BR_OSM_W1362529455,Service Road,,True,False,True,False,False
NHAI_AP_TADA_NELLORE,NHAI_Tada_Nellore_NH5_Vol_II.pdf,24,18789,AP_BR_OSM_W1362529457,Service Road,,True,False,True,False,False
NHAI_AP_TADA_NELLORE,NHAI_Tada_Nellore_NH5_Vol_II.pdf,24,18821,AP_BR_OSM_W1367602016,Service Road,,True,False,True,False,False
NHAI_AP_TADA_NELLORE,NHAI_Tada_Nellore_NH5_Vol_II.pdf,24,18878,AP_BR_OSM_W1384358138,Service Road,,True,False,True,False,False
NHAI_AP_TADA_NELLORE,NHAI_Tada_Nellore_NH5_Vol_II.pdf,24,21538,AP_BR_OSM_W1451125171,Service Road,,True,False,True,False,False
NHAI_AP_TADA_NELLORE,NHAI_Tada_Nellore_NH5_Vol_II.pdf,24,21997,AP_BR_OSM_W1463702254,Service Road,,True,False,True,False,False
NHAI_AP_TADA_NELLORE,NHAI_Tada_Nellore_NH5_Vol_II.pdf,24,21998,AP_BR_OSM_W1463702255,Service Road,,True,False,True,False,False
NHAI_AP_TADA_NELLORE,NHAI_Tada_Nellore_NH5_Vol_II.pdf,24,22040,AP_BR_OSM_W1467110239,Service Road,,True,False,True,False,False
NHAI_AP_TADA_NELLORE,NHAI_Tada_Nellore_NH5_Vol_II.pdf,24,22094,AP_BR_OSM_W1470248110,Service Road,,True,False,True,False,False
NHAI_AP_TADA_NELLORE,NHAI_Tada_Nellore_NH5_Vol_II.pdf,24,22095,AP_BR_OSM_W1470248112,Service Road,,True,False,True,False,False
NHAI_AP_TADA_NELLORE,NHAI_Tada_Nellore_NH5_Vol_II.pdf,24,22096,AP_BR_OSM_W1470248115,Service Road,,True,False,True,False,False
NHAI_AP_TADA_NELLORE,NHAI_Tada_Nellore_NH5_Vol_II.pdf,24,22097,AP_BR_OSM_W1470248117,Service Road,,True,False,True,False,False
NHAI_AP_TADA_NELLORE,NHAI_Tada_Nellore_NH5_Vol_II.pdf,24,22098,AP_BR_OSM_W1470254032,Service Road,,True,False,True,False,False
NHAI_AP_TADA_NELLORE,NHAI_Tada_Nellore_NH5_Vol_II.pdf,24,22099,AP_BR_OSM_W1470254034,Service Road,,True,False,True,False,False
NHAI_AP_TADA_NELLORE,NHAI_Tada_Nellore_NH5_Vol_II.pdf,24,22100,AP_BR_OSM_W1470254037,Service Road,,True,False,True,False,False
NHAI_AP_TADA_NELLORE,NHAI_Tada_Nellore_NH5_Vol_II.pdf,24,22101,AP_BR_OSM_W1470254039,Service Road,,True,False,True,False,False
NHAI_AP_TADA_NELLORE,NHAI_Tada_Nellore_NH5_Vol_II.pdf,24,22102,AP_BR_OSM_W1470254042,Service Road,,True,False,True,False,False
NHAI_AP_TADA_NELLORE,NHAI_Tada_Nellore_NH5_Vol_II.pdf,24,22103,AP_BR_OSM_W1470254595,Service Road,,True,False,True,False,False
NHAI_AP_TADA_NELLORE,NHAI_Tada_Nellore_NH5_Vol_II.pdf,24,22104,AP_BR_OSM_W1470254597,Service Road,,True,False,True,False,False
NHAI_AP_TADA_NELLORE,NHAI_Tada_Nellore_NH5_Vol_II.pdf,24,22304,AP_BR_OSM_W1492140167,Service Road,,True,False,True,False,False
NHAI_AP_TADA_NELLORE,NHAI_Tada_Nellore_NH5_Vol_II.pdf,24,22305,AP_BR_OSM_W1492140169,Service Road,,True,False,True,False,False
NHAI_AP_TADA_NELLORE,NHAI_Tada_Nellore_NH5_Vol_II.pdf,24,22362,AP_BR_OSM_W1498208935,Service Road,,True,False,True,False,False
NHAI_AP_TADA_NELLORE,NHAI_Tada_Nellore_NH5_Vol_II.pdf,24,22365,AP_BR_OSM_W1498208941,Service Road,,True,False,True,False,False
NHAI_AP_TADA_NELLORE,NHAI_Tada_Nellore_NH5_Vol_II.pdf,24,22376,AP_BR_OSM_W1498244122,Service Road,,True,False,True,False,False
NHAI_AP_TADA_NELLORE,NHAI_Tada_Nellore_NH5_Vol_II.pdf,24,22505,AP_BR_OSM_W1509394849,Service Road,,True,False,True,False,False
NHAI_AP_TADA_NELLORE,NHAI_Tada_Nellore_NH5_Vol_II.pdf,24,22506,AP_BR_OSM_W1509394850,Service Road,,True,False,True,False,False
NHAI_AP_TADA_NELLORE,NHAI_Tada_Nellore_NH5_Vol_II.pdf,24,22563,AP_BR_OSM_W1513126572,Service Road,,True,False,True,False,False
NHAI_AP_TADA_NELLORE,NHAI_Tada_Nellore_NH5_Vol_II.pdf,24,22564,AP_BR_OSM_W1513126574,Service Road,,True,False,True,False,False
NHAI_AP_TADA_NELLORE,NHAI_Tada_Nellore_NH5_Vol_II.pdf,24,22575,AP_BR_OSM_W1513577126,Service Road,,True,False,True,False,False
NHAI_AP_TADA_NELLORE,NHAI_Tada_Nellore_NH5_Vol_II.pdf,24,22704,AP_BR_OSM_W1523945375,Service Road,,True,False,True,False,False
NHAI_AP_TADA_NELLORE,NHAI_Tada_Nellore_NH5_Vol_II.pdf,24,22705,AP_BR_OSM_W1523945376,Service Road,,True,False,True,False,False
NHAI_AP_TADA_NELLORE,NHAI_Tada_Nellore_NH5_Vol_II.pdf,24,22719,AP_BR_OSM_W1524280480,Service Road,,True,False,True,False,False
NHAI_AP_TADA_NELLORE,NHAI_Tada_Nellore_NH5_Vol_II.pdf,24,22749,AP_BR_OSM_W1526081025,Service Road,,True,False,True,False,False
NHAI_AP_TADA_NELLORE,NHAI_Tada_Nellore_NH5_Vol_II.pdf,24,23069,AP_BR_OSM_W1534018757,Service Road,,True,False,True,False,False
NHAI_AP_TADA_NELLORE,NHAI_Tada_Nellore_NH5_Vol_II.pdf,24,23070,AP_BR_OSM_W1534018759,Service Road,,True,False,True,False,False
NHAI_AP_TADA_NELLORE,NHAI_Tada_Nellore_NH5_Vol_II.pdf,24,23139,AP_BR_OSM_W1540667922,Service Road,,True,False,True,False,False
NHAI_AP_TADA_NELLORE,NHAI_Tada_Nellore_NH5_Vol_II.pdf,24,23186,AP_BR_OSM_W1544023678,Service Road,,True,False,True,False,False
NHAI_AP_TADA_NELLORE,NHAI_Tada_Nellore_NH5_Vol_II.pdf,24,23187,AP_BR_OSM_W1544023680,Service Road,,True,False,True,False,False
NHAI_AP_TADA_NELLORE,NHAI_Tada_Nellore_NH5_Vol_II.pdf,24,23222,AP_BR_OSM_W1546593842,Service Road,,True,False,True,False,False
NHAI_AP_TADA_NELLORE,NHAI_Tada_Nellore_NH5_Vol_II.pdf,24,23223,AP_BR_OSM_W1546593845,Service Road,,True,False,True,False,False
NHAI_AP_TADA_NELLORE,NHAI_Tada_Nellore_NH5_Vol_II.pdf,24,2414,AP_BR_OSM_W480403927,Service Road,,True,False,True,False,False
NHAI_AP_TADA_NELLORE,NHAI_Tada_Nellore_NH5_Vol_II.pdf,24,2415,AP_BR_OSM_W480403929,Service Road,,True,False,True,False,False
NHAI_AP_TADA_NELLORE,NHAI_Tada_Nellore_NH5_Vol_II.pdf,24,4561,AP_BR_OSM_W673858216,Service Road,,True,False,True,False,False
NHAI_AP_TADA_NELLORE,NHAI_Tada_Nellore_NH5_Vol_II.pdf,24,4564,AP_BR_OSM_W673858223,Service Road,,True,False,True,False,False
NHAI_AP_TADA_NELLORE,NHAI_Tada_Nellore_NH5_Vol_II.pdf,24,6997,AP_BR_OSM_W826596384,Service Road,,True,False,True,False,False
NHAI_AP_TADA_NELLORE,NHAI_Tada_Nellore_NH5_Vol_II.pdf,24,6998,AP_BR_OSM_W826596386,Service Road,,True,False,True,False,False
NHAI_AP_TADA_NELLORE,NHAI_Tada_Nellore_NH5_Vol_II.pdf,24,7004,AP_BR_OSM_W826596400,Service Road,,True,False,True,False,False
NHAI_AP_TADA_NELLORE,NHAI_Tada_Nellore_NH5_Vol_II.pdf,24,7005,AP_BR_OSM_W826596402,Service Road,,True,False,True,False,False
NHAI_AP_TADA_NELLORE,NHAI_Tada_Nellore_NH5_Vol_II.pdf,24,7011,AP_BR_OSM_W826596413,Service Road,,True,False,True,False,False
NHAI_AP_TADA_NELLORE,NHAI_Tada_Nellore_NH5_Vol_II.pdf,24,7012,AP_BR_OSM_W826596416,Service Road,,True,False,True,False,False
NHAI_AP_TADA_NELLORE,NHAI_Tada_Nellore_NH5_Vol_II.pdf,24,7017,AP_BR_OSM_W826596424,Service Road,,True,False,True,False,False
NHAI_AP_TADA_NELLORE,NHAI_Tada_Nellore_NH5_Vol_II.pdf,24,7020,AP_BR_OSM_W826596430,Service Road,,True,False,True,False,False
NHAI_AP_TADA_NELLORE,NHAI_Tada_Nellore_NH5_Vol_II.pdf,24,7025,AP_BR_OSM_W826596440,Service Road,,True,False,True,False,False
NHAI_AP_TADA_NELLORE,NHAI_Tada_Nellore_NH5_Vol_II.pdf,24,7026,AP_BR_OSM_W826596442,Service Road,,True,False,True,False,False
NHAI_AP_TADA_NELLORE,NHAI_Tada_Nellore_NH5_Vol_II.pdf,24,7029,AP_BR_OSM_W826596445,Service Road,,True,False,True,False,False
NHAI_AP_TADA_NELLORE,NHAI_Tada_Nellore_NH5_Vol_II.pdf,24,7030,AP_BR_OSM_W826596449,Service Road,,True,False,True,False,False
NHAI_AP_TADA_NELLORE,NHAI_Tada_Nellore_NH5_Vol_II.pdf,24,7033,AP_BR_OSM_W826596455,Service Road,,True,False,True,False,False
NHAI_AP_TADA_NELLORE,NHAI_Tada_Nellore_NH5_Vol_II.pdf,24,7034,AP_BR_OSM_W826596458,Service Road,,True,False,True,False,False
NHAI_AP_TADA_NELLORE,NHAI_Tada_Nellore_NH5_Vol_II.pdf,24,7037,AP_BR_OSM_W826596464,Service Road,,True,False,True,False,False
NHAI_AP_TADA_NELLORE,NHAI_Tada_Nellore_NH5_Vol_II.pdf,24,7038,AP_BR_OSM_W826596466,Service Road,,True,False,True,False,False
NHAI_AP_TADA_NELLORE,NHAI_Tada_Nellore_NH5_Vol_II.pdf,24,7053,AP_BR_OSM_W826596490,Service Road,,True,False,True,False,False
NHAI_AP_TADA_NELLORE,NHAI_Tada_Nellore_NH5_Vol_II.pdf,24,7056,AP_BR_OSM_W826596496,Service Road,,True,False,True,False,False
NHAI_AP_TADA_NELLORE,NHAI_Tada_Nellore_NH5_Vol_II.pdf,24,8126,AP_BR_OSM_W839529008,Service Road,,True,False,True,False,False
NHAI_AP_TADA_NELLORE,NHAI_Tada_Nellore_NH5_Vol_II.pdf,24,8530,AP_BR_OSM_W843783103,Service Road,,True,False,True,False,False
NHAI_AP_TADA_NELLORE,NHAI_Tada_Nellore_NH5_Vol_II.pdf,24,8531,AP_BR_OSM_W843783106,Service Road,,True,False,True,False,False
NHAI_AP_TADA_NELLORE,NHAI_Tada_Nellore_NH5_Vol_II.pdf,24,9150,AP_BR_OSM_W845261050,Service Road,,True,False,True,False,False
NHAI_AP_TADA_NELLORE,NHAI_Tada_Nellore_NH5_Vol_II.pdf,24,12029,AP_BR_OSM_W851480115,Service Road,,True,False,True,False,False
NHAI_AP_TADA_NELLORE,NHAI_Tada_Nellore_NH5_Vol_II.pdf,24,12048,AP_BR_OSM_W851518401,Service Road,,True,False,True,False,False
NHAI_AP_TADA_NELLORE,NHAI_Tada_Nellore_NH5_Vol_II.pdf,24,12158,AP_BR_OSM_W852274598,Service Road,,True,False,True,False,False
NHAI_AP_TADA_NELLORE,NHAI_Tada_Nellore_NH5_Vol_II.pdf,24,12205,AP_BR_OSM_W852304662,Service Road,,True,False,True,False,False
NHAI_AP_TADA_NELLORE,NHAI_Tada_Nellore_NH5_Vol_II.pdf,24,12206,AP_BR_OSM_W852304667,Service Road,,True,False,True,False,False
NHAI_AP_TADA_NELLORE,NHAI_Tada_Nellore_NH5_Vol_II.pdf,24,12207,AP_BR_OSM_W852304670,Service Road,,True,False,True,False,False
NHAI_AP_TADA_NELLORE,NHAI_Tada_Nellore_NH5_Vol_II.pdf,24,12786,AP_BR_OSM_W854500413,Service Road,,True,False,True,False,False
NHAI_AP_TADA_NELLORE,NHAI_Tada_Nellore_NH5_Vol_II.pdf,24,12789,AP_BR_OSM_W854500419,Service Road,,True,False,True,False,False
NHAI_AP_TADA_NELLORE,NHAI_Tada_Nellore_NH5_Vol_II.pdf,24,12790,AP_BR_OSM_W854500422,Service Road,,True,False,True,False,False
NHAI_AP_TADA_NELLORE,NHAI_Tada_Nellore_NH5_Vol_II.pdf,24,12793,AP_BR_OSM_W854500428,Service Road,,True,False,True,False,False
NHAI_AP_TADA_NELLORE,NHAI_Tada_Nellore_NH5_Vol_II.pdf,24,12794,AP_BR_OSM_W854500429,Service Road,,True,False,True,False,False
NHAI_AP_TADA_NELLORE,NHAI_Tada_Nellore_NH5_Vol_II.pdf,24,12797,AP_BR_OSM_W854500435,Service Road,,True,False,True,False,False
NHAI_AP_TADA_NELLORE,NHAI_Tada_Nellore_NH5_Vol_II.pdf,24,12836,AP_BR_OSM_W855374531,Service Road,,True,False,True,False,False
NHAI_AP_TADA_NELLORE,NHAI_Tada_Nellore_NH5_Vol_II.pdf,24,12839,AP_BR_OSM_W855376825,Service Road,,True,False,True,False,False
NHAI_AP_TADA_NELLORE,NHAI_Tada_Nellore_NH5_Vol_II.pdf,24,12840,AP_BR_OSM_W855376827,Service Road,,True,False,True,False,False
NHAI_AP_TADA_NELLORE,NHAI_Tada_Nellore_NH5_Vol_II.pdf,63,14881,AP_BR_OSM_W1081167107,Service Road,,False,False,False,False,False
NHAI_AP_TADA_NELLORE,NHAI_Tada_Nellore_NH5_Vol_II.pdf,63,14905,AP_BR_OSM_W1086848414,Service Road,,False,False,False,False,False
NHAI_AP_TADA_NELLORE,NHAI_Tada_Nellore_NH5_Vol_II.pdf,63,14906,AP_BR_OSM_W1086848416,Service Road,,False,False,False,False,False
NHAI_AP_TADA_NELLORE,NHAI_Tada_Nellore_NH5_Vol_II.pdf,63,14911,AP_BR_OSM_W1086848436,Service Road,,False,False,False,False,False
NHAI_AP_TADA_NELLORE,NHAI_Tada_Nellore_NH5_Vol_II.pdf,63,14913,AP_BR_OSM_W1086848440,Service Road,,False,False,False,False,False
NHAI_AP_TADA_NELLORE,NHAI_Tada_Nellore_NH5_Vol_II.pdf,63,14980,AP_BR_OSM_W1088411426,Service Road,,False,False,False,False,False
NHAI_AP_TADA_NELLORE,NHAI_Tada_Nellore_NH5_Vol_II.pdf,63,14983,AP_BR_OSM_W1088411432,Service Road,,False,False,False,False,False
NHAI_AP_TADA_NELLORE,NHAI_Tada_Nellore_NH5_Vol_II.pdf,63,14990,AP_BR_OSM_W1088411472,Service Road,,False,False,False,False,False
NHAI_AP_TADA_NELLORE,NHAI_Tada_Nellore_NH5_Vol_II.pdf,63,14991,AP_BR_OSM_W1088411473,Service Road,,False,False,False,False,False
NHAI_AP_TADA_NELLORE,NHAI_Tada_Nellore_NH5_Vol_II.pdf,63,14992,AP_BR_OSM_W1088411477,Service Road,,False,False,False,False,False
NHAI_AP_TADA_NELLORE,NHAI_Tada_Nellore_NH5_Vol_II.pdf,63,14993,AP_BR_OSM_W1088411479,Service Road,,False,False,False,False,False
NHAI_AP_TADA_NELLORE,NHAI_Tada_Nellore_NH5_Vol_II.pdf,63,14999,AP_BR_OSM_W1088426820,Service Road,,False,False,False,False,False
NHAI_AP_TADA_NELLORE,NHAI_Tada_Nellore_NH5_Vol_II.pdf,63,15000,AP_BR_OSM_W1088426833,Service Road,,False,False,False,False,False
NHAI_AP_TADA_NELLORE,NHAI_Tada_Nellore_NH5_Vol_II.pdf,63,15001,AP_BR_OSM_W1088426835,Service Road,,False,False,False,False,False
NHAI_AP_TADA_NELLORE,NHAI_Tada_Nellore_NH5_Vol_II.pdf,63,15026,AP_BR_OSM_W1088463022,Service Road,,False,False,False,False,False
NHAI_AP_TADA_NELLORE,NHAI_Tada_Nellore_NH5_Vol_II.pdf,63,15027,AP_BR_OSM_W1088463024,Service Road,,False,False,False,False,False
NHAI_AP_TADA_NELLORE,NHAI_Tada_Nellore_NH5_Vol_II.pdf,63,15055,AP_BR_OSM_W1089450070,Service Road,,False,False,False,False,False
NHAI_AP_TADA_NELLORE,NHAI_Tada_Nellore_NH5_Vol_II.pdf,63,15058,AP_BR_OSM_W1089450073,Service Road,,False,False,False,False,False
NHAI_AP_TADA_NELLORE,NHAI_Tada_Nellore_NH5_Vol_II.pdf,63,15059,AP_BR_OSM_W1089450078,Service Road,,False,False,False,False,False
NHAI_AP_TADA_NELLORE,NHAI_Tada_Nellore_NH5_Vol_II.pdf,63,15062,AP_BR_OSM_W1089450081,Service Road,,False,False,False,False,False
NHAI_AP_TADA_NELLORE,NHAI_Tada_Nellore_NH5_Vol_II.pdf,63,15147,AP_BR_OSM_W1120249872,Service Road,,False,False,False,False,False
NHAI_AP_TADA_NELLORE,NHAI_Tada_Nellore_NH5_Vol_II.pdf,63,15215,AP_BR_OSM_W1155071501,Service Road,,False,False,False,False,False
NHAI_AP_TADA_NELLORE,NHAI_Tada_Nellore_NH5_Vol_II.pdf,63,15216,AP_BR_OSM_W1155071503,Service Road,,False,False,False,False,False
NHAI_AP_TADA_NELLORE,NHAI_Tada_Nellore_NH5_Vol_II.pdf,63,15451,AP_BR_OSM_W1191649245,Service Road,,False,False,False,False,False
NHAI_AP_TADA_NELLORE,NHAI_Tada_Nellore_NH5_Vol_II.pdf,63,15648,AP_BR_OSM_W1225609297,Service Road,,False,False,False,False,False
NHAI_AP_TADA_NELLORE,NHAI_Tada_Nellore_NH5_Vol_II.pdf,63,15700,AP_BR_OSM_W1232731403,Service Road,,False,False,False,False,False
NHAI_AP_TADA_NELLORE,NHAI_Tada_Nellore_NH5_Vol_II.pdf,63,15703,AP_BR_OSM_W1232731423,Service Road,,False,False,False,False,False
NHAI_AP_TADA_NELLORE,NHAI_Tada_Nellore_NH5_Vol_II.pdf,63,15745,AP_BR_OSM_W1237976449,Service Road,,False,False,False,False,False
NHAI_AP_TADA_NELLORE,NHAI_Tada_Nellore_NH5_Vol_II.pdf,63,15757,AP_BR_OSM_W1237978378,Service Road,,False,False,False,False,False
NHAI_AP_TADA_NELLORE,NHAI_Tada_Nellore_NH5_Vol_II.pdf,63,15761,AP_BR_OSM_W1237978510,Service Road,,False,False,False,False,False
NHAI_AP_TADA_NELLORE,NHAI_Tada_Nellore_NH5_Vol_II.pdf,63,15763,AP_BR_OSM_W1237978514,Service Road,,False,False,False,False,False
NHAI_AP_TADA_NELLORE,NHAI_Tada_Nellore_NH5_Vol_II.pdf,63,15774,AP_BR_OSM_W1237979758,Service Road,,False,False,False,False,False
NHAI_AP_TADA_NELLORE,NHAI_Tada_Nellore_NH5_Vol_II.pdf,63,15776,AP_BR_OSM_W1237979762,Service Road,,False,False,False,False,False
NHAI_AP_TADA_NELLORE,NHAI_Tada_Nellore_NH5_Vol_II.pdf,63,15992,AP_BR_OSM_W1243542316,Service Road,,False,False,False,False,False
NHAI_AP_TADA_NELLORE,NHAI_Tada_Nellore_NH5_Vol_II.pdf,63,15995,AP_BR_OSM_W1243542321,Service Road,,False,False,False,False,False
NHAI_AP_TADA_NELLORE,NHAI_Tada_Nellore_NH5_Vol_II.pdf,63,16013,AP_BR_OSM_W1245312598,Service Road,,False,False,False,False,False
NHAI_AP_TADA_NELLORE,NHAI_Tada_Nellore_NH5_Vol_II.pdf,63,16014,AP_BR_OSM_W1245312599,Service Road,,False,False,False,False,False
NHAI_AP_TADA_NELLORE,NHAI_Tada_Nellore_NH5_Vol_II.pdf,63,16681,AP_BR_OSM_W1273875767,Service Road,,False,False,False,False,False
NHAI_AP_TADA_NELLORE,NHAI_Tada_Nellore_NH5_Vol_II.pdf,63,16682,AP_BR_OSM_W1273875769,Service Road,,False,False,False,False,False
NHAI_AP_TADA_NELLORE,NHAI_Tada_Nellore_NH5_Vol_II.pdf,63,16684,AP_BR_OSM_W1273875773,Service Road,,False,False,False,False,False
NHAI_AP_TADA_NELLORE,NHAI_Tada_Nellore_NH5_Vol_II.pdf,63,16685,AP_BR_OSM_W1273875775,Service Road,,False,False,False,False,False
NHAI_AP_TADA_NELLORE,NHAI_Tada_Nellore_NH5_Vol_II.pdf,63,16690,AP_BR_OSM_W1273875815,Service Road,,False,False,False,False,False
NHAI_AP_TADA_NELLORE,NHAI_Tada_Nellore_NH5_Vol_II.pdf,63,16691,AP_BR_OSM_W1273875817,Service Road,,False,False,False,False,False
NHAI_AP_TADA_NELLORE,NHAI_Tada_Nellore_NH5_Vol_II.pdf,63,16708,AP_BR_OSM_W1273875869,Service Road,,False,False,False,False,False
NHAI_AP_TADA_NELLORE,NHAI_Tada_Nellore_NH5_Vol_II.pdf,63,16711,AP_BR_OSM_W1273875875,Service Road,,False,False,False,False,False
NHAI_AP_TADA_NELLORE,NHAI_Tada_Nellore_NH5_Vol_II.pdf,63,16712,AP_BR_OSM_W1273875877,Service Road,,False,False,False,False,False
NHAI_AP_TADA_NELLORE,NHAI_Tada_Nellore_NH5_Vol_II.pdf,63,17429,AP_BR_OSM_W1306892617,Service Road,,False,False,False,False,False
NHAI_AP_TADA_NELLORE,NHAI_Tada_Nellore_NH5_Vol_II.pdf,63,17432,AP_BR_OSM_W1306892623,Service Road,,False,False,False,False,False
NHAI_AP_TADA_NELLORE,NHAI_Tada_Nellore_NH5_Vol_II.pdf,63,17849,AP_BR_OSM_W1324235692,Service Road,,False,False,False,False,False
NHAI_AP_TADA_NELLORE,NHAI_Tada_Nellore_NH5_Vol_II.pdf,63,18022,AP_BR_OSM_W1329295334,Service Road,,False,False,False,False,False
NHAI_AP_TADA_NELLORE,NHAI_Tada_Nellore_NH5_Vol_II.pdf,63,18025,AP_BR_OSM_W1329295340,Service Road,,False,False,False,False,False
NHAI_AP_TADA_NELLORE,NHAI_Tada_Nellore_NH5_Vol_II.pdf,63,18788,AP_BR_OSM_W1362529455,Service Road,,False,False,False,False,False
NHAI_AP_TADA_NELLORE,NHAI_Tada_Nellore_NH5_Vol_II.pdf,63,18789,AP_BR_OSM_W1362529457,Service Road,,False,False,False,False,False
NHAI_AP_TADA_NELLORE,NHAI_Tada_Nellore_NH5_Vol_II.pdf,63,18821,AP_BR_OSM_W1367602016,Service Road,,False,False,False,False,False
NHAI_AP_TADA_NELLORE,NHAI_Tada_Nellore_NH5_Vol_II.pdf,63,18878,AP_BR_OSM_W1384358138,Service Road,,False,False,False,False,False
NHAI_AP_TADA_NELLORE,NHAI_Tada_Nellore_NH5_Vol_II.pdf,63,21538,AP_BR_OSM_W1451125171,Service Road,,False,False,False,False,False
NHAI_AP_TADA_NELLORE,NHAI_Tada_Nellore_NH5_Vol_II.pdf,63,21997,AP_BR_OSM_W1463702254,Service Road,,False,False,False,False,False
NHAI_AP_TADA_NELLORE,NHAI_Tada_Nellore_NH5_Vol_II.pdf,63,21998,AP_BR_OSM_W1463702255,Service Road,,False,False,False,False,False
NHAI_AP_TADA_NELLORE,NHAI_Tada_Nellore_NH5_Vol_II.pdf,63,22040,AP_BR_OSM_W1467110239,Service Road,,False,False,False,False,False
NHAI_AP_TADA_NELLORE,NHAI_Tada_Nellore_NH5_Vol_II.pdf,63,22094,AP_BR_OSM_W1470248110,Service Road,,False,False,False,False,False
NHAI_AP_TADA_NELLORE,NHAI_Tada_Nellore_NH5_Vol_II.pdf,63,22095,AP_BR_OSM_W1470248112,Service Road,,False,False,False,False,False
NHAI_AP_TADA_NELLORE,NHAI_Tada_Nellore_NH5_Vol_II.pdf,63,22096,AP_BR_OSM_W1470248115,Service Road,,False,False,False,False,False
NHAI_AP_TADA_NELLORE,NHAI_Tada_Nellore_NH5_Vol_II.pdf,63,22097,AP_BR_OSM_W1470248117,Service Road,,False,False,False,False,False
NHAI_AP_TADA_NELLORE,NHAI_Tada_Nellore_NH5_Vol_II.pdf,63,22098,AP_BR_OSM_W1470254032,Service Road,,False,False,False,False,False
NHAI_AP_TADA_NELLORE,NHAI_Tada_Nellore_NH5_Vol_II.pdf,63,22099,AP_BR_OSM_W1470254034,Service Road,,False,False,False,False,False
NHAI_AP_TADA_NELLORE,NHAI_Tada_Nellore_NH5_Vol_II.pdf,63,22100,AP_BR_OSM_W1470254037,Service Road,,False,False,False,False,False
NHAI_AP_TADA_NELLORE,NHAI_Tada_Nellore_NH5_Vol_II.pdf,63,22101,AP_BR_OSM_W1470254039,Service Road,,False,False,False,False,False
NHAI_AP_TADA_NELLORE,NHAI_Tada_Nellore_NH5_Vol_II.pdf,63,22102,AP_BR_OSM_W1470254042,Service Road,,False,False,False,False,False
NHAI_AP_TADA_NELLORE,NHAI_Tada_Nellore_NH5_Vol_II.pdf,63,22103,AP_BR_OSM_W1470254595,Service Road,,False,False,False,False,False
NHAI_AP_TADA_NELLORE,NHAI_Tada_Nellore_NH5_Vol_II.pdf,63,22104,AP_BR_OSM_W1470254597,Service Road,,False,False,False,False,False
NHAI_AP_TADA_NELLORE,NHAI_Tada_Nellore_NH5_Vol_II.pdf,63,22304,AP_BR_OSM_W1492140167,Service Road,,False,False,False,False,False
NHAI_AP_TADA_NELLORE,NHAI_Tada_Nellore_NH5_Vol_II.pdf,63,22305,AP_BR_OSM_W1492140169,Service Road,,False,False,False,False,False
NHAI_AP_TADA_NELLORE,NHAI_Tada_Nellore_NH5_Vol_II.pdf,63,22362,AP_BR_OSM_W1498208935,Service Road,,False,False,False,False,False
NHAI_AP_TADA_NELLORE,NHAI_Tada_Nellore_NH5_Vol_II.pdf,63,22365,AP_BR_OSM_W1498208941,Service Road,,False,False,False,False,False
NHAI_AP_TADA_NELLORE,NHAI_Tada_Nellore_NH5_Vol_II.pdf,63,22376,AP_BR_OSM_W1498244122,Service Road,,False,False,False,False,False
NHAI_AP_TADA_NELLORE,NHAI_Tada_Nellore_NH5_Vol_II.pdf,63,22505,AP_BR_OSM_W1509394849,Service Road,,False,False,False,False,False
NHAI_AP_TADA_NELLORE,NHAI_Tada_Nellore_NH5_Vol_II.pdf,63,22506,AP_BR_OSM_W1509394850,Service Road,,False,False,False,False,False
NHAI_AP_TADA_NELLORE,NHAI_Tada_Nellore_NH5_Vol_II.pdf,63,22563,AP_BR_OSM_W1513126572,Service Road,,False,False,False,False,False
NHAI_AP_TADA_NELLORE,NHAI_Tada_Nellore_NH5_Vol_II.pdf,63,22564,AP_BR_OSM_W1513126574,Service Road,,False,False,False,False,False
NHAI_AP_TADA_NELLORE,NHAI_Tada_Nellore_NH5_Vol_II.pdf,63,22575,AP_BR_OSM_W1513577126,Service Road,,False,False,False,False,False
NHAI_AP_TADA_NELLORE,NHAI_Tada_Nellore_NH5_Vol_II.pdf,63,22704,AP_BR_OSM_W1523945375,Service Road,,False,False,False,False,False
NHAI_AP_TADA_NELLORE,NHAI_Tada_Nellore_NH5_Vol_II.pdf,63,22705,AP_BR_OSM_W1523945376,Service Road,,False,False,False,False,False
NHAI_AP_TADA_NELLORE,NHAI_Tada_Nellore_NH5_Vol_II.pdf,63,22719,AP_BR_OSM_W1524280480,Service Road,,False,False,False,False,False
NHAI_AP_TADA_NELLORE,NHAI_Tada_Nellore_NH5_Vol_II.pdf,63,22749,AP_BR_OSM_W1526081025,Service Road,,False,False,False,False,False
NHAI_AP_TADA_NELLORE,NHAI_Tada_Nellore_NH5_Vol_II.pdf,63,23069,AP_BR_OSM_W1534018757,Service Road,,False,False,False,False,False
NHAI_AP_TADA_NELLORE,NHAI_Tada_Nellore_NH5_Vol_II.pdf,63,23070,AP_BR_OSM_W1534018759,Service Road,,False,False,False,False,False
NHAI_AP_TADA_NELLORE,NHAI_Tada_Nellore_NH5_Vol_II.pdf,63,23139,AP_BR_OSM_W1540667922,Service Road,,False,False,False,False,False
NHAI_AP_TADA_NELLORE,NHAI_Tada_Nellore_NH5_Vol_II.pdf,63,23186,AP_BR_OSM_W1544023678,Service Road,,False,False,False,False,False
NHAI_AP_TADA_NELLORE,NHAI_Tada_Nellore_NH5_Vol_II.pdf,63,23187,AP_BR_OSM_W1544023680,Service Road,,False,False,False,False,False
NHAI_AP_TADA_NELLORE,NHAI_Tada_Nellore_NH5_Vol_II.pdf,63,23222,AP_BR_OSM_W1546593842,Service Road,,False,False,False,False,False
NHAI_AP_TADA_NELLORE,NHAI_Tada_Nellore_NH5_Vol_II.pdf,63,23223,AP_BR_OSM_W1546593845,Service Road,,False,False,False,False,False
NHAI_AP_TADA_NELLORE,NHAI_Tada_Nellore_NH5_Vol_II.pdf,63,2414,AP_BR_OSM_W480403927,Service Road,,False,False,False,False,False
NHAI_AP_TADA_NELLORE,NHAI_Tada_Nellore_NH5_Vol_II.pdf,63,2415,AP_BR_OSM_W480403929,Service Road,,False,False,False,False,False
NHAI_AP_TADA_NELLORE,NHAI_Tada_Nellore_NH5_Vol_II.pdf,63,4561,AP_BR_OSM_W673858216,Service Road,,False,False,False,False,False
NHAI_AP_TADA_NELLORE,NHAI_Tada_Nellore_NH5_Vol_II.pdf,63,4564,AP_BR_OSM_W673858223,Service Road,,False,False,False,False,False
NHAI_AP_TADA_NELLORE,NHAI_Tada_Nellore_NH5_Vol_II.pdf,63,6997,AP_BR_OSM_W826596384,Service Road,,False,False,False,False,False
NHAI_AP_TADA_NELLORE,NHAI_Tada_Nellore_NH5_Vol_II.pdf,63,6998,AP_BR_OSM_W826596386,Service Road,,False,False,False,False,False
NHAI_AP_TADA_NELLORE,NHAI_Tada_Nellore_NH5_Vol_II.pdf,63,7004,AP_BR_OSM_W826596400,Service Road,,False,False,False,False,False
NHAI_AP_TADA_NELLORE,NHAI_Tada_Nellore_NH5_Vol_II.pdf,63,7005,AP_BR_OSM_W826596402,Service Road,,False,False,False,False,False
NHAI_AP_TADA_NELLORE,NHAI_Tada_Nellore_NH5_Vol_II.pdf,63,7011,AP_BR_OSM_W826596413,Service Road,,False,False,False,False,False
NHAI_AP_TADA_NELLORE,NHAI_Tada_Nellore_NH5_Vol_II.pdf,63,7012,AP_BR_OSM_W826596416,Service Road,,False,False,False,False,False
NHAI_AP_TADA_NELLORE,NHAI_Tada_Nellore_NH5_Vol_II.pdf,63,7017,AP_BR_OSM_W826596424,Service Road,,False,False,False,False,False
NHAI_AP_TADA_NELLORE,NHAI_Tada_Nellore_NH5_Vol_II.pdf,63,7020,AP_BR_OSM_W826596430,Service Road,,False,False,False,False,False
NHAI_AP_TADA_NELLORE,NHAI_Tada_Nellore_NH5_Vol_II.pdf,63,7025,AP_BR_OSM_W826596440,Service Road,,False,False,False,False,False
NHAI_AP_TADA_NELLORE,NHAI_Tada_Nellore_NH5_Vol_II.pdf,63,7026,AP_BR_OSM_W826596442,Service Road,,False,False,False,False,False
NHAI_AP_TADA_NELLORE,NHAI_Tada_Nellore_NH5_Vol_II.pdf,63,7029,AP_BR_OSM_W826596445,Service Road,,False,False,False,False,False
NHAI_AP_TADA_NELLORE,NHAI_Tada_Nellore_NH5_Vol_II.pdf,63,7030,AP_BR_OSM_W826596449,Service Road,,False,False,False,False,False
NHAI_AP_TADA_NELLORE,NHAI_Tada_Nellore_NH5_Vol_II.pdf,63,7033,AP_BR_OSM_W826596455,Service Road,,False,False,False,False,False
NHAI_AP_TADA_NELLORE,NHAI_Tada_Nellore_NH5_Vol_II.pdf,63,7034,AP_BR_OSM_W826596458,Service Road,,False,False,False,False,False
NHAI_AP_TADA_NELLORE,NHAI_Tada_Nellore_NH5_Vol_II.pdf,63,7037,AP_BR_OSM_W826596464,Service Road,,False,False,False,False,False
NHAI_AP_TADA_NELLORE,NHAI_Tada_Nellore_NH5_Vol_II.pdf,63,7038,AP_BR_OSM_W826596466,Service Road,,False,False,False,False,False
NHAI_AP_TADA_NELLORE,NHAI_Tada_Nellore_NH5_Vol_II.pdf,63,7053,AP_BR_OSM_W826596490,Service Road,,False,False,False,False,False
NHAI_AP_TADA_NELLORE,NHAI_Tada_Nellore_NH5_Vol_II.pdf,63,7056,AP_BR_OSM_W826596496,Service Road,,False,False,False,False,False
NHAI_AP_TADA_NELLORE,NHAI_Tada_Nellore_NH5_Vol_II.pdf,63,8126,AP_BR_OSM_W839529008,Service Road,,False,False,False,False,False
NHAI_AP_TADA_NELLORE,NHAI_Tada_Nellore_NH5_Vol_II.pdf,63,8530,AP_BR_OSM_W843783103,Service Road,,False,False,False,False,False
NHAI_AP_TADA_NELLORE,NHAI_Tada_Nellore_NH5_Vol_II.pdf,63,8531,AP_BR_OSM_W843783106,Service Road,,False,False,False,False,False
NHAI_AP_TADA_NELLORE,NHAI_Tada_Nellore_NH5_Vol_II.pdf,63,9150,AP_BR_OSM_W845261050,Service Road,,False,False,False,False,False
NHAI_AP_TADA_NELLORE,NHAI_Tada_Nellore_NH5_Vol_II.pdf,63,12029,AP_BR_OSM_W851480115,Service Road,,False,False,False,False,False
NHAI_AP_TADA_NELLORE,NHAI_Tada_Nellore_NH5_Vol_II.pdf,63,12048,AP_BR_OSM_W851518401,Service Road,,False,False,False,False,False
NHAI_AP_TADA_NELLORE,NHAI_Tada_Nellore_NH5_Vol_II.pdf,63,12158,AP_BR_OSM_W852274598,Service Road,,False,False,False,False,False
NHAI_AP_TADA_NELLORE,NHAI_Tada_Nellore_NH5_Vol_II.pdf,63,12205,AP_BR_OSM_W852304662,Service Road,,False,False,False,False,False
NHAI_AP_TADA_NELLORE,NHAI_Tada_Nellore_NH5_Vol_II.pdf,63,12206,AP_BR_OSM_W852304667,Service Road,,False,False,False,False,False
NHAI_AP_TADA_NELLORE,NHAI_Tada_Nellore_NH5_Vol_II.pdf,63,12207,AP_BR_OSM_W852304670,Service Road,,False,False,False,False,False
NHAI_AP_TADA_NELLORE,NHAI_Tada_Nellore_NH5_Vol_II.pdf,63,12786,AP_BR_OSM_W854500413,Service Road,,False,False,False,False,False
NHAI_AP_TADA_NELLORE,NHAI_Tada_Nellore_NH5_Vol_II.pdf,63,12789,AP_BR_OSM_W854500419,Service Road,,False,False,False,False,False
NHAI_AP_TADA_NELLORE,NHAI_Tada_Nellore_NH5_Vol_II.pdf,63,12790,AP_BR_OSM_W854500422,Service Road,,False,False,False,False,False
NHAI_AP_TADA_NELLORE,NHAI_Tada_Nellore_NH5_Vol_II.pdf,63,12793,AP_BR_OSM_W854500428,Service Road,,False,False,False,False,False
NHAI_AP_TADA_NELLORE,NHAI_Tada_Nellore_NH5_Vol_II.pdf,63,12794,AP_BR_OSM_W854500429,Service Road,,False,False,False,False,False
NHAI_AP_TADA_NELLORE,NHAI_Tada_Nellore_NH5_Vol_II.pdf,63,12797,AP_BR_OSM_W854500435,Service Road,,False,False,False,False,False
NHAI_AP_TADA_NELLORE,NHAI_Tada_Nellore_NH5_Vol_II.pdf,63,12836,AP_BR_OSM_W855374531,Service Road,,False,False,False,False,False
NHAI_AP_TADA_NELLORE,NHAI_Tada_Nellore_NH5_Vol_II.pdf,63,12839,AP_BR_OSM_W855376825,Service Road,,False,False,False,False,False
NHAI_AP_TADA_NELLORE,NHAI_Tada_Nellore_NH5_Vol_II.pdf,63,12840,AP_BR_OSM_W855376827,Service Road,,False,False,False,False,False
NHAI_AP_TADA_NELLORE,NHAI_Tada_Nellore_NH5_Vol_II.pdf,64,14881,AP_BR_OSM_W1081167107,Service Road,,False,False,True,False,False
NHAI_AP_TADA_NELLORE,NHAI_Tada_Nellore_NH5_Vol_II.pdf,64,14905,AP_BR_OSM_W1086848414,Service Road,,False,False,True,False,False
NHAI_AP_TADA_NELLORE,NHAI_Tada_Nellore_NH5_Vol_II.pdf,64,14906,AP_BR_OSM_W1086848416,Service Road,,False,False,True,False,False
NHAI_AP_TADA_NELLORE,NHAI_Tada_Nellore_NH5_Vol_II.pdf,64,14911,AP_BR_OSM_W1086848436,Service Road,,False,False,True,False,False
NHAI_AP_TADA_NELLORE,NHAI_Tada_Nellore_NH5_Vol_II.pdf,64,14913,AP_BR_OSM_W1086848440,Service Road,,False,False,True,False,False
NHAI_AP_TADA_NELLORE,NHAI_Tada_Nellore_NH5_Vol_II.pdf,64,14980,AP_BR_OSM_W1088411426,Service Road,,False,False,True,False,False
NHAI_AP_TADA_NELLORE,NHAI_Tada_Nellore_NH5_Vol_II.pdf,64,14983,AP_BR_OSM_W1088411432,Service Road,,False,False,True,False,False
NHAI_AP_TADA_NELLORE,NHAI_Tada_Nellore_NH5_Vol_II.pdf,64,14990,AP_BR_OSM_W1088411472,Service Road,,False,False,True,False,False
NHAI_AP_TADA_NELLORE,NHAI_Tada_Nellore_NH5_Vol_II.pdf,64,14991,AP_BR_OSM_W1088411473,Service Road,,False,False,True,False,False
NHAI_AP_TADA_NELLORE,NHAI_Tada_Nellore_NH5_Vol_II.pdf,64,14992,AP_BR_OSM_W1088411477,Service Road,,False,False,True,False,False
NHAI_AP_TADA_NELLORE,NHAI_Tada_Nellore_NH5_Vol_II.pdf,64,14993,AP_BR_OSM_W1088411479,Service Road,,False,False,True,False,False
NHAI_AP_TADA_NELLORE,NHAI_Tada_Nellore_NH5_Vol_II.pdf,64,14999,AP_BR_OSM_W1088426820,Service Road,,False,False,True,False,False
NHAI_AP_TADA_NELLORE,NHAI_Tada_Nellore_NH5_Vol_II.pdf,64,15000,AP_BR_OSM_W1088426833,Service Road,,False,False,True,False,False
NHAI_AP_TADA_NELLORE,NHAI_Tada_Nellore_NH5_Vol_II.pdf,64,15001,AP_BR_OSM_W1088426835,Service Road,,False,False,True,False,False
NHAI_AP_TADA_NELLORE,NHAI_Tada_Nellore_NH5_Vol_II.pdf,64,15026,AP_BR_OSM_W1088463022,Service Road,,False,False,True,False,False
NHAI_AP_TADA_NELLORE,NHAI_Tada_Nellore_NH5_Vol_II.pdf,64,15027,AP_BR_OSM_W1088463024,Service Road,,False,False,True,False,False
NHAI_AP_TADA_NELLORE,NHAI_Tada_Nellore_NH5_Vol_II.pdf,64,15055,AP_BR_OSM_W1089450070,Service Road,,False,False,True,False,False
NHAI_AP_TADA_NELLORE,NHAI_Tada_Nellore_NH5_Vol_II.pdf,64,15058,AP_BR_OSM_W1089450073,Service Road,,False,False,True,False,False
NHAI_AP_TADA_NELLORE,NHAI_Tada_Nellore_NH5_Vol_II.pdf,64,15059,AP_BR_OSM_W1089450078,Service Road,,False,False,True,False,False
NHAI_AP_TADA_NELLORE,NHAI_Tada_Nellore_NH5_Vol_II.pdf,64,15062,AP_BR_OSM_W1089450081,Service Road,,False,False,True,False,False
NHAI_AP_TADA_NELLORE,NHAI_Tada_Nellore_NH5_Vol_II.pdf,64,15147,AP_BR_OSM_W1120249872,Service Road,,False,False,True,False,False
NHAI_AP_TADA_NELLORE,NHAI_Tada_Nellore_NH5_Vol_II.pdf,64,15215,AP_BR_OSM_W1155071501,Service Road,,False,False,True,False,False
NHAI_AP_TADA_NELLORE,NHAI_Tada_Nellore_NH5_Vol_II.pdf,64,15216,AP_BR_OSM_W1155071503,Service Road,,False,False,True,False,False
NHAI_AP_TADA_NELLORE,NHAI_Tada_Nellore_NH5_Vol_II.pdf,64,15451,AP_BR_OSM_W1191649245,Service Road,,False,False,True,False,False
NHAI_AP_TADA_NELLORE,NHAI_Tada_Nellore_NH5_Vol_II.pdf,64,15648,AP_BR_OSM_W1225609297,Service Road,,False,False,True,False,False
NHAI_AP_TADA_NELLORE,NHAI_Tada_Nellore_NH5_Vol_II.pdf,64,15700,AP_BR_OSM_W1232731403,Service Road,,False,False,True,False,False
NHAI_AP_TADA_NELLORE,NHAI_Tada_Nellore_NH5_Vol_II.pdf,64,15703,AP_BR_OSM_W1232731423,Service Road,,False,False,True,False,False
NHAI_AP_TADA_NELLORE,NHAI_Tada_Nellore_NH5_Vol_II.pdf,64,15745,AP_BR_OSM_W1237976449,Service Road,,False,False,True,False,False
NHAI_AP_TADA_NELLORE,NHAI_Tada_Nellore_NH5_Vol_II.pdf,64,15757,AP_BR_OSM_W1237978378,Service Road,,False,False,True,False,False
NHAI_AP_TADA_NELLORE,NHAI_Tada_Nellore_NH5_Vol_II.pdf,64,15761,AP_BR_OSM_W1237978510,Service Road,,False,False,True,False,False
NHAI_AP_TADA_NELLORE,NHAI_Tada_Nellore_NH5_Vol_II.pdf,64,15763,AP_BR_OSM_W1237978514,Service Road,,False,False,True,False,False
NHAI_AP_TADA_NELLORE,NHAI_Tada_Nellore_NH5_Vol_II.pdf,64,15774,AP_BR_OSM_W1237979758,Service Road,,False,False,True,False,False
NHAI_AP_TADA_NELLORE,NHAI_Tada_Nellore_NH5_Vol_II.pdf,64,15776,AP_BR_OSM_W1237979762,Service Road,,False,False,True,False,False
NHAI_AP_TADA_NELLORE,NHAI_Tada_Nellore_NH5_Vol_II.pdf,64,15992,AP_BR_OSM_W1243542316,Service Road,,False,False,True,False,False
NHAI_AP_TADA_NELLORE,NHAI_Tada_Nellore_NH5_Vol_II.pdf,64,15995,AP_BR_OSM_W1243542321,Service Road,,False,False,True,False,False
NHAI_AP_TADA_NELLORE,NHAI_Tada_Nellore_NH5_Vol_II.pdf,64,16013,AP_BR_OSM_W1245312598,Service Road,,False,False,True,False,False
NHAI_AP_TADA_NELLORE,NHAI_Tada_Nellore_NH5_Vol_II.pdf,64,16014,AP_BR_OSM_W1245312599,Service Road,,False,False,True,False,False
NHAI_AP_TADA_NELLORE,NHAI_Tada_Nellore_NH5_Vol_II.pdf,64,16681,AP_BR_OSM_W1273875767,Service Road,,False,False,True,False,False
NHAI_AP_TADA_NELLORE,NHAI_Tada_Nellore_NH5_Vol_II.pdf,64,16682,AP_BR_OSM_W1273875769,Service Road,,False,False,True,False,False
NHAI_AP_TADA_NELLORE,NHAI_Tada_Nellore_NH5_Vol_II.pdf,64,16684,AP_BR_OSM_W1273875773,Service Road,,False,False,True,False,False
NHAI_AP_TADA_NELLORE,NHAI_Tada_Nellore_NH5_Vol_II.pdf,64,16685,AP_BR_OSM_W1273875775,Service Road,,False,False,True,False,False
NHAI_AP_TADA_NELLORE,NHAI_Tada_Nellore_NH5_Vol_II.pdf,64,16690,AP_BR_OSM_W1273875815,Service Road,,False,False,True,False,False
NHAI_AP_TADA_NELLORE,NHAI_Tada_Nellore_NH5_Vol_II.pdf,64,16691,AP_BR_OSM_W1273875817,Service Road,,False,False,True,False,False
NHAI_AP_TADA_NELLORE,NHAI_Tada_Nellore_NH5_Vol_II.pdf,64,16708,AP_BR_OSM_W1273875869,Service Road,,False,False,True,False,False
NHAI_AP_TADA_NELLORE,NHAI_Tada_Nellore_NH5_Vol_II.pdf,64,16711,AP_BR_OSM_W1273875875,Service Road,,False,False,True,False,False
NHAI_AP_TADA_NELLORE,NHAI_Tada_Nellore_NH5_Vol_II.pdf,64,16712,AP_BR_OSM_W1273875877,Service Road,,False,False,True,False,False
NHAI_AP_TADA_NELLORE,NHAI_Tada_Nellore_NH5_Vol_II.pdf,64,17429,AP_BR_OSM_W1306892617,Service Road,,False,False,True,False,False
NHAI_AP_TADA_NELLORE,NHAI_Tada_Nellore_NH5_Vol_II.pdf,64,17432,AP_BR_OSM_W1306892623,Service Road,,False,False,True,False,False
NHAI_AP_TADA_NELLORE,NHAI_Tada_Nellore_NH5_Vol_II.pdf,64,17849,AP_BR_OSM_W1324235692,Service Road,,False,False,True,False,False
NHAI_AP_TADA_NELLORE,NHAI_Tada_Nellore_NH5_Vol_II.pdf,64,18022,AP_BR_OSM_W1329295334,Service Road,,False,False,True,False,False
NHAI_AP_TADA_NELLORE,NHAI_Tada_Nellore_NH5_Vol_II.pdf,64,18025,AP_BR_OSM_W1329295340,Service Road,,False,False,True,False,False
NHAI_AP_TADA_NELLORE,NHAI_Tada_Nellore_NH5_Vol_II.pdf,64,18788,AP_BR_OSM_W1362529455,Service Road,,False,False,True,False,False
NHAI_AP_TADA_NELLORE,NHAI_Tada_Nellore_NH5_Vol_II.pdf,64,18789,AP_BR_OSM_W1362529457,Service Road,,False,False,True,False,False
NHAI_AP_TADA_NELLORE,NHAI_Tada_Nellore_NH5_Vol_II.pdf,64,18821,AP_BR_OSM_W1367602016,Service Road,,False,False,True,False,False
NHAI_AP_TADA_NELLORE,NHAI_Tada_Nellore_NH5_Vol_II.pdf,64,18878,AP_BR_OSM_W1384358138,Service Road,,False,False,True,False,False
NHAI_AP_TADA_NELLORE,NHAI_Tada_Nellore_NH5_Vol_II.pdf,64,21538,AP_BR_OSM_W1451125171,Service Road,,False,False,True,False,False
NHAI_AP_TADA_NELLORE,NHAI_Tada_Nellore_NH5_Vol_II.pdf,64,21997,AP_BR_OSM_W1463702254,Service Road,,False,False,True,False,False
NHAI_AP_TADA_NELLORE,NHAI_Tada_Nellore_NH5_Vol_II.pdf,64,21998,AP_BR_OSM_W1463702255,Service Road,,False,False,True,False,False
NHAI_AP_TADA_NELLORE,NHAI_Tada_Nellore_NH5_Vol_II.pdf,64,22040,AP_BR_OSM_W1467110239,Service Road,,False,False,True,False,False
NHAI_AP_TADA_NELLORE,NHAI_Tada_Nellore_NH5_Vol_II.pdf,64,22094,AP_BR_OSM_W1470248110,Service Road,,False,False,True,False,False
NHAI_AP_TADA_NELLORE,NHAI_Tada_Nellore_NH5_Vol_II.pdf,64,22095,AP_BR_OSM_W1470248112,Service Road,,False,False,True,False,False
NHAI_AP_TADA_NELLORE,NHAI_Tada_Nellore_NH5_Vol_II.pdf,64,22096,AP_BR_OSM_W1470248115,Service Road,,False,False,True,False,False
NHAI_AP_TADA_NELLORE,NHAI_Tada_Nellore_NH5_Vol_II.pdf,64,22097,AP_BR_OSM_W1470248117,Service Road,,False,False,True,False,False
NHAI_AP_TADA_NELLORE,NHAI_Tada_Nellore_NH5_Vol_II.pdf,64,22098,AP_BR_OSM_W1470254032,Service Road,,False,False,True,False,False
NHAI_AP_TADA_NELLORE,NHAI_Tada_Nellore_NH5_Vol_II.pdf,64,22099,AP_BR_OSM_W1470254034,Service Road,,False,False,True,False,False
NHAI_AP_TADA_NELLORE,NHAI_Tada_Nellore_NH5_Vol_II.pdf,64,22100,AP_BR_OSM_W1470254037,Service Road,,False,False,True,False,False
NHAI_AP_TADA_NELLORE,NHAI_Tada_Nellore_NH5_Vol_II.pdf,64,22101,AP_BR_OSM_W1470254039,Service Road,,False,False,True,False,False
NHAI_AP_TADA_NELLORE,NHAI_Tada_Nellore_NH5_Vol_II.pdf,64,22102,AP_BR_OSM_W1470254042,Service Road,,False,False,True,False,False
NHAI_AP_TADA_NELLORE,NHAI_Tada_Nellore_NH5_Vol_II.pdf,64,22103,AP_BR_OSM_W1470254595,Service Road,,False,False,True,False,False
NHAI_AP_TADA_NELLORE,NHAI_Tada_Nellore_NH5_Vol_II.pdf,64,22104,AP_BR_OSM_W1470254597,Service Road,,False,False,True,False,False
NHAI_AP_TADA_NELLORE,NHAI_Tada_Nellore_NH5_Vol_II.pdf,64,22304,AP_BR_OSM_W1492140167,Service Road,,False,False,True,False,False
NHAI_AP_TADA_NELLORE,NHAI_Tada_Nellore_NH5_Vol_II.pdf,64,22305,AP_BR_OSM_W1492140169,Service Road,,False,False,True,False,False
NHAI_AP_TADA_NELLORE,NHAI_Tada_Nellore_NH5_Vol_II.pdf,64,22362,AP_BR_OSM_W1498208935,Service Road,,False,False,True,False,False
NHAI_AP_TADA_NELLORE,NHAI_Tada_Nellore_NH5_Vol_II.pdf,64,22365,AP_BR_OSM_W1498208941,Service Road,,False,False,True,False,False
NHAI_AP_TADA_NELLORE,NHAI_Tada_Nellore_NH5_Vol_II.pdf,64,22376,AP_BR_OSM_W1498244122,Service Road,,False,False,True,False,False
NHAI_AP_TADA_NELLORE,NHAI_Tada_Nellore_NH5_Vol_II.pdf,64,22505,AP_BR_OSM_W1509394849,Service Road,,False,False,True,False,False
NHAI_AP_TADA_NELLORE,NHAI_Tada_Nellore_NH5_Vol_II.pdf,64,22506,AP_BR_OSM_W1509394850,Service Road,,False,False,True,False,False
NHAI_AP_TADA_NELLORE,NHAI_Tada_Nellore_NH5_Vol_II.pdf,64,22563,AP_BR_OSM_W1513126572,Service Road,,False,False,True,False,False
NHAI_AP_TADA_NELLORE,NHAI_Tada_Nellore_NH5_Vol_II.pdf,64,22564,AP_BR_OSM_W1513126574,Service Road,,False,False,True,False,False
NHAI_AP_TADA_NELLORE,NHAI_Tada_Nellore_NH5_Vol_II.pdf,64,22575,AP_BR_OSM_W1513577126,Service Road,,False,False,True,False,False
NHAI_AP_TADA_NELLORE,NHAI_Tada_Nellore_NH5_Vol_II.pdf,64,22704,AP_BR_OSM_W1523945375,Service Road,,False,False,True,False,False
NHAI_AP_TADA_NELLORE,NHAI_Tada_Nellore_NH5_Vol_II.pdf,64,22705,AP_BR_OSM_W1523945376,Service Road,,False,False,True,False,False
NHAI_AP_TADA_NELLORE,NHAI_Tada_Nellore_NH5_Vol_II.pdf,64,22719,AP_BR_OSM_W1524280480,Service Road,,False,False,True,False,False
NHAI_AP_TADA_NELLORE,NHAI_Tada_Nellore_NH5_Vol_II.pdf,64,22749,AP_BR_OSM_W1526081025,Service Road,,False,False,True,False,False
NHAI_AP_TADA_NELLORE,NHAI_Tada_Nellore_NH5_Vol_II.pdf,64,23069,AP_BR_OSM_W1534018757,Service Road,,False,False,True,False,False
NHAI_AP_TADA_NELLORE,NHAI_Tada_Nellore_NH5_Vol_II.pdf,64,23070,AP_BR_OSM_W1534018759,Service Road,,False,False,True,False,False
NHAI_AP_TADA_NELLORE,NHAI_Tada_Nellore_NH5_Vol_II.pdf,64,23139,AP_BR_OSM_W1540667922,Service Road,,False,False,True,False,False
NHAI_AP_TADA_NELLORE,NHAI_Tada_Nellore_NH5_Vol_II.pdf,64,23186,AP_BR_OSM_W1544023678,Service Road,,False,False,True,False,False
NHAI_AP_TADA_NELLORE,NHAI_Tada_Nellore_NH5_Vol_II.pdf,64,23187,AP_BR_OSM_W1544023680,Service Road,,False,False,True,False,False
NHAI_AP_TADA_NELLORE,NHAI_Tada_Nellore_NH5_Vol_II.pdf,64,23222,AP_BR_OSM_W1546593842,Service Road,,False,False,True,False,False
NHAI_AP_TADA_NELLORE,NHAI_Tada_Nellore_NH5_Vol_II.pdf,64,23223,AP_BR_OSM_W1546593845,Service Road,,False,False,True,False,False
NHAI_AP_TADA_NELLORE,NHAI_Tada_Nellore_NH5_Vol_II.pdf,64,2414,AP_BR_OSM_W480403927,Service Road,,False,False,True,False,False
NHAI_AP_TADA_NELLORE,NHAI_Tada_Nellore_NH5_Vol_II.pdf,64,2415,AP_BR_OSM_W480403929,Service Road,,False,False,True,False,False
NHAI_AP_TADA_NELLORE,NHAI_Tada_Nellore_NH5_Vol_II.pdf,64,4561,AP_BR_OSM_W673858216,Service Road,,False,False,True,False,False
NHAI_AP_TADA_NELLORE,NHAI_Tada_Nellore_NH5_Vol_II.pdf,64,4564,AP_BR_OSM_W673858223,Service Road,,False,False,True,False,False
NHAI_AP_TADA_NELLORE,NHAI_Tada_Nellore_NH5_Vol_II.pdf,64,6997,AP_BR_OSM_W826596384,Service Road,,False,False,True,False,False
NHAI_AP_TADA_NELLORE,NHAI_Tada_Nellore_NH5_Vol_II.pdf,64,6998,AP_BR_OSM_W826596386,Service Road,,False,False,True,False,False
NHAI_AP_TADA_NELLORE,NHAI_Tada_Nellore_NH5_Vol_II.pdf,64,7004,AP_BR_OSM_W826596400,Service Road,,False,False,True,False,False
NHAI_AP_TADA_NELLORE,NHAI_Tada_Nellore_NH5_Vol_II.pdf,64,7005,AP_BR_OSM_W826596402,Service Road,,False,False,True,False,False
NHAI_AP_TADA_NELLORE,NHAI_Tada_Nellore_NH5_Vol_II.pdf,64,7011,AP_BR_OSM_W826596413,Service Road,,False,False,True,False,False
NHAI_AP_TADA_NELLORE,NHAI_Tada_Nellore_NH5_Vol_II.pdf,64,7012,AP_BR_OSM_W826596416,Service Road,,False,False,True,False,False
NHAI_AP_TADA_NELLORE,NHAI_Tada_Nellore_NH5_Vol_II.pdf,64,7017,AP_BR_OSM_W826596424,Service Road,,False,False,True,False,False
NHAI_AP_TADA_NELLORE,NHAI_Tada_Nellore_NH5_Vol_II.pdf,64,7020,AP_BR_OSM_W826596430,Service Road,,False,False,True,False,False
NHAI_AP_TADA_NELLORE,NHAI_Tada_Nellore_NH5_Vol_II.pdf,64,7025,AP_BR_OSM_W826596440,Service Road,,False,False,True,False,False
NHAI_AP_TADA_NELLORE,NHAI_Tada_Nellore_NH5_Vol_II.pdf,64,7026,AP_BR_OSM_W826596442,Service Road,,False,False,True,False,False
NHAI_AP_TADA_NELLORE,NHAI_Tada_Nellore_NH5_Vol_II.pdf,64,7029,AP_BR_OSM_W826596445,Service Road,,False,False,True,False,False
NHAI_AP_TADA_NELLORE,NHAI_Tada_Nellore_NH5_Vol_II.pdf,64,7030,AP_BR_OSM_W826596449,Service Road,,False,False,True,False,False
NHAI_AP_TADA_NELLORE,NHAI_Tada_Nellore_NH5_Vol_II.pdf,64,7033,AP_BR_OSM_W826596455,Service Road,,False,False,True,False,False
NHAI_AP_TADA_NELLORE,NHAI_Tada_Nellore_NH5_Vol_II.pdf,64,7034,AP_BR_OSM_W826596458,Service Road,,False,False,True,False,False
NHAI_AP_TADA_NELLORE,NHAI_Tada_Nellore_NH5_Vol_II.pdf,64,7037,AP_BR_OSM_W826596464,Service Road,,False,False,True,False,False
NHAI_AP_TADA_NELLORE,NHAI_Tada_Nellore_NH5_Vol_II.pdf,64,7038,AP_BR_OSM_W826596466,Service Road,,False,False,True,False,False
NHAI_AP_TADA_NELLORE,NHAI_Tada_Nellore_NH5_Vol_II.pdf,64,7053,AP_BR_OSM_W826596490,Service Road,,False,False,True,False,False
NHAI_AP_TADA_NELLORE,NHAI_Tada_Nellore_NH5_Vol_II.pdf,64,7056,AP_BR_OSM_W826596496,Service Road,,False,False,True,False,False
NHAI_AP_TADA_NELLORE,NHAI_Tada_Nellore_NH5_Vol_II.pdf,64,8126,AP_BR_OSM_W839529008,Service Road,,False,False,True,False,False
NHAI_AP_TADA_NELLORE,NHAI_Tada_Nellore_NH5_Vol_II.pdf,64,8530,AP_BR_OSM_W843783103,Service Road,,False,False,True,False,False
NHAI_AP_TADA_NELLORE,NHAI_Tada_Nellore_NH5_Vol_II.pdf,64,8531,AP_BR_OSM_W843783106,Service Road,,False,False,True,False,False
NHAI_AP_TADA_NELLORE,NHAI_Tada_Nellore_NH5_Vol_II.pdf,64,9150,AP_BR_OSM_W845261050,Service Road,,False,False,True,False,False
NHAI_AP_TADA_NELLORE,NHAI_Tada_Nellore_NH5_Vol_II.pdf,64,12029,AP_BR_OSM_W851480115,Service Road,,False,False,True,False,False
NHAI_AP_TADA_NELLORE,NHAI_Tada_Nellore_NH5_Vol_II.pdf,64,12048,AP_BR_OSM_W851518401,Service Road,,False,False,True,False,False
NHAI_AP_TADA_NELLORE,NHAI_Tada_Nellore_NH5_Vol_II.pdf,64,12158,AP_BR_OSM_W852274598,Service Road,,False,False,True,False,False
NHAI_AP_TADA_NELLORE,NHAI_Tada_Nellore_NH5_Vol_II.pdf,64,12205,AP_BR_OSM_W852304662,Service Road,,False,False,True,False,False
NHAI_AP_TADA_NELLORE,NHAI_Tada_Nellore_NH5_Vol_II.pdf,64,12206,AP_BR_OSM_W852304667,Service Road,,False,False,True,False,False
NHAI_AP_TADA_NELLORE,NHAI_Tada_Nellore_NH5_Vol_II.pdf,64,12207,AP_BR_OSM_W852304670,Service Road,,False,False,True,False,False
NHAI_AP_TADA_NELLORE,NHAI_Tada_Nellore_NH5_Vol_II.pdf,64,12786,AP_BR_OSM_W854500413,Service Road,,False,False,True,False,False
NHAI_AP_TADA_NELLORE,NHAI_Tada_Nellore_NH5_Vol_II.pdf,64,12789,AP_BR_OSM_W854500419,Service Road,,False,False,True,False,False
NHAI_AP_TADA_NELLORE,NHAI_Tada_Nellore_NH5_Vol_II.pdf,64,12790,AP_BR_OSM_W854500422,Service Road,,False,False,True,False,False
NHAI_AP_TADA_NELLORE,NHAI_Tada_Nellore_NH5_Vol_II.pdf,64,12793,AP_BR_OSM_W854500428,Service Road,,False,False,True,False,False
NHAI_AP_TADA_NELLORE,NHAI_Tada_Nellore_NH5_Vol_II.pdf,64,12794,AP_BR_OSM_W854500429,Service Road,,False,False,True,False,False
NHAI_AP_TADA_NELLORE,NHAI_Tada_Nellore_NH5_Vol_II.pdf,64,12797,AP_BR_OSM_W854500435,Service Road,,False,False,True,False,False
NHAI_AP_TADA_NELLORE,NHAI_Tada_Nellore_NH5_Vol_II.pdf,64,12836,AP_BR_OSM_W855374531,Service Road,,False,False,True,False,False
NHAI_AP_TADA_NELLORE,NHAI_Tada_Nellore_NH5_Vol_II.pdf,64,12839,AP_BR_OSM_W855376825,Service Road,,False,False,True,False,False
NHAI_AP_TADA_NELLORE,NHAI_Tada_Nellore_NH5_Vol_II.pdf,64,12840,AP_BR_OSM_W855376827,Service Road,,False,False,True,False,False
NHAI_AP_TADA_NELLORE,NHAI_Tada_Nellore_NH5_Vol_II.pdf,68,14881,AP_BR_OSM_W1081167107,Service Road,,False,False,False,False,False
NHAI_AP_TADA_NELLORE,NHAI_Tada_Nellore_NH5_Vol_II.pdf,68,14905,AP_BR_OSM_W1086848414,Service Road,,False,False,False,False,False
NHAI_AP_TADA_NELLORE,NHAI_Tada_Nellore_NH5_Vol_II.pdf,68,14906,AP_BR_OSM_W1086848416,Service Road,,False,False,False,False,False
NHAI_AP_TADA_NELLORE,NHAI_Tada_Nellore_NH5_Vol_II.pdf,68,14911,AP_BR_OSM_W1086848436,Service Road,,False,False,False,False,False
NHAI_AP_TADA_NELLORE,NHAI_Tada_Nellore_NH5_Vol_II.pdf,68,14913,AP_BR_OSM_W1086848440,Service Road,,False,False,False,False,False
NHAI_AP_TADA_NELLORE,NHAI_Tada_Nellore_NH5_Vol_II.pdf,68,14980,AP_BR_OSM_W1088411426,Service Road,,False,False,False,False,False
NHAI_AP_TADA_NELLORE,NHAI_Tada_Nellore_NH5_Vol_II.pdf,68,14983,AP_BR_OSM_W1088411432,Service Road,,False,False,False,False,False
NHAI_AP_TADA_NELLORE,NHAI_Tada_Nellore_NH5_Vol_II.pdf,68,14990,AP_BR_OSM_W1088411472,Service Road,,False,False,False,False,False
NHAI_AP_TADA_NELLORE,NHAI_Tada_Nellore_NH5_Vol_II.pdf,68,14991,AP_BR_OSM_W1088411473,Service Road,,False,False,False,False,False
NHAI_AP_TADA_NELLORE,NHAI_Tada_Nellore_NH5_Vol_II.pdf,68,14992,AP_BR_OSM_W1088411477,Service Road,,False,False,False,False,False
NHAI_AP_TADA_NELLORE,NHAI_Tada_Nellore_NH5_Vol_II.pdf,68,14993,AP_BR_OSM_W1088411479,Service Road,,False,False,False,False,False
NHAI_AP_TADA_NELLORE,NHAI_Tada_Nellore_NH5_Vol_II.pdf,68,14999,AP_BR_OSM_W1088426820,Service Road,,False,False,False,False,False
NHAI_AP_TADA_NELLORE,NHAI_Tada_Nellore_NH5_Vol_II.pdf,68,15000,AP_BR_OSM_W1088426833,Service Road,,False,False,False,False,False
NHAI_AP_TADA_NELLORE,NHAI_Tada_Nellore_NH5_Vol_II.pdf,68,15001,AP_BR_OSM_W1088426835,Service Road,,False,False,False,False,False
NHAI_AP_TADA_NELLORE,NHAI_Tada_Nellore_NH5_Vol_II.pdf,68,15026,AP_BR_OSM_W1088463022,Service Road,,False,False,False,False,False
NHAI_AP_TADA_NELLORE,NHAI_Tada_Nellore_NH5_Vol_II.pdf,68,15027,AP_BR_OSM_W1088463024,Service Road,,False,False,False,False,False
NHAI_AP_TADA_NELLORE,NHAI_Tada_Nellore_NH5_Vol_II.pdf,68,15055,AP_BR_OSM_W1089450070,Service Road,,False,False,False,False,False
NHAI_AP_TADA_NELLORE,NHAI_Tada_Nellore_NH5_Vol_II.pdf,68,15058,AP_BR_OSM_W1089450073,Service Road,,False,False,False,False,False
NHAI_AP_TADA_NELLORE,NHAI_Tada_Nellore_NH5_Vol_II.pdf,68,15059,AP_BR_OSM_W1089450078,Service Road,,False,False,False,False,False
NHAI_AP_TADA_NELLORE,NHAI_Tada_Nellore_NH5_Vol_II.pdf,68,15062,AP_BR_OSM_W1089450081,Service Road,,False,False,False,False,False
NHAI_AP_TADA_NELLORE,NHAI_Tada_Nellore_NH5_Vol_II.pdf,68,15147,AP_BR_OSM_W1120249872,Service Road,,False,False,False,False,False
NHAI_AP_TADA_NELLORE,NHAI_Tada_Nellore_NH5_Vol_II.pdf,68,15215,AP_BR_OSM_W1155071501,Service Road,,False,False,False,False,False
NHAI_AP_TADA_NELLORE,NHAI_Tada_Nellore_NH5_Vol_II.pdf,68,15216,AP_BR_OSM_W1155071503,Service Road,,False,False,False,False,False
NHAI_AP_TADA_NELLORE,NHAI_Tada_Nellore_NH5_Vol_II.pdf,68,15451,AP_BR_OSM_W1191649245,Service Road,,False,False,False,False,False
NHAI_AP_TADA_NELLORE,NHAI_Tada_Nellore_NH5_Vol_II.pdf,68,15648,AP_BR_OSM_W1225609297,Service Road,,False,False,False,False,False
NHAI_AP_TADA_NELLORE,NHAI_Tada_Nellore_NH5_Vol_II.pdf,68,15700,AP_BR_OSM_W1232731403,Service Road,,False,False,False,False,False
NHAI_AP_TADA_NELLORE,NHAI_Tada_Nellore_NH5_Vol_II.pdf,68,15703,AP_BR_OSM_W1232731423,Service Road,,False,False,False,False,False
NHAI_AP_TADA_NELLORE,NHAI_Tada_Nellore_NH5_Vol_II.pdf,68,15745,AP_BR_OSM_W1237976449,Service Road,,False,False,False,False,False
NHAI_AP_TADA_NELLORE,NHAI_Tada_Nellore_NH5_Vol_II.pdf,68,15757,AP_BR_OSM_W1237978378,Service Road,,False,False,False,False,False
NHAI_AP_TADA_NELLORE,NHAI_Tada_Nellore_NH5_Vol_II.pdf,68,15761,AP_BR_OSM_W1237978510,Service Road,,False,False,False,False,False
NHAI_AP_TADA_NELLORE,NHAI_Tada_Nellore_NH5_Vol_II.pdf,68,15763,AP_BR_OSM_W1237978514,Service Road,,False,False,False,False,False
NHAI_AP_TADA_NELLORE,NHAI_Tada_Nellore_NH5_Vol_II.pdf,68,15774,AP_BR_OSM_W1237979758,Service Road,,False,False,False,False,False
NHAI_AP_TADA_NELLORE,NHAI_Tada_Nellore_NH5_Vol_II.pdf,68,15776,AP_BR_OSM_W1237979762,Service Road,,False,False,False,False,False
NHAI_AP_TADA_NELLORE,NHAI_Tada_Nellore_NH5_Vol_II.pdf,68,15992,AP_BR_OSM_W1243542316,Service Road,,False,False,False,False,False
NHAI_AP_TADA_NELLORE,NHAI_Tada_Nellore_NH5_Vol_II.pdf,68,15995,AP_BR_OSM_W1243542321,Service Road,,False,False,False,False,False
NHAI_AP_TADA_NELLORE,NHAI_Tada_Nellore_NH5_Vol_II.pdf,68,16013,AP_BR_OSM_W1245312598,Service Road,,False,False,False,False,False
NHAI_AP_TADA_NELLORE,NHAI_Tada_Nellore_NH5_Vol_II.pdf,68,16014,AP_BR_OSM_W1245312599,Service Road,,False,False,False,False,False
NHAI_AP_TADA_NELLORE,NHAI_Tada_Nellore_NH5_Vol_II.pdf,68,16681,AP_BR_OSM_W1273875767,Service Road,,False,False,False,False,False
NHAI_AP_TADA_NELLORE,NHAI_Tada_Nellore_NH5_Vol_II.pdf,68,16682,AP_BR_OSM_W1273875769,Service Road,,False,False,False,False,False
NHAI_AP_TADA_NELLORE,NHAI_Tada_Nellore_NH5_Vol_II.pdf,68,16684,AP_BR_OSM_W1273875773,Service Road,,False,False,False,False,False
NHAI_AP_TADA_NELLORE,NHAI_Tada_Nellore_NH5_Vol_II.pdf,68,16685,AP_BR_OSM_W1273875775,Service Road,,False,False,False,False,False
NHAI_AP_TADA_NELLORE,NHAI_Tada_Nellore_NH5_Vol_II.pdf,68,16690,AP_BR_OSM_W1273875815,Service Road,,False,False,False,False,False
NHAI_AP_TADA_NELLORE,NHAI_Tada_Nellore_NH5_Vol_II.pdf,68,16691,AP_BR_OSM_W1273875817,Service Road,,False,False,False,False,False
NHAI_AP_TADA_NELLORE,NHAI_Tada_Nellore_NH5_Vol_II.pdf,68,16708,AP_BR_OSM_W1273875869,Service Road,,False,False,False,False,False
NHAI_AP_TADA_NELLORE,NHAI_Tada_Nellore_NH5_Vol_II.pdf,68,16711,AP_BR_OSM_W1273875875,Service Road,,False,False,False,False,False
NHAI_AP_TADA_NELLORE,NHAI_Tada_Nellore_NH5_Vol_II.pdf,68,16712,AP_BR_OSM_W1273875877,Service Road,,False,False,False,False,False
NHAI_AP_TADA_NELLORE,NHAI_Tada_Nellore_NH5_Vol_II.pdf,68,17429,AP_BR_OSM_W1306892617,Service Road,,False,False,False,False,False
NHAI_AP_TADA_NELLORE,NHAI_Tada_Nellore_NH5_Vol_II.pdf,68,17432,AP_BR_OSM_W1306892623,Service Road,,False,False,False,False,False
NHAI_AP_TADA_NELLORE,NHAI_Tada_Nellore_NH5_Vol_II.pdf,68,17849,AP_BR_OSM_W1324235692,Service Road,,False,False,False,False,False
NHAI_AP_TADA_NELLORE,NHAI_Tada_Nellore_NH5_Vol_II.pdf,68,18022,AP_BR_OSM_W1329295334,Service Road,,False,False,False,False,False
NHAI_AP_TADA_NELLORE,NHAI_Tada_Nellore_NH5_Vol_II.pdf,68,18025,AP_BR_OSM_W1329295340,Service Road,,False,False,False,False,False
NHAI_AP_TADA_NELLORE,NHAI_Tada_Nellore_NH5_Vol_II.pdf,68,18788,AP_BR_OSM_W1362529455,Service Road,,False,False,False,False,False
NHAI_AP_TADA_NELLORE,NHAI_Tada_Nellore_NH5_Vol_II.pdf,68,18789,AP_BR_OSM_W1362529457,Service Road,,False,False,False,False,False
NHAI_AP_TADA_NELLORE,NHAI_Tada_Nellore_NH5_Vol_II.pdf,68,18821,AP_BR_OSM_W1367602016,Service Road,,False,False,False,False,False
NHAI_AP_TADA_NELLORE,NHAI_Tada_Nellore_NH5_Vol_II.pdf,68,18878,AP_BR_OSM_W1384358138,Service Road,,False,False,False,False,False
NHAI_AP_TADA_NELLORE,NHAI_Tada_Nellore_NH5_Vol_II.pdf,68,21538,AP_BR_OSM_W1451125171,Service Road,,False,False,False,False,False
NHAI_AP_TADA_NELLORE,NHAI_Tada_Nellore_NH5_Vol_II.pdf,68,21997,AP_BR_OSM_W1463702254,Service Road,,False,False,False,False,False
NHAI_AP_TADA_NELLORE,NHAI_Tada_Nellore_NH5_Vol_II.pdf,68,21998,AP_BR_OSM_W1463702255,Service Road,,False,False,False,False,False
NHAI_AP_TADA_NELLORE,NHAI_Tada_Nellore_NH5_Vol_II.pdf,68,22040,AP_BR_OSM_W1467110239,Service Road,,False,False,False,False,False
NHAI_AP_TADA_NELLORE,NHAI_Tada_Nellore_NH5_Vol_II.pdf,68,22094,AP_BR_OSM_W1470248110,Service Road,,False,False,False,False,False
NHAI_AP_TADA_NELLORE,NHAI_Tada_Nellore_NH5_Vol_II.pdf,68,22095,AP_BR_OSM_W1470248112,Service Road,,False,False,False,False,False
NHAI_AP_TADA_NELLORE,NHAI_Tada_Nellore_NH5_Vol_II.pdf,68,22096,AP_BR_OSM_W1470248115,Service Road,,False,False,False,False,False
NHAI_AP_TADA_NELLORE,NHAI_Tada_Nellore_NH5_Vol_II.pdf,68,22097,AP_BR_OSM_W1470248117,Service Road,,False,False,False,False,False
NHAI_AP_TADA_NELLORE,NHAI_Tada_Nellore_NH5_Vol_II.pdf,68,22098,AP_BR_OSM_W1470254032,Service Road,,False,False,False,False,False
NHAI_AP_TADA_NELLORE,NHAI_Tada_Nellore_NH5_Vol_II.pdf,68,22099,AP_BR_OSM_W1470254034,Service Road,,False,False,False,False,False
NHAI_AP_TADA_NELLORE,NHAI_Tada_Nellore_NH5_Vol_II.pdf,68,22100,AP_BR_OSM_W1470254037,Service Road,,False,False,False,False,False
NHAI_AP_TADA_NELLORE,NHAI_Tada_Nellore_NH5_Vol_II.pdf,68,22101,AP_BR_OSM_W1470254039,Service Road,,False,False,False,False,False
NHAI_AP_TADA_NELLORE,NHAI_Tada_Nellore_NH5_Vol_II.pdf,68,22102,AP_BR_OSM_W1470254042,Service Road,,False,False,False,False,False
NHAI_AP_TADA_NELLORE,NHAI_Tada_Nellore_NH5_Vol_II.pdf,68,22103,AP_BR_OSM_W1470254595,Service Road,,False,False,False,False,False
NHAI_AP_TADA_NELLORE,NHAI_Tada_Nellore_NH5_Vol_II.pdf,68,22104,AP_BR_OSM_W1470254597,Service Road,,False,False,False,False,False
NHAI_AP_TADA_NELLORE,NHAI_Tada_Nellore_NH5_Vol_II.pdf,68,22304,AP_BR_OSM_W1492140167,Service Road,,False,False,False,False,False
NHAI_AP_TADA_NELLORE,NHAI_Tada_Nellore_NH5_Vol_II.pdf,68,22305,AP_BR_OSM_W1492140169,Service Road,,False,False,False,False,False
NHAI_AP_TADA_NELLORE,NHAI_Tada_Nellore_NH5_Vol_II.pdf,68,22362,AP_BR_OSM_W1498208935,Service Road,,False,False,False,False,False
NHAI_AP_TADA_NELLORE,NHAI_Tada_Nellore_NH5_Vol_II.pdf,68,22365,AP_BR_OSM_W1498208941,Service Road,,False,False,False,False,False
NHAI_AP_TADA_NELLORE,NHAI_Tada_Nellore_NH5_Vol_II.pdf,68,22376,AP_BR_OSM_W1498244122,Service Road,,False,False,False,False,False
NHAI_AP_TADA_NELLORE,NHAI_Tada_Nellore_NH5_Vol_II.pdf,68,22505,AP_BR_OSM_W1509394849,Service Road,,False,False,False,False,False
NHAI_AP_TADA_NELLORE,NHAI_Tada_Nellore_NH5_Vol_II.pdf,68,22506,AP_BR_OSM_W1509394850,Service Road,,False,False,False,False,False
NHAI_AP_TADA_NELLORE,NHAI_Tada_Nellore_NH5_Vol_II.pdf,68,22563,AP_BR_OSM_W1513126572,Service Road,,False,False,False,False,False
NHAI_AP_TADA_NELLORE,NHAI_Tada_Nellore_NH5_Vol_II.pdf,68,22564,AP_BR_OSM_W1513126574,Service Road,,False,False,False,False,False
NHAI_AP_TADA_NELLORE,NHAI_Tada_Nellore_NH5_Vol_II.pdf,68,22575,AP_BR_OSM_W1513577126,Service Road,,False,False,False,False,False
NHAI_AP_TADA_NELLORE,NHAI_Tada_Nellore_NH5_Vol_II.pdf,68,22704,AP_BR_OSM_W1523945375,Service Road,,False,False,False,False,False
NHAI_AP_TADA_NELLORE,NHAI_Tada_Nellore_NH5_Vol_II.pdf,68,22705,AP_BR_OSM_W1523945376,Service Road,,False,False,False,False,False
NHAI_AP_TADA_NELLORE,NHAI_Tada_Nellore_NH5_Vol_II.pdf,68,22719,AP_BR_OSM_W1524280480,Service Road,,False,False,False,False,False
NHAI_AP_TADA_NELLORE,NHAI_Tada_Nellore_NH5_Vol_II.pdf,68,22749,AP_BR_OSM_W1526081025,Service Road,,False,False,False,False,False
NHAI_AP_TADA_NELLORE,NHAI_Tada_Nellore_NH5_Vol_II.pdf,68,23069,AP_BR_OSM_W1534018757,Service Road,,False,False,False,False,False
NHAI_AP_TADA_NELLORE,NHAI_Tada_Nellore_NH5_Vol_II.pdf,68,23070,AP_BR_OSM_W1534018759,Service Road,,False,False,False,False,False
NHAI_AP_TADA_NELLORE,NHAI_Tada_Nellore_NH5_Vol_II.pdf,68,23139,AP_BR_OSM_W1540667922,Service Road,,False,False,False,False,False
NHAI_AP_TADA_NELLORE,NHAI_Tada_Nellore_NH5_Vol_II.pdf,68,23186,AP_BR_OSM_W1544023678,Service Road,,False,False,False,False,False
NHAI_AP_TADA_NELLORE,NHAI_Tada_Nellore_NH5_Vol_II.pdf,68,23187,AP_BR_OSM_W1544023680,Service Road,,False,False,False,False,False
NHAI_AP_TADA_NELLORE,NHAI_Tada_Nellore_NH5_Vol_II.pdf,68,23222,AP_BR_OSM_W1546593842,Service Road,,False,False,False,False,False
NHAI_AP_TADA_NELLORE,NHAI_Tada_Nellore_NH5_Vol_II.pdf,68,23223,AP_BR_OSM_W1546593845,Service Road,,False,False,False,False,False
NHAI_AP_TADA_NELLORE,NHAI_Tada_Nellore_NH5_Vol_II.pdf,68,2414,AP_BR_OSM_W480403927,Service Road,,False,False,False,False,False
NHAI_AP_TADA_NELLORE,NHAI_Tada_Nellore_NH5_Vol_II.pdf,68,2415,AP_BR_OSM_W480403929,Service Road,,False,False,False,False,False
NHAI_AP_TADA_NELLORE,NHAI_Tada_Nellore_NH5_Vol_II.pdf,68,4561,AP_BR_OSM_W673858216,Service Road,,False,False,False,False,False
NHAI_AP_TADA_NELLORE,NHAI_Tada_Nellore_NH5_Vol_II.pdf,68,4564,AP_BR_OSM_W673858223,Service Road,,False,False,False,False,False
NHAI_AP_TADA_NELLORE,NHAI_Tada_Nellore_NH5_Vol_II.pdf,68,6997,AP_BR_OSM_W826596384,Service Road,,False,False,False,False,False
NHAI_AP_TADA_NELLORE,NHAI_Tada_Nellore_NH5_Vol_II.pdf,68,6998,AP_BR_OSM_W826596386,Service Road,,False,False,False,False,False
NHAI_AP_TADA_NELLORE,NHAI_Tada_Nellore_NH5_Vol_II.pdf,68,7004,AP_BR_OSM_W826596400,Service Road,,False,False,False,False,False
NHAI_AP_TADA_NELLORE,NHAI_Tada_Nellore_NH5_Vol_II.pdf,68,7005,AP_BR_OSM_W826596402,Service Road,,False,False,False,False,False
NHAI_AP_TADA_NELLORE,NHAI_Tada_Nellore_NH5_Vol_II.pdf,68,7011,AP_BR_OSM_W826596413,Service Road,,False,False,False,False,False
NHAI_AP_TADA_NELLORE,NHAI_Tada_Nellore_NH5_Vol_II.pdf,68,7012,AP_BR_OSM_W826596416,Service Road,,False,False,False,False,False
NHAI_AP_TADA_NELLORE,NHAI_Tada_Nellore_NH5_Vol_II.pdf,68,7017,AP_BR_OSM_W826596424,Service Road,,False,False,False,False,False
NHAI_AP_TADA_NELLORE,NHAI_Tada_Nellore_NH5_Vol_II.pdf,68,7020,AP_BR_OSM_W826596430,Service Road,,False,False,False,False,False
NHAI_AP_TADA_NELLORE,NHAI_Tada_Nellore_NH5_Vol_II.pdf,68,7025,AP_BR_OSM_W826596440,Service Road,,False,False,False,False,False
NHAI_AP_TADA_NELLORE,NHAI_Tada_Nellore_NH5_Vol_II.pdf,68,7026,AP_BR_OSM_W826596442,Service Road,,False,False,False,False,False
NHAI_AP_TADA_NELLORE,NHAI_Tada_Nellore_NH5_Vol_II.pdf,68,7029,AP_BR_OSM_W826596445,Service Road,,False,False,False,False,False
NHAI_AP_TADA_NELLORE,NHAI_Tada_Nellore_NH5_Vol_II.pdf,68,7030,AP_BR_OSM_W826596449,Service Road,,False,False,False,False,False
NHAI_AP_TADA_NELLORE,NHAI_Tada_Nellore_NH5_Vol_II.pdf,68,7033,AP_BR_OSM_W826596455,Service Road,,False,False,False,False,False
NHAI_AP_TADA_NELLORE,NHAI_Tada_Nellore_NH5_Vol_II.pdf,68,7034,AP_BR_OSM_W826596458,Service Road,,False,False,False,False,False
NHAI_AP_TADA_NELLORE,NHAI_Tada_Nellore_NH5_Vol_II.pdf,68,7037,AP_BR_OSM_W826596464,Service Road,,False,False,False,False,False
NHAI_AP_TADA_NELLORE,NHAI_Tada_Nellore_NH5_Vol_II.pdf,68,7038,AP_BR_OSM_W826596466,Service Road,,False,False,False,False,False
NHAI_AP_TADA_NELLORE,NHAI_Tada_Nellore_NH5_Vol_II.pdf,68,7053,AP_BR_OSM_W826596490,Service Road,,False,False,False,False,False
NHAI_AP_TADA_NELLORE,NHAI_Tada_Nellore_NH5_Vol_II.pdf,68,7056,AP_BR_OSM_W826596496,Service Road,,False,False,False,False,False
NHAI_AP_TADA_NELLORE,NHAI_Tada_Nellore_NH5_Vol_II.pdf,68,8126,AP_BR_OSM_W839529008,Service Road,,False,False,False,False,False
NHAI_AP_TADA_NELLORE,NHAI_Tada_Nellore_NH5_Vol_II.pdf,68,8530,AP_BR_OSM_W843783103,Service Road,,False,False,False,False,False
NHAI_AP_TADA_NELLORE,NHAI_Tada_Nellore_NH5_Vol_II.pdf,68,8531,AP_BR_OSM_W843783106,Service Road,,False,False,False,False,False
NHAI_AP_TADA_NELLORE,NHAI_Tada_Nellore_NH5_Vol_II.pdf,68,9150,AP_BR_OSM_W845261050,Service Road,,False,False,False,False,False
NHAI_AP_TADA_NELLORE,NHAI_Tada_Nellore_NH5_Vol_II.pdf,68,12029,AP_BR_OSM_W851480115,Service Road,,False,False,False,False,False
NHAI_AP_TADA_NELLORE,NHAI_Tada_Nellore_NH5_Vol_II.pdf,68,12048,AP_BR_OSM_W851518401,Service Road,,False,False,False,False,False
NHAI_AP_TADA_NELLORE,NHAI_Tada_Nellore_NH5_Vol_II.pdf,68,12158,AP_BR_OSM_W852274598,Service Road,,False,False,False,False,False
NHAI_AP_TADA_NELLORE,NHAI_Tada_Nellore_NH5_Vol_II.pdf,68,12205,AP_BR_OSM_W852304662,Service Road,,False,False,False,False,False
NHAI_AP_TADA_NELLORE,NHAI_Tada_Nellore_NH5_Vol_II.pdf,68,12206,AP_BR_OSM_W852304667,Service Road,,False,False,False,False,False
NHAI_AP_TADA_NELLORE,NHAI_Tada_Nellore_NH5_Vol_II.pdf,68,12207,AP_BR_OSM_W852304670,Service Road,,False,False,False,False,False
NHAI_AP_TADA_NELLORE,NHAI_Tada_Nellore_NH5_Vol_II.pdf,68,12786,AP_BR_OSM_W854500413,Service Road,,False,False,False,False,False
NHAI_AP_TADA_NELLORE,NHAI_Tada_Nellore_NH5_Vol_II.pdf,68,12789,AP_BR_OSM_W854500419,Service Road,,False,False,False,False,False
NHAI_AP_TADA_NELLORE,NHAI_Tada_Nellore_NH5_Vol_II.pdf,68,12790,AP_BR_OSM_W854500422,Service Road,,False,False,False,False,False
NHAI_AP_TADA_NELLORE,NHAI_Tada_Nellore_NH5_Vol_II.pdf,68,12793,AP_BR_OSM_W854500428,Service Road,,False,False,False,False,False
NHAI_AP_TADA_NELLORE,NHAI_Tada_Nellore_NH5_Vol_II.pdf,68,12794,AP_BR_OSM_W854500429,Service Road,,False,False,False,False,False
NHAI_AP_TADA_NELLORE,NHAI_Tada_Nellore_NH5_Vol_II.pdf,68,12797,AP_BR_OSM_W854500435,Service Road,,False,False,False,False,False
NHAI_AP_TADA_NELLORE,NHAI_Tada_Nellore_NH5_Vol_II.pdf,68,12836,AP_BR_OSM_W855374531,Service Road,,False,False,False,False,False
NHAI_AP_TADA_NELLORE,NHAI_Tada_Nellore_NH5_Vol_II.pdf,68,12839,AP_BR_OSM_W855376825,Service Road,,False,False,False,False,False
NHAI_AP_TADA_NELLORE,NHAI_Tada_Nellore_NH5_Vol_II.pdf,68,12840,AP_BR_OSM_W855376827,Service Road,,False,False,False,False,False
NHAI_AP_TADA_NELLORE,NHAI_Tada_Nellore_NH5_Vol_II.pdf,84,14881,AP_BR_OSM_W1081167107,Service Road,,False,False,True,False,False
NHAI_AP_TADA_NELLORE,NHAI_Tada_Nellore_NH5_Vol_II.pdf,84,14905,AP_BR_OSM_W1086848414,Service Road,,False,False,True,False,False
NHAI_AP_TADA_NELLORE,NHAI_Tada_Nellore_NH5_Vol_II.pdf,84,14906,AP_BR_OSM_W1086848416,Service Road,,False,False,True,False,False
NHAI_AP_TADA_NELLORE,NHAI_Tada_Nellore_NH5_Vol_II.pdf,84,14911,AP_BR_OSM_W1086848436,Service Road,,False,False,True,False,False
NHAI_AP_TADA_NELLORE,NHAI_Tada_Nellore_NH5_Vol_II.pdf,84,14913,AP_BR_OSM_W1086848440,Service Road,,False,False,True,False,False
NHAI_AP_TADA_NELLORE,NHAI_Tada_Nellore_NH5_Vol_II.pdf,84,14980,AP_BR_OSM_W1088411426,Service Road,,False,False,True,False,False
NHAI_AP_TADA_NELLORE,NHAI_Tada_Nellore_NH5_Vol_II.pdf,84,14983,AP_BR_OSM_W1088411432,Service Road,,False,False,True,False,False
NHAI_AP_TADA_NELLORE,NHAI_Tada_Nellore_NH5_Vol_II.pdf,84,14990,AP_BR_OSM_W1088411472,Service Road,,False,False,True,False,False
NHAI_AP_TADA_NELLORE,NHAI_Tada_Nellore_NH5_Vol_II.pdf,84,14991,AP_BR_OSM_W1088411473,Service Road,,False,False,True,False,False
NHAI_AP_TADA_NELLORE,NHAI_Tada_Nellore_NH5_Vol_II.pdf,84,14992,AP_BR_OSM_W1088411477,Service Road,,False,False,True,False,False
NHAI_AP_TADA_NELLORE,NHAI_Tada_Nellore_NH5_Vol_II.pdf,84,14993,AP_BR_OSM_W1088411479,Service Road,,False,False,True,False,False
NHAI_AP_TADA_NELLORE,NHAI_Tada_Nellore_NH5_Vol_II.pdf,84,14999,AP_BR_OSM_W1088426820,Service Road,,False,False,True,False,False
NHAI_AP_TADA_NELLORE,NHAI_Tada_Nellore_NH5_Vol_II.pdf,84,15000,AP_BR_OSM_W1088426833,Service Road,,False,False,True,False,False
NHAI_AP_TADA_NELLORE,NHAI_Tada_Nellore_NH5_Vol_II.pdf,84,15001,AP_BR_OSM_W1088426835,Service Road,,False,False,True,False,False
NHAI_AP_TADA_NELLORE,NHAI_Tada_Nellore_NH5_Vol_II.pdf,84,15026,AP_BR_OSM_W1088463022,Service Road,,False,False,True,False,False
NHAI_AP_TADA_NELLORE,NHAI_Tada_Nellore_NH5_Vol_II.pdf,84,15027,AP_BR_OSM_W1088463024,Service Road,,False,False,True,False,False
NHAI_AP_TADA_NELLORE,NHAI_Tada_Nellore_NH5_Vol_II.pdf,84,15055,AP_BR_OSM_W1089450070,Service Road,,False,False,True,False,False
NHAI_AP_TADA_NELLORE,NHAI_Tada_Nellore_NH5_Vol_II.pdf,84,15058,AP_BR_OSM_W1089450073,Service Road,,False,False,True,False,False
NHAI_AP_TADA_NELLORE,NHAI_Tada_Nellore_NH5_Vol_II.pdf,84,15059,AP_BR_OSM_W1089450078,Service Road,,False,False,True,False,False
NHAI_AP_TADA_NELLORE,NHAI_Tada_Nellore_NH5_Vol_II.pdf,84,15062,AP_BR_OSM_W1089450081,Service Road,,False,False,True,False,False
NHAI_AP_TADA_NELLORE,NHAI_Tada_Nellore_NH5_Vol_II.pdf,84,15147,AP_BR_OSM_W1120249872,Service Road,,False,False,True,False,False
NHAI_AP_TADA_NELLORE,NHAI_Tada_Nellore_NH5_Vol_II.pdf,84,15215,AP_BR_OSM_W1155071501,Service Road,,False,False,True,False,False
NHAI_AP_TADA_NELLORE,NHAI_Tada_Nellore_NH5_Vol_II.pdf,84,15216,AP_BR_OSM_W1155071503,Service Road,,False,False,True,False,False
NHAI_AP_TADA_NELLORE,NHAI_Tada_Nellore_NH5_Vol_II.pdf,84,15451,AP_BR_OSM_W1191649245,Service Road,,False,False,True,False,False
NHAI_AP_TADA_NELLORE,NHAI_Tada_Nellore_NH5_Vol_II.pdf,84,15648,AP_BR_OSM_W1225609297,Service Road,,False,False,True,False,False
NHAI_AP_TADA_NELLORE,NHAI_Tada_Nellore_NH5_Vol_II.pdf,84,15700,AP_BR_OSM_W1232731403,Service Road,,False,False,True,False,False
NHAI_AP_TADA_NELLORE,NHAI_Tada_Nellore_NH5_Vol_II.pdf,84,15703,AP_BR_OSM_W1232731423,Service Road,,False,False,True,False,False
NHAI_AP_TADA_NELLORE,NHAI_Tada_Nellore_NH5_Vol_II.pdf,84,15745,AP_BR_OSM_W1237976449,Service Road,,False,False,True,False,False
NHAI_AP_TADA_NELLORE,NHAI_Tada_Nellore_NH5_Vol_II.pdf,84,15757,AP_BR_OSM_W1237978378,Service Road,,False,False,True,False,False
NHAI_AP_TADA_NELLORE,NHAI_Tada_Nellore_NH5_Vol_II.pdf,84,15761,AP_BR_OSM_W1237978510,Service Road,,False,False,True,False,False
NHAI_AP_TADA_NELLORE,NHAI_Tada_Nellore_NH5_Vol_II.pdf,84,15763,AP_BR_OSM_W1237978514,Service Road,,False,False,True,False,False
NHAI_AP_TADA_NELLORE,NHAI_Tada_Nellore_NH5_Vol_II.pdf,84,15774,AP_BR_OSM_W1237979758,Service Road,,False,False,True,False,False
NHAI_AP_TADA_NELLORE,NHAI_Tada_Nellore_NH5_Vol_II.pdf,84,15776,AP_BR_OSM_W1237979762,Service Road,,False,False,True,False,False
NHAI_AP_TADA_NELLORE,NHAI_Tada_Nellore_NH5_Vol_II.pdf,84,15992,AP_BR_OSM_W1243542316,Service Road,,False,False,True,False,False
NHAI_AP_TADA_NELLORE,NHAI_Tada_Nellore_NH5_Vol_II.pdf,84,15995,AP_BR_OSM_W1243542321,Service Road,,False,False,True,False,False
NHAI_AP_TADA_NELLORE,NHAI_Tada_Nellore_NH5_Vol_II.pdf,84,16013,AP_BR_OSM_W1245312598,Service Road,,False,False,True,False,False
NHAI_AP_TADA_NELLORE,NHAI_Tada_Nellore_NH5_Vol_II.pdf,84,16014,AP_BR_OSM_W1245312599,Service Road,,False,False,True,False,False
NHAI_AP_TADA_NELLORE,NHAI_Tada_Nellore_NH5_Vol_II.pdf,84,16681,AP_BR_OSM_W1273875767,Service Road,,False,False,True,False,False
NHAI_AP_TADA_NELLORE,NHAI_Tada_Nellore_NH5_Vol_II.pdf,84,16682,AP_BR_OSM_W1273875769,Service Road,,False,False,True,False,False
NHAI_AP_TADA_NELLORE,NHAI_Tada_Nellore_NH5_Vol_II.pdf,84,16684,AP_BR_OSM_W1273875773,Service Road,,False,False,True,False,False
NHAI_AP_TADA_NELLORE,NHAI_Tada_Nellore_NH5_Vol_II.pdf,84,16685,AP_BR_OSM_W1273875775,Service Road,,False,False,True,False,False
NHAI_AP_TADA_NELLORE,NHAI_Tada_Nellore_NH5_Vol_II.pdf,84,16690,AP_BR_OSM_W1273875815,Service Road,,False,False,True,False,False
NHAI_AP_TADA_NELLORE,NHAI_Tada_Nellore_NH5_Vol_II.pdf,84,16691,AP_BR_OSM_W1273875817,Service Road,,False,False,True,False,False
NHAI_AP_TADA_NELLORE,NHAI_Tada_Nellore_NH5_Vol_II.pdf,84,16708,AP_BR_OSM_W1273875869,Service Road,,False,False,True,False,False
NHAI_AP_TADA_NELLORE,NHAI_Tada_Nellore_NH5_Vol_II.pdf,84,16711,AP_BR_OSM_W1273875875,Service Road,,False,False,True,False,False
NHAI_AP_TADA_NELLORE,NHAI_Tada_Nellore_NH5_Vol_II.pdf,84,16712,AP_BR_OSM_W1273875877,Service Road,,False,False,True,False,False
NHAI_AP_TADA_NELLORE,NHAI_Tada_Nellore_NH5_Vol_II.pdf,84,17429,AP_BR_OSM_W1306892617,Service Road,,False,False,True,False,False
NHAI_AP_TADA_NELLORE,NHAI_Tada_Nellore_NH5_Vol_II.pdf,84,17432,AP_BR_OSM_W1306892623,Service Road,,False,False,True,False,False
NHAI_AP_TADA_NELLORE,NHAI_Tada_Nellore_NH5_Vol_II.pdf,84,17849,AP_BR_OSM_W1324235692,Service Road,,False,False,True,False,False
NHAI_AP_TADA_NELLORE,NHAI_Tada_Nellore_NH5_Vol_II.pdf,84,18022,AP_BR_OSM_W1329295334,Service Road,,False,False,True,False,False
NHAI_AP_TADA_NELLORE,NHAI_Tada_Nellore_NH5_Vol_II.pdf,84,18025,AP_BR_OSM_W1329295340,Service Road,,False,False,True,False,False
NHAI_AP_TADA_NELLORE,NHAI_Tada_Nellore_NH5_Vol_II.pdf,84,18788,AP_BR_OSM_W1362529455,Service Road,,False,False,True,False,False
NHAI_AP_TADA_NELLORE,NHAI_Tada_Nellore_NH5_Vol_II.pdf,84,18789,AP_BR_OSM_W1362529457,Service Road,,False,False,True,False,False
NHAI_AP_TADA_NELLORE,NHAI_Tada_Nellore_NH5_Vol_II.pdf,84,18821,AP_BR_OSM_W1367602016,Service Road,,False,False,True,False,False
NHAI_AP_TADA_NELLORE,NHAI_Tada_Nellore_NH5_Vol_II.pdf,84,18878,AP_BR_OSM_W1384358138,Service Road,,False,False,True,False,False
NHAI_AP_TADA_NELLORE,NHAI_Tada_Nellore_NH5_Vol_II.pdf,84,21538,AP_BR_OSM_W1451125171,Service Road,,False,False,True,False,False
NHAI_AP_TADA_NELLORE,NHAI_Tada_Nellore_NH5_Vol_II.pdf,84,21997,AP_BR_OSM_W1463702254,Service Road,,False,False,True,False,False
NHAI_AP_TADA_NELLORE,NHAI_Tada_Nellore_NH5_Vol_II.pdf,84,21998,AP_BR_OSM_W1463702255,Service Road,,False,False,True,False,False
NHAI_AP_TADA_NELLORE,NHAI_Tada_Nellore_NH5_Vol_II.pdf,84,22040,AP_BR_OSM_W1467110239,Service Road,,False,False,True,False,False
NHAI_AP_TADA_NELLORE,NHAI_Tada_Nellore_NH5_Vol_II.pdf,84,22094,AP_BR_OSM_W1470248110,Service Road,,False,False,True,False,False
NHAI_AP_TADA_NELLORE,NHAI_Tada_Nellore_NH5_Vol_II.pdf,84,22095,AP_BR_OSM_W1470248112,Service Road,,False,False,True,False,False
NHAI_AP_TADA_NELLORE,NHAI_Tada_Nellore_NH5_Vol_II.pdf,84,22096,AP_BR_OSM_W1470248115,Service Road,,False,False,True,False,False
NHAI_AP_TADA_NELLORE,NHAI_Tada_Nellore_NH5_Vol_II.pdf,84,22097,AP_BR_OSM_W1470248117,Service Road,,False,False,True,False,False
NHAI_AP_TADA_NELLORE,NHAI_Tada_Nellore_NH5_Vol_II.pdf,84,22098,AP_BR_OSM_W1470254032,Service Road,,False,False,True,False,False
NHAI_AP_TADA_NELLORE,NHAI_Tada_Nellore_NH5_Vol_II.pdf,84,22099,AP_BR_OSM_W1470254034,Service Road,,False,False,True,False,False
NHAI_AP_TADA_NELLORE,NHAI_Tada_Nellore_NH5_Vol_II.pdf,84,22100,AP_BR_OSM_W1470254037,Service Road,,False,False,True,False,False
NHAI_AP_TADA_NELLORE,NHAI_Tada_Nellore_NH5_Vol_II.pdf,84,22101,AP_BR_OSM_W1470254039,Service Road,,False,False,True,False,False
NHAI_AP_TADA_NELLORE,NHAI_Tada_Nellore_NH5_Vol_II.pdf,84,22102,AP_BR_OSM_W1470254042,Service Road,,False,False,True,False,False
NHAI_AP_TADA_NELLORE,NHAI_Tada_Nellore_NH5_Vol_II.pdf,84,22103,AP_BR_OSM_W1470254595,Service Road,,False,False,True,False,False
NHAI_AP_TADA_NELLORE,NHAI_Tada_Nellore_NH5_Vol_II.pdf,84,22104,AP_BR_OSM_W1470254597,Service Road,,False,False,True,False,False
NHAI_AP_TADA_NELLORE,NHAI_Tada_Nellore_NH5_Vol_II.pdf,84,22304,AP_BR_OSM_W1492140167,Service Road,,False,False,True,False,False
NHAI_AP_TADA_NELLORE,NHAI_Tada_Nellore_NH5_Vol_II.pdf,84,22305,AP_BR_OSM_W1492140169,Service Road,,False,False,True,False,False
NHAI_AP_TADA_NELLORE,NHAI_Tada_Nellore_NH5_Vol_II.pdf,84,22362,AP_BR_OSM_W1498208935,Service Road,,False,False,True,False,False
NHAI_AP_TADA_NELLORE,NHAI_Tada_Nellore_NH5_Vol_II.pdf,84,22365,AP_BR_OSM_W1498208941,Service Road,,False,False,True,False,False
NHAI_AP_TADA_NELLORE,NHAI_Tada_Nellore_NH5_Vol_II.pdf,84,22376,AP_BR_OSM_W1498244122,Service Road,,False,False,True,False,False
NHAI_AP_TADA_NELLORE,NHAI_Tada_Nellore_NH5_Vol_II.pdf,84,22505,AP_BR_OSM_W1509394849,Service Road,,False,False,True,False,False
NHAI_AP_TADA_NELLORE,NHAI_Tada_Nellore_NH5_Vol_II.pdf,84,22506,AP_BR_OSM_W1509394850,Service Road,,False,False,True,False,False
NHAI_AP_TADA_NELLORE,NHAI_Tada_Nellore_NH5_Vol_II.pdf,84,22563,AP_BR_OSM_W1513126572,Service Road,,False,False,True,False,False
NHAI_AP_TADA_NELLORE,NHAI_Tada_Nellore_NH5_Vol_II.pdf,84,22564,AP_BR_OSM_W1513126574,Service Road,,False,False,True,False,False
NHAI_AP_TADA_NELLORE,NHAI_Tada_Nellore_NH5_Vol_II.pdf,84,22575,AP_BR_OSM_W1513577126,Service Road,,False,False,True,False,False
NHAI_AP_TADA_NELLORE,NHAI_Tada_Nellore_NH5_Vol_II.pdf,84,22704,AP_BR_OSM_W1523945375,Service Road,,False,False,True,False,False
NHAI_AP_TADA_NELLORE,NHAI_Tada_Nellore_NH5_Vol_II.pdf,84,22705,AP_BR_OSM_W1523945376,Service Road,,False,False,True,False,False
NHAI_AP_TADA_NELLORE,NHAI_Tada_Nellore_NH5_Vol_II.pdf,84,22719,AP_BR_OSM_W1524280480,Service Road,,False,False,True,False,False
NHAI_AP_TADA_NELLORE,NHAI_Tada_Nellore_NH5_Vol_II.pdf,84,22749,AP_BR_OSM_W1526081025,Service Road,,False,False,True,False,False
NHAI_AP_TADA_NELLORE,NHAI_Tada_Nellore_NH5_Vol_II.pdf,84,23069,AP_BR_OSM_W1534018757,Service Road,,False,False,True,False,False
NHAI_AP_TADA_NELLORE,NHAI_Tada_Nellore_NH5_Vol_II.pdf,84,23070,AP_BR_OSM_W1534018759,Service Road,,False,False,True,False,False
NHAI_AP_TADA_NELLORE,NHAI_Tada_Nellore_NH5_Vol_II.pdf,84,23139,AP_BR_OSM_W1540667922,Service Road,,False,False,True,False,False
NHAI_AP_TADA_NELLORE,NHAI_Tada_Nellore_NH5_Vol_II.pdf,84,23186,AP_BR_OSM_W1544023678,Service Road,,False,False,True,False,False
NHAI_AP_TADA_NELLORE,NHAI_Tada_Nellore_NH5_Vol_II.pdf,84,23187,AP_BR_OSM_W1544023680,Service Road,,False,False,True,False,False
NHAI_AP_TADA_NELLORE,NHAI_Tada_Nellore_NH5_Vol_II.pdf,84,23222,AP_BR_OSM_W1546593842,Service Road,,False,False,True,False,False
NHAI_AP_TADA_NELLORE,NHAI_Tada_Nellore_NH5_Vol_II.pdf,84,23223,AP_BR_OSM_W1546593845,Service Road,,False,False,True,False,False
NHAI_AP_TADA_NELLORE,NHAI_Tada_Nellore_NH5_Vol_II.pdf,84,2414,AP_BR_OSM_W480403927,Service Road,,False,False,True,False,False
NHAI_AP_TADA_NELLORE,NHAI_Tada_Nellore_NH5_Vol_II.pdf,84,2415,AP_BR_OSM_W480403929,Service Road,,False,False,True,False,False
NHAI_AP_TADA_NELLORE,NHAI_Tada_Nellore_NH5_Vol_II.pdf,84,4561,AP_BR_OSM_W673858216,Service Road,,False,False,True,False,False
NHAI_AP_TADA_NELLORE,NHAI_Tada_Nellore_NH5_Vol_II.pdf,84,4564,AP_BR_OSM_W673858223,Service Road,,False,False,True,False,False
NHAI_AP_TADA_NELLORE,NHAI_Tada_Nellore_NH5_Vol_II.pdf,84,6997,AP_BR_OSM_W826596384,Service Road,,False,False,True,False,False
NHAI_AP_TADA_NELLORE,NHAI_Tada_Nellore_NH5_Vol_II.pdf,84,6998,AP_BR_OSM_W826596386,Service Road,,False,False,True,False,False
NHAI_AP_TADA_NELLORE,NHAI_Tada_Nellore_NH5_Vol_II.pdf,84,7004,AP_BR_OSM_W826596400,Service Road,,False,False,True,False,False
NHAI_AP_TADA_NELLORE,NHAI_Tada_Nellore_NH5_Vol_II.pdf,84,7005,AP_BR_OSM_W826596402,Service Road,,False,False,True,False,False
NHAI_AP_TADA_NELLORE,NHAI_Tada_Nellore_NH5_Vol_II.pdf,84,7011,AP_BR_OSM_W826596413,Service Road,,False,False,True,False,False
NHAI_AP_TADA_NELLORE,NHAI_Tada_Nellore_NH5_Vol_II.pdf,84,7012,AP_BR_OSM_W826596416,Service Road,,False,False,True,False,False
NHAI_AP_TADA_NELLORE,NHAI_Tada_Nellore_NH5_Vol_II.pdf,84,7017,AP_BR_OSM_W826596424,Service Road,,False,False,True,False,False
NHAI_AP_TADA_NELLORE,NHAI_Tada_Nellore_NH5_Vol_II.pdf,84,7020,AP_BR_OSM_W826596430,Service Road,,False,False,True,False,False
NHAI_AP_TADA_NELLORE,NHAI_Tada_Nellore_NH5_Vol_II.pdf,84,7025,AP_BR_OSM_W826596440,Service Road,,False,False,True,False,False
NHAI_AP_TADA_NELLORE,NHAI_Tada_Nellore_NH5_Vol_II.pdf,84,7026,AP_BR_OSM_W826596442,Service Road,,False,False,True,False,False
NHAI_AP_TADA_NELLORE,NHAI_Tada_Nellore_NH5_Vol_II.pdf,84,7029,AP_BR_OSM_W826596445,Service Road,,False,False,True,False,False
NHAI_AP_TADA_NELLORE,NHAI_Tada_Nellore_NH5_Vol_II.pdf,84,7030,AP_BR_OSM_W826596449,Service Road,,False,False,True,False,False
NHAI_AP_TADA_NELLORE,NHAI_Tada_Nellore_NH5_Vol_II.pdf,84,7033,AP_BR_OSM_W826596455,Service Road,,False,False,True,False,False
NHAI_AP_TADA_NELLORE,NHAI_Tada_Nellore_NH5_Vol_II.pdf,84,7034,AP_BR_OSM_W826596458,Service Road,,False,False,True,False,False
NHAI_AP_TADA_NELLORE,NHAI_Tada_Nellore_NH5_Vol_II.pdf,84,7037,AP_BR_OSM_W826596464,Service Road,,False,False,True,False,False
NHAI_AP_TADA_NELLORE,NHAI_Tada_Nellore_NH5_Vol_II.pdf,84,7038,AP_BR_OSM_W826596466,Service Road,,False,False,True,False,False
NHAI_AP_TADA_NELLORE,NHAI_Tada_Nellore_NH5_Vol_II.pdf,84,7053,AP_BR_OSM_W826596490,Service Road,,False,False,True,False,False
NHAI_AP_TADA_NELLORE,NHAI_Tada_Nellore_NH5_Vol_II.pdf,84,7056,AP_BR_OSM_W826596496,Service Road,,False,False,True,False,False
NHAI_AP_TADA_NELLORE,NHAI_Tada_Nellore_NH5_Vol_II.pdf,84,8126,AP_BR_OSM_W839529008,Service Road,,False,False,True,False,False
NHAI_AP_TADA_NELLORE,NHAI_Tada_Nellore_NH5_Vol_II.pdf,84,8530,AP_BR_OSM_W843783103,Service Road,,False,False,True,False,False
NHAI_AP_TADA_NELLORE,NHAI_Tada_Nellore_NH5_Vol_II.pdf,84,8531,AP_BR_OSM_W843783106,Service Road,,False,False,True,False,False
NHAI_AP_TADA_NELLORE,NHAI_Tada_Nellore_NH5_Vol_II.pdf,84,9150,AP_BR_OSM_W845261050,Service Road,,False,False,True,False,False
NHAI_AP_TADA_NELLORE,NHAI_Tada_Nellore_NH5_Vol_II.pdf,84,12029,AP_BR_OSM_W851480115,Service Road,,False,False,True,False,False
NHAI_AP_TADA_NELLORE,NHAI_Tada_Nellore_NH5_Vol_II.pdf,84,12048,AP_BR_OSM_W851518401,Service Road,,False,False,True,False,False
NHAI_AP_TADA_NELLORE,NHAI_Tada_Nellore_NH5_Vol_II.pdf,84,12158,AP_BR_OSM_W852274598,Service Road,,False,False,True,False,False
NHAI_AP_TADA_NELLORE,NHAI_Tada_Nellore_NH5_Vol_II.pdf,84,12205,AP_BR_OSM_W852304662,Service Road,,False,False,True,False,False
NHAI_AP_TADA_NELLORE,NHAI_Tada_Nellore_NH5_Vol_II.pdf,84,12206,AP_BR_OSM_W852304667,Service Road,,False,False,True,False,False
NHAI_AP_TADA_NELLORE,NHAI_Tada_Nellore_NH5_Vol_II.pdf,84,12207,AP_BR_OSM_W852304670,Service Road,,False,False,True,False,False
NHAI_AP_TADA_NELLORE,NHAI_Tada_Nellore_NH5_Vol_II.pdf,84,12786,AP_BR_OSM_W854500413,Service Road,,False,False,True,False,False
NHAI_AP_TADA_NELLORE,NHAI_Tada_Nellore_NH5_Vol_II.pdf,84,12789,AP_BR_OSM_W854500419,Service Road,,False,False,True,False,False
NHAI_AP_TADA_NELLORE,NHAI_Tada_Nellore_NH5_Vol_II.pdf,84,12790,AP_BR_OSM_W854500422,Service Road,,False,False,True,False,False
NHAI_AP_TADA_NELLORE,NHAI_Tada_Nellore_NH5_Vol_II.pdf,84,12793,AP_BR_OSM_W854500428,Service Road,,False,False,True,False,False
NHAI_AP_TADA_NELLORE,NHAI_Tada_Nellore_NH5_Vol_II.pdf,84,12794,AP_BR_OSM_W854500429,Service Road,,False,False,True,False,False
NHAI_AP_TADA_NELLORE,NHAI_Tada_Nellore_NH5_Vol_II.pdf,84,12797,AP_BR_OSM_W854500435,Service Road,,False,False,True,False,False
NHAI_AP_TADA_NELLORE,NHAI_Tada_Nellore_NH5_Vol_II.pdf,84,12836,AP_BR_OSM_W855374531,Service Road,,False,False,True,False,False
NHAI_AP_TADA_NELLORE,NHAI_Tada_Nellore_NH5_Vol_II.pdf,84,12839,AP_BR_OSM_W855376825,Service Road,,False,False,True,False,False
NHAI_AP_TADA_NELLORE,NHAI_Tada_Nellore_NH5_Vol_II.pdf,84,12840,AP_BR_OSM_W855376827,Service Road,,False,False,True,False,False
