source_id,document,evidence_role,page,classification,bridge_terms,condition_terms,defect_terms,component_terms,inspection_terms,repair_terms,bridge_identifiers,matched_asset_codes,matched_asset_names,snippet,training_label_candidate,promote_to_ml,manual_review_required
IR_IRBM_2024,Indian_Railway_Bridge_Manual_2024.pdf,INSPECTION_STANDARD,9,INSPECTION_STANDARD_ONLY,BRIDGE,,,FOUNDATION; PIER; PIERS; ABUTMENT; SUBSTRUCTURE,INSPECTION,MAINTENANCE,,,,"VII CONTENTS CHAPTER I – DUTIES OF BRIDGE OFFICIALS PART A - DUTIES OF ASSISTANT ENGINEER 01 101 General 01 102 Inspection of Bridges 01 103 Inspection of Tunnels 01 104 Maintenance of Bridges & Structures 01 PART B - DUTIES OF ASSISTANT (BRIDGE) ENGINEER/ DIVISIONAL (BRIDGE) ENGINEER IN CHARGE OF BRIDGES IN DIVISION 02 105 Inspection of Bridges and other Structures 02 106 Maintenance of Bridges and other Structures 02 PART C - DUTIES OF BRIDGE INSPECTOR 02 107 Inspection of Bridges and other Structures 02 108 Knowledge of Rules and Regulations 03 109 Co-ordination with Permanent Way, Works, and Higher Staff of other Departments 03 110 Accompanying on Inspections of Higher Officials 03 111 E",False,False,True
IR_IRBM_2024,Indian_Railway_Bridge_Manual_2024.pdf,INSPECTION_STANDARD,10,INSPECTION_STANDARD_ONLY,BRIDGE; MAJOR BRIDGE; MINOR BRIDGE; RUB,DEFECT,CRACK; CORROSION,FOUNDATION; BEARING; BEARINGS; GIRDER,INSPECTION,REPAIR; STRENGTHENING; REPLACEMENT; MAINTENANCE,,,,VIII 209 Details of common repair techniques 15 PART D - MAINTENANCE OF SUPER STRUCTURE-REINFORCED CEMENT CONCRETE & PRESTRESSED CONCRETE BRIDGES 19 210 Periodical maintenance 19 211 Common defects and repair/strengthening techniques 19 PART E - MAINTENANCE OF SUPER STRUCTURE STEEL GIRDERS 20 212 Loss of camber in steel girders 20 212A A Residual Fatigue Life Assessment of old steel girders 20 213 Cracks in steel works 21 214 Strengthening of weak girders 21 215 Replacement of loose rivets 21 215A Maintenance of HSFG Bolts 23 216 Corrosion and its prevention 23 217 Protective Coatings by painting. 23 218 Metallising & Epoxy based Paints 27 219 Maintenance of welded girders 29 PART F - MAINTE,False,False,True
IR_IRBM_2024,Indian_Railway_Bridge_Manual_2024.pdf,INSPECTION_STANDARD,11,INSPECTION_STANDARD_ONLY,BRIDGE,DEFECT,,FOUNDATION; SUBSTRUCTURE,,,,AP_BR_OSM_W548905049; AP_BR_OSM_W548905059; AP_BR_OSM_W548905063; AP_BR_OSM_W548905068; AP_BR_OSM_W548993084; AP_BR_OSM_W630894952,railway line; railway line; railway line; railway line; railway line; railway line,"IX 312 Vertical Clearance 42 313 Free Board (F) 42 314 Standard of substructure for new railway lines 43 315 Final Project Report in the case of important Bridges 43 316 Choice of Foundations for Bridges 43 317 Approval of bridge drawings for doublings, gauge conversions, new lines and other bridge works 44 318 Approval of bridge drawings for Dedicated Freight Corridor lines 44 CHAPTER IV – CONSTRUCTION OF FOUNDATIONS FOR BRIDGES 401 Setting the layout of Bridges 45 402 Pipe and Box Culverts with open foundations 46 403 Other Bridges with open foundations 46 404 Excavation using Coffer Dam 46 405 Choice of pile materials 46 406 Soil exploration for design and construction of Piles 47 407 Cla",False,False,True
IR_IRBM_2024,Indian_Railway_Bridge_Manual_2024.pdf,INSPECTION_STANDARD,12,INSPECTION_STANDARD_ONLY,BRIDGE,DISTRESS,CRACK,FOUNDATION; PIER; PIERS; ABUTMENT; SUPERSTRUCTURE; SUBSTRUCTURE; GIRDER; SLAB,ORN,REHABILITATION; STRENGTHENING; REPLACEMENT,,,,X 431 Setting out of the Piers on the top of well 60 432 Construction of well Cap (Entablature) 60 CHAPTER V – REHABILITATION OF BRIDGES 501 Reasons for Rehabilitation 61 502 Special Strengthening 61 503 Speed Restrictions 61 504-509 Deleted 61 510 Site Data 61 511 Execution of Rehabilitation Works 61 512 Strengthening of foundations 62 513 Strengthening/rebuilding of substructure 62 514 Shaken/displaced/ cracked bed blocks 63 515 Arch bridges 64 516 Replacement of non-standard girders 65 516A Replacement of Steel Girders up to spans of 12.2 m 66 517 Replacement of pipe culverts 66 518 Distress in Parapets 66 519 Replacement of small opening 66 520 Distress in superstructure 66 521 Replaceme,False,False,True
IR_IRBM_2024,Indian_Railway_Bridge_Manual_2024.pdf,INSPECTION_STANDARD,13,INSPECTION_STANDARD_ONLY,BRIDGE,,,GIRDER,INSPECTION,,,,,"hing nose 83 628 Erection by cantilevering method 83 629 Enveloping Method 84 PART D - CONSTRUCTION OF HEIGHT GAUGES 84 630 Height Gauges 84 CHAPTER VII – RIVERS AND FLOODS 701 Behaviour of Rivers 85 702 Past History of Bridges 85 703 Danger Level at Bridges 85 703A Continuous Water Level Monitoring 87 704 Watchmen at Bridges 87 705 Duties and Equipment of Bridge watchmen 87 706 Action to be taken by the Permanent way inspector at site 88 707 Special Inspection during Monsoon 89 708 Action to be taken in the case of weather warning 89 709 Pitching stone, boulder and other monsoon reserves 89 710 Floods Records 90 711 Flood Records during monsoon 90 712 Flood records after the monsoon 91 712A",False,False,True
IR_IRBM_2024,Indian_Railway_Bridge_Manual_2024.pdf,INSPECTION_STANDARD,14,INSPECTION_STANDARD_ONLY,BRIDGE,,LEAKAGE,,INSPECTION,MAINTENANCE,,,,"XII 717 Provision of Anemometer on Bridges 94 CHAPTER VIII – RIVER TRAINING AND PROTECTION WORKS 801 Training/Protection of Various type of Rivers 95 802 Upper Reaches (Mountainous Riverts) 95 803 Submontane Reaches (Foot hills) 95 804 Quasi-Alluvial Reaches (Trough) 96 805 Alluvial Reaches 96 806 Tidal Reaches 97 807 South Indian Rivers 98 808 Important Considerations for Hydraulic Structures 98 809 River Training Works 98 810 Guide Bunds 99 811 Spurs (Groynes) 101 812 Marginal Bunds 104 813 Closure Bunds 105 814 Assisted Cut-Offs 105 815 Boulder Crates 105 816 Sausage Crates 106 817 Protection of Approach Banks 106 818 Design for Protection Works 106 CHAPTER IX – FABRICATION, ERECTION, INS",False,False,True
IR_IRBM_2024,Indian_Railway_Bridge_Manual_2024.pdf,INSPECTION_STANDARD,15,INSPECTION_STANDARD_ONLY,BRIDGE,,,,INSPECTION,REPAIR; REPAIRS; MAINTENANCE,,,,XIII 1010 General 116 1011 Schedule of Inspection of Cuttings 116 1012 Vulnerable Cuttings – Identification and Special Precautions 117 1013 Points to be noted during Inspection of cuttings 117 1014 Inspection of Boulder nets provided in cuttings 118 1015 Inspection of Rock bolts provided in Cuttings/Tunnels. 118 1016 Action to be taken in case of Boulder fall 118 1017 Action to be taken for maintenance of cuttings 119 CHAPTER XI – INSPECTION OF BRIDGES 1101 By Permanent Way and Works Inspectors 120 1102 By Bridge Inspectors 121 1103 Inspection by Assistant Engineers 121 1104 By Divisional Engineers and Chief Bridge Engineers/Nominated SAG Officer in Headquarter 125 1105 By Assistant Enginee,False,False,True
IR_IRBM_2024,Indian_Railway_Bridge_Manual_2024.pdf,INSPECTION_STANDARD,17,INSPECTION_STANDARD_ONLY,BRIDGE,,CRACK,FOUNDATION; PIER; ABUTMENT; BEARING; BEARINGS; GIRDER,,,Bridge Number on,,,"XV LIST OF ANNEXURES Annexure Particulars of Sketch/Proforma Para reference 2/1 Provision of Bridge Number on Parapet Wall 203 2/2 Curtain Wall, Drop Wall and Flooring 204 2/3 Toe Wall and Pitching 205 2/4 Cracks in Arches-types 208 2/5 Cracks in Arches-types 208 2/6 Pressure Grouting Machine 209 2/7 Cement Pressure Grouting 209 2/8 Epoxy Grouting 209 2/9 Guniting Machine 209 2/10 Sliding Centralized Bearings 222 2/11 Roller & Rocker Bearings 222 2/12 Elastomeric and PTFE Bearings 222 2/13 Caution Indicator for TE Limitation 225 2/14 TE Limit Operation Indicator 225 2/15 Termination Indicator for TE Limitation 225 2/16 Position for TE Limit Operation Indicator 225 2/17 Assessment of Residual",False,False,True
IR_IRBM_2024,Indian_Railway_Bridge_Manual_2024.pdf,INSPECTION_STANDARD,18,INSPECTION_STANDARD_ONLY,BRIDGE,,,PIER; PIERS; ABUTMENT; GIRDER; SLAB,INSPECTION; BRIDGE INSPECTION REGISTER,REHABILITATION; STRENGTHENING; REPLACEMENT,,AP_BR_OSM_W487371413,Bridge 1,"XVI 5/1 Deleted 5/2 Replacement of cast iron screw piłes by bored piles 512 5/3 Strengthening of piers and abutments 513 5/4 Encasement and replacement of bed block 514 5/5 Rehabilitation of arch bridges by various methods 515 5/6 Rehabilitation with slabs 516 5/7 Box pushing technique 517 5/8 Rehabilitation of parapets 518 6/1 Types of piers 604 6/2 Types of abutments, wing walls and returns 604 6/3 Back fill material and Weep holes behind abutments 605 6/4 Sequence of work in an arch 608 6/5 Erection by use of launching girders and cantilever method 610 6/6 Cantilever launching and incremental launching of precast elements 610 6/7 Erection with derrick 622 6/8 Launching with rail clusters ",False,False,True
IR_IRBM_2024,Indian_Railway_Bridge_Manual_2024.pdf,INSPECTION_STANDARD,19,INSPECTION_STANDARD_ONLY,BRIDGE; MINOR BRIDGE,,,GIRDER,INSPECTION; BRIDGE INSPECTION REGISTER,,,,,XVII 11/4 Index of bridges 1103 11/5 General key plan for Bridge Inspection Register Details 1103 11/6 Details of classification of structures 1103 11/7 Details about inscription plaques 1103 11/8 Proforma of bridge register for Major and Important bridges 1103 11/9 Proforma of bridge register for inspection of Major & Important bridges 1103 11/0 Proforma of bridge register for details of Minor bridges 1103 11/11 Proforma for inspection of Minor bridges 1103 11/12 Procedure for rivet testing 1107 11/13 Sample rivet test register 1102 11/14 PSC girders camber measuring method 1107 11/15 Details of tools and equipment for inspection of bridges 1109 12/1 Proforma of form of agreement for hire o,False,False,True
IR_IRBM_2024,Indian_Railway_Bridge_Manual_2024.pdf,INSPECTION_STANDARD,21,INSPECTION_STANDARD_ONLY,BRIDGE,,,,,MAINTENANCE,,,,"XIX Scope The scope of Indian Railways Bridge Manual is to bring out the practices and procedures for maintenance of bridges on Indian Railways. For design and construction purposes, the provisions of relevant IRS Codes will override those provided in this manual wherever the two contravene each other. ",False,False,True
IR_IRBM_2024,Indian_Railway_Bridge_Manual_2024.pdf,INSPECTION_STANDARD,23,INSPECTION_STANDARD_ONLY,BRIDGE,CONDITION,CORROSION,FOUNDATION; BEARING; BEARINGS; SUPERSTRUCTURE; SUBSTRUCTURE; GIRDER; SLAB,INSPECTION,REPAIR; REPAIRS; MAINTENANCE,,,,"Indian Railway Bridge Manual DUTIES OF BRIDGE OFFICIALS 1 CHAPTER I DUTIES OF BRIDGE OFFICIALS PART A DUTIES OF ASSISTANT ENGINEER 101 General (1) The Assistant Engineer is generally responsible for the maintenance and safety of all way & works including bridges in his charge; for the accuracy, quality and progress of new works and control over all expenditure in relation to budget allotment. (2) The duties of the Assistant Engineer are detailed in various chapters of Indian Railways Permanent Way Manual, Works Manual and Bridge Manual. His essential duties in respect of bridges and other steel structures are detailed here under. 102 Inspection of Bridges a) The Assistant Engineer shall insp",False,False,True
IR_IRBM_2024,Indian_Railway_Bridge_Manual_2024.pdf,INSPECTION_STANDARD,24,INSPECTION_STANDARD_ONLY,BRIDGE,,,BEARING; BEARINGS; SUPERSTRUCTURE; GIRDER,INSPECTION; INSPECTED; BRIDGE INSPECTION REGISTER,REPAIR; REPAIRS; MAINTENANCE,,,,"DUTIES OF BRIDGE OFFICIALS Indian Railway Bridge Manual 2 (3) He should arrange for the expeditious repairs, as and when required. PART B DUTIES OF ASSISTANT (BRIDGE) ENGINEER/ DIVISIONAL (BRIDGE) ENGINEER IN CHARGE OF BRIDGES IN DIVISION 105 Inspection of Bridges and Other Structures (1) The officer nominated to be in charge of the Bridges shall scrutinise the Bridge Inspection register sent by Bridge Inspector and after necessary inspection of Bridges endorse a certificate of scrutiny and forward it to the Dy. Chief Engineer/Bridges by a nominated date. (2) He shall inspect a) All overstressed girders where camber loss is noted & such bridges which have been referred to him by BRI. b) Such",False,False,True
IR_IRBM_2024,Indian_Railway_Bridge_Manual_2024.pdf,INSPECTION_STANDARD,25,INSPECTION_STANDARD_ONLY,BRIDGE; MAJOR BRIDGE,CONDITION; GOOD,,BEARING; BEARINGS; SUPERSTRUCTURE; GIRDER,INSPECTION,REPAIR; REPAIRS; MAINTENANCE,,,,"Indian Railway Bridge Manual DUTIES OF BRIDGE OFFICIALS 3 d) Superstructure including bearings of all Steel girders of span 12.2 m and above, RCC, PSC and composite girder bridges once in five years on planned basis. e) Other nominated steel structures, being maintained by him, once in five years. f) Proper installation of Bearings before allowing traffic on any Bridge (2) Records of inspection: He will record the details of each one of the inspections in the register maintained for the purpose as detailed in chapter XI. (3) Maintenance of bridges and other structures: He shall maintain the following structures in good condition by taking immediate action to carry out necessary repairs, pain",False,False,True
IR_IRBM_2024,Indian_Railway_Bridge_Manual_2024.pdf,INSPECTION_STANDARD,26,INSPECTION_STANDARD_ONLY,BRIDGE,,,GIRDER,INSPECTION; INSPECTED; BRIDGE INSPECTION REGISTER,REPAIR; REPAIRS; REHABILITATION,,,,"DUTIES OF BRIDGE OFFICIALS Indian Railway Bridge Manual 4 b) Inspection registers for steel work for bridges c) Rivet testing register d) Weld test register e) RCC, PSC Bridge/Composite Girder, Bridge Inspection register f) Annual inspection register for overstressed girders g) Up to date plans and files of bridge rehabilitation or regirdering works in progress and which are being inspected. 111 Execution of Works (1) Working under traffic: a) He should take every precaution that works under traffic such as repairs and renewals of girders are carried out safely and in accordance with the rules for protection of the line. b) Before starting any work he shall ensure that he is in possession of",False,False,True
IR_IRBM_2024,Indian_Railway_Bridge_Manual_2024.pdf,INSPECTION_STANDARD,27,INSPECTION_STANDARD_ONLY,BRIDGE,CONDITION,,,,,,,,"Indian Railway Bridge Manual DUTIES OF BRIDGE OFFICIALS 5 b) The leave availed by each man should be recorded in the leave register to his account before the musters are despatched to the Assistant/Divisional Engineer's (Bridge) office. (2) Witnessing payments to staff a) Payment to both permanent and temporary staff on the section will be made by the pay clerk in the presence of the Bridge Inspector who will witness and will be responsible for correct identification of the payee and should satisfy himself that the correct amount is paid. b) The certificate at the foot of the paysheet should be filled in by him as payment of each batch of workmen is completed, specifying both in words and fi",False,False,True
IR_IRBM_2024,Indian_Railway_Bridge_Manual_2024.pdf,INSPECTION_STANDARD,28,INSPECTION_STANDARD_ONLY,BRIDGE; ROB; RUB,,,FOUNDATION; SUPERSTRUCTURE; SUBSTRUCTURE; SLAB,INSPECTION,,,,,"DUTIES OF BRIDGE OFFICIALS Indian Railway Bridge Manual 6 114 Correspondence and Records The Bridge Inspector shall keep his correspondence and plans upto-date and ensure that the office records, registers and store ledgers are maintained systematically and posted regularly. 115 Relinquishment of Charge a) On relinquishing charge of section the Bridge Inspector shall prepare, in duplicate, the specified ""transfer of charge"" statement which will briefly contain the following: i) Extent of charge ii) Important works in progress, showing position of each work and any special features to which particular attention is required. iii) Details of inspection planned for year and extent of inspections",False,False,True
IR_IRBM_2024,Indian_Railway_Bridge_Manual_2024.pdf,INSPECTION_STANDARD,29,INSPECTION_STANDARD_ONLY,BRIDGE,CONDITION,,BEARING; BEARINGS; SUPERSTRUCTURE; GIRDER,INSPECTION; INSPECTED,MAINTENANCE,,,,"Indian Railway Bridge Manual DUTIES OF BRIDGE OFFICIALS 7 d) Detailed inspection of steel work of girders less than 12.2m clear span once in 5 years. e) General condition of superstructure of all other type of bridges and their bearings. f) Obstruction to water ways, if any. g) Tunnels in his section to be inspected after monsoon. He will record the details of his inspection in manuscript register in the prescribed proforma and submit a certificate of inspection to the Assistant Engineer by the prescribed date. (2) Inspection by Permanent Way Inspector specifically: Once a year during prescribed months prior to monsoon, Permanent Way Inspector shall inspect: a) The track and approaches of al",False,False,True
IR_IRBM_2024,Indian_Railway_Bridge_Manual_2024.pdf,INSPECTION_STANDARD,30,INSPECTION_STANDARD_ONLY,BRIDGE,,,FOUNDATION; BEARING; BEARINGS; SUPERSTRUCTURE; SUBSTRUCTURE; GIRDER; SLAB,INSPECTION,REPAIR; REPAIRS; MAINTENANCE,,,,"MAINTENANCE OF BRIDGES 8 Indian Railway Bridge Manual CHAPTER II MAINTENANCE OF BRIDGES PART A GENERAL 201 Responsibility of the Engineering officials (1) Permanent Way/ Works Inspector: Different Railways follow different practices in regard to the responsibility of upkeep and maintenance of bridges including road under/over bridges. The maintenance of the items in following sub para should be carried out by Inspector of Works or Permanent Way Inspector in his jurisdiction as per the practice or as approved by the Chief Engineer of the Railway. a) Foundations, flooring, substructures, bed blocks and protection works of all bridges. b) Superstructure of all arch, pipe, box, PSC slab and RCC ",False,False,True
IR_IRBM_2024,Indian_Railway_Bridge_Manual_2024.pdf,INSPECTION_STANDARD,31,INSPECTION_STANDARD_ONLY,BRIDGE,,,FOUNDATION; PIER; PIERS; ABUTMENT; GIRDER,,MAINTENANCE,Bridge numbers,,,"MAINTENANCE OF BRIDGES 9 Indian Railway Bridge Manual bolts of all bridges. 203 Painting of Bridges (1) The date of painting of steel work should be painted in white on the outside of the left girder of the first span. In the case of important girder bridges, the left girder at each end should bear the date of painting. (2) The highest flood level line should be painted distinctly by a 25mm broad white line along with the year of its occurrence, in figures 100mm deep as follows: a) For bridges upto 60 metres in length, on the downstream side of one abutment, b) For bridges over 60 metres in length, on each of the abutments on the down stream side or on the down stream side of the piers of th",False,False,True
IR_IRBM_2024,Indian_Railway_Bridge_Manual_2024.pdf,INSPECTION_STANDARD,32,INSPECTION_STANDARD_ONLY,BRIDGE,CONDITION,SCOUR; EROSION,FOUNDATION; PIER; PIERS; ABUTMENT,,MAINTENANCE,,,,"MAINTENANCE OF BRIDGES 10 Indian Railway Bridge Manual PART B MAINTENANCE OF FOUNDATIONS, PROTECTIVE WORKS AND WATERWAYS 204 Maintenance of Foundations (1) Shallow foundations : a) A bridge foundation having less than 2M depth below bed level in case of arch bridges and 1.2m depth below bed level in case of other bridges is termed as shallow foundation. b) Bridges with shallow foundations in sandy soils or soils likely to scour should be protected by stone, brick on edge or CC flooring with drop walls and/or curtain walls to protect foundation from scour (Annexure 2/2). This method is generally suitable in cases where the velocity of flow does not exceed 1.5 metre per second and afflux is ne",False,False,True
IR_IRBM_2024,Indian_Railway_Bridge_Manual_2024.pdf,INSPECTION_STANDARD,33,INSPECTION_STANDARD_ONLY,BRIDGE,CONDITION; DEFECT; DAMAGED,SPALLING; LEACHING,FOUNDATION; PIER; PIERS; ABUTMENT; SUBSTRUCTURE,,MAINTENANCE,,,,"MAINTENANCE OF BRIDGES 11 Indian Railway Bridge Manual and at closure bunds. Disturbed pitching should be reset properly by making up the slopes if necessary. Slope pitching are rested on toe wall with proper foundation. Damaged toe wall can lead to slipping of pitching, and therefore, it should be rebuilt with a proper foundation (Annexure 2/3). 206 Maintenance of Waterways (1) Obstructions in waterways should be cleared away on both sides of the line within railway limits for the full extent of the waterway. (2) Boundary pillars on each bank of a river or important waterway shall be erected so as to prevent and control encroachments. PART C MAINTENANCE OF SUBSTRUCTURE 207 Abutments, Piers,",False,False,True
IR_IRBM_2024,Indian_Railway_Bridge_Manual_2024.pdf,INSPECTION_STANDARD,34,INSPECTION_STANDARD_ONLY,BRIDGE; ROB,DETERIORATION; DEFECT,CRACK; SPALLING; LEACHING; SCOUR; SETTLEMENT,FOUNDATION; SUBSTRUCTURE,,REHABILITATION; MAINTENANCE,,,,"MAINTENANCE OF BRIDGES 12 Indian Railway Bridge Manual bridges. ii) Adequacy of existing weep holes be checked and if required, additional weep holes of proper size be provided. iii) Choked weep holes be cleaned and made functional. iv) The back fill material should be granular and should not contain expansive soil like black cotton soil etc. Proper filter layer be provided behind the masonry. The back fill material should be changed if so warranted. b) The excessive earth pressure can be taken care of by either providing masonry or cement concrete buttress. However, care should be taken that the reduction in water way, if any, does not adversely affect the parameters like afflux, clearances",False,False,True
IR_IRBM_2024,Indian_Railway_Bridge_Manual_2024.pdf,INSPECTION_STANDARD,35,INSPECTION_STANDARD_ONLY,BRIDGE; ROB,DEFECT,CRACK; LEACHING; SETTLEMENT,FOUNDATION; PIER; ABUTMENT,,STRENGTHENING; MAINTENANCE,,,,MAINTENANCE OF BRIDGES 13 Indian Railway Bridge Manual cracks indicate serious weakness in the arch and need proper investigation and adoption of appropriate strengthening measures including rebuilding in worst cases. iii) Crushing of masonry: The probable causes of crushing of masonry of the arch and remedial measures are as follows: Probable Cause Remedial Action a) Leaching of mortar in the joints Raking out the mortar and deep pointing/grouting b) Weathering of masonry Pointing together with grouting c) Excessive loading Reducing the imposed load or strengthening the arch d) Inadequate cushion over arch Providing the minimum cushion or strengthen the arch iv) Loosening of keystone and vo,False,False,True
IR_IRBM_2024,Indian_Railway_Bridge_Manual_2024.pdf,INSPECTION_STANDARD,36,INSPECTION_STANDARD_ONLY,BRIDGE,POOR,CRACK,FOUNDATION; PIER; PIERS,,REPAIR; REHABILITATION; STRENGTHENING; MAINTENANCE,,,,MAINTENANCE OF BRIDGES 14 Indian Railway Bridge Manual c) Sliding of spandrel wall over arch barrel; bulging or tilting of spandrel wall. i) Excessive back pressure on spandrel wall due to poor drainage. ii) Excessive surcharge load. iii) Spandrel wall not monolithic with arch. i) Same as a (ii) ii) Same as b (i) iii) Tying the spandrel walls with tie bars and rails iv) Same as b (iii) d) i) Cracks on the face of the bridge at the junction of spandrel and arch ring. (Annexure 2/5). ii) If the above cracks open under traffic. i) Rib shortening. ii) Distortion of arch ring. iii) Excessive back pressure. i) Rib shortening. ii) Distortion of arch ring. iii) Excessive back pressure. i) Same as a ,False,False,True
IR_IRBM_2024,Indian_Railway_Bridge_Manual_2024.pdf,INSPECTION_STANDARD,37,INSPECTION_STANDARD_ONLY,BRIDGE,CONDITION,CRACK; CRACKING,,,REPAIR; REPAIRS; MAINTENANCE,,,,"MAINTENANCE OF BRIDGES 15 Indian Railway Bridge Manual 209 Details of Common Repair Techniques The techniques commonly used for repairs of masonry are described below: (1) Cement pressure grouting a) This technique is used i) When cracks are dormant ii) Cracks are active but cause of cracking has been determined and remedial action has been taken. iii) When honey combing is present in concrete structures. iv) When masonry is hollow. v) When deep leached mortar joints are present. b) Materials proportion and pressure: Ordinary Portland cement to IS:269, sand and water conforming to IRS Concrete Bridge Code, are required. With the approval of the Divisional Engineer, admixtures to impart non- ",False,False,True
IR_IRBM_2024,Indian_Railway_Bridge_Manual_2024.pdf,INSPECTION_STANDARD,38,INSPECTION_STANDARD_ONLY,BRIDGE,CONDITION; GOOD,CRACK,,,MAINTENANCE,,,,"MAINTENANCE OF BRIDGES 16 Indian Railway Bridge Manual same equipment a day before grouting as per following sequence; so as to saturate the masonry. All holes (Annexure 2/7) are first plugged with proper wooden plugs. The bottom most plug (1) and the two adjacent plugs (2 and 9) are removed and water injected in the bottom most hole (1) under pressure. When the clear water comes out through the adjacent holes (2 and 9) the injection of water is stopped and the plugs in the bottom most hole and the one immediately above (1 and 9) are restored. The process is repeated with hole numbers 2, 3 & 8 etc. till all the holes are covered. On the day of grouting all the plugs are removed to drain out ",False,False,True
IR_IRBM_2024,Indian_Railway_Bridge_Manual_2024.pdf,INSPECTION_STANDARD,39,INSPECTION_STANDARD_ONLY,BRIDGE; RUB,,CRACK,,,REPAIR; STRENGTHENING; MAINTENANCE,,,,"MAINTENANCE OF BRIDGES 17 Indian Railway Bridge Manual v) Polythene/plastic containers for mixing the epoxy formulation. vi) A portable generator. e) Procedure for epoxy grouting (Annexure 2/8) i) The area to be grouted should be dry and free from oil, grease, dust and all loose and unsound materials. ii) All cracks should be cut open to a 'V' groove about 10mm deep by mechanical or manual means. Loose material should be removed by using compressed air and groove fully sealed using epoxy mortar at least one day in advance. iii) Nails are driven into the cracks at 15 cm to 50cm intervals along the crack. iv) Holes of 7-10 mm dia should be drilled along the cracks and copper or aluminium or po",False,False,True
IR_IRBM_2024,Indian_Railway_Bridge_Manual_2024.pdf,INSPECTION_STANDARD,40,INSPECTION_STANDARD_ONLY,BRIDGE,,RUST; EXPOSED REINFORCEMENT,,,REPAIR; MAINTENANCE,,,,"MAINTENANCE OF BRIDGES 18 Indian Railway Bridge Manual i) Guniting machine complying requirements given in IS: 6433. ii) Air Compressor with a capacity of 10 cum per minute and which can develop a pressure of upto 7 kg/cm². iii) Placing nozzle with hose. d) Specification of materials used: i) Ordinary Portland cement to IS: 269. (Other special cements can be used for special applications requiring higher strength or early setting) ii) Sand conforming to IS: 383 and graded evenly from fine to coarse as per Zone II and III with a nominal max. size of 6mm. iii) Coarse aggregate, when used, should conform to IS: 383, with a maximum nominal size of 10 to 12.5 mm. iv) Water conforming to IS: 456. ",False,False,True
IR_IRBM_2024,Indian_Railway_Bridge_Manual_2024.pdf,INSPECTION_STANDARD,41,INSPECTION_STANDARD_ONLY,BRIDGE,DEFECT,,BEARING; BEARINGS; DECK; SUPERSTRUCTURE; SLAB,INSPECTION,REPAIR; REPAIRS; STRENGTHENING; MAINTENANCE,,,,"MAINTENANCE OF BRIDGES 19 Indian Railway Bridge Manual content of the mixture before placing in the machine should be within 3 to 6% i) Uniform air pressure is maintained at the nozzle outlet. For lengths of hose upto 30m, the air pressure is 3kg/cm2 or more. For longer lengths the pressure is increased by 0.35kg/cm2 for each additional 15m of hose and by 0.35kg/cm 2 for each staging of 7.5m that the nozzle is raised above the gun. j) Placing: The total thickness of gunite required should be built up in a number of layers with an interval of about 4 hours. Each layer is built up by making several passes or loops of the nozzle over the working area. The distance of the nozzle from the work, u",False,False,True
IR_IRBM_2024,Indian_Railway_Bridge_Manual_2024.pdf,INSPECTION_STANDARD,42,INSPECTION_STANDARD_ONLY,BRIDGE,,CRACK; CRACKING; SPALLING; CORROSION,DECK; GIRDER; SLAB,,STRENGTHENING; RETROFITTING; REPLACEMENT; MAINTENANCE,,,,MAINTENANCE OF BRIDGES 20 Indian Railway Bridge Manual a) Signs of honeycombing and/or hollow spots in concrete components and spalling. b) Dormant cracks c) Active cracks whose cause of cracking has been determined and remedial action has been taken. (2) Other Strengthening techniques: a) External prestressing of concrete girders both in longitudinal and vertical directions can be successfully adopted as a strengthening measure. Vertical prestressing may be adopted to prevent separation of deck slabs which are generally cast in situ over precast girders. Longitudinal prestressing may be adopted to strengthen the girder and to increase its flexural strength. Longitudinal prestressing may be ,False,False,True
IR_IRBM_2024,Indian_Railway_Bridge_Manual_2024.pdf,INSPECTION_STANDARD,43,INSPECTION_STANDARD_ONLY,BRIDGE,DEFECT,CRACK,GIRDER,,REPAIR; STRENGTHENING; REPLACEMENT; MAINTENANCE,,,,"MAINTENANCE OF BRIDGES 21 Indian Railway Bridge Manual (2) Restrictions of loading & speed or both shall be imposed, if the residual fatigue life is found inadequate. On such bridges, instrumentation may be carried out for continuous monitoring of the critical members to detect imminent fatigue cracks, initiating from the rivet holes & hidden under the rivet heads. (3) Ultra Sonic Flaw Detection (USFD), Acoustic Emission Technique (AET) and Oscillation measurements etc. may be used for determining the proper scheme of instrumentation in consultation with RDSO. 213 Cracks in Steel Works (1) Whenever a crack is detected in the steel work, its cause should be established and further propagation",False,False,True
IR_IRBM_2024,Indian_Railway_Bridge_Manual_2024.pdf,INSPECTION_STANDARD,44,INSPECTION_STANDARD_ONLY,BRIDGE,,CORROSION,GIRDER,,REPLACEMENT; MAINTENANCE,,,,"MAINTENANCE OF BRIDGES 22 Indian Railway Bridge Manual cases and at locations where pneumatic tools cannot be employed, hand rivetting may be resorted to. (2) The following points should be kept in mind while carrying out the rivetting work. a) In pneumatic rivetting, the driving of the rivet, filling of the hole and formations of the head should be done by snap mounted pneumatic hammer by delivering quick hard blows on practically white hot rivet. The rivet head should be held tightly against the member through a pneumatically hand pressed dolly. b) The rivet shank should be about 1.5mm less than the diameter of the drilled hole. c) The length of the rivet shank may be worked out by the for",False,False,True
IR_IRBM_2024,Indian_Railway_Bridge_Manual_2024.pdf,INSPECTION_STANDARD,45,INSPECTION_STANDARD_ONLY,BRIDGE,CONDITION; DETERIORATION,CORROSION; RUST,GIRDER,INSPECTION,MAINTENANCE,,,,"MAINTENANCE OF BRIDGES 23 Indian Railway Bridge Manual iv) In flange splices when the number of hammer and hand loose rivets is 30% or more of the total rivets on any side of the splice location, all the rivets should be renewed. v) All hammer loose rivets at main angle to web connection upto 1/12 span from either support of the girder. vi) When loose rivets in end connections of lateral and cross bracings of plate girder spans require renewal, all the rivets in the end connections should be renewed. vii) Subject to the conditions in (i) and (ii) above, rivets, though hammer loose, need not be renewed under the following locations: a) In the lap or butt joints of trough flooring, b) Through ",False,False,True
IR_IRBM_2024,Indian_Railway_Bridge_Manual_2024.pdf,INSPECTION_STANDARD,46,INSPECTION_STANDARD_ONLY,BRIDGE,CONDITION; GOOD; DETERIORATION,CRACK; CORROSION; RUST,GIRDER,,MAINTENANCE,,,,"MAINTENANCE OF BRIDGES 24 Indian Railway Bridge Manual 217 Protective Coatings by Painting (1) Correct surface preparation of the steel to receive the paint: This is the single most important factor in ensuring good performance, as the presence of rust under the paint film can cause its failure. Removal of rust, oil, grease and dirt is also necessary to ensure adequate adhesion of paint film to the surface. a) The minimum requirements of a surface prepared for painting are: i) It should be clean, dry and free from contaminants. ii) It should be rough enough to ensure adhesion of the paint film. However, it should not be so rough that the film cannot cover the surface peaks. b) Any one or a c",False,False,True
IR_IRBM_2024,Indian_Railway_Bridge_Manual_2024.pdf,INSPECTION_STANDARD,47,INSPECTION_STANDARD_ONLY,BRIDGE,CONDITION; GOOD,CORROSION,,INSPECTION; ORN,MAINTENANCE,,,,"MAINTENANCE OF BRIDGES 25 Indian Railway Bridge Manual Two coats of zinc chromate red oxide primer to IRS -P-31. ii) Finishing coat. Two cover coats of paint to IS: 13607 with colour/shade to be specified by Zonal Railway or any other approved paint applied over the primer coats. Note: (i) The colour/shade of finishing coat should be generally matching with the Smoke Grey colour/shade No. ISC 692 mentioned in IS: 5-2004. (ii) The colour/shade can be changed by CВЕ as per the local requirements b) In areas where corrosion is SEVERE i) Priming Coat: One coat of ready mixed paint zinc chromate priming to IS: 104, followed by one coat of zinc chrome red oxide priming to IS: 2074 or One coat of r",False,False,True
IR_IRBM_2024,Indian_Railway_Bridge_Manual_2024.pdf,INSPECTION_STANDARD,48,INSPECTION_STANDARD_ONLY,BRIDGE,GOOD,CRACK; CRACKING,GIRDER,,MAINTENANCE,,,,"MAINTENANCE OF BRIDGES 26 Indian Railway Bridge Manual Surface profile gauge (dial type) Most of the instruments work on magnetic or electro magnetic principles and indicate the total thickness of the paint coat including the primary readings. Readings must, therefore, be taken after surface preparation and after completion of painting to arrive at the DFT. (4) Precautions to be taken during Bridge painting: a) Paints from approved manufacturers only should be used. b) Special care should be taken to shift sleepers on girders or rail bearers to clean the seating very thoroughly before applying the paint. c) Deleted d) While painting with IS: 13607, a little quantity of same paint of other sh",False,False,True
IR_IRBM_2024,Indian_Railway_Bridge_Manual_2024.pdf,INSPECTION_STANDARD,49,INSPECTION_STANDARD_ONLY,BRIDGE,DETERIORATION,CORROSION,DECK; GIRDER,,MAINTENANCE,,,,MAINTENANCE OF BRIDGES 27 Indian Railway Bridge Manual to settle down during painting by frequent stirring or mixing. Driers such as spirit or turpentine should not be used. Mixing of kerosene oil is strictly prohibited. n) The maximum time lag between successive operations as indicated below shall not be exceeded. i) Between surface preparation and the application of primer coat. 24 hours ii) Between surface preparation and first finishing coat in the case of patch painting. 48 hours iii) Between the primer coat and the 1st finishing coat. 7 days iv) Between the 1st finishing coat and the 2nd finishing coat. 7 days (5) Periodical through painting: The entire steel work of a girder should be,False,False,True
IR_IRBM_2024,Indian_Railway_Bridge_Manual_2024.pdf,INSPECTION_STANDARD,50,INSPECTION_STANDARD_ONLY,BRIDGE,CONDITION,,GIRDER,INSPECTION,MAINTENANCE,,,,"MAINTENANCE OF BRIDGES 28 Indian Railway Bridge Manual matter, and shall provide an adequate key for the sprayed metallic coating. This may be achieved by flame cleaning or by sand blasting. However, the abrasive once used for cleaning heavily contaminated surface should not be reused even though rescreened. b) Final cleaning is done by abrasives i.e. Chilled iron grit G.24, as defined in BS: 2451 or Washed salt free angular silica sand of mesh size 12 to 30 with a minimum of 40% retained on a 20 mesh screen, as per following details: Air Pressures Not less than 2.109 kg per sq.cm. Nozzle position At right angles to and approximately 22.5 cm. from the surface Nozzle dia Not exceeding 12 mm c",False,False,True
IR_IRBM_2024,Indian_Railway_Bridge_Manual_2024.pdf,INSPECTION_STANDARD,51,INSPECTION_STANDARD_ONLY,BRIDGE,CONDITION; GOOD; DAMAGED,CRACK; CORROSION; RUST,GIRDER,,MAINTENANCE,,,,"MAINTENANCE OF BRIDGES 29 Indian Railway Bridge Manual coats of aluminium paint are found to be in good condition, it will be sufficient to apply one additional coat of the same paint, once in 5 years or at such closer intervals as specified. c) However, if the existing paint is found flaked or damaged, it should be removed completely by wire brushing without the use of scrapers or chipping tools. In case the original coat of zinc chromate primer is also damaged in patches, such patches should be painted with fresh zinc chromate primer before applying the finishing coat of aluminium. d) In the event of any localised damage to the metallised coating of aluminium, as evidenced by traces of rus",False,False,True
IR_IRBM_2024,Indian_Railway_Bridge_Manual_2024.pdf,INSPECTION_STANDARD,52,INSPECTION_STANDARD_ONLY,BRIDGE; ROB,DEFECT,CRACK,DECK; GIRDER; SLAB,INSPECTION,REPAIR; MAINTENANCE,,,,"MAINTENANCE OF BRIDGES 30 Indian Railway Bridge Manual magnitude depends on the magnitude of stress variation, frequency of stress application, type of connections, quality of fabrication and age of steel. Welds are more sensitive to the repeated stresses and once crack starts it can grow fast and seriously reduce the strength of the member. b) The location, length, orientation of cracks etc. should be marked distinctly with paint for easy identification, reference and subsequent monitoring of crack propagation. c) Each crack should be examined in detail with magnifying glass. Non-destructive inspection methods like dye penetration test, ultrasonic test etc. as found necessary may be adopted",False,False,True
IR_IRBM_2024,Indian_Railway_Bridge_Manual_2024.pdf,INSPECTION_STANDARD,53,INSPECTION_STANDARD_ONLY,BRIDGE,DEFECT,CRACK; CRACKING,BEARING; BEARINGS; SUPERSTRUCTURE; SUBSTRUCTURE; GIRDER,INSPECTION; INSPECTED,MAINTENANCE,,,,"MAINTENANCE OF BRIDGES 31 Indian Railway Bridge Manual d) W earing coat where provided, should be maintained. e) Any deficiencies / de fects noticed during inspection should be attended to promptly. PART G MAINTENANCE OF BED BLOCKS 221 The V arious Defects and their Remedies are Outlined Below a) Improper seating of bearings: Due to uneven contact area, gaps exist between bed block and base plate. Cracks even develop due to improper seating of bearing. b) Shaken bed blocks: The bed blocks start loosening if they are of isolated type and a gap develops between surface of bed blocks and surrounding masonry. In such cases the remedy is grouting with cement mortar ensuring adequate curing and al",False,False,True
IR_IRBM_2024,Indian_Railway_Bridge_Manual_2024.pdf,INSPECTION_STANDARD,54,INSPECTION_STANDARD_ONLY,BRIDGE; ROB; RUB,CONDITION; POOR; GOOD,CORROSION,PIER; PIERS; ABUTMENT; BEARING; BEARINGS; GIRDER,INSPECTION,REPAIR; REPLACEMENT; MAINTENANCE,,,,"MAINTENANCE OF BRIDGES 32 Indian Railway Bridge Manual c) The roller and rockers are lifted from their position (by adequate slinging). The bearings are scraped, polished with zero grade sand paper and grease graphite in sufficient quantity applied evenly over the bearings, rockers and rollers before the bearings are lowered. The knuckle pins of both the free and fixed end should also be greased. While lifting fixed ends, the space between girders (in case of piers), or between the girder and the ballast wall (in case of abutment) at the free ends should be jammed with wedges to prevent longitudinal movement of the girders. d) Phosphor bronze bearings need not be greased as they are corrosio",False,False,True
IR_IRBM_2024,Indian_Railway_Bridge_Manual_2024.pdf,INSPECTION_STANDARD,55,INSPECTION_STANDARD_ONLY,BRIDGE; ROAD OVER BRIDGE,,RUST,PIER; PIERS; ABUTMENT; BEARING; BEARINGS,,REPAIR; MAINTENANCE,,,,"MAINTENANCE OF BRIDGES 33 Indian Railway Bridge Manual there are large displacements accompanied with relatively small loadings, as in case of centrifugal loads, wind loads or seismic loads, PTFE sliding bearings are utilised. c) These bearings also require periodic cleaning of the bearing surface. The interface should be protected from dust. Lubricating the mating surface by silicon grease reduces the coefficient of friction and is desirable. PART I GENERAL PRECAUTIONS 223 Precautions while Carrying out Maintenance Works on Bridges (1) For such works, as testing and changing rivets and painting, the Inspector incharge will arrange for look-out men equipped with hand signal flags to be stati",False,False,True
IR_IRBM_2024,Indian_Railway_Bridge_Manual_2024.pdf,INSPECTION_STANDARD,56,INSPECTION_STANDARD_ONLY,BRIDGE,,RUST,PIER; PIERS; ABUTMENT,,MAINTENANCE,,,,"MAINTENANCE OF BRIDGES 34 Indian Railway Bridge Manual one block. It must be ensured that work is completed in the block and no portion of the arch is left without dismantling in the block. This procedure will require cordoning off the whole area and engaging suitable machinery. (c) Part-by-part dismantling: The above two methods, though safe, may not be possible under many circumstances. In part-by-part dismantling method, dismantling is done in such a systematic manner that at no point, there is excessive unbalanced horizontal thrust on piers. Step by step procedure shall be as under:- (i) Divide the depth of soil into two parts, i.e. Part 'A' from top of soil to the depth up to the level ",False,False,True
IR_IRBM_2024,Indian_Railway_Bridge_Manual_2024.pdf,INSPECTION_STANDARD,57,INSPECTION_STANDARD_ONLY,BRIDGE,,,PIER; PIERS,,MAINTENANCE,,AP_BR_OSM_W1436655262,old bridge,"MAINTENANCE OF BRIDGES 35 Indian Railway Bridge Manual under block, as some debris can fall on track. (viii) After breaking spandrel wall, arch barrel of section 1, 2, 3 & 4 shall be broken under block protection by each of four parties. In next block, section 5, 6, 7 & 8 shall be broken and so on. (ix) At the end, last middle section 13 and 14 will remain (since arch has been divided into odd numbers of parts), which should be dismantled by pulling it down with the help of ropes or some long jib machinery. While dismantling last section, no person should be on top of the arch. (x) Afterwards piers can be dismantled in systematic manner from top to bottom. In case of 3 span arches, no. of pa",False,False,True
IR_IRBM_2024,Indian_Railway_Bridge_Manual_2024.pdf,INSPECTION_STANDARD,58,INSPECTION_STANDARD_ONLY,BRIDGE; RUB,,,,INSPECTION,MAINTENANCE,,,,"MAINTENANCE OF BRIDGES 36 Indian Railway Bridge Manual Tractive Effort is to be limited by controlling current of traction motors, caution indicator for TE Limitation, indicator for TE Limit operation and termination indicator for TE Limitation shall be provided as per the details and distances shown in Annexure-2/13 to 2/16. All the indicators shall be of retro-reflective type. (4) If locos are not able to haul the train, which gets stuck near or on the bridges where TE is limited and required tractive effort is more than 30t per Loco, the driver should not apply more tractive effort and should ask for assisting engine for clearing the train. This instruction should be incorporated in the W",False,False,True
IR_IRBM_2024,Indian_Railway_Bridge_Manual_2024.pdf,INSPECTION_STANDARD,59,INSPECTION_STANDARD_ONLY,BRIDGE; MAJOR BRIDGE; MINOR BRIDGE,,,FOUNDATION,DETAILED SURVEY,,,,,"INVESTIGATION AND SURVEY FOR CONSTRUCTION OF BRIDGES 37 Indian Railway Bridge Manual CHAPTER III INVESTIGATION AND SURVEY FOR CONSTRUCTION OF BRIDGES 301 Investigation for Minor Bridges (1) Minor bridges are generally provided on local drainage crossings, field channels and at canal crossings. (2) Pipes are normally proposed where sufficient cushion below the sleeper is available. (3) Where a skew crossing is unavoidable, it is advisable to restrict the skew to 30°. (4) The investigation should cover the particulars of catchment area, the soil characteristics, the anticipated flood level and other relevant hydraulic particulars. 302 Investigation for Major Bridges The investigation is mostly",False,False,True
IR_IRBM_2024,Indian_Railway_Bridge_Manual_2024.pdf,INSPECTION_STANDARD,60,INSPECTION_STANDARD_ONLY,BRIDGE; ROB,,SCOUR,,,,,AP_BR_OSM_W487371413; AP_BR_OSM_W548905049; AP_BR_OSM_W548905059; AP_BR_OSM_W548905063; AP_BR_OSM_W548905068; AP_BR_OSM_W548993084; AP_BR_OSM_W630894952,Bridge 1; railway line; railway line; railway line; railway line; railway line; railway line,"INVESTIGATION AND SURVEY FOR CONSTRUCTION OF BRIDGES 38 Indian Railway Bridge Manual 304 T echno Economic Feasibility Study Only a few preliminar y drawings and estimates need accompany the techno-economic feasibility report which however should bring out in full detail the comparative merits and demerits of the various alternative sites. The report should bring out the salient features of the bridge, its estimated cost and cost benefit ratio. For this purpose, the approximate waterway may be based on discharge calculated using “Regional flood frequency approach” developed by R.D.S.O. for various subzones or any other similar approach. 305 Survey of Rivers in Connection with the Loc ation of",False,False,True
IR_IRBM_2024,Indian_Railway_Bridge_Manual_2024.pdf,INSPECTION_STANDARD,61,INSPECTION_STANDARD_ONLY,BRIDGE; MINOR BRIDGE,,SCOUR; EROSION,PIER; PIERS,,,km.,,,"INVESTIGATION AND SURVEY FOR CONSTRUCTION OF BRIDGES 39 Indian Railway Bridge Manual h) Information from the rainfall records of local or n earby rain gauges. i) Other climatic condi tions (like temperature, humidity, snow accumulation etc.) assessed either from map issued by or from the India Meteorological Department. j) Changes in the cours e of the channel. k) The nature of the material through which the channel flows (whether it consists of boulder, gravel, sand, clay or alluvium). The description should be based also on actual borehole particulars. l) Bank erosion and bed scour observed at the bridge site in the case of alluvial rivers and the nature of the material transported. m) The",False,False,True
IR_IRBM_2024,Indian_Railway_Bridge_Manual_2024.pdf,INSPECTION_STANDARD,62,INSPECTION_STANDARD_ONLY,BRIDGE; ROB,FAIR,EROSION,PIER; PIERS; ABUTMENT,,,,,,"INVESTIGATION AND SURVEY FOR CONSTRUCTION OF BRIDGES 40 Indian Railway Bridge Manual be indicated by arrows. b) Three cross sections for the river bed are required to be plotted to a natural scale of 5 metres. to a cm. Where the width of the river in flood exceeds 1000 metres, the scale may be reduced. For river width greater than 500 metres, the cross section should be plotted in two halves. The cross sections should be taken at typical points selected at intervals of about 2 kms. On each cross section, the levels of the highest known flood, ordinary flood and ordinary low water should be indicated by lines with reduced levels. On the cross section taken on the center line of railway, an el",False,False,True
IR_IRBM_2024,Indian_Railway_Bridge_Manual_2024.pdf,INSPECTION_STANDARD,63,INSPECTION_STANDARD_ONLY,BRIDGE; ROB,,,FOUNDATION; SUBSTRUCTURE,INSPECTION,MAINTENANCE,km.,,,"INVESTIGATION AND SURVEY FOR CONSTRUCTION OF BRIDGES 41 Indian Railway Bridge Manual (a) actual hydro-meteoro logical observations of the same or similar catchments (b) the computed flood w ith probable recurrence intervals of 50 years. The recurrence interval can be modified at the discretion of Chief Bridge Engineer based on the importance of the line. For further details reference may be made to Paras 4.2 and 4.3 of the I.R.S. Code of Practice for the design of Substructures and Foundations of Bridges. 310 Design Discharge for Foundations (Qf ) T o provide for an adequate margin of safety against any abnormal flood exceeding the design discharge (Q), the foundations, protection works and ",False,False,True
IR_IRBM_2024,Indian_Railway_Bridge_Manual_2024.pdf,INSPECTION_STANDARD,65,INSPECTION_STANDARD_ONLY,BRIDGE,CONDITION,SCOUR,FOUNDATION; BEARING; BEARINGS; SUPERSTRUCTURE; SUBSTRUCTURE; GIRDER,,REHABILITATION; STRENGTHENING,,AP_BR_OSM_W548905049; AP_BR_OSM_W548905059; AP_BR_OSM_W548905063; AP_BR_OSM_W548905068; AP_BR_OSM_W548993084; AP_BR_OSM_W630894952,railway line; railway line; railway line; railway line; railway line; railway line,"INVESTIGATION AND SURVEY FOR CONSTRUCTION OF BRIDGES 43 Indian Railway Bridge Manual Discharge (Cumecs) Minimum free board (mm) Less than 3 600 3 to 30 750 More than 30 No relaxation is permissible (3) After taking measures for safety as considered necessary by Principal Chief Engineer / Chief Bridge Engineer , existing free board may be retained in following cases: (i) W orks other than rebuilding a bridge such as regirdering, strengthening / rehabilitation of substructure / superstructure, changing of bed blocks/bearings etc. (ii) Extension of existing bridge for doubling purposes. (4) However , in case of syphon bridges the provision for free board as per Para 313(1) need not be considere",False,False,True
IR_IRBM_2024,Indian_Railway_Bridge_Manual_2024.pdf,INSPECTION_STANDARD,66,INSPECTION_STANDARD_ONLY,BRIDGE; FLYOVER; ROB; RUB,GOOD,SCOUR,FOUNDATION; BEARING,,,,,,"INVESTIGATION AND SURVEY FOR CONSTRUCTION OF BRIDGES 44 Indian Railway Bridge Manual (3) Pile foundation can be quite economical, particularly where the foundations have to be built very deep or taken through deep layers of soil subjected to little scour. Larger diameter piles can be provided to take care of large horizontal forces when the foundations are deep. Larger diameter piles can also be provided for foundation depths beyond the limit of pneumatic operations. (4) Well foundation provides a solid and massive foundation for heavy loads and large horizontal forces. This has a larger cross sectional area and hence the total foundation bearing capacity is much larger than what may be offe",False,False,True
IR_IRBM_2024,Indian_Railway_Bridge_Manual_2024.pdf,INSPECTION_STANDARD,67,INSPECTION_STANDARD_ONLY,BRIDGE,GOOD,,FOUNDATION; PIER; PIERS; ABUTMENT,,,,,,CONSTRUCTION OF FOUNDATIONS FOR BRIDGES 45 Indian Railway Bridge Manual CHAPTER-IV CONSTRUCTION OF FOUNDATIONS FOR BRIDGES 401 Setting the layout of Bridges (1) General a) It is necessary to accurately lay out the centre line of a bridge and the locations of its piers and abutments and to establish a system by which they can be checked with ease during the progress of the work. b) Position of the principal reference lines and level pegs should be so selected and laid that they are easily accessible for check during the execution of the work. c) The Principal reference lines to be established are the longitudinal centre line and the transverse centre lines of abutments and piers. If the bridg,False,False,True
IR_IRBM_2024,Indian_Railway_Bridge_Manual_2024.pdf,INSPECTION_STANDARD,68,INSPECTION_STANDARD_ONLY,BRIDGE,,SCOUR,FOUNDATION; BEARING,ORN,,,,,CONSTRUCTION OF FOUNDATIONS FOR BRIDGES 46 Indian Railway Bridge Manual 402 Pipe and Box Culve rts with open foundation Pipe and box culverts can be constructed after removing the top soil in bed to the required depth and replacing it with a layer of lean concrete after the bed is levelled and well consolidated by ramming or rolling. Reference may be made to Annexure 4/3 for a typical arrangement. Pipe and box culverts should not normally be provided where the bed is likely to be scoured. 403 Other Bridges with Open Foundation (1) Open foundations must rest on a stratum with adequate bearing capacity. In order to reduce the bearing pressure the base can be sufficiently widened by providing f,False,False,True
IR_IRBM_2024,Indian_Railway_Bridge_Manual_2024.pdf,INSPECTION_STANDARD,69,INSPECTION_STANDARD_ONLY,BRIDGE,SATISFACTORY,SCOUR,FOUNDATION; BEARING,,,,,,"CONSTRUCTION OF FOUNDATIONS FOR BRIDGES 47 Indian Railway Bridge Manual Timber piles may, however, be used for temporary restoration of traffic. They should, be replaced with permanent structures. A typical arrangement of a temporary wooden pile bridge is shown in Annexure 4/8. 406 Soil Exploration for Design and Sonstruction of Piles For the satisfactory design and construction of piles, detailed soil exploration to a depth generally not less than 10 metres below the anticipated level of pile tip (unless bed rock or firm strata has been encountered earlier) should be carried out and the following particulars are collected. a) Ground water table and its tidal and seasonal fluctuations; b) So",False,False,True
IR_IRBM_2024,Indian_Railway_Bridge_Manual_2024.pdf,INSPECTION_STANDARD,70,INSPECTION_STANDARD_ONLY,BRIDGE,CONDITION; GOOD,,FOUNDATION; BEARING,,,,,,"CONSTRUCTION OF FOUNDATIONS FOR BRIDGES 48 Indian Railway Bridge Manual 408 Selection of T ype of Piles The following factors are to be considered while selecting the type of piles: (1) A vailability of space and head room: Driven piles require large area and headroom since they need larger and heavier driving rigs. Bored piles, however, require comparatively smaller space. (2) Proximity to the structure: Driving causes vibration of the ground which may damage nearby structures. Hence bored piles are preferred in these cases. (3) Reliability: Driven precast piles ensure good quality as they are cast under controlled condition. In cast in-situ piles, segregation of concrete is possible in wat",False,False,True
IR_IRBM_2024,Indian_Railway_Bridge_Manual_2024.pdf,INSPECTION_STANDARD,71,INSPECTION_STANDARD_ONLY,BRIDGE,CONDITION,SCOUR; SETTLEMENT,FOUNDATION; BEARING; SUPERSTRUCTURE,,,,,,"CONSTRUCTION OF FOUNDATIONS FOR BRIDGES 49 Indian Railway Bridge Manual b) For non-cohesive soils, Hiley’s formula is more reliable than other formulae. (Appendix-B of IS 2911 Part -I, section -I ). Hiley’s formula is not reliable in cohesive soils. c) Load test is most desirable. The load test on pile should be carried out four weeks after casting the pile. d) Resistance due to skin friction will be available only below the scour line and this must be taken into account in all the three methods. (2) Factor of safety for Pile Foundations: a) The factor of safety shall be judiciously chosen after considering the following: i) Reliability of the ultimate bearing capacity of pile; ii) Type of s",False,False,True
IR_IRBM_2024,Indian_Railway_Bridge_Manual_2024.pdf,INSPECTION_STANDARD,72,INSPECTION_STANDARD_ONLY,BRIDGE,GOOD,CORROSION,FOUNDATION,,,,,,"CONSTRUCTION OF FOUNDATIONS FOR BRIDGES 50 Indian Railway Bridge Manual 411 Construction of Pile Foundation (1) Driven precast piles: Piles can be driven either with a drop hammer or by the use of a single acting/double acting hammer. A typical rig which can be used for driving precast piles as well as the casing for cast in-situ piles is shown in Annexure 4/9. When the pile driving has to be done in water the equipment can be mounted on pontoons. (2) Driven cast-in-situ piles: A steel casing pipe with a shoe at the bottom is driven first to the required depth. The reinforcement cage of the pile is then lowered inside the casing and the pile concreted. If possible, the concrete is tamped and",False,False,True
IR_IRBM_2024,Indian_Railway_Bridge_Manual_2024.pdf,INSPECTION_STANDARD,73,INSPECTION_STANDARD_ONLY,BRIDGE,DEFECT,,FOUNDATION,,,,,,"CONSTRUCTION OF FOUNDATIONS FOR BRIDGES 51 Indian Railway Bridge Manual 413 Sequence of Piling (1) In a pile group the sequence of installation of piles shall normally be from the centre to the periphery of the group or from one side to the other. (2) Consideration should be given to the possibility of doing harm to a pile recently formed by driving the tube nearby before the concrete has sufficiently set. The danger of doing harm is greater in compact soils than in loose soils. (3) Driving piles in loose sand tends to compact the sand which, in turn, increases the skin friction. Therefore, the order of installing of such a pile in a group should avoid creating a compacted block of ground in",False,False,True
IR_IRBM_2024,Indian_Railway_Bridge_Manual_2024.pdf,INSPECTION_STANDARD,74,INSPECTION_STANDARD_ONLY,BRIDGE,GOOD,,FOUNDATION; PIER; PIERS,,,,,,"CONSTRUCTION OF FOUNDATIONS FOR BRIDGES 52 Indian Railway Bridge Manual part way up the pile, to prevent laitance from being entrapped within the pile. (8) All tremie tubes should be scrupulously cleaned after use. (9) Normally concreting of the piles should be uninterrupted. In an exceptional case of interruption of concreting, but which can be resumed within 1 or 2 hours, the tremie shall not be taken out of the concrete. Instead, it shall be raised and lowered slowly, from time to time to prevent the concrete around the tremie from setting. Concreting should be resumed by introducing a little richer concrete with a slump of about 200 mm for easy displacement of the partly set concrete. If",False,False,True
IR_IRBM_2024,Indian_Railway_Bridge_Manual_2024.pdf,INSPECTION_STANDARD,75,INSPECTION_STANDARD_ONLY,BRIDGE,CONDITION,,FOUNDATION,,,,,,"CONSTRUCTION OF FOUNDATIONS FOR BRIDGES 53 Indian Railway Bridge Manual holes. The overall length of the well generally is restricted to twice the width. 418 Components of Wells (1) Annexure 4/11 shows the cross section of typical well foundation with its components. (2) Well curb including cutting edge: The bottom portion of the well is tapered and is called the well curb. It should be strong enough to transmit the design loads to the bottom plug. The inclination of the inner face of the curb should preferably be not more than 30 degree except in sandy strata, where it may go upto 45 degree. Reinforced well curbs with a minimum reinforcement of 72 kg/m3 excluding bond rods are suitable for ",False,False,True
IR_IRBM_2024,Indian_Railway_Bridge_Manual_2024.pdf,INSPECTION_STANDARD,77,INSPECTION_STANDARD_ONLY,BRIDGE,,SCOUR; LEAKAGE,FOUNDATION,,,,,,"CONSTRUCTION OF FOUNDATIONS FOR BRIDGES 55 Indian Railway Bridge Manual enclosing the area of the island may be provided. Upto 1.5 metre depth, bamboo piles may be used and timber ballies may be used upto 3 metre depth. The piles are lashed together with strap, wire ropes or coir ropes. Bamboo matting is then fixed along the inside faces of the piles and the space between the mattings is filled with puddle sand bags. Beyond 13 metre depth, steel sheet piles should be used. The piles should have a grip of at least 3 metres. Sand bags should be dumped outside the island as a protection against scour. In cases, where velocity is high, wire netting (crates) filled with boulders may be used. (Ref",False,False,True
IR_IRBM_2024,Indian_Railway_Bridge_Manual_2024.pdf,INSPECTION_STANDARD,78,INSPECTION_STANDARD_ONLY,BRIDGE; ROB,CONDITION,,FOUNDATION; PIER,,,,,,"CONSTRUCTION OF FOUNDATIONS FOR BRIDGES 56 Indian Railway Bridge Manual or diesel winches of suitable capacity can be used for operating the grabs or dredgers. For faster sinking of wells of 6 metre diameter and above, suitable cranes may be used. (2) Well Sinking through clay and hard strata: a) In stiff clay strata or in strata with compact sand, shingle and boulders, the use of rail chisel may be required. Use of chisels can be avoided if hammer grabs are used. A sketch of rail chisel commonly in use on Indian Railways is shown in Annexure 4/16. b) For sinking through stiff clay and other hard strata buoyancy effect of the soil may be reduced by dewatering the well to increase its effecti",False,False,True
IR_IRBM_2024,Indian_Railway_Bridge_Manual_2024.pdf,INSPECTION_STANDARD,79,INSPECTION_STANDARD_ONLY,BRIDGE,CONDITION,CRACK,FOUNDATION,,,,,,"CONSTRUCTION OF FOUNDATIONS FOR BRIDGES 57 Indian Railway Bridge Manual Even if it does develop, there is considerable margin of safety and the well does not sink below the bed level. c) While sinking wells in deep water, divers with their equipment should be present for emergencies. 424 Tilt and Shift of the Well (1) Limits of tilt and shift: a) As far as possible wells shall be sunk without any tilt and shift. A tilt of up to 1 in 100 (1%) and a shift of D/40 subject to a maximum of 150 mm can be permitted. b) Excessive tilt and shift, which cannot be corrected, should be taken into account for rechecking the design of the well and the resulting foundation pressure. c) The gauges marked at",False,False,True
IR_IRBM_2024,Indian_Railway_Bridge_Manual_2024.pdf,INSPECTION_STANDARD,80,INSPECTION_STANDARD_ONLY,BRIDGE,CONDITION,,FOUNDATION,,,,,,"CONSTRUCTION OF FOUNDATIONS FOR BRIDGES 58 Indian Railway Bridge Manual This can be adopted only when sinking is done under dewatered conditions either by pumping or using compressed air. The side which is lower is packed with sand bags and excavation is carried out only on the high side. This method should be used cautiously if the depth of the well is shallow and when the well is resting on a sloping rock surface. 425 Use of Divers for Sinking When dewatering is not possible and the use of pneumatic equipment for sinking is uneconomical, divers can be deployed for the removal of obstruction or clearing the strata. No man suffering from any chronic disease, alcoholic excess, ear or heart tr",False,False,True
IR_IRBM_2024,Indian_Railway_Bridge_Manual_2024.pdf,INSPECTION_STANDARD,81,INSPECTION_STANDARD_ONLY,BRIDGE,CONDITION; GOOD,,FOUNDATION,,,,,,CONSTRUCTION OF FOUNDATIONS FOR BRIDGES 59 Indian Railway Bridge Manual f) The steining concrete for wells to be sunk using pneumatic caissons should be as dense as possible to reduce the pore pressure caused by air under pressure trying to escape through fine pores in concrete. g) The joints should be made as air tight as possible to prevent escape of air. Water proof cement plastering can be resorted to on the inside face of steining. 427 Founding the Well (1) Settling the well by blasting: After loading the well as specified a small charge of one or two gelignite sticks of 50 gm each is exploded at the centre of the well at the level of straight portion of cutting edge. The well should no,False,False,True
IR_IRBM_2024,Indian_Railway_Bridge_Manual_2024.pdf,INSPECTION_STANDARD,83,INSPECTION_STANDARD_ONLY,BRIDGE,CONDITION; DISTRESS; DEFECT,,GIRDER; SLAB,INSPECTION,REPAIR; REHABILITATION; STRENGTHENING; MAINTENANCE,,,,"REHABILITATION OF BRIDGES 61 Indian Railway Bridge Manual CHAPTER V REHABILITATION OF BRIDGES 501 Bridges may require Rehabilitation on Account of Various Reasons as under: i) Physical distress, ii) Vulnerability on hydrological considerations, iii) Use of obsolete/ non-standard materials such as a. Early steel girders; b. Laterite stones; c. Cast iron screw piles; d. Corrugated steel pipes (ARMCO pipes) e. Rail or timber tops and stone slabs; and f. Earthenware pipes. 502 In case of introduction of new type of locomotives, rolling stock and other train compositions with increased loads (vertical and longitudinal) special strengthening measures may be required as per relevant code provisions",False,False,True
IR_IRBM_2024,Indian_Railway_Bridge_Manual_2024.pdf,INSPECTION_STANDARD,84,INSPECTION_STANDARD_ONLY,BRIDGE,CONDITION; FAIR; DISTRESS,CRACK; SCOUR; SETTLEMENT,FOUNDATION; PIER; PIERS; ABUTMENT; SUBSTRUCTURE; GIRDER,,REHABILITATION; STRENGTHENING; REPLACEMENT,,,,"REHABILITATION OF BRIDGES 62 Indian Railway Bridge Manual method to suit site conditions may also be adopted. 512 Strengthening of Foundations (1) Replacement of cast iron screw piles: A new set of substructure on groups of bored piles in between the old ones may be constructed. The old girders may be shifted on to the new substructure, abandoning the old one (Annexure 5/1). When the head room is restricted, for making bored piles, well foundations can be constructed. Alternatively the new sub-structure and foundations can be constructed with the help of diversion. (2) Settlement of foundation in piers / abutments: Whenever settlement is noticed in piers and abutments, levels of the bed bloc",False,False,True
IR_IRBM_2024,Indian_Railway_Bridge_Manual_2024.pdf,INSPECTION_STANDARD,85,INSPECTION_STANDARD_ONLY,BRIDGE,CONDITION,CRACK,FOUNDATION; PIER; PIERS; ABUTMENT; SUBSTRUCTURE; SLAB,,REHABILITATION; STRENGTHENING,,,,"REHABILITATION OF BRIDGES 63 Indian Railway Bridge Manual 10 mm bars spaced at 200 mm horizontally and vertically may be provided as distribution reinforcement. The following precautions should be taken while carrying out the jacketting works: i) Foundation shall be exposed for only limited width at a time so as to avoid endangering the safety of the structure. ii) Pumping of water from foundation should be avoided as far as possible, as it may endanger the safety of the structure. iii) Holes for dowels should be drilled and not made by pavement breakers. iv) The work of jacketting should be done under suitable speed restriction. Depending upon location, extent of exposure, type of soil etc.",False,False,True
IR_IRBM_2024,Indian_Railway_Bridge_Manual_2024.pdf,INSPECTION_STANDARD,86,INSPECTION_STANDARD_ONLY,BRIDGE,DISTRESS,CRACK,PIER; PIERS; ABUTMENT; GIRDER; SLAB,,REHABILITATION; STRENGTHENING,,,,"REHABILITATION OF BRIDGES 64 Indian Railway Bridge Manual remains workable). For best results use of polythene vessels, hand gloves and safety glasses is recommended while working with epoxy compounds 515 Arch Bridges (1) In case of cracks in arches, pressure grouting with cement mortar at a pressure 4 to 6 kg/cm 2 is generally quite effective (2) If pressure grouting is not effective, one of the following alternative methods may be adopted: a) Construction of a suitably designed box culvert under the arch and filling the intermediate space between the arch and the box with lean cement concrete (Annexure 5/5a). This method may be adopted when the HFL is not high. b) Construction of a box cul",False,False,True
IR_IRBM_2024,Indian_Railway_Bridge_Manual_2024.pdf,INSPECTION_STANDARD,87,INSPECTION_STANDARD_ONLY,BRIDGE,CONDITION,,GIRDER; SLAB,,REHABILITATION; REPLACEMENT,,,,"REHABILITATION OF BRIDGES 65 Indian Railway Bridge Manual (6) Jacketting works should be done under suitable speed restriction. Depending upon location, extent of exposure, type of soil etc., speed restriction may be as under: i) Jacketting below bed level. 15 km/h to 30 km/h depending on the extent of exposure, type of soil etc ii) Jacketting from bed level to springing level. 30 km/h to 50 km/h depending on condition of masonry iii) Jacketting of arch ring when designed for the full design load. 30 km/h to 50 km/h depending on the condition of arch ring and cushion iv) Jacketting of arch ring when designed by taking composite action with existing arch. 15 km/h. The above speed restrictions",False,False,True
IR_IRBM_2024,Indian_Railway_Bridge_Manual_2024.pdf,INSPECTION_STANDARD,88,INSPECTION_STANDARD_ONLY,BRIDGE,DISTRESS; DAMAGED,CRACK; CORROSION; RUST,ABUTMENT; SUPERSTRUCTURE; SUBSTRUCTURE; GIRDER; SLAB,,REPAIR; REHABILITATION; STRENGTHENING; REPLACEMENT; MAINTENANCE,,,,"REHABILITATION OF BRIDGES 66 Indian Railway Bridge Manual rails over the bridges. (3) The design of substructure needs to be checked for the applicable loading standard before undertaking the work of girder replacement. (4) Increase in embankment width shall be planned along with so as to have a clear cess width of 900mm on either side. Provision of additional width may also be made in specific cases for storage of P- way material, rails, maintenance equipments, tools & plants, boulders, sand bags etc. for meeting out maintenance needs/ emergencies. (5) Construction of new wing walls with extension of abutments may be required to provide the extra cess width. This work, as required, shall be",False,False,True
IR_IRBM_2024,Indian_Railway_Bridge_Manual_2024.pdf,INSPECTION_STANDARD,89,INSPECTION_STANDARD_ONLY,BRIDGE,DISTRESS,,SUBSTRUCTURE,INSPECTION,REHABILITATION; REPLACEMENT; MAINTENANCE,,,,"REHABILITATION OF BRIDGES 67 Indian Railway Bridge Manual cause should be thoroughly investigated. External prestressing, epoxy grouting depending on the nature of distress may be adopted. For details, reference may be made to Manual of Inspection and Maintenance of Concrete Bridges, 1990:” issued by RDSO and other specialist literature on the subject. 521 Replacement of Meter Gauge Bridges Whenever MG bridges are rebuilt the substructure and super structure shall be built to BG standards.",False,False,True
IR_IRBM_2024,Indian_Railway_Bridge_Manual_2024.pdf,INSPECTION_STANDARD,91,INSPECTION_STANDARD_ONLY,BRIDGE,POOR,SETTLEMENT,PIER; PIERS; ABUTMENT; BEARING; BEARINGS; SUPERSTRUCTURE; SUBSTRUCTURE; GIRDER,,,,,,"CONSTRUCTION OF SUBSTRUCTURE AND SUPER- STRUCTURE INCLUDING ERECTION OF GIRDERS 69 Indian Railway Bridge Manual be according to the design requirements. 604 Piers, Abutments and Wing Walls (1) Piers, abutments, and wing walls: a) The size of piers and abutments depends on the construction materials used. b) Masonry piers are provided with a batter varying from 1 in 24 to 1 in 12. Their width at the top is determined keeping the minimum space required for seating of the bearings of girders as also to provide sufficient distance on the outside of the bearings to resist diagonal shearing. c) For masonry abutments, a front batter of 1 in 16 to 1 in 10 is used: a flatter slope or steppings are pr",False,False,True
IR_IRBM_2024,Indian_Railway_Bridge_Manual_2024.pdf,INSPECTION_STANDARD,92,INSPECTION_STANDARD_ONLY,BRIDGE,CONDITION,CRACK; CRACKING; RUST,FOUNDATION; SUBSTRUCTURE; GIRDER,,,,,,"CONSTRUCTION OF SUBSTRUCTURE AND SUPER- STRUCTURE INCLUDING ERECTION OF GIRDERS 70 Indian Railway Bridge Manual (5) Design of concrete mix shall be in accordance with any of the methods given in the recommended guidelines for concrete mix design, published by the Indian Standards Institution. (6) Ordinary Portland cement conforming to IS 269 shall be used for plain, reinforced and prestressed concrete work. Portland blast furnace cement conforming to IS 455 may also be used for plain and R.C.C. work but not for PSC work. Portland pozzolana cement (IS 1489) shall not be used for PSC and RCC works. It can be used only for foundation concrete and concrete works in Bridge substructure where rein",False,False,True
IR_IRBM_2024,Indian_Railway_Bridge_Manual_2024.pdf,INSPECTION_STANDARD,93,INSPECTION_STANDARD_ONLY,BRIDGE,,CORROSION,BEARING; DECK; SUPERSTRUCTURE; SUBSTRUCTURE; GIRDER; SLAB,,,,,,"CONSTRUCTION OF SUBSTRUCTURE AND SUPER- STRUCTURE INCLUDING ERECTION OF GIRDERS 71 Indian Railway Bridge Manual (15) i) While transporting concrete from the mixer to the form work, no segregation shall occur nor should there be any loss of ingredients. Necessary precaution may be taken to ensure this. ii) The concrete shall be deposited as nearly as practicable in its final position without rehandling. It shall be compacted before setting commences. It shall not be subsequently disturbed. The method shall be such as to avoid segregation. There shall be no displacement of steel or form work while placing concrete. (16) Compaction of concrete: All concrete shall be compacted by vibration. Gene",False,False,True
IR_IRBM_2024,Indian_Railway_Bridge_Manual_2024.pdf,INSPECTION_STANDARD,94,INSPECTION_STANDARD_ONLY,BRIDGE; VIADUCT,,RUST,PIER; PIERS; ABUTMENT; SUPERSTRUCTURE; SUBSTRUCTURE; GIRDER; SLAB,,,,,,"CONSTRUCTION OF SUBSTRUCTURE AND SUPER- STRUCTURE INCLUDING ERECTION OF GIRDERS 72 Indian Railway Bridge Manual underneath and putting up the arch above. Before taking up the construction of the arch, back filling of abutments must be ensured. After the material of structure completely sets and is able to take the load, the temporary structure is removed. (2) Work on multiple spans: a) Work can be done simultaneously on a number of spans using more than one set of forms. b) In this method, due care will have to be taken to see that the horizontal thrust on the pier/ abutment is not such that they give way. This can be guarded against by commencing the work on the adjacent span and bridging s",False,False,True
IR_IRBM_2024,Indian_Railway_Bridge_Manual_2024.pdf,INSPECTION_STANDARD,95,INSPECTION_STANDARD_ONLY,BRIDGE,,CRACK,PIER; PIERS; ABUTMENT; DECK; SUBSTRUCTURE; GIRDER; SLAB,,,,,,"CONSTRUCTION OF SUBSTRUCTURE AND SUPER- STRUCTURE INCLUDING ERECTION OF GIRDERS 73 Indian Railway Bridge Manual launch a steel or aluminium supporting frame or girder so that it spans over the gap. This is designed to take only one girder at a time. Once the launching of this temporary girder is over, the first main girder is moved over this temporary girder or frame, supported at intervals or pulled across. When the full length of the main girder has come over the launching girder, it is jacked up and temporarily held in position. The launching girder is then side slowed to take the position of the next girder over the span. The main girder launched earlier is then lowered into position wit",False,False,True
IR_IRBM_2024,Indian_Railway_Bridge_Manual_2024.pdf,INSPECTION_STANDARD,96,INSPECTION_STANDARD_ONLY,BRIDGE,,,BEARING; BEARINGS; SUBSTRUCTURE; GIRDER,INSPECTION; ORN,,,,,"CONSTRUCTION OF SUBSTRUCTURE AND SUPER- STRUCTURE INCLUDING ERECTION OF GIRDERS 74 Indian Railway Bridge Manual 611 Important Points to be Borne in mind in the Construction of PSC Girders (1) i) The handling and erection stress. ii) Accessibility of every part of the structure for close inspection. iii) The design of the end block and bearings should permit periodical inspection and servicing of the bearings. (2) Provision shall be made to cater for an additional prestressing forces of 15% of the design prestressing force, for easy installation of prestressing steel at a later date. (3) Admixtures/plasticizers of approved type only should be used. (4) Minimum grade of concrete for PSC work s",False,False,True
IR_IRBM_2024,Indian_Railway_Bridge_Manual_2024.pdf,INSPECTION_STANDARD,97,INSPECTION_STANDARD_ONLY,BRIDGE,CONDITION; GOOD; SATISFACTORY; DETERIORATION,CRACK; CRACKING; CORROSION; RUST,SUBSTRUCTURE; GIRDER,INSPECTION; INSPECTED,,,,,"CONSTRUCTION OF SUBSTRUCTURE AND SUPER- STRUCTURE INCLUDING ERECTION OF GIRDERS 75 Indian Railway Bridge Manual operation. (13) The stressed cables shall be grouted immediately after the prestressing operation for the girder is completed. To avoid possibility of part of the sheathing getting clogged by the over laying concrete, it shall be ensured that the cables move freely inside the sheath during and also after concreting. All precautions shall be taken to ensure that the sheathings do not get contaminated with deleterious chemicals, salts, etc. during the manufacture, storage and installation of the same and they are watertight. (14) Protection to prestressing steel : All prestressing st",False,False,True
IR_IRBM_2024,Indian_Railway_Bridge_Manual_2024.pdf,INSPECTION_STANDARD,98,INSPECTION_STANDARD_ONLY,BRIDGE,FAIR,RUST,BEARING; BEARINGS; SUBSTRUCTURE; GIRDER,INSPECTED,,,,,"CONSTRUCTION OF SUBSTRUCTURE AND SUPER- STRUCTURE INCLUDING ERECTION OF GIRDERS 76 Indian Railway Bridge Manual iii) Use hoop steel around tendons near ends of beams. iv) Handle only from designated pick up points. v) Take adequate care during storage, transportation and erection. (3) Camber : Camber is the upward deflection which occurs in prestressed concrete flexure members due to eccentricity of prestressing forces. It does not include dimensional inaccuracies due to errors in manufacture, improper bearings or other deficiencies of construction. The anticipated camber due to prestressing shall be computed and shown in the detailed working drawings. Actual camber shall be measured and com",False,False,True
IR_IRBM_2024,Indian_Railway_Bridge_Manual_2024.pdf,INSPECTION_STANDARD,99,INSPECTION_STANDARD_ONLY,BRIDGE,,SETTLEMENT,SUBSTRUCTURE; GIRDER,,,,,,"CONSTRUCTION OF SUBSTRUCTURE AND SUPER- STRUCTURE INCLUDING ERECTION OF GIRDERS 77 Indian Railway Bridge Manual designer in design, based on slip factor chosen. 616 Field Erection (1) General : Plate girders and open web girders are fabricated in convenient lenghts to suit transportation and availability of plate lengths. In general the length is restricted to about 12m so as to facilitate transport in single lengths. (2) Erection of plate girders : There is no camber provided in the plate girder and they are erected on a level ground over the platform made up of compacted earth or concrete base. Over this, sleeper or timber pickings at suitable intervals are laid for laying the main members",False,False,True
IR_IRBM_2024,Indian_Railway_Bridge_Manual_2024.pdf,INSPECTION_STANDARD,100,INSPECTION_STANDARD_ONLY,BRIDGE,CONDITION,,PIER; PIERS; ABUTMENT; SUBSTRUCTURE; GIRDER,,REPAIR; MAINTENANCE,,,,"CONSTRUCTION OF SUBSTRUCTURE AND SUPER- STRUCTURE INCLUDING ERECTION OF GIRDERS 78 Indian Railway Bridge Manual and cleared. In the case of composite girders, the top flange plate with channel shear connectors, welded in staggered arrangement, should be made first, before the I section is made. Suitable jigs and fixtures are needed for fabricating the members by welding, to reduce the extent of warping and distortion. Site welding is generally prohibited. However, in certain unavoidable cases such as repair/ maintenance work for girders in service it can be permitted by Chief Bridge Engineer/ officer equivalent to the rank of SAG officer and above. During construction, it can be permitted on",False,False,True
IR_IRBM_2024,Indian_Railway_Bridge_Manual_2024.pdf,INSPECTION_STANDARD,104,INSPECTION_STANDARD_ONLY,BRIDGE,,,PIER; PIERS; ABUTMENT; DECK; SUPERSTRUCTURE; SUBSTRUCTURE; GIRDER,,REPLACEMENT,,,,"CONSTRUCTION OF SUBSTRUCTURE AND SUPER- STRUCTURE INCLUDING ERECTION OF GIRDERS 82 Indian Railway Bridge Manual (4) Launching of girders with the help of a BFR: At locations where access to the new bridge is available by rail, the launching of girders upto 18.3 m with this method is ideal. In this method, the erection tackle consists essentially of a pair of 600 x 210mm joists. The entire beam balances about a central pivot which consists of 600 x 210mm joists. The launching beam has a tackle at its balancing end, with a 3 sheaved pulley fixed on the launching beam and 2 sheaved pulley at the point where the load is taken. There is no counter weight as the advantage is taken of tare weight o",False,False,True
IR_IRBM_2024,Indian_Railway_Bridge_Manual_2024.pdf,INSPECTION_STANDARD,107,INSPECTION_STANDARD_ONLY,BRIDGE; MINOR BRIDGE,CONDITION,SCOUR; SETTLEMENT,FOUNDATION; PIER; PIERS; ABUTMENT; GIRDER,INSPECTION; BRIDGE INSPECTION REGISTER,,,,,"RIVERS AND FLOODS 85 Indian Railway Bridge Manual CHAPTER VII RIVERS AND FLOODS 701 Behaviour of Rivers (1) The Divisional Engineer and Assistant Engineer should acquaint themselves with the past history of every important/vulnerable bridge, river training/protection works and the behaviour of the rivers in their jurisdiction, in order to ensure safety of railway structures during floods. (2) The permanent way Inspector/works Inspector should acquaint himself with the behaviour of rivers and the bridges in his section with their past history and organise timely precautionary measures on sections/bridges liable to be flooded or breached. 702 Past History of Bridges The Divisional Engineer and",False,False,True
IR_IRBM_2024,Indian_Railway_Bridge_Manual_2024.pdf,INSPECTION_STANDARD,108,INSPECTION_STANDARD_ONLY,BRIDGE,CONDITION,SCOUR,PIER; ABUTMENT; SUBSTRUCTURE; GIRDER; SLAB,,,,,,"RIVERS AND FLOODS 86 Indian Railway Bridge Manual site, afflux noticed and past history of the bridge are to be taken into account. In fixing the danger level, a margin of safety should be allowed taking into consideration the characteristics of the river or stream such as, whether it is subjected to sudden flood or gradually rising floods and whether it carries floatsam. Fixing of danger level at a higher level than necessary may result in unnecessary restrictions to traffic and may lead to non seriousness with regard to implications of action required in case of water level approaching or exceeding danger level. (4) Danger level shall be the level which is lower of the following: a) the le",False,False,True
IR_IRBM_2024,Indian_Railway_Bridge_Manual_2024.pdf,INSPECTION_STANDARD,109,INSPECTION_STANDARD_ONLY,BRIDGE,CONDITION,,PIER; PIERS; ABUTMENT,INSPECTION; BRIDGE INSPECTION REGISTER,,,,,"RIVERS AND FLOODS 87 Indian Railway Bridge Manual local conditions. Railways which have already issued guidelines may review the existing instructions and supplement the same as considered necessary. In case where danger to bridge has occurred or the bridge has been seriously threatened, even though the water level was less than the danger level, the revision of danger level should be considered. (7) In case where floods higher than danger level have occurred several times in the past without causing any damage to the structure, the desirability of revising the danger level may be examined. (8) Fixing of the Danger level for any new bridge or any revision of the existing Danger level should ",False,False,True
IR_IRBM_2024,Indian_Railway_Bridge_Manual_2024.pdf,INSPECTION_STANDARD,110,INSPECTION_STANDARD_ONLY,BRIDGE; ROB,CONDITION,CRACK; SETTLEMENT,PIER; PIERS; ABUTMENT,,,,,,"RIVERS AND FLOODS 88 Indian Railway Bridge Manual j) A Gauge cum Level. k) A Staff to Exhibit the Flag / Lamp . l) A Powerful Torch. m) Probing Rods if required. (3) They should walk over the bridge and where possible, under the bridge also, carefully inspecting every portion of the bridge for any sign of failure. (4) They should apprehend danger when any one or more of the following occur: a) the flood reaches or exceeds the danger level; b) danger to the bridge, its approaches or protection work, even before the danger level is reached such as disturbance to alignment and or longitudinal level of track on the bridge due to shifting or settlement of piers/ abutments; c) water on one side of",False,False,True
IR_IRBM_2024,Indian_Railway_Bridge_Manual_2024.pdf,INSPECTION_STANDARD,111,INSPECTION_STANDARD_ONLY,BRIDGE; ROB,,SCOUR,,INSPECTION,,,,,"RIVERS AND FLOODS 89 Indian Railway Bridge Manual 707 Special Inspection during Monsoon During floods and/or during spells of heavy rain the Assistant Engineer, Permanent Way Inspector/ Inspector of Works should inspect by trolley, foot-plate of the engine or other means, the bridges and allied works, as frequently as necessary. Where a strong rush of water and heavy afflux occur, they should look for the presence of eddies and backwaters which are signs of danger. When these are observed, sounding with the help of echo sounders or probing with the help of log line with a heavy lead weight, rail piece or probing rod must be taken and if scour is detected, boulders or pitching material should",False,False,True
IR_IRBM_2024,Indian_Railway_Bridge_Manual_2024.pdf,INSPECTION_STANDARD,112,INSPECTION_STANDARD_ONLY,BRIDGE; ROB,,RUST; SCOUR,FOUNDATION; PIER; PIERS; ABUTMENT,,,,,,RIVERS AND FLOODS 90 Indian Railway Bridge Manual 710 Flood Records (1) A list of bridges across large alluvial rivers and such other rivers as identified by Chief Bridge Engineer should be prepared to maintain the flood records as noted below: a) Soundings around piers and abutments during and after high floods; b) Gauge readings of flood level during monsoon; c) Observations of afflux and velocity during monsoon; d) Cross sections of river during and after floods: e) Survey of the river course after monsoon; f) Cross section of guide banks/protection works and their aprons; and g) Annual survey of scour holes. The details of flood records that are to be maintained should be specified for e,False,False,True
IR_IRBM_2024,Indian_Railway_Bridge_Manual_2024.pdf,INSPECTION_STANDARD,113,INSPECTION_STANDARD_ONLY,BRIDGE,,SCOUR,FOUNDATION; PIER; PIERS; ABUTMENT; GIRDER,,,,,,"RIVERS AND FLOODS 91 Indian Railway Bridge Manual fall of flood levels must be recorded in the register. b) Divisional and Assistant Engineers should ensure that gauges are erected and maintained at all specified bridges both on the upstream and downstream side. c) Levels painted on gauges should be accurate and all gauges must refer to the same datum. Where gauges are painted on piers, these should be used only for the purpose of reporting high flood levels at bridges and not for determining the afflux as it is liable to give incorrect readings. d) Afflux gauges should be fixed at a distance of about 30 metre upstream and downstream of the bridge opening, preferably at near still water so t",False,False,True
IR_IRBM_2024,Indian_Railway_Bridge_Manual_2024.pdf,INSPECTION_STANDARD,114,INSPECTION_STANDARD_ONLY,BRIDGE; ROB,CONDITION; GOOD; DEFECT,SCOUR; EROSION,,INSPECTION,REPAIR; REPAIRS,,AP_BR_OSM_W548905049; AP_BR_OSM_W548905059; AP_BR_OSM_W548905063; AP_BR_OSM_W548905068; AP_BR_OSM_W548993084; AP_BR_OSM_W630894952,railway line; railway line; railway line; railway line; railway line; railway line,"RIVERS AND FLOODS 92 Indian Railway Bridge Manual remedial measures can be planned in time and the works executed before the onset of the next flood season, as necessary. A list of all bridges where scour holes exist should be prepared and copy sent to Chief Engineer every year along with the flood report. (3) Survey of the course of the river: a) At each specified bridge, survey of the course of the river to a fixed scale should be made soon after the monsoon extending to atleast 3 km upstream and 1 km downstream of the bridge to afford general idea of the efficiency of training works. The distance may be suitably modified keeping in view the past history at the discretion of the Chief Brid",False,False,True
IR_IRBM_2024,Indian_Railway_Bridge_Manual_2024.pdf,INSPECTION_STANDARD,115,INSPECTION_STANDARD_ONLY,BRIDGE,CONDITION,,FOUNDATION,INSPECTION; BRIDGE INSPECTION REGISTER,REPAIR; REPAIRS,,,,"RIVERS AND FLOODS 93 Indian Railway Bridge Manual sufficient number of pages allotted for each bridge to cover ten to fifteen years and should contain: a) Brief history of the bridge and protection works at and away from the bridge site with plans and sections. b) Condition of foundation and protection works with particulars of action taken on repairs required. c) Particulars of flood damage and remedial measure adopted with reference to Bridge Inspection register. Blue prints of the cross section diagrams of the bed of the river, survey plans of the course of the river and cross sections of bunds vide Para 711 and 712 should be attached to the register for reference. Past register should be",False,False,True
IR_IRBM_2024,Indian_Railway_Bridge_Manual_2024.pdf,INSPECTION_STANDARD,117,INSPECTION_STANDARD_ONLY,BRIDGE,,EROSION,PIER; PIERS; ABUTMENT,,,,,,"RIVER TRAINING AND PROTECTION WORKS 95 Indian Railway Bridge Manual CHAPTER VIII RIVER TRAINING AND PROTECTION WORKS 801 Training / Protection of Rivers The objective of river training/protection works is to prevent the river from damaging railway formation, bridges and other structures. The training/protection works will have to be decided depending on the reach in which the river is situated namely: a) Upper reaches (Mountainous) b) Submontane reaches (Foot hills) c) Quasi-alluvial reaches (Trough) d) Alluvial reaches, and e) Tidal reaches 802 Upper Reaches (Mountainous Rivers) (1) Characteristics: These streams have narrow and deep cross section with very steep bed slopes. The gorge is of",False,False,True
IR_IRBM_2024,Indian_Railway_Bridge_Manual_2024.pdf,INSPECTION_STANDARD,118,INSPECTION_STANDARD_ONLY,BRIDGE,,EROSION,SLAB,,MAINTENANCE,,,,"RIVER TRAINING AND PROTECTION WORKS 96 Indian Railway Bridge Manual load. Medium size boulders, gravel and coarse sand are generally found in the beds. The floods are of flashy nature. These streams are highly erosive and the erosion proceeds through grinding of bed load material during transport, formation of deep holes through whirlpools and plunging action along with cliffs forming the banks, in the higher reaches. These actions go on widening the bed and deepening the channel. The flow in the channel, except during highest stages, is insufficient to transport the detritus which gets deposited blocking the original channel; another channel may then be formed and in course of time the rive",False,False,True
IR_IRBM_2024,Indian_Railway_Bridge_Manual_2024.pdf,INSPECTION_STANDARD,119,INSPECTION_STANDARD_ONLY,BRIDGE; ROB,CONDITION; GOOD; SATISFACTORY,EROSION,,,,,,,"RIVER TRAINING AND PROTECTION WORKS 97 Indian Railway Bridge Manual LR = Length along maximum depth LR/LV = Tortuosity ratio LV = Valley length, W = Width of the channel R = Radius of bend, ML =Meander length MB = Meander Belt, Q = Angle of bend Meander shape can be circular/sinusoidal or parabolic and is defined by tortuosity ratio. A tortuosity ratio of 1 describes a straight channel. A ratio of 5.5 is a limiting value when consecutive bends are likely to cut into one another. The meander size is defined by the ratio of the radius of center line of bend or a meander and surface width of the channel. Meander Size= R/W or MB/W Meander shape is the most efficient hydraulic flow under the give",False,False,True
IR_IRBM_2024,Indian_Railway_Bridge_Manual_2024.pdf,INSPECTION_STANDARD,120,INSPECTION_STANDARD_ONLY,BRIDGE; ROB,FAIR,SCOUR,PIER,,,,,,"RIVER TRAINING AND PROTECTION WORKS 98 Indian Railway Bridge Manual normally do not arise except in the deltaic region/tidal reaches. 808 Important Considerations for Hydraulic Structures For hydraulic design, most important parameters are discharge, gauge level/HFL, scour and physical layout of the channel. Parameters like discharge and bed slopes can vary and estimation of them is largely empirical. For important rivers, data required for computing flood discharge are generally available. The data may require proper interpolation or extrapolation. Discharge is also worked out on the basis of Gauge-Discharge curve. This is also a fairly reliable estimate. All bridges shall be designed with ",False,False,True
IR_IRBM_2024,Indian_Railway_Bridge_Manual_2024.pdf,INSPECTION_STANDARD,121,INSPECTION_STANDARD_ONLY,BRIDGE; RUB,GOOD,SCOUR,,,MAINTENANCE,,,,"RIVER TRAINING AND PROTECTION WORKS 99 Indian Railway Bridge Manual 1. Guide Bunds; 2. Spurs (Groynes); 3. Marginal Bunds; 4. Closure Bunds; 5. Assisted cut offs; 6. Boulder Crates and 7. Sausage Crates. 810 Guide Bunds (1) Necessity: Guide bunds are meant to confine and guide the river flow through the structure without causing damage to it and its approaches. They also prevent the out flanking of the structure. (2) Shape and Design Features: a) The guide bund can either be divergent upstream or parallel. In the case of divergent guide bund, there is possibility of formation of a shoal at the center. Parallel guide bunds minimise obliquity and separation of flow along the flanks. According ",False,False,True
IR_IRBM_2024,Indian_Railway_Bridge_Manual_2024.pdf,INSPECTION_STANDARD,122,INSPECTION_STANDARD_ONLY,BRIDGE,GOOD,SCOUR,,,,,,,"RIVER TRAINING AND PROTECTION WORKS 100 Indian Railway Bridge Manual i) Wave action on the upstream side ii) Water current along the slopes iii) Wind action iv) Rain cuts/Rain water Most common method is to provide stone pitching. It is necessary to provide 20cm to 30cm thick graded filter below the pitching. Stone used for pitching is generally man size boulder of 35 to 55kg so that they cannot be easily displaced by the current. For small works, one stone thick pitching (25 to 30cm) should suffice. Gaps in between could be filled up by smaller pieces. In case of guide bund, the pitching should continue right up to the top of the formation for the river side, including the curved head on bo",False,False,True
IR_IRBM_2024,Indian_Railway_Bridge_Manual_2024.pdf,INSPECTION_STANDARD,123,INSPECTION_STANDARD_ONLY,BRIDGE; ROB,CONDITION; SATISFACTORY,SCOUR,,,REPAIR; REPAIRS; MAINTENANCE,,,,"RIVER TRAINING AND PROTECTION WORKS 101 Indian Railway Bridge Manual difference between the deepest known scour level and low water level. (4) Maintenance: a) Substantial reserve of pitching stone should be maintained on the guide bund for use during emergency. This should be stacked at the top of the guide bund. Quantity of reserve stock to be maintained at guide bund should also be specified by Principal Chief Engineer/Chief Bridge Engineer as per provisions of Para 709(1). b) The track on the guide bund, where provided, should be maintained in a satisfactory condition and should be capable of taking boulder trains at any time. The Permanent Way Inspector and the Assistant Engineer should ",False,False,True
IR_IRBM_2024,Indian_Railway_Bridge_Manual_2024.pdf,INSPECTION_STANDARD,124,INSPECTION_STANDARD_ONLY,BRIDGE,SATISFACTORY,SCOUR,FOUNDATION; SUBSTRUCTURE,,MAINTENANCE,,,,"RIVER TRAINING AND PROTECTION WORKS 102 Indian Railway Bridge Manual are discussed in detail in Para 811(5). Impermeable spurs are made of solid core, constructed of stones or earth and stones with exposed faces protected by pitching. These spurs can with stand severe attack better than permeable spurs. ii) Spurs may be classified as (a) repelling (deflecting) (b) attracting and (c) normal (sedimenting). Repelling (deflecting) spurs are those which incline upstream at an angle of 60 degree to 70 degree to the river course and deflect the current towards the opposite bank. They cause silting in still water on the upstream pocket. Attracting spurs incline downstream and make the deep channel f",False,False,True
IR_IRBM_2024,Indian_Railway_Bridge_Manual_2024.pdf,INSPECTION_STANDARD,125,INSPECTION_STANDARD_ONLY,BRIDGE,CONDITION; GOOD,EROSION,,,MAINTENANCE,,,,"RIVER TRAINING AND PROTECTION WORKS 103 Indian Railway Bridge Manual maintenance procedures specified for guide bunds apply equally to spurs/groynes also. (5) Permeable Structures: a) Permeable structures can be used either independently or with the support of other impermeable stone structures or river training and bank protection measures. These structures are easy to construct, use low cost locally available material and require limited skill in construction. These are very handy in antierosion works during emergencies in floods. These structures can also be used in areas where good quality stones are costly and/or not available. Thus permeable structures are cost effective alternative to",False,False,True
IR_IRBM_2024,Indian_Railway_Bridge_Manual_2024.pdf,INSPECTION_STANDARD,127,INSPECTION_STANDARD_ONLY,BRIDGE,GOOD,,,INSPECTION; INSPECTED,REPAIR; REPAIRS,,AP_BR_OSM_W548905049; AP_BR_OSM_W548905059; AP_BR_OSM_W548905063; AP_BR_OSM_W548905068; AP_BR_OSM_W548993084; AP_BR_OSM_W630894952,railway line; railway line; railway line; railway line; railway line; railway line,RIVER TRAINING AND PROTECTION WORKS 105 Indian Railway Bridge Manual end of the marginal bund should be anchored into high ground well above HFL. Marginal bunds should be inspected every year along with the annual bridge inspection and necessary repairs should be carried out before the onset of monsoon. Cattle crossing and rodent holes across the marginal bund should be specially watched and deficiencies made good. 813 Closure Bunds Sometimes it may be necessary to entirely block one or more channels of the river in order to prevent the discharge of such channels developing into a main river channel after the construction of the bridge. This is done by providing a closure bund. The bund is d,False,False,True
IR_IRBM_2024,Indian_Railway_Bridge_Manual_2024.pdf,INSPECTION_STANDARD,128,INSPECTION_STANDARD_ONLY,BRIDGE; MINOR BRIDGE; RUB,CONDITION; GOOD,SCOUR,FOUNDATION; ABUTMENT,,,,,,RIVER TRAINING AND PROTECTION WORKS 106 Indian Railway Bridge Manual 816 Sausage Crates These are crated boulder of circular cross section of diameter varying from 600 mm to 900 mm. They are usually very good for protecting slope of an embankment. 817 Protection of Approach Banks (1) Approach banks of b ridges may be subjected to severe attack under the following conditions: i) When the HFL at the bridge is very high and there is spill beyond the normal flow channel. ii) When the stream meets a main river just downs tream of the bridge. iii) In the case of bridges with insuf ficient water way. iv) The wave action on the approach bank of bridges situated in a lake/large tank bed may have a de,False,False,True
IR_IRBM_2024,Indian_Railway_Bridge_Manual_2024.pdf,INSPECTION_STANDARD,130,INSPECTION_STANDARD_ONLY,BRIDGE,CONDITION; DEFECT,,FOUNDATION; GIRDER,INSPECTION; INSPECTED,REPAIR; REPAIRS; MAINTENANCE,,,,"FABRICATION, ERECTION, INSPECTION AND MAINTENANCE OF OTHER STEEL STRUCTURES 108 Indian Railway Bridge Manual CHAPTER IX FABRICATION, ERECTION, INSPECTION AND MAINTENANCE OF OTHER STEEL STRUCTURES 901 Inspection by Bridg e Inspector (1) When specifically ordered by the chief Engineer / Chief Bridge Engineer the Bridge Inspector should inspect the steel works in the Loco shed and workshop structures and any other light steel structures at such frequency as decided by the Chief Bridge Engineer. (2) Inspection Register: The Bridge Inspector shall record the results in the Structural Steel Inspection Register to be maintained in manuscript form (Annexure 9/1) and submit the same by the prescribed",False,False,True
IR_IRBM_2024,Indian_Railway_Bridge_Manual_2024.pdf,INSPECTION_STANDARD,131,INSPECTION_STANDARD_ONLY,BRIDGE,CONDITION,,GIRDER,INSPECTION; INSPECTED,MAINTENANCE,,,,"FABRICATION, ERECTION, INSPECTION AND MAINTENANCE OF OTHER STEEL STRUCTURES 109 Indian Railway Bridge Manual 902 Joint inspection of Structures in Workshops The condition of gantry track, gantry girder and alignment of gantry track for overhead and jib cranes moving on rails should be jointly inspected by the Bridge Inspector and the Foreman/Crane Inspector as the case may be.",False,False,True
IR_IRBM_2024,Indian_Railway_Bridge_Manual_2024.pdf,INSPECTION_STANDARD,132,INSPECTION_STANDARD_ONLY,BRIDGE,CONDITION; DEFECT,,,INSPECTION; INSPECTED,REPAIR; REPAIRS; MAINTENANCE,,,,"INSPECTION AND MAINTENANCE OF TUNNELS AND DEEP CUTTINGS 110 Indian Railway Bridge Manual CHAPTER X INSPECTION AND MAINTENANCE OF TUNNELS AND DEEP CUTTINGS PART A TUNNELS 1001 Inspection by Engin eering Inspectors The Permanent way Inspector shall inspect every tunnel on his section once a year during the prescribed month after the monsoon season but where specified by the Chief Engineer, the structural part shall be inspected by the Works Inspector. 1002 Items to be covered in the Inspection The inspection shall cover:- a) T unnel approaches and cuttings b) Portals at either end c) T unnel walls, lining and roofing (lined and unlined) d) Drainage e) Refuges f) V entilation shafts / Adits g) ",False,False,True
IR_IRBM_2024,Indian_Railway_Bridge_Manual_2024.pdf,INSPECTION_STANDARD,133,INSPECTION_STANDARD_ONLY,BRIDGE,CONDITION,,,INSPECTION; INSPECTED,REPAIR; REPAIRS; MAINTENANCE,,,,"INSPECTION AND MAINTENANCE OF TUNNELS AND DEEP CUTTINGS 111 Indian Railway Bridge Manual 1004 Inspection by Assistant Engineer (1) The Assistant Engineer shall inspect every tunnel on the sub division once a year before the monsoon during the prescribed months and record the results in ink in the tunnel inspection register, Form Annexure 10/ 1. (2) The tunnels, the condition of which warrant special attention should be inspected more frequently . (3) The instructions and index as Annexure 10 /1 should be prefixed to each tunnel inspection register. Two or three sheets should be allotted for each tunnel so that a register may contain record of inspection over 10 to 15 years. The register shou",False,False,True
IR_IRBM_2024,Indian_Railway_Bridge_Manual_2024.pdf,INSPECTION_STANDARD,134,INSPECTION_STANDARD_ONLY,BRIDGE,CONDITION; GOOD; SATISFACTORY,CRACK; CORROSION,,INSPECTION; INSPECTED,REPAIR; MAINTENANCE,,,,"INSPECTION AND MAINTENANCE OF TUNNELS AND DEEP CUTTINGS 112 Indian Railway Bridge Manual inspection of these cuttings should be carried out as detailed in Paras 1010 to 1012 later in this Chapter. (2) Portals at either end: During inspection it should be checked as to whether there are any signs of slips in the slopes above the portals; whether the masonry is in any way cracked, shaken or bulging and signs of movement are apparent. ""Catch-water drains above the portals should drain away and not be allowed to percolate into the tunnel or behind the portal masonry. T rees leaning or hanging on the slopes above the portals should be cut and cleared. Loose boulders, if any should be removed. (3)",False,False,True
IR_IRBM_2024,Indian_Railway_Bridge_Manual_2024.pdf,INSPECTION_STANDARD,135,INSPECTION_STANDARD_ONLY,BRIDGE,,,,INSPECTION,MAINTENANCE,,,,"INSPECTION AND MAINTENANCE OF TUNNELS AND DEEP CUTTINGS 113 Indian Railway Bridge Manual 1007B V entilation of Tunnels i) General: V entilation of tunnel is one of the important aspect related to passenger and crew comfort during passage of train inside the tunnel. It is also important for workmen working inside the tunnel from their health point of view. Movement of trains inside tunnel, transforms its environmental features. Some of the pollutant gases emitted from locomotives, may be potential hazards to the health, physiological and psychological comfort of human being. For safe operation, it is necessary that these hazardous features especially gases emitted from locomotives, should not",False,False,True
IR_IRBM_2024,Indian_Railway_Bridge_Manual_2024.pdf,INSPECTION_STANDARD,136,INSPECTION_STANDARD_ONLY,BRIDGE,,,,INSPECTION,MAINTENANCE,,,,INSPECTION AND MAINTENANCE OF TUNNELS AND DEEP CUTTINGS 114 Indian Railway Bridge Manual system. Maximum temperature of air inside tunnel needs to be limited to 50 0C considering passengers and workmen comfort. TABLE 10.01 THRESHOLD LEVELS FOR POLLUTANTS INSIDE TUNNELS Pollutant Gas 8 hours exposure values 15 minutes exposure values* CO 50 ppm 400 ppm NO 25 ppm 35 ppm NO2 5 ppm 5 ppm CO2 5000 ppm 18000 ppm SO2 5 ppm 5 ppm * These values are from the consideration of passengers comfort and shall depend upon the length of the tunnel and speed of the train. iv) T ypes of Ventilation Systems: The ventilation in a tu nnel can be achieved by:- a) Natural V entilation : When a train traverses insid,False,False,True
IR_IRBM_2024,Indian_Railway_Bridge_Manual_2024.pdf,INSPECTION_STANDARD,137,INSPECTION_STANDARD_ONLY,BRIDGE; ROB,,CRACK; LEAKAGE,,INSPECTION,MAINTENANCE,,,,INSPECTION AND MAINTENANCE OF TUNNELS AND DEEP CUTTINGS 115 Indian Railway Bridge Manual (ii) The amount of air flow and type of ventilation arrangements required depend upon the level of concentration of pollutants and maximum temperature likely to be attained inside tunnel due to movement of trains. Level of concentration of pollutants and maximum temperature likely to be attained inside tunnel depends upon the following factors: i) Type of locos. ii) Gradient inside tunnel iii) Length of train iv) Speed of the train v) Time interval between two trains vi) Ambient temperature vii) Length of tunnel viii) Cross section of tunnel ix) Direction of prevailling winds etc. (iii) As large no. of f,False,False,True
IR_IRBM_2024,Indian_Railway_Bridge_Manual_2024.pdf,INSPECTION_STANDARD,138,INSPECTION_STANDARD_ONLY,BRIDGE,POOR,CRACK,,INSPECTION; INSPECTED,MAINTENANCE,,,,"INSPECTION AND MAINTENANCE OF TUNNELS AND DEEP CUTTINGS 116 Indian Railway Bridge Manual and drains should be made. Holes should be drilled through the tunnel lining at the wet areas to tap the water. 2.2 The holes should be drilled as near the drain level as possible, depending on the height of the seepage points and spaced at suitable intervals. 2.3 Construction joints or cracks where seepage is light may be sealed by chipping the crack in the form of a ""V"" and caulking with lead wool and by guniting. 2.4 Where seepage in joints or cracks is too great to seal or a definite leak occurs, water should be carried in recessed drain to the side drain level. A series of holes should be drilled in",False,False,True
IR_IRBM_2024,Indian_Railway_Bridge_Manual_2024.pdf,INSPECTION_STANDARD,139,INSPECTION_STANDARD_ONLY,BRIDGE,CONDITION; GOOD,CRACK,,INSPECTION; INSPECTED,MAINTENANCE,,,,"INSPECTION AND MAINTENANCE OF TUNNELS AND DEEP CUTTINGS 117 Indian Railway Bridge Manual engine or other means the cuttings and allied works as frequently as possible. 1012 Vulnerable Cuttings- Identification and Special Precautions (1) Divisional Engineer/Sr. Divisional Engineer should review and identify the vulnerable cuttings in his jurisdiction at least once in every three years. If required, an experienced geologist from reputed institute/organization may be associated for joint inspection. (2) Vulnerability of cuttings is to be established after careful evaluation of risk potential that the cuttings pose to traffic and workmen from critical study of relevant factors. (Refer: RDSO Guid",False,False,True
IR_IRBM_2024,Indian_Railway_Bridge_Manual_2024.pdf,INSPECTION_STANDARD,140,INSPECTION_STANDARD_ONLY,BRIDGE,CONDITION; DISTRESS,CORROSION,,INSPECTION; INSPECTED,STRENGTHENING; MAINTENANCE,KM.,,,"INSPECTION AND MAINTENANCE OF TUNNELS AND DEEP CUTTINGS 118 Indian Railway Bridge Manual v) The condition of pitching on the slopes, if any. vi) The condition of retaining walls, weep holes and other protection/strengthening measures. Instructions as given in Para 1014 and 1015 shall be followed for inspection of Boulder nets and Rock Bolts respectively. vii) Availability and condition of warning systems / boards and trolley refuges. 1014 Inspection of Boulder Nets Provided in Cuttings: (1) Boulder nets, joints, fixtures and other accessories should be inspected for signs of corrosion. (2) PVC coating on the boulder nets should be inspected to detect any loss that might have taken place. (3)",False,False,True
IR_IRBM_2024,Indian_Railway_Bridge_Manual_2024.pdf,INSPECTION_STANDARD,141,INSPECTION_STANDARD_ONLY,BRIDGE; RUB,CONDITION; GOOD,EROSION; SETTLEMENT,,INSPECTION,REPAIR; STRENGTHENING; MAINTENANCE,,,,"INSPECTION AND MAINTENANCE OF TUNNELS AND DEEP CUTTINGS 119 Indian Railway Bridge Manual (3) The following equipments should be kept at the Headquarters of each SSE/JE in whose section such vulnerable cuttings exist: i) Adequate capacity Jacks in good working condition ii) Jumping steel bars 1""dia and 5' long, iii) Charging rods and iv) Suitable stock of explosives, fuses and detonators at specified places. (4) In case of report of boulder fall at any location, immediate action should be taken to loose-scale the cutting covering a length of about 50 meter on either side of the location. Till such time the loose scaling is completed, the location should be treated as ""VULNERABLE"". 1017 Action",False,False,True
IR_IRBM_2024,Indian_Railway_Bridge_Manual_2024.pdf,INSPECTION_STANDARD,142,INSPECTION_STANDARD_ONLY,BRIDGE,CONDITION; DEFECT,,FOUNDATION; BEARING; BEARINGS; SUPERSTRUCTURE; SUBSTRUCTURE; GIRDER; SLAB,INSPECTION,REPAIR; REPAIRS; MAINTENANCE,,,,"INSPECTION OF BRIDGES 120 Indian Railway Bridge Manual CHAPTER XI INSPECTION OF BRIDGES 1101 By Permanent Way And Works Inspectors (1) Details of inspection : Different Railways follow different practices in regard to the responsibility of annual inspection and maintenance of bridges. The inspection of the items in Para (a) below should be carried out by Inspector of Works or P. Way Inspector as per the practice or as approved by the Chief Engineer of the Railway. a) By Way/Works Inspectors : Once a year during the prescribed months prior to the monsoon season, the Inspector shall inspect every bridge including road under/ over bridges in his section. The inspection shall cover the following",False,False,True
IR_IRBM_2024,Indian_Railway_Bridge_Manual_2024.pdf,INSPECTION_STANDARD,143,INSPECTION_STANDARD_ONLY,BRIDGE,CONDITION; DEFECT,,BEARING; BEARINGS; SUPERSTRUCTURE; GIRDER,INSPECTION; INSPECTED; BRIDGE INSPECTION REGISTER,REPAIR; REPAIRS,,,,"INSPECTION OF BRIDGES 121 Indian Railway Bridge Manual 1102 By Bridge Inspectors (1) Details of inspections : The Bridge Inspector shall inspect in detail: a) The steel work and bearings of all girders 12.2 m clear span and above including that of road under/over bridges once in five years, about 20% of the inspection being carried out every year. b) Welded girders once in three years, the initial inspection being carried out one year after installation. c) Superstructure of all prestressed concrete bridges, composite girder bridges once in five years, the initial inspection being carried out one year after installation. d) Girders which are overstressed and kept under observation at least o",False,False,True
IR_IRBM_2024,Indian_Railway_Bridge_Manual_2024.pdf,INSPECTION_STANDARD,144,INSPECTION_STANDARD_ONLY,BRIDGE; MAJOR BRIDGE; MINOR BRIDGE; ROB,CONDITION,CORROSION,FOUNDATION; BEARING; BEARINGS; GIRDER,INSPECTION; BRIDGE INSPECTION REGISTER,MAINTENANCE,,AP_BR_OSM_W1436655262,old bridge,"INSPECTION OF BRIDGES 122 Indian Railway Bridge Manual work, the general condition of the girders and bearings should be examined paying special attention to places liable to corrosion and stress concentration (in welded girders) and the condition of paint. e) Scaffoldings or cradles as may be required for the purpose of detailed inspection should be arranged. (2) Bridge Inspection Register : The Assistant Engineer should record the results of his inspection in ink in the Bridge Inspection Register, separate registers being maintained for major and minor bridges. For each one of the important bridges and river training works there to be specified by the Chief Engineer, a separate Bridge Insp",False,False,True
IR_IRBM_2024,Indian_Railway_Bridge_Manual_2024.pdf,INSPECTION_STANDARD,145,INSPECTION_STANDARD_ONLY,BRIDGE,CONDITION; CONDITION RATING; DETERIORATION; DEFECT,CRACK,FOUNDATION; BEARING; BEARINGS; SUPERSTRUCTURE; SUBSTRUCTURE; GIRDER; SLAB,INSPECTION; NRS; NUMERICAL RATING SYSTEM; CRN; CONDITION RATING NUMBER,REPAIR; REPAIRS; REHABILITATION; STRENGTHENING; MAINTENANCE,,,,"INSPECTION OF BRIDGES 123 Indian Railway Bridge Manual a) Under each heading entry should state clearly whether the previous year's notes have been attended to. b) Entries in the column ""Condition of the bridge at the time of inspection"" should be in the nature of statements. A defect once mentioned should not be omitted in future years unless it has been eliminated by rebuilding or strengthening or repairs, in which case a note should be made to that effect. In addition, details as described in Para 1103 relating to Numerical Rating System, should be recorded in the relevant columns in the register. c) In the column ""Action taken"" the remarks should be in the form that orders have been issu",False,False,True
IR_IRBM_2024,Indian_Railway_Bridge_Manual_2024.pdf,INSPECTION_STANDARD,146,INSPECTION_STANDARD_ONLY,BRIDGE; MAJOR BRIDGE; MINOR BRIDGE; ROAD OVER BRIDGE,CONDITION; CONDITION RATING; DEFECT,CRACK,FOUNDATION; PIER; PIERS; ABUTMENT; BEARING; BEARINGS; SUPERSTRUCTURE; SUBSTRUCTURE,INSPECTION; INSPECTED; CRN; CONDITION RATING NUMBER; ORN; OVERALL RATING NUMBER,REPAIR; REPAIRS; REHABILITATION; MAINTENANCE,,,,"INSPECTION OF BRIDGES 124 Indian Railway Bridge Manual 5 A sound condition 6 Not applicable 0 Not inspected d) When any component in a bridge is more than one in number CRN is assigned to each of them and the lowest value used. For example, if a bridge has five piers and two abutments, and these are given the CRN of 5,4,3,2,5,5,4 then the CRN for the substructure component of the bridge would be minimum of the above, i.e. 2. e) If in any bridge, one or more components do not exist, the CRN for such components shall be shown as 6. f) From the CRNs for different components of a bridge, an overall Rating Number (ORN) for the bridge as a whole is then given. The ORN is the lowest of the seven CR",False,False,True
IR_IRBM_2024,Indian_Railway_Bridge_Manual_2024.pdf,INSPECTION_STANDARD,147,INSPECTION_STANDARD_ONLY,BRIDGE,DEFECT,,,INSPECTION; INSPECTED; BRIDGE INSPECTION REGISTER; CRN; ORN,REHABILITATION,Bridge No......; Bridge No.........,,,"INSPECTION OF BRIDGES 125 Indian Railway Bridge Manual inspected by the Assistant Engineer at the earliest. (8) Certificate by the Assistant Engineer a) On completion of his annual bridge inspection, the Assistant Engineer shall certify at the end of the register as follows : ""I have personally inspected all the bridges shown in this register during the year ending December .... and have issued detailed orders in writing to the Inspectors concerned, except the following. Bridge No...... are referred to for further orders. Bridge No......... have one or more CRN as 0 during more than one consecutive inspections"". All registers should be sent to the Divisional Engineer by a specified date. The",False,False,True
IR_IRBM_2024,Indian_Railway_Bridge_Manual_2024.pdf,INSPECTION_STANDARD,148,INSPECTION_STANDARD_ONLY,BRIDGE; MINOR BRIDGE,DEFECT,,GIRDER,INSPECTION; ORN,MAINTENANCE,,AP_BR_OSM_W487371413,Bridge 1,"INSPECTION OF BRIDGES 126 Indian Railway Bridge Manual by a specified date. All the registers of major and important bridges sent by divisions should be examined by CBE. The minor bridge registers sent by a division may be examined by a SAG officer in Headquarters nominated by PCE for this purpose. Chief Bridge Engineer/ Nominated SAG officer in Headquarters will issue orders regarding matters referred to them duly endorsing the registers to the effect. However, observations of inspecting officers in respect of minor bridges which have been assigned ORN as 1, 2 or 3 and cases where bridge matters are referred by DEN/Sr. DEN to Headquarters should also be seen by CBE after examination by nomi",False,False,True
IR_IRBM_2024,Indian_Railway_Bridge_Manual_2024.pdf,INSPECTION_STANDARD,149,INSPECTION_STANDARD_ONLY,BRIDGE,CONDITION; DETERIORATION,CRACK; LEACHING; SCOUR; SETTLEMENT,FOUNDATION; PIER; PIERS; ABUTMENT; SUBSTRUCTURE,INSPECTION; INSPECTED; BRIDGE INSPECTION REGISTER,,,,,"INSPECTION OF BRIDGES 127 Indian Railway Bridge Manual DETAILS OF BRIDGE INSPECTIONS 1107 Details of Bridge Inspections The Detailed Inspection Of A Bridge Includes Examination of (1) Flooring and foundations : a) To ascertain whether : i) scour has taken place particularly around the piers and near abutments and also along curtain walls and down stream of drop walls, ii) there is any settlement or undermining of the foundations. b) The conditions of the flooring, drop walls, curtain walls, apron and pitching should be examined. c) At specified bridges soundings should be taken during floods vide instructions contained in Para 711.1 and annual survey of scour holes vide Para 712.2. (2) Mason",False,False,True
IR_IRBM_2024,Indian_Railway_Bridge_Manual_2024.pdf,INSPECTION_STANDARD,150,INSPECTION_STANDARD_ONLY,BRIDGE,CONDITION; SATISFACTORY,CRACK; SETTLEMENT; DEFORMATION,PIER; PIERS; ABUTMENT; BEARING; BEARINGS; GIRDER,INSPECTION; INSPECTED,,,,,"INSPECTION OF BRIDGES 128 Indian Railway Bridge Manual viii) loosening of key stone and voussoirs of arch, ix) adequacy of cushion, x) adequacy of weep holes and drainage, xi) presence of cracks in parapet wall/leaning of parapet wall. (3) Protective works and water ways: a) To ascertain whether : i) the protective works such as pitching, toe wall, flooring, drop/ curtain walls, guide bunds, launching aprons, spurs/groynes, approach banks, marginal bunds, are in sound condition and adequate, ii) the waterway is adequate and clear of obstruction, iii) the pitching reserves as per schedule are available and are adequate. b) The marginal embankments maintained by the State Governments should be",False,False,True
IR_IRBM_2024,Indian_Railway_Bridge_Manual_2024.pdf,INSPECTION_STANDARD,151,INSPECTION_STANDARD_ONLY,BRIDGE; ROB,DAMAGED,CORROSION; RUST,BEARING; BEARINGS; GIRDER,INSPECTION; INSPECTED; ORN,REPAIR; REPAIRS,,,,"INSPECTION OF BRIDGES 129 Indian Railway Bridge Manual iii) high incidence of loose rivets. c) The following girder members should be examined for distortion: i) bottom chord members especially the unbraced sections near the ends of the span, ii) top chord members with insufficient restraint by bracings, iii) diagonal web members and tension members made up of flats, iv) top flanges of plate girders. d) (i) To ascertain tightness of rivets by a sample test, the rivets are to be tested as per the procedure outlined in Annexure 11/12. Rust streaks close to rivets usually denote looseness, ii) In the case of plate girders, loose and distorted rivets should be looked for at the connections of th",False,False,True
IR_IRBM_2024,Indian_Railway_Bridge_Manual_2024.pdf,INSPECTION_STANDARD,152,INSPECTION_STANDARD_ONLY,BRIDGE,CONDITION; SATISFACTORY; DEFECT,CRACK; CORROSION; RUST,BEARING; BEARINGS; DECK; GIRDER; SLAB,INSPECTION; INSPECTED,REPAIR; REHABILITATION; REPLACEMENT,,AP_BR_OSM_W1188218518,Foot Over Bridge,"INSPECTION OF BRIDGES 130 Indian Railway Bridge Manual g) In case of composite girders the junction between concrete slab and steel girder shall be inspected for: i) shear connector and girder connections, ii) any vertical separation between girder and slab and also the critical locations mentioned in sub-para 5(f) as applicable to the composite girder. h) In the case of overstressed girders, the joints where the stresses in rivets in shear and bearing as per stress sheets are higher than the permissible working stresses should be examined. (5) (i) In case of girders having High Strength Friction Grip (HSFG) Bolts: i) Inspection : The inspection of HSFG bolts shall be done visually for broke",False,False,True
IR_IRBM_2024,Indian_Railway_Bridge_Manual_2024.pdf,INSPECTION_STANDARD,153,INSPECTION_STANDARD_ONLY,BRIDGE,CONDITION; GOOD; DEFECT,CRACK; RUST,ABUTMENT; GIRDER; EXPANSION JOINT,INSPECTION,,,,,"INSPECTION OF BRIDGES 131 Indian Railway Bridge Manual ii) joints where heavy shear is transmitted, iii) badly corroded members, iv) bent plates, if shaped at an inadequate and low temperature and subjected to heavy and repeated dynamic loads. d) Steel work in wrought iron or manufactured before 1905 (i.e. early steel) requires greater attention in regard to the existence of cracks. e) Once cracks are detected, their likely cause should be investigated. If the investigations indicate certain deficiencies, girders of the same design and vintage must be closely examined at corresponding locations. (7) Track on the bridge approaches : The following points should be kept in mind while inspecting",False,False,True
IR_IRBM_2024,Indian_Railway_Bridge_Manual_2024.pdf,INSPECTION_STANDARD,154,INSPECTION_STANDARD_ONLY,BRIDGE,CONDITION; GOOD,,FOUNDATION; PIER; ABUTMENT; GIRDER,INSPECTION; BRIDGE INSPECTION REGISTER,,Bridge Number Tablets,,,"INSPECTION OF BRIDGES 132 Indian Railway Bridge Manual g) Track on approaches : The following points need attention, while inspecting the approaches of the bridge: i) track geometry on the approaches should be maintained to the best possible standards, ii) rail joints should be avoided within three metres of a bridge abutment, iii) the condition of the ballast wall should be checked, iv) full sections of ballast should be maintained for atleast 50 metres on the approaches. This portion of the track should be well anchored. h) Rail Joints: It should be checked weather any rail joint is existing on girder bridges of 6.1m span and less and on arch bridges having insufficient cushion. (8) Trolle",False,False,True
IR_IRBM_2024,Indian_Railway_Bridge_Manual_2024.pdf,INSPECTION_STANDARD,155,INSPECTION_STANDARD_ONLY,BRIDGE; ROAD OVER BRIDGE; ROB,CONDITION; SATISFACTORY; DETERIORATION,SPALLING; SCOUR,PIER; PIERS; ABUTMENT; DECK; GIRDER; SLAB; EXPANSION JOINT,INSPECTION; INSPECTED,,,,,"INSPECTION OF BRIDGES 133 Indian Railway Bridge Manual (11) Flood records at important bridges. a) It should be ensured that the following flood records are maintained as detailed in Para 710 and as specified for each bridge. i) soundings around piers and abutments during and after high floods' ii) gauge readings of flood level during monsoon, iii) observations of afflux and velocity during monsoon' iv) cross sections of river during and after floods, v) survey of the river course after monsoon, vi) cross section of guide banks/protection works and aprons, vii) annual survey of scour holes. b) It should be checked whether River and Flood Registers are being maintained for large alluvial and ",False,False,True
IR_IRBM_2024,Indian_Railway_Bridge_Manual_2024.pdf,INSPECTION_STANDARD,156,INSPECTION_STANDARD_ONLY,BRIDGE; ROAD UNDER BRIDGE; ROB,CONDITION; DETERIORATION,CRACK; CRACKING; SPALLING; CORROSION; RUST,BEARING; BEARINGS; DECK; GIRDER; SLAB,INSPECTION,,,,,"INSPECTION OF BRIDGES 134 Indian Railway Bridge Manual (x) To check up whether height gauges are provided as per drawings approved by Railway/RDSO in approaches of ROB Structures (Steel/RCC/PSC etc.) having top tie members. b) Road under bridges: i) to check up whether height gauges are provided, ii) to check up whether the bottom of girders have been covered by suitable and approved means to prevent droppings, falling from passing trains on road users. (15) Concrete Bridges : a) The condition of bed blocks and bearings, wherever provided should be checked, items of inspection being the same as for steel girders. b) The camber of prestressed concrete girder should be checked by BRI within on",False,False,True
IR_IRBM_2024,Indian_Railway_Bridge_Manual_2024.pdf,INSPECTION_STANDARD,157,INSPECTION_STANDARD_ONLY,BRIDGE; ROB,CONDITION; POOR; DETERIORATION,CORROSION; SCOUR; LEAKAGE,GIRDER,INSPECTION,RETROFITTING,,,,"INSPECTION OF BRIDGES 135 Indian Railway Bridge Manual h) It should be examined whether there is scaling i.e. the gradual and continuing loss of surface mortar and aggregate over an area. Location, area involved and character of scaling should be recorded. i) In case of PSC girders, measurement of loss of deflection should be done. Deflection measurement should be at centre upto 20m span and at centre & quarter points for spans more than 20m. Deflection measurements would be entered in column 8 of Annexure 11/9. j) It should be checked whether there are signs of disintegration of concrete due to poor workmanship, weathering action, attack by chemicals, etc. k) Seepage, leakage and effloresce",False,False,True
IR_IRBM_2024,Indian_Railway_Bridge_Manual_2024.pdf,INSPECTION_STANDARD,158,INSPECTION_STANDARD_ONLY,BRIDGE,,,,,MAINTENANCE,,,,"PLANT AND MACHINERY OF THE ENGINEERING DEPARTMENT 136 Indian Railway Bridge Manual CHAPTER XII PLANT AND MACHINERY OF THE ENGINEERING DEPARTMENT 1201 Control of plant and Machinery (1) All plant and machinery belonging to the Engineering Department should be placed under the charge of a nominated official who will be responsible for their accountal, upkeep and optimum utilisation. (2) For this purpose, plant and machinery may be divided into groups and the controlling officials nominated as under : Group Controlling officials a) b) c) d) Engineering plant Reserve Plant and machinery other than Engineering plant Reserve used for normal maintenance purpose. Plant and machinery obtained against",False,False,True
IR_IRBM_2024,Indian_Railway_Bridge_Manual_2024.pdf,INSPECTION_STANDARD,159,INSPECTION_STANDARD_ONLY,BRIDGE,,,GIRDER,,MAINTENANCE,,,,"PLANT AND MACHINERY OF THE ENGINEERING DEPARTMENT 137 Indian Railway Bridge Manual acetylene. ii) Heavy plant Air receivers Blocks pulley differential Boilers of all types Crab Cranes steam or diesel upto 5 tonne Dredgers Gantries for girder erection Jacks, screw and hydraulic type, Jolly boats Lathes of all description Machines drilling, grinding, planing, sawing and shaping plant boring pumps and pumping plant of all description pile driving sets, stone crusher, sling chains certified, shakles tested and certified, winches and Hoists, iii) Special plant a) Cranes steam or diesel above 5 tonne, service girders (spans) and steel work such as CC crib, trestles etc. for emergencies. b) Enginee",False,False,True
IR_IRBM_2024,Indian_Railway_Bridge_Manual_2024.pdf,INSPECTION_STANDARD,160,INSPECTION_STANDARD_ONLY,BRIDGE,CONDITION; GOOD,,,,REPAIR; REPAIRS,,,,"PLANT AND MACHINERY OF THE ENGINEERING DEPARTMENT 138 Indian Railway Bridge Manual These accounts should be reviewed periodically with a view to ensure that items are returned without unnecessary delay and in good condition. This applies also to plant and machinery sent out for repairs. On completion of works, a review should be made of the available plant and machinery and action taken as indicated in Para 1205. 1205 T ransfer of Plant and Machinery on Completion of Work (1) T ransfer to other works: If a plant released form a work is in good condition and fit for further use without any overhaul or repairs, it may be transferred directly from one work to another on which it may be required",False,False,True
IR_IRBM_2024,Indian_Railway_Bridge_Manual_2024.pdf,INSPECTION_STANDARD,161,INSPECTION_STANDARD_ONLY,BRIDGE; ROB,CONDITION,,,INSPECTION,REPAIR; REPAIRS; MAINTENANCE,,,,"PLANT AND MACHINERY OF THE ENGINEERING DEPARTMENT 139 Indian Railway Bridge Manual i) Light plant 16% per annum ii) Heavy plant 10% "" iii) Special plant 6% "" Charges for repair and overhaul of plant shall be debited to the work or works on which the plant is used. Special plant or obtained for some special work which is not likely to be required in the near further but may be required in future for some other special work should be valued as per Para 1603 S which is extracted below for ready reference: ""General criterion for valuation - The valuation of material returned from works, particularly of specialised material is difficult problem. Engineers and other parties returning stores and pl",False,False,True
IR_IRBM_2024,Indian_Railway_Bridge_Manual_2024.pdf,INSPECTION_STANDARD,162,INSPECTION_STANDARD_ONLY,BRIDGE,CONDITION,,,INSPECTION,REPAIR; REPAIRS; REPLACEMENT; MAINTENANCE,,,,"PLANT AND MACHINERY OF THE ENGINEERING DEPARTMENT 140 Indian Railway Bridge Manual Depot Foreman. c) While working at site, requisitions for spare parts for plant, irrespective of cost, in the event of such parts needing replacement may be forwarded directly by the Inspector in charge to the Depot Foreman for compliance. In the event of failures, the officials at site may send pneumatic or small hand tools direct to the plant Depot for exchange along with Issue Notes for the items being returned and requisitions for the items required. d) In the event of an emergency such as an accident or breach, the Depot Foreman of the Engineering Reserve plant Depot shall supply plant and staff as requir",False,False,True
IR_IRBM_2024,Indian_Railway_Bridge_Manual_2024.pdf,INSPECTION_STANDARD,163,INSPECTION_STANDARD_ONLY,BRIDGE,,,,,REPAIR; REPAIRS; REPLACEMENT; MAINTENANCE,,,,"PLANT AND MACHINERY OF THE ENGINEERING DEPARTMENT 141 Indian Railway Bridge Manual should be prepared for each Division or Department separately by the Depot Foreman and sent to the Accounts Department within the first week of the following month, a copy being endorsed to the Engineering Accounts Section. 1213 Maintenance of Log Book for Plant (1) Issue of log books by plant Depot - Such plant as concrete mixers, portable oil engines, steam or diesel road rollers etc. should be issued by the plant Depot with a log book which should accompany the plant whenever it is transferred. In addition to the log book, a history sheet of each plant shall be maintained in the Depot Foremen's office. Esse",False,False,True
IR_IRBM_2024,Indian_Railway_Bridge_Manual_2024.pdf,INSPECTION_STANDARD,164,INSPECTION_STANDARD_ONLY,BRIDGE,CONDITION; DEFECT,,,ORN,REPAIR; REPAIRS; REPLACEMENT; MAINTENANCE,,,,"PLANT AND MACHINERY OF THE ENGINEERING DEPARTMENT 142 Indian Railway Bridge Manual The official in charge should bring to the notice of the Depot Foreman and the Divisional Engineer any excessive consumption of fuel or lubricating oil and any defects in the running of the plant. 1214 Log Book For motor trolleys and motor vehicles separate log books in a suitable form should be maintained by the Engineer in charge. Normal consumption should be shown in terms of kilometres per litre. The Kilometres run should be recorded instead of hours run, the fuel consumption being shown against the kilometreage, the aggregate kilometreage run being indicated after each run. 1215 Hiring Out of Engineering ",False,False,True
IR_IRBM_2024,Indian_Railway_Bridge_Manual_2024.pdf,INSPECTION_STANDARD,165,INSPECTION_STANDARD_ONLY,BRIDGE,CONDITION,,,INSPECTION,REPAIR; REPAIRS,,,,"PLANT AND MACHINERY OF THE ENGINEERING DEPARTMENT 143 Indian Railway Bridge Manual Stores in consultation with the Chief Engineer, after consideration of the original value of the plant, the time which it has been in use and its condition at the time of return, as also the current purchase price of new plant. In all cases of ""Special plant"" purchased for work a kind that is not frequently undertaken, it should be seen that the value at which such plant is taken into the Engineering Plant Reserve is as low as possible consistent with the possible price plant may fetch in the market. The following formula may be used as a guide in all other cases. The value fixed should be entered in all the c",False,False,True
IR_IRBM_2024,Indian_Railway_Bridge_Manual_2024.pdf,INSPECTION_STANDARD,166,INSPECTION_STANDARD_ONLY,BRIDGE,,,,INSPECTION,REPAIR; REPAIRS,,,,"PLANT AND MACHINERY OF THE ENGINEERING DEPARTMENT 144 Indian Railway Bridge Manual until it has been tested at site by hydraulic pressure by the Boiler Inspector and a fresh certificate has been issued. 1218 Laying of Boilers - when a boiler is laid off i) All inspection doors and washout plugs will be removed the boiler thoroughly washed out, all firebars removed and ashes cleaned out and the inside of the fire box and smoke box thoroughly brushed down. The outside of the boiler shall be painted with red lead or coated with boiled oil. ii) The Boiler maker / Chargeman shall examine the boiler as soon as possible after it has been laid off, and arrange for requisite repairs; and thereafter h",False,False,True
IR_IRBM_2024,Indian_Railway_Bridge_Manual_2024.pdf,INSPECTION_STANDARD,167,INSPECTION_STANDARD_ONLY,BRIDGE,,,GIRDER,,MAINTENANCE,,,,"TRAINING FOR BRIDGE STAFF 145 Indian Railway Bridge Manual CHAPTER XIII TRAINING FOR BRIDGE STAFF 1301 Types of Training Courses Bridge staff need to be trained for their jobs both through theoretical class room training and practical work at site using the tools, equipments and machinery. Training is a continuing process right from the time of recruitment. Following four types of training courses should be organised in the Railway Training Institutes. i) Initial courses ii) Promotional courses iii) Refresher courses iv) Special courses Guidance may be taken from the booklet ""Approved Modules for stagewise Training of Group ""C"" and ""D"" staff of Civil Engineering Department'' issued in August",False,False,True
IR_IRBM_2024,Indian_Railway_Bridge_Manual_2024.pdf,INSPECTION_STANDARD,168,INSPECTION_STANDARD_ONLY,BRIDGE,,,BEARING; BEARINGS; GIRDER,INSPECTION; BRIDGE INSPECTION REGISTER,MAINTENANCE,,AP_BR_OSM_W1188218518,Foot Over Bridge,"TRAINING FOR BRIDGE STAFF 146 Indian Railway Bridge Manual content as for Bridge Khalasis detailed in sub-para 2 above. In addition, the course should include topics relevant to the trade for which the Artisan has been recruited. (4) Initial course for Apprentice Bridge Inspectors : a) This course will form a part of total one year training of the Apprentice Bridge Inspector and will be held at the Zonal Training school. This Course will be of two months duration. b) The class room lectures should include : i) General working of the Railways and organisation of various departments, ii) All establishment matters including extant rules and various acts viz. Workmen's Compensation Act, Factorie",False,False,True
IR_IRBM_2024,Indian_Railway_Bridge_Manual_2024.pdf,INSPECTION_STANDARD,169,INSPECTION_STANDARD_ONLY,BRIDGE,,,BEARING; BEARINGS; GIRDER,,MAINTENANCE,,,,"TRAINING FOR BRIDGE STAFF 147 Indian Railway Bridge Manual Microwave towers etc. xx) Office work - Correspondence, recruitment of casual labour, submission of returns, accountal of stores and bridge materials, imprest, tools, plant and machinery, stock verification, classification and disposal of surplus material and MAS account. c) Practical Training : The balance period of ten months will be devoted to field training and shall cover the following: i) Various major construction sites, where steel girder/PSC girder erection is going on, and at sites where large scale rivetting is being done, ii) Workshops or other sites where fabrication of girders, Microwave towers, workshops, roof structur",False,False,True
IR_IRBM_2024,Indian_Railway_Bridge_Manual_2024.pdf,INSPECTION_STANDARD,170,INSPECTION_STANDARD_ONLY,BRIDGE,,,BEARING; BEARINGS; GIRDER,INSPECTION,MAINTENANCE,,,,"TRAINING FOR BRIDGE STAFF 148 Indian Railway Bridge Manual accounting of stores, ii) Bridge and Structure maintenance : Maintenance of steel/PSC/ Composite girders, bearings of all girder bridges, Microwave Towers, workshop and shed structures, other steel structures like platform shelters and flood light towers, iii) Girder erection and erection of Microwave towers including workshop structures, iv) Rivetting, welding & other maintenance techniques, v) Schedule of dimensions, vi) Accidents and breaches, vii) Instructions contained in G and SR pertaining to protection of track and safety meth- ods particularly in electrified areas, and viii) Regirdering of bridges. c) Practical training - Pr",False,False,True
IR_IRBM_2024,Indian_Railway_Bridge_Manual_2024.pdf,INSPECTION_STANDARD,171,INSPECTION_STANDARD_ONLY,BRIDGE,,,BEARING; BEARINGS; GIRDER,INSPECTION,REHABILITATION; MAINTENANCE,,,,"TRAINING FOR BRIDGE STAFF 149 Indian Railway Bridge Manual be dealt with as enumerated under promotional courses but the extent of coverage will be on a limited scale. The duration of the refresher courses shall be three weeks. 1305 Special Courses In addition to the regular courses mentioned above, special courses for the Bridge Inspectors on any of the following subjects should also be arranged periodically to increase a sense of awareness amongst them on these subjects. a) Painting and metallising of girders including oiling and greasing of bearings, b) Fabrication and erection of bridge girders including welding and rivetting techniques, c) Rehabilitation of bridges, d) Inspection of bri",False,False,True
IR_IRBM_2024,Indian_Railway_Bridge_Manual_2024.pdf,INSPECTION_STANDARD,188,INSPECTION_STANDARD_ONLY,BRIDGE; ROB,FAIR,,GIRDER,INSPECTION,,,,,"ANNEXURES 166 Indian Railway Bridge Manual Annexure-2/17 Para-212 A ASSESSMENT OF RESIDUAL FATIGUE LIFE OF OLD STEEL GIRDERS The residual fatigue life assessment shall be carried out systematically as illustrated in Figure-1 and described below. For notations and methods of analysis IRS Steel Bridge Code (Updated) shall be referred. Phase- I Preliminary Evaluation The aim is to remove existing doubts about safety of the structure using fairly simple methods and identify critical parts or members in the structure. This is performed by gathering information on the structure from drawings and design computations, carrying out a site visit, etc. The assessment is carried out by the engineer alon",False,False,True
IR_IRBM_2024,Indian_Railway_Bridge_Manual_2024.pdf,INSPECTION_STANDARD,242,INSPECTION_STANDARD_ONLY,BRIDGE,,,,,REPAIR; REPAIRS,,,,ANNEXURES 220 Indian Railway Bridge Manual Annexure - 7/5 Para - 715 FLOOD REPORTS Sr. No. Between Stations Details of Damages Date of Occurence Date of restoration of braches Method of Repairs Rough cost of Damage Rough cost of restoration Temporary & Permanent Details of Detention to / Cancellation of trains if any 1 2 3 4 5 6 7 8 9 Annexure - 7/6 Para - 716 Rainfall Statement for _____________________ Station Sta- tions Months Total for the Year De- part- ment from Nor- mal January February March April May June July August September October November December 1 2 3 4 5 6 7 8 9 10 11 12 13 14 15,False,False,True
IR_IRBM_2024,Indian_Railway_Bridge_Manual_2024.pdf,INSPECTION_STANDARD,258,INSPECTION_STANDARD_ONLY,BRIDGE,,,,,STRENGTHENING,,,,ANNEXURES 236 Indian Railway Bridge Manual 4. Proposed Remedial / Strengthening Measures Remarks and Signature of inspecting official __________________________,False,False,True
IR_IRBM_2024,Indian_Railway_Bridge_Manual_2024.pdf,INSPECTION_STANDARD,261,INSPECTION_STANDARD_ONLY,BRIDGE,,,BEARING; BEARINGS; GIRDER; EXPANSION JOINT,INSPECTION,,Bridge No. .............................; chainage...............................,,,"ANNEXURES 239 Indian Railway Bridge Manual (ANNEXURE-ll/2a) Para 1102.2 PROFORMA FOR INSPECTION OF PSC BRIDGE I COMPOSITE GIRDERS Bridge No. ............................. chainage............................... Block Section....................... In Section ......................... UP/DN/SL/No. of Multiple Line ................................... Sub Division .................................. Division ................................. Name of Stream / River ............................. Completion Drawing Nos: ............................ (All relevant Completion Drawing of Girder, Bearings & Expansion Joints are to be attached at the beginning of PSC Inspection Register and Inspection of",False,False,True
IR_IRBM_2024,Indian_Railway_Bridge_Manual_2024.pdf,INSPECTION_STANDARD,262,INSPECTION_STANDARD_ONLY,BRIDGE,,CORROSION,FOUNDATION; BEARING; BEARINGS; GIRDER; SLAB,,,,,,"ANNEXURES 240 Indian Railway Bridge Manual (A) GENERAL DETAILS 1. Type of Bridge 2. Details d Spans a) Number of spans b) Clear Spans c) Effective Spans 3. Overall Length of Girders 4. Skew Angle if any 5. GradJent on bridge. if any 6. Curve on bridge, if any 7. Super elevation on bridge a) In rail b) In bed book 8. a) Details d Trad< b) Eccentricity of track w.r.t girders i. End of Girder ii. Centre of Girtter 9. Details Of Bearings alongwith Drawings 10. Detalls of Bed Block 11. Details of Seismic Reshint Arrangement, if any 12. Details of Corrosion Protection Measures taken, if any i. Details of Reinforcement steel Coating if any ii. Details of Structural Steel Coating if Bny iii. Details",False,False,True
IR_IRBM_2024,Indian_Railway_Bridge_Manual_2024.pdf,INSPECTION_STANDARD,263,INSPECTION_STANDARD_ONLY,BRIDGE; ROB; RUB,,,GIRDER; EXPANSION JOINT,,REPAIR; REPAIRS,,,,"ANNEXURES 241 Indian Railway Bridge Manual 16. Details of jacking points of Girders 17. Girder Weight (per Span and total) 18. Original Camber in mm for each type of Span Section Camber L/4 L/2 3L/4 Span Type-I Span Type-II Span Type-III 19. Details of a. Trolley refuges b. Safety refUges c. Foot Path d. Railing e. Sand Bins 20. Permanent / Temporary Speed restriction, if any and reasons of imposition 21. Additions and alterations to original design, if any 22. Year of Construction 23. Expansion Joints/Arrangements 24. Wearing Coat, type and thickness etc 25. Additional details in case of ROB/RUB like Kerb, Crash Barrier etc. 26. History of Bridge Repairs etc.",False,False,True
IR_IRBM_2024,Indian_Railway_Bridge_Manual_2024.pdf,INSPECTION_STANDARD,264,INSPECTION_STANDARD_ONLY,BRIDGE,CONDITION,CRACK; SPALLING; CORROSION; RUST; LEACHING,BEARING; BEARINGS; DECK; GIRDER; SLAB,INSPECTION,,,,,"ANNEXURES 242 Indian Railway Bridge Manual (B) INSPECTION DETAlL$ SPAN No.------------ 1. General Inspection (i.e. Crack, Bulging, Spalling, Disintegration, Scaling, Rust Streak, Crush- ing. Dampness, Leaching, Exposure of Reinforcement etc.). (Suitable Arragement to facilitate proper inspection of all the parts of Girder shall be made/arranged)' (a) For PSC Girder: Date of lnspection Item Deck Sides/Webs Bottom Ends/Anchorage Zones Anchorage Zones of Cross Prestressing if any Inside/Openings if any Diaphragms/Cross Girders Lifting Arrangements Bearings Expansion Arrangement/Joints Seismic Restrainers (b) For Composite Girder : Date of Inspection Item Deck Slab Sign of stagnation of water on",False,False,True
IR_IRBM_2024,Indian_Railway_Bridge_Manual_2024.pdf,INSPECTION_STANDARD,265,INSPECTION_STANDARD_ONLY,BRIDGE,CONDITION; DEFECT,CRACK,PIER; ABUTMENT; BEARING; GIRDER; EXPANSION JOINT,INSPECTION; ORN,,,,,"ANNEXURES 243 Indian Railway Bridge Manual 2. Deflection/Camber Readings (Applicable in case of PSC Girders) Section Item L/4 L/2 3L/4 Date Measured Camber in mm Temperature NOTE: Camber to be measured at the Centre of Girder (L/2) only. However, If the length of girder is more than 20 m, camber to be measured at 3 locations. 3. Condition of Expansion Joints & Expansion Gaps Pier No.____________ Date of Inspection Item i. Cracks if any ii. Bulging of Polymers if any iii. Whether Gap is free and Clear of Dust etc. iv. Any other item as prescribed by Manufacturer 4. Condition of Bearing with Date of Cleaning and Defects, if any Pier/Abutment No.-__________________ Bearing No. _________________",False,False,True
IR_IRBM_2024,Indian_Railway_Bridge_Manual_2024.pdf,INSPECTION_STANDARD,266,INSPECTION_STANDARD_ONLY,BRIDGE,CONDITION; DEFECT,CRACK,PIER; ABUTMENT; BEARING,INSPECTION,,,,,ANNEXURES 244 Indian Railway Bridge Manual xi. Condition of Seals in POTPTFE xii. Bulging out of Elastomer from POT PTFE xiii. Minimum gap between upper & lower parts of POT PTFE to be not less than 5 mm xiv. Whether Entirely supported on Bed Block xv. Cracks in any component of POT-PTFE xvi. Bending of any component of POT PTFE xvii. Longitudinal Displacement w.r.t. mean position xviii. Transverse Displacement w.r.t. mean position xix. Rotation in Longitudinal Direction xx. Rotation in Transverse Direction 5. Condillon of Bed Block and Defects If any Pier / Abutment No. ________________ Bearing No. ____________________ Date of Inspection Item i. Whether Surroundings of Bed block is clean ii,False,False,True
IR_IRBM_2024,Indian_Railway_Bridge_Manual_2024.pdf,INSPECTION_STANDARD,267,INSPECTION_STANDARD_ONLY,BRIDGE,CONDITION; DEFECT,CRACK; SPALLING; CORROSION,,INSPECTION,REPAIR; REPAIRS,,,,"ANNEXURES 245 Indian Railway Bridge Manual v. Type of Coating of Concrete vi. Defects like fading / discoloration/Scaling etc in Concrete Coating if any 7. Condition of Drainage Arrangements & Defects If any Date of Inspection Item Whether Drainage is Clear or Chocked 8. Condition of Seismic Restrainers if any Date of Inspection Item Any Cracks, Spalling etc in Seismic Restrainers 9. Condition of ladders, railings, inspection arrangements etc. Date of Inspection Item i. Signs of Corrosion ii. Condition of Repairs if any iii. Condition of Connections 10. Condition of Cracks & Tell tales if any Date of Inspection Item i. Location ii. Crack Pattern (Sketch to be attached) iii. Crack Width iv. C",False,False,True
IR_IRBM_2024,Indian_Railway_Bridge_Manual_2024.pdf,INSPECTION_STANDARD,268,INSPECTION_STANDARD_ONLY,BRIDGE,CONDITION; DEFECT,,GIRDER,INSPECTION,REPAIR; REPAIRS,,,,ANNEXURES 246 Indian Railway Bridge Manual 11. Gap between Girders Date of lnspection Item i.Gap between Girders ii.Gap at End of Girders 12. Details of experimental and trial observations if any 13. Defects Noted & Actions Taken S.No. Date of Inspection Brief Description of Defect Details of action taken on previous years orders with date and details of repairs Remarks on condition of defect 14. Name and Signature of Inspecting Officials/BRI 15. Remarks of AEN (Bridges) with Name and Signature 16. Orders of XEN (Bridges) with Name and Signature 17. Orders of Dy. CE (Bridges) with Name and Signature 18. Orders of CBE with Name and Signature,False,False,True
IR_IRBM_2024,Indian_Railway_Bridge_Manual_2024.pdf,INSPECTION_STANDARD,269,INSPECTION_STANDARD_ONLY,BRIDGE,CONDITION; DEFECT,CRACK,FOUNDATION,INSPECTION; BRIDGE INSPECTION REGISTER,REPAIR,,,,"ANNEXURES 247 Indian Railway Bridge Manual Annexure 11/3 Para 1103.4 BRIDGE INSPECTION REGISTER 1. Instructions for inspection purpose : Para 1107 of the Indian Railway Bridge Manual may be got printed on the Bridge Inspection Register which details out the instructions for inspection purposes. 2. Instructions for entering the Bridge Register : a) Under each heading entry should state whether the previous year's notes have been attended to. b) Entries in the column ""Condition of bridge at the time of inspection"" should be in the nature of statements. A defect once mentioned should not be omitted in future years unless it has been eliminated by rebuilding or repair in which case a note should",False,False,True
IR_IRBM_2024,Indian_Railway_Bridge_Manual_2024.pdf,INSPECTION_STANDARD,276,INSPECTION_STANDARD_ONLY,BRIDGE,,SCOUR; EROSION,FOUNDATION; PIER; PIERS; ABUTMENT; GIRDER; SLAB,,,,,,ANNEXURES 254 Indian Railway Bridge Manual Annexure 11/8 Para 1103.4 PROFORMA FOR MAJOR AND IMPORTANT BRIDGES 1. General : Division ______________ Sub Division ___________________ Section _______________________ Br. NO _____________________________ Span details ____________________________________ Name of river ________________________ Class of structure _______________________________ Type of girder ________________________ strength of girder _______________________________ Rail level ___________________________ m High flood level _____________________________ m Danger level _________________________ m Bottom of girder/slab or crown of arch _________________________________________________ ,False,False,True
IR_IRBM_2024,Indian_Railway_Bridge_Manual_2024.pdf,INSPECTION_STANDARD,277,INSPECTION_STANDARD_ONLY,BRIDGE,,SCOUR,,,,,,,"ANNEXURES 255 Indian Railway Bridge Manual 5. Description of protection works (wherever provided) Description UP stream Down stream Left Right Left Right Left Right Left Right i) Length of guide bund ii) Crest level of guide bund iii) Crest width iv) Width and depth of apron v) Thickness of pitching vi) Width and depth of nose of guide bunds vii) a) Depth below floor level and distance from the centre line of bridge of curtain wall b) Drop wall Deepest known scour, year and its location 6. In the case of bridges with railway affecting works, the following details may be recorded: i) Tank and its capacity and distance from bridge ii) Dam/weir across river, its designed discharge and distance ",False,False,True
IR_IRBM_2024,Indian_Railway_Bridge_Manual_2024.pdf,INSPECTION_STANDARD,278,INSPECTION_STANDARD_ONLY,BRIDGE,CONDITION; DEFECT,CRACK; SCOUR; SETTLEMENT,FOUNDATION; BEARING; BEARINGS; DECK; SUPERSTRUCTURE; SUBSTRUCTURE; GIRDER; SLAB,INSPECTION,,,,,"ANNEXURES 256 Indian Railway Bridge Manual Annexure 11/9 Para 1103.4 PROFORMA FOR INSPECTION OF MAJOR AND IMPORTANT BRIDGES CONDITION OF THE BRIDGE AT THE TIME OF INSPECTION Date of inspection Foundation and flooring extent of scour and damage Masonry Condition, extent of defect in substructure Protective works and waterway scour, slips or settlements, sanctioned reserve available and whether wateway is clear Bed Blocks Cracks, tendency to move 1 2 3 4 5 Girder Bearings & expansion arrangement Steel work in the case of steel/ composite girder bridge structural condition and stage of painting. PSC/Concrete / Composite girder in superstructure Condition of girders / beams, any cracks or defect",False,False,True
IR_IRBM_2024,Indian_Railway_Bridge_Manual_2024.pdf,INSPECTION_STANDARD,279,INSPECTION_STANDARD_ONLY,BRIDGE; MINOR BRIDGE,,SCOUR,FOUNDATION; ABUTMENT; GIRDER; SLAB,,,,,,"ANNEXURES 257 Indian Railway Bridge Manual Annexure 11/10 Para 1103.4 FOR MINOR BRIDGES Details of the Bridge Minor Bridges: Division ___________ sub division __________ Section ____________ Bridge No __________ Span details, ______________ No. ________ m Name of river if any ______________ Class of structure ____________ Type of girder / slab ___________ Strength of girder / slab __________ Rail level ___________________ m. HFL ___________________ m Danger level _________________ m Bottom of girder/slab ___________ m Abutment ________________ Material of ________________ Strength Construction (With splayed wings) ________________________________________ (With parallel wings) _______________",False,False,True
IR_IRBM_2024,Indian_Railway_Bridge_Manual_2024.pdf,INSPECTION_STANDARD,280,INSPECTION_STANDARD_ONLY,BRIDGE; MINOR BRIDGE,CONDITION,,GIRDER,INSPECTION,,,,,"ANNEXURES 258 Indian Railway Bridge Manual Annexure 11/11 Para 1101.2 & 1103.4 PROFORMA FOR INSPECTION OF MINOR BRIDGES Date of inspection Condition of bridge at the time of inspection Action taken on the previous year's notes Initial of inspecting officer with remarks if any Initials of higher officials with remarks if any 1 2 3 4 5 Annexure 11/12 Para 1107.5 PROCEDURE FOR RIVET TESTING 1. To test whether a rivet is loose, a left hand finger should be placed on one side of the snap head of the rivet and on the other side smartly tapped with a light hammer (110 gm testing hammer). If the rivet is loose, vibrations will be felt by the left hand finger. The snap head should be tapped in two or",False,False,True
IR_IRBM_2024,Indian_Railway_Bridge_Manual_2024.pdf,INSPECTION_STANDARD,281,INSPECTION_STANDARD_ONLY,BRIDGE,,,BEARING; BEARINGS; GIRDER,INSPECTION,,,,,"ANNEXURES 259 Indian Railway Bridge Manual 3. Categorisation of joints for sample testing of rivets a) Plate girders: i) Plate girders under 12.2 m nominal length will not be included in the rivet test programmes. No routine tests need be carried out on such spans but Bridge Inspectors will during their detailed inspections of all steel work, satisfy themselves that the few rivetted connections (particularly in bracings) are in efficient order. ii) Plate girder of 12.2 m and over nominal length will have samples of their rivets taken in the categories detailed as follows: Ref. No. Details of category Remarks F.1 Revets connecting rail bearers over which fish joint occurs, to cross girders. 1",False,False,True
IR_IRBM_2024,Indian_Railway_Bridge_Manual_2024.pdf,INSPECTION_STANDARD,285,INSPECTION_STANDARD_ONLY,BRIDGE; ROB,,CRACK; CORROSION; SCOUR; DEFORMATION,ABUTMENT; GIRDER,INSPECTION,,,,,"ANNEXURES 263 Indian Railway Bridge Manual Annexure 11/15 Para 1109 TOOLS AND EQUIPMENT FOR INSPECTION OF BRIDGE Sl. No. Tool/Equipment Purpose Required For* 1 2 3 4 1. Rivet testing hammer (110g) For testing looseness of rivets A, B, C, D, E 2. Inspection cum chipping hammer For checking hollow pocket/ honeycomb In masonry and concrete stnucture including PSC by tapping and for examining the extent of corrosion, adherence of paint on girders, and for removing loose scales A,B,C 3. Elcometer (coating thickness gauge) For measuring thickness of paint, metalised coating, etc. A or B 4. Pocket steel tape (3m) For measuring gap between girders or between girder and abutment, dimension of steel m",False,False,True
IR_IRBM_2024,Indian_Railway_Bridge_Manual_2024.pdf,INSPECTION_STANDARD,286,INSPECTION_STANDARD_ONLY,BRIDGE,,CRACK; RUST,PIER; ABUTMENT; BEARING; BEARINGS; GIRDER,INSPECTION,MAINTENANCE,,,,"ANNEXURES 264 Indian Railway Bridge Manual 9. Calliper (inside) For measuring the thickness of steel sections, dia. of solid/ A,B,C 10. Calliper (outside) hollow pipes, dia. of rivets/ bolts/holes etc. A,B,C 11. Set of feeler gauges (0.1 to 5mm) For measuring the width of fine cracks and cavity between parts or adjacent components A,B,C 12. Mirror (10 x 15 cm) For inspecting parts in any awkward location by reflection method and to lit objects in dark location by directing Sun rays to facilitate inspection A,B,C 13. Torch light (5 cell) Used alongwith mirror for identification of fine cracks in dark location; for safe passage through tunnels and other dark areas, etc. A,B,C 14. Magnifying gl",False,False,True
IR_IRBM_2024,Indian_Railway_Bridge_Manual_2024.pdf,INSPECTION_STANDARD,287,INSPECTION_STANDARD_ONLY,BRIDGE; VIADUCT,,CRACK; SCOUR,PIER; PIERS; GIRDER,INSPECTION,,,,,"ANNEXURES 265 Indian Railway Bridge Manual 20. Spirit level For checking gauge and cross level of track on bridges or at bridge approaches, for proper setting of girders on bearinqs etc. A 21. Binoculars For inspection of bridge components which are at inaccessible location , tall piers, arches in viaducts, etc. prior to closer examination. D 22. Current meter For measuring velocity of water D,E 23. Echo sounder For measuring depth of water, for assessment of scour E 24. Schmidt's concrete testing hammer For assessing the strength of concrete structure by NDT method D, E 25. Concrete cover meter For assessing the cover available to reinforcement in existing RCC structures by NOT method E 26.",False,False,True
IR_IRBM_2024,Indian_Railway_Bridge_Manual_2024.pdf,INSPECTION_STANDARD,288,INSPECTION_STANDARD_ONLY,BRIDGE,CONDITION,,,,,,,,"ANNEXURES 266 Indian Railway Bridge Manual Annexure- 12/1 Para 1215 FORM OF AGREEMENT FOR HIRE OF PLANT AN AGREEMENT made this _________ day of ____________ 199. BETWEEN the President of India acting through the Chief Engineer ________ Railway (hereinafter called the ""Railway"") which expression shall include his successors and assigns unless the context requires a different construction) of the one part and whose permanent registered postal address is ___________________________________________ _________________________________________________________ (hereinafter referred as the ""Hirer"" which expression shall include his heirs, legal representative and assigns unless the context requires a ",False,False,True
IR_IRBM_2024,Indian_Railway_Bridge_Manual_2024.pdf,INSPECTION_STANDARD,289,INSPECTION_STANDARD_ONLY,BRIDGE,SATISFACTORY,,,,REPLACEMENT,,,,"ANNEXURES 267 Indian Railway Bridge Manual Railway towards freight and incidental charges on the value of stores utilised for packing) plus 12-1/2% supervision charges of all packing, handling, loading, unloading or other direct charges incurred by the Railway in dispatching or receiving back the plant and materials. 5. a) The estimated charges towards the hiring of the plant and material shall, at the discretion of the Railway. Be paid by the Hirer, if he is not a Railway or Government Department in advance to the Financial Adviser and Chief Accounts Officer ______________ Railways ______________ and on return to the plant and materials to the plant Depot, the amount of hire charges deposit",False,False,True
IR_IRBM_2024,Indian_Railway_Bridge_Manual_2024.pdf,INSPECTION_STANDARD,290,INSPECTION_STANDARD_ONLY,BRIDGE,,,,INSPECTION; ORN,REPLACEMENT,,,,"ANNEXURES 268 Indian Railway Bridge Manual the point where the plant is stationed, at public tariff rates, to be borne by the Hirer. The Railway may at its discretion permit the purchase of the spare wearable parts from outside sources provided it is satisfied that the parts correct to specification only will be used. 8. I n the case of breakage or loss of any part of accessory other than the parts liable to wear out referred to in the Appendix'S', the cost of replacement shall be shared between the Railway and the Hirer in accordance with the rules in this respect in force on the Railway from time to time. The share to be borne by Railway as determined in accordance with the rules in force ",False,False,True
IR_IRBM_2024,Indian_Railway_Bridge_Manual_2024.pdf,INSPECTION_STANDARD,291,INSPECTION_STANDARD_ONLY,BRIDGE,FAIR,,,,REPAIR; REPAIRS; REPLACEMENT,,,,"ANNEXURES 269 Indian Railway Bridge Manual an unforeseen emergency. In either case the Railway shall not be liable to pay any compensation to the Hirer for the loss that may be caused by the withdrawal of the plant. 14. The Hirer shall make his own arrangements for the supply of consumable stores required for working the plant. 15. The Railway may, if it desires on request by the Hirer provide the staff for working the plant hired and the Hirer shall pay the salaries and allowances payable to the staff employed in working the plant together with such other charges as provident fund, bonus leviable in accordance with the rules of the Railway. 16. ln the event of the Railway unable to provide ",False,False,True
IR_IRBM_2024,Indian_Railway_Bridge_Manual_2024.pdf,INSPECTION_STANDARD,292,INSPECTION_STANDARD_ONLY,BRIDGE,FAIR,,,,REPAIR; REPAIRS; REPLACEMENT,,,,"ANNEXURES 270 Indian Railway Bridge Manual shall be estimated and shown thereon. A copy of this statement shall be sent to the Hirer who will be given reasonable opportunity to check the correctness of this statement by the examination of the plant. Such repairs and replacements as are agreed to be necessary over and above the fair wear and tear shall be shared between the Hirer and the Railway on the same basis as for breakage or loss mentioned in Clauses 8 and 9 here of. The Hirer shall in addition to the above also bear the charges towards cleaning, general overhaul and minor repairs found necessary due to fair wear and tear to the plant hired. The cost that may be determined by the Railw",False,False,True
IR_IRBM_2024,Indian_Railway_Bridge_Manual_2024.pdf,INSPECTION_STANDARD,294,INSPECTION_STANDARD_ONLY,BRIDGE,,,,INSPECTION,,,,,ANNEXURES 272 Indian Railway Bridge Manual Annexure 14/1 Para 1401 List of Books of Reference Item No. Publication Offices which should be equipped with a copy of the publication For the personal use of such Officers and Inspectors as may be prescribed by the Chief Engineer Dy. Chief Engineer /Bridges Hd.Ors. Office Divisional Engineer's Office Asstt. Engineers Office Bridge Inspector's Office 1 2 3 4 5 6 7 1 Act Indian Boilers and Manual of Boiler Inspection as issued - 1 1 - - 2 Act Indian Electricity and rules issued and State Government Publications. - 1 1 - - 3 Act Indian Explosive and State Government Publications - 1 1 - - 4 Act Indian Factories and State Government Publication - 1 1 ,False,False,True
IR_IRBM_2024,Indian_Railway_Bridge_Manual_2024.pdf,INSPECTION_STANDARD,297,INSPECTION_STANDARD_ONLY,BRIDGE,CONDITION,,,,,,,,"ANNEXURES 275 Indian Railway Bridge Manual 1 2 3 4 5 6 7 25 Red Tariff No. 16, Indian Railway Conference Association - 1 1 1 - 26 Regulations, Hours of Employment with notifications as issued - 1 1 1 1 27 Rules, General and subsidiary parts I & II 1 1 1 1 1 28 Rules reg. Leave, Passes & PTOs - 1 1 1 1 29 ""Safety First"" rules 1 1 1 1 1 30 Schedule of Dimensions 1 1 1 1 1 31 Schedule of Powers of Divisional & Asst. Engineers. - - 1 1 - 32 Special Orders on matters of general importance concerning the staff as issued. 1 1 1 1 1 33 Standing orders Operating Department - - 1 1 - 34 Telegraph Code - 1 1 1 1 35 Works Hand book of general Conditions of Contract and Specifications for Materials and W",False,False,True
IR_IRBM_2024,Indian_Railway_Bridge_Manual_2024.pdf,INSPECTION_STANDARD,299,INSPECTION_STANDARD_ONLY,BRIDGE,,,GIRDER,INSPECTION,MAINTENANCE,,,,"ANNEXURES 277 Indian Railway Bridge Manual 1 2 3 4 5 6 7 43 IRS Code of practice for fabrication and erection of steel work for Microwave towers (self Supporting type) - 1 1 1 - 44 Manual of Inspection and Maintenance of Concrete Bridges issued by RDSO (1990). - 1 1 1 1 45 Arch Bridge code 1982 - 1 1 - - 46 Report of the sub committee on the rebuilding of Railway Bridges- RDSO - - 1 1 - 47 Bridge Inspection and maintenance by IRICEN/ Pune. - 1 1 1 1 48 Report of the committee on Numerical Ratings of Bridges - 1 1 1 - 49 Guidelines on fabrication of welded Bridge Girders (Report No. c-277), March'94 issued by RDSO. - 1 - - 1",False,False,True
IR_IRBM_2024,Indian_Railway_Bridge_Manual_2024.pdf,INSPECTION_STANDARD,300,INSPECTION_STANDARD_ONLY,BRIDGE,,,GIRDER,INSPECTION,REHABILITATION; MAINTENANCE,,,,"ANNEXURES 278 Indian Railway Bridge Manual 1 2 3 4 5 6 7 50 Study made to reduce frequency of painting of Railway steel bridge girders / structures - 1 1 1 1 51 Quality Assurance Programme for prestressed concrete construction issued by RDSO (1991) - 1 1 1 1 52 Guidelines for Inspection, Maintenance and Rehabilitation of long Span prestressed concrete bridges issued by RDSO (July 1993) - 1 1 1 1 53 Maintenance and Rehabilitation of masonry bridges issued by RDSO (August 93) - 1 1 1 1 54 Guidelines for inspection and maintenance of Welded Bridge girders issued by RDSO (December 90) - 1 1 1 1",False,False,True
NHAI_AP_GIDDALUR_VINUKONDA,NHAI_Giddalur_Vinukonda_NH544D.pdf,REHABILITATION_ENGINEERING_EVIDENCE,1,BRIDGE_REPAIR_ENGINEERING_EVIDENCE,,,,,,REHABILITATION,KM 212.983; KM 213.000; KM 322.800; KM 322.840,,,"~ ' , ' \ -, , I \ ,. , . • ' I , , ' National Highways Authority of India (Ministry of Road Transport & Highways) Government of India REHABILITATION AND UPGRADATION OF GIDDALUR - VINUKONDA SECTION OF NH-544D FROM DESIGN KM 212.983 (EXISTING KM 213.000) TO DESIGN KM 322.800 (EXISTING KM 322.840) (DESIGN LENGTH 112.797 KM) IN THE STATE OF ANDHRA PRADESH TO TWO LANE WITH PAVED SHOULDER UNDER NH(O) ON HYBRID ANNUITY MODE CONCESSION AGREEMENT between National Highways Authority of India G-5&6, Sector-l 0, Dwarka, New Delhi-II 0075 and Mis GV ROAD PROJECTS PRIVATE LIMITED # 8-2-686/B/11/6/1, Plot No.9, Road No. 12, Banjara Hills, Hyderabad, Telangana, India 500034 VOLUME-I (CONCESSION AGREEMENT &",False,False,True
NHAI_AP_GIDDALUR_VINUKONDA,NHAI_Giddalur_Vinukonda_NH544D.pdf,REHABILITATION_ENGINEERING_EVIDENCE,2,BRIDGE_REPAIR_ENGINEERING_EVIDENCE,,,,,,REHABILITATION,km 212.983; km 213.000; km 322.800; km 322.840,,,VOLUME' s.No Particulars Page No. I. II. III. IV. Concession Agreement & Schedules Reply to pre bid queries Corrigendum I to IX Integrity Pact ' ' 01-25~ 2158_::1h1 262-271 2712-280 .: I·: Rehabilitation and Upgradatian of Giddalur - Vinukanda section of NH-S44Dfrom Design km 212.983 (existing km 213.000) to Design km 322.800 (existing km 322.840) (Design length 112.797 km) in the State ofAndhra Pradesh to twa lane with paved shoulder under NH (0) an Hybrid Annuity Made [. ~. r-. ~ t=;:,False,False,True
NHAI_AP_GIDDALUR_VINUKONDA,NHAI_Giddalur_Vinukonda_NH544D.pdf,REHABILITATION_ENGINEERING_EVIDENCE,19,IDENTIFIED_BRIDGE_CONDITION_CANDIDATE,,CONDITION,,,,MAINTENANCE,Km.212.983; Km 213.000; Km 322.800; Km 322.840,,,"e ""DBOT Annuity"" or ""Hybrid Annuity"") basis, which shall be partly financed by the Concessionaire who shall recover its investment and costs through payments to be made by the Authority, in accordance with the terms and conditions to be set forth in a concession agreement to be entered into. (B) The Authority had adopted a single stage two envelope bidding process and accordingly invited proposals by its Request for Proposals dated 22.12.2017 (the ""Request for Proposals"" or ""RFP"") for qualification and selection of bidders for construction, operation and maintenance of the above referred Project on Hybrid Annuity basis. (C) The Authority had prescribed the technical and commercial terms and ",False,False,True
NHAI_AP_GIDDALUR_VINUKONDA,NHAI_Giddalur_Vinukonda_NH544D.pdf,REHABILITATION_ENGINEERING_EVIDENCE,20,IDENTIFIED_BRIDGE_CONDITION_CANDIDATE,,,RUST,,,REHABILITATION,km 212.983; km 213.000; km 322.840,,,"ended, modified, supplemented, extended or re­ enacted; t.(c) references to a ""person"" and words denoting a natural person shall be !-; ~ construed as a reference to any individual, firm, company, corporation, society, trust, government, state or agency of a state or any association or partnership (whether or not having separate legal personality) of two or more of the above and shall include successors and assigns; ;:.­,-.' (d) the table of contents, headings or sub-headings in this Agreement are for convenience of reference only and shall not be used in, and shall not affect, the construction or interpretation of this Agreement; (e) the words ""include"" and ""including"" are to be construed w",False,False,True
NHAI_AP_GIDDALUR_VINUKONDA,NHAI_Giddalur_Vinukonda_NH544D.pdf,REHABILITATION_ENGINEERING_EVIDENCE,22,BRIDGE_REPAIR_ENGINEERING_EVIDENCE,,,,,,REHABILITATION,km 213.0,,,"lowing order: (a) this Agreement; and (b) all other agreements and documents forming part hereof or referred to herein, i.e. the Agreement at (a) above shall prevail over the agreements and documents at (b) above. 1.4.2 Rehabilitation an... """"""""""""""~,~ (existing km 213.0 of Andhra Pradesh t -~",False,False,True
NHAI_AP_GIDDALUR_VINUKONDA,NHAI_Giddalur_Vinukonda_NH544D.pdf,REHABILITATION_ENGINEERING_EVIDENCE,24,BRIDGE_REPAIR_ENGINEERING_EVIDENCE,,,,,,REHABILITATION,km 212.983; km 213.000; km 322.800; km 322.840,,,"National Highways Authorityof India Concession Agreement Part II The Concession ,. \ 1-·: j-.­ i.e,. ~ :. ':, 10 Rehabilitation and Upgradation of Giddalur- Vinukonda section of NH-544D from Design km 212.983 (existing km 213.000) to Design km 322.800 (existing km 322.840) (Design length 112.797 km) in the State of Andhra Pradesh to two lane with paved shoulder under NH (0) on Hybrid Annuity Mode .c",False,False,True
NHAI_AP_GIDDALUR_VINUKONDA,NHAI_Giddalur_Vinukonda_NH544D.pdf,REHABILITATION_ENGINEERING_EVIDENCE,25,BRIDGE_REPAIR_ENGINEERING_EVIDENCE,,,,,,MAINTENANCE,km 212.983; km 213.000; km 322.800; km 322.840,,,"n Schedule-A and as specified in Schedule-B together with provision of Project Facilities as specified in Schedule­ C, and in conformity with the Specifications and Standards set forth in Schedule­ D', (b) operation and maintenance of-the Project in accordance with the provisions of this Agreement; and (c) performance and fulfillment of all other obligations of the Concessionaire in accordance with the provisions of this Agreement and matters incidental thereto or necessary for the performance of any or all of the obligations of the Concessionaire under this Agreement ;~: ;::. ~:. Rehabilitatian and Upgradatian af Giddalur - Vinukanda sectian af NH-S44Dfram Design km 212.983 t : (existing km",False,False,True
NHAI_AP_GIDDALUR_VINUKONDA,NHAI_Giddalur_Vinukonda_NH544D.pdf,REHABILITATION_ENGINEERING_EVIDENCE,26,IDENTIFIED_BRIDGE_CONDITION_CANDIDATE,,CONDITION,,,,REHABILITATION,km 212.983; km 213.000; km 322.800; km 322.840,,,"ed and thirty) days and Operation Period of 15 (Fifteen) years commencing from COD, and the Concessionaire hereby accepts the Concession and agrees to implement the Project subjectto and in accordance with the terms and conditions set forth herein. 3.1.2 Subject to and in accordance with the provisions of this Agreement, the Concession hereby granted shall oblige or entitle (asthe case may be) the Concessionaire to: (a] Right of Way, access and license to the Site for the purpose of and to the extent conferred by the provisions of this Agreement; (b) finance and construct the Project; (c) manage, operate and maintain the Project; (d) perform and fulfill all of the Concessionaire's obligation",False,False,True
NHAI_AP_GIDDALUR_VINUKONDA,NHAI_Giddalur_Vinukonda_NH544D.pdf,REHABILITATION_ENGINEERING_EVIDENCE,27,IDENTIFIED_BRIDGE_CONDITION_CANDIDATE,BRIDGE; ROAD OVER BRIDGE,CONDITION,,,,,km 322.840,,,". National Highways Authority of India Concession Agreement ARTICLE 4 CONDITIONS PRECEDENT 4.1 Conditions Precedent 4.1.1 Save and except as expressly provided in Articles 4, S, 6, 7, 8, 9, 10, 22, 28,38 and 41, or unless the context otherwise requires, the respective rights and obligations of the Parties under this Agreement shall be subject to the satisfaction in full of the conditions precedent specified in this Clause4.1 (the ""Conditions Precedent""). 4.1.2 The Concessionaire may, upon providing the Performance Security to the Authority in accordance with Article 9, at any time after 30 (thirty) days from the date of this Agreement or on an earlier day acceptable to the Authority, by noti",False,False,True
NHAI_AP_GIDDALUR_VINUKONDA,NHAI_Giddalur_Vinukonda_NH544D.pdf,REHABILITATION_ENGINEERING_EVIDENCE,28,IDENTIFIED_BRIDGE_CONDITION_CANDIDATE,,CONDITION,,,,REHABILITATION,km 213.000; km 322.840,,,"ctive confirmation of the correctness of the representations and warranties set forth in Sub-clauses (k), (I) and (m) of Clause 7.1 of this Agreement. 4.1.4 Each Party shall make all reasonable endeavours to satisfy the Conditions Precedent within the time stipulated and shall provide the other Party with such reasonable cooperation as may be required to assist that Party in satisfying the Conditions Precedent for which that Party is responsible. Subject only to payment of Damages, it is agreed between the Parties that the obligation to fulfill each parties' Conditions Precedent is an independent obligation of the respective Party. 4.1.S The Parties shall notify each other in writing at leas",False,False,True
NHAI_AP_GIDDALUR_VINUKONDA,NHAI_Giddalur_Vinukonda_NH544D.pdf,REHABILITATION_ENGINEERING_EVIDENCE,30,IDENTIFIED_BRIDGE_CONDITION_CANDIDATE,,CONDITION; GOOD,,,,MAINTENANCE,km 83; km 322.840,,,"National Highways Authority of India Concession Agreement ARTICLE 5 OBI.IGATIONS OF THE CONCESSIONAIRE 5.1 Obligations of the Concessionaire 5.1.1 Subject to and on the terms and conditions of this Agreement, the Concessionaire shall, at its own cost and expense, procure finance for and undertake the design, engineering, procurement, construction, operation and maintenance of the Project and observe, fulfill, comply with and perform all its obligations set out in this Agreement or arising hereunder. ~.- 5.1.2 The Concessionaire shall comply (including renewals as required) Agreement. with all Applicable in the performance Laws and Applicable Permits of its obligations under this 5.1.3 5.1.4 ",False,False,True
NHAI_AP_GIDDALUR_VINUKONDA,NHAI_Giddalur_Vinukonda_NH544D.pdf,REHABILITATION_ENGINEERING_EVIDENCE,31,BRIDGE_REPAIR_ENGINEERING_EVIDENCE,,,,,,REHABILITATION; REPLACEMENT,km 213.000; km 322.840,,,"oject Agreement or agreement shall excuse the Concessionaire from its obligations or liability hereunder. 5.2.2 The Concessionaire shall submit to the Authority the drafts of all Project Agreements, or any amendments or replacements thereto, for its review and comments, and the Authority shall have the right but not the obligation to undertake such review and provide its comments, if any, to the Concessionaire within 30 (thirty) days of the receipt of such drafts. Within 7 (seven) days of execution of any Project Agreement or amendment thereto, the Concessionaire shall submit to the Authority a true copy thereof, duly attested by a Director of the Concessionaire, for its record. For the avoi",False,False,True
NHAI_AP_GIDDALUR_VINUKONDA,NHAI_Giddalur_Vinukonda_NH544D.pdf,REHABILITATION_ENGINEERING_EVIDENCE,32,BRIDGE_REPAIR_ENGINEERING_EVIDENCE,,,,,,REHABILITATION; REPLACEMENT,km 213.000; km 322.840,,,"or remedy whatsoever from the Authority in the event of Termination or Suspension. 5.2.5 Notwithstanding anything to the contrary contained in this Agreement, the Concessionaire agrees and acknowledges that selection or replacement of the EPC Contractor and an O&M Contractor and execution of the EPC Contract and O&M Contract shall be subject to the prior approval of the Authority from national security and public interest perspective, the decision of the Authority in this behalf being final, conclusive and binding on the Concessionaire, and undertakes that it shall not give effect to any such selection or contract without prior approval of the Authority. For the avoidance of doubt, it is exp",False,False,True
NHAI_AP_GIDDALUR_VINUKONDA,NHAI_Giddalur_Vinukonda_NH544D.pdf,REHABILITATION_ENGINEERING_EVIDENCE,35,BRIDGE_REPAIR_ENGINEERING_EVIDENCE,,,,,,REHABILITATION,km 213.000; km 322.840,,,"ire and any expatriate personnel of the Concessionaire or its Contractors to obtain applicable visas and work permits for discharging their respective obligations under this Agreement and the Project Agreements; (j) (k) Rehabilitation and Upgra ukonda sec ion of NH-544Dfrom Designkm 212.983 (existing km 213.000) to D''-'""''-''''' Q;~~rM~listing km 322.840) (Design length 112.797 km) in the State of Andhra Pradesh to two Ian ~~~r;g,oulder under NH (0) on Hybrid Annuity Mode '.~ .~. ~: '""[-"", .. "".. ."": .':'.""",False,False,True
NHAI_AP_GIDDALUR_VINUKONDA,NHAI_Giddalur_Vinukonda_NH544D.pdf,REHABILITATION_ENGINEERING_EVIDENCE,36,IDENTIFIED_BRIDGE_CONDITION_CANDIDATE,BRIDGE; ROAD OVER BRIDGE,CONDITION; DETERIORATION,,,,REPAIR; REPAIRS; REHABILITATION; MAINTENANCE,km 212.9; km 213.000; km 322.840,,,"::~ National Highways Authority of India Concession Agreement other than approval of the General Approval Drawings of the Railway authorities for construction of such road over bridges/under bridges. 6.2 Maintenance obligations prior to Appointed Date 6.2.1 During the Development Period, the Concessionaire shall maintain the existing Project Highway, in such a manner so as to ensure that the road is in pothole free condition and also to ensure that the quality of service and safety are maintained and in the event of any material deterioration or damage other than normal wear and tear, the Concessionaire shall undertake repair thereof. It.is deemed that the Concessionaire has made necessary p",False,False,True
NHAI_AP_GIDDALUR_VINUKONDA,NHAI_Giddalur_Vinukonda_NH544D.pdf,REHABILITATION_ENGINEERING_EVIDENCE,38,IDENTIFIED_BRIDGE_CONDITION_CANDIDATE,,CONDITION,,,,REHABILITATION,km 213.000,,,"urisdiction of its incorporation or registration, as the case may be, and has requested the Authority to enter into this Agreement with itself/ the Concessionaire pursuant to the Letter of Award, and has agreed to and unconditionally accepted the terms and conditions set forth in this Agreement; (m) all its rights and interests in the Project shall pass to and vest in the Authority on the Transfer Date free and clear of all liens, claims and Encumbrances, without any further act or deed on its part or that of the Authority, and that none of the Project Assets shall be acquired by it Subject to any agreement under which a security interest or other lien or Encumbrance is retained by any perso",False,False,True
NHAI_AP_GIDDALUR_VINUKONDA,NHAI_Giddalur_Vinukonda_NH544D.pdf,REHABILITATION_ENGINEERING_EVIDENCE,39,IDENTIFIED_BRIDGE_CONDITION_CANDIDATE,,GOOD,,,,,km 21.; km 213.000; km 322.800; km 322.840,,,"y to perform its obligations under this Agreement; (f) (g) It has complied with Applicable Laws in all material respects; It has the right, power and authority to manage and operate the Project; and (h) It shall procure good and valid right to the Site, and has power and authority to grant a license in respect thereto to the Concessionaire. 7.3 Disclosure In the event that any occurrence or circumstance comes to the attention of either Party that renders any of its aforesaid representations or warranties untrue or incorrect, such Party shall immediately notify the other Party of the same. Such notification shall not have the effect of remedying any breach of the representation or warranty th",False,False,True
NHAI_AP_GIDDALUR_VINUKONDA,NHAI_Giddalur_Vinukonda_NH544D.pdf,REHABILITATION_ENGINEERING_EVIDENCE,40,IDENTIFIED_BRIDGE_CONDITION_CANDIDATE,,CONDITION,,,ORN,REHABILITATION,km 213.000; km 322.800; km 322.840,,,"eement, the Concessionaire has, after a complete and careful examination, made an independent evaluation of the Request for Proposals, Scope of the Project, Specifications and Standards, Site, existing structures, local conditions, physical qualities of ground, subsoil and geology, and all information provided by the Authority or obtained, procured or gathered otherwise, and has determined to its satisfaction the accuracy or otherwise thereof and the nature and extent of difficulties, risks and hazards as are likely to arise or may be faced by it in the course of performance of its obligations hereunder. The Authority makes no representation whatsoever, express, implicit or otherwise, regard",False,False,True
NHAI_AP_GIDDALUR_VINUKONDA,NHAI_Giddalur_Vinukonda_NH544D.pdf,REHABILITATION_ENGINEERING_EVIDENCE,42,IDENTIFIED_BRIDGE_CONDITION_CANDIDATE,,CONDITION,,,,,km 212.983; km 322.840,,,";:. 9.1 Performance Security 9.1.1 The Concessionaire shall, for the performance of its obligations hereunder, provide to the Authority no later than 30(thirty) days from the date of this Agreement, an irrevocable and unconditional guarantee from a Bank for a sum equivalent to Rs. 33.93 Crare (Rupees Thirty Three Crore Ninety Three Lakh only) in the form set forth in Schedule-F (the ""Performance Security""). Until such time the Performance Security is provided by the Concessionaire pursuant hereto and the same comes into effect, the Bid Security shall remain in force and effect, and upon such provision of the Performance Security pursuant hereto, the Authority shall release the Bid Security t",False,False,True
NHAI_AP_GIDDALUR_VINUKONDA,NHAI_Giddalur_Vinukonda_NH544D.pdf,REHABILITATION_ENGINEERING_EVIDENCE,43,IDENTIFIED_BRIDGE_CONDITION_CANDIDATE,,CONDITION,,,,,km 212.9,,,"es of calculating the amount of Damages payable by the Concessionaire. 9.7 Additional Performance Security ,::..: The Concessionaire shall alongwith the Performance Security provide to the Authority an irrevocable and unconditional guarantee from a Bank for a sum equivalent to Rs. Nil in the form set forth in Schedule-F (the ""Additional Performance Security""),to be modified, , mutatis mutandis, for this purpose as security to the Authority if the Bid Project Cost of the Selected Bidder is lower by more than 10% with respect to the Estimated Project Cost. The requirement of submitting the Additional Performance Security shall be a Condition Precedent. Failure to maintain the Additional Perfor",False,False,True
NHAI_AP_GIDDALUR_VINUKONDA,NHAI_Giddalur_Vinukonda_NH544D.pdf,REHABILITATION_ENGINEERING_EVIDENCE,44,IDENTIFIED_BRIDGE_CONDITION_CANDIDATE,,CONDITION,,,,,km 212.983; km 322.840,,,"nt of Termination or otherwise. 10.2.2 In consideration of the Project, this Agreement and the covenants and warranties on the part of the Concessionaire herein contained, the Authority, in accordance with the terms and conditions set forth herein, hereby grants to the Concessionaire, commencing from the Appointed Date, leave and license rights in respect of all the land (along with any buildings, constructions or immovable assets, if any, thereon) comprising the Site which is described, delineated and shown in Schedule-A hereto (the ""Licensed Premises""), on an ""as is where is"" basis, free of any Encumbrances, to develop, operate and maintain the said Licensed Premises, together with all and",False,False,True
NHAI_AP_GIDDALUR_VINUKONDA,NHAI_Giddalur_Vinukonda_NH544D.pdf,REHABILITATION_ENGINEERING_EVIDENCE,47,IDENTIFIED_BRIDGE_CONDITION_CANDIDATE,,CONDITION,,,INSPECTION,REHABILITATION,km 213.0,,,"nd appurtenances to the Licensed Premisesshall not be deemed to be Encumbrances. It is further agreed that ;: the Concessionaire accepts and undertakes to bear any and all risks arising out of the inadequacy or physical condition of the Site. 10.5 Protection of Site from Encumbrances During the Concession Period, the Concessionaire shall protect the Site from any and all occupations, encroachments or Encumbrances, and shall not place or create nor permit any Contractor or other person claiming through or under the Concessionaire to place or create any Encumbrance or security interest over all or any part of the Site or the Project Assets, or on any rights of the Concessionaire therein or und",False,False,True
NHAI_AP_GIDDALUR_VINUKONDA,NHAI_Giddalur_Vinukonda_NH544D.pdf,REHABILITATION_ENGINEERING_EVIDENCE,49,IDENTIFIED_BRIDGE_CONDITION_CANDIDATE,,CONDITION; SATISFACTORY,,,ORN,REHABILITATION; MAINTENANCE,km .; km 213.000; km 322.800; km 322.840,,,"rary contained herein, the Concessionaire shall ensure that the respective entities owning the existing roads, right of way or utilities on, under or above the Site are enabled by it to keep such utilities in continuous satisfactory use, if necessary, by providing suitable temporary or permanent diversions with the authority of the controlling body of that road, right of way or utility, and the Authority shall, upon written request from the Concessionaire, initiate and undertake at the Concessionaire's cost, legal proceedings for acquisition of any right of way necessary for such diversion. 11.2 Shifting of obstructing utilities 11.2.1 The Concessionaire shall, subject to Applicable Laws and",False,False,True
NHAI_AP_GIDDALUR_VINUKONDA,NHAI_Giddalur_Vinukonda_NH544D.pdf,REHABILITATION_ENGINEERING_EVIDENCE,50,IDENTIFIED_BRIDGE_CONDITION_CANDIDATE,,GOOD,,,,,km 2; km 213.00; km .; km 322.840,,," has determined and verified that the design and engineering, including the field construction criteria related thereto, are in conformity with the Scope of the Project, Specifications and Standards, Applicable Laws and Good Industry Practice. (c) Within 15 (fifteen) days of the receipt of the Drawings, the Independent Engineer shall review the same and convey its observations to the Concessionaire with particular reference to their conformity or otherwise with the Scope of the Project and the Specifications and Standards. The Concessionaire shall not be obliged to await the observations of the Independent Engineer on the Drawings submitted pursuant hereto beyond the said 15 (fifteen) days p",False,False,True
NHAI_AP_GIDDALUR_VINUKONDA,NHAI_Giddalur_Vinukonda_NH544D.pdf,REHABILITATION_ENGINEERING_EVIDENCE,51,BRIDGE_REPAIR_ENGINEERING_EVIDENCE,BRIDGE; MAJOR BRIDGE; FLYOVER,,,,,REHABILITATION,km .; km 213.000; km 322.840,,,"egoing provisions of this Clause 12.2, the Concessionaire shall submit to the Authority for review and comments, its Drawings relating to alignment of the Project, finished road level and general arrangement drawings of major bridges, flyovers and grade separators, and the Authority shall have the right but not the obligation to undertake such review and provide its comments, if any, within 30 (thirty) days of the receipt of such Drawings. The provisions of this Clause 12.2 shall apply mutatis mutandis to the review and comments hereunder. (g) Within 90 (ninety) days of COD, the Concessionaire shall furnish to the Authority and the Independent Engineer a complete set of as-built Drawings, in",False,False,True
NHAI_AP_GIDDALUR_VINUKONDA,NHAI_Giddalur_Vinukonda_NH544D.pdf,REHABILITATION_ENGINEERING_EVIDENCE,52,IDENTIFIED_BRIDGE_CONDITION_CANDIDATE,,CONDITION; GOOD,,,,REPAIR; MAINTENANCE,km 212.983; km 213.; km 322.800; km 322.840,,,"ed and seventy) days from the Scheduled Completion Date, unless the delay is on account of reasons attributable to the Authority or due to Force Majeure, the Authority shall be entitled to terminate this Agreement. 12.4 Maintenance during Construction Period 12.4.1 During the Construction Period, the Concessionaire shall maintain, at its cost, the existing Project Highway to ensure that the road is in pothole free condition is maintained, and shall undertake the necessary repair and maintenance works for this purpose; provided that the Concessionaire may, at its cost, interrupt and divert the Users and other persons if such interruption and diversion is necessary for the efficient progress o",False,False,True
NHAI_AP_GIDDALUR_VINUKONDA,NHAI_Giddalur_Vinukonda_NH544D.pdf,REHABILITATION_ENGINEERING_EVIDENCE,56,IDENTIFIED_BRIDGE_CONDITION_CANDIDATE,,GOOD; DEFECT,,,,REHABILITATION,km 212.9; km 213.000; km 322.840,,,"Test that the performance of the Project or any part thereof does not meet the Specifications and Standards, it shall have the right to suspend or delay such Test and require the Concessionaire to remedy and rectify the defects or deficiencies. Upon completion of each Test, the Independent Engineer shall provide to the Concessionaire and the Authority copies of all Test data including detailed Test results. For the avoidance of doubt, it is expressly agreed that the Independent Engineer may require the Concessionaire to carry out or cause to be carried out additional Tests, in accordance with Good Industry Practice, for determining the compliance of the Project with Specifications and Standa",False,False,True
NHAI_AP_GIDDALUR_VINUKONDA,NHAI_Giddalur_Vinukonda_NH544D.pdf,REHABILITATION_ENGINEERING_EVIDENCE,57,IDENTIFIED_BRIDGE_CONDITION_CANDIDATE,,CONDITION; GOOD; DEFECT,,,INSPECTION,REHABILITATION,km 213.000; km 322.840,,,"s agreed that if completion of any item is delayed for reasons solely attributable to the Authority or due to Force Majeure, the completion date thereof shall be determined by the Independent Engineer in accordance with Good Industry Practice, and such completion date shall be deemed to be the date of issue of the Provisional Certificate for the purposes of Damages, if any, payable for such item under this Clause 14.4.1. 14.4.2 Upon completion of all Punch List items, the Independent Engineer shall issue the Completion Certificate. Failure of the Concessionaire to complete all the Punch List items within the time set forth in Clause 14.4.1 for any reason, other than conditions constituting F",False,False,True
NHAI_AP_GIDDALUR_VINUKONDA,NHAI_Giddalur_Vinukonda_NH544D.pdf,REHABILITATION_ENGINEERING_EVIDENCE,58,BRIDGE_REPAIR_ENGINEERING_EVIDENCE,,,,,,REHABILITATION,km 212.983; km 213.000; km 322.800; km 322.840,,,"of events or circumstances on account of which the Tests could not be held or had to be suspended, the Concessionaire shall be entitied to re-schedule the Tests and hold the same as soon as reasonably practicabie. i. 44 Rehabilitation and uiJg' . - of Giddolur- Vinukonda section of NH-544Dfrom Design km 212.983 (existing km 213.000) to Design km 322.800 (existing km 322.840) (Design length 112.797 km) in the State of Andhra Pradesh to two lane with paved shoulder under NH (0) on Hybrid Annuity Mode",False,False,True
NHAI_AP_GIDDALUR_VINUKONDA,NHAI_Giddalur_Vinukonda_NH544D.pdf,REHABILITATION_ENGINEERING_EVIDENCE,61,IDENTIFIED_BRIDGE_CONDITION_CANDIDATE,,CONDITION,,,,REHABILITATION,km 213.000; km 322.840,,,"y to delay completion of the Project by the Scheduled Completion Date; provided that in the event that the Authority considers such works or services to be essential, it may issue a Change of Scope Order, subject to the condition that the works forming part of or affected by such Change of Scope Order shall not be reckoned for purposes of determining completion of the Project and issuing the Provisional Certificate. 16.4.2 Notwithstanding anything to the contrary contained in this Article 16, the Concessionaire shall be entitled to nullify any Change of Scope Order if it causes the cumulative costs relating to all the Change of ScopeOrders to exceed 10% (ten per cent) of the Bid Project Cost",False,False,True
NHAI_AP_GIDDALUR_VINUKONDA,NHAI_Giddalur_Vinukonda_NH544D.pdf,REHABILITATION_ENGINEERING_EVIDENCE,62,BRIDGE_REPAIR_ENGINEERING_EVIDENCE,,,,,,REHABILITATION,km 212.983; km 213.000; km 322.800; km 322.840,,,"16.4 shall apply mutatis mutandis, and upon issue of Change of Scope Order by the Authority hereunder, the Concessionaire shall pay forthwith the sum specified therein. .. 16.7 Effect of Change in Scope on the O&M Costs Rehabilitation and Upgrodation of Giddalur - Vinukonda section of NH-544D from Design km 212.983 (existing km 213.000) to Design km 322.800 (existing km 322.840) (Design length 112.797 km) in the state of Andhro Pradesh to two lane with paved shoulder under NH (0) on Hybrid Annuity Mode :,.",False,False,True
NHAI_AP_GIDDALUR_VINUKONDA,NHAI_Giddalur_Vinukonda_NH544D.pdf,REHABILITATION_ENGINEERING_EVIDENCE,64,IDENTIFIED_BRIDGE_CONDITION_CANDIDATE,,CONDITION; GOOD,,,INSPECTION,REPAIR; REPAIRS; REPLACEMENT; MAINTENANCE,km 212.; km 213.000; km 322.840,,,"ement agreed that the debris and material excavated shall be carried to and deposited at the location identified by the Authority and/or Independent Engineer. 17.1.3 The Concessionaire shall maintain, in conformity with Good Industry Practice, all stretches of approach roads. 17.2 Maintenance Requirements The Concessionaire shall procure that at all times during the Operation Period; the Project conforms to the maintenance requirements set forth in Schedule-K (the ""Maintenance Requirements""). 17.3 Maintenance Manual 17.3.1 No later than 90 (ninety) days prior to the Scheduled Completion Date, the Concessionaire shall, in consultation with the Independent Engineer, evolve a repair and mainten",False,False,True
NHAI_AP_GIDDALUR_VINUKONDA,NHAI_Giddalur_Vinukonda_NH544D.pdf,REHABILITATION_ENGINEERING_EVIDENCE,65,IDENTIFIED_BRIDGE_CONDITION_CANDIDATE,,CONDITION; GOOD,,,,MAINTENANCE,km 213.000; km 322.840,,,"National Highways Authority of India Concession Agreement 17.4.3 The Concessionaire may modify the Maintenance Program as may be reasonable in the circumstances, and the procedure specified in Clauses 17.4.1 and 17.4.2 shall apply mutatis mutandis to such modifications. 17.5 Safety, breakdowns and accidents 17.5.1 The Concessionaire shall ensure safe conditions for the Users, and in the event of unsafe conditions, closures, diversions, breakdowns and accidents, it shall follow the relevant operating procedures including the setting up of temporary Lights and removal of obstruction and debris without delay. Such procedures shall conform to the provisions of this Agreement, Applicable Laws, Ap",False,False,True
NHAI_AP_GIDDALUR_VINUKONDA,NHAI_Giddalur_Vinukonda_NH544D.pdf,REHABILITATION_ENGINEERING_EVIDENCE,66,IDENTIFIED_BRIDGE_CONDITION_CANDIDATE,,DEFECT,,,INSPECTION,REPAIR; MAINTENANCE,km 213.000,,," Damages to the Authority calculated at the rate of 0.5 % (zero point Five per cent) of the Performance Security,for each day of delay until that part of the Project hasbeen re-opened for use. 17.8 Damages for breach of maintenance obligations 17.B.1 In the event that the Concessionaire fails to repair or rectify any defect or deficiency set forth in the Maintenance Requirements within the period specified therein, it shall be deemed to be in breach of this Agreement and the Authority shall be entitled to recover Damages, to be calculated and paid for each day of delay until the breach is cured, at the higher of (a) 2% (two per cent) of the Performance Security, and (b) 0.1% (zero point one ",False,False,True
NHAI_AP_GIDDALUR_VINUKONDA,NHAI_Giddalur_Vinukonda_NH544D.pdf,REHABILITATION_ENGINEERING_EVIDENCE,67,IDENTIFIED_BRIDGE_CONDITION_CANDIDATE,,GOOD,,,,REHABILITATION; MAINTENANCE,km 212.; km 213.000; km 322.840,,,"ct The Concessionaire shall not carry out any material modifications to the Project, save and except where such modifications are necessary for the Project to operate in conformity with the Specifications and Standards, Maintenance Requirements, Good Industry Practice and Applicable Laws; provided that the Concessionaire shall notify the Independent Engineer of the proposed modifications along with particulars thereof at least 1S (fifteen) days before commencing work on such modifications and shall reasonably consider any suggestions that the Independent Engineer may make within 1S (fifteen) days of receiving the Concessionaire's proposal. For the avoidance of doubt, all modifications made h",False,False,True
NHAI_AP_GIDDALUR_VINUKONDA,NHAI_Giddalur_Vinukonda_NH544D.pdf,REHABILITATION_ENGINEERING_EVIDENCE,68,IDENTIFIED_BRIDGE_CONDITION_CANDIDATE,,CONDITION,,,,,km 213.000; km 322.800; km 322.840,,,"f any part of the Project is not available to Users on account of any of the following for the duration thereof: (a) an event of Force Majeure; (b) measures taken to ensure the safe use of the Project except when unsafe conditions occurred because of failure of the Concessionaire to perform its obligations under this Agreement; or (c) compliance with a request from the Authority or the directions of any Government Instrumentality, the effect of which isto closeall or any part of the Project: Provided, that any such non-availability and particulars thereof shall be notified by the Concessionaire to the Authority and the Independent Engineer without any delay; Provided further that the Concess",False,False,True
NHAI_AP_GIDDALUR_VINUKONDA,NHAI_Giddalur_Vinukonda_NH544D.pdf,REHABILITATION_ENGINEERING_EVIDENCE,69,IDENTIFIED_BRIDGE_CONDITION_CANDIDATE,,GOOD,,,ORN,REHABILITATION,km 212.983; km 213.000; km 322.800; km 322.840,,,"y of India Concession Agreement ARTICLE 18 SAFETY REQUIREMENTS 18.1 Safety Requirements 18.1.1 The Concessionaire shall comply with the provisions of this Agreement, Applicable Laws and Applicable Permits and conform to Good Industry Practice for securing the safety of the Users. In particular, the Concessionaire shall develop, implement and administer a surveillance and safety program for providing a safe environment on or about the Project, and shall comply with the safety requirements set forth in Schedule-L (the ""Safety Requirements""). 18.1.2 The Authority shall appoint an experienced and qualified firm or organization (the ""Safety Consultant"") for carrying out safety audit of the Projec",False,False,True
NHAI_AP_GIDDALUR_VINUKONDA,NHAI_Giddalur_Vinukonda_NH544D.pdf,REHABILITATION_ENGINEERING_EVIDENCE,70,IDENTIFIED_BRIDGE_CONDITION_CANDIDATE,,CONDITION; GOOD; DEFECT,,,INSPECTION,MAINTENANCE,km 212.983; km 213.000; km 322.840,,,"National Highways Authority of India ConcessionAgreement ARTICLE 19 MONITORING OF OPERATION AND MAINTENANCE 19.1 Monthly status reports 19.1.1 During the Operation Period, the Concessionaire shall, no later than 7 (seven) days after the close of each month, furnish to the Authority and the Independent Engineer a monthly report stating in reasonable detail the condition of the Project including its compliance or otherwise with the Maintenance Requirements, Maintenance Manual, Maintenance Program and Safety Requirements, and shall promptly give such other relevant information as may be required by the Independent Engineer or the Authority, In particular, such report shall separately identify a",False,False,True
NHAI_AP_GIDDALUR_VINUKONDA,NHAI_Giddalur_Vinukonda_NH544D.pdf,REHABILITATION_ENGINEERING_EVIDENCE,71,IDENTIFIED_BRIDGE_CONDITION_CANDIDATE,,DEFECT; DAMAGED,,,INSPECTION,REPAIR; MAINTENANCE,km 212.983; km 213.000; km 322.840,,,"National Highways Authority of India ConcessionAgreement report in respect thereof to the Independent Engineer and the Authority within 15 (fifteen) days of receiving the O&M Inspection Report or the test results, as the case may be; provided that where the remedying of such defects or deficiencies is likely to take more than 15 (fifteen) days, the Concessionaire shall submit progress reports of the repair works once every week until such works are completed in conformity with this Agreement. 19.4.2 The Independent Engineer shall require the Concessionaire to carry out or cause to be carried out tests, at its own cost, to determine that such remedial measures have brought the Project into co",False,False,True
NHAI_AP_GIDDALUR_VINUKONDA,NHAI_Giddalur_Vinukonda_NH544D.pdf,REHABILITATION_ENGINEERING_EVIDENCE,72,BRIDGE_REPAIR_ENGINEERING_EVIDENCE,,,,,,REHABILITATION,km 21.; km 213.000; km 322.840,,,"over to the Authority, no later than 30 (thirty) days prior to Scheduled Completion Date. The Medical Aid Post(s) shali be deemed to be part of the Site and shall vest in the Authority. 20.6 Computer systems and network Rehabilitation and Upg Gidd Vinukanda section of NH-544Dfrom Design km 21. - (existing km 213.000) to !i'ri¥r-~il~ (existing km 322.840) (Design length 112.797 km) in the State of Andhra Pradesh to two Ian ed shoulder under NH (0) on Hybrid Annuity Mode",False,False,True
NHAI_AP_GIDDALUR_VINUKONDA,NHAI_Giddalur_Vinukonda_NH544D.pdf,REHABILITATION_ENGINEERING_EVIDENCE,73,IDENTIFIED_BRIDGE_CONDITION_CANDIDATE,,CONDITION; GOOD,,,,REHABILITATION,km 212.983; km 213.000; km 322.800; km 322.840,,,"greement 20.7 Recurring expenditure on Police assistance On or before the Scheduled Two-Laning Date, the Concessionaire shall provide to the State Police Department or a substitute thereof one Jeep or similar vehicle in good .­.:. working condition along with chauffeurs for round-the-clock patrolling as set forth in Clause 20.2 and shall meet the operating costs of such vehicle including the salaries and allowances of the chauffeurs. 20.8 Recurring expenditure on Medical Aid Posts On or before COD, the Concessionaire shall provide to the State Medical Department or a substitute thereof to be designated by the Authority one ambulance in good working condition along with chauffeurs for round-t",False,False,True
NHAI_AP_GIDDALUR_VINUKONDA,NHAI_Giddalur_Vinukonda_NH544D.pdf,REHABILITATION_ENGINEERING_EVIDENCE,74,IDENTIFIED_BRIDGE_CONDITION_CANDIDATE,,FAIR,,,,REHABILITATION,km 83; km 213.000; km 322.840,,,"ut only after appointment of another Independent Engineer in accordance with Clause 21.1. 21.4.2 If the Concessionaire has reason to believe that the Independent Engineer is not discharging its duties and functions in a fair, efficient and diligent manner, it may make a written representation to the Authority and seek termination of the appointment of the Independent Engineer. Upon receipt of such representation, the Authority shall hold a tripartite meeting with the Concessionaire and Independent Engineer for an amicable resolution of the' and if any difference or disagreement between the Authority and the Cone alo ''3.J "" . s unresolved, the Dispute shall be settled intli~;~~ with the Di ~",False,False,True
NHAI_AP_GIDDALUR_VINUKONDA,NHAI_Giddalur_Vinukonda_NH544D.pdf,REHABILITATION_ENGINEERING_EVIDENCE,75,GENERAL_INSPECTION_OR_SURVEY_TEXT,,,,,INSPECTION,,km 212.983; km 213.000; km 322.800; km 322.840,,,"rson to discharge the functions of the Independent Engineer in accordance with the provisions of this Agreement, save and except that such person shall not exercise any functions relating to review, comment, approval or inspection as specified in this Agreement for and in respect of the Independent Engineer, and such functions shall be discharged as and when an Independent Engineer is appointed in accordance with the provisions of this Agreement. Provided, however, that nothing contained in this Clause 21.7 shall in any manner restrict the rights of the Authority to enforce compliance of the provisions of this Agreement. 61 Rehabilitatian and Upgradatian af Giddalur - Vinukonda section of NH",False,False,True
NHAI_AP_GIDDALUR_VINUKONDA,NHAI_Giddalur_Vinukonda_NH544D.pdf,REHABILITATION_ENGINEERING_EVIDENCE,79,BRIDGE_REPAIR_ENGINEERING_EVIDENCE,,,,,,REHABILITATION,km 212.9; km 213.000; km 322.800; km 322.840,,,"for making payments and recommended perce physical progre ;a~h' ,Y :i! n the above decided weightages for the entire construe CItJ period. The weig Q,~~ e fi 's per format i nexure-I of ScheduleGof this Agreem,~""'t'lll( Rehabilitation and ~. I!f~ iddolur> Vinukan section of NH-544Dfram Design km 212.9'""~"""",,,=,p' (existing km 213.000) to gn km 322.800 (eXisting km 322.840) (Design length 112.797 km) in the State of Andhra Pradesh to twa lane with paved shoulder under NH (0) an Hybrid Annuity Made -o Y D :::; I ,.. ~ v .0",False,False,True
NHAI_AP_GIDDALUR_VINUKONDA,NHAI_Giddalur_Vinukonda_NH544D.pdf,REHABILITATION_ENGINEERING_EVIDENCE,80,BRIDGE_REPAIR_ENGINEERING_EVIDENCE,,,,,,REHABILITATION,km 212.983; km 213.0; km 322.840,,,"3rd Annuity 4.06% 24th Annuity 4.18% 25th Annuity 4.25% 26th Annuity 4.25% 27th Annuity 4.44% '''h Ao""""""'~~ W%29th AnriuiW----'--.:z.~ 4.75%• '\30th 1\hn'(II1.V~-_."""",!t;'>,\ 4.75% Ia. 0 ..to::: . I{\ ~~lV';\.l; ~ ~ ~(. Rehabilitation a~,,!~iiiJrmon 6t9{.d alur Vinukondo section of NH-544D from Design km 212.983''-=c- ..:"",""' (existing km 213.0~1~ 2.800 (existing km 322.840) (Design length 112.797 km) in the Stote ofAndhra Pradesh to a"" poved shoulder under NH(0) on HybridAnnuity Mode",False,False,True
NHAI_AP_GIDDALUR_VINUKONDA,NHAI_Giddalur_Vinukonda_NH544D.pdf,REHABILITATION_ENGINEERING_EVIDENCE,81,GENERAL_INSPECTION_OR_SURVEY_TEXT,,,,,ORN,,km 213.000,,,"oidance of doubt"", the Interest would be calculated on simple interest basis and no compounding of the same would be undertaken. 23.7 O&M Payments 23.7.1 The Parties acknowledge and agree that all O&M Expenses shall be borne by the Concessionaire and in lieu thereof; a lump sum financial support in the form of biannual payments shall be due and payable by the Authority, which shall be computed on Rs 11 Crore (Rupees Eleven Crore Only) (the ""First Year O&M Cost""), in accordance with the provisions of this Clause 23.7 (the ""O&M Payments""). The Parties further acknowledge and agree that any O&M Expenses in excess of the O&M Payments shall be borne solely by the Concessionaire, save and except a",False,False,True
NHAI_AP_GIDDALUR_VINUKONDA,NHAI_Giddalur_Vinukonda_NH544D.pdf,REHABILITATION_ENGINEERING_EVIDENCE,82,IDENTIFIED_BRIDGE_CONDITION_CANDIDATE,,SATISFACTORY,,,,REHABILITATION,km 212.983; km 213.000; km 322.800; km 322.840,,,"shall be made in two equal instalments. The Concessionaire may request the Authority for the first instalment of the advance payment at any time after the Appointed Date, along with furnishing a Bank Guarantee in a form satisfactory to the Authority. The Concessionaire may request the Authority for the second instalment of the advance payment at any time, after 60(sixtyj days from the Appointed Date, along with furnishing a Bank Guarantee in a form satisfactory to the Authority. The first and second instalments of the Mobilization Advance shall be paid by the Authority within 30 (thirty) days of receipt of the respective requests in this behalf from the Concessionaire. The rate of interest o",False,False,True
NHAI_AP_GIDDALUR_VINUKONDA,NHAI_Giddalur_Vinukonda_NH544D.pdf,REHABILITATION_ENGINEERING_EVIDENCE,84,IDENTIFIED_BRIDGE_CONDITION_CANDIDATE,,CONDITION,,,,REHABILITATION,km 2; km 213.000; km 322.840,,," in the month when due: (a) All taxes due and payable by the Concessionaire for and in respect of the Project; (b) Deleted; (c) All payments relating to construction of the Project, subject to and in accordance with the conditions, if any, set forth in the FinancingAgreements; (d) O&M Expenses, subject to the ceiling, if any, set forth in the Financing Agreements; (e) O&M Expenses and other costs and expenses incurred by the Authority in accordance with the provisions of this Agreement, and certified by the Authority as due and payable to it; (f) Any amounts due and payable to the Authority (other than under Clause 9.5); (g) (h) Rehabilitation and Up 'il: IOn i «!'j - Vinukonda section of NH",False,False,True
NHAI_AP_GIDDALUR_VINUKONDA,NHAI_Giddalur_Vinukonda_NH544D.pdf,REHABILITATION_ENGINEERING_EVIDENCE,85,IDENTIFIED_BRIDGE_CONDITION_CANDIDATE,,DEFECT,,,,REHABILITATION,km 212.983; km 213.000; km 322.840,,," Agreement; (d) Outstanding payments due to the Authority; (e) All payments and Damages certified by the Authority as due and payable to it by the Concessionaire; (f) Retention and payments relating to the liability for defects and deficiencies set forth in Article 33; (g) Outstanding Debt Service including the balance of Debt Due; (h) Outstanding Subordinated Debt; (i) Incurred or accrued O&M Expenses; (il Any other payments required to be made under this Agreement; and (k) Balance, if any, in accordance with the instructions of the Concessionaire: Provided that no appropriations shall be made under Sub-clause (k) of this Clause 25.4.1 until a Vesting Certificate has been issued by the Auth",False,False,True
NHAI_AP_GIDDALUR_VINUKONDA,NHAI_Giddalur_Vinukonda_NH544D.pdf,REHABILITATION_ENGINEERING_EVIDENCE,86,IDENTIFIED_BRIDGE_CONDITION_CANDIDATE,,GOOD,,,,REHABILITATION; REPLACEMENT,km 213.000,,,"ruction Period and the Operation Period, such insurances for such maximum sums as may be required under the Financing Agreements and Appiicable Laws, and such insurances as may be necessary or prudent in accordance with Good Industry Practice. The Concessionaire shall also effect and maintain such insurances as may be necessary for mitigating the risks that may devolve on the Authority as a consequence of any act or omission of the Concessionaire during the Construction Period. The Concessionaire shall procure that in each insurance policy, the Authority shall be a co-insured and that the insurer shall pay the proceeds of insurance into the Escrow Account. For the avoidance of doubt, the lev",False,False,True
NHAI_AP_GIDDALUR_VINUKONDA,NHAI_Giddalur_Vinukonda_NH544D.pdf,REHABILITATION_ENGINEERING_EVIDENCE,87,IDENTIFIED_BRIDGE_CONDITION_CANDIDATE,,GOOD,,,,REPAIR; REPLACEMENT,km 21; km 322.840,,,"-,-;."" National Highways Authority of India Concession Agreement All insurances obtained by the Concessionaire in accordance with this Article 26 shall be maintained with insurers on terms consistent with Good Industry Practice. Within 15 (fifteen) days of obtaining any insurance cover, the Concessionaire shall furnish to the Authority, notarized true copies of the certificate(s) of insurance, copies of insurance policies and premium payment receipts in respect of such insurance, and no such insurance shall be cancelled, modified, or allowed to expire or lapse until the expiration of at least 45 (forty five) days after notice of such proposed cancellation, modification or nonrenewal has been",False,False,True
NHAI_AP_GIDDALUR_VINUKONDA,NHAI_Giddalur_Vinukonda_NH544D.pdf,REHABILITATION_ENGINEERING_EVIDENCE,89,IDENTIFIED_BRIDGE_CONDITION_CANDIDATE,,GOOD,,,ORN,REPLACEMENT,km 21; km 322.840,,," revenues derived/collected by it from or on account of the Project and/or its use), income, expenditure, payments (including payments from the Escrow Account), assets and liabilities, in accordance with this Agreement, Good Industry Practice, Applicable Laws and Applicable Permits. The Concessionaire shall provide 2 (two) copies of its Balance Sheet, Cash Flow Statement and Profit and Loss Account, along with a report thereon by its Statutory Auditors, within 180 (one hundred and eighty) days of the close of the Accounting Year to which they pertain and such audited accounts, save and except where expressly provided to the contrary, shall form the basis of payments by either Party under thi",False,False,True
NHAI_AP_GIDDALUR_VINUKONDA,NHAI_Giddalur_Vinukonda_NH544D.pdf,REHABILITATION_ENGINEERING_EVIDENCE,90,BRIDGE_REPAIR_ENGINEERING_EVIDENCE,,,,,,REHABILITATION,km 212.983; km 213.000; km 322.800; km 322.840,,,"by the Statutory Auditors, such Auditors shall meet to resolve the differences and if they are unable to resolve the same, such Dispute shall be resolved by the Authority by recourse to the Dispute Resolution Procedure. Rehabilitation and Up bt tddalur - Vinukanda section of NH-544D fram Design km 212.983 (existing km 213.000) to Design km 322.800 (existing km 322.840) (Design length 112.797 km) in the State ofAndhra Pradesh to twa lane with paved shoulder under NH {OJ on Hybrid Annuity Mode",False,False,True
NHAI_AP_GIDDALUR_VINUKONDA,NHAI_Giddalur_Vinukonda_NH544D.pdf,REHABILITATION_ENGINEERING_EVIDENCE,92,IDENTIFIED_BRIDGE_CONDITION_CANDIDATE,,CONDITION; GOOD,,,INSPECTION,REHABILITATION,km 212.983; km 213.000; km 322.840,,,"ligations under this Agreement and which act or event (a) is beyond the reasonable control ofthe Affected Party, and (b) the Affected Party could not have prevented or overcome by exercise of due diligence and following Good Industry Practice, and (c) has Material Adverse Effect on the Affected Party. 28.2 Non-Political Event A Non-Political Event shall mean one or more of the following acts or events: (a) act of God, epidemic, extremely adverse weather conditions, lightning, earthquake, landslide, cyclone, flood, volcanic eruption, chemical or radioactive contamination or ionizing radiation, fire or explosion (to the extent of contamination or radiation or fire or explosion originating from",False,False,True
NHAI_AP_GIDDALUR_VINUKONDA,NHAI_Giddalur_Vinukonda_NH544D.pdf,REHABILITATION_ENGINEERING_EVIDENCE,93,IDENTIFIED_BRIDGE_CONDITION_CANDIDATE,,CONDITION,,,,MAINTENANCE,km 322.840,,,"under this Agreement and the Project Agreements; provided that such delay, modification, denial, refusal or revocation did not result from the Concessionaire's or any Contractor's inability or failure to comply with any condition relating to grant, maintenance or renewal of such clearance, license, authorization, no objection certificate, exemption, consent, approval or permit; (d) (e) . Vinukando section of NH-544D from Design km ~"""",rfli~i6(existing km 322.840) (Design length 112.797 km) in the State ~i.!itJ""1I<""'ed shoulder under NH (0) an HybridAnnuity Made",False,False,True
NHAI_AP_GIDDALUR_VINUKONDA,NHAI_Giddalur_Vinukonda_NH544D.pdf,REHABILITATION_ENGINEERING_EVIDENCE,94,GENERAL_ENGINEERING_REFERENCE,ROB,CONDITION,,,,,,,,ll particulars of: (a) The nature and extent of each Force Majeure Event which is the subject of any claim for relief under this Article 28 with evidence in support thereof; (b) The estimated duration and the effect or probable effect which such Force Majeure Event is having or will have on the Affected Party's performance of its obligations under this Agreement; (c) the measures which the Affected Party is taking or proposes to take for alleviating the impact of such Force Majeure Event; an (d) Any other information relevant to the Affected Party's claim. 28.5.2 The Affected Party shall not be entitled to any relief for or in respect of a Force Majeure Event unless it shall have notified th,False,False,True
NHAI_AP_GIDDALUR_VINUKONDA,NHAI_Giddalur_Vinukonda_NH544D.pdf,REHABILITATION_ENGINEERING_EVIDENCE,95,BRIDGE_REPAIR_ENGINEERING_EVIDENCE,,,,,ORN,REHABILITATION,km 213.000; km 2; km 322.840,,," thereof; (b) (c) upon occurrence of an Indirect Political Event, all Force Majeure Costs attributable to such Indirect Political Event, and not exceeding the Insurance Cover for such Indirect Political Event, shall be borne by the Concessionaire, and to the extent Force Majeure Costs exceed such Insurance Cover, one half of such excess amount shall be reimbursed by the Authority to the Concessionaire; and Upon occurrence of a Political Event, all Force Majeure Costs attributable to such Political Event shall be reimbursed by the Authority to the Concessionaire. For the avoidance of doubt, Force Majeure Costs may include interest payments on Debt Due, O&M Expenses, any increase in the cost o",False,False,True
NHAI_AP_GIDDALUR_VINUKONDA,NHAI_Giddalur_Vinukonda_NH544D.pdf,REHABILITATION_ENGINEERING_EVIDENCE,97,BRIDGE_REPAIR_ENGINEERING_EVIDENCE,,,,,,REHABILITATION,km 212.983; km 213.000; km 322.800; km 322.840,,," resume performance of its obligations hereunder. 28.12 Deleted ~.. -.': ~ ;­ -.: i"". C· -,---,----:-:::--,---------,-,-,-------,----,-------,--,-,--,..,.--,----,-------,----8-3----,-----,-------,----------,----,------­ Rehabilitation and Upgradatian of Giddalur - Vinukanda section of NH-544Dfram Design km 212.983 (existing km 213.000) to Design km 322.800 (existing km 322.840) (Design length 112.797 km) in the State of Andhra Pradesh to twa lane with paved shoulder under NH (0) an Hybrid Annuity Made",False,False,True
NHAI_AP_GIDDALUR_VINUKONDA,NHAI_Giddalur_Vinukonda_NH544D.pdf,REHABILITATION_ENGINEERING_EVIDENCE,99,BRIDGE_REPAIR_ENGINEERING_EVIDENCE,,,,,,MAINTENANCE,km 213.000; km 322.840,,," authorized by it under Clause 30.1 to use during Suspension, all Intellectual Property belonging to or licensed to the Concessionaire with respect to the Project and its design, engineering, construction, operation and maintenance, and which is used or created by the Concessionaire in performing its obligations under the Agreement. 30.3 Revocation of Suspension 30.3.1 In the event that the Authority shall have rectified or removed the cause of Suspension within a period not exceeding 90 (ninety) days from the date of Suspension, it shall revoke the Suspension forthwith and restore all rights of the Concessionaire under this Agreement. For the avoidance of doubt, the Parties expressly agree ",False,False,True
NHAI_AP_GIDDALUR_VINUKONDA,NHAI_Giddalur_Vinukonda_NH544D.pdf,REHABILITATION_ENGINEERING_EVIDENCE,100,BRIDGE_REPAIR_ENGINEERING_EVIDENCE,,,,,,REHABILITATION,km 212.983; km 213.000; km 322.800; km 322.840,,,"s Agreement shall apply, mutatis mutandis, to such Termination as if a Termination Notice had been issued by the Authority upon occurrence of a Concessionaire Default. ------------:----------'8-6'--------:-------:-----­ Rehabilitation and Upgradation of Giddalur- Vinukonda section af NH-544D from Design km 212.983 (existing km 213.000) to Design km 322.800 (existing km 322.840) (Design length 112.797 km) in the State of Andhra Pradesh to two lane with paved shoulder under NH (O) an Hybrid Annuity Mode",False,False,True
NHAI_AP_GIDDALUR_VINUKONDA,NHAI_Giddalur_Vinukonda_NH544D.pdf,REHABILITATION_ENGINEERING_EVIDENCE,101,IDENTIFIED_BRIDGE_CONDITION_CANDIDATE,,CONDITION,,,,REHABILITATION; MAINTENANCE,km 213.0; km 322.840,,," Performance Security within a Cure Period of 15 (fifteen) days; .•.. ~i(b) subsequent to the replenishment or furnishing of fresh Performance Security in accordance with Clause 9.2, the Concessionaire fails to meet any Condition :;':', Precedent or cure the Concessionaire Default, as the case may be, for which whole or part of the Performance Security was appropriated, within a Cure Period of 120 (one hundred and twenty) days; (c) the Concessionaire does not achieve the latest outstanding Project Milestone due in accordance with the provisions of Schedule-G and continues to be in default for 120 (one hundred and twenty) days; (d) The Concessionaire abandons or manifests intention to abandon",False,False,True
NHAI_AP_GIDDALUR_VINUKONDA,NHAI_Giddalur_Vinukonda_NH544D.pdf,REHABILITATION_ENGINEERING_EVIDENCE,102,IDENTIFIED_BRIDGE_CONDITION_CANDIDATE,,CONDITION; GOOD,RUST,BEARING,,,km 322.840,,,"transfer causes a .Material Adverse Effect; ....(p) an execution levied on any of the assets of the Concessionaire has caused a Material Adverse Effect; (q) the Concessionaire is adjudged bankrupt or insolvent, or if a trustee or receiver is appointed for the Concessionaire or for the whole or material part of its assets that has a material bearing on the Project; (r) the Concessionaire has been, or is in the process of being liquidated, dissolved, wound-up, amalgamated or reconstituted in a manner that would cause, in the reasonable opinion of the Authority, a Material Adverse Effect; (s) a resolution for winding up of the Concessionaire is passed, or any petition for winding up of the Conc",False,False,True
NHAI_AP_GIDDALUR_VINUKONDA,NHAI_Giddalur_Vinukonda_NH544D.pdf,REHABILITATION_ENGINEERING_EVIDENCE,103,BRIDGE_REPAIR_ENGINEERING_EVIDENCE,,,,,,REHABILITATION,km 212.983; km 213.000; km 322.840,,," for construction of the Project; or (d) The Authority repudiates this Agreement or otherwise takes any action that amounts to or manifests an irrevocable intention not to be bound by this Agreement. 31.2.2 r. ,: ~: '*Z Rehabilitation and U t ~n r - Vinukonda section of NH-544D from Design km 212.983 (existing km 213.000) t fist 00 (existing km 322.840) (Design length 112.797 km) in the State of Andhra Pradesh to two .• aved shoulder under NH (0) on Hybrid Annuity Mode \",False,False,True
NHAI_AP_GIDDALUR_VINUKONDA,NHAI_Giddalur_Vinukonda_NH544D.pdf,REHABILITATION_ENGINEERING_EVIDENCE,105,IDENTIFIED_BRIDGE_CONDITION_CANDIDATE,,,SETTLEMENT,,,REHABILITATION,km 213.000,,,"titute full discharge by the Authority of its payment obligations in respect thereof hereunder. 31.3.5 The Concessionaire expressly agrees that Termination Payment under this Article 31 shall constitute a full and final settlement of all claims of the Concessionaire on account :-:of Termination of this Agreement for any reason whatsoever and that the Concessionaire or any shareholder thereof shall not have any further right or claim under any law, treaty, convention, contract or otherwise. 31.4 Certain limitations on Termination Payment 31.4.1 During the Construction Period, Termination Payment due and payable under this Agreement shall be computed with reference to the Debt Due in accordanc",False,False,True
NHAI_AP_GIDDALUR_VINUKONDA,NHAI_Giddalur_Vinukonda_NH544D.pdf,REHABILITATION_ENGINEERING_EVIDENCE,106,BRIDGE_REPAIR_ENGINEERING_EVIDENCE,,,,,,REHABILITATION,km 213.00,,,"s of either Party under this Agreement, including Termination Payments and Divestment Requirements, shall survive the Termination to the extent such survival is necessaryfor giving effect to such rights and obligations. Rehabilitation and (existing km 213.00 ofAndhro Pradesh to~~l1Jr.~@~",False,False,True
NHAI_AP_GIDDALUR_VINUKONDA,NHAI_Giddalur_Vinukonda_NH544D.pdf,REHABILITATION_ENGINEERING_EVIDENCE,107,IDENTIFIED_BRIDGE_CONDITION_CANDIDATE,BRIDGE,CONDITION; DEFECT,,,,REHABILITATION; MAINTENANCE,km 21; km 213.000; km 322.840,,,"forthwith the actual or constructive possession of the Project, free and clear of all Encumbrances, save and except to the extent set forth in the Substitution Agreement; (c) cure all Project Assets, including the road, bridges, structures and equipment, of all defects and deficiencies so that the Project is compliant with the Maintenance Requirements; provided that in the event of Termination during the Construction Period, all Project Assets shall be handed over on 'as is where is' basis after bringing them to a safe condition; (d) deliver and transfer relevant records, reports, Intellectual Property and other licenses pertaining to the Project and its design, engineering, construction, op",False,False,True
NHAI_AP_GIDDALUR_VINUKONDA,NHAI_Giddalur_Vinukonda_NH544D.pdf,REHABILITATION_ENGINEERING_EVIDENCE,108,IDENTIFIED_BRIDGE_CONDITION_CANDIDATE,,FAIR; GOOD; DEFECT,,PIER; PIERS,INSPECTION; CRN,MAINTENANCE,km 212.; km 213.000; km 322.840,,,"han 15 (fifteen) days prior to the effective date of such Termination, the Independent Engineer shall verify, after giving due notice to the Concessionaire specifying the time, date and place of such verification and/or inspection, compliance by the Concessionaire with the Maintenance Requirements, and if required, cause appropriate tests to be carried out at the Concessionaire's cost for this purpose. Defaults, if any, in the Maintenance Requirements shall be cured by the Concessionaire at its cost and the provisions of Article 33 shall apply, mutatis mutandis, in relation to curing of defects or deficiencies under this Article 32. .;;"" 32.3 Cooperation and assistance on transfer of Project",False,False,True
NHAI_AP_GIDDALUR_VINUKONDA,NHAI_Giddalur_Vinukonda_NH544D.pdf,REHABILITATION_ENGINEERING_EVIDENCE,109,BRIDGE_REPAIR_ENGINEERING_EVIDENCE,,,,,ORN,REHABILITATION,km 212.983; km 213.000; km 322.800; km 322.840,,,"' I,;' National Highways Authority of India Concession Agreement "".. or Documents executed by the Concessionaire in connection with such Divestment shall be borne by the Authority. 32.5.2 In the event of any Dispute relating to matters covered by and under this Article 32, the Dispute Resolution Procedure shall apply. *­ 0f 95 Rehabilitation and Upgr . i,,/}l . dalur - Vinukanda section of NH-S44Dfram Design km 212.983 (existing km 213.000) to Design km 322.800 (existing km 322.840) (Design length 112.797 km) in the State ofAndhra Pradesh to twa lane with paved shoulder under NH (0) an Hybrid Annuity Mode",False,False,True
NHAI_AP_GIDDALUR_VINUKONDA,NHAI_Giddalur_Vinukonda_NH544D.pdf,REHABILITATION_ENGINEERING_EVIDENCE,110,IDENTIFIED_BRIDGE_CONDITION_CANDIDATE,,DEFECT,,,INSPECTION,REPAIR; REPAIRS; REHABILITATION; MAINTENANCE,km 213.000; km 322.840,,,"- National Highways Authority of India Concession Agreement ARTICLE 33 DEFECTS LIABILITY AFTER TERMINATION 33.1 Liability for defects after Termination The Concessionaire shall be responsible for all defects and deficiencies in the Project for a period of 120 (one hundred and twenty) days after Termination, and it shall have the obligation to repair or rectify, at its own cost, all defects and deficiencies observed by the Independent Engineer in the Project during the aforesaid period. In the event that the Concessionaire fails to repair or rectify such defect or deficiency within a period of 15 (fifteen) days from the date of notice issued by the Authority in this behalf, the Authority shal",False,False,True
NHAI_AP_GIDDALUR_VINUKONDA,NHAI_Giddalur_Vinukonda_NH544D.pdf,REHABILITATION_ENGINEERING_EVIDENCE,111,BRIDGE_REPAIR_ENGINEERING_EVIDENCE,,,,,,REHABILITATION,km 212.983; km 213.000; km 322.800; km 322.840,,,"NationalHighways Authorityof India Concession Agreement .., Part VI Other Provisions ,''l .' :-, 97 Rehabilitation and Upgr tkJ;,.·· i:Jofur- Vinukonda section of NH-S44D from Design km 212.983 (existing km 213.000) to Design km 322.800 (existing km 322.840) (Design length 112.797 km) in the State of Andhro Prodesh to two fane with paved shoulder under NH (0) on Hybrid Annuity Mode",False,False,True
NHAI_AP_GIDDALUR_VINUKONDA,NHAI_Giddalur_Vinukonda_NH544D.pdf,REHABILITATION_ENGINEERING_EVIDENCE,112,IDENTIFIED_BRIDGE_CONDITION_CANDIDATE,,GOOD,,,,REHABILITATION,km 213.000; km 0; km 322.840,,,"raints set forth in Clause34.1 shall not apply to: (a) liens arising by operation of law (or by an agreement evidencing the same) in the ordinary course of business of the Project; (b) mortgages/pledges/hypothecation of goods/assets other than Project Assets and their related documents of title, arising or created in the ordinary course of business of the Project, and as security only for indebtedness to the Senior Lenders under the Financing Agreements and/or for working capital arrangements for the Project. For the avoidance of doubt, the Senior Lenders would be entitled to create a lien on the EscrowAccount, subject to and without prejudice to the rights of the Authority under this Agreem",False,False,True
NHAI_AP_GIDDALUR_VINUKONDA,NHAI_Giddalur_Vinukonda_NH544D.pdf,REHABILITATION_ENGINEERING_EVIDENCE,115,BRIDGE_REPAIR_ENGINEERING_EVIDENCE,,,,,,REHABILITATION,km 213.000; km 322.840,,,"y subsequent Accounting Year shall be made after the commencement of the Accounting Year to which the demand pertains, but no later than 2 (two) years from the close of such Accounting Year. 35.5 Deleted I' I'"" .... 101 Rehabilitation and Upg a - Vinukonda section of NH-544Dfrom Design km (existing km 213.000) to D n MNlli' 00 (existing km 322.840) (Design length 112.797 km) in the State of Andhro Pradesh to two lane Wit paved shoulder under NH (0) on Hybrid Annuity Mode",False,False,True
NHAI_AP_GIDDALUR_VINUKONDA,NHAI_Giddalur_Vinukonda_NH544D.pdf,REHABILITATION_ENGINEERING_EVIDENCE,116,IDENTIFIED_BRIDGE_CONDITION_CANDIDATE,,DEFECT,,,,REHABILITATION,km 2; km 213.000; km 322.840,,,"es for any loss, damage, cost and expense of whatever kind and nature, whether arising out of any breach by the Concessionaire of any of its obligations under this Agreement or any related agreement or on account of any defect or deficiency in the provision of services by the Concessionaire to the Authority or to any User, or from any negligence of the Concessionaire under contract or tort or on any other ground whatsoever, except to the extent that any such suits, proceedings, actions, demands and claims have arisen due to any negligent act or omission, or breach or default of this Agreement on the part of the Authority Indemnified Persons. 36.1.2 The Authority shall indemnify, defend, save",False,False,True
NHAI_AP_GIDDALUR_VINUKONDA,NHAI_Giddalur_Vinukonda_NH544D.pdf,REHABILITATION_ENGINEERING_EVIDENCE,118,IDENTIFIED_BRIDGE_CONDITION_CANDIDATE,,SATISFACTORY,,,,,km 212.983; km 322.840,,,"e a conflict of interest between the Indemnifying Party and the Indemnified Party in the conduct of the defense of such action; (c) the Indemnifying Party shali not, in fact, have employed independent counsel reasonably satisfactory to the Indemnified Party, to assume the defense of such action and shali have been so notified by the Indemnified Party; or (d) The Indemnified Party shali have reasonably conciuded and specifically notified the Indemnifying Party either: (I) that there may be specific defenses available to it which are different from or additional to those available to the Indemnifying Party; or (ii) That such claim, action, suit or proceeding involves or could have a material a",False,False,True
NHAI_AP_GIDDALUR_VINUKONDA,NHAI_Giddalur_Vinukonda_NH544D.pdf,REHABILITATION_ENGINEERING_EVIDENCE,119,BRIDGE_REPAIR_ENGINEERING_EVIDENCE,,,,,,MAINTENANCE,km 212.983; km 213.000; km 322.840,,,"n reasonable notice, the Concessionaire shall provide to such persons reasonable assistance necessary to carry out their respective duties and functions. 37.2.2 The Concessionaire shall, for the purpose of operation and maintenance of any utility or road specified in Article 11, allow free access to the Site at all times for the authorized persons and vehicles of the controlling body of such utility or road. 37.3 Property taxes All property taxes on the Site shall be payable by the Authority as owner of the Site; provided, however, that any such taxes payable by the Concessionaire under Applicable Laws for use of the Site shall not be reimbursed or payable by the Authority. For the avoidance",False,False,True
NHAI_AP_GIDDALUR_VINUKONDA,NHAI_Giddalur_Vinukonda_NH544D.pdf,REHABILITATION_ENGINEERING_EVIDENCE,120,IDENTIFIED_BRIDGE_CONDITION_CANDIDATE,,GOOD,SETTLEMENT,,,,km .9; km 213.000; km 322.840,,,"ance with the conciliation procedure set forth in Clause 38.2. '.' ~ 38.1.2 The Parties agree to use their best efforts for resolving all Disputes arising under or in respect of this Agreement promptly, equitably and in good faith, and further agree to provide each other with reasonable access during normal business hours to all non­ privileged records, information and data pertaining to any Dispute. 38.2 Conciliation In the event of any Dispute between the Parties, either Party may call upon the Independent Engineer to mediate and assist the Parties in arriving at an amicable settlement thereof. Failing mediation by the Independent Engineer or without the intervention of the Independent Eng",False,False,True
NHAI_AP_GIDDALUR_VINUKONDA,NHAI_Giddalur_Vinukonda_NH544D.pdf,REHABILITATION_ENGINEERING_EVIDENCE,121,BRIDGE_REPAIR_ENGINEERING_EVIDENCE,,,,,,REHABILITATION,km 212.983; km 213.000; km 322.840,,,"ference to arbitration under Clause 38.3, be adjudicated upon by such tribunal or other forum in accordance with Applicable Lawsand all references to Dispute Resolution Procedure shall be construed accordingly. r-"" 1C 7 Rehabilitation and Upgr ti'l'J~ ur- Vinukonda section of NH-544D from Design km 212.983 (existing km 213.000) to Oest 22.800 (existing km 322.840) (Design length 112.797 km) in the State of Andhra Pradesh to two lane with paved shoulder under NH (D) on HybridAnnuity Mode",False,False,True
NHAI_AP_GIDDALUR_VINUKONDA,NHAI_Giddalur_Vinukonda_NH544D.pdf,REHABILITATION_ENGINEERING_EVIDENCE,122,BRIDGE_REPAIR_ENGINEERING_EVIDENCE,,,,,INSPECTION,REHABILITATION; MAINTENANCE,km 212.983; km 213.000; km 322.800; km 322.840,,,"National Highways Authority of India Concession Agreement ARTICLE 39 DISCLOSURE 39.1 Disclosure of Specified Documents The Concessionaire shall make available for inspection by any person, copies of this Concession Agreement, the Maintenance Manual, the Maintenance Program, the Maintenance Requirements and the Safety Requirements (hereinafter collectively referred to as the ""Specified Documents""), free of charge, during normal business hours on all working days at the Site and the Concessionaire's Registered Office. The Concessionaire shall prominently display at the Site, public notices stating the availability of the Specified Documents for such inspection, and shall provide copies of the ",False,False,True
NHAI_AP_GIDDALUR_VINUKONDA,NHAI_Giddalur_Vinukonda_NH544D.pdf,REHABILITATION_ENGINEERING_EVIDENCE,123,IDENTIFIED_BRIDGE_CONDITION_CANDIDATE,,FAIR,,,,,km 212.983; km 213.000; km 322.800; km 322.840,,," entry has been recorded during the course of such month, and upon perusal thereof, the Authority may, in its discretion, advise the Concessionaire to take such further action as the Authority may deem appropriate for a fair and just redressal of any grievance. The Concessionaire shall consider such advice and inform the Authority of its decision thereon, and if the Authority is of the opinion that the Complainant is entitled to further relief, the Authority may advise the Complainant to seek appropriate remedy under the Consumer Protection Act, 1986, at his own risk and cost. r:· -;.' Rehabilitatian and Upgradatian r - Vinukanda sectian af NH-544Dfram Design km 212.983 (existing km 213.000)",False,False,True
NHAI_AP_GIDDALUR_VINUKONDA,NHAI_Giddalur_Vinukonda_NH544D.pdf,REHABILITATION_ENGINEERING_EVIDENCE,124,IDENTIFIED_BRIDGE_CONDITION_CANDIDATE,,CONDITION,,,,,km 212.983; km 213.000; km 322.840,,,"rpreted in accordance with and governed by the laws of India, and the courts in New Delhi shall have exclusive jurisdiction over matters arising out of or relating to this Agreement. 41.2 Waiver of immunity Each Party unconditionally and irrevocably: (a) Agrees that the execution, delivery and performance by it of this Agreement constitute commercial acts done and performed for commercial purpose; (b) agrees that, should any proceedings be brought against it or its assets, property ,"": or revenues in any jurisdiction in relation to this Agreement or any transaction contemplated by this Agreement, no immunity (whether by reason of sovereignty or otherwise) from such proceedings shall be claim",False,False,True
NHAI_AP_GIDDALUR_VINUKONDA,NHAI_Giddalur_Vinukonda_NH544D.pdf,REHABILITATION_ENGINEERING_EVIDENCE,125,IDENTIFIED_BRIDGE_CONDITION_CANDIDATE,,CONDITION,,,INSPECTION,MAINTENANCE,km 322.840,,,"National HighwaysAuthorityof India ConcessionAgreement 41.5 Waiver 41.5.1 Waiver, including partial or conditional waiver, by either Party of any default by the other Party in the observance and performance of any provision of or obligations under this Agreement: (a) Shall not operate or be construed as a waiver of any other or subsequent default hereof or of other provisions of or obligations under this Agreement; (b) Shall not be effective unless it is in writing and executed by a duly authorized representative of the Party; and (c) Shall not affect the validity or enforceability of this Agreement in any manner. 41.5.2 Neither the failure by either Party to insist on any occasion upon the ",False,False,True
NHAI_AP_GIDDALUR_VINUKONDA,NHAI_Giddalur_Vinukonda_NH544D.pdf,REHABILITATION_ENGINEERING_EVIDENCE,126,IDENTIFIED_BRIDGE_CONDITION_CANDIDATE,,GOOD,,,,REHABILITATION,km 2.; km 213.000; km 322.840,,,"isdiction or any other instrumentality to be invalid, illegal or unenforceable, the validity, legality or enforceability of the remaining provisions shall not be affected in any manner, and the Parties will negotiate in good faith with a view to agreeing to one or more provisions which may be substituted for such invalid, unenforceable or illegal provisions, as nearly as is practicable to such invalid, illegal or unenforceable provision. Failure to agree upon any such provisions shall not be subject to the Dispute Resolution Procedure set forth under this Agreement or otherwise. 41.11 No partnership This Agreement shall not be interpreted or construed to create an association, joint venture ",False,False,True
NHAI_AP_GIDDALUR_VINUKONDA,NHAI_Giddalur_Vinukonda_NH544D.pdf,REHABILITATION_ENGINEERING_EVIDENCE,127,BRIDGE_REPAIR_ENGINEERING_EVIDENCE,,,,,,REHABILITATION,km 213.000,,,"munications, Documentation and proceedings which are in any way relevant to this Agreement shall be in writing and in English language. 41.16 Counterparts This Agreement and delivered, sha ,---- ma ;z. . r "",.m<i't6:rN> Rehabilitation and Upgradatl (existing km 213.000) ta Desig ofAndhra Pradesh to two lane",False,False,True
NHAI_AP_GIDDALUR_VINUKONDA,NHAI_Giddalur_Vinukonda_NH544D.pdf,REHABILITATION_ENGINEERING_EVIDENCE,128,BRIDGE_REPAIR_ENGINEERING_EVIDENCE,,,,,,REHABILITATION,km 212.983; km 213.000; km 322.840,,,"nment for providing the support and services specified therein (the ""State Support Agreement""), and the Parties hereto agree to make their best endeavors to procure the support of the State Government. ';:"". ~:: s-, 114 Rehabilitation and Upgra ,of ~ nukondo section of NH-544D from Design km 212.983 (existing km 213.000) to De . ~~~~~~~xisting km 322.840) (Design length 112.797 km) in the State ofAndhra Pradesh to twa lane Ii< shoulder under NH (0) on HybridAnnuity Mode",False,False,True
NHAI_AP_GIDDALUR_VINUKONDA,NHAI_Giddalur_Vinukonda_NH544D.pdf,REHABILITATION_ENGINEERING_EVIDENCE,129,IDENTIFIED_BRIDGE_CONDITION_CANDIDATE,,CONDITION,,,,MAINTENANCE,km 322.840,,,"ances, licenses, permits, authorizations, no objection certificates, consents, approvals and exemptions required to be obtained or maintained under Applicable Laws in connection with the construction, operation and ;:,: maintenance of the Project during the subsistence of this Agreement; ""Appointed Date"" means the date on which Financial Close is achieved and every Condition Precedent is satisfied, in accordance with the provisions of this Agreement, and such date shall be the date of commencement of the Concession Period; ..~' s, in relation to either Party, and a person W Is,..h~O~Cgp~~~ common control with such Party (as )J means, with respect to a person whic "",""rI. nukondo section of NH",False,False,True
NHAI_AP_GIDDALUR_VINUKONDA,NHAI_Giddalur_Vinukonda_NH544D.pdf,REHABILITATION_ENGINEERING_EVIDENCE,130,BRIDGE_REPAIR_ENGINEERING_EVIDENCE,,,,,,REHABILITATION; REPLACEMENT,km 212.983; km 213.000; km 322.840,,,"a bank in which any Senior Lender has an interest; ""Bank Rate"" means the rate of interest specified by the Reserve Bank of India from time to time in pursuance of section 49 of the Reserve Bank of India Act, 1934 or any replacement of such Bank Rate for the time being in effect; ,"" ' ""Bid"" means the documents in their entirety comprised in the bid submitted by the selected bidder in response to the Request for Proposals in accordance with the provisions thereof and ""Bids"" shall mean the bids submitted by any and all pre-qualified bidders; ""Bid Date"" means the last date on which the Bid may have been submitted in accordance with the provisions of the Request for Proposals; ""Bid Project Cost"" ",False,False,True
NHAI_AP_GIDDALUR_VINUKONDA,NHAI_Giddalur_Vinukonda_NH544D.pdf,REHABILITATION_ENGINEERING_EVIDENCE,131,IDENTIFIED_BRIDGE_CONDITION_CANDIDATE,,CONDITION,,,,MAINTENANCE,km 212.983; km 213.000; km 322.840,,,"during Construction Period and two years thereafter; provided that any material variation (as compared to the representations made by the Concessionaire during the bidding process for the purposes of meeting the minimum conditions of eligibility or for evaluation of its application or bid, as the case may be,) in the proportion of the equity holding of the selected bidder to the total Equity, if it occurs prior to completion of a period two years after COD, shall constitute Changein Ownership; :.:' ""Change of Scope"" shall have the meaning as set forth in Clause16.1.1; ""Company"" means the company acting asthe Concessionaire under this Agreement; ""Completion Certificate"" shall have the meaning",False,False,True
NHAI_AP_GIDDALUR_VINUKONDA,NHAI_Giddalur_Vinukonda_NH544D.pdf,REHABILITATION_ENGINEERING_EVIDENCE,133,IDENTIFIED_BRIDGE_CONDITION_CANDIDATE,,CONDITION,,,,,km 213.000,,,"alia, engineering and construction of the Project in accordance with the provisions of this Agreement; ""EPC Contractor"" means the person with whom the Concessionaire has entered into an EPC Contract; ""Emergency"" means a condition or situation that is likely to endanger the security of the individuals on or about the Project, including Users thereof, or which poses an immediate threat of material damage to any of the Project Assets; ""Encumbrances"" means, in relation to the Project, any encumbrances such as mortgage, charge, pledge, lien, hypothecation, security interest, assignment, privilege or priority of any kind having the effect of security or other such obligations, and shall include an",False,False,True
NHAI_AP_GIDDALUR_VINUKONDA,NHAI_Giddalur_Vinukonda_NH544D.pdf,REHABILITATION_ENGINEERING_EVIDENCE,134,IDENTIFIED_BRIDGE_CONDITION_CANDIDATE,,GOOD,,,,REHABILITATION,km 213.000; km 322.840,,,", and includes amendments or modifications made in accordance with Clause5.2.3; ""Force Majeure"" or ""Force Majeure Event"" shall have the meaning ascribed to it in Clause 28.1; j,""GOI"" means the Government of India; .,., ""Good Industry Practice"" means the practices, methods, techniques, designs, standards, '. ii·skills, diligence, efficiency, reliability and prudence which are generally and reasonably expected from a reasonably skilled and experienced operator engaged in the same type of undertaking as envisaged under this Agreement and which would be expected to ,i. . result in the performance of its obligations by the Concessionaire in accordance with this Agreement, Applicable Laws and Appl",False,False,True
NHAI_AP_GIDDALUR_VINUKONDA,NHAI_Giddalur_Vinukonda_NH544D.pdf,REHABILITATION_ENGINEERING_EVIDENCE,136,BRIDGE_REPAIR_ENGINEERING_EVIDENCE,,,,,INSPECTION,REPAIR; REPLACEMENT; MAINTENANCE,Km 212.983; Km 213.000; Km 322.800; Km 322.840,,,"g (a) cost of salaries and other compensation to employees, (b) cost of materials, supplies, utilities and other services, (c) premier for insurance, (d) all taxes, duties, cess and fees due and payable for O&M, (e) all repair, replacement, reconstruction, reinstatement, improvement and maintenance costs, (f) payments required to be made under the O&M Contract or any other contract in connection with or incidental to O&M, and (g) all other expenditure required to be incurred under Applicable Laws, Applicable Permits or this Agreement; ""O&M Inspection Report"" shall have the meaning as set forth in Clause 19.2; ""O&M Payments"" shall have the meaning as set forth in Clause 23.7.1; ""Operation Per",False,False,True
NHAI_AP_GIDDALUR_VINUKONDA,NHAI_Giddalur_Vinukonda_NH544D.pdf,REHABILITATION_ENGINEERING_EVIDENCE,137,IDENTIFIED_BRIDGE_CONDITION_CANDIDATE,BRIDGE; ROAD OVER BRIDGE,GOOD,,FOUNDATION,,REPLACEMENT; MAINTENANCE,Km 212.983; Km 213.000; Km 322.800; Km 322.840,,,"National Highways Authority of India Concession Agreement Substitution Agreement, or any agreement for procurement of goods and services involving a consideration of up to Rs. 25 Crore (Rupees Twenty FiveCrore only); ""Project Assets"" means all physical and other assets relating to and forming part of the Site including (a) rights over the Site in the form of license, Right of Way or otherwise; (b) tangible assets such as civil works and equipment including foundations, embankments, pavements, road surface, interchanges, bridges, culverts, road over bridges, drainage works, traffic signals, sign boards, kilometer-stones, toll plazals], electrical systems, communication systems, rest areas, re",False,False,True
NHAI_AP_GIDDALUR_VINUKONDA,NHAI_Giddalur_Vinukonda_NH544D.pdf,REHABILITATION_ENGINEERING_EVIDENCE,138,IDENTIFIED_BRIDGE_CONDITION_CANDIDATE,,,RUST,,,MAINTENANCE,km 322.840,,,"tal (B); ""Right of Way"" means the constructive possession of the Site, together with all way leaves, easements, unrestricted access and other rights of way, howsoever described, necessary for construction, operation and maintenance of the Project in accordance with this Agreement; ""Safety Consultant"" shall have the meaning as set forth in Clause 18.1.2; ""Safety Requirements"" shall have the meaning as set forth in Clause 18.1.1; ""Scheduled Completion Date"" shall have the meaning as set forth in Clause 12.3.1; ""Scope of the Project"" shall have the meaning as set forth in Clause 2.1; ""Senior Lenders"" means the financial institutions, banks, multilateral lending agencies, trusts, funds and agent",False,False,True
NHAI_AP_GIDDALUR_VINUKONDA,NHAI_Giddalur_Vinukonda_NH544D.pdf,REHABILITATION_ENGINEERING_EVIDENCE,139,IDENTIFIED_BRIDGE_CONDITION_CANDIDATE,,GOOD,,,,REHABILITATION,km 212.983; km 213.000; km 322.840,,,"National Highways Authority of India Concession Agreement 125 Rehabilitation and Upgradatia {;; onda section of NH-544Dfrom Design km 212.983 (existing km 213.000) to Design k· 2!JlIlitJ .sting km 322.840) (Design length 112.797 km) in the State ofAndhra Pradesh to two lane with paved shoulder under NH (0) on Hybrid Annuity Mode ::: r~-.. ;: (b) all accrued interest on the debt referred to in Sub-clause (a) above but restricted -',' to the lesser of actual interest rate and a rate equal to 5% (five per cent) above the Bank Rate in case of loans expressed in Indian Rupees and lesser of the actual interest rate and 6 (six) month L1BOR (London Inter-Bank Offer Rate) plus 2% (two per cent) in ca",False,False,True
NHAI_AP_GIDDALUR_VINUKONDA,NHAI_Giddalur_Vinukonda_NH544D.pdf,REHABILITATION_ENGINEERING_EVIDENCE,140,BRIDGE_REPAIR_ENGINEERING_EVIDENCE,,,,,,REHABILITATION,km 212.983; km 213.000; km 322.840,,,"s a reference to the latest monthly WPI published no later than 30 (thirty) days prior to the date of consideration hereunder. ;~'. ~~ ,,,""- ~ '().,\ ~ c'l(;I:?. ';' ....... ........ ,:""j). i~· • JJ\ il:. r;1.~ 126., V' Rehabilitation and Upgradatia . 6j kanda section of NH-S44Dfram Design km 212.983 ., . (existing km 213.000) to Design R iI. xisting km 322.840) (Design length 112.797 km) in the State of Andhra Pradesh to twa lane with paved shoulder under NH (0) an Hybrid Annuity Made",False,False,True
NHAI_AP_GIDDALUR_VINUKONDA,NHAI_Giddalur_Vinukonda_NH544D.pdf,REHABILITATION_ENGINEERING_EVIDENCE,145,BRIDGE_REPAIR_ENGINEERING_EVIDENCE,,,,,,REHABILITATION,km 212.983; km 213.000; km 322.800; km 322.840,,,"~ [ \.~. rt~ »: .. Rehabilitation and Upgradaticn ofGiddalur - Vinukonda section ofNH-544D from Design km 212.983 (existing km 213.000) to ~~~ Design km 322.800 (existing km 322.840) (Design length 112.797 km) in the State of Andhra Pradesh to two lane with paved shoulder under NH (0) on Hybrid Annuity Mode. ';::: Annex-I , (Schedule-A) ., ,0 Site for Two/Four Laning 1. Site ): .'The project highway aims to developing the existing two lanes to two lanes paved ~ ,,shoulder/four lanes from Giddalur(Design Km 212.983 /Existing Km 213.000) to Vinukonda (Design Km 322.800/Existing Km 322.840 (Design Length = 112.797Km including 800m approach of f1yovers at start and end of NH-565 and 2.18 Km of c",False,False,True
NHAI_AP_GIDDALUR_VINUKONDA,NHAI_Giddalur_Vinukonda_NH544D.pdf,REHABILITATION_ENGINEERING_EVIDENCE,146,BRIDGE_REPAIR_ENGINEERING_EVIDENCE,,,,,,REHABILITATION,km 212.983; km 213.000; km 322.800,,,Rehabilitation and UpgradationofGiddalur- Vinukonda section ofNH-544D from Design km 212.983 (existing km 213.000) to Design km 322.800 (existingkm 322.840) (Design length l 12.797 km) in the State of Andhra Pradesh to two lane with paved shoulder under NH(0) on Hybrid Annuity Mode. 31 243.000 242.896 32 244.000 243.982 33 245.000 244.982 34 246.000 245.980 ~; 35 247.000 246.973 36 248.000 247.921 37 249.000 248.921 38 250.000 249.922 39 251.000 250.921 40 252.000 251.920 41 253.000 252.921 42 254.000 253.920 43 255.000 254.919 44 256.000 255.918 45 257.000 256.919 46 258.000 ·257.917 47 259.000 258.915 48 260.000 259.910 49 261.000 260.901 50 262.000 261.888 51 263.000 262.887 52 264.000 26,False,False,True
NHAI_AP_GIDDALUR_VINUKONDA,NHAI_Giddalur_Vinukonda_NH544D.pdf,REHABILITATION_ENGINEERING_EVIDENCE,147,BRIDGE_REPAIR_ENGINEERING_EVIDENCE,,,,,,REHABILITATION,km 212.983; km 213.000; km 322; km 322.840,,,"Rehabilitation and Upgradation of Giddalur - Vinukonda section of NH-544D from Design km 212.983 (existing km 213.000) to Design km 322,800 (existing km 322.840) (Design length 112.797 km) in the State of Andhra Pradesh to two lane with paved shoulder under NH (0) on Hybrid Annuity Mode. 72 73 74 75 76 77 78 79 80 81 82 83 84 85 86 87 88 89 90 91 92 93 94 95 96 97 98 99 100 101 102 103 104 105 106 107 108 tIffl<,"" Or""::>... / -t-}i:r '~~ ~tf~ <e ~ ~ ~11~ f(1 « ...~~~ {d' 1- 0'./- ~ Y AI I "",~_ 279.000 278.690 280.000 279.669 281.000 280.689 282.000 281.690 283.000 282.688 284.000 283.683 285.000 284.674 286.000 285.689 287.000 286.684 288.000 287.682 289.000 288.697 290.000 289.692 291.000 2",False,False,True
NHAI_AP_GIDDALUR_VINUKONDA,NHAI_Giddalur_Vinukonda_NH544D.pdf,REHABILITATION_ENGINEERING_EVIDENCE,148,BRIDGE_REPAIR_ENGINEERING_EVIDENCE,,,,,,REHABILITATION,km 212.983; km 322.800; km 322.840,,,"Rehabilitation and Upgrudutlon ofGiddalur- VinukondasectionofNH-544D from Design km 212.983 (existingkm 213.000) to Design km 322.800 (existing km 322.840) (Design length 112.797 km) in the State of Andhra Pradesh to two lane with paved ~ ;,:'.'shoulder under NH(0) on Hybrid Annuity Mode. ?:. , .. . .'., .. '.'<Sr0,No····..• ~>'.,. , , ..' ,-. 113 114 115 116 117 ••••.••E~i~Jirig¢J1aj!1~~~:(~l11y·,~ .:;>:'""~' ::;: ;::-~ ""~,~-<f:L::!~:' .:io'::: j:""""'':.)' _.~\,.,:' ""s-.-, ,~ R~ti~~:~~~~~ij$!~1J!~I~;~I~@il§1~rt~]!~~ii 318 000 317 984 319 000 318 960 320 000 319 963 321 000 320 966 322 000 321 960 2. Land (ROW) TheSiteoftheProjectHighwaycomprisestheland described below: ExistinQ ChainaQelKm) S",False,False,True
NHAI_AP_GIDDALUR_VINUKONDA,NHAI_Giddalur_Vinukonda_NH544D.pdf,REHABILITATION_ENGINEERING_EVIDENCE,149,BRIDGE_REPAIR_ENGINEERING_EVIDENCE,,,,,,REHABILITATION,km 213.000; km 322; km 322.840,,,"Rehabilitation and Upgradation of Giddalur - Vinukonda section ofNH-544D from Design krn 212.983 (existing km 213.000) to Design km 322,800 (existing km 322.840) (Design length 112.797 km) in the State of Andhra Pradesh to two lane with paved shoulder under NH (0) on Hybrid Annuity Mode. .. .. . . . . .. ExistinQ ChainaQell<ml·· . SNo .From To Averaae Existino ROW (m] 30 242.000 243.000 20.700 31 243.000 244.000 30.000 32 244.000 245.000 30.000 33 245.000 246.000 14.330 34 246.000 247.000 17.500 35 247.000 248.000 17.500 . 36 248.000 249.000 17.500 37 249.000 250.000 15.920 38 250.000 251.000 14.330 39 251.000 252.000 14.330 40 252.000 253.000 13.680 41 253.000 254.000 14.850 42 254.000 255.",False,False,True
NHAI_AP_GIDDALUR_VINUKONDA,NHAI_Giddalur_Vinukonda_NH544D.pdf,REHABILITATION_ENGINEERING_EVIDENCE,150,BRIDGE_REPAIR_ENGINEERING_EVIDENCE,,,,,,REHABILITATION,km 212.983; km213.000; km 322.800; km 322.840,,,Rehabilitation and Upgradation ofGiddalur- vinukonda section ofNH-544D from Design km 212.983 (existing km213.000) (0 Design km 322.800 (existing km 322.840) (Design length 112.797 km) in the State of Andhra Pradesh to two lane with paved shoulder under NH(0) on Hybrid Annuity Mode. . . -. EXistinaChainaaelKml . FromSNo To Average Existing ROW (m) 281.00069 282.000 27.450 70 282.000 283.000 28.480 71 284.000283.000 26.290 72 284.000 285.000 15.950 73 285.000 286.000 14.040 74 286.000 287.000 13:860 75 287.000 288.000 13.860 76 288.000 289.000 11.360 77 289.000 290.000 13.930 78 290.000 291.000 14.210 79 291.000 292.000 12.510 80 292.000 293.000 15.010 81 ~.293.000 294.000 17.370 82 294.000 2,False,False,True
NHAI_AP_GIDDALUR_VINUKONDA,NHAI_Giddalur_Vinukonda_NH544D.pdf,REHABILITATION_ENGINEERING_EVIDENCE,151,BRIDGE_REPAIR_ENGINEERING_EVIDENCE,,,,,,REHABILITATION,Chainage.; km 212.983; km 213.000; km 322.800; km 322.840,AP_BR_OSM_W1081167107; AP_BR_OSM_W1086848414; AP_BR_OSM_W1086848416; AP_BR_OSM_W1086848436; AP_BR_OSM_W1086848440; AP_BR_OSM_W1088411426; AP_BR_OSM_W1088411432; AP_BR_OSM_W1088411472; AP_BR_OSM_W1088411473; AP_BR_OSM_W1088411477; AP_BR_OSM_W1088411479; AP_BR_OSM_W1088426820; AP_BR_OSM_W1088426833; AP_BR_OSM_W1088426835; AP_BR_OSM_W1088463022; AP_BR_OSM_W1088463024; AP_BR_OSM_W1089450070; AP_BR_OSM_W1089450073; AP_BR_OSM_W1089450078; AP_BR_OSM_W1089450081; AP_BR_OSM_W1120249872; AP_BR_OSM_W1155071501; AP_BR_OSM_W1155071503; AP_BR_OSM_W1191649245; AP_BR_OSM_W1225609297; AP_BR_OSM_W1232731403; AP_BR_OSM_W1232731423; AP_BR_OSM_W1237976449; AP_BR_OSM_W1237978378; AP_BR_OSM_W1237978510; AP_BR_OSM_W1237978514; AP_BR_OSM_W1237979758; AP_BR_OSM_W1237979762; AP_BR_OSM_W1243542316; AP_BR_OSM_W1243542321; AP_BR_OSM_W1245312598; AP_BR_OSM_W1245312599; AP_BR_OSM_W1273875767; AP_BR_OSM_W1273875769; AP_BR_OSM_W1273875773; AP_BR_OSM_W1273875775; AP_BR_OSM_W1273875815; AP_BR_OSM_W1273875817; AP_BR_OSM_W1273875869; AP_BR_OSM_W1273875875; AP_BR_OSM_W1273875877; AP_BR_OSM_W1306892617; AP_BR_OSM_W1306892623; AP_BR_OSM_W1324235692; AP_BR_OSM_W1329295334; AP_BR_OSM_W1329295340; AP_BR_OSM_W1362529455; AP_BR_OSM_W1362529457; AP_BR_OSM_W1367602016; AP_BR_OSM_W1384358138; AP_BR_OSM_W1451125171; AP_BR_OSM_W1463702254; AP_BR_OSM_W1463702255; AP_BR_OSM_W1467110239; AP_BR_OSM_W1470248110; AP_BR_OSM_W1470248112; AP_BR_OSM_W1470248115; AP_BR_OSM_W1470248117; AP_BR_OSM_W1470254032; AP_BR_OSM_W1470254034; AP_BR_OSM_W1470254037; AP_BR_OSM_W1470254039; AP_BR_OSM_W1470254042; AP_BR_OSM_W1470254595; AP_BR_OSM_W1470254597; AP_BR_OSM_W1492140167; AP_BR_OSM_W1492140169; AP_BR_OSM_W1498208935; AP_BR_OSM_W1498208941; AP_BR_OSM_W1498244122; AP_BR_OSM_W1509394849; AP_BR_OSM_W1509394850; AP_BR_OSM_W1513126572; AP_BR_OSM_W1513126574; AP_BR_OSM_W1513577126; AP_BR_OSM_W1523945375; AP_BR_OSM_W1523945376; AP_BR_OSM_W1524280480; AP_BR_OSM_W1526081025; AP_BR_OSM_W1534018757; AP_BR_OSM_W1534018759; AP_BR_OSM_W1540667922; AP_BR_OSM_W1544023678; AP_BR_OSM_W1544023680; AP_BR_OSM_W1546593842; AP_BR_OSM_W1546593845; AP_BR_OSM_W480403927; AP_BR_OSM_W480403929; AP_BR_OSM_W673858216; AP_BR_OSM_W673858223; AP_BR_OSM_W826596384; AP_BR_OSM_W826596386; AP_BR_OSM_W826596400; AP_BR_OSM_W826596402; AP_BR_OSM_W826596413; AP_BR_OSM_W826596416; AP_BR_OSM_W826596424; AP_BR_OSM_W826596430; AP_BR_OSM_W826596440; AP_BR_OSM_W826596442; AP_BR_OSM_W826596445; AP_BR_OSM_W826596449; AP_BR_OSM_W826596455; AP_BR_OSM_W826596458; AP_BR_OSM_W826596464; AP_BR_OSM_W826596466; AP_BR_OSM_W826596490; AP_BR_OSM_W826596496; AP_BR_OSM_W839529008; AP_BR_OSM_W843783103; AP_BR_OSM_W843783106; AP_BR_OSM_W845261050; AP_BR_OSM_W851480115; AP_BR_OSM_W851518401; AP_BR_OSM_W852274598; AP_BR_OSM_W852304662; AP_BR_OSM_W852304667; AP_BR_OSM_W852304670; AP_BR_OSM_W854500413; AP_BR_OSM_W854500419; AP_BR_OSM_W854500422; AP_BR_OSM_W854500428; AP_BR_OSM_W854500429; AP_BR_OSM_W854500435; AP_BR_OSM_W855374531; AP_BR_OSM_W855376825; AP_BR_OSM_W855376827,Service Road; Service Road; Service Road; Service Road; Service Road; Service Road; Service Road; Service Road; Service Road; Service Road; Service Road; Service Road; Service Road; Service Road; Service Road; Service Road; Service Road; Service Road; Service Road; Service Road; Service Road; Service Road; Service Road; Service Road; Service Road; Service Road; Service Road; Service Road; Service Road; Service Road; Service Road; Service Road; Service Road; Service Road; Service Road; Service Road; Service Road; Service Road; Service Road; Service Road; Service Road; Service Road; Service Road; Service Road; Service Road; Service Road; Service Road; Service Road; Service Road; Service Road; Service Road; Service Road; Service Road; Service Road; Service Road; Service Road; Service Road; Service Road; Service Road; Service Road; Service Road; Service Road; Service Road; Service Road; Service Road; Service Road; Service Road; Service Road; Service Road; Service Road; Service Road; Service Road; Service Road; Service Road; Service Road; Service Road; Service Road; Service Road; Service Road; Service Road; Service Road; Service Road; Service Road; Service Road; Service Road; Service Road; Service Road; Service Road; Service Road; Service Road; Service Road; Service Road; Service Road; Service Road; Service Road; Service Road; Service Road; Service Road; Service Road; Service Road; Service Road; Service Road; Service Road; Service Road; Service Road; Service Road; Service Road; Service Road; Service Road; Service Road; Service Road; Service Road; Service Road; Service Road; Service Road; Service Road; Service Road; Service Road; Service Road; Service Road; Service Road; Service Road; Service Road; Service Road; Service Road; Service Road; Service Road; Service Road; Service Road; Service Road; Service Road; Service Road,Rehabilitation and Upgradatlon of Giddalur - Vinukonda section ofNH-5440 from Design km 212.983 (existing km 213.000) to Design km 322.800 (existing km 322.840) (Design length 112.797 km) in the State of Andhra Pradesh to two lane with paved shoulder under NH (0) on Hybrid Annuity Mode. SNo Existino ChainacielKml ~. . .. ~ . . Averaoe ExistinQ ROW ImlFroin To. 108 320.000 321.000 30.000 30.000 30.000 109 321.000 322.000 110 322.000 323.000 3. Carriageway The existing carriageway of the project highway is of 2-lane The existing pavement is of flexible pavement in nature. Carriageway details are given below: i .. r- Sr.No EXisting <.;hainage :Lane Configuration From IKml To (Kml . 1 213.000 32,False,False,True
NHAI_AP_GIDDALUR_VINUKONDA,NHAI_Giddalur_Vinukonda_NH544D.pdf,REHABILITATION_ENGINEERING_EVIDENCE,152,BRIDGE_REPAIR_ENGINEERING_EVIDENCE,BRIDGE; MAJOR BRIDGE,,,FOUNDATION; PIER; DECK; GIRDER; SLAB,,REHABILITATION,km 212.983; km 213.000; km 322.800; km 322.840,,,"Rehabilitation and Upgradation ofGiddalur - Yinukonda section ofNH-544D from Design km 212.983 (existing km 213.000) to Design km 322.800 (existing km 322.840) (Design length 112,797 km) in the Slate of Andhra Pradesh to IWO lane with paved shoulder under NHDp-IV under NH(O) on Hybrid Annuity Mode. 6. Major Bridges The project corridor includes the following major bridges Existing S.No . C.hainage (Km) 1 280.550 2 284.175 3 306.960 - {~~ Span Arrangement (m) . 3 x 23.20 6x11.00 12x5.40 Length (m) .: 69.60 66.00 64.80 Foundation Open Foundation Open Foundation Open Foundation Type of Structure Sub Structure 'Sl!per Stnlcture .' Stone Masonry Girder with deck slab RG Wall type pier RGG Slab RG",False,False,True
NHAI_AP_GIDDALUR_VINUKONDA,NHAI_Giddalur_Vinukonda_NH544D.pdf,REHABILITATION_ENGINEERING_EVIDENCE,153,BRIDGE_REPAIR_ENGINEERING_EVIDENCE,BRIDGE; ROAD OVER BRIDGE; ROB,,,DECK; GIRDER; SLAB,,REHABILITATION,km 212.983; km 213.000; km 322.800; km 322.840,,,"1 Rehabilitation and Upgradation of Giddalur- Vinukonda section ofNH-544D from Design km 212.983 (existing km 213.000) to Design km 322.800 (existing km 322.840) (Design length 112.797 km) in the State of Andhra Pradesh to two lane with paved shoulder under NHDP-IV under NH(O) on Hybrid Annuity Mode. ,;.. 7. Road Over Bridge (ROB) The Details of ROB is given below: Girder with 319.290 1 x 32.50 11deck slab 8. Grade Separators The Site includes the following Grade Separators: .Existirig. Type of S. . Chaiilage Structure(110. .. ·IKml"" , Side - Span Length Width Remarks·(m) . . (m). Arrangement Nil 9. Underpasses The Site includes the following underpasses. .. ... . ··.SpanExisting Length Widt",False,False,True
NHAI_AP_GIDDALUR_VINUKONDA,NHAI_Giddalur_Vinukonda_NH544D.pdf,REHABILITATION_ENGINEERING_EVIDENCE,154,BRIDGE_REPAIR_ENGINEERING_EVIDENCE,BRIDGE; MINOR BRIDGE,,,FOUNDATION; PIER; ABUTMENT; DECK; GIRDER; SLAB,,REHABILITATION,km 212.983; km 213.000; km 322.800; km 322.840,,,"Rehabilitation and Upgradation ofGiddalur- vtnukonda section ofNH·544D from Design km 212.983 (existing km 213.000) to Design km 322.800 (edsring km 322.840) (Design length 112.797 km) in the State 01"" Andhro Pradesh to two lanc with paved shoulder under NHDp·IV under NH(O) on Hybrid Annuity Mode. 10. Minor Bridges The site includes the following minor bridges: EXisting Chainage No. of Spans with span Length Tvpe of Structure Total Width Sr. No. (Km) length(m) (m) Foundation Sub Structure Suner Structure 1m) RCC Wall type pier 1 220.170 3 x 10.0 30.00 Open Foundation & abutment Girder with deck slab 8.50 RCC Wall type pier 2 228.775 2 x 3.20 6.40 Open Foundation & abutment Slab 11.85 3 235.3",False,False,True
NHAI_AP_GIDDALUR_VINUKONDA,NHAI_Giddalur_Vinukonda_NH544D.pdf,REHABILITATION_ENGINEERING_EVIDENCE,155,BRIDGE_REPAIR_ENGINEERING_EVIDENCE,,,,FOUNDATION; PIER; DECK; GIRDER; SLAB,,REHABILITATION,km 322,,,"Rehabilitation and Upgrudation of Giddalur - Vinukonda sectionofNH-544D from Designkm 212.983(existingkm213.000) to Designkm 322.800(existing km 322,840) (Designlength 112.797 km) in the Staleof Andhm Pradeshto two lane withpaved shoulder under NHDP·IV under NH(O) on Hybrid Annuity Mode. Sr. No. 16 17 18 19 20 21 ...22 EXisting Chainage IKml 288.260 290.790 No. of Spans with span lenath (m) Length 1m} TVDe of Structure Total Width ImlFoundation Sub Structure Suiter Structure 3 x 4.80 14.40 Ooen Foundation Wall tvoe oier RCC Slab 8.50 4 x 3.00 13.50 - - RCC Box 12.00 291.080 3 x 2.50 8.70 - - RCC Box 12.00 291.710 3 x 2.50 8.70 - - RCC Box 12.30 293.190 3 x 3.90 11.70 Open Foundation RC Wall ",False,False,True
NHAI_AP_GIDDALUR_VINUKONDA,NHAI_Giddalur_Vinukonda_NH544D.pdf,REHABILITATION_ENGINEERING_EVIDENCE,156,BRIDGE_REPAIR_ENGINEERING_EVIDENCE,,,,,,REHABILITATION,km 212.983; km 213.000; km 322.840,,,"Rehabilitation and Upgradation of Giddalur - Vinukonda section ofNH-544D from Design km 212.983 (existing km 213.000) to Design krn 322.800 (existing km 322.840) (Design length 112,797 km) in the State of Andhra Pradesh to two lane with paved shoulder under NH(O) on Hybrid Annuity Mode. 11. Culverts The Site has the following culverts: 11.1 Pipe Culverts Details of existing pipe culverts for cross drainage are given below: "".. Span Arrangement . Width [m) ..•. Existing Chainage (km)S. No. No x Vent (in) 1 1 x 0.75 214.810 18.80 2 215.2.3 1 x 0.70 15.'14 216.3673 1 x.0.75 15.00 216.622 20.844 2 x 0.90 5 217.046 2 x 0.90 20.93 6 217.410 21.001 x 0.60 7 217.482 1 x 0.60 14.82 8 217.691 1 x 0.60",False,False,True
NHAI_AP_GIDDALUR_VINUKONDA,NHAI_Giddalur_Vinukonda_NH544D.pdf,REHABILITATION_ENGINEERING_EVIDENCE,157,BRIDGE_REPAIR_ENGINEERING_EVIDENCE,,,,,,REHABILITATION,km212.983; km 322.800; km 322.840,,,Rehabilitation and Upgradation ofGiddalur - Vinukonda section ofNH-544D from Design km212.983 (existingkm 213.000) to Design km 322.800 (existing km 322.840) (Design length 112.797 km) in Ute State of Andhra Pradesh to two lane with paved shoulder under NH(O) on Hybrid Annuity Mode. .. . . Span Arrangement .. S.No. EXisting Chainaae (km) Width (m) . Nox Vent (m) 36 232.328 2 x 0.80 . 17.63 37 232.588 1 x 0.80 15.00 38 232.775 1 x 0.90 16.00 39 233.930 2 x 0.75 15.00 40 235.011 1 x 0.90 14.75 41 235.442 5 x 1.00 15.15 42 235.623 3 x 0.75. 14.00 43 235.791 1 x 0.80 14.80 44 236.502 2 x 0.90 23.45 45 237:i08 2 x G.90 il.b 46 237.210 2 x 0.90 18.00 47 2-38.246 3 x 0.90 16.00 48 238.310 2 x 1.00 ,False,False,True
NHAI_AP_GIDDALUR_VINUKONDA,NHAI_Giddalur_Vinukonda_NH544D.pdf,REHABILITATION_ENGINEERING_EVIDENCE,158,BRIDGE_REPAIR_ENGINEERING_EVIDENCE,,,,,,REHABILITATION,km 213.000,,,"Rehabilitation and Upgradatlon of Giddalur - vinukcnda section of NH-544D from Design kin 212.983 (existing km 213.000) to Design kin 322.800 (existing Ian 322.840) (Design length 112.797 kin) in the State of Andhra Pradesh to two lane with paved shoulder under NH(O) on Hybrid Annuity Mode. • S. No. 78 79 80 81 82 83 84 85 86 8, 88 89 90 91 92 93 94 95 96 97 98 99 100 101 102 103 104 105 106 107 108 109 110 111 112 113 114 115 116 117 118 119 .EXisti~gCh~iriage(km) ...:sp~~~r~':rn~(~fnt .. ... .. ... . 250.230 1 X 1.20. 250.260 2 X 1.00 251.980 1 X 0.70 252.230 1 X 0.90 252.316 1 X 0.60 252.641 1 X 0.70 253.848 2 X 0.90. 254.831 2 X 0.60 255.051 3 X 1.20 256.255 3 X 0.90 259.500 3 X 0.90 261",False,False,True
NHAI_AP_GIDDALUR_VINUKONDA,NHAI_Giddalur_Vinukonda_NH544D.pdf,REHABILITATION_ENGINEERING_EVIDENCE,159,BRIDGE_REPAIR_ENGINEERING_EVIDENCE,,,,,,REHABILITATION,km 212.983; km 213.000; km 322.800,,,"Rehabilitation and Upgradation ofGiddalur - Vinukonda section ofNH-544D from Design km 212.983 (existing km 213.000) to Design km 322.800 (exlstlng krn 322.840) (Design length 112.797 krn) in the Slate of Andhra Pradesh to two lane with paved 158 159 160 314.810 315.260 316.543 1 x 0.75 1 x 0.75 2 x 0.75 Ill' ."" ;(S 1"" oJ \\~\. ~ .0 shoulder under NH(O) on Hybrid Annuity Mode. -­ - .. S: No. . .: Existing Chainage (km) 120 287.179 121 287.439 122 287.774 123 289.774 124 290.105 125 290.313 126 290.977 127 291.938 128 292.390 292./76 130 292.904 131 292.970 132 294.836 133 294.844 134 294.853 135 295.328 136 296.390 137 296.531 138 297.166 139 297.382 140 298.930 141 300.168 142 301.041 143 3",False,False,True
NHAI_AP_GIDDALUR_VINUKONDA,NHAI_Giddalur_Vinukonda_NH544D.pdf,REHABILITATION_ENGINEERING_EVIDENCE,160,BRIDGE_REPAIR_ENGINEERING_EVIDENCE,,,,,,REHABILITATION,km 212.983; km 322.800; km 322.840,,,"Rehabilitation andUpgradaticn of Giddalur - Vinukonda section ofNH-544D from Design km 212.983 (existingkm 213.000) to Design km 322.800 (existing km 322.840) (Design length 112.797 km) in the State of Andhra Pradesh to two lane with paved shoulder under NH(O) on Hybrid Annuity Mode. Ib.du 18.60 I x u.9u 1 x 0.75 ~ZI.IUL 322.111 III 172 Existing Chainage (km) . •. Span Arrangement· .. S. No. No x Vent(m) .. Width (m) 162 316.935 1 x 0.75 16.20 163 317.096 1 x 0.75 18.50 164 317.102 -x­ 15.70 165 317.548 1 x 0.75 21.80 166 317.866 1 x 0.75 16.20 167 318.316 1 x 0.75 16.20 168 319.246 1 x 0.90. 47.00 169 319.365 1 x 0.90 48.30 170 319.912 1 x 0.60 14.00 .. -,- ,. .' ""' .... "" - - ,­ -.­ b) Det",False,False,True
NHAI_AP_GIDDALUR_VINUKONDA,NHAI_Giddalur_Vinukonda_NH544D.pdf,REHABILITATION_ENGINEERING_EVIDENCE,161,BRIDGE_REPAIR_ENGINEERING_EVIDENCE,BRIDGE; MAJOR BRIDGE; ROB; RUB,,,SLAB,,REHABILITATION,km 212.983; km 213.000; km 322.800; km 312.840,,,Rehabilitation and Upgradation of Giddalur - vinukonda section ofNH-544D from Design km 212.983 (existing km 213.000) to Design km 322.800 (existing km 312.840) (Design length 112.797 km) in the State of Andhra Pradesh to two lane with paved shoulder under NH(O) on Hybrid Annuiry Mode. 11.2 Slab/Box Culverts Details of eXisting slab/ box culverts are given below: S. No. . Existing chalnaae [km) Type of Culvert Span Arrangernent . . No xVent (m) Width (m) 1 216.848 217.200 223.315 225.655 226.220 226.355 226.590 .::<6./62 226.930 229.061 230.300 230.520 230.720 231.128 231.204 231.395 232.240 233.332 233.448 234.140 234.542 235.696 236.578 238.821 240.008 245.080 255.217 257.500 258.183 258.6,False,False,True
NHAI_AP_GIDDALUR_VINUKONDA,NHAI_Giddalur_Vinukonda_NH544D.pdf,REHABILITATION_ENGINEERING_EVIDENCE,162,BRIDGE_REPAIR_ENGINEERING_EVIDENCE,BRIDGE; MINOR BRIDGE,,,SLAB,,REHABILITATION,km 212.983; km 213.000; km 322.800; km 322.840,,,"Rehabilitation and Upgrudation of Giddalur - Vinukonda section of NH-544D from Design km 212.983 (existing km 213.000) to Design km 322.800 (existing km 322.840) (Design length 112.797 km) in the State of Andhra Pradesh to two lane with paved shoulder under NH(O) on Hybrid Annuity Mode. ""S. No. 3 4 5 6 7 8 "" Description' ­ Total number of Minor Bridges NO."" 34 36 172 Nil Nil Nil ;""Total number of Slab/Box Culverts Total number of Pipe Culverts Total number of Pipe Culverts in median drain outlets Total number of Grade Separators ~. -, Total number of Underpasses 1::1. Bus Bays ll.lruck Lay byes The details of bus bay and Truck lay byes are as follows: (a) No of Bus bays- Nil (b) Truck lay by",False,False,True
NHAI_AP_GIDDALUR_VINUKONDA,NHAI_Giddalur_Vinukonda_NH544D.pdf,REHABILITATION_ENGINEERING_EVIDENCE,163,BRIDGE_REPAIR_ENGINEERING_EVIDENCE,,,,,,REHABILITATION,km 212.983; km 322.800; km 322.840,,,"Rehabilitation andUpgradeucn of Giddalur - Vinukonda section of NH~544D from Design km 212.983 (existingkm 213.000)to Design km 322.800 (existing km 322.840) (Design length 112.797 km) in the Slate of Andhra Pradesh to two lane with paved shoulder under NH(O)on Hybrid Annuity Mode. . Chainage (km) . LHS . RHS Junction. 1 221.200 Mydupuru Y SH 2 240.264 Ongole y SH 3 245.800 Markapur Y SH 4 274.357 Doranala Tirupati X NH 5 274.624 Nakerakal T NH B. Minor Junctions The details of minor junctions are as follows Cross Roads ;Existing . f,---------""=='O-;==c=----------I Type of ,~ . . S.No . . Chainage (kml LHS RHS Junction 1 214.420 Rancareddvpaue - T 2 - y215.224 Yedavalli Gumalapalli Y3 215.93",False,False,True
NHAI_AP_GIDDALUR_VINUKONDA,NHAI_Giddalur_Vinukonda_NH544D.pdf,REHABILITATION_ENGINEERING_EVIDENCE,164,BRIDGE_REPAIR_ENGINEERING_EVIDENCE,,,,,,REHABILITATION,km 212.983; km 213.000; km 322.800; km 322.840,,,Rehabilitation and Upgradation of Giddalur - vinukonda section ofNH-544D from Design km 212.983 (existing km 213.000) to Design km 322.800 (existing km 322.840) (Design length 112.797 km) in the State of Andhra Pradesh (0 two lane wilh paved shoulder under NH(O) on Hybrid Annuity Mode. ··S.No Existing ... Chainaae Ikml Cross Roads . Type of .JunctionLHS RHS 29 316.410 Shivaourarn Shivanurarn X 30 320.300 - Podili Y 31 321.170 Mediaadda - Y 150 Page - 21,False,False,True
NHAI_AP_GIDDALUR_VINUKONDA,NHAI_Giddalur_Vinukonda_NH544D.pdf,REHABILITATION_ENGINEERING_EVIDENCE,165,BRIDGE_REPAIR_ENGINEERING_EVIDENCE,ROB,,,,,REHABILITATION,km 212.983; km 322.800,,,"Rehabilitation and Upgradation of Giddalur - Vinukonda section of NH~544D from Design km 212.983 (existingkm 213.000) to Design km 322.800 (existingkm 322.840) (Design length 111.797 km) in the Stale of Andhra Pradesh to two lane with paved shoulder under NH(O)on Hybrid Annuity Mode. Annex-II (Schedule-A) Dates for providing Right of Way The dates on which the Authority shall provide Right of Way to the Contractor on different stretches of the Site are stated below: .., .....•. .Design Chainage{km) LengthSr;No Remarks·PRQW{m)..• ' Tci:' (km)From . 6.2291 212.983 219.212 30 219.288 0.076 35 2 219.212 1.~97 ~O219.2R8 22068!i3 4 220.685 220.721 0.036 35 229.762 9.0415 220.721 30 229.838 0.07622",False,False,True
NHAI_AP_GIDDALUR_VINUKONDA,NHAI_Giddalur_Vinukonda_NH544D.pdf,REHABILITATION_ENGINEERING_EVIDENCE,166,BRIDGE_REPAIR_ENGINEERING_EVIDENCE,,,,,,REHABILITATION,km 212.983; km 322.800; km 322.840,,,Rehabilitation and Upgradation of Giddalur - Vinukonda section ofNH·544D from Design km 212.983 (existing krn 213.000) to Design km 322.800 (existing km 322.840) (Design length 112.797 km) in me State of Andhm Pradesh to two lane with paved shoulder under NH(O) on Hybrid Annuity Mode. Sr.NO -. Design Chainage(km) .. Length (km) PROW(m) Remarks······From ·-To . 37 276.672 278.460 1.788 30 38 278.460 278.540 0.080 36 39 278.540 281.760 3.220 30 40 281.760 281.840 0.080 36 41 281.840 285.260 3.420 30 42 285.260 285.340 0.080 36 43 285.340 290.160 4.820 30 44 290.160 290.240 0.080 36 45 290.240 295.460 5.220 30 46 255.460 295.540 0.080 36 47 295.540 297.373 1.833 30 48 297.373 297.860 0.487 171 ,False,False,True
NHAI_AP_GIDDALUR_VINUKONDA,NHAI_Giddalur_Vinukonda_NH544D.pdf,REHABILITATION_ENGINEERING_EVIDENCE,167,BRIDGE_REPAIR_ENGINEERING_EVIDENCE,,,,,,REHABILITATION,km 322.800,,,Rehabilitation andUpgradation ofGiddalur- vinukonda sectionofNH-544D from Designkm 212.983 (existingkm213.000) to Design km 322.800 (existingkm322.840) (Design length 112.797km) in the State of Andhra Pradesh to lWO lanewith paved shoulder under NH(O) on Hybrid Annuity Mode. SCHEDULE-B (SeeClause2.1 ) DEVELOPMENT OF THE PROJECT HIGHWAY 1. DevelopmentoftheProject Development of the Project Highway shall include design and construction of the Project Highway as described in this Schedule-B and in Schedule-C. 2. Two Laning with Paved Shoulder 2.1 Twolaning with paved shoulder work shall include the Construction of the Two Lane Project as described in Annex - I of this Schedule - B and Annex - I,False,False,True
NHAI_AP_GIDDALUR_VINUKONDA,NHAI_Giddalur_Vinukonda_NH544D.pdf,REHABILITATION_ENGINEERING_EVIDENCE,168,BRIDGE_REPAIR_ENGINEERING_EVIDENCE,,,,,,REHABILITATION,km 322.840,,,"Rehabilitation andUpgradation of Giddalur- Vinukonda section ofNH-544D from Designkm 212.983 (existingkm213.000) 10 Designkm 322.800(existing km 322.840) (Designlength 112.797km)in the State of Andhra Pradesh to two lane with paved shoulder under NH(O)on Hybrid Annuity Mode. . Annex-I (Schedule - B) Description of the Project 1. Width of Carriageway 1.1 The paved carriageway shall be as given in clause 4.3 of annex 1 of schedule-B. 1.2 Except as otherwise provided in this agreement. but subject to the provisions of Annex - I of this Schedule - B, the width of the paved carriageway shall conform to Clause 1.1 above. 2. Project Facilities Project Faciiities snaii be constructed in conformity w",False,False,True
NHAI_AP_GIDDALUR_VINUKONDA,NHAI_Giddalur_Vinukonda_NH544D.pdf,REHABILITATION_ENGINEERING_EVIDENCE,169,BRIDGE_REPAIR_ENGINEERING_EVIDENCE,BRIDGE; MINOR BRIDGE; FLYOVER; ROB,,,,,REHABILITATION,,,,"Rehabilitation and UpgradarionoFGiddalur-VinukondasectionoFNH-544D From Designkm212.983 (existingkin 213_000)to Designkm 322.800(existingkm322.840) (Design length·112.797km)in theSlateof Andhra Pradeshto two lanewith paved shoulderunder NH(O)on Hybrid Annuity Mode. 1 212.983 220.123 7.140 Fiq 2.2 Existing Minor Bridge is proposed to be retained with 2 220.123 220.154 0.031 rehabilitation 3 220.154 221.000 0.846 Fiq 2.2 Fig 2.5 4 221.000 221.400 0.400 Fig 2.2 5 221.400 228.755 7.355 Fig 7.6 6 228.755 228.761 0.006 Minor Bridqe 231.250 2.4897 .,228.761 FJg22 .. _._ '--_ .. ,- .--' .... ""--'. ­ Toll Plaza (Appendix D4 of Schedule D for reference 8 23.1.250 Fig 10.1 onlv)231.750 0.500 Fiq 2.2 9 ",False,False,True
NHAI_AP_GIDDALUR_VINUKONDA,NHAI_Giddalur_Vinukonda_NH544D.pdf,REHABILITATION_ENGINEERING_EVIDENCE,170,BRIDGE_REPAIR_ENGINEERING_EVIDENCE,BRIDGE; MAJOR BRIDGE; MINOR BRIDGE; FLYOVER,,,,,REHABILITATION,km 212.983; km 213.000; km 322.800; km 322,,,"Rehabilitation and Upgradaticn of Giddalur - Vinukonda section ofNH-544D from Design km 212.983 (existing km 213.000) to Design km 322.800 (existing km 322,840) (Design length I 12.797 km) in the Stale of Andhra Pradesh to two lane with paved shoulder under NH(O) on Hybrid Annuity Mode. 36 260.478 260.508 0.030 Fio 7.6 Minor Bridoe 37 260.508 263.800 3.292 Fio 2.2 38 263.800 264.500 0.700 Fia 2.5 A 39 264.500 267.170 2.670 Fie 2.2 Existing Minor Bridge is proposed to be retained with 40 267.170 267.213 0.043 rehabilitation 41 267.213 270.277 3.064 FiO 2.2 Existing Minor Bridge is proposed to be retained with 42 270.277 270.326 0.049 rehabilitation 43 270.326 273.915 3.589 Fio 2.2 44 273.915 ",False,False,True
NHAI_AP_GIDDALUR_VINUKONDA,NHAI_Giddalur_Vinukonda_NH544D.pdf,REHABILITATION_ENGINEERING_EVIDENCE,171,BRIDGE_REPAIR_ENGINEERING_EVIDENCE,BRIDGE; MINOR BRIDGE,,,,,REHABILITATION,km 212.983; km 322.800,,,"Rehabilitation andUpgradation or Giddatur-. vtnukonda section ofNH-544D from Design km 212.983 (existingkm213.000) 10 Design km 322.800 (existingkrn 322.840) (Design length 112.797 km) in theState of Andhra Pradesh to two lane with paved shoulder under NH(O)on Hybrid Annuity Mode. ­ 65 ... -.. ,'-, ... ­ 286,195 287,941 1.746 Fie 2.2 66 67 68 69 70 71 72 74 75 76 77 78 79 80 81 82 83 287.941 287.955 0.014 Fie 7.6 287.955 290.470 2.515 Fie 2.2 290.470 290.482 0.012 Fin 7.6 290.482 290.757 0.275 Fin 2.2 290.757 290.766 0.009 Fia 7.6 290.766 291.422 0.656 Fia 2.2 291.422 291.432 0.010 Fie 7.6 .. , 29i.';32 29·i.600 0.308 Fiu 2.2 291.800 292.200 0.400 Fie 2.5 A 292.200 . 292.781 0.581 Fie 2.2 29",False,False,True
NHAI_AP_GIDDALUR_VINUKONDA,NHAI_Giddalur_Vinukonda_NH544D.pdf,REHABILITATION_ENGINEERING_EVIDENCE,172,BRIDGE_REPAIR_ENGINEERING_EVIDENCE,BRIDGE; MINOR BRIDGE; ROB,,,,,REHABILITATION,km 212.983; km 213.000; km 322.800; km 322.840,AP_BR_OSM_W487371413,Bridge 1,"Rehabilitation and Upgradation ofGiddalur - Vinukonda section ofNH·544D from Design km 212.983 (existing km 213.000) [0 Design km 322.800 (existing km 322.840) (Design length 112.797 km) in the State of Andhra Pradesh to two lane with paved shoulder underNH(O) on Hybrid Annuity Mode. . ;: ~- .Sr; .....'... ..Design Chainage(KITI) ·"":;L~ifgth .,.·.. ·.M:··~a..··~.n..~.u~' iaC.olalnMr;O:.s.rd~Pi··'fisel,·se·..·.r""'.d.:"""""".''•. :.•~o...l'rom(ISJTl)To(lSm).(~);. _. . . ' .....'••. '. :.'.•..···... .•.'.:.'·.·.·.·..·.R...·.•·.·:·'...·..,.e.··.··.·.'.m.·..·.·.'.'.'.·.·.a.·:....-r...~..·~~...•.•. ­•.. ' .•. ',,.'\: , : ,.., .V. 106 311.785 311.803 0.018 Fia7.6 Minor Bridae 107 311.803 311.913 0.110",False,False,True
NHAI_AP_GIDDALUR_VINUKONDA,NHAI_Giddalur_Vinukonda_NH544D.pdf,REHABILITATION_ENGINEERING_EVIDENCE,173,BRIDGE_REPAIR_ENGINEERING_EVIDENCE,,,,,,REHABILITATION,km 212.983; km 213.000; km 322.800; km 322.840; Km 274.315,,,Rehabilitation and Upgradation of Giddalur - Vinukonda section ofNH-544D from Design km 212.983 (existing km 213.000) to Design km 322.800 (existing km 322.840) (Design length -112.797 km) in the State of Andhrn Pradesh to two lane with paved shoulder under NH(O) on Hybrid Annuity Mode. 4.5 Built up Area The Project Highway passes through the following built up areas .. Design Chainage (km) '. Length' Name of the Township/ S.No From .. To· Side . (km) . Village 1 221.000 221.400 Both 0.40 Taticherla 2 239.840 241.700 Both 1.86 Bestavariceta 3 244.500 246.527 Both 2.03 Cum bum 4 259.000 259.400 Both 0.40 Thloavapalern 5 263.800 264.500 Both 0.70 Chinthaqunta . . 6 279.200 279.500 Both 0.30-- ,False,False,True
NHAI_AP_GIDDALUR_VINUKONDA,NHAI_Giddalur_Vinukonda_NH544D.pdf,REHABILITATION_ENGINEERING_EVIDENCE,174,IDENTIFIED_BRIDGE_CONDITION_CANDIDATE,,DAMAGED,,,,REHABILITATION,km 212.983; km 2; km 322.800; km 322.840,,,"Rehabilitation and Upgradation of Giddalur -. vinukonda section ofNH-544D from Design km 212.983 (existing km 2 [3.000) to Design km 322.800 (existing km 322.840) (Design length 112.797 krn) in the State of Andhrn Pradesh to two lane with paved shoulder under NH(O) on Hybrid Annuity Mode. same as that of main carriageway. (b) Rigid Pavement - Toll Plaza The rigid pavement shall be designed for minimum CVPO of 2176 for 30 years design period. However, minimum thickness of GSB, OLC and PQC in rigid pavement shall be 150 mm, 150 mm and 280 mm respectively. ~. 5.2Type of Pavement: Flexible pavement is proposed for main carriageway(existing and bypasses) with paved shoulder including Bus Bays & T",False,False,True
NHAI_AP_GIDDALUR_VINUKONDA,NHAI_Giddalur_Vinukonda_NH544D.pdf,REHABILITATION_ENGINEERING_EVIDENCE,175,BRIDGE_REPAIR_ENGINEERING_EVIDENCE,,,,,ORN,REHABILITATION,Chainage .; km 212.983; km 213.000; km 322.840,,,"Rehabilitation and Upgradation of Glddalur - Vinukonda section ofNH-544D from Design km 212.983 (existing km 213.000) to Design krn 322.800 (existing km 322.840) (Design length 112.797 km) in the State of Andhra Pradesh to two lane with paved shoulder under NH(O) on Hybrid Annuity Mode. . ~"" -... Section , . Sr. NQ;..... From (km) To (km) . . Lenqth (kin)' Extent of raising·.· 4 221.575 222.210 0.635 manual 5 228.400 228.755 0.355 6 228.761 229.190 0.429 7 230.850 231.250 0.400. 8 231.750 234.620 2.870 9 238.960 239.700 0.740 10 248.130 249.366 1.236 ... - ... . 11 -. '. 249.386 . ""."" _."" ­ -­ 252.199 ..._-----_.-""­ ' .._­ ~,8.1.3__..~ "" 12 252.222 252.350 0.128 13 264.660 265.780 1.120 14 2",False,False,True
NHAI_AP_GIDDALUR_VINUKONDA,NHAI_Giddalur_Vinukonda_NH544D.pdf,REHABILITATION_ENGINEERING_EVIDENCE,176,BRIDGE_REPAIR_ENGINEERING_EVIDENCE,,,,,,REHABILITATION,Chainage .; km 2; km 213.000; km 321.840,,,"Rehabilitationand UpgradauonofGiddalur - vinukonda section ofNH·544D from Design km 2l2.983 (existing km 213.000) to Design krn 311.800 (existing km 321.840) (Design length 112.797 km) in the State of Andhra Pradesh EO two lane with paved shoulder under NH(O) on HybridAnnuity Mode. . s. No -r­..­ . . . Existing' '. Chainane i'Kml Design ... ·.·.·.,7 Chainage . Type of. .: (Kml­ ; Junction cCross ;. ;.Road· ' •. 'Catei>olV ·,·T,··.··. • . .. Leads to . -. :'.,.;. -: R~~ark~ . 194.975 of NH- Existing 6 565 2.180 Y NH Gobburu Gobburu Bvoass Common portion with 7 274.624 274.315 T NH-565 Nakerakal NH-565 End Existing 8 292.700 292.400 Y NH Tirouranthakam Tirouranthakam Bvoass Local Temple- Tirpu",False,False,True
NHAI_AP_GIDDALUR_VINUKONDA,NHAI_Giddalur_Vinukonda_NH544D.pdf,REHABILITATION_ENGINEERING_EVIDENCE,177,BRIDGE_REPAIR_ENGINEERING_EVIDENCE,FLYOVER,,,,,REPAIR; REHABILITATION,km 212.983; km 213.000; km 322.800; km 322.840,,,"• ••••••• Rehabilitation and Upgradcucn ofGiddalur - vinukonda section of NH-544D from Design km 212.983 (existing km 213.000) to Design km 322.800 (existing km 322.840) (Design length '112.797 km) in the Stale of Andhra Pradesh to two lane with paved shoulder under NH(O) on Hybrid Annuity Mode. :'.'~ .. ., .-"" "". 22 23 24 25 27 28 29 30 31 299.295 300.450 304.600 305738 307.750 315.720 316.410 320.300 321.170 299.275 300.430 304.630 ~1J5.718 307.730 315.696 316.390 320.260 321.140 X T T Y Y T X Y Y Both LHS LHS LHS LHS LHS Both RHS LHS Vellampalle Itverum- Nasareddy Nnnasamundrum Guntlapalli ~~?!1epem Nilgangavarum Narikadda Shivapuram Podili Medigadda VR ODR ODR VR VR VR VR VR MDR VR Two L",False,False,True
NHAI_AP_GIDDALUR_VINUKONDA,NHAI_Giddalur_Vinukonda_NH544D.pdf,REHABILITATION_ENGINEERING_EVIDENCE,178,BRIDGE_REPAIR_ENGINEERING_EVIDENCE,,,,DECK,,REHABILITATION,Chainage ..; km 212.983; km 213.000; km 322.800,AP_BR_OSM_W1081167107; AP_BR_OSM_W1086848414; AP_BR_OSM_W1086848416; AP_BR_OSM_W1086848436; AP_BR_OSM_W1086848440; AP_BR_OSM_W1088411426; AP_BR_OSM_W1088411432; AP_BR_OSM_W1088411472; AP_BR_OSM_W1088411473; AP_BR_OSM_W1088411477; AP_BR_OSM_W1088411479; AP_BR_OSM_W1088426820; AP_BR_OSM_W1088426833; AP_BR_OSM_W1088426835; AP_BR_OSM_W1088463022; AP_BR_OSM_W1088463024; AP_BR_OSM_W1089450070; AP_BR_OSM_W1089450073; AP_BR_OSM_W1089450078; AP_BR_OSM_W1089450081; AP_BR_OSM_W1120249872; AP_BR_OSM_W1155071501; AP_BR_OSM_W1155071503; AP_BR_OSM_W1191649245; AP_BR_OSM_W1225609297; AP_BR_OSM_W1232731403; AP_BR_OSM_W1232731423; AP_BR_OSM_W1237976449; AP_BR_OSM_W1237978378; AP_BR_OSM_W1237978510; AP_BR_OSM_W1237978514; AP_BR_OSM_W1237979758; AP_BR_OSM_W1237979762; AP_BR_OSM_W1243542316; AP_BR_OSM_W1243542321; AP_BR_OSM_W1245312598; AP_BR_OSM_W1245312599; AP_BR_OSM_W1273875767; AP_BR_OSM_W1273875769; AP_BR_OSM_W1273875773; AP_BR_OSM_W1273875775; AP_BR_OSM_W1273875815; AP_BR_OSM_W1273875817; AP_BR_OSM_W1273875869; AP_BR_OSM_W1273875875; AP_BR_OSM_W1273875877; AP_BR_OSM_W1306892617; AP_BR_OSM_W1306892623; AP_BR_OSM_W1324235692; AP_BR_OSM_W1329295334; AP_BR_OSM_W1329295340; AP_BR_OSM_W1362529455; AP_BR_OSM_W1362529457; AP_BR_OSM_W1367602016; AP_BR_OSM_W1384358138; AP_BR_OSM_W1451125171; AP_BR_OSM_W1463702254; AP_BR_OSM_W1463702255; AP_BR_OSM_W1467110239; AP_BR_OSM_W1470248110; AP_BR_OSM_W1470248112; AP_BR_OSM_W1470248115; AP_BR_OSM_W1470248117; AP_BR_OSM_W1470254032; AP_BR_OSM_W1470254034; AP_BR_OSM_W1470254037; AP_BR_OSM_W1470254039; AP_BR_OSM_W1470254042; AP_BR_OSM_W1470254595; AP_BR_OSM_W1470254597; AP_BR_OSM_W1492140167; AP_BR_OSM_W1492140169; AP_BR_OSM_W1498208935; AP_BR_OSM_W1498208941; AP_BR_OSM_W1498244122; AP_BR_OSM_W1509394849; AP_BR_OSM_W1509394850; AP_BR_OSM_W1513126572; AP_BR_OSM_W1513126574; AP_BR_OSM_W1513577126; AP_BR_OSM_W1523945375; AP_BR_OSM_W1523945376; AP_BR_OSM_W1524280480; AP_BR_OSM_W1526081025; AP_BR_OSM_W1534018757; AP_BR_OSM_W1534018759; AP_BR_OSM_W1540667922; AP_BR_OSM_W1544023678; AP_BR_OSM_W1544023680; AP_BR_OSM_W1546593842; AP_BR_OSM_W1546593845; AP_BR_OSM_W480403927; AP_BR_OSM_W480403929; AP_BR_OSM_W673858216; AP_BR_OSM_W673858223; AP_BR_OSM_W826596384; AP_BR_OSM_W826596386; AP_BR_OSM_W826596400; AP_BR_OSM_W826596402; AP_BR_OSM_W826596413; AP_BR_OSM_W826596416; AP_BR_OSM_W826596424; AP_BR_OSM_W826596430; AP_BR_OSM_W826596440; AP_BR_OSM_W826596442; AP_BR_OSM_W826596445; AP_BR_OSM_W826596449; AP_BR_OSM_W826596455; AP_BR_OSM_W826596458; AP_BR_OSM_W826596464; AP_BR_OSM_W826596466; AP_BR_OSM_W826596490; AP_BR_OSM_W826596496; AP_BR_OSM_W839529008; AP_BR_OSM_W843783103; AP_BR_OSM_W843783106; AP_BR_OSM_W845261050; AP_BR_OSM_W851480115; AP_BR_OSM_W851518401; AP_BR_OSM_W852274598; AP_BR_OSM_W852304662; AP_BR_OSM_W852304667; AP_BR_OSM_W852304670; AP_BR_OSM_W854500413; AP_BR_OSM_W854500419; AP_BR_OSM_W854500422; AP_BR_OSM_W854500428; AP_BR_OSM_W854500429; AP_BR_OSM_W854500435; AP_BR_OSM_W855374531; AP_BR_OSM_W855376825; AP_BR_OSM_W855376827,Service Road; Service Road; Service Road; Service Road; Service Road; Service Road; Service Road; Service Road; Service Road; Service Road; Service Road; Service Road; Service Road; Service Road; Service Road; Service Road; Service Road; Service Road; Service Road; Service Road; Service Road; Service Road; Service Road; Service Road; Service Road; Service Road; Service Road; Service Road; Service Road; Service Road; Service Road; Service Road; Service Road; Service Road; Service Road; Service Road; Service Road; Service Road; Service Road; Service Road; Service Road; Service Road; Service Road; Service Road; Service Road; Service Road; Service Road; Service Road; Service Road; Service Road; Service Road; Service Road; Service Road; Service Road; Service Road; Service Road; Service Road; Service Road; Service Road; Service Road; Service Road; Service Road; Service Road; Service Road; Service Road; Service Road; Service Road; Service Road; Service Road; Service Road; Service Road; Service Road; Service Road; Service Road; Service Road; Service Road; Service Road; Service Road; Service Road; Service Road; Service Road; Service Road; Service Road; Service Road; Service Road; Service Road; Service Road; Service Road; Service Road; Service Road; Service Road; Service Road; Service Road; Service Road; Service Road; Service Road; Service Road; Service Road; Service Road; Service Road; Service Road; Service Road; Service Road; Service Road; Service Road; Service Road; Service Road; Service Road; Service Road; Service Road; Service Road; Service Road; Service Road; Service Road; Service Road; Service Road; Service Road; Service Road; Service Road; Service Road; Service Road; Service Road; Service Road; Service Road; Service Road; Service Road; Service Road; Service Road; Service Road; Service Road; Service Road; Service Road,"Rehabilitation and Upgradation ofGiddalur - Vinukonda section ofNH-544D from Design km 212.983 (existing km 213.000) to Design km 322.800 (existing krn 322.840) (Design length"" I 12.797 krn) in the State of Andhra Pradesh to two lane with paved shoulder under NH(O) on Hybrid Annuity Mode. (C) Reconstruction of Underpass: 1'<';.';'_Chainage(~m)c.)/>,.Existing underpass"" .. .. Proposed Underpass '. ~'~';7~iS,~i2~h';'~;o:~'0~~~~~eaa~'?~~~~~~Ee:;)~id+'},§~W 6~:~:~ceWidth c. ... Nil Note: Junction Improvement shall be carried out as per Manual under grade separators with proper entry/exit to cross roads and slip/service roads. 8. Lateralandverticalclearancesatoverpasses Lateralandverticalclearanc",False,False,True
NHAI_AP_GIDDALUR_VINUKONDA,NHAI_Giddalur_Vinukonda_NH544D.pdf,REHABILITATION_ENGINEERING_EVIDENCE,179,BRIDGE_REPAIR_ENGINEERING_EVIDENCE,FLYOVER; ROB,,,SLAB,,REHABILITATION,km 213.000; km 322.800; km 322.840,AP_BR_OSM_W1081167107; AP_BR_OSM_W1086848414; AP_BR_OSM_W1086848416; AP_BR_OSM_W1086848436; AP_BR_OSM_W1086848440; AP_BR_OSM_W1088411426; AP_BR_OSM_W1088411432; AP_BR_OSM_W1088411472; AP_BR_OSM_W1088411473; AP_BR_OSM_W1088411477; AP_BR_OSM_W1088411479; AP_BR_OSM_W1088426820; AP_BR_OSM_W1088426833; AP_BR_OSM_W1088426835; AP_BR_OSM_W1088463022; AP_BR_OSM_W1088463024; AP_BR_OSM_W1089450070; AP_BR_OSM_W1089450073; AP_BR_OSM_W1089450078; AP_BR_OSM_W1089450081; AP_BR_OSM_W1120249872; AP_BR_OSM_W1155071501; AP_BR_OSM_W1155071503; AP_BR_OSM_W1191649245; AP_BR_OSM_W1225609297; AP_BR_OSM_W1232731403; AP_BR_OSM_W1232731423; AP_BR_OSM_W1237976449; AP_BR_OSM_W1237978378; AP_BR_OSM_W1237978510; AP_BR_OSM_W1237978514; AP_BR_OSM_W1237979758; AP_BR_OSM_W1237979762; AP_BR_OSM_W1243542316; AP_BR_OSM_W1243542321; AP_BR_OSM_W1245312598; AP_BR_OSM_W1245312599; AP_BR_OSM_W1273875767; AP_BR_OSM_W1273875769; AP_BR_OSM_W1273875773; AP_BR_OSM_W1273875775; AP_BR_OSM_W1273875815; AP_BR_OSM_W1273875817; AP_BR_OSM_W1273875869; AP_BR_OSM_W1273875875; AP_BR_OSM_W1273875877; AP_BR_OSM_W1306892617; AP_BR_OSM_W1306892623; AP_BR_OSM_W1324235692; AP_BR_OSM_W1329295334; AP_BR_OSM_W1329295340; AP_BR_OSM_W1362529455; AP_BR_OSM_W1362529457; AP_BR_OSM_W1367602016; AP_BR_OSM_W1384358138; AP_BR_OSM_W1451125171; AP_BR_OSM_W1463702254; AP_BR_OSM_W1463702255; AP_BR_OSM_W1467110239; AP_BR_OSM_W1470248110; AP_BR_OSM_W1470248112; AP_BR_OSM_W1470248115; AP_BR_OSM_W1470248117; AP_BR_OSM_W1470254032; AP_BR_OSM_W1470254034; AP_BR_OSM_W1470254037; AP_BR_OSM_W1470254039; AP_BR_OSM_W1470254042; AP_BR_OSM_W1470254595; AP_BR_OSM_W1470254597; AP_BR_OSM_W1492140167; AP_BR_OSM_W1492140169; AP_BR_OSM_W1498208935; AP_BR_OSM_W1498208941; AP_BR_OSM_W1498244122; AP_BR_OSM_W1509394849; AP_BR_OSM_W1509394850; AP_BR_OSM_W1513126572; AP_BR_OSM_W1513126574; AP_BR_OSM_W1513577126; AP_BR_OSM_W1523945375; AP_BR_OSM_W1523945376; AP_BR_OSM_W1524280480; AP_BR_OSM_W1526081025; AP_BR_OSM_W1534018757; AP_BR_OSM_W1534018759; AP_BR_OSM_W1540667922; AP_BR_OSM_W1544023678; AP_BR_OSM_W1544023680; AP_BR_OSM_W1546593842; AP_BR_OSM_W1546593845; AP_BR_OSM_W480403927; AP_BR_OSM_W480403929; AP_BR_OSM_W673858216; AP_BR_OSM_W673858223; AP_BR_OSM_W826596384; AP_BR_OSM_W826596386; AP_BR_OSM_W826596400; AP_BR_OSM_W826596402; AP_BR_OSM_W826596413; AP_BR_OSM_W826596416; AP_BR_OSM_W826596424; AP_BR_OSM_W826596430; AP_BR_OSM_W826596440; AP_BR_OSM_W826596442; AP_BR_OSM_W826596445; AP_BR_OSM_W826596449; AP_BR_OSM_W826596455; AP_BR_OSM_W826596458; AP_BR_OSM_W826596464; AP_BR_OSM_W826596466; AP_BR_OSM_W826596490; AP_BR_OSM_W826596496; AP_BR_OSM_W839529008; AP_BR_OSM_W843783103; AP_BR_OSM_W843783106; AP_BR_OSM_W845261050; AP_BR_OSM_W851480115; AP_BR_OSM_W851518401; AP_BR_OSM_W852274598; AP_BR_OSM_W852304662; AP_BR_OSM_W852304667; AP_BR_OSM_W852304670; AP_BR_OSM_W854500413; AP_BR_OSM_W854500419; AP_BR_OSM_W854500422; AP_BR_OSM_W854500428; AP_BR_OSM_W854500429; AP_BR_OSM_W854500435; AP_BR_OSM_W855374531; AP_BR_OSM_W855376825; AP_BR_OSM_W855376827,Service Road; Service Road; Service Road; Service Road; Service Road; Service Road; Service Road; Service Road; Service Road; Service Road; Service Road; Service Road; Service Road; Service Road; Service Road; Service Road; Service Road; Service Road; Service Road; Service Road; Service Road; Service Road; Service Road; Service Road; Service Road; Service Road; Service Road; Service Road; Service Road; Service Road; Service Road; Service Road; Service Road; Service Road; Service Road; Service Road; Service Road; Service Road; Service Road; Service Road; Service Road; Service Road; Service Road; Service Road; Service Road; Service Road; Service Road; Service Road; Service Road; Service Road; Service Road; Service Road; Service Road; Service Road; Service Road; Service Road; Service Road; Service Road; Service Road; Service Road; Service Road; Service Road; Service Road; Service Road; Service Road; Service Road; Service Road; Service Road; Service Road; Service Road; Service Road; Service Road; Service Road; Service Road; Service Road; Service Road; Service Road; Service Road; Service Road; Service Road; Service Road; Service Road; Service Road; Service Road; Service Road; Service Road; Service Road; Service Road; Service Road; Service Road; Service Road; Service Road; Service Road; Service Road; Service Road; Service Road; Service Road; Service Road; Service Road; Service Road; Service Road; Service Road; Service Road; Service Road; Service Road; Service Road; Service Road; Service Road; Service Road; Service Road; Service Road; Service Road; Service Road; Service Road; Service Road; Service Road; Service Road; Service Road; Service Road; Service Road; Service Road; Service Road; Service Road; Service Road; Service Road; Service Road; Service Road; Service Road; Service Road; Service Road; Service Road; Service Road,"., Rehabilitation and Upgradaticn ofGiddalur - vinukonda section ofNH·544D from Design krn 212.9&3 (existing km 213.000) [0 Design km 322.800 (existing km 322.840) (Design length""112.797 km) in the Slate of Andhra Pradesh to two lane with paved shoulder under NH(O) on Hybrid Annuity Mode. . Note: The length of slip in and slip outs to connect the service road to main carriageway shall also be constructed in addition to length given in above table. (b) Slip Road: Sliproadsshallbeconstrucled at the locations and for the lengthsexcluding taperindicated below: 5r: .. . No: I Desion ChaimioiilKmL '. Lenoth Ikml Width . ·'(m). .. . 'Side .. .. ..•.. .. . Remarks' Bestavaripeta Flyover ...• From> T",False,False,True
NHAI_AP_GIDDALUR_VINUKONDA,NHAI_Giddalur_Vinukonda_NH544D.pdf,REHABILITATION_ENGINEERING_EVIDENCE,180,BRIDGE_REPAIR_ENGINEERING_EVIDENCE,,,,SLAB,,REHABILITATION,km 212.983; km 213.000; km 322.840,,,"Rehabilitation and Upgmdatlon of Giddulur -. Vinukcnda section ofNH-544D from Design km 212.983 (existing km 213.000) to Design krn 322.800 (existing km 322.840) (Design length 112.797 km) in the State of Andhra Pradesh to two lane with paved shoulder under NH(O) on Hybrid Annuity Mode. . S.No. . EXistifl~ •••• <Desig'f\""Typeof', .•. ·""i;X~-Spari 'Arhirigeillellt""i',>}, C.h(aKin m c . ""•.a)g.,.••..e.• ·•. "" •.•... ""'c~('aKiml1a.)·.·.g..c•.ecc"".;c·~.•'.c.""'c. '"",. EXisting \"" }~<-.., · .. 1"", ;:;:, 1"".' """" . """" c, •. cCc ""'C"" cc ,cc c"". CC <Culyert .... ,.·..;Tlfi~t,il1~:. ,1.""J>r~~,~~l!Cf;; 12 Slab 13 Slab 14 Slab 15 Slab 16 Slab 17 RCC Box 18 RCC Box - 19-_. ~--- -_. Slab 20 RCC Box 21 234.",False,False,True
NHAI_AP_GIDDALUR_VINUKONDA,NHAI_Giddalur_Vinukonda_NH544D.pdf,REHABILITATION_ENGINEERING_EVIDENCE,181,BRIDGE_REPAIR_ENGINEERING_EVIDENCE,,,,,,REHABILITATION,km 212; km 322.800,,,"Rehabilitation and Upgradatian of'Glddalur-. vinukonda section ofNH-544D fromDesign km 212,983 (existingkm 213.000) to Design km 322.800 (existingkm312.840) (Design Jength'112.797 km) in the State of Andhra Pradesh to twa lanewith paved shoulder under NH(O)on Hybrid Annuity Mode. 225.520 225.500 HPC 227.290 227.271 HPC 227.855 227.838 HPC 228.095 228.076 HPC 228.852 228.833 HPC 232.170 232.136 HPC 232.775 232.753 HPC 235.442 . . 235.420 ,__ HPC. - . 0.- .- 13 14 15 16 17 18 19 20 .. - ­ 21 22 23 24 25 26 27 28 29 30 31 32 33 34 35 36 37 38 39 40 41 42 43 44 45 46 47 48 49 50 51 52 53 54 236.502 236.479 237.108 237.085 237.210 237.188 238.246 238.224 238.310 238.288 243.980 243.956 244.624 , ",False,False,True
NHAI_AP_GIDDALUR_VINUKONDA,NHAI_Giddalur_Vinukonda_NH544D.pdf,REHABILITATION_ENGINEERING_EVIDENCE,182,BRIDGE_REPAIR_ENGINEERING_EVIDENCE,,,,SLAB,,REHABILITATION,km 212.983; km 213.; km 311.800; km 322.840,,,"I 2 r, r, Rehabilitation and Upgmdatlon ofGiddalur - Vinukonda section ofNH-544D from Design km 212.983 (existing km 213.(00) to Design km 311.800 (existing km 322.840) (Design length""112.797 km) in the Slate of Andhrn Pradesh to two lane with paved shoulder under NH(O) on Hybrid AnnuityMode. . -. 55 56 57 58 59 60 61 62 -....-. 63 64 65 66 67 68 - . 301.041 302.276 302.634 304.667 307.765 308.970 310.617 310.860 "" .. -- . --­ 312.796 313.D78 313.340 319.246 319.365 321.102 -- •.. ­ 301.017 302.252 302.61 304.675 307.66 308.977 310.624 310.871-_._--_._--. 312.769 313.053 313.315 319.201 319.322 321.065 1 x 1m 1 x 0.9m 1 x 0.9m 1 x 0.9m 3 x 1.2m 3 x 0.9m 1 x 0.9m 1 x 0.9m - 1 x 0.9m 1 x 0.9m ",False,False,True
NHAI_AP_GIDDALUR_VINUKONDA,NHAI_Giddalur_Vinukonda_NH544D.pdf,REHABILITATION_ENGINEERING_EVIDENCE,183,BRIDGE_REPAIR_ENGINEERING_EVIDENCE,,,,,,REHABILITATION,km 213.000; km 322.800,,,"Rehabilitation and Upgradarlon of Giddalur -. Vinukonda section ofNH-544D from Design krn 212.983 (existing km 213.000) 10 Design km 322.800 (existing kin 322.840) (Design length 112.797 km) in the State of Andhra Pradesh to two lane with paved shoulder under NH(O) on Hybrid Annuity Mode. . '>'., "" -,...... ',. Existing Chainage (Km) .pe~ig'p Ch~inage(krrit ,""'Jo:"""""",."":, .::. ,""'; . s. No. ,Tatar le""ngth '.' .:.­ .,.:'. . 13 223.560 223.540 2m 14 225.075 225.056 2m 15 225.877 225.856 2m 16 229.920 229.900 2m 17 230.380 230.357 2m 18 232.328 232.308 2m 19 232.588 232.568 2m 20 233.930 233.922 2m 21 235.011 234.989 2m 22 235.623 235.601 2.5m 23 235.791 235.769 2m 24 241.220 241.178 2m 25 242.",False,False,True
NHAI_AP_GIDDALUR_VINUKONDA,NHAI_Giddalur_Vinukonda_NH544D.pdf,REHABILITATION_ENGINEERING_EVIDENCE,184,BRIDGE_REPAIR_ENGINEERING_EVIDENCE,,,,,,REHABILITATION,km322.840,,,"! { Rehabilitation andUpgrado.tion ofGiddalur- Vinukonda sectionofNH-544D from Designkm 212.983 (existingkrn 213.000) to Design km ~ 322.800(existing km322.840) (Designlength112.797 km) in the Stareof Andhra Pradesh to two lanewithpaved shoulder under NH(O)on ~. Hybrid Annuity Mode. [ f; "" 5: No'-; "":'. .~,,, '::_ '.' '--.':-'. r- .; .. - . c .' Existing -Ch:~!,~,~ge(Kri11,D~signc~ai~~~e:(I<~) •·l'btalk~~~t~. 56 265.950 265.852 2m 57 268.594 268.482 2m 58 269.023 268.911 2m 59 270.770 270.659 2m 60 272.301 272.189 2m 61 274.079 273.966 2m 62 183.350 of NH-565 183.350 of NH-565 1.2m 63 278.430 278.122 2m 64 278.681 278373 2m 65 281.693 281.383 3m 66 283.124 282.814 2m 67 284.908 284.597 2m 68",False,False,True
NHAI_AP_GIDDALUR_VINUKONDA,NHAI_Giddalur_Vinukonda_NH544D.pdf,REHABILITATION_ENGINEERING_EVIDENCE,185,BRIDGE_REPAIR_ENGINEERING_EVIDENCE,,,,,,REHABILITATION,km 322.800; km 322.840,,,Rehabilitation and Upgradation ofGiddalur- vinukonda section ofNH-544D from Design krn 212.983 (existing krn 213.000) [0 Design km 322.800 (existing km 322.840) (Design length ·112.797 km) in the State of Andhra Pradesh to two lane with paved shoulder under NH(O) on Hybrid Annuity Mode. 171 Page - 42,False,False,True
NHAI_AP_GIDDALUR_VINUKONDA,NHAI_Giddalur_Vinukonda_NH544D.pdf,REHABILITATION_ENGINEERING_EVIDENCE,186,IDENTIFIED_BRIDGE_CONDITION_CANDIDATE,,DAMAGED,,SLAB,,REPAIR; REHABILITATION,km 212; km 213.000; km 322.800; km 322.840,,,"Rehabilitation and Upgradation of'Giddalur - vinukonda section ofNH-544D from Design km 212,983 (existing km 213.000) to Design km 322.800 (existing km 322.840) (Design length 112.797 km) in the State of Andhra Pradesh to two lane with paved shoulder under NH(O) on Hybrid Annuity Mode. E. New Construction as Box Culverts: .. / Desigl1cllai~age(kl11) , ,'rotal Length "" "", "" Remarks' 1 00,620 2m Gobburu Bypass 2 00.800 2m 3 01,140 2m 4 01.220 2m 5 01.400 2m 6 01.680 2m 7 01,960 2m 8 292.600 2m Tirpuranthakam Bypass 9 292.625 2m 10 292.900 2m 11 293.760 2m 12 294.860 2m 13 295.160 2m ~: ;,.. ~. ~: F t­ '.: , F. New Hume Pipe Culverts: SL. No .. ,'.,' , "",' NeW Design "". Chainage' ,Total' Length",False,False,True
NHAI_AP_GIDDALUR_VINUKONDA,NHAI_Giddalur_Vinukonda_NH544D.pdf,REHABILITATION_ENGINEERING_EVIDENCE,187,IDENTIFIED_BRIDGE_CONDITION_CANDIDATE,BRIDGE; MAJOR BRIDGE; MINOR BRIDGE,DEFECT; DAMAGED,CRACK,FOUNDATION; PIER; PIERS; ABUTMENT; BEARING; DECK; SUBSTRUCTURE; SLAB; EXPANSION JOINT,,REPAIR; REHABILITATION; REHABILITATE; STRENGTHENING,km 212.983; km 213.000; km 322.800; km 322.840,,,"Rehabilitation and Upgradarion ofGiddalur- Vinukonda section ofNH-544D from Design km 212.983 (existing km 213.000) to Design km 322.800 (existing km 322.840) (Design length 112.797 km) in the Slate of Andhra Pradesh [0 two lane with paved shoulder under NHDP-IV under NH(O) on Hybrid Annuity Mode. 12. Details of Bridges to be Reconstructed I Widened I New Construction Details of Major Bridges and Minor Bridges to be reconstructed / widened I new construction are given below A. Rehabilitation & Repair of Existing Major Bridges: The following existing major bridges, proposed to be either retained or retained and widened, shall be repaired /strengthenedas per the details given below. S.No .EXis",False,False,True
NHAI_AP_GIDDALUR_VINUKONDA,NHAI_Giddalur_Vinukonda_NH544D.pdf,REHABILITATION_ENGINEERING_EVIDENCE,188,BRIDGE_REPAIR_ENGINEERING_EVIDENCE,BRIDGE; MINOR BRIDGE,,,,,REPAIR; REPAIRS; REHABILITATION; STRENGTHENING,km 212.983; km 213.000; km 322.840,AP_BR_OSM_W487371413,Bridge 1,"Rehabilitation and Upgradmion of Giddalur - Vinukonda section of NH-S44D from Design km 212.983 (existing km 213.000) to Design krn 322.800 (existt 19 km 322.840) (Design length 112.797 km) in the Stale ofAndhra Pradesh to two lane with paved shoulder under NHDP-IV under NH{O) on Hybrid Annuity Mode. B. Rehabilitation & Repair, Reconstruction, widening of Existing Minor Bridgesand Construction of new Minor Bridges: (I) Retained with Rehablitationand Widening with Rehabilitation of eXisting minor bridge. _ ...'1'_.1no minor Dnaqes, propose_ .___brid . tained/widened _. - --foil .. _.The foil -..... d to b _ ._.._ Sr.No , Design SRlMCW,EXisting Proposal' Span Total .,Nature of Extent of Repair",False,False,True
NHAI_AP_GIDDALUR_VINUKONDA,NHAI_Giddalur_Vinukonda_NH544D.pdf,REHABILITATION_ENGINEERING_EVIDENCE,189,BRIDGE_REPAIR_ENGINEERING_EVIDENCE,BRIDGE,,,,,REPAIR; REPAIRS; REHABILITATION; STRENGTHENING,Chainage .; km 212.983; km 213.000; km 322.800; km 322.840,AP_BR_OSM_W487371413,Bridge 1,"Rehabilitation and Upgradation or Glddatur - vinukonda section of NH-544D from Design km 212.983 (existing km 213.000) to Design km 322.800 (existing km 322.840) (Design length 112.797 km) in the State or Andhra Pradesh to two lane with paved shoulder under NHDP-IV under NH(O) on Hybrid Annuity Mode. Sr.No . Existing Design SRlMCW, Proposal Span 'Total' Nature of Extent of Repairs I Chainage (Km) Chainage . . Arrangement . width of Strengthening·to be carried out (Km) Structure . for existing bridge 11 270,412 270.302 MCW Retained with 3x15,4m 8.5m Refer foot Note below Rehabilitation 12 281.150 280.382 MCW Retained and 4x3m 16m Refer foot Note below Widened with Rehabilitation 13 286,490 28",False,False,True
NHAI_AP_GIDDALUR_VINUKONDA,NHAI_Giddalur_Vinukonda_NH544D.pdf,REHABILITATION_ENGINEERING_EVIDENCE,190,BRIDGE_REPAIR_ENGINEERING_EVIDENCE,BRIDGE,,,,,REPAIR; REPAIRS; REHABILITATION,Chainage .; km 213.000; km 322.800; km 322.340,,,"Rehabilitation and Upgradarion cf Giddalur - Vinukonda section ofNH-544D from Design krn 212.983 (existing km 213.000) 10 Design km 322.800 (existi-rg km 322.340) (Design length 112.797 km) in the Stale of Andhra Pradesh to two lane with paved shoulder under NHDP-IV under NH(O) on Hybrid Annuity Mode. Sr.No Existing Design SRlMCW Proposal' , Span . Total Nature of Extent of Repairs I Chainage (Km) Chainage .' Arrangement width of StrerJgthening to be carried out '. (Km) .. Structure 'for existing bridge "" . .. 21 309.255 309.258 MCW Retained and 3x3m 16m Refer foot Note below Widened with Rehabilitation 22 309.755 309.739 MCW Retained and 8x2.5m 16m Refer foot Note below Widened with Rehabil",False,False,True
NHAI_AP_GIDDALUR_VINUKONDA,NHAI_Giddalur_Vinukonda_NH544D.pdf,REHABILITATION_ENGINEERING_EVIDENCE,191,BRIDGE_LEVEL_CONDITION_CANDIDATE,BRIDGE; MINOR BRIDGE,DEFECT; DAMAGED,CRACK; EXPOSED REINFORCEMENT,FOUNDATION; PIER; PIERS; ABUTMENT; BEARING; DECK; SUBSTRUCTURE; GIRDER; SLAB; EXPANSION JOINT,,REPAIR; REPAIRS; REHABILITATION; REHABILITATE; STRENGTHENING,km 211.983; km 213.000; km 311.800,AP_BR_OSM_W1081167107; AP_BR_OSM_W1086848414; AP_BR_OSM_W1086848416; AP_BR_OSM_W1086848436; AP_BR_OSM_W1086848440; AP_BR_OSM_W1088411426; AP_BR_OSM_W1088411432; AP_BR_OSM_W1088411472; AP_BR_OSM_W1088411473; AP_BR_OSM_W1088411477; AP_BR_OSM_W1088411479; AP_BR_OSM_W1088426820; AP_BR_OSM_W1088426833; AP_BR_OSM_W1088426835; AP_BR_OSM_W1088463022; AP_BR_OSM_W1088463024; AP_BR_OSM_W1089450070; AP_BR_OSM_W1089450073; AP_BR_OSM_W1089450078; AP_BR_OSM_W1089450081; AP_BR_OSM_W1120249872; AP_BR_OSM_W1155071501; AP_BR_OSM_W1155071503; AP_BR_OSM_W1191649245; AP_BR_OSM_W1225609297; AP_BR_OSM_W1232731403; AP_BR_OSM_W1232731423; AP_BR_OSM_W1237976449; AP_BR_OSM_W1237978378; AP_BR_OSM_W1237978510; AP_BR_OSM_W1237978514; AP_BR_OSM_W1237979758; AP_BR_OSM_W1237979762; AP_BR_OSM_W1243542316; AP_BR_OSM_W1243542321; AP_BR_OSM_W1245312598; AP_BR_OSM_W1245312599; AP_BR_OSM_W1273875767; AP_BR_OSM_W1273875769; AP_BR_OSM_W1273875773; AP_BR_OSM_W1273875775; AP_BR_OSM_W1273875815; AP_BR_OSM_W1273875817; AP_BR_OSM_W1273875869; AP_BR_OSM_W1273875875; AP_BR_OSM_W1273875877; AP_BR_OSM_W1306892617; AP_BR_OSM_W1306892623; AP_BR_OSM_W1324235692; AP_BR_OSM_W1329295334; AP_BR_OSM_W1329295340; AP_BR_OSM_W1362529455; AP_BR_OSM_W1362529457; AP_BR_OSM_W1367602016; AP_BR_OSM_W1384358138; AP_BR_OSM_W1451125171; AP_BR_OSM_W1463702254; AP_BR_OSM_W1463702255; AP_BR_OSM_W1467110239; AP_BR_OSM_W1470248110; AP_BR_OSM_W1470248112; AP_BR_OSM_W1470248115; AP_BR_OSM_W1470248117; AP_BR_OSM_W1470254032; AP_BR_OSM_W1470254034; AP_BR_OSM_W1470254037; AP_BR_OSM_W1470254039; AP_BR_OSM_W1470254042; AP_BR_OSM_W1470254595; AP_BR_OSM_W1470254597; AP_BR_OSM_W1492140167; AP_BR_OSM_W1492140169; AP_BR_OSM_W1498208935; AP_BR_OSM_W1498208941; AP_BR_OSM_W1498244122; AP_BR_OSM_W1509394849; AP_BR_OSM_W1509394850; AP_BR_OSM_W1513126572; AP_BR_OSM_W1513126574; AP_BR_OSM_W1513577126; AP_BR_OSM_W1523945375; AP_BR_OSM_W1523945376; AP_BR_OSM_W1524280480; AP_BR_OSM_W1526081025; AP_BR_OSM_W1534018757; AP_BR_OSM_W1534018759; AP_BR_OSM_W1540667922; AP_BR_OSM_W1544023678; AP_BR_OSM_W1544023680; AP_BR_OSM_W1546593842; AP_BR_OSM_W1546593845; AP_BR_OSM_W480403927; AP_BR_OSM_W480403929; AP_BR_OSM_W673858216; AP_BR_OSM_W673858223; AP_BR_OSM_W826596384; AP_BR_OSM_W826596386; AP_BR_OSM_W826596400; AP_BR_OSM_W826596402; AP_BR_OSM_W826596413; AP_BR_OSM_W826596416; AP_BR_OSM_W826596424; AP_BR_OSM_W826596430; AP_BR_OSM_W826596440; AP_BR_OSM_W826596442; AP_BR_OSM_W826596445; AP_BR_OSM_W826596449; AP_BR_OSM_W826596455; AP_BR_OSM_W826596458; AP_BR_OSM_W826596464; AP_BR_OSM_W826596466; AP_BR_OSM_W826596490; AP_BR_OSM_W826596496; AP_BR_OSM_W839529008; AP_BR_OSM_W843783103; AP_BR_OSM_W843783106; AP_BR_OSM_W845261050; AP_BR_OSM_W851480115; AP_BR_OSM_W851518401; AP_BR_OSM_W852274598; AP_BR_OSM_W852304662; AP_BR_OSM_W852304667; AP_BR_OSM_W852304670; AP_BR_OSM_W854500413; AP_BR_OSM_W854500419; AP_BR_OSM_W854500422; AP_BR_OSM_W854500428; AP_BR_OSM_W854500429; AP_BR_OSM_W854500435; AP_BR_OSM_W855374531; AP_BR_OSM_W855376825; AP_BR_OSM_W855376827,Service Road; Service Road; Service Road; Service Road; Service Road; Service Road; Service Road; Service Road; Service Road; Service Road; Service Road; Service Road; Service Road; Service Road; Service Road; Service Road; Service Road; Service Road; Service Road; Service Road; Service Road; Service Road; Service Road; Service Road; Service Road; Service Road; Service Road; Service Road; Service Road; Service Road; Service Road; Service Road; Service Road; Service Road; Service Road; Service Road; Service Road; Service Road; Service Road; Service Road; Service Road; Service Road; Service Road; Service Road; Service Road; Service Road; Service Road; Service Road; Service Road; Service Road; Service Road; Service Road; Service Road; Service Road; Service Road; Service Road; Service Road; Service Road; Service Road; Service Road; Service Road; Service Road; Service Road; Service Road; Service Road; Service Road; Service Road; Service Road; Service Road; Service Road; Service Road; Service Road; Service Road; Service Road; Service Road; Service Road; Service Road; Service Road; Service Road; Service Road; Service Road; Service Road; Service Road; Service Road; Service Road; Service Road; Service Road; Service Road; Service Road; Service Road; Service Road; Service Road; Service Road; Service Road; Service Road; Service Road; Service Road; Service Road; Service Road; Service Road; Service Road; Service Road; Service Road; Service Road; Service Road; Service Road; Service Road; Service Road; Service Road; Service Road; Service Road; Service Road; Service Road; Service Road; Service Road; Service Road; Service Road; Service Road; Service Road; Service Road; Service Road; Service Road; Service Road; Service Road; Service Road; Service Road; Service Road; Service Road; Service Road; Service Road; Service Road; Service Road,"Rehabilitation and Upgradarion ofGiddalur - Vinukonda section of NH·544D from Design km 211.983 (existing km 213.000) 10 Design km 311.800 (exisuig krn 311.840) (Design length 112.797 km] in the State of Andhra Pradesh to two lane with paved shoulder under NHDP-IV under NH(O) on Hybrid Annuity Mode. . Sr.No Existing Chainage (Km) Design. - Chainage (Km) - SRlMCW -Proposal Span Arrangement Total width of Structure .Nature of Extent of Repairs / Strengthening to be carried out -for existing bridge 31 322.225 322.200 MCW Retained and Widened with Rehabilitation 6x3m 16m Refer foot Note below - -. SR - Service Road/Slip Road, MCW - Main Carriageway Width is excluding the gap between Main Carriag",False,False,True
NHAI_AP_GIDDALUR_VINUKONDA,NHAI_Giddalur_Vinukonda_NH544D.pdf,REHABILITATION_ENGINEERING_EVIDENCE,192,BRIDGE_REPAIR_ENGINEERING_EVIDENCE,BRIDGE,,,,,REHABILITATION,km 212.983; km 213.000; km 322.800; km 322,AP_BR_OSM_W1081167107; AP_BR_OSM_W1086848414; AP_BR_OSM_W1086848416; AP_BR_OSM_W1086848436; AP_BR_OSM_W1086848440; AP_BR_OSM_W1088411426; AP_BR_OSM_W1088411432; AP_BR_OSM_W1088411472; AP_BR_OSM_W1088411473; AP_BR_OSM_W1088411477; AP_BR_OSM_W1088411479; AP_BR_OSM_W1088426820; AP_BR_OSM_W1088426833; AP_BR_OSM_W1088426835; AP_BR_OSM_W1088463022; AP_BR_OSM_W1088463024; AP_BR_OSM_W1089450070; AP_BR_OSM_W1089450073; AP_BR_OSM_W1089450078; AP_BR_OSM_W1089450081; AP_BR_OSM_W1120249872; AP_BR_OSM_W1155071501; AP_BR_OSM_W1155071503; AP_BR_OSM_W1191649245; AP_BR_OSM_W1225609297; AP_BR_OSM_W1232731403; AP_BR_OSM_W1232731423; AP_BR_OSM_W1237976449; AP_BR_OSM_W1237978378; AP_BR_OSM_W1237978510; AP_BR_OSM_W1237978514; AP_BR_OSM_W1237979758; AP_BR_OSM_W1237979762; AP_BR_OSM_W1243542316; AP_BR_OSM_W1243542321; AP_BR_OSM_W1245312598; AP_BR_OSM_W1245312599; AP_BR_OSM_W1273875767; AP_BR_OSM_W1273875769; AP_BR_OSM_W1273875773; AP_BR_OSM_W1273875775; AP_BR_OSM_W1273875815; AP_BR_OSM_W1273875817; AP_BR_OSM_W1273875869; AP_BR_OSM_W1273875875; AP_BR_OSM_W1273875877; AP_BR_OSM_W1306892617; AP_BR_OSM_W1306892623; AP_BR_OSM_W1324235692; AP_BR_OSM_W1329295334; AP_BR_OSM_W1329295340; AP_BR_OSM_W1362529455; AP_BR_OSM_W1362529457; AP_BR_OSM_W1367602016; AP_BR_OSM_W1384358138; AP_BR_OSM_W1451125171; AP_BR_OSM_W1463702254; AP_BR_OSM_W1463702255; AP_BR_OSM_W1467110239; AP_BR_OSM_W1470248110; AP_BR_OSM_W1470248112; AP_BR_OSM_W1470248115; AP_BR_OSM_W1470248117; AP_BR_OSM_W1470254032; AP_BR_OSM_W1470254034; AP_BR_OSM_W1470254037; AP_BR_OSM_W1470254039; AP_BR_OSM_W1470254042; AP_BR_OSM_W1470254595; AP_BR_OSM_W1470254597; AP_BR_OSM_W1492140167; AP_BR_OSM_W1492140169; AP_BR_OSM_W1498208935; AP_BR_OSM_W1498208941; AP_BR_OSM_W1498244122; AP_BR_OSM_W1509394849; AP_BR_OSM_W1509394850; AP_BR_OSM_W1513126572; AP_BR_OSM_W1513126574; AP_BR_OSM_W1513577126; AP_BR_OSM_W1523945375; AP_BR_OSM_W1523945376; AP_BR_OSM_W1524280480; AP_BR_OSM_W1526081025; AP_BR_OSM_W1534018757; AP_BR_OSM_W1534018759; AP_BR_OSM_W1540667922; AP_BR_OSM_W1544023678; AP_BR_OSM_W1544023680; AP_BR_OSM_W1546593842; AP_BR_OSM_W1546593845; AP_BR_OSM_W480403927; AP_BR_OSM_W480403929; AP_BR_OSM_W487371413; AP_BR_OSM_W673858216; AP_BR_OSM_W673858223; AP_BR_OSM_W826596384; AP_BR_OSM_W826596386; AP_BR_OSM_W826596400; AP_BR_OSM_W826596402; AP_BR_OSM_W826596413; AP_BR_OSM_W826596416; AP_BR_OSM_W826596424; AP_BR_OSM_W826596430; AP_BR_OSM_W826596440; AP_BR_OSM_W826596442; AP_BR_OSM_W826596445; AP_BR_OSM_W826596449; AP_BR_OSM_W826596455; AP_BR_OSM_W826596458; AP_BR_OSM_W826596464; AP_BR_OSM_W826596466; AP_BR_OSM_W826596490; AP_BR_OSM_W826596496; AP_BR_OSM_W839529008; AP_BR_OSM_W843783103; AP_BR_OSM_W843783106; AP_BR_OSM_W845261050; AP_BR_OSM_W851480115; AP_BR_OSM_W851518401; AP_BR_OSM_W852274598; AP_BR_OSM_W852304662; AP_BR_OSM_W852304667; AP_BR_OSM_W852304670; AP_BR_OSM_W854500413; AP_BR_OSM_W854500419; AP_BR_OSM_W854500422; AP_BR_OSM_W854500428; AP_BR_OSM_W854500429; AP_BR_OSM_W854500435; AP_BR_OSM_W855374531; AP_BR_OSM_W855376825; AP_BR_OSM_W855376827,Service Road; Service Road; Service Road; Service Road; Service Road; Service Road; Service Road; Service Road; Service Road; Service Road; Service Road; Service Road; Service Road; Service Road; Service Road; Service Road; Service Road; Service Road; Service Road; Service Road; Service Road; Service Road; Service Road; Service Road; Service Road; Service Road; Service Road; Service Road; Service Road; Service Road; Service Road; Service Road; Service Road; Service Road; Service Road; Service Road; Service Road; Service Road; Service Road; Service Road; Service Road; Service Road; Service Road; Service Road; Service Road; Service Road; Service Road; Service Road; Service Road; Service Road; Service Road; Service Road; Service Road; Service Road; Service Road; Service Road; Service Road; Service Road; Service Road; Service Road; Service Road; Service Road; Service Road; Service Road; Service Road; Service Road; Service Road; Service Road; Service Road; Service Road; Service Road; Service Road; Service Road; Service Road; Service Road; Service Road; Service Road; Service Road; Service Road; Service Road; Service Road; Service Road; Service Road; Service Road; Service Road; Service Road; Service Road; Service Road; Service Road; Service Road; Service Road; Service Road; Service Road; Bridge 1; Service Road; Service Road; Service Road; Service Road; Service Road; Service Road; Service Road; Service Road; Service Road; Service Road; Service Road; Service Road; Service Road; Service Road; Service Road; Service Road; Service Road; Service Road; Service Road; Service Road; Service Road; Service Road; Service Road; Service Road; Service Road; Service Road; Service Road; Service Road; Service Road; Service Road; Service Road; Service Road; Service Road; Service Road; Service Road; Service Road; Service Road; Service Road; Service Road,"-- Rehabilitation and Upgradation of Giddalur - Vinukonda section of NH-544D from Design km 212.983 (existing km 213.000) to Design km 322.800 (existi 19 km 322,840) (Design length 112.797 km) in the Stale of Andhra Pradesh to two lane with paved shoulder under NHDP-IV under NH(O) on Hybrid Annuity Mode. I S.No 3 Existing Chainage (Km) Tripuranthakam Bypass Design Chainage (Km) 294.077 SRlMCW MCW Proposal New Total width of mructure 16m Length of Bridge 12m SR - Service Road/Slip Road, MCW - Main Carriageway Width is excluding the gap between Main Carriageway & Service Road. .... -'1 00 ...;:::;-:..; "", -,.. '--, ;-,.'.- .-:.:~:::-;;;:.-.~;:-- T '_.~.' ••_.""""~ ,_._::~:;:~;:':"" :!.,.~.;:: ::;",False,False,True
NHAI_AP_GIDDALUR_VINUKONDA,NHAI_Giddalur_Vinukonda_NH544D.pdf,REHABILITATION_ENGINEERING_EVIDENCE,193,BRIDGE_REPAIR_ENGINEERING_EVIDENCE,BRIDGE; ROAD OVER BRIDGE; ROB,,,,,REPAIR; REPAIRS; REHABILITATION; STRENGTHENING,Chainage .; km 212.983; km 213.000; km 322.800,AP_BR_OSM_W487371413,Bridge 1,"o Rehabilitation and Uogradation of Giddafur- Vinukonda section ofNH-544D from Design km 212.983 (existing km 213.000) to Design km 322.800 (existing krn 322.8<10) (Design length 112.797 ken) in the State of Andhra Pradesh to two lane with paved' shoulder under NH(O) on Hybrid Annuity Mode. 13. Interchanges 1: r· Interchanges are proposed at the following locations: New Interchange: ,"",I,.ypeor: \In~erchangef NIL . - .. R~niarks Repair & Rehabilitation of Interchange: I, .. Existing> •. Design .•.. . Clearl;>pan L , ""Type ofWidth ,Struct~re:6~.... '•. ·Ch(~kim~1:.e.·.......,.. ,Chaina ge 'X a .. ( ) ..' . (Kin!' ..... .' ,penmgm NIL 14. Road Over Bridges (ROB) A: The details of new construct",False,False,True
NHAI_AP_GIDDALUR_VINUKONDA,NHAI_Giddalur_Vinukonda_NH544D.pdf,REHABILITATION_ENGINEERING_EVIDENCE,194,IDENTIFIED_BRIDGE_CONDITION_CANDIDATE,BRIDGE,DEFECT; DAMAGED,CRACK; EXPOSED REINFORCEMENT,FOUNDATION; PIER; PIERS; ABUTMENT; BEARING; DECK; SUBSTRUCTURE; GIRDER; SLAB,,REPAIR; REHABILITATION; REHABILITATE,km 213.000,,,"Rehabilitation and Upgredaticn ofGiddalur- Vinukonda section ofNH-544D from Design krn 212,983 (existing km 213.000) to Design kill 322,800 (existing krn 322.840) (Design length 111.797 km) in the State of Andhra Pradesh to IWO lane with paved shoulder under NH(O)on Hybrid Annuity Mode. • Damaged Wearing coat shall be removed completely up to top of deck slab and re-laid with drainage spouts. • Defective bearing shall be replaced. • Protect the foundation of Piers and abutments. • Surface cracks in the substructure shall be repaired. • Proper improvements shall be made for revetment. • Exposed Reinforcement at the bottom of deck slab shall be repaired by guniting. • Girders and slabs shall b",False,False,True
NHAI_AP_GIDDALUR_VINUKONDA,NHAI_Giddalur_Vinukonda_NH544D.pdf,REHABILITATION_ENGINEERING_EVIDENCE,195,BRIDGE_REPAIR_ENGINEERING_EVIDENCE,,,,,,REHABILITATION,km 112.983; km 213.000; km 312.800; km 322.840,,,"Rehabilitation and Upgradatfon of Giddalur - vlnukonda section of NH-544D from Design km 112.983 (existing km 213.000) to Design km 312.800 (existing km 322.840) (Design length 1\2.797 krn) in the State of Andhra Pradesh (0 two lane with paved shoulder under NH(O) on Hybrid Annuity Mode. SCHEDULE -C (See Clause 2.1) PROJECT FACILITIES 1. Project Facilities 1.1 The concessionaire shall construct the project facilities in accordance with the provisions of this agreement. Such Project facilities shall include: (a) Toll Plazas; (b) Roadside Furniture; (c) Highway Lighting; (d) Pedestrian Facilities; (e) Rest areas; (f) .Truck parking; (g) Bus-bays and bus shelters; (h) Tree translocation, Tree p",False,False,True
NHAI_AP_GIDDALUR_VINUKONDA,NHAI_Giddalur_Vinukonda_NH544D.pdf,REHABILITATION_ENGINEERING_EVIDENCE,196,BRIDGE_REPAIR_ENGINEERING_EVIDENCE,,,,,,REHABILITATION,km 213.000; km 311.800; km 312.8-1-0,,,"Rehabilitation and Upgradation of Giddalur - vmukonda section of NH-544D from Design krn 212.983 (existing km 213.000) to Design km 311.800 (existing km 312.8-1-0) (Design length 111.797 km} in the State of Andhra Pradesh to lWO lane with paved shoulder under NH(O) on Hybrid Annuity Mode. Annex-I Schedule-C Project Facilities 1. Project Facilities: The Concessionaire shall construct the Project Facilities described in this Annex-I to form part of the Two - Lane Project. The Project Facilities shall include: (a) Toll Plazas; I::'(b) Roadside Furniture; (d) Pedestrian Facilities; (e) Rest areas; (f) Truck parking; ~:. (g) Bus-bays and bus shelters; , l , (h) Tree translocation, Tree plantation",False,False,True
NHAI_AP_GIDDALUR_VINUKONDA,NHAI_Giddalur_Vinukonda_NH544D.pdf,REHABILITATION_ENGINEERING_EVIDENCE,197,IDENTIFIED_BRIDGE_CONDITION_CANDIDATE,BRIDGE,CONDITION,,,,REHABILITATION,km 212.983; km 213; km 322.800; km 322.840,,,"Rehabilitation and Upgradation of Giddatur - vinukonda section ofNH-S44D from Design km 212.983 (existing km 213,000) to Design km 322.800 (existing km 322.840) (Design length 112.797 km) in the State of Andhra Pradesh to two lane with paved shoulder under NH(O) on Hybrid Annuity Mode. Above mentioned toll lanes are minimum. However concessionaire shall assess actual requirement of toll lanes as per site condition andthe provision of the manual. These toll lanes shall be finalized in consultation with Independent Engineer/ Project Director, NHAI. The additional toll lanes shall not be treated as change of scope (ii) Solar panels shall be erected over the Toll Plaza Canopy to generate the gre",False,False,True
NHAI_AP_GIDDALUR_VINUKONDA,NHAI_Giddalur_Vinukonda_NH544D.pdf,REHABILITATION_ENGINEERING_EVIDENCE,198,BRIDGE_REPAIR_ENGINEERING_EVIDENCE,BRIDGE; MAJOR BRIDGE; ROB,,,,,REHABILITATION,km 212; km 213.000; km 322.800; km 322.840,,,"' Rehabilitation and Upgradation of Giddalur - vinukonda section of NH-544D from Design km 212,983 (existing km 213.000) to. Design km 322.800 (existing km 322.840) (Design length 112.797 km) ill the Slate of Andhra Pradesh to two lane with paved shoulder under NH(O) on Hybrid Annuity Mode. v. Crash Barrier: W Metal Beam Crash Barrier shall be provided at built up location, High Embankment &, Bridge approaches and curve locations where radius is less than 450m. The locations for these provisions shall be as per Section 9.7 of manual and shall be finalised in consultation with Independent Engineer/Project Director, NHAI. vi. Cat's Eye I Road Studs: Road Studs shall be provided at Horizontal C",False,False,True
NHAI_AP_GIDDALUR_VINUKONDA,NHAI_Giddalur_Vinukonda_NH544D.pdf,REHABILITATION_ENGINEERING_EVIDENCE,199,BRIDGE_REPAIR_ENGINEERING_EVIDENCE,,,,,,REHABILITATION,km 213.000; km 322.800; km 322.840; Km 276.906,,,"Rehabilitation and Upgrodation or Giddalur - Vinukonda section ofNH-544D from Design kin 212.983 (existing km 213.000) to Design km 322.800 (existing km 322.840) (Design length 112.797 km) in the State of Andhra Pradesh to two lane with paved shoulder under NH(O) on Hybrid Annuity Mode. emergency health care facilities for accident victims. The Facilities at Rest Area shall be as per Section 12.10 of manual and finalized in consultation with Independent Engineer/Project Director, NHAI. (f) Truck parking: Truck Lay byes shall be provided at following locations as per manual: 1 Km 276.906 276600 Both (9) t::sus bays and Passenger Shelters Proposed locations for Bus Bays and Bus shelters are in",False,False,True
NHAI_AP_GIDDALUR_VINUKONDA,NHAI_Giddalur_Vinukonda_NH544D.pdf,REHABILITATION_ENGINEERING_EVIDENCE,200,BRIDGE_REPAIR_ENGINEERING_EVIDENCE,,,,,,REHABILITATION,km 21; km 213.000; km 322.800,,,"?' Rehabilitation and Upgradation of Giddalur - vinukonda section of NH-544D from Design km 21~.983 (existing km 213.000) to Design km 322.800 (existing krn 322.840) (Design length 112.797 km) in the State of Andhra Pradesh to two lane with paved shoulder under NH(O) on Hybrid Annuity Mode. be translocated within PROW or at some other location. These trees located in PROW shall be maintained for 5 years as per Manual and IRC : SP-21, Further, it is presumed that 50% of the total trees to be translocated only will survive, as such minimum 3 times of the 50% of trees will have to be planted as per guidelines/norms of the State Gov!. and the same maintained for 5 years as per Manual and IRC SP ",False,False,True
NHAI_AP_GIDDALUR_VINUKONDA,NHAI_Giddalur_Vinukonda_NH544D.pdf,REHABILITATION_ENGINEERING_EVIDENCE,201,BRIDGE_REPAIR_ENGINEERING_EVIDENCE,,,,,,REHABILITATION; MAINTENANCE,km 212.983; km 213.000; km 322..840,,,"Rehabilitation and Upgradation of Giddalur - vinukonda section ofNH-544D from Design km 212.983 (existing km 213.000) to Design krn 322.800 (existing km 322..840) (Design length 112.797 km) in the State of Andhra Pradesh (0 two lane with paved shoulder under NH(O) on Hybrid Annuity Mode. (4) Crane service: ~.Crane service shall be provided as specified in the manual. ~. (5) Communication system: Communication system shall be provided as specified in the manual. (6) Highway/Advanced Traffic Management System The Concessionaire is required to design, install, operate and maintain Highway Traffic Management System (HTMS) / Advanced Traffic Management System (ATMS) as part of the project facilit",False,False,True
NHAI_AP_GIDDALUR_VINUKONDA,NHAI_Giddalur_Vinukonda_NH544D.pdf,REHABILITATION_ENGINEERING_EVIDENCE,203,BRIDGE_REPAIR_ENGINEERING_EVIDENCE,,,,,,REHABILITATION,km 312,,,"Rehabilitation and Upgradaticn ofGiddalur - vinukonda section of NH-544D from Design kin 212,983 (existing km :!13.000) to Design km 312,800 (existing krn 32:!.840) (Design length 112.797 km) in the Stale of Andhm Pradesh to two lane with paved shoulder under NH(O) on Hybrid Annuity Mode. :,­ SCHEDULE- D (See Clause 2.1) SPECIFICATIONS AND STANDARDS Specifications and Standards for the Project The Concessionaire shall comply with the Specifications and Standards set forth in Annex-I of this Schedule-D for construction of the Project. , i. 189 Page - 60",False,False,True
NHAI_AP_GIDDALUR_VINUKONDA,NHAI_Giddalur_Vinukonda_NH544D.pdf,REHABILITATION_ENGINEERING_EVIDENCE,204,BRIDGE_REPAIR_ENGINEERING_EVIDENCE,,,,,,REHABILITATION,km 322.800; km 322.840,AP_BR_OSM_W1081167107; AP_BR_OSM_W1086848414; AP_BR_OSM_W1086848416; AP_BR_OSM_W1086848436; AP_BR_OSM_W1086848440; AP_BR_OSM_W1088411426; AP_BR_OSM_W1088411432; AP_BR_OSM_W1088411472; AP_BR_OSM_W1088411473; AP_BR_OSM_W1088411477; AP_BR_OSM_W1088411479; AP_BR_OSM_W1088426820; AP_BR_OSM_W1088426833; AP_BR_OSM_W1088426835; AP_BR_OSM_W1088463022; AP_BR_OSM_W1088463024; AP_BR_OSM_W1089450070; AP_BR_OSM_W1089450073; AP_BR_OSM_W1089450078; AP_BR_OSM_W1089450081; AP_BR_OSM_W1120249872; AP_BR_OSM_W1155071501; AP_BR_OSM_W1155071503; AP_BR_OSM_W1191649245; AP_BR_OSM_W1225609297; AP_BR_OSM_W1232731403; AP_BR_OSM_W1232731423; AP_BR_OSM_W1237976449; AP_BR_OSM_W1237978378; AP_BR_OSM_W1237978510; AP_BR_OSM_W1237978514; AP_BR_OSM_W1237979758; AP_BR_OSM_W1237979762; AP_BR_OSM_W1243542316; AP_BR_OSM_W1243542321; AP_BR_OSM_W1245312598; AP_BR_OSM_W1245312599; AP_BR_OSM_W1273875767; AP_BR_OSM_W1273875769; AP_BR_OSM_W1273875773; AP_BR_OSM_W1273875775; AP_BR_OSM_W1273875815; AP_BR_OSM_W1273875817; AP_BR_OSM_W1273875869; AP_BR_OSM_W1273875875; AP_BR_OSM_W1273875877; AP_BR_OSM_W1306892617; AP_BR_OSM_W1306892623; AP_BR_OSM_W1324235692; AP_BR_OSM_W1329295334; AP_BR_OSM_W1329295340; AP_BR_OSM_W1362529455; AP_BR_OSM_W1362529457; AP_BR_OSM_W1367602016; AP_BR_OSM_W1384358138; AP_BR_OSM_W1451125171; AP_BR_OSM_W1463702254; AP_BR_OSM_W1463702255; AP_BR_OSM_W1467110239; AP_BR_OSM_W1470248110; AP_BR_OSM_W1470248112; AP_BR_OSM_W1470248115; AP_BR_OSM_W1470248117; AP_BR_OSM_W1470254032; AP_BR_OSM_W1470254034; AP_BR_OSM_W1470254037; AP_BR_OSM_W1470254039; AP_BR_OSM_W1470254042; AP_BR_OSM_W1470254595; AP_BR_OSM_W1470254597; AP_BR_OSM_W1492140167; AP_BR_OSM_W1492140169; AP_BR_OSM_W1498208935; AP_BR_OSM_W1498208941; AP_BR_OSM_W1498244122; AP_BR_OSM_W1509394849; AP_BR_OSM_W1509394850; AP_BR_OSM_W1513126572; AP_BR_OSM_W1513126574; AP_BR_OSM_W1513577126; AP_BR_OSM_W1523945375; AP_BR_OSM_W1523945376; AP_BR_OSM_W1524280480; AP_BR_OSM_W1526081025; AP_BR_OSM_W1534018757; AP_BR_OSM_W1534018759; AP_BR_OSM_W1540667922; AP_BR_OSM_W1544023678; AP_BR_OSM_W1544023680; AP_BR_OSM_W1546593842; AP_BR_OSM_W1546593845; AP_BR_OSM_W480403927; AP_BR_OSM_W480403929; AP_BR_OSM_W673858216; AP_BR_OSM_W673858223; AP_BR_OSM_W826596384; AP_BR_OSM_W826596386; AP_BR_OSM_W826596400; AP_BR_OSM_W826596402; AP_BR_OSM_W826596413; AP_BR_OSM_W826596416; AP_BR_OSM_W826596424; AP_BR_OSM_W826596430; AP_BR_OSM_W826596440; AP_BR_OSM_W826596442; AP_BR_OSM_W826596445; AP_BR_OSM_W826596449; AP_BR_OSM_W826596455; AP_BR_OSM_W826596458; AP_BR_OSM_W826596464; AP_BR_OSM_W826596466; AP_BR_OSM_W826596490; AP_BR_OSM_W826596496; AP_BR_OSM_W839529008; AP_BR_OSM_W843783103; AP_BR_OSM_W843783106; AP_BR_OSM_W845261050; AP_BR_OSM_W851480115; AP_BR_OSM_W851518401; AP_BR_OSM_W852274598; AP_BR_OSM_W852304662; AP_BR_OSM_W852304667; AP_BR_OSM_W852304670; AP_BR_OSM_W854500413; AP_BR_OSM_W854500419; AP_BR_OSM_W854500422; AP_BR_OSM_W854500428; AP_BR_OSM_W854500429; AP_BR_OSM_W854500435; AP_BR_OSM_W855374531; AP_BR_OSM_W855376825; AP_BR_OSM_W855376827,Service Road; Service Road; Service Road; Service Road; Service Road; Service Road; Service Road; Service Road; Service Road; Service Road; Service Road; Service Road; Service Road; Service Road; Service Road; Service Road; Service Road; Service Road; Service Road; Service Road; Service Road; Service Road; Service Road; Service Road; Service Road; Service Road; Service Road; Service Road; Service Road; Service Road; Service Road; Service Road; Service Road; Service Road; Service Road; Service Road; Service Road; Service Road; Service Road; Service Road; Service Road; Service Road; Service Road; Service Road; Service Road; Service Road; Service Road; Service Road; Service Road; Service Road; Service Road; Service Road; Service Road; Service Road; Service Road; Service Road; Service Road; Service Road; Service Road; Service Road; Service Road; Service Road; Service Road; Service Road; Service Road; Service Road; Service Road; Service Road; Service Road; Service Road; Service Road; Service Road; Service Road; Service Road; Service Road; Service Road; Service Road; Service Road; Service Road; Service Road; Service Road; Service Road; Service Road; Service Road; Service Road; Service Road; Service Road; Service Road; Service Road; Service Road; Service Road; Service Road; Service Road; Service Road; Service Road; Service Road; Service Road; Service Road; Service Road; Service Road; Service Road; Service Road; Service Road; Service Road; Service Road; Service Road; Service Road; Service Road; Service Road; Service Road; Service Road; Service Road; Service Road; Service Road; Service Road; Service Road; Service Road; Service Road; Service Road; Service Road; Service Road; Service Road; Service Road; Service Road; Service Road; Service Road; Service Road; Service Road; Service Road; Service Road; Service Road; Service Road,"Rehabilitation and Upgradation of Giddalur - vtnukcnda section of NH-544D from Design krn 212.983 (existingkm 213.000) to Design km 322.800 (existing km 322.840) (Design length 112.797 km) in the State of Andhra Pradesh to two lane with paved shoulder under NH(O) on Hybrid Annuity Mode. Annex -I (Schedule - D) Specifications and Standards for the Project 1. Manual of specifications and standards to apply Two Laning of the Project shall conform to the Manual of Specifications and Standards for Two - Laning of Highways through Public Private Partnership published by the IRC (IRC: SP: 73, Referred as 2 laning manual). 2. Deviations from the Manual Notwithstanding anything to the contrary contai",False,False,True
NHAI_AP_GIDDALUR_VINUKONDA,NHAI_Giddalur_Vinukonda_NH544D.pdf,REHABILITATION_ENGINEERING_EVIDENCE,205,BRIDGE_REPAIR_ENGINEERING_EVIDENCE,,,,,,REHABILITATION,ch. 221.170; ch. 245.300; km 212.983; km 213.000; km 322.800; km 311.840,,,"Rehabilitation and Upgradation ofGiddalur - vmukcnda section of NH-544D from Design km 212.983 (existing km 213.000) to Design km 322.800 (existing km 311.840) (Design length 111.797 km) in the State of Andhru Pradesh to two lane with paved shoulder under NH(O) on Hybrid Annuity Mode. ,'l'IIan'ual',:, :.Provision as ,,:,: 'Modified Pr,ovisioilS.No' ',,' ltern.. • ,Clause 'pi:!rllJlaTlual, -: Reference Grade (iv) Separated 2.13.1 Structure Vehicular underpass / overpass shall be provided at the intersection of the project highway with all National Highway/State Hiqhwavs Radii of Desirable (v) Horizontal 2.9.4 minimum radius Curves 400 m Ruling speed Design(vi) CI. 2.2 1OO(km/h) shallSpeed be ",False,False,True
NHAI_AP_GIDDALUR_VINUKONDA,NHAI_Giddalur_Vinukonda_NH544D.pdf,REHABILITATION_ENGINEERING_EVIDENCE,206,BRIDGE_REPAIR_ENGINEERING_EVIDENCE,BRIDGE; ROAD OVER BRIDGE; ROB,,,,,REHABILITATION,km 212.983; km 322.800; km 322.840; Km 246.561,,,"Rehabilitation and Upgradetion of Giddalur - vinukonda section of NH-544D from Design km 212.983 (existing krn 213.000) 10 Design km 322.800 (existing km 322.840) (Design length 112.797 km) in the State of Andhra Pradesh to two lane with paved shoulder under NH(O) on Hybrid Annuity Mode. ·S,No . '·Item .....•. •ManuaL .Provision as. Modified Provision . .. ·Clause· ••. per~an~aL Reference 11 291.300 291.600 300 80 12 296.800 298.200 1400 80 13 299.400 300.500 1100 80 14 305.800 306.400 600 80 15 306.400 306.900 500 60 16 308.700 311.200 2500 80 17 311.200 311.400 200 65 18 311.400 311.800 400 40 19 311.800 313.200 1400 80 , 20 314.700 315.200 500 80 21 319.000 320.100 1100 80 22 320.100 320.",False,False,True
NHAI_AP_GIDDALUR_VINUKONDA,NHAI_Giddalur_Vinukonda_NH544D.pdf,REHABILITATION_ENGINEERING_EVIDENCE,207,BRIDGE_REPAIR_ENGINEERING_EVIDENCE,,,,,,REHABILITATION,km212.983; km 213000; km 322.800; km 322,AP_BR_OSM_W1081167107; AP_BR_OSM_W1086848414; AP_BR_OSM_W1086848416; AP_BR_OSM_W1086848436; AP_BR_OSM_W1086848440; AP_BR_OSM_W1088411426; AP_BR_OSM_W1088411432; AP_BR_OSM_W1088411472; AP_BR_OSM_W1088411473; AP_BR_OSM_W1088411477; AP_BR_OSM_W1088411479; AP_BR_OSM_W1088426820; AP_BR_OSM_W1088426833; AP_BR_OSM_W1088426835; AP_BR_OSM_W1088463022; AP_BR_OSM_W1088463024; AP_BR_OSM_W1089450070; AP_BR_OSM_W1089450073; AP_BR_OSM_W1089450078; AP_BR_OSM_W1089450081; AP_BR_OSM_W1120249872; AP_BR_OSM_W1155071501; AP_BR_OSM_W1155071503; AP_BR_OSM_W1191649245; AP_BR_OSM_W1225609297; AP_BR_OSM_W1232731403; AP_BR_OSM_W1232731423; AP_BR_OSM_W1237976449; AP_BR_OSM_W1237978378; AP_BR_OSM_W1237978510; AP_BR_OSM_W1237978514; AP_BR_OSM_W1237979758; AP_BR_OSM_W1237979762; AP_BR_OSM_W1243542316; AP_BR_OSM_W1243542321; AP_BR_OSM_W1245312598; AP_BR_OSM_W1245312599; AP_BR_OSM_W1273875767; AP_BR_OSM_W1273875769; AP_BR_OSM_W1273875773; AP_BR_OSM_W1273875775; AP_BR_OSM_W1273875815; AP_BR_OSM_W1273875817; AP_BR_OSM_W1273875869; AP_BR_OSM_W1273875875; AP_BR_OSM_W1273875877; AP_BR_OSM_W1306892617; AP_BR_OSM_W1306892623; AP_BR_OSM_W1324235692; AP_BR_OSM_W1329295334; AP_BR_OSM_W1329295340; AP_BR_OSM_W1362529455; AP_BR_OSM_W1362529457; AP_BR_OSM_W1367602016; AP_BR_OSM_W1384358138; AP_BR_OSM_W1451125171; AP_BR_OSM_W1463702254; AP_BR_OSM_W1463702255; AP_BR_OSM_W1467110239; AP_BR_OSM_W1470248110; AP_BR_OSM_W1470248112; AP_BR_OSM_W1470248115; AP_BR_OSM_W1470248117; AP_BR_OSM_W1470254032; AP_BR_OSM_W1470254034; AP_BR_OSM_W1470254037; AP_BR_OSM_W1470254039; AP_BR_OSM_W1470254042; AP_BR_OSM_W1470254595; AP_BR_OSM_W1470254597; AP_BR_OSM_W1492140167; AP_BR_OSM_W1492140169; AP_BR_OSM_W1498208935; AP_BR_OSM_W1498208941; AP_BR_OSM_W1498244122; AP_BR_OSM_W1509394849; AP_BR_OSM_W1509394850; AP_BR_OSM_W1513126572; AP_BR_OSM_W1513126574; AP_BR_OSM_W1513577126; AP_BR_OSM_W1523945375; AP_BR_OSM_W1523945376; AP_BR_OSM_W1524280480; AP_BR_OSM_W1526081025; AP_BR_OSM_W1534018757; AP_BR_OSM_W1534018759; AP_BR_OSM_W1540667922; AP_BR_OSM_W1544023678; AP_BR_OSM_W1544023680; AP_BR_OSM_W1546593842; AP_BR_OSM_W1546593845; AP_BR_OSM_W480403927; AP_BR_OSM_W480403929; AP_BR_OSM_W673858216; AP_BR_OSM_W673858223; AP_BR_OSM_W826596384; AP_BR_OSM_W826596386; AP_BR_OSM_W826596400; AP_BR_OSM_W826596402; AP_BR_OSM_W826596413; AP_BR_OSM_W826596416; AP_BR_OSM_W826596424; AP_BR_OSM_W826596430; AP_BR_OSM_W826596440; AP_BR_OSM_W826596442; AP_BR_OSM_W826596445; AP_BR_OSM_W826596449; AP_BR_OSM_W826596455; AP_BR_OSM_W826596458; AP_BR_OSM_W826596464; AP_BR_OSM_W826596466; AP_BR_OSM_W826596490; AP_BR_OSM_W826596496; AP_BR_OSM_W839529008; AP_BR_OSM_W843783103; AP_BR_OSM_W843783106; AP_BR_OSM_W845261050; AP_BR_OSM_W851480115; AP_BR_OSM_W851518401; AP_BR_OSM_W852274598; AP_BR_OSM_W852304662; AP_BR_OSM_W852304667; AP_BR_OSM_W852304670; AP_BR_OSM_W854500413; AP_BR_OSM_W854500419; AP_BR_OSM_W854500422; AP_BR_OSM_W854500428; AP_BR_OSM_W854500429; AP_BR_OSM_W854500435; AP_BR_OSM_W855374531; AP_BR_OSM_W855376825; AP_BR_OSM_W855376827,Service Road; Service Road; Service Road; Service Road; Service Road; Service Road; Service Road; Service Road; Service Road; Service Road; Service Road; Service Road; Service Road; Service Road; Service Road; Service Road; Service Road; Service Road; Service Road; Service Road; Service Road; Service Road; Service Road; Service Road; Service Road; Service Road; Service Road; Service Road; Service Road; Service Road; Service Road; Service Road; Service Road; Service Road; Service Road; Service Road; Service Road; Service Road; Service Road; Service Road; Service Road; Service Road; Service Road; Service Road; Service Road; Service Road; Service Road; Service Road; Service Road; Service Road; Service Road; Service Road; Service Road; Service Road; Service Road; Service Road; Service Road; Service Road; Service Road; Service Road; Service Road; Service Road; Service Road; Service Road; Service Road; Service Road; Service Road; Service Road; Service Road; Service Road; Service Road; Service Road; Service Road; Service Road; Service Road; Service Road; Service Road; Service Road; Service Road; Service Road; Service Road; Service Road; Service Road; Service Road; Service Road; Service Road; Service Road; Service Road; Service Road; Service Road; Service Road; Service Road; Service Road; Service Road; Service Road; Service Road; Service Road; Service Road; Service Road; Service Road; Service Road; Service Road; Service Road; Service Road; Service Road; Service Road; Service Road; Service Road; Service Road; Service Road; Service Road; Service Road; Service Road; Service Road; Service Road; Service Road; Service Road; Service Road; Service Road; Service Road; Service Road; Service Road; Service Road; Service Road; Service Road; Service Road; Service Road; Service Road; Service Road; Service Road; Service Road; Service Road,"Rehabilitation andUpgradarion of'Giddulur - Vinukonda section ofNH-544D from Design km212.983 (existing km 213000) to Design km 322.800(existing km 322,84D)(Designlength 112.797km) in the SIUlC of Andhra Pradesh to two lanewithpaved shoulderunderNH(O)on Hybrid Annuity Mode. Appendix-D1 28,50 2.00 2.00 ~- ee ee OB""'IoeM I GSB I II~~~~ ----. I WMU GSB...... 51 58 5.50 SERVICE ROAD EXISTING ROAD /77//77 1L-8e L--O BM Pt:DESiRlAN RAIliNG ~~ 10.00 '.', - I CARRIAGE'NA't' 60 08M WMJ.4 ' 5.50 SERyICE ROAD peeL seso SG ~ ~ Fig 2.5 A: TYPICAL CROSS SECTION FOR 2-LANE HIGHWAY CONCENTRIC WIDENING WITH SERVICE ROAD IN BUILT-UP AREA National Highway AuthorityofIndia 'page 64 / '.'.;: '. ::,;·.,:~i,·_: . ",False,False,True
NHAI_AP_GIDDALUR_VINUKONDA,NHAI_Giddalur_Vinukonda_NH544D.pdf,REHABILITATION_ENGINEERING_EVIDENCE,208,BRIDGE_REPAIR_ENGINEERING_EVIDENCE,ROB,,,,,REHABILITATION,km 212; km 322; km 322.840,AP_BR_OSM_W1081167107; AP_BR_OSM_W1086848414; AP_BR_OSM_W1086848416; AP_BR_OSM_W1086848436; AP_BR_OSM_W1086848440; AP_BR_OSM_W1088411426; AP_BR_OSM_W1088411432; AP_BR_OSM_W1088411472; AP_BR_OSM_W1088411473; AP_BR_OSM_W1088411477; AP_BR_OSM_W1088411479; AP_BR_OSM_W1088426820; AP_BR_OSM_W1088426833; AP_BR_OSM_W1088426835; AP_BR_OSM_W1088463022; AP_BR_OSM_W1088463024; AP_BR_OSM_W1089450070; AP_BR_OSM_W1089450073; AP_BR_OSM_W1089450078; AP_BR_OSM_W1089450081; AP_BR_OSM_W1120249872; AP_BR_OSM_W1155071501; AP_BR_OSM_W1155071503; AP_BR_OSM_W1191649245; AP_BR_OSM_W1225609297; AP_BR_OSM_W1232731403; AP_BR_OSM_W1232731423; AP_BR_OSM_W1237976449; AP_BR_OSM_W1237978378; AP_BR_OSM_W1237978510; AP_BR_OSM_W1237978514; AP_BR_OSM_W1237979758; AP_BR_OSM_W1237979762; AP_BR_OSM_W1243542316; AP_BR_OSM_W1243542321; AP_BR_OSM_W1245312598; AP_BR_OSM_W1245312599; AP_BR_OSM_W1273875767; AP_BR_OSM_W1273875769; AP_BR_OSM_W1273875773; AP_BR_OSM_W1273875775; AP_BR_OSM_W1273875815; AP_BR_OSM_W1273875817; AP_BR_OSM_W1273875869; AP_BR_OSM_W1273875875; AP_BR_OSM_W1273875877; AP_BR_OSM_W1306892617; AP_BR_OSM_W1306892623; AP_BR_OSM_W1324235692; AP_BR_OSM_W1329295334; AP_BR_OSM_W1329295340; AP_BR_OSM_W1362529455; AP_BR_OSM_W1362529457; AP_BR_OSM_W1367602016; AP_BR_OSM_W1384358138; AP_BR_OSM_W1451125171; AP_BR_OSM_W1463702254; AP_BR_OSM_W1463702255; AP_BR_OSM_W1467110239; AP_BR_OSM_W1470248110; AP_BR_OSM_W1470248112; AP_BR_OSM_W1470248115; AP_BR_OSM_W1470248117; AP_BR_OSM_W1470254032; AP_BR_OSM_W1470254034; AP_BR_OSM_W1470254037; AP_BR_OSM_W1470254039; AP_BR_OSM_W1470254042; AP_BR_OSM_W1470254595; AP_BR_OSM_W1470254597; AP_BR_OSM_W1492140167; AP_BR_OSM_W1492140169; AP_BR_OSM_W1498208935; AP_BR_OSM_W1498208941; AP_BR_OSM_W1498244122; AP_BR_OSM_W1509394849; AP_BR_OSM_W1509394850; AP_BR_OSM_W1513126572; AP_BR_OSM_W1513126574; AP_BR_OSM_W1513577126; AP_BR_OSM_W1523945375; AP_BR_OSM_W1523945376; AP_BR_OSM_W1524280480; AP_BR_OSM_W1526081025; AP_BR_OSM_W1534018757; AP_BR_OSM_W1534018759; AP_BR_OSM_W1540667922; AP_BR_OSM_W1544023678; AP_BR_OSM_W1544023680; AP_BR_OSM_W1546593842; AP_BR_OSM_W1546593845; AP_BR_OSM_W480403927; AP_BR_OSM_W480403929; AP_BR_OSM_W673858216; AP_BR_OSM_W673858223; AP_BR_OSM_W826596384; AP_BR_OSM_W826596386; AP_BR_OSM_W826596400; AP_BR_OSM_W826596402; AP_BR_OSM_W826596413; AP_BR_OSM_W826596416; AP_BR_OSM_W826596424; AP_BR_OSM_W826596430; AP_BR_OSM_W826596440; AP_BR_OSM_W826596442; AP_BR_OSM_W826596445; AP_BR_OSM_W826596449; AP_BR_OSM_W826596455; AP_BR_OSM_W826596458; AP_BR_OSM_W826596464; AP_BR_OSM_W826596466; AP_BR_OSM_W826596490; AP_BR_OSM_W826596496; AP_BR_OSM_W839529008; AP_BR_OSM_W843783103; AP_BR_OSM_W843783106; AP_BR_OSM_W845261050; AP_BR_OSM_W851480115; AP_BR_OSM_W851518401; AP_BR_OSM_W852274598; AP_BR_OSM_W852304662; AP_BR_OSM_W852304667; AP_BR_OSM_W852304670; AP_BR_OSM_W854500413; AP_BR_OSM_W854500419; AP_BR_OSM_W854500422; AP_BR_OSM_W854500428; AP_BR_OSM_W854500429; AP_BR_OSM_W854500435; AP_BR_OSM_W855374531; AP_BR_OSM_W855376825; AP_BR_OSM_W855376827,Service Road; Service Road; Service Road; Service Road; Service Road; Service Road; Service Road; Service Road; Service Road; Service Road; Service Road; Service Road; Service Road; Service Road; Service Road; Service Road; Service Road; Service Road; Service Road; Service Road; Service Road; Service Road; Service Road; Service Road; Service Road; Service Road; Service Road; Service Road; Service Road; Service Road; Service Road; Service Road; Service Road; Service Road; Service Road; Service Road; Service Road; Service Road; Service Road; Service Road; Service Road; Service Road; Service Road; Service Road; Service Road; Service Road; Service Road; Service Road; Service Road; Service Road; Service Road; Service Road; Service Road; Service Road; Service Road; Service Road; Service Road; Service Road; Service Road; Service Road; Service Road; Service Road; Service Road; Service Road; Service Road; Service Road; Service Road; Service Road; Service Road; Service Road; Service Road; Service Road; Service Road; Service Road; Service Road; Service Road; Service Road; Service Road; Service Road; Service Road; Service Road; Service Road; Service Road; Service Road; Service Road; Service Road; Service Road; Service Road; Service Road; Service Road; Service Road; Service Road; Service Road; Service Road; Service Road; Service Road; Service Road; Service Road; Service Road; Service Road; Service Road; Service Road; Service Road; Service Road; Service Road; Service Road; Service Road; Service Road; Service Road; Service Road; Service Road; Service Road; Service Road; Service Road; Service Road; Service Road; Service Road; Service Road; Service Road; Service Road; Service Road; Service Road; Service Road; Service Road; Service Road; Service Road; Service Road; Service Road; Service Road; Service Road; Service Road; Service Road,"Rehabilitation and Upgradarion of Giddalur - Vinukonda section ofNH-544D from Design km 212,983 (existing krn 213.000) to Design km 322,800 (existing km 322.840) (Design length 112,797 km) in the State of Andhra Pradesh to two lane with paved shoulder under NH(O) Oll Hybrid Annuity Mode. Appendix-D2 31.00 12,00 7.00 '5~05f1.50 05 CAMBER/ CAM8E~:0 n- :-~CRASH BARRIERCRASH BARRIER ,,,\ 5 PERELEVATION SUPERELEVAnO ) l _~.5"" ~ ~ I!ISf~1iJ~"" :liGJ'.I&ii!.fl(Iillli![J:W:IIi1.g:i ,. RE WALLRE WALl: ~ ',."",. 'L,,,, • :'t. .:.'r, ~. ~. .,'~. - ~. 600mm THICK l?OOmm fHICK "" ,,', .. ."" .1'1,1,'.""1·1 .... , 'r, ./ ,..FILTER MEDIA FILTER ~,IEOIA, /', ....... 5.50 2.00 ."" '.> ,'"" • '."" """", ,- to' •• SERVi",False,False,True
NHAI_AP_GIDDALUR_VINUKONDA,NHAI_Giddalur_Vinukonda_NH544D.pdf,REHABILITATION_ENGINEERING_EVIDENCE,209,BRIDGE_REPAIR_ENGINEERING_EVIDENCE,RUB,,,,,REHABILITATION,km 212.983; km 322.800,AP_BR_OSM_W1081167107; AP_BR_OSM_W1086848414; AP_BR_OSM_W1086848416; AP_BR_OSM_W1086848436; AP_BR_OSM_W1086848440; AP_BR_OSM_W1088411426; AP_BR_OSM_W1088411432; AP_BR_OSM_W1088411472; AP_BR_OSM_W1088411473; AP_BR_OSM_W1088411477; AP_BR_OSM_W1088411479; AP_BR_OSM_W1088426820; AP_BR_OSM_W1088426833; AP_BR_OSM_W1088426835; AP_BR_OSM_W1088463022; AP_BR_OSM_W1088463024; AP_BR_OSM_W1089450070; AP_BR_OSM_W1089450073; AP_BR_OSM_W1089450078; AP_BR_OSM_W1089450081; AP_BR_OSM_W1120249872; AP_BR_OSM_W1155071501; AP_BR_OSM_W1155071503; AP_BR_OSM_W1191649245; AP_BR_OSM_W1225609297; AP_BR_OSM_W1232731403; AP_BR_OSM_W1232731423; AP_BR_OSM_W1237976449; AP_BR_OSM_W1237978378; AP_BR_OSM_W1237978510; AP_BR_OSM_W1237978514; AP_BR_OSM_W1237979758; AP_BR_OSM_W1237979762; AP_BR_OSM_W1243542316; AP_BR_OSM_W1243542321; AP_BR_OSM_W1245312598; AP_BR_OSM_W1245312599; AP_BR_OSM_W1273875767; AP_BR_OSM_W1273875769; AP_BR_OSM_W1273875773; AP_BR_OSM_W1273875775; AP_BR_OSM_W1273875815; AP_BR_OSM_W1273875817; AP_BR_OSM_W1273875869; AP_BR_OSM_W1273875875; AP_BR_OSM_W1273875877; AP_BR_OSM_W1306892617; AP_BR_OSM_W1306892623; AP_BR_OSM_W1324235692; AP_BR_OSM_W1329295334; AP_BR_OSM_W1329295340; AP_BR_OSM_W1362529455; AP_BR_OSM_W1362529457; AP_BR_OSM_W1367602016; AP_BR_OSM_W1384358138; AP_BR_OSM_W1451125171; AP_BR_OSM_W1463702254; AP_BR_OSM_W1463702255; AP_BR_OSM_W1467110239; AP_BR_OSM_W1470248110; AP_BR_OSM_W1470248112; AP_BR_OSM_W1470248115; AP_BR_OSM_W1470248117; AP_BR_OSM_W1470254032; AP_BR_OSM_W1470254034; AP_BR_OSM_W1470254037; AP_BR_OSM_W1470254039; AP_BR_OSM_W1470254042; AP_BR_OSM_W1470254595; AP_BR_OSM_W1470254597; AP_BR_OSM_W1492140167; AP_BR_OSM_W1492140169; AP_BR_OSM_W1498208935; AP_BR_OSM_W1498208941; AP_BR_OSM_W1498244122; AP_BR_OSM_W1509394849; AP_BR_OSM_W1509394850; AP_BR_OSM_W1513126572; AP_BR_OSM_W1513126574; AP_BR_OSM_W1513577126; AP_BR_OSM_W1523945375; AP_BR_OSM_W1523945376; AP_BR_OSM_W1524280480; AP_BR_OSM_W1526081025; AP_BR_OSM_W1534018757; AP_BR_OSM_W1534018759; AP_BR_OSM_W1540667922; AP_BR_OSM_W1544023678; AP_BR_OSM_W1544023680; AP_BR_OSM_W1546593842; AP_BR_OSM_W1546593845; AP_BR_OSM_W480403927; AP_BR_OSM_W480403929; AP_BR_OSM_W673858216; AP_BR_OSM_W673858223; AP_BR_OSM_W826596384; AP_BR_OSM_W826596386; AP_BR_OSM_W826596400; AP_BR_OSM_W826596402; AP_BR_OSM_W826596413; AP_BR_OSM_W826596416; AP_BR_OSM_W826596424; AP_BR_OSM_W826596430; AP_BR_OSM_W826596440; AP_BR_OSM_W826596442; AP_BR_OSM_W826596445; AP_BR_OSM_W826596449; AP_BR_OSM_W826596455; AP_BR_OSM_W826596458; AP_BR_OSM_W826596464; AP_BR_OSM_W826596466; AP_BR_OSM_W826596490; AP_BR_OSM_W826596496; AP_BR_OSM_W839529008; AP_BR_OSM_W843783103; AP_BR_OSM_W843783106; AP_BR_OSM_W845261050; AP_BR_OSM_W851480115; AP_BR_OSM_W851518401; AP_BR_OSM_W852274598; AP_BR_OSM_W852304662; AP_BR_OSM_W852304667; AP_BR_OSM_W852304670; AP_BR_OSM_W854500413; AP_BR_OSM_W854500419; AP_BR_OSM_W854500422; AP_BR_OSM_W854500428; AP_BR_OSM_W854500429; AP_BR_OSM_W854500435; AP_BR_OSM_W855374531; AP_BR_OSM_W855376825; AP_BR_OSM_W855376827,Service Road; Service Road; Service Road; Service Road; Service Road; Service Road; Service Road; Service Road; Service Road; Service Road; Service Road; Service Road; Service Road; Service Road; Service Road; Service Road; Service Road; Service Road; Service Road; Service Road; Service Road; Service Road; Service Road; Service Road; Service Road; Service Road; Service Road; Service Road; Service Road; Service Road; Service Road; Service Road; Service Road; Service Road; Service Road; Service Road; Service Road; Service Road; Service Road; Service Road; Service Road; Service Road; Service Road; Service Road; Service Road; Service Road; Service Road; Service Road; Service Road; Service Road; Service Road; Service Road; Service Road; Service Road; Service Road; Service Road; Service Road; Service Road; Service Road; Service Road; Service Road; Service Road; Service Road; Service Road; Service Road; Service Road; Service Road; Service Road; Service Road; Service Road; Service Road; Service Road; Service Road; Service Road; Service Road; Service Road; Service Road; Service Road; Service Road; Service Road; Service Road; Service Road; Service Road; Service Road; Service Road; Service Road; Service Road; Service Road; Service Road; Service Road; Service Road; Service Road; Service Road; Service Road; Service Road; Service Road; Service Road; Service Road; Service Road; Service Road; Service Road; Service Road; Service Road; Service Road; Service Road; Service Road; Service Road; Service Road; Service Road; Service Road; Service Road; Service Road; Service Road; Service Road; Service Road; Service Road; Service Road; Service Road; Service Road; Service Road; Service Road; Service Road; Service Road; Service Road; Service Road; Service Road; Service Road; Service Road; Service Road; Service Road; Service Road; Service Road,"Rehabilitation and Upgradarion of'Glddalur - Vinukonda section ofNH~544D from Design km 212.983 (existing krn 213.000) to Design km 322.800 (existing krn 322.840)(Design length 112.797 km) in the State of Andhrn Pradesh 10[WO lane with paved shoulder under NH(O) on Hybrid Annuity Mode Appendix-03 32.00 1J.OO 7,00 ,2.0 o_~O,5P,_ .~ '00 I _OO,~, -, • 0.5 ~ 'eRASI'I BARRltRI t'~c ~..r,:'I:l'tr""' u''''':'li'~.:&' '/'. .. '>, _2,5:>; ~~~m;J~ffilj;""§£~,kl(L%!t .... .~ .: SEIMCE ROAD '.'. "" 50r-e- 600mm THICK ,. FILTER MEDlA 5.50 RE WALl,- CRASH BARRIER ~7. ­C£) en ~ ,1~ ""'0'---RE WAl..L..' ..·~>:~·/.h~>.<·~'. """"'"" ~:~: 600mm rHICK .~"". -,» . , ;':/,' FILTER ""IEDIA, I, ."": '. I, _. '.""""""~di 5,50 1.",False,False,True
NHAI_AP_GIDDALUR_VINUKONDA,NHAI_Giddalur_Vinukonda_NH544D.pdf,REHABILITATION_ENGINEERING_EVIDENCE,210,BRIDGE_REPAIR_ENGINEERING_EVIDENCE,,,,,,REHABILITATION,km 212.983; km 213.000; km 322.800; km 322.840,,,"Rehabilitation and Upgradation of Giddalur - Vinukonda section ofNH-544D from Design km 212.983 (existing km 213.000) to Design km 322.800 (e dsting km 322.840) (Design length 112.797 km) in the Stale of Andhra Pradesh to two Jane with paved shoulder under NH(O) on Hybrid Annuity Mode. Appendix-D4 ., Iv r-rOOIPAlll i eel CD JM1'Qrk/1IQ fCll"" P""lYul ==""e'""e"" ~_--'-~-., or><! s.c..l'fl1V'IoIc1""§l O.6m .~ Po-..:I Fool...,lbt.to.:ll<"". AId_Pml (lCO .qm)___ \Orlt~ lor sten Yo"""""",,"",, SUb-ootoliQ.ol (100 ...""') Trotf~ ~-fWl. (7~ eqm) ~ f ~~;""96. IJIIIo<o:I:l>lI 3_""'arid.... ,.,. St"", i (;;:00 Aqrn) {lOll o.qm) . CHic. r T~ Porlll""9 ~~~~ --~ (100 Iqm)---- ToilN !Dr 91clt (!>O ... ""')~ ToiOlIA l<>r ",False,False,True
NHAI_AP_GIDDALUR_VINUKONDA,NHAI_Giddalur_Vinukonda_NH544D.pdf,REHABILITATION_ENGINEERING_EVIDENCE,211,IDENTIFIED_BRIDGE_CONDITION_CANDIDATE,,CONDITION,,,,REHABILITATION,km 212.983; km 213.000; km 322.800; km 322.840,,,"arances required under Applicable Laws. Unless otherwise specified in this Agreement, Applicable Permits, as required, relating to environmental protection and conservation shall have been procured by the Authority as a Condition Precedent. I­,i 197 Rehabilitation and Upgradotion of Giddalur - Vinukonda section of NH-544D from Design km 212.983 (existing km 213.000) to Design km 322.800 (existing km 322.840) (Design length 112.797 km) in the State of Andhra Pradesh to twa fane with paved shoulder under NH (0) an Hybrid Annuity Made",False,False,True
NHAI_AP_GIDDALUR_VINUKONDA,NHAI_Giddalur_Vinukonda_NH544D.pdf,REHABILITATION_ENGINEERING_EVIDENCE,212,IDENTIFIED_BRIDGE_CONDITION_CANDIDATE,,CONDITION,,,,REHABILITATION,km 212.983; km 213.000; km 322.800; km 322.840,,,"ncessionaire"") and the Chairman, National Highways Authority of India (the ""Authority"") have entered into a Concession Agreement dated (the ""Agreement"") whereby the Authority has agreed to the Concessionaire undertaking Rehabilitation and Upgradation of Giddalur - Vinukonda section of NH-544D from Design km 212.983 (existing km 213.000) to Design km 322.800 (existing km 322.840) (Design length 112.797 km) in the State of Andhra Pradesh to two lane with paved shoulder under NH (0) on design, build, operate and transfer (""DBOT Annuity or Hybrid Annuity"") basis, subject to and in accordance with the provisions of the Agreement. (8) The Agreement requires the Concessionaire to furnish a Performa",False,False,True
NHAI_AP_GIDDALUR_VINUKONDA,NHAI_Giddalur_Vinukonda_NH544D.pdf,REHABILITATION_ENGINEERING_EVIDENCE,213,IDENTIFIED_BRIDGE_CONDITION_CANDIDATE,,CONDITION,,,,REHABILITATION,km 213.000,,," before presenting to the Bank its demand under this Guarantee. 5. The Authority shall have the liberty, without affecting in any manner the liability of the Bank under this Guarantee, to vary at any time, the terms and conditions of the Agreement or to extend the time or period for the compliance with, fulfilment and/ or performance of all or any of the obligations of the Concessionaire contained in the Agreement or to postpone for any time, and from time to time, any of the rights and powers exercisable by the Authority against the Concessionaire, and either to enforce or forbear from enforcing any of the terms and conditions contained in the Agreement and/or the securities available to th",False,False,True
NHAI_AP_GIDDALUR_VINUKONDA,NHAI_Giddalur_Vinukonda_NH544D.pdf,REHABILITATION_ENGINEERING_EVIDENCE,214,BRIDGE_REPAIR_ENGINEERING_EVIDENCE,,,,,,REHABILITATION,km 212.9-; km 213.000; km 3; km 322.840,,,"g the guarantee. ?""T (1'0 J...,.C:J ~ :.; (iI) The address, telephone number and other details of the Head Office of the Ba k: s I as of issuing Branch should be m ntioned on the covering letter of issuing Branc rc <l-' Rehabilitation and Upgradatian of Gi - inu ction of NH-544D from Design km 212.9-_:::::::=::"""" (eXisting km 213.000) to Design km 3 . 0 (existing km 322.840) (Design length 112.797 km) in the State of Andhra Pradesh to twa lane with paved shoulder under NH (0) an Hybrid Annuity Made",False,False,True
NHAI_AP_GIDDALUR_VINUKONDA,NHAI_Giddalur_Vinukonda_NH544D.pdf,REHABILITATION_ENGINEERING_EVIDENCE,216,BRIDGE_REPAIR_ENGINEERING_EVIDENCE,,,,,,REHABILITATION,km 212.983; km 213.000; km 322.800; km 322.840,,," :: ,. sCompletion Date, as the case may be, under and in accordance with the provisions of this Agreement, the Project Completion Scheduie shall be deemed to have been amended accordingly. '.­ ~~. .:."" ,~ . ~:. """", r."" Rehabilitation and Upgradation of G,"" inukondo section of NH-544Dfrom Design km 212.983 (existing km 213.000) to Design km 322.800 (existing km 322.840) (Design length 112.797 km) in the State ofAndhra Pradesh to two lane with paved shoulder under NH (0) on HybridAnnuity Mode",False,False,True
NHAI_AP_GIDDALUR_VINUKONDA,NHAI_Giddalur_Vinukonda_NH544D.pdf,REHABILITATION_ENGINEERING_EVIDENCE,217,BRIDGE_REPAIR_ENGINEERING_EVIDENCE,BRIDGE; MAJOR BRIDGE; ROB; RUB,,,,,REPAIR; REHABILITATION,km 213.000; km 311.840; Km 107.817,AP_BR_OSM_W1081167107; AP_BR_OSM_W1086848414; AP_BR_OSM_W1086848416; AP_BR_OSM_W1086848436; AP_BR_OSM_W1086848440; AP_BR_OSM_W1088411426; AP_BR_OSM_W1088411432; AP_BR_OSM_W1088411472; AP_BR_OSM_W1088411473; AP_BR_OSM_W1088411477; AP_BR_OSM_W1088411479; AP_BR_OSM_W1088426820; AP_BR_OSM_W1088426833; AP_BR_OSM_W1088426835; AP_BR_OSM_W1088463022; AP_BR_OSM_W1088463024; AP_BR_OSM_W1089450070; AP_BR_OSM_W1089450073; AP_BR_OSM_W1089450078; AP_BR_OSM_W1089450081; AP_BR_OSM_W1120249872; AP_BR_OSM_W1155071501; AP_BR_OSM_W1155071503; AP_BR_OSM_W1191649245; AP_BR_OSM_W1225609297; AP_BR_OSM_W1232731403; AP_BR_OSM_W1232731423; AP_BR_OSM_W1237976449; AP_BR_OSM_W1237978378; AP_BR_OSM_W1237978510; AP_BR_OSM_W1237978514; AP_BR_OSM_W1237979758; AP_BR_OSM_W1237979762; AP_BR_OSM_W1243542316; AP_BR_OSM_W1243542321; AP_BR_OSM_W1245312598; AP_BR_OSM_W1245312599; AP_BR_OSM_W1273875767; AP_BR_OSM_W1273875769; AP_BR_OSM_W1273875773; AP_BR_OSM_W1273875775; AP_BR_OSM_W1273875815; AP_BR_OSM_W1273875817; AP_BR_OSM_W1273875869; AP_BR_OSM_W1273875875; AP_BR_OSM_W1273875877; AP_BR_OSM_W1306892617; AP_BR_OSM_W1306892623; AP_BR_OSM_W1324235692; AP_BR_OSM_W1329295334; AP_BR_OSM_W1329295340; AP_BR_OSM_W1362529455; AP_BR_OSM_W1362529457; AP_BR_OSM_W1367602016; AP_BR_OSM_W1384358138; AP_BR_OSM_W1451125171; AP_BR_OSM_W1463702254; AP_BR_OSM_W1463702255; AP_BR_OSM_W1467110239; AP_BR_OSM_W1470248110; AP_BR_OSM_W1470248112; AP_BR_OSM_W1470248115; AP_BR_OSM_W1470248117; AP_BR_OSM_W1470254032; AP_BR_OSM_W1470254034; AP_BR_OSM_W1470254037; AP_BR_OSM_W1470254039; AP_BR_OSM_W1470254042; AP_BR_OSM_W1470254595; AP_BR_OSM_W1470254597; AP_BR_OSM_W1492140167; AP_BR_OSM_W1492140169; AP_BR_OSM_W1498208935; AP_BR_OSM_W1498208941; AP_BR_OSM_W1498244122; AP_BR_OSM_W1509394849; AP_BR_OSM_W1509394850; AP_BR_OSM_W1513126572; AP_BR_OSM_W1513126574; AP_BR_OSM_W1513577126; AP_BR_OSM_W1523945375; AP_BR_OSM_W1523945376; AP_BR_OSM_W1524280480; AP_BR_OSM_W1526081025; AP_BR_OSM_W1534018757; AP_BR_OSM_W1534018759; AP_BR_OSM_W1540667922; AP_BR_OSM_W1544023678; AP_BR_OSM_W1544023680; AP_BR_OSM_W1546593842; AP_BR_OSM_W1546593845; AP_BR_OSM_W480403927; AP_BR_OSM_W480403929; AP_BR_OSM_W673858216; AP_BR_OSM_W673858223; AP_BR_OSM_W826596384; AP_BR_OSM_W826596386; AP_BR_OSM_W826596400; AP_BR_OSM_W826596402; AP_BR_OSM_W826596413; AP_BR_OSM_W826596416; AP_BR_OSM_W826596424; AP_BR_OSM_W826596430; AP_BR_OSM_W826596440; AP_BR_OSM_W826596442; AP_BR_OSM_W826596445; AP_BR_OSM_W826596449; AP_BR_OSM_W826596455; AP_BR_OSM_W826596458; AP_BR_OSM_W826596464; AP_BR_OSM_W826596466; AP_BR_OSM_W826596490; AP_BR_OSM_W826596496; AP_BR_OSM_W839529008; AP_BR_OSM_W843783103; AP_BR_OSM_W843783106; AP_BR_OSM_W845261050; AP_BR_OSM_W851480115; AP_BR_OSM_W851518401; AP_BR_OSM_W852274598; AP_BR_OSM_W852304662; AP_BR_OSM_W852304667; AP_BR_OSM_W852304670; AP_BR_OSM_W854500413; AP_BR_OSM_W854500419; AP_BR_OSM_W854500422; AP_BR_OSM_W854500428; AP_BR_OSM_W854500429; AP_BR_OSM_W854500435; AP_BR_OSM_W855374531; AP_BR_OSM_W855376825; AP_BR_OSM_W855376827,Service Road; Service Road; Service Road; Service Road; Service Road; Service Road; Service Road; Service Road; Service Road; Service Road; Service Road; Service Road; Service Road; Service Road; Service Road; Service Road; Service Road; Service Road; Service Road; Service Road; Service Road; Service Road; Service Road; Service Road; Service Road; Service Road; Service Road; Service Road; Service Road; Service Road; Service Road; Service Road; Service Road; Service Road; Service Road; Service Road; Service Road; Service Road; Service Road; Service Road; Service Road; Service Road; Service Road; Service Road; Service Road; Service Road; Service Road; Service Road; Service Road; Service Road; Service Road; Service Road; Service Road; Service Road; Service Road; Service Road; Service Road; Service Road; Service Road; Service Road; Service Road; Service Road; Service Road; Service Road; Service Road; Service Road; Service Road; Service Road; Service Road; Service Road; Service Road; Service Road; Service Road; Service Road; Service Road; Service Road; Service Road; Service Road; Service Road; Service Road; Service Road; Service Road; Service Road; Service Road; Service Road; Service Road; Service Road; Service Road; Service Road; Service Road; Service Road; Service Road; Service Road; Service Road; Service Road; Service Road; Service Road; Service Road; Service Road; Service Road; Service Road; Service Road; Service Road; Service Road; Service Road; Service Road; Service Road; Service Road; Service Road; Service Road; Service Road; Service Road; Service Road; Service Road; Service Road; Service Road; Service Road; Service Road; Service Road; Service Road; Service Road; Service Road; Service Road; Service Road; Service Road; Service Road; Service Road; Service Road; Service Road; Service Road; Service Road; Service Road,"Rehabilitation and Upgradation of Giddulur - Vumkouda section ufNH-544D from Design krn 212.983 (existing km 213.000) to Design krn 322.800 (existing km 311.840) (Design length 112.797 km) In the State of Andhra Pradesh to two lane with paved shoulder under NH(O) on Hybrid Annuity Mode. Annexure-I of Schedule G Format for Contract Price Weightagesfor Highway projec~sl1h ~Iexible paveme'll~ Contract Price Weightages ~ ~- 1 The Contract Price for this Agreement is Rs. fa 1- ({, '9 ~ (~ PfJ (g.U-) 2 Proportions of the Contract Price for different stages of Construction of the Project Highway shall be asspecified below: I Welghtage in nercentaaeStage for measurement of I I • -Qty.Item Umt Physic",False,False,True
NHAI_AP_GIDDALUR_VINUKONDA,NHAI_Giddalur_Vinukonda_NH544D.pdf,REHABILITATION_ENGINEERING_EVIDENCE,218,BRIDGE_REPAIR_ENGINEERING_EVIDENCE,BRIDGE; MINOR BRIDGE,,,,,REHABILITATION,km 111.983; km 113.000; km 311.800; km 311.840; Km 4.98; Km 0.00,,,"Rehabilitation and Upgrcdation ofGiddalur - Vinukonda section of NH-544D from Design km 111.983 (existing km 113.000) to Design km 311.800 (existing. km 311.840) (Design length 111.797 km) in the State of Andhra Pradesh to two lane with paved shoulder under NH(O) on Hybrid Annuity Mode. Weightage in Stage for measurement of percentage Item Unit Qty.physical Progress to the Contract Price minor bridges B-2lane New realignment/bypass (1) Earthwork up to top of Km 4.98 1.70% the sub-grade (2) Granular work (sub- base, base) (a) GSB Km 4.98 0.42% (b)WMM Km 4.98 0.44% . (3) Shoulder Km 4.98 0.07% (4) Bituminous work (a) DBM Km 4.98 0.62% (b) BC Km 4.98 0.38% (5) Rigid Pavement (a) DlC Km 0.00 0.0",False,False,True
NHAI_AP_GIDDALUR_VINUKONDA,NHAI_Giddalur_Vinukonda_NH544D.pdf,REHABILITATION_ENGINEERING_EVIDENCE,219,BRIDGE_REPAIR_ENGINEERING_EVIDENCE,BRIDGE; MAJOR BRIDGE; FLYOVER; ROB; RUB,,,FOUNDATION,,REPAIR; REPAIRS; REHABILITATION,km 212.983; km 213.000; km 322; km 322.840,,,"Rehabilitation and Upgrndaticn ofGiddalur - vlnukonda section of NH·544D (rom Design km 212.983 (existing km 213.000) to Design km 322,800 (existing km 322.840) (Design length 112.797 krn) in the State of Andhra Pradesh to two lane with. paved shoulder under NH(O) on Hybrid Annuity Mode. Weightage in Stage for measurement of percentage Item Unit Qty.Physical Progress to the Contract Price (c) Super-structure No. 3 0.29% (3) Vehicular Underpasses (VUP) (a) Foundation No. 1 0.04% L (b) Sub-structure No. 1 O.OS% (c) Super-structure No. '1 0.04% (4) Underpasses PUP/LVUP) . (a) Foundation No. (b) Sub-structure No. (c) Super-structure No. (S) Grade separated structures (c) Flyover / Overpass (i) F",False,False,True
NHAI_AP_GIDDALUR_VINUKONDA,NHAI_Giddalur_Vinukonda_NH544D.pdf,REHABILITATION_ENGINEERING_EVIDENCE,220,BRIDGE_REPAIR_ENGINEERING_EVIDENCE,BRIDGE; MAJOR BRIDGE; ROB; RUB,,,FOUNDATION,,REPAIR; REHABILITATION,km 212.9; km 213.000; km 322.,,,"i1 ::. ;-, Rehabilitation and Upgradation ofGiddalur - Vinukonda section of NH-544D from Design km 212.9&3 (existing km 213.000) to Design km 322.&00 (existing km 322.&40) (Design length 112.797 km} in the State of Andhra Pradesh to lWO lime with paved shoulder under NH(O) on Hybrid Annuity Mode. Item Stage for complete) (a) ROB Weightage in measurement of percentageUnit Qty.Physical Progress to the Contract Price (3)Super-structure (including crash barriers etc. No. 3 0.49% B- Widening and repair of (1) Foundation No. 1 (2) Sub-structure No. 1 ·0.01% (3) Super-structure (including crash barriers etc. No. 1 0.02% (1) Foundation No. (2) Sub-structure No. (3) Super-structure (including crash b",False,False,True
NHAI_AP_GIDDALUR_VINUKONDA,NHAI_Giddalur_Vinukonda_NH544D.pdf,REHABILITATION_ENGINEERING_EVIDENCE,221,BRIDGE_REPAIR_ENGINEERING_EVIDENCE,FLYOVER; ROB; RUB,,,FOUNDATION,,REHABILITATION,km 112.983; km 213.000; km 322; Km 18.892; Km 22.43; Km 197.63; Km 112.797,AP_BR_OSM_W1081167107; AP_BR_OSM_W1086848414; AP_BR_OSM_W1086848416; AP_BR_OSM_W1086848436; AP_BR_OSM_W1086848440; AP_BR_OSM_W1088411426; AP_BR_OSM_W1088411432; AP_BR_OSM_W1088411472; AP_BR_OSM_W1088411473; AP_BR_OSM_W1088411477; AP_BR_OSM_W1088411479; AP_BR_OSM_W1088426820; AP_BR_OSM_W1088426833; AP_BR_OSM_W1088426835; AP_BR_OSM_W1088463022; AP_BR_OSM_W1088463024; AP_BR_OSM_W1089450070; AP_BR_OSM_W1089450073; AP_BR_OSM_W1089450078; AP_BR_OSM_W1089450081; AP_BR_OSM_W1120249872; AP_BR_OSM_W1155071501; AP_BR_OSM_W1155071503; AP_BR_OSM_W1191649245; AP_BR_OSM_W1225609297; AP_BR_OSM_W1232731403; AP_BR_OSM_W1232731423; AP_BR_OSM_W1237976449; AP_BR_OSM_W1237978378; AP_BR_OSM_W1237978510; AP_BR_OSM_W1237978514; AP_BR_OSM_W1237979758; AP_BR_OSM_W1237979762; AP_BR_OSM_W1243542316; AP_BR_OSM_W1243542321; AP_BR_OSM_W1245312598; AP_BR_OSM_W1245312599; AP_BR_OSM_W1273875767; AP_BR_OSM_W1273875769; AP_BR_OSM_W1273875773; AP_BR_OSM_W1273875775; AP_BR_OSM_W1273875815; AP_BR_OSM_W1273875817; AP_BR_OSM_W1273875869; AP_BR_OSM_W1273875875; AP_BR_OSM_W1273875877; AP_BR_OSM_W1306892617; AP_BR_OSM_W1306892623; AP_BR_OSM_W1324235692; AP_BR_OSM_W1329295334; AP_BR_OSM_W1329295340; AP_BR_OSM_W1362529455; AP_BR_OSM_W1362529457; AP_BR_OSM_W1367602016; AP_BR_OSM_W1384358138; AP_BR_OSM_W1451125171; AP_BR_OSM_W1463702254; AP_BR_OSM_W1463702255; AP_BR_OSM_W1467110239; AP_BR_OSM_W1470248110; AP_BR_OSM_W1470248112; AP_BR_OSM_W1470248115; AP_BR_OSM_W1470248117; AP_BR_OSM_W1470254032; AP_BR_OSM_W1470254034; AP_BR_OSM_W1470254037; AP_BR_OSM_W1470254039; AP_BR_OSM_W1470254042; AP_BR_OSM_W1470254595; AP_BR_OSM_W1470254597; AP_BR_OSM_W1492140167; AP_BR_OSM_W1492140169; AP_BR_OSM_W1498208935; AP_BR_OSM_W1498208941; AP_BR_OSM_W1498244122; AP_BR_OSM_W1509394849; AP_BR_OSM_W1509394850; AP_BR_OSM_W1513126572; AP_BR_OSM_W1513126574; AP_BR_OSM_W1513577126; AP_BR_OSM_W1523945375; AP_BR_OSM_W1523945376; AP_BR_OSM_W1524280480; AP_BR_OSM_W1526081025; AP_BR_OSM_W1534018757; AP_BR_OSM_W1534018759; AP_BR_OSM_W1540667922; AP_BR_OSM_W1544023678; AP_BR_OSM_W1544023680; AP_BR_OSM_W1546593842; AP_BR_OSM_W1546593845; AP_BR_OSM_W480403927; AP_BR_OSM_W480403929; AP_BR_OSM_W673858216; AP_BR_OSM_W673858223; AP_BR_OSM_W826596384; AP_BR_OSM_W826596386; AP_BR_OSM_W826596400; AP_BR_OSM_W826596402; AP_BR_OSM_W826596413; AP_BR_OSM_W826596416; AP_BR_OSM_W826596424; AP_BR_OSM_W826596430; AP_BR_OSM_W826596440; AP_BR_OSM_W826596442; AP_BR_OSM_W826596445; AP_BR_OSM_W826596449; AP_BR_OSM_W826596455; AP_BR_OSM_W826596458; AP_BR_OSM_W826596464; AP_BR_OSM_W826596466; AP_BR_OSM_W826596490; AP_BR_OSM_W826596496; AP_BR_OSM_W839529008; AP_BR_OSM_W843783103; AP_BR_OSM_W843783106; AP_BR_OSM_W845261050; AP_BR_OSM_W851480115; AP_BR_OSM_W851518401; AP_BR_OSM_W852274598; AP_BR_OSM_W852304662; AP_BR_OSM_W852304667; AP_BR_OSM_W852304670; AP_BR_OSM_W854500413; AP_BR_OSM_W854500419; AP_BR_OSM_W854500422; AP_BR_OSM_W854500428; AP_BR_OSM_W854500429; AP_BR_OSM_W854500435; AP_BR_OSM_W855374531; AP_BR_OSM_W855376825; AP_BR_OSM_W855376827,Service Road; Service Road; Service Road; Service Road; Service Road; Service Road; Service Road; Service Road; Service Road; Service Road; Service Road; Service Road; Service Road; Service Road; Service Road; Service Road; Service Road; Service Road; Service Road; Service Road; Service Road; Service Road; Service Road; Service Road; Service Road; Service Road; Service Road; Service Road; Service Road; Service Road; Service Road; Service Road; Service Road; Service Road; Service Road; Service Road; Service Road; Service Road; Service Road; Service Road; Service Road; Service Road; Service Road; Service Road; Service Road; Service Road; Service Road; Service Road; Service Road; Service Road; Service Road; Service Road; Service Road; Service Road; Service Road; Service Road; Service Road; Service Road; Service Road; Service Road; Service Road; Service Road; Service Road; Service Road; Service Road; Service Road; Service Road; Service Road; Service Road; Service Road; Service Road; Service Road; Service Road; Service Road; Service Road; Service Road; Service Road; Service Road; Service Road; Service Road; Service Road; Service Road; Service Road; Service Road; Service Road; Service Road; Service Road; Service Road; Service Road; Service Road; Service Road; Service Road; Service Road; Service Road; Service Road; Service Road; Service Road; Service Road; Service Road; Service Road; Service Road; Service Road; Service Road; Service Road; Service Road; Service Road; Service Road; Service Road; Service Road; Service Road; Service Road; Service Road; Service Road; Service Road; Service Road; Service Road; Service Road; Service Road; Service Road; Service Road; Service Road; Service Road; Service Road; Service Road; Service Road; Service Road; Service Road; Service Road; Service Road; Service Road; Service Road; Service Road,"I Rehabilitation and Upgradation of Giddalur - Vinukonda section or NH-544D from Design km 112.983 (existing km 213.000) to Design krn 322.800 (existing km 322,840) (Design length 112.797 km) in the Slate or Andhra Pradesh to lWO lane with paved shoulder under NH(O) on Hybrid Annuity Mode. r r. [: , r- Weightage in Stage for measurement of percentageItem Unit Qty.Physical Progress to the Contract Price (2) Sub-structure No. 1 0.21% (3) Super-structure No. 0.90%1 (b) RUB (1) Foundation No. (2) Sub-structure No. (3) Super-structure (including crash barriers etc. No. complete) Structures (1) Foundation No. (elevated (2) Sub-structure No. reinforced sections, (3) Super-structureearth) (including",False,False,True
NHAI_AP_GIDDALUR_VINUKONDA,NHAI_Giddalur_Vinukonda_NH544D.pdf,REHABILITATION_ENGINEERING_EVIDENCE,222,BRIDGE_REPAIR_ENGINEERING_EVIDENCE,,,,,,REHABILITATION; MAINTENANCE,km 213.000; km 312.800; km 312; Km 4; Km 26.226,,,"Rehabilitation and Upgradcticn of Giddalur - vinukonda section of NH·544D from Design krn 111.983 (existing km 213.000) to Design km 312.800 (existing km 312,840) (Design length t 11.797 km) in the State of Andhra Pradesh to two lane with paved shoulder under NH(O) on Hybrid Annuity Mode. Stage for measurement of Item Unit Qty.Physical Progress Weightage in percentage to the Contract Price stones, (v) Project facilities (a) Bus bays No. 44 1.40% I· (b) Truck lay-byes (c) Rest areas (d) Bus Shelter No. No. No. 2 2 44 0.10% 1.10% 0.13% ;:: e­ :.' (e) Toilet Block(Both sides of each toll plaza) (vi) Maintenance of Road during Construction (vii) Road side plantation, median plantation and Transp",False,False,True
NHAI_AP_GIDDALUR_VINUKONDA,NHAI_Giddalur_Vinukonda_NH544D.pdf,REHABILITATION_ENGINEERING_EVIDENCE,223,BRIDGE_REPAIR_ENGINEERING_EVIDENCE,,,,,,REHABILITATION,km 212.983; km 322.800; km 322.840,,,"Rehabilitation and Upgradation of Giddalur - vinukonda section of NH-544D from Design km 212.983 (existing krn 213.00.0) to Design km 322.800 (existing km 322.840) (Design length 112.797 km) in the State of Andhra Pradesh to two lane WillI paved shoulder under NH(O) on Hybrid Annuity Mode. Item Stage for measurement Physical Progress of Unit (xi) Site clearance and dismantling of existing structures Lump sum Qty. 112.797 Total Weightage in percentage to the ,. '.Contract Price 1.37% 100.00% • The above list is illustrative and may require modification as per the scope of the work . :.~ •• Measurement of Progress For example, if the total length of bituminous work to be done is 100 km, the ph",False,False,True
NHAI_AP_GIDDALUR_VINUKONDA,NHAI_Giddalur_Vinukonda_NH544D.pdf,REHABILITATION_ENGINEERING_EVIDENCE,225,BRIDGE_REPAIR_ENGINEERING_EVIDENCE,,,,,,REHABILITATION,km 212.983; km 213.000; km 322.800; km 322.840,,,"edule-H) Listof Drawings [Note; The Authority shall describe in this Annex-I, all the Drawings that the Concessionaire is required to furnish under Clause 12.2.] ,. C"". _________ ------""'-""2U~~_=______,___,____,__:_:__­ Rehabilitation and Upgrodotion of Giddorur - Vinukondo section of NH-544D from Design km 212.983 (existing km 213.000) to Design km 322.800 (existing km 322.840) (Design length 112.797 km) in the State of Andhro Pradesh to two lane with paved shoulder under NH (0) on Hybrid Annuity Mode",False,False,True
NHAI_AP_GIDDALUR_VINUKONDA,NHAI_Giddalur_Vinukonda_NH544D.pdf,REHABILITATION_ENGINEERING_EVIDENCE,227,IDENTIFIED_BRIDGE_CONDITION_CANDIDATE,BRIDGE; MINOR BRIDGE; FLYOVER,GOOD,,,,REHABILITATION,km 212.983; km 213.000; km 322.800; km 322.840,,,"National Highways Authority of India ConcessionAgreement form part of the sample. For the bridge portion, one spot shall be selected at random by the Independent Engineer in each span of the bridge. 2.7 Structural Test for bridges: All major and minor bridges, including over bridges, underpasses and flyovers, constructed by the Concessionaire shall be subjected to the Rebound Hammer and Ultrasonic Pulse Velocity tests, to be conducted in accordance with the procedure described in Special Report No. 17: 1996 of the IRC Highway Research Board on Non-destructive Testing Techniques, at two spots in every span, to be chosen at random by the Independent Engineer. Bridges with a span of 15 (fifteen",False,False,True
NHAI_AP_GIDDALUR_VINUKONDA,NHAI_Giddalur_Vinukonda_NH544D.pdf,REHABILITATION_ENGINEERING_EVIDENCE,228,BRIDGE_REPAIR_ENGINEERING_EVIDENCE,,,,,,REHABILITATION,km 212.983; km 213.000; km 322.800; km 322.840,,,"SCHEDULE - J (See Clause 14.2 & 14.3) COMPLETION CERTIFICATE 1 I/We, (Name of the Independent Engineer), acting as Independent Engineer, under and in accordance with the Concession Agreement dated (the ""Agreement""), for Rehabilitation and Upgradation of Giddalur - Vinukonda section of NH-5MD from Design km 212.983 (existing km 213.000) to Design km 322.800 (existing km 322.840) (Design length 112.797 km) in the State of Andhra Pradesh to two lane with paved shoulder under NH (O) on Hybrid Annuity Mode Project (the ""Project"") on design, build, operate and transfer (the ""DBOT Annuity or Hybrid Annuity"") basis, through GV ROAD PROJECTS PRIVATE LIMITED, having its registered office at # 8-2-686/",False,False,True
NHAI_AP_GIDDALUR_VINUKONDA,NHAI_Giddalur_Vinukonda_NH544D.pdf,REHABILITATION_ENGINEERING_EVIDENCE,229,BRIDGE_REPAIR_ENGINEERING_EVIDENCE,,,,,,REHABILITATION,km 212.983; km 213.000; km 322.800; km 322.840,,," CERTIFICATE 1 !/We, (Name of the Independent Engineer), acting as Independent Engineer, under and in accordance with the Concession Agreement Dated............... (the ""Agreement""), for development and operation of the Rehabilitation and Upgradation of Giddalur - Vinukonda section of NH-S44D from Design km 212.983 (existing km 213.000) to Design km 322.800 (existing km 322.840) (Design length 112.797 km) in the State of Andhra Pradesh to two lane with paved shoulder under NH (0) on Hybrid Annuity Mode Project (the ""Project"") on design, build, operate and transfer (the ""DBOT Annuity or Hybrid Annuity"") basis through GV ROAD PROJECTS PRIVATE LIMITED, having its registered office at # 8-2-686/",False,False,True
NHAI_AP_GIDDALUR_VINUKONDA,NHAI_Giddalur_Vinukonda_NH544D.pdf,REHABILITATION_ENGINEERING_EVIDENCE,230,IDENTIFIED_BRIDGE_CONDITION_CANDIDATE,,GOOD; DETERIORATION; DEFECT,,,,REPAIR; REHABILITATION; MAINTENANCE,km 212.983; km 213.000; km 322.840,,,". National Highways Authority of India Concession Agreement SCHEDULE - K (See Clause 17.2) MAINTENANCE REQUIREMENTS 1 Maintenance Requirements :1.1 The Concessionaire shall, at all times, operate and maintain the Project in I accordance with the provisions of the Agreement, Applicable Laws and Applicable Permits. In particular, the Concessionaire shall, at all times during the Operation Period, conform to the maintenance requirements set forth in this Schedule-K(the ""Maintenance Requirements""). 1.2 The Concessionaire shall repair or rectify any defect or deficiency set forth in Paragraph 2 of this Schedule-K within the time limit specified therein and any failure in this behalf shall constit",False,False,True
NHAI_AP_GIDDALUR_VINUKONDA,NHAI_Giddalur_Vinukonda_NH544D.pdf,REHABILITATION_ENGINEERING_EVIDENCE,231,IDENTIFIED_BRIDGE_CONDITION_CANDIDATE,,DETERIORATION; DEFECT,,,INSPECTION,REPAIR; REHABILITATION; MAINTENANCE,km 212.983; km 213.000; km 322.800; km 322.840,,,"National HighwaysAuthority of India Concession Agreement Notwithstanding anything to the contrary contained in this Schedule-K, if any defect, deficiency or deterioration in the Project poses a hazard to safety or risk of damage to property, the Concessionaire shall promptly take all reasonable measures for eliminating or minimizing such danger. 6 Daily Inspection by the Concessionaire The Concessionaire shall, through its engineer, undertake a daily visual inspection of the Project and maintain a record thereof in a register to be kept in such form and manner as the Independent Engineer may specify. Such record shall be kept in safe custody of the Concessionaire and shall be open to inspect",False,False,True
NHAI_AP_GIDDALUR_VINUKONDA,NHAI_Giddalur_Vinukonda_NH544D.pdf,REHABILITATION_ENGINEERING_EVIDENCE,232,IDENTIFIED_BRIDGE_CONDITION_CANDIDATE,,POOR; DEFECT,CRACK; CRACKING,,,REPAIR; REHABILITATION,km 322.840,,,"National Highways Authority of India Concession Agreement ANNEX-I (Schedule-K) Repair/Rectification of Defects and Deficiencies The Concessionaire shall repair and rectify the defects and deficiencies specified in this Annex-I of Schedule-K within the time limit set forth herein. ROADS (a) S.No. Nature of defect or deficiency Time limit for Repair/ rectification Carriageway and paved shoulders (i) Breach or blockade Temporary restoration of traffic within 24 hours; permanent restoration within 15 days (ii) Roughness value exceeding 2,750 mm in a stretch of 1 180 days km (as measured by a standardized rough meter/bump integrator) (iii) Pot holes 48 hours (iv) Cracking in more than 5% of road ",False,False,True
NHAI_AP_GIDDALUR_VINUKONDA,NHAI_Giddalur_Vinukonda_NH544D.pdf,REHABILITATION_ENGINEERING_EVIDENCE,233,IDENTIFIED_BRIDGE_CONDITION_CANDIDATE,BRIDGE,DETERIORATION; DEFECT,CRACK; SPALLING; SCOUR; EROSION; SETTLEMENT; DEFORMATION,FOUNDATION; PIER; PIERS; ABUTMENT; BEARING; BEARINGS; SUPERSTRUCTURE; SLAB,,REHABILITATION; REPLACEMENT,km 213; km 322.800; km 322.840,,,"National Highways Authority of India Concession Agreement Deterioration in health of trees and bushes (ii) Replacement of trees and bushes (iii) Removal of vegetation affecting sight line and road structures Rest areas (iv) Cleaning of toilets (Ii) (i) Defects in electrical, water and sanitary installations Other Project Facilities and Approach roads Damage or deterioration in Approach Roads, [pedestrian facilities, truck lay-bys, bus-bays, bus- shelters, cattle crossings, Traffic Aid Posts, Medical Aid Posts and other works] (i) Timely watering and treatment 90 days 15 days Every4 hours 24 hours 15 days BRIDGES Superstructure of bridges Cracks Temporary measures (i) Within 48 hours Permanen",False,False,True
NHAI_AP_GIDDALUR_VINUKONDA,NHAI_Giddalur_Vinukonda_NH544D.pdf,REHABILITATION_ENGINEERING_EVIDENCE,234,BRIDGE_REPAIR_ENGINEERING_EVIDENCE,BRIDGE,GOOD,,,,MAINTENANCE,,,," include pedestrians as well as riders of motorized two-wheelers, bicycles and other vehicles which do not provide adequate occupant protection. 1.3 Safety Requirements apply to all phases of construction, operation and maintenance with emphasis on identification of factors associated with accidents, consideration of the same, and implementation of appropriate remedial measures. 1.4 Safety Requirements include measures associated with traffic management and regulation such as road signs, pavement marking, traffic control devices, roadside furniture, highway design elements, enforcement and emergency response. 2 Obligationsof the Concessionaire The Concessionaire shall abide by the following ",False,False,True
NHAI_AP_GIDDALUR_VINUKONDA,NHAI_Giddalur_Vinukonda_NH544D.pdf,REHABILITATION_ENGINEERING_EVIDENCE,235,IDENTIFIED_BRIDGE_CONDITION_CANDIDATE,BRIDGE,GOOD,,BEARING,,,km 212.; km 322.840,,,"esign details that have a bearing on safety of Users (the ""Safety Drawings""). Such design details shall include horizontal and vertical alignments; sightlines; layouts of intersections; interchanges; road cross-section; bridges and culverts; side drains; provision for parked vehicles, slow moving vehicles (tractors, bullock carts, bicycles) and pedestrians; bus bays; truck lay-bys; and other incidental or consequential information. The Safety Consultant shall review the design details and forward 3 (three) copies of the Safety Drawings with its recommendations, if any, to the Independent Engineer who shall record its comments, if any, and forward one copy each to the Authority and the Conces",False,False,True
NHAI_AP_GIDDALUR_VINUKONDA,NHAI_Giddalur_Vinukonda_NH544D.pdf,REHABILITATION_ENGINEERING_EVIDENCE,236,BRIDGE_REPAIR_ENGINEERING_EVIDENCE,BRIDGE,,,,INSPECTION,REHABILITATION,km 212.98; km 213.000; km 322.840,,,"ry Accounting Year, a safety audit shall be carried out by the Safety Consultant to be appointed by the Authority. It shall review and analyses the annual report and accident data of the preceding year, and undertake an inspection of the Project. The Safety Consultant shall complete the safety audit within a period of 1 (one) month and submit a Safety Report recommending specific improvements, if any, required to be made to the road, bridges, culverts, markings, signs, road furniture and Project Facilities, including cattle crossings and pedestrian crossings. Such recommendations shall be processed, mutatis mutandis, and acted upon in the manner set forth in Paragraphs4.3, 4.4 and 4.5 of thi",False,False,True
NHAI_AP_GIDDALUR_VINUKONDA,NHAI_Giddalur_Vinukonda_NH544D.pdf,REHABILITATION_ENGINEERING_EVIDENCE,237,BRIDGE_REPAIR_ENGINEERING_EVIDENCE,,,,,ORN,REHABILITATION,km 213.000; km 322.840,,, the Authority shall endeavor that payments to the Independent Engineer on account of fee and expenses do not exceed 3% (three per cent) of the Bid Project Cost. Payments not exceeding such 3% (three per cent) shall be borne equally by the Authority and the Concessionaire in accordance with the provisions of this Agreement and any payments in excess thereof shall be borne entirely by the Authority. 3.2 The nature and quantum of duties and services to be performed by the Independent Engineer during the Operation Period shall be determined by the Authority in ;.: conformity with the provisions of this Agreement and with due regard for economy in expenditure. All payments made to the Independen,False,False,True
NHAI_AP_GIDDALUR_VINUKONDA,NHAI_Giddalur_Vinukonda_NH544D.pdf,REHABILITATION_ENGINEERING_EVIDENCE,238,BRIDGE_REPAIR_ENGINEERING_EVIDENCE,,,,,,REHABILITATION,km 212.983; km 213.000; km 322.800; km 322.840,,," for engineering projects; provided further that a government- owned entity which is owned or controlled by the Authority shall not be eligible for appointment as Independent Engineer. /~l\ !:lTo, / .. ,,:> . I - ';:' o Rehabilitation and Upgrada I Giddafur- Vinukanda section of NH-544D from Design km 212.983 (existing km 213.000) to Design km 322.800 (existing km 322.840) (Design iength 112.797 km) in the State ofAndhra Pradesh to twa fane with paved shauider under NH (0) an Hybrid AnnUity Made",False,False,True
NHAI_AP_GIDDALUR_VINUKONDA,NHAI_Giddalur_Vinukonda_NH544D.pdf,REHABILITATION_ENGINEERING_EVIDENCE,239,BRIDGE_REPAIR_ENGINEERING_EVIDENCE,,,,,INSPECTION,REHABILITATION,km 212.983; km 213.000; km 322.800; km 322.840,,,"rms of Reference for the Independent Engineer (the ""TOR"") are being specified pursuant to the Concession Agreement dated (the ""Agreement""), which has been entered into between the Authority and the ""Concessionaire"") for Rehabilitation and Upgradation of Giddalur - Vinukonda section of NH-544D from Design km 212.983 (existing km 213.000) to Design km 322.800 (existing km 322.840) (Design length 112.797 km) in the State of Andhra Pradesh to two lane with paved shoulder under NH (O) on design, build, operate and transfer (the ""DBOT Annuity or Hybrid Annuity"") basis, and a copy of which is annexed hereto and marked as ,. Annex-A to form part of this TOR. ~.: 2 Definitions and interpretation 2.1 ",False,False,True
NHAI_AP_GIDDALUR_VINUKONDA,NHAI_Giddalur_Vinukonda_NH544D.pdf,REHABILITATION_ENGINEERING_EVIDENCE,240,IDENTIFIED_BRIDGE_CONDITION_CANDIDATE,,FAIR; GOOD,,,INSPECTION,REHABILITATION; MAINTENANCE,km 21; km 213.000; km 322.840,,,"National HighwaysAuthority of India Concession Agreement 3.2 The Independent Engineer shall discharge its duties in a fair, impartial and efficient manner, consistent with the highest standards of professional integrity and Good Industry Practice. 4 Development Period 4.1 During the Development Period, the Independent Engineer shall undertake a detailed review of the Drawings to be furnished by the Concessionaire along with supporting data, including the geo-technical and hydrological investigations, characteristics of materials from borrow areas and quarry sites, topographical surveys and traffic surveys. The Independent Engineer shall complete such review and send its comments/observations",False,False,True
NHAI_AP_GIDDALUR_VINUKONDA,NHAI_Giddalur_Vinukonda_NH544D.pdf,REHABILITATION_ENGINEERING_EVIDENCE,241,IDENTIFIED_BRIDGE_CONDITION_CANDIDATE,BRIDGE,FAIR; GOOD; DEFECT,,,INSPECTION,MAINTENANCE,km 212.; km 322.840,,,". National Highways Authority of India Concession Agreement in reasonable detail the lapses, defects or deficiencies observed by it in the construction of the Project. The Inspection Report shall also contain a review of the maintenance of the existing lanes in conformity with the provisions of the Agreement. The Independent Engineer shall send a copy of' its Inspection Report to the Authority and the Concessionaire within 7 (seven) daysof the inspection. 5.4 The Independent Engineer may inspect the Project more than once in a month ifany lapses, defects or deficiencies require such inspections. 5.5 For determining that the Construction Works conform to Specifications and Standards, the Inde",False,False,True
NHAI_AP_GIDDALUR_VINUKONDA,NHAI_Giddalur_Vinukonda_NH544D.pdf,REHABILITATION_ENGINEERING_EVIDENCE,242,IDENTIFIED_BRIDGE_CONDITION_CANDIDATE,,FAIR,,,,REHABILITATION; MAINTENANCE,km 2; km 213.000; km 322.840,,," all matters incidental thereto, the Independent Engineer shall act under and in accordance with the provisions of Article 14 and Schedule-I. 5.14 Upon reference from the Authority, the Independent Engineer shall make a fair and reasonable assessment of the costs of providing information, works and services as set forth in Article 16 and certify the reasonableness of such costs for payment by the Authority to the Concessionaire. 5.15 The Independent Engineer shall aid and advise the Concessionaire in preparing the Maintenance Manual. 5.16 Upon reference from the Authority, the Independent Engineer shall undertake the assessment of cost of civil works, as per applicable schedule of rates, for",False,False,True
NHAI_AP_GIDDALUR_VINUKONDA,NHAI_Giddalur_Vinukonda_NH544D.pdf,REHABILITATION_ENGINEERING_EVIDENCE,243,IDENTIFIED_BRIDGE_CONDITION_CANDIDATE,,GOOD; DETERIORATION; DEFECT,,,INSPECTION,REPAIR; REHABILITATION; MAINTENANCE,km 213.000; km 322.840,,,"National Highways Authority of India Concession Agreement section of the O&M Inspection Report, the Independent Engineer shall describe in reasonable detail the lapses, defects or deficiencies observed by it in O&M of the Project. The Independent Engineer shall send a copy of its O&M Inspection Report to the Authority and the Concessionaire within 7 (seven) days of the inspection. 6.5 The Independent Engineer may inspect the Project more than once in a month, if any lapses, defects or deficiencies require such inspections. 6.6 The Independent Engineer shall in its O&M Inspection Report specify the tests, if any, that the Concessionaire shall carry out, or cause to be carried out, for the pur",False,False,True
NHAI_AP_GIDDALUR_VINUKONDA,NHAI_Giddalur_Vinukonda_NH544D.pdf,REHABILITATION_ENGINEERING_EVIDENCE,244,IDENTIFIED_BRIDGE_CONDITION_CANDIDATE,,GOOD; DEFECT,SETTLEMENT,,INSPECTION,REHABILITATION,km 213.000; km 322.840,,,"ndependent Engineer shall inspect the Project once in every 15 (fifteen) days during a period of 90 (ninety) days after Termination for determining the liability of the Concessionaire under Article 33, in respect of the defects or deficiencies specified therein. If any such defect or deficiency is found by the Independent Engineer, it shall make a report in reasonable detail and send it forthwith to the Authority and the Concessionaire. 8 Determination of costs and time 8.1 The Independent Engineer shall determine the costs, and/or their reasonableness, that are required to be determined by it under the Agreement. 8.2 The Independent Engineer shall determine the period, or any extension ther",False,False,True
NHAI_AP_GIDDALUR_VINUKONDA,NHAI_Giddalur_Vinukonda_NH544D.pdf,REHABILITATION_ENGINEERING_EVIDENCE,246,IDENTIFIED_BRIDGE_CONDITION_CANDIDATE,,CONDITION,,,,REHABILITATION,km 212.983; km 213.000; km 322.800; km 322.840,,," the context or meaning thereof, include its administrators, successors and assigns). WHEREAS: (A) The Authority has entered into a Concession Agreement dated with the Concessionaire (the ""Concession Agreement"") for the Rehabilitation and Upgradation of Giddalur ­ Vinukonda section of NH-544D from Design km 212.983 (existing km 213.000) to Design km 322.800 (existing km 322.840) (Design length 112.797 km) in the State of Andhra Pradesh to two lane with paved shoulder under NH (0) Project (the ""Project"") on design, build, operate and transfer (the ""DBOT Annuity or Hybrid Annuity"") basis, and a copy of which is annexed hereto and marked as Annex-A to form part of this Agreement. (B) Senior Len",False,False,True
NHAI_AP_GIDDALUR_VINUKONDA,NHAI_Giddalur_Vinukonda_NH544D.pdf,REHABILITATION_ENGINEERING_EVIDENCE,247,BRIDGE_REPAIR_ENGINEERING_EVIDENCE,,,,,,REHABILITATION,km 212.983; km 213.000; km 322.840,,,"nt shall, unless repugnant to the context, have the meaning ascribed thereto in the Concession Agreement. 1.2.3 References to Clauses are, unless stated otherwise, references to Clauses of this Agreement. 1.2.4 1.4 of 2 Rehabilitation and Upgro 0 mukonda sec ion of NH-544Dfrom Design km 212.983 (existing km 213.000) to Des/ Aillln~.l!I!~~existing km 322.840) (Design length 112.797 km) in the State of Andhra Pradesh to two lane.;j; .• ed shoulder under NH (0) an Hybrid Annuity Mode",False,False,True
NHAI_AP_GIDDALUR_VINUKONDA,NHAI_Giddalur_Vinukonda_NH544D.pdf,REHABILITATION_ENGINEERING_EVIDENCE,248,IDENTIFIED_BRIDGE_CONDITION_CANDIDATE,,CONDITION,RUST,,,,km 213.000; km 322.840,,,"National Highways Authority of India Concession Agreement 2.1 Escrow Bank to act astrustee 2.1.1 The Concessionaire hereby appoints the Escrow Bank to act as trustee for the Authority, the Lenders' Representative and the Concessionaire in connection herewith and authorizes the Escrow Bank to exercise such rights, powers, authorities and discretion as are specifically delegated to the Escrow Bank by the terms hereof together with all such rights, powers, authorities and discretion as are reasonably incidental hereto, and the Escrow Bank accepts such appointment pursuant to the terms hereof. 2.1.2 The Concessionaire hereby declares that all rights, title and interest in and to the Escrow Accou",False,False,True
NHAI_AP_GIDDALUR_VINUKONDA,NHAI_Giddalur_Vinukonda_NH544D.pdf,REHABILITATION_ENGINEERING_EVIDENCE,250,IDENTIFIED_BRIDGE_CONDITION_CANDIDATE,,CONDITION,,,,REHABILITATION,km 2; km 213.000; km 322.840,,,"on the Payment Date{s); (a) All taxes due and payable by the Concessionaire for and in respect of the Project; (b) Deleted; (c) All payments relating to construction of the Project, subject to and in accordance with the conditions, if any, set forth in the Financing Agreements; (d) O&M Expenses, subject to the ceiling, if any, set forth in the Financing Agreements; (e) O&M Expenses and other costs and expenses incurred by the Authority in accordance with the provisions of the Concession Agreement, and certified by the Authority as due and payable to it; (f) Any amounts due and payable to the Authority; (g) Monthly proportionate provision of Debt Service due in an Accounting Year; (h) all pay",False,False,True
NHAI_AP_GIDDALUR_VINUKONDA,NHAI_Giddalur_Vinukonda_NH544D.pdf,REHABILITATION_ENGINEERING_EVIDENCE,251,IDENTIFIED_BRIDGE_CONDITION_CANDIDATE,,DEFECT,,,,REPAIR; REHABILITATION; REPLACEMENT,km 21; km 213.000; km 322.840,,," to it by the Concessionaire pursuant to the Concession Agreement, including any claims in connection with or arising out of Termination; :0:-: (e) Retention and payments arising out of, or in relation to, liability for defects and deficiencies set forth in Article 33 of the Concession Agreement; (f) Outstanding Debt Service including the balance of Debt Due; (g) Outstanding Subordinated Debt; (h) Incurred or accrued O&M Expenses; (i) Any other payments required to be made under the Concession Agreement; and Ul Balance, if any, in accordance with the instructions of the Concessionaire: Provided that the disbursements specified in Sub-clause (i) of this Clause 4.2 shall be undertaken only aft",False,False,True
NHAI_AP_GIDDALUR_VINUKONDA,NHAI_Giddalur_Vinukonda_NH544D.pdf,REHABILITATION_ENGINEERING_EVIDENCE,252,IDENTIFIED_BRIDGE_CONDITION_CANDIDATE,,,RUST,,,REHABILITATION,km 212.; km 213.000; km 322.840,,,"GATIONS OFTHE ESCROW BANK 5.1 Segregation offunds Monies and other property received by the Escrow Bank under this Agreement shall, until used or applied in accordance with this Agreement, be held by the Escrow Bank in trust for the purposes for which they were received, and shall be segregated from other funds and property ofthe Escrow Bank. 5.2 Notification of balances 7(seven) business days prior to each Payment Date (and for this purpose the Escrow Bank shall be entitled to rely on an affirmation by the Concessionaire and/or the Lenders' Representative as to the relevant Payment Dates), the Escrow Bank shall notify the Lenders' Representative of the balances in the Escrow Account and Sub",False,False,True
NHAI_AP_GIDDALUR_VINUKONDA,NHAI_Giddalur_Vinukonda_NH544D.pdf,REHABILITATION_ENGINEERING_EVIDENCE,253,IDENTIFIED_BRIDGE_CONDITION_CANDIDATE,,SATISFACTORY,,,,,km 213.000,,,"scrow Bank, the Authority and the Lenders' Representative, terminate this Agreement and appoint a new Escrow Bank, provided that the new Escrow Bank is acceptable to the Lenders' Representative and arrangements are made satisfactory to the Lenders' Representative for transfer of amounts deposited in the Escrow Account to a new Escrow Account established with the successor Escrow Bank. The termination of this Agreement shall take effect only upon coming into force of an Escrow Agreement with the substitute Escrow Bank. 7.3 Closure of Escrow Account r Rehabilitatian and Upgra (existing km 213.000) ta De~'W~~~[Jf/ii~, af Andhra Pradesh ta twa Ian",False,False,True
NHAI_AP_GIDDALUR_VINUKONDA,NHAI_Giddalur_Vinukonda_NH544D.pdf,REHABILITATION_ENGINEERING_EVIDENCE,255,IDENTIFIED_BRIDGE_CONDITION_CANDIDATE,,CONDITION,,,,REHABILITATION,km 213.000; km 322.840,,," in accordance with and governed by the laws of India, and the courts in the State shall have jurisdiction over all matters arising out of or relating to this Agreement. 11.2 Waiver of sovereign immunity The Authority unconditionally and irrevocably: o' !.:"". (a) agrees that the execution, delivery and performance by it of this Agreement constitute commercial acts done and performed for commercial purpose; (b) agrees that, should any proceedings be brought against it or its assets, property or revenues in any jurisdiction in relation to this Agreement or any transaction contemplated by this Agreement, no immunity (whether by reason of sovereignty or otherwise) from such proceedings shall be ",False,False,True
NHAI_AP_GIDDALUR_VINUKONDA,NHAI_Giddalur_Vinukonda_NH544D.pdf,REHABILITATION_ENGINEERING_EVIDENCE,258,BRIDGE_REPAIR_ENGINEERING_EVIDENCE,,,,,,REHABILITATION,km 212.983; km 213.000; km 322.800; km 322.840,,,"No.) (E-mail address) (E-mail address) SIGNED, SEALED In the presence of: Directors. ~ : ~ . -,---,---~,--------,-,-,--------:-----:c--:::-:-:--,--------,------:-...!!L2L 4'-:---,--------,-----,_----,------,--------,-__ Rehabilitation and Upgradation of Giddafur - Vinukonda section of NH-544Dfrom Design km 212.983 (existing km 213.000) to Design km 322.800 (existing km 322.840) (Design length 112.797 km) in the State of Andhra Pradesh to two lane with paved shoulder under NH (0) on Hybrid Annuity Mode",False,False,True
NHAI_AP_GIDDALUR_VINUKONDA,NHAI_Giddalur_Vinukonda_NH544D.pdf,REHABILITATION_ENGINEERING_EVIDENCE,259,BRIDGE_REPAIR_ENGINEERING_EVIDENCE,,,,,,REHABILITATION,km 212.983; km 213.000; km 322.800; km 322.840,,,"d 17: (?- I.:included in the draft~.artered Accountants. ;f :""'f)"" ..,i'\) lOJ '1t>- 1/( ,/,~C) 0 0~~""'"""" ~\ 1-;:,' '_,;..l< ~ ""\ .~-.... ,.,,\ rI * <.£' -, \ 3.\...: ""'\ I).:: ;< 1_ cA,,--:z:: .* O/YO>J !'C) ~ '00' 245 Rehabilitation and Upgradation o·~ r- Vinukonda section of NH-544D from Design km 212.983 (existing km 213.000) to Design km 322.800 (existing km 322.840) (Design length 112.797 km) in the State of Andhro Pradesh to two lone with paved shoulder under NH (0) on Hybrid Annuity Mode",False,False,True
NHAI_AP_GIDDALUR_VINUKONDA,NHAI_Giddalur_Vinukonda_NH544D.pdf,REHABILITATION_ENGINEERING_EVIDENCE,260,BRIDGE_REPAIR_ENGINEERING_EVIDENCE,,,,,,REHABILITATION,km 212.983; km 213.000; km 322.800; km 322.840,,,"ed Panel of Chartered Accountants, or such earlier period as may be agreed between the Authority and the Concessionaire, a new panel shall be prepared in accordance with the provisions of this Schedule-P. i I. r- l: 246 Rehabilitation and Upgradatian of Giddalur - Vinukonda section of NH-544D from Design km 212.983 (existing km 213.000) to Design km 322.800 (existing km 322.840) (Design length 112.797 km) in the State ofAndhra Pradesh to two lane with paved shoulder under NH (0) on Hybrid Annuity Mode",False,False,True
NHAI_AP_GIDDALUR_VINUKONDA,NHAI_Giddalur_Vinukonda_NH544D.pdf,REHABILITATION_ENGINEERING_EVIDENCE,261,IDENTIFIED_BRIDGE_CONDITION_CANDIDATE,,CONDITION; DEFECT,,,,REHABILITATION,km 212.983; km 213.000; km 322.800; km 322.840,,,"irman, National Highways Authority of India (the ""Authority"") refers to the Concession Agreement dated (the ""Agreement"") entered into between the Authority and GV ROAD PROJECTS PRIVATE LIMITED (the ""Concessionaire"") for Rehabilitation and Upgradation of Giddalur - Vinukonda section of NH-544D from Design km 212.983 (existing km 213.000) to Design km 322.800 (existing km 322.840) (Design length 112.797 km) in the State of Andhra Pradesh to two lane with paved shoulder under NH (0) (the ""Project Highway"") on design, build, operate and transfer (""DBOT Annuity or Hybrid Annuity"") basis. 2 The Authority hereby acknowledges compliance and fulfilment by the Concessionaire of the Divestment Requirem",False,False,True
NHAI_AP_GIDDALUR_VINUKONDA,NHAI_Giddalur_Vinukonda_NH544D.pdf,REHABILITATION_ENGINEERING_EVIDENCE,262,IDENTIFIED_BRIDGE_CONDITION_CANDIDATE,,CONDITION,,,,REHABILITATION,km 212.983; km 213.000; km 322.800; km 322.840,,,"pugnant to the context or meaning thereof include its f­ [successors and substitutes); f iWHEREAS: (A) The Authority has entered into a Concession Agreement dated With the Concessionaire (the ""Concession Agreement"") for Rehabilitation and Upgradation of Giddalur - Vinukonda section of NH-544D from Design km 212.983 (existing km 213.000) to Design km 322.800 (existing km 322.840) (Design length 112.797 km) in the State of Andhra Pradesh to two lane with paved shoulder under NH (0) Project (the ""Project"") on design, build, operate and transfer basis (the ""D80T Annuity or Hybrid Annuity""), and a copy of which is annexed hereto and marked as Annex-A to form part of this Agreement. (B) Senior Len",False,False,True
NHAI_AP_GIDDALUR_VINUKONDA,NHAI_Giddalur_Vinukonda_NH544D.pdf,REHABILITATION_ENGINEERING_EVIDENCE,263,IDENTIFIED_BRIDGE_CONDITION_CANDIDATE,,CONDITION,,,,,km 212.983; km 322.840,,,"hem: ""Agreement"" means this Substitution Agreement and any amendment thereto made in accordance with the provisions contained in this Agreement; ""Financial Default"" means occurrence of a material breach of the terms and conditions of the Financing Agreements or a continuous default in Debt Service by the Concessionaire for a minimum period of 3 (three) months; ""Lenders' Representative"" means the person referred to as the Lenders' Representative in the foregoing Recitals; ""Nominated Company"" means a company, incorporated under the provisions of the Companies Act, 1956, including any re-enactment or amendment thereof, selected by the Lenders' Representative, on behalf of Senior Lenders, and pr",False,False,True
NHAI_AP_GIDDALUR_VINUKONDA,NHAI_Giddalur_Vinukonda_NH544D.pdf,REHABILITATION_ENGINEERING_EVIDENCE,264,BRIDGE_REPAIR_ENGINEERING_EVIDENCE,,,,,,REHABILITATION; MAINTENANCE,km 212.983; km 213.000; km 322.840,,,"ement. 3.2.3 At any time after the Lenders' Representative has issued a Notice of Financial Default, it may by notice require the Authority to suspend all the rights of the Concessionaire and undertake the operation and maintenance of the Project in accordance with the provisions of Article 30 of the Concession Agreement, and upon receipt of such notice, the Authority shall undertake Suspension under and in accordance with the provisions of the Concession Agreement. The aforesaid Suspension shall be revoked upon substitution of the Concessionaire by a Nominated Company, and in the event such substitution is not completed within 180 (one hundred and eighty) days from the date of such Suspensi",False,False,True
NHAI_AP_GIDDALUR_VINUKONDA,NHAI_Giddalur_Vinukonda_NH544D.pdf,REHABILITATION_ENGINEERING_EVIDENCE,265,IDENTIFIED_BRIDGE_CONDITION_CANDIDATE,,CONDITION,,,,REHABILITATION,km 213.000,,,"pany the right to construct, operate and maintain the Project in accordance with the provisions of the Concession Agreement; , f: (b) Endorse and transfer the Concession to the Nominated Company, on the same i terms and conditions, for the residual Concession Period; and ~ (c) Enter into a Substitution Agreement with the Lenders' Representative Nominated Company on the same terms as are contained in this Agree 3.4.4 If the Authority has any objection to the transfer of Concession in favo Nominated Company in accordance with this Agreement, it shall within 15 (fiftee from the date of proposal m~cja the Lenders' Representative, give a reasoned or er after hearing the Lender~~-ll~3~.'Vat ,'l . ",False,False,True
NHAI_AP_GIDDALUR_VINUKONDA,NHAI_Giddalur_Vinukonda_NH544D.pdf,REHABILITATION_ENGINEERING_EVIDENCE,268,IDENTIFIED_BRIDGE_CONDITION_CANDIDATE,,CONDITION,,,,,km 213.000; km 3,,," accordance with and governed by the laws of India, and the courts in the New Delhi shall have jurisdiction over all matters arising out of or relating to this Agreement. 9.2 Waiver of sovereign immunity The Authority unconditionally and irrevocably: (a) agrees that the execution, delivery and performance by it of this Agreement constitute commercial acts done and performed for commercial purpose; (b) agrees that, should any proceedings be brought against it or its assets, property or revenues in any jurisdiction in relation to this Agreement or any transaction contemplated by this Agreement, no immunity (whether by reason of sovereignty or otherwise) from such proceedings shall be claimed b",False,False,True
NHAI_AP_GIDDALUR_VINUKONDA,NHAI_Giddalur_Vinukonda_NH544D.pdf,REHABILITATION_ENGINEERING_EVIDENCE,269,IDENTIFIED_BRIDGE_CONDITION_CANDIDATE,,CONDITION,,,,,km 212.983; km 213.000; km 3,,,"epresentative of the Party; and (c) Shall not affect the validity or enforceability of this Agreement in any manner. 9.5.2 Neither the failure by either Party to insist on any occasion upon the performance of the terms, conditions and provisions of this Agreement or any obligation thereunder nor time or other indulgence granted by a Party to another Party shall be treated or deemed as waiver of such breach or acceptance of any variation or the relinquishment of any such right hereunder. 9.6 No third party beneficiaries This Agreement is solely for the benefit of the Parties and no other person or entity shall have any rights hereunder. 9.7 Survival 9.7.1 Termination ofthis Agreement: (a) Sha",False,False,True
NHAI_AP_GIDDALUR_VINUKONDA,NHAI_Giddalur_Vinukonda_NH544D.pdf,REHABILITATION_ENGINEERING_EVIDENCE,270,IDENTIFIED_BRIDGE_CONDITION_CANDIDATE,,GOOD,,,,REHABILITATION,km 212.983; km 213.000; km 32,,,"isdiction or any other instrumentality to be invalid, illegal or unenforceable, the validity, legality or enforceability of the remaining provisions shall not be affected in any manner, and the Parties will negotiate in good faith with a view to agreeing to one or more provisions which may be substituted for such invalid, unenforceable or illegal provisions, as nearly as is practicable to such invalid, illegal or unenforceable provision. Failure to agree upon any such provisions shall not be subject to dispute resolution under Clause 8 of this Agreement or otherwise. 9.9 Successors and assigns This Agreement shall be binding on and shall inure to the benefit of the Parties and their respecti",False,False,True
NHAI_AP_GIDDALUR_VINUKONDA,NHAI_Giddalur_Vinukonda_NH544D.pdf,REHABILITATION_ENGINEERING_EVIDENCE,271,BRIDGE_REPAIR_ENGINEERING_EVIDENCE,,,,,,REHABILITATION,km 212.983; km 213.000; km 322.800; km 322.840,,,") (Name) (Designation) (Address) (Fax No.) (E-mail address) In the presence of: 1. 2. , ¥To be affixed in accordance with the articles of association of the con3S§nire and the resolution passed by its Board of Directors Rehabilitation and Upgradation ofGiddalur- Vinukonda section ofNH-544Dfrom Design km 212.983 (existing km 213.000) to Design km 322.800 (existing km 322.840) (Design length 112.797 km) in the State ofAndhra Pradesh to two lane with paved shoulder under NH (0) on Hybrid Annuity Mode",False,False,True
NHAI_AP_GIDDALUR_VINUKONDA,NHAI_Giddalur_Vinukonda_NH544D.pdf,REHABILITATION_ENGINEERING_EVIDENCE,272,IDENTIFIED_BRIDGE_CONDITION_CANDIDATE,,,RUST,,,REHABILITATION,km 212.983; km 213.000; km 322.800; km 322.840,,,"Reply to Queries raised by the bidders during Pre-Bid meeting dated 15.01.2018 for the project ""Rehabilitation and Upgradation of Giddalur - Vinukonda section of NH-544D from Design km 212.983 (existing km 213.000) to Design km 322.800 (existing km 322.840) (Design length 112.797 km) in the State of Andhra Pradesh to two lane with paved shoulder under NHDP-IV under Bharatmala Pariyojana on Hybrid Annuity Mode"" Replies The existing pavement composition is given in Chapter S of the Final Feasibility Report. Already uploaded on e-tender portal. Now uploaded on e-tender portal. Yes, the Concessionaire may follow his own design for various components of the structures subject to its fulfilling co",False,False,True
NHAI_AP_GIDDALUR_VINUKONDA,NHAI_Giddalur_Vinukonda_NH544D.pdf,REHABILITATION_ENGINEERING_EVIDENCE,274,GENERAL_ENGINEERING_REFERENCE,ROB,GOOD,,,,,,,,"Sr. I Clause Query Replies No. 15 I Clause 13 : ROB Please clarify whether the GAD for GAD for proposed ROB already submitted to proposed ROB approved or not from Railways for obtaining their approval. Railways 16 I The Government of India (GOI) has introduced goods and Service tax (GST) in place of VAT, Central SalesTax, Excise Duty etc. w.e.f. 01.07.2017. At present, the road «'-:rr, ,:"" infrastructure is proposed to be \ :t ....;. "" • ;' I~ taxed @ 12% goods and services I . ~ \ ;. """"ax (GST) as per revised ~_'rl _ ;~otification dated nnd August, .,;<.12017. NHAI has floated the ,----""..-.,,», above mentioned project on I) ;.-'­ -'--""'-r~ hybrid Annuity Mode (HAM), but I:'o:l in the RFP d",False,False,True
NHAI_AP_GIDDALUR_VINUKONDA,NHAI_Giddalur_Vinukonda_NH544D.pdf,REHABILITATION_ENGINEERING_EVIDENCE,275,IDENTIFIED_BRIDGE_CONDITION_CANDIDATE,FLYOVER,DAMAGED,,,,,chainage 274.350; ch. 274.624; km 212.983; km 322.800.,,," from Devrajgattu (existing chainage 274.350) to Kesinanpalli (existing ch. 274.624) ""IS common with NH-565 (part of NH-565) and is not in the scope of the project except Gobburu bypass and 400 m approach of each of two flyovers proposed at junction of project highway with NH-565. As far as the project highway is concerned, the chainage at both ends of the common portion is same. 18 -, ,0 Chainage Start chainage and end chainage are same for project length which are not in scope ,1? .0' Pavement Design Can contractor modifies given pavement thickness as per IRC As per RFP The stretches where bypass, reconstruction of damaged stretches and raising of existing road are proposed is given in Ann",False,False,True
NHAI_AP_GIDDALUR_VINUKONDA,NHAI_Giddalur_Vinukonda_NH544D.pdf,REHABILITATION_ENGINEERING_EVIDENCE,276,BRIDGE_REPAIR_ENGINEERING_EVIDENCE,,,,,,REHABILITATION,km 212.983; km 213.000; km 322.800; km 322.840,,,Corrigendum Sub: Rehabilitation and Upgradation of Giddalur - Vinukonda section of NH·544D from Design km 212.983 (existing km 213.000) to Design km 322.800 (existing km 322.840) (Design length 112.79.7 km) in the State of Andhra Pradesh to two lane with :-.. paved shoulders under NHDP-IV under NH(O) on Hybrid Annuity Mode. Sr. No. Clause of RFP Existing Provision as per RFP Modified Provision (i) Last date of Request for BID Document 0602.2018 (1100 Hrs 1ST) 15.02.2018 (Upto 1100 Hrs 1ST) (ii) BID Due Date 06.02.2018 (1100 Hrs 1ST) 15.02.2018 (Upt01100 Hrs 1ST) (iii) Physical Submission of Bid Security/POA etc. 07.02.2018 (1100 Hrs 1ST) 16.02.2018 (Upto 1100 Hrs 1ST) (iv) Opening ofTechnica,False,False,True
NHAI_AP_GIDDALUR_VINUKONDA,NHAI_Giddalur_Vinukonda_NH544D.pdf,REHABILITATION_ENGINEERING_EVIDENCE,277,IDENTIFIED_BRIDGE_CONDITION_CANDIDATE,,GOOD,,,,REHABILITATION,km 212.983; km 213.000; km 322.800; km 322.840,,,"Corrigendum-II Sub: Rehabilitation and Upgradation of Giddalur - Vinukonda section of NH-544D from Design km 212.983 (existing km 213.000) to Design km 322.800 (existing km 322.840) (Design length 112.797 km) in the State of Andhra Pradesh to two lane with paved shoulders under NHDP-IV under NH(O) on Hybrid Annuity Mode. Clause of DCA Existing Provision Modified Provision 42.1 Definitions . , I ""Project Agreements' means this Agreement, the Financing Agreements, EPC Contract, O&M Contract, and any other material agreements or contracts that may be entered into by the Concessionaire with any person in connection with matters relating to, arising out of or incidental to the Project, but does n",False,False,True
NHAI_AP_GIDDALUR_VINUKONDA,NHAI_Giddalur_Vinukonda_NH544D.pdf,REHABILITATION_ENGINEERING_EVIDENCE,278,BRIDGE_REPAIR_ENGINEERING_EVIDENCE,,,,,,REHABILITATION,km 212.983; km 213.000; km 322.800; km 322.840,,,", I III I I I ! ! Corrigendum-III' Sub: Rehabilitation and Upgradation of Giddalur - Vinukonda section of. NH-544D from Design km 212.983 (existing km 213.000) to Design km 322.800 (existing km 322.840) (Design length 112.797 km) in the State of Andhra Pradesh to two lane with paved shoulders under NHDP-IV under NH(O) on Hybrid Annuity Mode. i ~. t Sr. No. Clause of RFP Existing Provision as perRFP Modified Provision (I) Last date of Request for BID Document 15.02.2018 (Uplo 1100 Hrs 1ST) 27.02.2018 (Upto 1100 Hrs 1ST) 1ST) (ii) BID Due Date 15.02.2018 (Upto11 00 Hrs 1ST) 27.02.2018 (Upto1100 Hrs 1ST) (iii) Physical Submission of Bid Securitv/POA etc. 16,02.2018 (Upto 1100 Hrs 1ST) 28.02.201",False,False,True
NHAI_AP_GIDDALUR_VINUKONDA,NHAI_Giddalur_Vinukonda_NH544D.pdf,REHABILITATION_ENGINEERING_EVIDENCE,279,BRIDGE_REPAIR_ENGINEERING_EVIDENCE,,,,,,REHABILITATION,km 212.983; km 213.000; km 322.800; km 322.840,,,"I i Corrigendum-IV Rehabilitation and Upgradation of Giddalur - Vinukonda section of NH-544D fromSub: Design km 212.983 (existing km 213.000) to Design km 322.800 (existin'g km 322.840) (Design length 112.797 km) in the State of Andhra Pradesh to two lane with paved shoulder under NHDP-IV under NH(O) on Hybrid Annuity Mode. Sr. Clause Existing Provision Modified Provision j: no. . Reference f·' Clause 1.2.4 ofRFP 1. 2. Appendix - II Bank Guarantee for Bid Security (Point No. 15) A Bidder is required to dep_osit, along with its Bid, a Bid Security of Rs. 15.33 Cr (Rupees Fifteen crore and Thirty Three Lakh Only) (the ""Bid Security""), refundable not later than 90 (ninety) days from the Bid Due",False,False,True
NHAI_AP_GIDDALUR_VINUKONDA,NHAI_Giddalur_Vinukonda_NH544D.pdf,REHABILITATION_ENGINEERING_EVIDENCE,280,BRIDGE_REPAIR_ENGINEERING_EVIDENCE,,,,,,REHABILITATION,km 212.983; km 213.000; km 322.800; km 322.840,,,erformanc e Security) of DCA (Point No. 13) 3. 4. Name of Project The guarantorl bank hereby confirms that it '( ..ii the SFMS (Structural Finance Messaging System) platform & shall invariably send an advice of-this - . Rehabilitation and UpgradaUon of Giddalur - Vinukonda section of NH­ 5440 from Design km 212.983 (existing km 213.000) to Design km 322.800 (existing km 322.840) (Design length 112.797 km) in the State of Andhra Pradesh to two lane with paved shoulder under NHDP-IV under Bharatmala Pariyojana on Hybrid Annuity Mode. Bank Guarantee to the designated bank of NHAI having following details: Name of : Beneficiary Bank Account Number IFSC Code National Highway Authority of India Ca,False,False,True
NHAI_AP_GIDDALUR_VINUKONDA,NHAI_Giddalur_Vinukonda_NH544D.pdf,REHABILITATION_ENGINEERING_EVIDENCE,281,BRIDGE_REPAIR_ENGINEERING_EVIDENCE,,,,,,REHABILITATION,km 213.000; km 322.800; km 322.840,,,Corrigendum-V Sub: Rehabilitation and Upgradation of Giddalur - Vinukonda section of NH-544D from Design krn 212.983 (existing km 213.000) to Design km 322.800 (existing km 322.840) (Design length 112.797 km) in the State of Andhra Pradesh to two lane with paved shoulders under NHDP-IV under NH(O) on Hybrid Annuity Mode. Sr. No. Clause of RFP Existing Provision asper RFP Modified Provision (i) Last date of Request for BID Document 27.02.2018 (Upto 1100 Hrs 1ST) 05.03.2018 (upto 1100 Hrs 1ST) (ii) BID Due Date 27.02.2018 (Upt01100 Hrs 1ST) 05.03.2018 (upt01100 Hrs 1ST) (iii) Physical Submission of Bid Securitv/POA etc. 28.02.2018 (Upto 1100 Hrs 1ST) 06.03.2018 (upto 1100 Hrs 1ST) (iv) Opening,False,False,True
NHAI_AP_GIDDALUR_VINUKONDA,NHAI_Giddalur_Vinukonda_NH544D.pdf,REHABILITATION_ENGINEERING_EVIDENCE,282,BRIDGE_REPAIR_ENGINEERING_EVIDENCE,,,,,,REHABILITATION,km 212.983; km 213.000; km 322.800,,,Corrigendum-VI Sub: Rehabilitation and Upgradation of Giddalur - Vinukonda section of NH-544D :-:from Design km 212.983 (existing km 213.000) to Design km 322.800 (existing km ( 322.840) (Design length 112.797 km) in the State of Andhra Pradesh to two lane with paved shoulders under NHDP-IV under NH(O) on Hybrid Annuity Mode. - Sr. No. Clause of RFP Existing Provision as perRFP Modmed Provision (i) Last date ofRequest for BID Document 05.03.2018 (upto 1100 Hrs 1ST) 0803.2018 (upto 1100 Hrs 1ST) (ii) BID Due Date 05.03.2018 (uplo1100 Hrs 1ST) 08.03.2018 (uplo1100 Hrs 1ST) (iii) Physical Submission of Bid Security/POA etc. 06.03.2018 (uplo 1100 Hrs 1ST) 09.03.2018 (upto 1100 Hrs 1ST) (iv) Open,False,False,True
NHAI_AP_GIDDALUR_VINUKONDA,NHAI_Giddalur_Vinukonda_NH544D.pdf,REHABILITATION_ENGINEERING_EVIDENCE,283,BRIDGE_REPAIR_ENGINEERING_EVIDENCE,,,,,,REHABILITATION,km 212.983; km 213.000; km 322.800; km 322.840,,,"Corrigendum-VII Sub: Rehabilitation and Upgradation of Giddalur - Vinukonda section of NH-5,44D from Design km 212.983 (existing km 213.000) to Design km 322.800 (existing km 322.840) (Design length 112.797 km) in the State of Andhra Pradesh to two lane with paved shoulders under NHDP-IV under NH(O) on Hybrid Annuity Mode. Sr. No. Clause of RFP Existing Provision as perRFP Modified Provision (i) Last date ofRequest for BID Document 08,03.2018 (uplo 1100 Hrs 1ST) 12,03,2018 (upto 1100 Hrs 1ST) (ii) BID Due Date 08,03.2018 (upl01100 Hrs 1ST) 12,03,2018 (upto1100 Hrs 1ST) (iii) Physical Submission of Bid Security/POA etc, 09,03.2018 (upto 1100 Hrs 1ST) 13.03.2018 (upto 1100 Hrs 1ST) (iv) Openin",False,False,True
NHAI_AP_GIDDALUR_VINUKONDA,NHAI_Giddalur_Vinukonda_NH544D.pdf,REHABILITATION_ENGINEERING_EVIDENCE,284,BRIDGE_REPAIR_ENGINEERING_EVIDENCE,,,,,,REHABILITATION,km 212.983; km 213.000; km 322.800; km 322.840,,,",..'. ' Corrigendum-VIII Sub: Rehabilitation and Upgradation of Giddalur - Vinukonda section of NH·544D from Design km 212.983 (existing km 213.000) to Design km 322.800 (existing km 322.840) (Design length 112.797 km) in the State of Andhra Pradesh to two lane with paved shoulders under NHDp·IV under NH(O) on Hybrid Annuity Mode. Sr. No. Clause of RFP Existing Provision asper RFP Modified Provision (i) Last date of Request for BID Document 12.03.2018 (upto 1100 Hrs 1ST) 1603.2018 (upto 1100 Hrs 1ST) (ii) BID Due Date 12.03.2018 (upto1100 Hrs 1ST) 16.03.2018 (upto1100 Hrs 1ST) (iii) Physical Submission of Bid Security/POA etc. 13.03.2018 (upto 1100 Hrs 1ST) 19.03.2018 (upto 1100 Hrs 1ST) (iv",False,False,True
NHAI_AP_GIDDALUR_VINUKONDA,NHAI_Giddalur_Vinukonda_NH544D.pdf,REHABILITATION_ENGINEERING_EVIDENCE,285,BRIDGE_REPAIR_ENGINEERING_EVIDENCE,,,,,,REHABILITATION,km 212.983; km 213.000; km 322.800; km 322.840,,,"= ~.:T 1 "". -., ••. , Corrigendum-IX Sub: Rehabilitation and Upgradation of Giddalur - Vinukonda section of NH-544D from Design km 212.983 (existing km 213.000) to Design km 322.800 (existing km 322.840) (Design length 112.797 km) in the State of Andhra Pradesh to two lane with paved shoulder under NHDP-IV under NH(O) on Hybrid Annuity Mode. Sr. Clause no. Reference 1. Clause 1.2.4 ofRFP Modified ProvisionExisting Provision A Bidder is required to deposit, along -A Bidder is required to deposit, along with with its Bid, a Bid Security of Rs. 15.33 its Bid, a Bid Security of Cr (Rupees Fifteen crore and Thirty Rs.5.65 Crore (Rupees Five Crore and Three Lakh Only) (the ""Bid Security""), Sixty F",False,False,True
NHAI_AP_GIDDALUR_VINUKONDA,NHAI_Giddalur_Vinukonda_NH544D.pdf,REHABILITATION_ENGINEERING_EVIDENCE,286,IDENTIFIED_BRIDGE_CONDITION_CANDIDATE,,,RUST,,,REHABILITATION; MAINTENANCE,km 212.983; km 213.000; km 322.800; km 322.840; km 40,,,"Integrity pact (Refer clause 4.4) Integrity Pact applicable for works having value of Rs. 100 Cr and above Rehabilitation and Upgradation of Giddalur - Vinukonda section of NH-s44D from Design ,i:· ,. km 212.983 (existing km 213.000) to Design km 322.800 (existing km 322.840) (Design length 112.797 km) in the State of Andhra Pradesh to two lane with paved shoulder under NH (0) on Hybrid Annuity Mode (Andhra Pradesh Division) Tender No. NHAI/Tech/AP/NH-s44D/Gid-Vinu/2017-18 dated 22.12.2017 This Integrity Pact is made at on this day of ,2018 Between National Highways Authority of India (NHAI), a statutory body constituted under the National Highways Authority of India Act, 1988, which has bee",False,False,True
NHAI_AP_GIDDALUR_VINUKONDA,NHAI_Giddalur_Vinukonda_NH544D.pdf,REHABILITATION_ENGINEERING_EVIDENCE,288,BRIDGE_REPAIR_ENGINEERING_EVIDENCE,,,,,,REHABILITATION,km2; km 322.840,,,"for such t· !: payments. I:· i·-· i: I:. (f) The Bidder(s)/ Contractor(sl/ Concessionaire(s)/ Consultant(s) will not instigate third persons to commit offences outlined above or be an accessoryto such offences. (g) .""'. Rehabilitation ' o i r- VinukondasectionofNH-544D from Design km2]2.983 (exist 213.000) to De""l':~~W"" . km 322.840) (Design 'enfIh,j 12.797 km) in the State of Andhra Pra.'N~~~~~'I../ lane with paved '\""'IJ~I NIj1HJpn Hybrid Annuity Mode G I 4",False,False,True
NHAI_AP_GIDDALUR_VINUKONDA,NHAI_Giddalur_Vinukonda_NH544D.pdf,REHABILITATION_ENGINEERING_EVIDENCE,289,BRIDGE_REPAIR_ENGINEERING_EVIDENCE,,,,,,REHABILITATION,km 2; km 213.000,,,"final and binding on the Bidder/ Contractor/Concessionaire/Consultant. (6) On occ!Jrte~ sanctions/ disqualification etc. arisin tion of "". /.."" integr)ty r ~ct. Bid Contractor/Concessionaire/Consulta ntitled !.2 <r-: ~I Rehabilitation an' of d - Vinukonda section ofNH-544D from Design km 2 . mg km 213.000) to Desi ~~~""F322.840) (Design length 112.797 Ian) in the State of Andhra Pradesh to two lane with paved sh n Hybrid Annuity Mode 275",False,False,True
NHAI_AP_GIDDALUR_VINUKONDA,NHAI_Giddalur_Vinukonda_NH544D.pdf,REHABILITATION_ENGINEERING_EVIDENCE,290,BRIDGE_REPAIR_ENGINEERING_EVIDENCE,,,,,,REHABILITATION,km 212.983,,,"as per Article-4 above. Article 6 Equal treatment of all Bidders/ Contractors/ Concessionaires/ Consultants/ Subcontractors (1) The Bidd;;;<·::;~Or(s)/concessiOnaire(S)/consultant(s) undertak ~:~<-~'"" ~:;.\ .....~~<fl • Rehabilitation an'd-tJ 1 gra - Vinukonda section ofNH-544D from Design km 212.983 213.000) to Dcslgri 322.840) (Design length 112.797 km) in the State of Andh~ iane with paved s~.~/'~~~~~n-t'!Pf.HYbrid Annuity Mode 276 <; /y ~'V, -,<.{ ;.. l'l~",False,False,True
NHAI_AP_GIDDALUR_VINUKONDA,NHAI_Giddalur_Vinukonda_NH544D.pdf,REHABILITATION_ENGINEERING_EVIDENCE,292,IDENTIFIED_BRIDGE_CONDITION_CANDIDATE,ROB,DEFECT,,,,,km 212.983,,,"ion. (6) The Monitor will submit a written report to the Chairman, NHAI within 8-10 weeks from the date of reference or intimation to him by the Principal and, should the occasion arise, submit proposals for correcting problematic situations. (7) If the Monitor has reported to the Chairman, NHAI, a substantiated suspicion of under relevant IPC/PC Act or any other Statutory Acts, and the Chairman, NHAI has not, within the reasonable time taken visible action to proceed against such offence or reported it the Chief Vigilance Officer, the Monitor may also transmit this information directly to the Central Vigilance Commissioner. (8) The word 'Monitor' would include both singular and plural. Arti",False,False,True
NHAI_AP_GIDDALUR_VINUKONDA,NHAI_Giddalur_Vinukonda_NH544D.pdf,REHABILITATION_ENGINEERING_EVIDENCE,293,BRIDGE_REPAIR_ENGINEERING_EVIDENCE,,,,,,REHABILITATION,km 212.983; km 2; km 322.800; km 322.840,,,actions stipulated in the integrity Pact are without prejudice to any other legal action that may follow in accordance with the provisions to the extant law in force relating to any civil or criminal proceedings. Ir: i. Rehabilitation and Upgradation of Giddalur - Vlnukonda section ofNH-544D from Design km 212.983 (existing km 2i3.000) to Design km 322.800 (existing km 322.840) (Design iength 112.797 km) in the State of Andhra Pradesh to two lane with paved shoulder under NH (0) on Hybrid Annuity Mode 279,False,False,True
NHAI_AP_GIDDALUR_VINUKONDA,NHAI_Giddalur_Vinukonda_NH544D.pdf,REHABILITATION_ENGINEERING_EVIDENCE,294,BRIDGE_REPAIR_ENGINEERING_EVIDENCE,,,,,,REHABILITATION,km212.983; km 213.000; km 322.800,,," ~) "",.111 1'1 \1 M: HQ,J'fa-w 1J.eKM.., -4f--~ Witness2:~ eM <]7tCVPNNllllrIl}fll~fjr-o)CC o [c.. ~•..(t.%) C-G, Mh;-;W (Y)~[) ~ oRfl-.AJ Mi 17t:?~ (Name & Address): NHA-r"" H& ~ f2c21J...,, i+I D~ -A-b -5Wo.3,8' ~: .~' Rehabilitation and Upgradation ofGiddalur- Vinukonda sectionofNH-544D from Design km212.983 (existing km 213.000) to Design km 322.800 (existing Ian 322.840) (Design iength 112.797 km) in the State of Andhra Pradesh to two lane with paved shoulder under NH (0) on Hyhrid Annuity Mode 280",False,False,True
NHAI_AP_GIDDALUR_VINUKONDA,NHAI_Giddalur_Vinukonda_NH544D.pdf,REHABILITATION_ENGINEERING_EVIDENCE,295,BRIDGE_REPAIR_ENGINEERING_EVIDENCE,,,,,,REHABILITATION,KM 213.000; KM 322.800; KM 322.840,,,"National Highways Authority of India (Ministry of Road Transport & Highways) Government of India REHABILITATION AND UPGRADATION OF GIDDALUR - VINUKONDA SECTION OF NH-544D FROM DESIGNKM 212.983 (EXISTING KM 213.000) TO DESIGN KM 322.800 (EXISTING KM 322.840) (DESIGN LENGTH 112.797 KM) IN THE STATE OF ANDHRA PRADESH TO TWO LANE WITH PAVED SHOULDER UNDER NH(O) ON HYBRID ANNUITY MODE CONCESSION AGREEMENT between National Highways Authority of India G-5&6, Sector-l O, Dwarka, New Delhi-l 10075 and MIs GV ROAD PROJECTS PRIVATE LIMITED # 8-2-686/B/1116/1, Plot No.9, Road No. 12, Banjara Hills, Hyderabad, Telangana, India 500 034 :~': \~",False,False,True
NHAI_AP_GIDDALUR_VINUKONDA,NHAI_Giddalur_Vinukonda_NH544D.pdf,REHABILITATION_ENGINEERING_EVIDENCE,299,IDENTIFIED_BRIDGE_CONDITION_CANDIDATE,,,RUST,,ORN,REHABILITATION; MAINTENANCE,km 212.983; km 213.000; km 322.840; km 322.800; km 213.0001; km 213..000; km 322..,,,"y of R08d Transport and H""'ghways) ci-5 """" 6, ~-IO, m'f.!, :d f<ttit-11007~ C; S E. G. Scctor-f O. Dwar su. New Delhl··'100/~ Notice Inviting Bicj Bid no. NHAllTech/ AP/NH-544D/Gid-Vinu!2017-18 Dated: 22_12.2017 RFP for Rehabilitation and Upgradation of Giddalur - Vinukonda section of NH-544D from Design km 212.983 (existing km 213.000) to Design krn 322.800 (existing km 322.840) (Design length 112.797 km) in the State of Andhra Pradesh to two lane with paved shoulder under NHDp·IV under Bharatmala Pariyojana on Hybrid Annuity Mode. The Government of India had entrusted to the Authority the development, maintenance and management of National Highway No. 544D including the section from Design",False,False,True
NHAI_AP_GIDDALUR_VINUKONDA,NHAI_Giddalur_Vinukonda_NH544D.pdf,REHABILITATION_ENGINEERING_EVIDENCE,300,GENERAL_INSPECTION_OR_SURVEY_TEXT,,,,,ORN,,km 212.983; km 213.000; km 322.800; km 322.840,,,"city (that is in Bidder capacity / in case of JV in the Lead Member capacity, as applicable). Please ensure the submission of document certifying the class 111 DSC. '.-~ (ii) The Authorized Signatory holding Power of Attorney (POA) or the person executing/delegating such POA shall only be the Digital Signatory. In other cases, the Bid shall be considered non-responsive. ,­ (iii) To participate in the bidding, it is mandatory for the bidders to get registered their firm / Joint Venture with e-tendering portal ofNHAI http://etenders.gov.in to have user ID & password which has to be obtained free of cost.",False,False,True
NHAI_AP_GIDDALUR_VINUKONDA,NHAI_Giddalur_Vinukonda_NH544D.pdf,REHABILITATION_ENGINEERING_EVIDENCE,305,BRIDGE_REPAIR_ENGINEERING_EVIDENCE,,,,,,REHABILITATION,km 212.983; km 213.000; km 322.800; km 322.840,,,"National Highways Authority ofindia Request for Proposals International Competitive Bidding under Single Stage Bidding Process for Rehabilitation and Up gradation of Giddalur - Vinukonda ,"".' section of NH-544D from Design km 212.983 (existing km 213.000) to Design km 322.800 (existing km 322.840) (Design length 112.797 km) in the State of Andhra Pradesh to two lane with paved shoulder under NHDP-IV under Bharatmala Pariyojana on Hybrid Annuity Mode REQUEST FOR PROPOSAL (RFP) ! BID DOCUMENT r:· ::-. VOLUME-I INSTRUCTIONS TO BIDDERS C7",False,False,True
NHAI_AP_GIDDALUR_VINUKONDA,NHAI_Giddalur_Vinukonda_NH544D.pdf,REHABILITATION_ENGINEERING_EVIDENCE,307,BRIDGE_REPAIR_ENGINEERING_EVIDENCE,,,,,ORN,REHABILITATION,km 2; km 213000; km 322.840,,,"upt Practices 44 5 Pre-BID Conference 46 6 Miscellaneous 47 Appendices IA Letter comprising the Technical BID 48 IB Letter comprising the Financial BID 54 II Bank Guarantee for BID Security 70 1II Format for Power of Attorney for signing of BID 73 IV Format for Power of Attorney for Lead Member of Consortium 75 V Format for Joint Bidding Agreement for Consortium 77 VI Integrity Pact 83 .. "":.: Annexure of Appendix lA I Details of Bidder 56 II Technical Capacity of the Bidder 58 c."" 1lI Financial Capacity of the Bidder 60 ~, IV Details of Eligible Project 62 V 67 VI 68 Rehabilitation and Up 111322. ~ I ',- Vinukonda sec/ion of NH- km 2/2.983 {existing km 213000) 10 xisting km 322.840) (Design",False,False,True
NHAI_AP_GIDDALUR_VINUKONDA,NHAI_Giddalur_Vinukonda_NH544D.pdf,REHABILITATION_ENGINEERING_EVIDENCE,308,IDENTIFIED_BRIDGE_CONDITION_CANDIDATE,,,RUST,,NRS; ORN,REHABILITATION; MAINTENANCE,km 322.840; km 322.800; km 212.983; km 213.000; km 2,,,"ays Authority oflndia Request for Proposals NATIONAL HIGHWAYS AUTHORITY OF INDIA G-5 & 6, Sector-l 0, Dwarka, New Delhi-II 0075 Notice Inviting Bid Bid No. NHAIffech/APfNH-544D/Gid-Vinu/201 7-18 Dated 22.12.2017 RFP for Rehabilitation and Upgradation of Giddalur - Vinukonda section of NH-544D from Design krn 212.983 (existing Ian 213.000) to Design krn 322.800 (existing km 322.840) (Design length 112.797 km) in the State of Andhra Pradesh to two lane with paved shoulder under NHDP-IV under Bharatmala Pariyojana on Hybrid Annuity Mode. The Government of India had entrusted to the Authority the development, maintenance and management of National Highway No. 544D including the section from Desi",False,False,True
NHAI_AP_GIDDALUR_VINUKONDA,NHAI_Giddalur_Vinukonda_NH544D.pdf,REHABILITATION_ENGINEERING_EVIDENCE,313,BRIDGE_REPAIR_ENGINEERING_EVIDENCE,,,,,,REHABILITATION,km 213.00,,,National Highways Authority of India Request for Proposals 15 [; Rehabilitation and (existing km 213.00 of Andhra Pradesh Hybrid Annuity Mode,False,False,True
NHAI_AP_GIDDALUR_VINUKONDA,NHAI_Giddalur_Vinukonda_NH544D.pdf,REHABILITATION_ENGINEERING_EVIDENCE,314,BRIDGE_REPAIR_ENGINEERING_EVIDENCE,,,,,,REHABILITATION; MAINTENANCE,km 212.983; km 213.000; km 322.800; km 322.840; km 213.,,,"round I. 1.1 The National Highways Authority of 1ndia(the ""Authority"") is engaged in the development of National Highways and as part of this endeavour, the Authority has decided to undertake development and operation I maintenance of the. Rehabilitation and Upgradation of Gidda1ur - Vinukonda section of NH-544D from Design km 212.983 (existing km 213.000) to Design km 322.800 (existing km 322.840) (Design length 112.797 km) in the State of Andhra Pradesh to two lane with paved shoulder under NHDP-1V under Bharatmala Pariyojana on Hybrid Annuity Mode Project (the ""Project"") through Public Private Partnership (the ""PPP"") on Design, BUild, Operate and Transfer (""DBOT Annuity or Hybrid Annuity""",False,False,True
NHAI_AP_GIDDALUR_VINUKONDA,NHAI_Giddalur_Vinukonda_NH544D.pdf,REHABILITATION_ENGINEERING_EVIDENCE,315,BRIDGE_REPAIR_ENGINEERING_EVIDENCE,BRIDGE; MINOR BRIDGE,CONDITION,,,,REHABILITATION; MAINTENANCE,,,," thousand only) as the cost of the RFP process. Eligibility and qualification of idder will be first examined based on the details submitted und~rJi ~·;a 'Vi p (Technical Bid) with respect to eligibility and , ..;)/ A'i Rehabilitation and Up ii a/jOt . ~ Vinukonda section of NH-544D from D ~ #­ (existing kill 213.000) "" 2. 0 isting kill 322.840) (Design length 112.7 l::j; i) in the ~ of Andhra Pradesh 10:"" -,K'lyIJ' 'if!! oulder under NHDP-lV under Bharatn l§ .: ifqj{B '!!I Hybrid Annuity MadePa ""7 (l'. ;... ; if ·1. I., NE-I'l0 17 .0...., 1.1.3 The scope of work will broadly include rehabilitation, upgradation and widening of the existing carriageway to Two-lane standards with construction ",False,False,True
NHAI_AP_GIDDALUR_VINUKONDA,NHAI_Giddalur_Vinukonda_NH544D.pdf,REHABILITATION_ENGINEERING_EVIDENCE,318,BRIDGE_REPAIR_ENGINEERING_EVIDENCE,,,,,,REHABILITATION,km 212.983; km 213.000; km 322.800; km 322.840,,,"eries or request for additional information concerning this RFP shall be submittedby e-mail to the officer designated in Clause2.11.4 below with identification/ title: ""Queries/Request for Additionallnfonnation: RFP for Rehabilitation and Upgradation of Giddalur - Vinukonda section of NH­ 544D from Design km 212.983 (existing km 213.000) to Design km 322.800 (existing km 322.840) (Design length 112.797 km) in the State of Andhra Pradesh to I... two lane with paved shoulder under NHDP-IV under Bharatmala Pariyojana on ""­ Hybrid Annuity Mode on Hybrid Annuity Mode 1.3. Schedule of Bidding Process The Authority shall endeavour to adhere to the following schedule: Sl.No. Event Description Date 1",False,False,True
NHAI_AP_GIDDALUR_VINUKONDA,NHAI_Giddalur_Vinukonda_NH544D.pdf,REHABILITATION_ENGINEERING_EVIDENCE,319,BRIDGE_REPAIR_ENGINEERING_EVIDENCE,,,,,,REHABILITATION,km 322.840,,,"National Highways Authority of India Requestfor Proposals 13. Validity of Bid 120 days from Bid Due Date 14. Signing of Agreement Within 45 days of award of LOA Rehabilitation and Up iD~'i'·""""""~4'. I . ':... Vtnukonda section '0/NH-544D from Design (existing kill 213.000) t istlng km 322.840) (Design length 112.797 kill of Andhra Pradesh 10 l. outder under NHDP-1Jlunder Bharatmala P Hybrid Annuity Modei'e 21 -r r c'·",False,False,True
NHAI_AP_GIDDALUR_VINUKONDA,NHAI_Giddalur_Vinukonda_NH544D.pdf,REHABILITATION_ENGINEERING_EVIDENCE,321,IDENTIFIED_BRIDGE_CONDITION_CANDIDATE,,CONDITION,,,ORN,REHABILITATION,km 213.000; km 322.840,,,"ty) days from the Bid Due Date except in the case of the Selected Bidder whose Bid Security shall be retained till it has provided a Performance Security under the Agreement. 2.1.8 The Bidder should submit a Power of Attorney as per the format at Appendix-Ill, authorising the signatory of the Bid to commit the Bidder. 2.1.9 In case the Bidder is a Consortium, the Members thereof should furnish a Power of Attorney in favour of any Member, which Member shall thereafter be identified as the Lead Member, in the format at Appendix - lyE.!n case the Bidder is a Consortium, Joint Bidding Agreement in the format at Appendix Y shall be submitted by the Bidder. 2.1.10 Any condition or qualification or",False,False,True
NHAI_AP_GIDDALUR_VINUKONDA,NHAI_Giddalur_Vinukonda_NH544D.pdf,REHABILITATION_ENGINEERING_EVIDENCE,322,GENERAL_INSPECTION_OR_SURVEY_TEXT,,,,,ORN,,km 322.840,,,"as the lead member (the ""Lead Member""), who shall have an equity share holding of at least 26% (twenty six per cent) of the paid up and subscribed equity of the SPY. The nomination(s) shall be supported by a Power of Attorney, as per the format at Appendix-Ill, signed by all the other members of the Consortium; (d) the Bid should include a brief description of the roles and responsibilities of individual members, particularly with reference to financial, technical and O&M obligations; (e) an individual Bidder cannot at the same time be member of a Consortium applying RFP. Further, a member of a particular Bidder Consortium cannot be member of any other Bidder Consortium applying for RFP; '.:",False,False,True
NHAI_AP_GIDDALUR_VINUKONDA,NHAI_Giddalur_Vinukonda_NH544D.pdf,REHABILITATION_ENGINEERING_EVIDENCE,323,BRIDGE_REPAIR_ENGINEERING_EVIDENCE,,,,,,REHABILITATION,km213.; km 322.840,,," accordance with the Concession / .C' / Agree ..l1I. and ! ""_. ~..... ~\ {existing km213.~9.P n 3 00 (existing km 322.840) [Design length 112.797 k of Andhra Prade 0 I 11(2 rtltSD Hybrid Annuity Mo 9 ~,\()0'l ·~,N~~' 25 Rehabilitation a~~ R Inr - Vinukonda section of NH-544D from Desig ved shoulder under NHDP-IV under Bhuratmala H'{l1~1@I1lAR",False,False,True
NHAI_AP_GIDDALUR_VINUKONDA,NHAI_Giddalur_Vinukonda_NH544D.pdf,REHABILITATION_ENGINEERING_EVIDENCE,326,IDENTIFIED_BRIDGE_CONDITION_CANDIDATE,,CONDITION; DETERIORATION,,,,REPAIR; MAINTENANCE,km 322.840,,,"om the date of the Concession Agreement until the Appointed Date (the ""Development Period""), the Concessionaire shall maintain the existing Project road, in such a manner so as to ensure that the road is in pothole free condition and also to ensure that the quality of service and safety are maintained and in the event of any material deterioration or damage other than normal wear and tear, the Concessionaire shall undertake repair thereof. The Concessionaire shall make necessary provisions for inclusion of costs related to maintenance during the Development Period in its Bid. 2.2 Eligibility and qualification requirements of Bidder 2.2.1 For determining the eligibility of Bidder the followin",False,False,True
NHAI_AP_GIDDALUR_VINUKONDA,NHAI_Giddalur_Vinukonda_NH544D.pdf,REHABILITATION_ENGINEERING_EVIDENCE,331,BRIDGE_REPAIR_ENGINEERING_EVIDENCE,,,,,,MAINTENANCE,km 322.840,,,"orth of 12.5% of Estimated Project Cost in the immediately preceding financial year"". 2.2.3 O&M Experience: The Bidder shall engage an experienced O&M contractor or hire qualified and trained personnel for operation and maintenance of the Project in conformity with the provisions of the concession agreement. 2.2.4 The Bidders shall enclose with its bid, to be submitted as per the format at Appendix-lA, complete with its Annexes, the following: (i) Certificate(s) from its statutory auditors 2$ or the concerned client(s) stating the payments made! received or works commissioned, as the case may be, during the past 5 years in respect of the projects specified in paragraph 2.2.2 (A) above. In ca",False,False,True
NHAI_AP_GIDDALUR_VINUKONDA,NHAI_Giddalur_Vinukonda_NH544D.pdf,REHABILITATION_ENGINEERING_EVIDENCE,335,GENERAL_INSPECTION_OR_SURVEY_TEXT,,,,,ORN,,km 322.846,,," Conference Section 6. Miscellaneous Appendices , IA Letter comprising the Technical Bid including Annexure I to VI "" "" LIE Letter comprising the Financial Bid rc II. Bank Guarantee for Bid Security "" t III. Power of Attorney for signing of Bid i· iIV. Power of Attorney for Lead Member of Consortium i V. Joint Bidding Agreement for Consortium r i,.VI. Integrity Pact ,. [. 2.7.2 The draft Agreement and the Feasibility I Detailed Project Report provided by the Authority as part of the BID Documents shall be deemed to be part of this RFP. 2.8 Clarifications 2.8.1 Bidders requiring any clarification on the RFP may notify the Authority in writing or by fax and e-mail in accordance with Clause 1.2",False,False,True
NHAI_AP_GIDDALUR_VINUKONDA,NHAI_Giddalur_Vinukonda_NH544D.pdf,REHABILITATION_ENGINEERING_EVIDENCE,339,BRIDGE_REPAIR_ENGINEERING_EVIDENCE,,,,,ORN,REHABILITATION,km 213.000; km 322.800; km 322.840,,,"tional Highways Authority of India Request for Proposals 2.11.3 The documents listed at clause 2.11.2shall be placed in an envelope, which shall be sealed. The envelope shall clearly bear the identification ""BID for the Rehabilitation and Upgradation of Giddalur - Vinukonda section of NH-544D from Design Ion 212.983 (existing km 213.000) to Design km 322.800 (existing Ion 322.840) <Design length 112.797 km) in the State of Andhra Pradesh to two lane with paved shoulder under NHDP-IV under Bharatmala Pariyojana on Hybrid Annuity Mode Project"" and shall clearly indicate the name and address of the Bidder. In addition, the Bid Due Date should be indicated on the right hand top comer of the enve",False,False,True
NHAI_AP_GIDDALUR_VINUKONDA,NHAI_Giddalur_Vinukonda_NH544D.pdf,REHABILITATION_ENGINEERING_EVIDENCE,355,IDENTIFIED_BRIDGE_CONDITION_CANDIDATE,,FAIR,,,,,km 322.840,,,"ns and make suggestions for consideration of the Authority. The Authority shall endeavour to provide clarifications and such further information as it may, in its sole discretion, consider appropriate for facilitating a fair, transparent and competitive Bidding Process. ,-. ukonda section of NH-544D from I1 km 322.840) (Design length 112.7 J' under NJ-fDP-1V under Bharatn 57",False,False,True
NHAI_AP_GIDDALUR_VINUKONDA,NHAI_Giddalur_Vinukonda_NH544D.pdf,REHABILITATION_ENGINEERING_EVIDENCE,356,IDENTIFIED_BRIDGE_CONDITION_CANDIDATE,,CONDITION,,,,,km213.000,,,"hout incurring any obligation or liability, reserves the right, at any time, to; (a) suspend and/ or cancel the Bidding Process and/ or amend and/ or supplement the Bidding Process or modify the dates or other terms and conditions relating thereto; (b) consult with any Bidder In order to receive clarification or further information; (c) retain any information and/ or evidence submitted to the Authority by, on behalf of, and/ or in relation to any Bidder; and/ or (d) independently verify, disqualify, reject and/ or accept any and all submissions or other information and/ or evidence submitted by or on behalf of any Bidder. 6.3 It shall be deemed that by submitting the Bid, the Bidder agrees a",False,False,True
NHAI_AP_GIDDALUR_VINUKONDA,NHAI_Giddalur_Vinukonda_NH544D.pdf,REHABILITATION_ENGINEERING_EVIDENCE,357,IDENTIFIED_BRIDGE_CONDITION_CANDIDATE,,CONDITION,,,,REHABILITATION; MAINTENANCE,km 212.983; km 213.000; km 322.800; km 322.840,,,"quest for Proposals APPENDIXIA LETTER COMPRISING THE TECHNICAL BID (Refer Clause 2.1.5,2.11 and 3.2) The General Manager (T) National Highways Authority of India G-5&6, Sector 10, Dwarka, New Delhi - 110075 Sub: BID for Rehabilitation and Upgradation ofGiddalur - Vinukonda section ofNH-544D from Design km 212.983 (existing km 213.000) to Design km 322.800 (existing km 322.840) (Design length 112.797 km) in the State of Andhra Pradesh to two lane with paved shoulder under NHDP-IV under Bharatmala Pariyojana on Hybrid Annuity Mode Dear Sir, 1. With reference to your RFP document dated $I/we, having examined the RFP document and understood its contents, hereby submit my/our Bid for the aforesai",False,False,True
NHAI_AP_GIDDALUR_VINUKONDA,NHAI_Giddalur_Vinukonda_NH544D.pdf,REHABILITATION_ENGINEERING_EVIDENCE,363,IDENTIFIED_BRIDGE_CONDITION_CANDIDATE,,CONDITION,,,,REHABILITATION,km 212.983; km 213.000; km 322.800; km 322.840,,,"nancial BID (Refer Clauses 2.1.5, 2.11.1 and 3.2) (NOT TO BE SUBMITTED IN THE TECIDNCAL BID) The General Manager (T) National Highways Authority of lndia G-5&6, Sector 10, Dwarka, New Delhi - 110 075 Dated: Sub: BID for Rehabilitation and Upgradation ofGiddalur - Vinukonda section ofNH-544D from Design km 212.983 (existing km 213.000) to Design km 322.800 (existing km 322.840) (Design length 112.797 km) in the State of Andhra Pradesh to two lane with paved shoulder under NHDP-IV under Bharatmala Pariyojana on Hybrid Annuity Mode Project Dear Sir, With reference to your RFP document dated *** **$, l/we, having examined the Bidding Documents and understood their contents, hereby submit my/our ",False,False,True
NHAI_AP_GIDDALUR_VINUKONDA,NHAI_Giddalur_Vinukonda_NH544D.pdf,REHABILITATION_ENGINEERING_EVIDENCE,364,BRIDGE_REPAIR_ENGINEERING_EVIDENCE,,,,,,REHABILITATION,km 212.983; km 213.000; km 322,,,"d consider all costs {nell/din ma""or mainlenm quoting the Orsl year O&M cos/so The O&M Cost shall be paid to the Coneessionaire in each year of the O&M Period in accordance with the provisionof the Concession Agreement. Rehabilitation and Upgradation of Giddalur - Vinukonda section oj NH-544D from Design km 212.983 (existing km 213.000) to Design km 322,800 (existing km 322,840) (Design/ength 112.797 km) in the State ':-.' of Andhra Pradesh 10 two lane with palled shoulder under NHDP-IV under Bharatmala Pariyojana on Hybrid Annuity ModePage 60 66",False,False,True
NHAI_AP_GIDDALUR_VINUKONDA,NHAI_Giddalur_Vinukonda_NH544D.pdf,REHABILITATION_ENGINEERING_EVIDENCE,366,BRIDGE_REPAIR_ENGINEERING_EVIDENCE,,,,,,REHABILITATION,km 212.983; km213.000; km 322.800; km322.840,,,"t of the Consortium paid liquidated damages of more than 5% of the contract value in a contract due to delay or has been penalised due to any other reason in relation to execution of a contract, in the last three years? Rehabilitation and Upgradalion 0 iddalnr - Vinukonda section of NH-544D from Design km 212.983 (existing km213.000) to Design km 322.800 (existing km322.840) (Design length 1/2.797 km) in the Stare of Andhra Pradesh to 111'0 lane with paved shoulder under NHDP-1V under Bharatmala Pariyojana on Hybrid Annuity ModePage 62 6. S All provisions contai ~~ particulars relating to sue 13.i.,.-:~r,-._~. 'or has been declared b the d1bP.ri 68",False,False,True
NHAI_AP_GIDDALUR_VINUKONDA,NHAI_Giddalur_Vinukonda_NH544D.pdf,REHABILITATION_ENGINEERING_EVIDENCE,367,BRIDGE_REPAIR_ENGINEERING_EVIDENCE,,,,,,REHABILITATION,km 212.983,,,"2) (3) (4) (5) (6) (7) (8) (9) Single entity Bidder A B C D Consortium Member 1 la Ib Ic Id Consortium Member 2 2a 2b 2c 2d Consortium Member 3 3a 3b 3c 3d Consortium Member 4 4a 4b 4c 4d Aggregate Experience Score = ."" Rehabilitation and Upgradati oW;·. nukonda section of .1\'H-544D from Design km 212.983 69",False,False,True
NHAI_AP_GIDDALUR_VINUKONDA,NHAI_Giddalur_Vinukonda_NH544D.pdf,REHABILITATION_ENGINEERING_EVIDENCE,368,IDENTIFIED_BRIDGE_CONDITION_CANDIDATE,,GOOD,,,,REHABILITATION; MAINTENANCE,km 212.983; km 322.840,,,"for Not Applicable in case ofa single entity Applicant. For other Members, the following abbreviations are suggested viz. LM means Lead Member, TM means Technical Member, FM means Financial Member, OMM means Operation & Maintenance Member, OM means Other Member. **Refer Annex-IVofthis Appendix-lA. Add more rows ifnecessary. S Refer Clause 3.4.1. ¥ In the case of Eligible Projects in Categories 1 and 2, the figures in columns 7 and 8 may be added for computing the Experience Score of the respective projects.In the case of Categories 3 and 4, construction shall not include supply of goods or equipment except when such goods or equipment form part of a turn-key construction contract/ EPC contra",False,False,True
NHAI_AP_GIDDALUR_VINUKONDA,NHAI_Giddalur_Vinukonda_NH544D.pdf,REHABILITATION_ENGINEERING_EVIDENCE,374,BRIDGE_REPAIR_ENGINEERING_EVIDENCE,,,,,,REHABILITATION,km 213.000,,,"ame of Bidderl Member! Assoeiate) held 26% or more of the paid up and subscribed share eapital in the . (name of Project company) when it undertook construction of the (name of Project) through (name of the contractor). Rehabilitation and Upgradati do section of NH-544D from Design (existing km 213.000) to Desig n 322.840) (Design length 112.797 km) iif¥l,iv~lai:""""-­ under NHDP-IV under Bharatmala Pa,.jyo'f""'~~~"" Hybrid Annuity ModePage 70 76",False,False,True
NHAI_AP_GIDDALUR_VINUKONDA,NHAI_Giddalur_Vinukonda_NH544D.pdf,REHABILITATION_ENGINEERING_EVIDENCE,375,BRIDGE_REPAIR_ENGINEERING_EVIDENCE,,,,,,REHABILITATION,km 322.800,,,"e of any detail in the above certificates, the information would be considered inadequate and could lead to exclusion of the relevant project in computation of Experience Score"", '., 1~98 0 ~ .t -: CJ ~ 0E> Refer Clause Rehabilitation and Upgradalion of Giddalur - Vinukonda sec/ion of NH-544D from Desig (existing kIl12t3.000) 10 Design km 322.800 (existing kill 322.840) (Design length 112.797 kill) of Andhra Pradesh 10 two lane with paved shoulder under NHDP-IV under Bharatmala Pariyo) 11 ttybnd Annuity ModePage 71 77",False,False,True
NHAI_AP_GIDDALUR_VINUKONDA,NHAI_Giddalur_Vinukonda_NH544D.pdf,REHABILITATION_ENGINEERING_EVIDENCE,376,IDENTIFIED_BRIDGE_CONDITION_CANDIDATE,,CONDITION,,,,,km 21; km 322.840,,,"ys Authority ofindia G-5&6, Sector-lO, Dwarka, ':'; New Delhi-ll0075 Dear Sir, We hereby confirm that weI our members in the Consortium (constitution of which has been described in the application) satisfy the terms and conditions laid out in the RFP document. We have agreed that (insert member's name) will act as the Lead Member of our Consortium.' We have agreed that (insert individual's name) will act as our representative/ will act as the representative of the Consortium on its behalf* and has been duly authorized to submit the RFP. Further, the authorised signatory is vested with requisite powers to furnish such letter and authenticate the same. Thanking you, C"". Yours faithfully, (Sign",False,False,True
NHAI_AP_GIDDALUR_VINUKONDA,NHAI_Giddalur_Vinukonda_NH544D.pdf,REHABILITATION_ENGINEERING_EVIDENCE,379,IDENTIFIED_BRIDGE_CONDITION_CANDIDATE,,CONDITION,,,,REHABILITATION,km 322.800; km322.840,,,"lf of its Consortium) (hereinafter referred to as the ""Bidder"" which expression shall unless it be repugnant to the subject or context thereof include itsltheir executors administrators, successors and assigns), for the Rehabilitation and Upgradation of Giddalur - Vinukonda section of NH-544D from Design Ian 212.983 (existing Ian 213.000) to Design km 322.800 (existing Ian 322.840) (Design length 112.797 Ian) in the State of Andhra Pradesh to two lane with paved shoulder under NHDP-IV under Bharatmala Pariyojana on Hybrid Annuity Mode (hereinafter referred to as ""the Project"") pursuant to the RFP Document dated issued in respect of the Project and other related documents including without li",False,False,True
NHAI_AP_GIDDALUR_VINUKONDA,NHAI_Giddalur_Vinukonda_NH544D.pdf,REHABILITATION_ENGINEERING_EVIDENCE,380,IDENTIFIED_BRIDGE_CONDITION_CANDIDATE,,CONDITION,,,,REHABILITATION,km 21; km 322,,,"National Highways Authority oflndia Request for Proposals from the Authority stating that the amount claimed is due to the Authority by reason of failure of the Bidder to fulfil and comply with the terms and conditions contained in the Bidding Documents including failure of the said Bidder to keep its Bid open during the Bid validity period as setforth in the said Bidding Documents for any reason whatsoever. Any such demand made on the Bank shall be conclusive as regards amount due and payable by the Bank under this Guarantee. However, our liability under this Guarantee shall be restricted to an amount not exceeding Rs. 5.65 Crore (Rupees Five Crore and Sixty Five Lakh only). ;;­ 4. This Gua",False,False,True
NHAI_AP_GIDDALUR_VINUKONDA,NHAI_Giddalur_Vinukonda_NH544D.pdf,REHABILITATION_ENGINEERING_EVIDENCE,383,BRIDGE_REPAIR_ENGINEERING_EVIDENCE,,,,,ORN,REHABILITATION,km 212.983; km 213.000; km 322.800; km 322.840,,,"National Highways Authority oflndia Requestfor Proposals APPENDIX-III Format for Power of Attorney for signing of Bid (Refer Clause 2.1.8) Know all men by these presents, We, (name of the firm and address of the registered office) do hereby irrevocably constitute, nominate, appoint and authorize Mr. / Ms (Name), son/daughter/wife of and presently residing at , who is presently employed with us/ the Lead Member of our Consortium and holding the position of , as our true and lawful attorney (hereinafter referred to as the ""Attorney"") to do in our name and on our behalf, all such acts, deeds and things as are necessary or required in connection with or incidental to submission of our bid for th",False,False,True
NHAI_AP_GIDDALUR_VINUKONDA,NHAI_Giddalur_Vinukonda_NH544D.pdf,REHABILITATION_ENGINEERING_EVIDENCE,384,GENERAL_INSPECTION_OR_SURVEY_TEXT,,,,,ORN,,km 322.840,,,"ested/Authenticated* (*Notary to specify as applicable) (Signature, Name and Address of the Notary) Seal of the Notary Registration Number of the Notary Date _ Accepted (Signature, name, designation and address ofthe Attorney) Notes: • The mode of execution of the Power of Attorney should be in accordance with the procedure, ifany, laid down by the applicable law and the charter documents ofthe executant(s) and when it is so required, the same should be under common seal affixed in accordance with the required procedure. • Wherever required, the Bidder should submit for verification the extract of the charter documents and documents such as a board or shareholders resolution/power of allorne",False,False,True
NHAI_AP_GIDDALUR_VINUKONDA,NHAI_Giddalur_Vinukonda_NH544D.pdf,REHABILITATION_ENGINEERING_EVIDENCE,385,IDENTIFIED_BRIDGE_CONDITION_CANDIDATE,,CONDITION,,,ORN,REHABILITATION,km 212.983; km 213.000; km 322.800; km 322.840; km 2,,,"National Highways Authority oflndia Request for Proposals APPENDIX-IV Format for Power of Attorney for Lead Member of Consortium (Refer Clause 2.1.9) Whereas the National Highways Authority of India (""the Authority"") has invited bids from interested parties for the Rehabilitation and Upgradation of Giddalur - Vinukonda section of NH-544D from Design km 212.983 (existing km 213.000) to Design km 322.800 (existing km 322.840) (Design length 112.797 km) in the State of Andhra Pradesh to two lane with paved shoulder under NHDP-IV under Bharatmala Pariyojana on Hybrid Annuity Mode {""the Project'').Whereas, , and ....................... (collectively the ""Consortium"") being Members of the Consorti",False,False,True
NHAI_AP_GIDDALUR_VINUKONDA,NHAI_Giddalur_Vinukonda_NH544D.pdf,REHABILITATION_ENGINEERING_EVIDENCE,386,GENERAL_INSPECTION_OR_SURVEY_TEXT,,,,,ORN,,km 322.840,,,"National Highways Authority oflndia Request for Proposals AND hereby agree to ratify and confirm and do hereby ratify and confirm all acts, deeds and things done or caused to be done by our said Attorney pursuant to and in exercise of the powers conferred by this Power of Attorney and that all acts, deeds and things done by our said Attorney in exercise of the powers hereby conferred shall and shall always be deemed to have been done by us/ Consortium. IN WITNESS WHEREOF WE THE PRINCIPALS ABOVE NAMED HAVE EXECUTED THIS POWER OF ATTORNEY ON THIS DAY OF 20 . For . (Signature, Name & Title) .' ~ For . (Signature, Name & Title) For . (Signature, Name & Title) Witnesses: 1. I"". 2. (Executants) (T",False,False,True
NHAI_AP_GIDDALUR_VINUKONDA,NHAI_Giddalur_Vinukonda_NH544D.pdf,REHABILITATION_ENGINEERING_EVIDENCE,388,BRIDGE_REPAIR_ENGINEERING_EVIDENCE,,,,,,REHABILITATION,km 322.800; km 32; km 322.840,,,"n shall, unless repugnant to the context or meaning thereof, include its administrators, successors and assigns) has invited bids (the Bids"") by its Request for Proposal No .. dated (the ""RFP"") for award of contract for Rehabilitation and Upgradation of Giddalur - Vinukonda section of NH-544D from Design ~-"""" i· 212.983 (exi . 213.000) to Design km 322.800 (existing km 32m{~~ ()-~ (Design I ""l';' m) in the State of Andhra Pradesh to two lane with Pf' e.::3 . 'alur - Vinukonda sec/ion of NH-544D from Design km"",,,,,,v,,, * 00 (existing km 322.840) (Design length 112.797 km) in t~""6lI'¢=...--; n""''J"".ved shoulder under NHDP-1V under Bharatmala Pariyojan""""""!!!:"""",,,,, 90 \",False,False,True
NHAI_AP_GIDDALUR_VINUKONDA,NHAI_Giddalur_Vinukonda_NH544D.pdf,REHABILITATION_ENGINEERING_EVIDENCE,389,IDENTIFIED_BRIDGE_CONDITION_CANDIDATE,,CONDITION,,,,,km 322.840,,,"ariyojana on BOT (Hybrid Annuity) Mode(the ""Project"") through public private partnership. (B) The Parties are interested in jointly bidding for the Project as members of a Consortium and in accordance with the terms and conditions of the RFP document and other bid documents in respect of the Project, and (C) It is a necessary condition under the RFP document that the members of the Consortium shall enter into a Joint Bidding Agreement and furnish a copy thereof with the Bid. NOW IT IS HEREBY AGREED as follows :-;; 1. Definitions and Interpretations In this Agreement, the capitalised terms shall, unless the context otherwise requires, have the meaning ascribed thereto under the RFP. 2. Consor",False,False,True
NHAI_AP_GIDDALUR_VINUKONDA,NHAI_Giddalur_Vinukonda_NH544D.pdf,REHABILITATION_ENGINEERING_EVIDENCE,390,BRIDGE_REPAIR_ENGINEERING_EVIDENCE,,,,,ORN,MAINTENANCE,km 322.840,,,ndia Request for Proposals The Parties hereby undertake to perform the roles and responsibilities as described below: (a) Party of the First Part shall be the Lead member of the Consortium and shall have the power of attorney from all Parties for conducting all business for and on behalf ofthe Consortium during the Bidding Process and until the Appointed Date under the Concession Agreement when all the obligations of the SPY shall become effective; (b) Party of the Second Part shall be {the Technical Member of the Consortium ;} {(c) Party of the Third Part shall be the Financial Member of the Consortium; and} {(d) Party of the Fourth Part shall be the Operation and Maintenance Member/ Other ,False,False,True
NHAI_AP_GIDDALUR_VINUKONDA,NHAI_Giddalur_Vinukonda_NH544D.pdf,REHABILITATION_ENGINEERING_EVIDENCE,395,IDENTIFIED_BRIDGE_CONDITION_CANDIDATE,,FAIR,RUST,,,REHABILITATION; MAINTENANCE,km 212.983; km 213.000; km 322.800; km 322.840,,,"National Highways Authority of India Request for Proposals APPENDIX VI Integrity pact (Refer clause 4.4) Draft Integrity Pact Format applicable for works having value of Rs. 100 Cr and above Rehabilitation and Upgradation of Giddalur - Vinukonda section of NH-544D from Design km 212.983 (existing km 213.000) to Design km 322.800 (existing km 322.840) (Design length 112.797 km) in the State of Andhra Pradesh to two lane with paved shoulder under NHDP-IV under Bharatmala Pariyojana on BOT (Hybrid Annuity) Mode (the ""Project"") through an public private partnership. '. Tender No. _ This Integrity Pact is made at on this day of 2014 Between [National Highways Authority of India (NHAI), a statutor",False,False,True
NHAI_AP_GIDDALUR_VINUKONDA,NHAI_Giddalur_Vinukonda_NH544D.pdf,REHABILITATION_ENGINEERING_EVIDENCE,401,BRIDGE_REPAIR_ENGINEERING_EVIDENCE,ROB,DEFECT,,,,REHABILITATION,,,," (6) The Monitor will submit a written report to the Chairman, NHAI within 8-10 weeks from the date of reference or intimation to him by the Principal and, should :,' the occasion arise, submit proposals for correcting problematic situations. t.(7) If the Monitor has reported to the Chairman, NHAI, a substantiated suspicion of under relevant IPCIPC Act or any other Statutory Acts, and the Chairman, NHAI has not, within the reasonable time taken visible action to proceed against such offence or reported it the Chief Vigilance Officer, the Monitor may also transmit this information directly to the Central Vigilance Commissioner. (8) The word 'Monitor' would include both singular and plural. Ar",False,False,True
NHAI_AP_GIDDALUR_VINUKONDA,NHAI_Giddalur_Vinukonda_NH544D.pdf,REHABILITATION_ENGINEERING_EVIDENCE,402,BRIDGE_REPAIR_ENGINEERING_EVIDENCE,,,,,,REHABILITATION,km 213.,,,"te first done mentioned in the presence of following witnesses:­ (For & On behalf ofthe (Principal) (For & On behalf of Bidder/ Contractor/Concessionaire/Consultant (Office Seal) Place _ Date Witness 1: (Name & Address) Rehabilitation and .':' 1 • - Vinukonda section of NH-544D from 104 "",(existing km 213. 00 ~jt > of Andhra Pradesh Hybrid Annuity Mod",False,False,True
NHAI_AP_GIDDALUR_VINUKONDA,NHAI_Giddalur_Vinukonda_NH544D.pdf,REHABILITATION_ENGINEERING_EVIDENCE,403,BRIDGE_REPAIR_ENGINEERING_EVIDENCE,,,,,,REHABILITATION,km 2; km 322.840,,,"National Highways Authority ofIndia Request for Proposals Witness 2: (Name & Address) ;Yfi)Rehabilitation and . - Vinukonda sec/ion of NH-544D from Des; (existing km 2 J3.00 \""~~~~r,JJ,~~(eXisting km 322.840) (Design length JJ2.797 km) in teState shoulder under NfJDP-1V under Bharalmala Pariyojana on Hybrid Annuity A1ode'~itt\l2. 105 of Andhra Pradesh ~""""J!W'~'AKI __",False,False,True
NHAI_AP_GIDDALUR_VINUKONDA,NHAI_Giddalur_Vinukonda_NH544D.pdf,REHABILITATION_ENGINEERING_EVIDENCE,404,IDENTIFIED_BRIDGE_CONDITION_CANDIDATE,,CONDITION,,,,REHABILITATION; MAINTENANCE,km 212.983; km 213.000; km 322.800; km 322.840,,," Fax: 23331893. . APPENDIX IA LETTER COMPRISING THETECHNICAL BID (Refer Clause 2.1.5, 2.11 and 3.2) The General Manager (T) National Highways Authority of India G-5&6, Sector 10, Dwarka, New Delhi - 110 075 Sub: BID for Rehabilitation and Upgradation of Giddalur - Vinukonda section of NH­ 544D from Design km 212.983 (existing km 213.000) to Design km 322.800 (existing km 322.840) (Design length 112.797 km) in the State of Andhra Pradesh to two lane with paved shoulder under NHDP-IV under NH (0) on Hybrid Annuity Mode Dear Sir, I. With reference to your RFP document dated: 22.12.2017 Ifwe, having examined the RFP document and understood its contents, hereby submit my/our Bid for the aforesaid",False,False,True
NHAI_AP_GIDDALUR_VINUKONDA,NHAI_Giddalur_Vinukonda_NH544D.pdf,REHABILITATION_ENGINEERING_EVIDENCE,409,BRIDGE_REPAIR_ENGINEERING_EVIDENCE,BRIDGE; MAJOR BRIDGE; ROB,,,,ORN,STRENGTHENING,,,," Brief description of the Company including : is a Private Limited company incorporated details of its main lines of business and under the Companies Act, 1956. Construction proposed role and responsibilities in this of Major Bridges, ROBs, Formation, Project Widening and Strengthening of High way Projects, Earth works and Canal Lining and other Civil Engineering works. Under take and perform the project as per the contract. 3.Details of indivldual(s) who will serve as the point of contact/ communication for the Authority: (a)Name : P. Ravi Sankar Reddy (b)Designation : Manager - Tenders [clcornpenv M/s BV5R Constructions Pvt. Ltd., (d)Address : H.No.8-2-686/B/11/6/1 Plot No.9, Road No. 12, ",False,False,True
NHAI_AP_GIDDALUR_VINUKONDA,NHAI_Giddalur_Vinukonda_NH544D.pdf,REHABILITATION_ENGINEERING_EVIDENCE,429,BRIDGE_REPAIR_ENGINEERING_EVIDENCE,,,,,CRN,STRENGTHENING,Km.,,,"ANNEX-IV Details of Eligible Projects (Refer to Clauses 2.2.2(A), 3.4 and 3.5 olthe RFP) Project Code' d Member Code 'NA Item Refer particular of the PorjectInstruction Widening and Strengthening of Pedana-Nuzvld-Vissannapet 5H Road from Km. 62/250 to Km. 95/460 In Krishna District, TItle & nature of the project A.P (World Bank Loan Assistance-Loan No.7792-IN) Highway Project Category 5 3 Year Year Year Year Year Year-wise (a) payments recelved/ made for 2012-13 2013-14 2014-15 2015-16 2016-17 construction) Rs.2.31 Crs RS.19.89 Rs.17.67 Rs.10.68 Rs.19.95Crs 6 r ee r .. roo (b) payments made for development of PPP 0 0 0 0 0 projects and/ or (c) revenues appropriated Entity for which the proje",False,False,True
NHAI_AP_GIDDALUR_VINUKONDA,NHAI_Giddalur_Vinukonda_NH544D.pdf,REHABILITATION_ENGINEERING_EVIDENCE,430,BRIDGE_REPAIR_ENGINEERING_EVIDENCE,,,,,,STRENGTHENING,Km.,,,"henticated by it, this is to certify that Mis. BVSR Constructions Pvt. Ltd., was engaged by Roads & Buildings ""'. Department, Andhra Pradesh Road Sector Projects, Goverrunent of Andhra Pradesh: to .execute ""Widening and Strengthening of Pedana-Nuzvid- Vissannapet SH Road from Km, 62/250 to Km. 95/460 in Krishna District, A.P (World Bank Loan Assistance ­ Loan No.7792-1N) under Invitation for Bids No. APRDC/ APRSP/ ICBIPNV-09"" for Highways sector. The Construction of the project commenced on 02.08.2012 and the Project is likely to be commissioned on 31.03.2018. It is certified that Mis BVSR Constructions Pvt Ltd received Rs.85,87,82,50l/- ( Rupees Eighty Five Crores Eighty Seven Lakhs Eighty ",False,False,True
NHAI_AP_GIDDALUR_VINUKONDA,NHAI_Giddalur_Vinukonda_NH544D.pdf,REHABILITATION_ENGINEERING_EVIDENCE,433,BRIDGE_REPAIR_ENGINEERING_EVIDENCE,,,,,CRN,STRENGTHENING,Km4,,,"ANNEX-IV Details of Eligible Projects (Refer to Clauses 2.2.2(A), 3.4 and 3.S of the RFP) Project Code' f Member Code 'NA .' Item Refer InstructIon particular of the PorJect Widening and Strengthening of Kurnool-Devanakonda (SH) Road from Km4/400 to 65/300 In Kurnool district, A.P. Title & nature olthe project (Balance Work) - Package No. KD-02 (Under World Bank loan Assistance) Category Year-wise (aJ payments received/ made for construction, (b) payments made for development of PPP projects and/ or {c} revenues appropriated Entity for which the project was constructed/ developed S 6 7 HIghway Project 3 Year Year Year Year Year 2012·13 2013-14 2014-15 2015-16 2016-17 0 0 0 Rs.S2.34 Rs.34.30C",False,False,True
NHAI_AP_GIDDALUR_VINUKONDA,NHAI_Giddalur_Vinukonda_NH544D.pdf,REHABILITATION_ENGINEERING_EVIDENCE,434,BRIDGE_REPAIR_ENGINEERING_EVIDENCE,,,,,,STRENGTHENING,Km4,,,"ion authenticated by it, this is to certify that MIs. BVSR Constructions Pvt. Ltd., was engaged by Roads & Buildings Department, Andhra Pradesh Road Sector Projects, Government of Andhra Pradesh to execute ""Widening and Strengthening of Kurnool-Devanakonda (SII) Road from Km4/400 to 651300 in Kurnool district, A.P. (Balance Work) - Package No. KD-02 (Under World Bank Loan Assistance)"" for highways sector. The Construction of the project commenced on 01.11.2014 lind the Project is likely to be commissioned on 31.03.2018. It is certified that Mis BVSR Constructions Pvt Ltd received Rs.l03,14,22,637/- ( Rupees One Hundred Three Crores Fourteen Lakhs Twenty Two Thousand Six Hundred and Thirty Se",False,False,True
NHAI_AP_GIDDALUR_VINUKONDA,NHAI_Giddalur_Vinukonda_NH544D.pdf,REHABILITATION_ENGINEERING_EVIDENCE,435,BRIDGE_REPAIR_ENGINEERING_EVIDENCE,,,,,,REHABILITATION,Km 154.900; Km 198.694; Km 153.939; Km 197.318,,,"ANNEX-IV Details of Eligible Projects (Refer to Clauses 2.2.2(A), 3.4 and 3.5 of the RFP) Project Code' g Member Code 'NA Item Refer particular of the Por)ectInstruction Rehabilitation and Upgradation of National highway 565 from Km 154.900 to Km 198.694 {Design Chalnage from Km 153.939 to Km 197.318) l.e, Davulapally to Markapuram on Title & nature of the project Nakrekal-Erpedu Road section to Two lanes with paved shoulders under NHDP-IV on EPC Basis In the state of And hra Pradesh Highway Project Category 5 3 Year Year Year Year Year Year-wise [a) payments recelved/ made for 2012-13 2013-14 2014-15 2015-16 2016-17 construction, 0 0 0 Rs.21.65 Rs.41.48Crs 6 r"" (b) payments made for develop",False,False,True
NHAI_AP_GIDDALUR_VINUKONDA,NHAI_Giddalur_Vinukonda_NH544D.pdf,REHABILITATION_ENGINEERING_EVIDENCE,436,BRIDGE_REPAIR_ENGINEERING_EVIDENCE,,,,,,REHABILITATION,Km 154.900; Km 198.694; Km 153.939; Km 197.318,,," accounts and other published information authenticated by it, this is to certify that MIs. BVSR Constructions Pvt. Ltd., Hyderabad was engaged by Roads & . Buildings Department, Government of Andhra Pradesh to execute ""Rehabilitation and Upgradation of National Highway 565 from Km 154.900 to Km 198.694 (Design Chainage from Km 153.939 to Km 197.318) i.e, Davulapally to Markapuram on Nakreka1-Erpedu Road section to Two lanes with paved shoulders under NHDP-IV on EPC Basis in the state of Andhra Pradesh"" for highways sector. The Construction of the project commenced on 01.12.2014 and the Project was commissioned on 16.08.2017. It is certified that MIs BVSR Constructions Pvt Ltd received Rs.92",False,False,True
NHAI_AP_GIDDALUR_VINUKONDA,NHAI_Giddalur_Vinukonda_NH544D.pdf,REHABILITATION_ENGINEERING_EVIDENCE,444,BRIDGE_REPAIR_ENGINEERING_EVIDENCE,,,,,ORN,REHABILITATION,km 212.983; km 322.840,,,"6375£1 161;52 I-f""'. ~f!': ~\ ~ -l!'l:: ~!J':' .1I=-.r. 13;4 e fk0000100 PB5932 TELANGANA APPENDIX-ill Power of Attorney forsigningof Bid (Refer Clause 2.1.8) Know all men by these presents, We Mis BVSR Constructions Pvt Ltd, having our Registered office at H. No. 5-8-5111, Fathe Sulthan Lane, Nampally, Hyderabad- 500 DOL, Telangana and Corporate Office at H. No. 8-2-686/B/l1l6I1, Plot No.9, Road No. 12, Banjara Hills, Hyderabad - 500 034 do hereby irrevocably constitute, nominate, appoint and authorize Mr. P. Ravi Sankar Reddy, Slo P. Gangi Reddy, and presently residing at # EWS, 9lllA, Bharathnagar, Hyderabad - 500 018, Telangana, India, who is presently employed with us! the Lead Member o",False,False,True
NHAI_AP_GIDDALUR_VINUKONDA,NHAI_Giddalur_Vinukonda_NH544D.pdf,REHABILITATION_ENGINEERING_EVIDENCE,446,BRIDGE_REPAIR_ENGINEERING_EVIDENCE,,,,,ORN,REHABILITATION,km 212.983; km 213.000; km 322.800,,,"TERED OFFICE H. No. 5-8-51/1, FATHE SULTHAN LANE, NAMPALLY, HYDERABAD - 500 001 ON 17 th day of February, 2018. ""RESOLVED THAT approval of the Board be and is hereby accorded to participatein bidding for the project of ""Rehabilitation and Upgradation of Giddalur - Vinukonda section of NH-544D from Design km 212.983 (existing km 213.000) to Design km 322.800 (existing kID 322.840) (Design length 112.797 kID) in the State of Andhra Pradesh to two lane with paved shoulder under NHDP-IV under NH (0) on Hybrid Annuity Mode (""the Project) invited by the National Highways Authority of India (''the Authority"") vide Bid! Package no.: NHAlfTechi APINH­ 544D/Gid-Vinu/20l7-l8 Dated 22.12.2017. ""RESOLVED",False,False,True
NHAI_AP_GIDDALUR_VINUKONDA,NHAI_Giddalur_Vinukonda_NH544D.pdf,REHABILITATION_ENGINEERING_EVIDENCE,448,IDENTIFIED_BRIDGE_CONDITION_CANDIDATE,,,RUST,,,REHABILITATION; MAINTENANCE,km 212.983; km 213.000; km 322.800; km 322.840,,,"APPENDIX VI Integrity pact (Refer clause 4.4) Draft Integrity Pact Format applicable for works having value of Rs.l00 Crand above Rehabilitation and Upgradation of Glddalur - Vinukonda section of NH-544D from Design km 212.983 (existing km 213.000} to Design km 322.800 (existing km 322.840} (Design length 112.797 km)ln the State of Andhra Pradesh to two lane with paved shoulder under NHDP-IV under NH (0) on Hybrid Annuity Mode (the ""Project"") through an public private partnership. '-- ,Dlvlslon) Tender No. : BidNo. NHAI/Tech/AP/NH-544D/Gld-Vinu/2017-18 This Integrity Pact is made at Hyderabad on this 26th day of February, 2018 Between National Highways Authority of India (NHAI), a statutory ",False,False,True
NHAI_AP_GIDDALUR_VINUKONDA,NHAI_Giddalur_Vinukonda_NH544D.pdf,REHABILITATION_ENGINEERING_EVIDENCE,456,BRIDGE_REPAIR_ENGINEERING_EVIDENCE,,,,,,REHABILITATION,km 212.983; km 213.000; km 322.800; km 322.840,,,"~·,v~( BVSR Cons'true'tions Pvt. Ltd. # 8-2-686/B/11/6/1, Plot No.9, Road No. 12, Banjara Hills, Hyderabad ·500 034. Ph: +91 40 23332445, Fax: 23331893. UNDERTAKING Name of work: - BID for Rehabilitation and Upgradation of Giddalur - Vinukonda section ofNH-544D from Design km 212.983 (existing km 213.000) to Design km 322.800 (existing km 322.840) (Design length 112.797 km) in the State of Andhra Pradesh to two lane with paved shoulder under NHDP­ IV under NH (0) on Hybrid Annuity Mode. I, Mr.P. Ravi Sankar Reddy, Manager-Tenders undertake, to agree and abide by the bid documents uploaded by the NHAI and amendments uploaded if any. I ! ~ , Date: 15.03.2018 I !Place: Hyderabad , Signature Nam",False,False,True
NHAI_AP_GIDDALUR_VINUKONDA,NHAI_Giddalur_Vinukonda_NH544D.pdf,REHABILITATION_ENGINEERING_EVIDENCE,458,BRIDGE_REPAIR_ENGINEERING_EVIDENCE,,,,,,REHABILITATION,km 212.983; km 213.000; km 322.800; km 322.840,,,"BVSR Construction Private Ltd . H: No. 8-2-686/B/11/6/1, Plot No.9, Road No. 12; Banjara Hills, Hyderabad - 500034 Email: bvsrconstructionsDvtltd@gmail.com Fax No. 040-23331893 (Kind Attn:Shri P; Ravi'Sankar Reddy) Sub: Rehabilitation and Upgradation of Giddalur : Vinukonda section of, NH-544D from Design km 212.983 (existing km 213.000) to Design km 322.800 (existing km 322.840) '.(Design length 112.797 km) in the State of Andhra Pradesh to two lane with paved shoulder under NH(O) on Hybrid Annuity Mode- Opening of financial bids - Reg. Sir, Please refer your bid for the subject project. Your bid has. been found technically responsive and eligible for opening of financial bid. 2. You are, t",False,False,True
NHAI_AP_GIDDALUR_VINUKONDA,NHAI_Giddalur_Vinukonda_NH544D.pdf,REHABILITATION_ENGINEERING_EVIDENCE,459,IDENTIFIED_BRIDGE_CONDITION_CANDIDATE,,CONDITION,,,,REHABILITATION,km 212.983; km213.000; km 322.800; km 322.840,,,"al BID (ReferClauses 2.1.5,2.1I.l and 3.2) (NOT TO BE SUBMITTED IN THE TECHINCAL BID) The General Manager (T) National Highways Authorityof India G·5&6, Sector 10,Dwarka, NewDelhi - 110075 Dated: 15.03.2018 Sub: BID for Rehabilitation and Upgradation of Giddalur - Vinukonda section of NH-544D from Design km 212.983 (existing km213.000)to Design km 322.800(existing km 322.840) (Design length 112.797km) in the State of AndhraPradesh to two lane with paved shoulderunderNHDP· IV underNH (0) on Hybrid AnnuityMode. Dear Sir, With reference to your RFP document dated: 22.12.2017 l/we, having examined the Bidding Documents and understood their contents, hereby submit my/our Bid for the aforesaid Pro",False,False,True
NHAI_AP_GIDDALUR_VINUKONDA,NHAI_Giddalur_Vinukonda_NH544D.pdf,REHABILITATION_ENGINEERING_EVIDENCE,461,BRIDGE_REPAIR_ENGINEERING_EVIDENCE,,,,,,REHABILITATION,km 212.983; km 213.000; km 322.800; km 322.840,,,"Input cells - Please enter values in these cells Formula based cells - Please don't edit these Name of the Project: Rehabilitation and Upgradation of Giddalur - Vinukonda section of NH-S44Dfrom Design km 212.983 (existing km 213.000) to Design km 322.800 (existing km 322.840) (Design length 112.797 km) in the State of Andhra Pradesh to two lane with paved shoulder under NHDP-IV under Bharatmala Pariyojana on Hybrid Annuity Mode Mis BVSR Constructions Pvt ttd., Hyderabad 16-Mar-18 26-Nov-18 25-Nov-20 5% 40% 60% 6.25% 9.25% en ~ Parameter Quoted Value (In as, Crore) Bid Project Cost 678.69 First year O&M quote (Annual) 11.00 NPV 16-Mar-18 13-Mar-19 16-Sep-19 27-Jan-20 ~o:::::{.. ·\;::;:W,·- :""",False,False,True
NHAI_AP_GIDDALUR_VINUKONDA,NHAI_Giddalur_Vinukonda_NH544D.pdf,REHABILITATION_ENGINEERING_EVIDENCE,468,IDENTIFIED_BRIDGE_CONDITION_CANDIDATE,,CONDITION,,,,REHABILITATION,km 212.983; km 322.800; km 322.840,,," BVSR Constructions Pvt. Ltd. H. No. 8-2-686/B/11/6/1, Plot No.9, Road No. 12, Banjara Hills, Hyderabad - 500034. Email: bvsrconstructionspvtltd@gmail.com Fax No. 040-23331893 (Kind Attn: Shri P. Ravi Sankar Reddy) Sub: Rehabilitation and Upgradation of Giddalur - Vinukonda section of NH-544D from Design km 212.983 (existing krn 213.000) to Design km 322.800 (existing km 322.840) (Design length 112.797 km) in the State of Andhra Pradesh to two lane with paved shoulder under NH(O) on Hybrid Annuity Mode-Issue of letter of Award (LOA) - Reg Ref: Your bid submitted for subject project Dear Sir, This is to notify that based on your bid submitted for the subject project, your offer of Bid . I:. P",False,False,True
NHAI_AP_GIDDALUR_VINUKONDA,NHAI_Giddalur_Vinukonda_NH544D.pdf,REHABILITATION_ENGINEERING_EVIDENCE,469,BRIDGE_REPAIR_ENGINEERING_EVIDENCE,,,,,,REHABILITATION,km 212.983; km 213.000; km 322.800; km 322.840,,,"2018 To, Mr. R KSingh General Manager (Tech) - AP, National Highways Authority of India, G-5 & 6, Sector-If), Dwarka, New Delhi-1I0075 Phone No. 011-25074100/200 Email id : rakeshsingh@nhaLorg Dear Sir, Sub: BID for the Rehabilitation and Up gradation of Giddalur - Vinukonda section of NH-544D from Design km 212.983 (existing km 213.000) to Design km 322.800 (existing km 322.840) (Design length 112.797 km) in the State of Andhra Pradesh to two lane with paved shoulder under NHDP-IV under Bharatmala Pariyojana on Hybrid Annuity Mode Project- Submission of duplicate copy of LOA duly signed as acknowledgement -Reg, Ref: I) Bid! Package no.: NHAIITechiAPINH-544D/Gid-Vinu/2017-18 Dated 22.12.2017",False,False,True
NHAI_AP_GIDDALUR_VINUKONDA,NHAI_Giddalur_Vinukonda_NH544D.pdf,REHABILITATION_ENGINEERING_EVIDENCE,470,IDENTIFIED_BRIDGE_CONDITION_CANDIDATE,,CONDITION,,,,REHABILITATION,km 212.983; km 213.000; km 322.800; km 322.840,,,"SR Constructions Pvt. Ltd. H. No. 8-2-686/B/11/6/1, Plot 1'10. 9, Road No. 12, Banjara Hills, Hyderabad - 500034. Email: bvsrconstructionspvtltd@gmail.com Fax No. 040-23331893 (Kind Attn: Shri P. Ravi Sankar Reddy) Sub: Rehabilitation and Upgradation of Giddalur - Vinukonda section of NH-544D from Design km 212.983 (existing km 213.000) to Design km 322.800 (existing km 322.840) (Design length 112.797 km) in the State of Andhra Pradesh to two lane with paved shoulder under NH(O) on Hybrid Annuity Mode-Issue of letter of Award (LOA) - Reg Ref: Your bid submitted for subject project Dear Sir, This is to notify that based on your bid submitted for the subject project, your offer of Bid Project ",False,False,True
NHAI_AP_GIDDALUR_VINUKONDA,NHAI_Giddalur_Vinukonda_NH544D.pdf,REHABILITATION_ENGINEERING_EVIDENCE,471,BRIDGE_REPAIR_ENGINEERING_EVIDENCE,,,,,,REHABILITATION,km 212.983; km 213.000; km 322.800; km 322.840,,,"Date: 26.04.2018 To, Mr. R KSingh General Manager (Tech) - AP, National Highways Authority of India, G-5 & 6, Sector-l0, Dwarka, New Delhi-110075 Phone No. 011-25074100/200 Email id : rakeshsingh@nhai.org Dear Sir, Sub: Rehabilitation and Upgradation of Giddalur - Vinukonda section of NH-544D from Design km 212.983 (existing km 213.000) to Design km 322.800 (existing km 322.840) (Design length 112.797 km) in the State of Andhra Pradesh to two lane with paved shoulder under NHDP-IV under Bharatmala Pariyojana on Hybrid Annuity Mode Project- Submission of Certificate of Incorporation, MOA & AOA-Reg. Ref: LOA.No.NHAIfTech/APINH-544D/Gid-Vinu/2017-181l15164, Dated: 26.03.2018 ***** With referenc",False,False,True
NHAI_AP_GIDDALUR_VINUKONDA,NHAI_Giddalur_Vinukonda_NH544D.pdf,REHABILITATION_ENGINEERING_EVIDENCE,473,BRIDGE_REPAIR_ENGINEERING_EVIDENCE,,,,,,REHABILITATION,km 212.983; km 213.000; km 322.800; km 322.840,,," situated in the State of Telangana within the jurisdiction of Registrar of Companies, Andhra Pradesh and Telangana. 3 (A) THE OBJECTS TO BE PURSUED BY THE COMPANY ON ITS INCORPORATION ARE: 1 To Design, construction for Rehabilitation and- Upgradation of Giddalur - Vinukonda section of NH-S44D from Design km 212.983 (existing km 213.000) to Design km 322.800 (existing km 322.840) (Design length 112.797 km) in the State of Andhra Pradesh by two laning thereof under NH(O) on Hybrid Annuity basis 3. (B) MATTERS WHICH ARE NECESSARY FOR FURTHERANCE OF THE OBJECTS SPECIFIED IN CLAUSE III (A) ARE: 1. To buy, sell, exchange, alter, improve, prepare for market and otherwise deal in all kinds of plant",False,False,True
NHAI_AP_GIDDALUR_VINUKONDA,NHAI_Giddalur_Vinukonda_NH544D.pdf,REHABILITATION_ENGINEERING_EVIDENCE,479,GENERAL_ENGINEERING_REFERENCE,ROB,,RUST; SETTLEMENT,,,,,,,"any parts thereof, provided the same be not inconsistent with the laws of the Union of India. 37. To aid and support, pecuniary or otherwise, any person, association, body or movement, having for an object the solution, settlement or surmounting of industrial or labor problems or troubles or the promotion of industry of trade concerning the objects or business of the Company related interests. 38. To subscribe, contribute, pay, transfer or guarantee money for or to dedicate, donate, present or otherwise dispose of either voluntarily or for value, any moneys or properties of the company to or for the benefit of any national, charitable, benevolent, religious, scientific, public, local general",False,False,True
NHAI_AP_GIDDALUR_VINUKONDA,NHAI_Giddalur_Vinukonda_NH544D.pdf,REHABILITATION_ENGINEERING_EVIDENCE,493,BRIDGE_REPAIR_ENGINEERING_EVIDENCE,,,,,,REHABILITATION,km 212.983; km 213.000; km 322.800; km 322.840,,,"te: 02.05.2018 To, Mr.RKSingh General Manager (Tech) - AP, National Highways Authority of India, G-5 & 6, Sector-IO, Dwarka, New Delhi-I 10075 Phone No. 011-25074100/200 ,. Email id : rakeshsingh@nhai.org Dear Sir, Sub: Rehabilitation and Upgradation of Giddalur - Vinukonda section of NH-544D from Design km 212.983 (existing km 213.000) to Design km 322.800 (existing km 322.840) (Design length 112.797 km) in the State of Andhra Pradesh to two lane with paved shoulder under NHDP-IV under Bharatmala Pariyojana on Hybrid -:Annuity Mode Project- Submission of Documents -Reg, Ref: I) LOA.No.NHAIffech/APINH-544D/Gid-Vinu/2017-18/115164, Dated: 26.03.2018. ***** With reference to the above cited LO",False,False,True
NHAI_AP_GIDDALUR_VINUKONDA,NHAI_Giddalur_Vinukonda_NH544D.pdf,REHABILITATION_ENGINEERING_EVIDENCE,495,BRIDGE_REPAIR_ENGINEERING_EVIDENCE,,,,,,REHABILITATION,km 212.983; km 213.000; km 322.800; km 322.840,,,"MITED, HELD ON 27""' MARCH, 2018 @ 11,00 A.M AT ITS CORPORATE OFFICE AT H. No. 8-2-68618111/6/1, PLOT NO.9, ROAD NO.12, BANJARA HILLS, HYDERABAD-500034, TELANGANA Formation of Special Purpose Vehicle for implementing the Rehabilitation and Upgradalion of Giddalur - Vinukonda section of NH-544D from Design kID 212.983 (existing kID 213.000) to Design kID 322.800 (existing kID 322.8401 (Design length 112.797 kID) in the State of Andhra Pradesh to two lane with paved shoulder under NHDP-IV under BharalIDala Pariyojana on Hybrid Annuity Mode Project. ""RESOL VED THAT the Company pursuant to the Memorandum of Association of the company and applicable provisions of the Companies Act, 1956, a company",False,False,True
NHAI_AP_GIDDALUR_VINUKONDA,NHAI_Giddalur_Vinukonda_NH544D.pdf,REHABILITATION_ENGINEERING_EVIDENCE,497,BRIDGE_REPAIR_ENGINEERING_EVIDENCE,,,,,,REHABILITATION,km 212.983; km 213.000; km 322.800; km 322.840,,,"D PROJECTS PRIVATE LIMITED, HELD ON 30'"" APRIL, 2018 @ 4.00 P.M AT THE REGISTERED OFFICE OF THE COMPANY AT H. No. 8-:Z­ 6861B1l1l6/1, PLOT NO.9, ROAD NO.12,BANJARA HlLLS, HYDERABAD-S00034, TELANGANA To Undertake for the Rehabilitation and Upgradation of Giddalur - Vinukonda section of NH-S44D from Design km 212.983 (existing km 213.000) to Design km 322.800 (existing km 322.840) (Design length 112.797 km) in the State of Andhra Pradesh to two lane with paved shoulder under NHDP-IV under Bharatmala Pariyojana on Hybrid Annuity Mode Project. ""RESOLVED THAT the Concession Agreement to be entered into between National Highways Authority of India and the SPV Company formed by the "" Mis BVSR Const",False,False,True
NHAI_AP_GIDDALUR_VINUKONDA,NHAI_Giddalur_Vinukonda_NH544D.pdf,REHABILITATION_ENGINEERING_EVIDENCE,498,BRIDGE_REPAIR_ENGINEERING_EVIDENCE,,,,,,REHABILITATION,km 212.983,,,"/6/7/8/9 Date: 02.05.2018 To, The General Manager (Tech) - AP, National Highways Authority of India, G-5 & 6, Sector-IO, Dwarka, New Delhi-lt0075 Phone No. 011-250741001200 Email id : rakeshsingh@nhai.org Dear Sir, Sub: Rehabilitation and Upgradation of Giddalur - Vinukonda section of NH-544D from Design km 212.983 (existing krn 213.000) to Design krn 322.800 (existing krn 322.840) (Design length 112.797 km) in the State of Andhra Pradesh to two lane with paved shoulder WIder NHDP-IV under Bharatmala Pariyojana on Hybrid Annuity Mode Project- Statement on incorporation of SPY and its purpose and furnishing of willingness to enter into the Concession Agreement with the Authority-Reg. Ref: LOA",False,False,True
NHAI_AP_GIDDALUR_VINUKONDA,NHAI_Giddalur_Vinukonda_NH544D.pdf,REHABILITATION_ENGINEERING_EVIDENCE,499,IDENTIFIED_BRIDGE_CONDITION_CANDIDATE,,CONDITION,,,,REHABILITATION,km 212.983; km 213.000; km 322.800; km 322.840,,," Dwarka, New Delhi-110075 Dear Sir, Date: 02.05.2018 Legal Opinion We noted that M/s BVSR Constructions Pvt. l.td., ( hereinafter referred to as the"" selected Bidder"") had submitted bid dated 16.03.2018 for the work of ""Rehabilitation and Upgradation of Giddalur - Vinukonda section of NH-544D from Design km 212.983 (existing km 213.000) to Design km 322.800 (existing km 322.840) (Design length 112.797 km) in the State of Andhra Pradesh to two lane with paved shoulder under NHDP-IV under Bharatmala Pariyojana on Hybrid Annuity Mode Project"" and received Letter of Award vide LOA.No.NHAI/Tech/AP/NH­ 544D/Gid-Vinu/2017-18/115164, Dated: 26.03.2018 issued by the General Manager (Tech) - AP, Natio",False,False,True
NHAI_AP_GIDDALUR_VINUKONDA,NHAI_Giddalur_Vinukonda_NH544D.pdf,REHABILITATION_ENGINEERING_EVIDENCE,501,BRIDGE_REPAIR_ENGINEERING_EVIDENCE,,,,,,REHABILITATION,km 212.983; km 213.000; km 322.800; km 322.840,,,"H.No. 8-2-686/B/11/6/1, Plot No.9, Road No. 12, Banjara Hills,GV R09d PrClJect.s Hyderabad - 500 034, TS. Tel: 040-23332445/6/7/8/9 UNDERTAKING Name of work: Rehabilitation and Upgradation of Giddalur - Vinukonda section of NH-544D from Design km 212.983 (existing km 213.000) to Design km 322.800 (existing km 322.840) (Design length 112.797 km) in the State of Andhra Pradesh to two lane with paved shoulder under NHDP-IV under Bharatmala Pariyojana on Hybrid Annuity Mode Project. Ref: LOA.No. NHAIfTech/APINH-544D/Gid-Vinul2017-18/115 I64, Dated: 26.03.2018 ***** We hereby undertake that the SPY, GV Road Projects Private Limited, will not be engaged in any business other than mentioned in the ",False,False,True
NHAI_AP_GIDDALUR_VINUKONDA,NHAI_Giddalur_Vinukonda_NH544D.pdf,REHABILITATION_ENGINEERING_EVIDENCE,502,BRIDGE_REPAIR_ENGINEERING_EVIDENCE,,,,,,REHABILITATION,km 213.000,,,"23331893. Date: 02.05.2018 To, The General Manager (Tech) - AP, National Highways Authority ofIndia, . G-5 & 6, Sector-10, Dwarka, New Delhi-110075 Phone No. 011-25074100/200 Email Id: rakeshsingh@nhaLorg Dear Sir, Sub: Rehabilitation and Upgradation of Giddalur - Vinukonda section of NH-544D from Design Ian 212.983 (existing km 213.000) to Design Ian 322.800 (existing Ian 322.840) (Design length 112.797 km) in the State of Andhra Pradesh to two lane with paved shoulder under NHDP-IV under Bharatmala Pariyojana on Hybrid Annuity Mode Project- Confirmation from the selected bidder of the correctness of the representations and warranties-Reg. Ref: LOA.No.NHAIlTechiAPINH-544D/Gid-Vinu/2017-18/1",False,False,True
NHAI_AP_GIDDALUR_VINUKONDA,NHAI_Giddalur_Vinukonda_NH544D.pdf,REHABILITATION_ENGINEERING_EVIDENCE,503,BRIDGE_REPAIR_ENGINEERING_EVIDENCE,,,,,,REHABILITATION,km 212.983; km 213.000; km 322.800; km 322.840,,,"x: 23331893. Date: 07.05.2018 To, General Manager (Tech) - AP, National Highways Authority ofIndia, 0-5 & 6, Sector-Hi, Dwarka, New Delhi-II 0075 Phone No. 011-25074100/200 Email Id : rakeshsingh@nhai.org Dear Sir, Sub: Rehabilitation and Upgradation of Giddalur - Vinukonda section of NH-544D from Design km 212.983 (existing km 213.000) to Design km 322.800 (existing km 322.840) (Design length 112.797 km) in the State of Andhra Pradesh to two lane with paved shoulder under NH(O) on Hybrid Annuity Mode - submission of documents/ clarifications/rectifications-Reg. Ref: Letter No. NHAIITech/APINH-544D/Gid- Vinu/20 17-18/117083 Dated: 03.05.2018. ***** With reference to your letter cited in the ",False,False,True
NHAI_AP_GIDDALUR_VINUKONDA,NHAI_Giddalur_Vinukonda_NH544D.pdf,REHABILITATION_ENGINEERING_EVIDENCE,508,BRIDGE_REPAIR_ENGINEERING_EVIDENCE,,,,,,REHABILITATION,km 212.983; km 213.000; km 322.800; km 322.840,,,"~ BVSR Constructions 'vI. Ltd. ~ , # 8-2-686/B/11/6/1, Plot No.9, Road No. 12, Banjara Hills 8 U S R Hyderabad - 500 034. Ph: +91 4023332445, Fax: 23331893: UNDERTAKING Name of work: Rehabilitation and Upgradation of Giddalur - Vinukonda section of NH­ 544D from Design km 212.983 (existing km 213.000) to Design km 322.800 (existing km 322.840) (Design length 112.797 Ian) in the State of Andhra Pradesh to two lane with paved shoulder under NH(O) on Hybrid Annuity Mode. Ref: Letter No. NHAlITech/APINH-544D/Gid-Vinu/2017-18/117083 Dated:03.05.2018. ***** BVSR Constructions Pvt. Ltd., is hereby submitting this undertaking that the words ""Bharatmala Pariyojna"" shall be read as ""NH(O)"" in all the ",False,False,True
NHAI_AP_GIDDALUR_VINUKONDA,NHAI_Giddalur_Vinukonda_NH544D.pdf,REHABILITATION_ENGINEERING_EVIDENCE,509,BRIDGE_REPAIR_ENGINEERING_EVIDENCE,,,,,,REHABILITATION,km 322.840,,,"~I I , ''1 GV ROAD PROJECTS PRIVATE LIMITED 1<'--'11 _' GV • t. H.No. 8-2-686/B/111611, Plot No, 9, Road No. 12, Banjara Hills Road Projects Hyderabad - 500 034, TS. Tel: 040·2333244516171819 ' UNDERTAKING Name of work: Rehabilitation and Upgradation of Giddalur - Vinukonda section of NH­ 544D from Design kID 212.983 (existing kID 213.000) to Design kID 322.800 (existing km 322.840) (Design length 112.797 km) in the State of Andhra Prade8h to two lane with paved shoulder under NH(O) on Hybrid Annuity Mode. Ref: Letter No. NHA JlTechlAPINH_544DIGid-VinuJ2017-181117083 Dated:03.05.2018 .. ***** ~ 0' GV Road Projects Private Limited, is hereby submitting this undertaking that the words ""Bharatm",False,False,True
NHAI_AP_TADA_NELLORE,NHAI_Tada_Nellore_NH5_Vol_II.pdf,HISTORICAL_CONDITION_SURVEY,3,BRIDGE_REPAIR_ENGINEERING_EVIDENCE,BRIDGE; ROB,,,,,STRENGTHENING,km 52.800; km 163.600; km 52.8; km 163.6; km 77-79; km 103.4-1; km 132.8; km 139.3-141.5.; km 63,AP_BR_OSM_W1031554492; AP_BR_OSM_W1031554494; AP_BR_OSM_W1283187758; AP_BR_OSM_W1283187759; AP_BR_OSM_W136146095; AP_BR_OSM_W136146096; AP_BR_OSM_W1492075696; AP_BR_OSM_W1492075698; AP_BR_OSM_W1492075702; AP_BR_OSM_W1492075705; AP_BR_OSM_W176059075; AP_BR_OSM_W176063314; AP_BR_OSM_W249687444; AP_BR_OSM_W249687446; AP_BR_OSM_W396791569; AP_BR_OSM_W396791570; AP_BR_OSM_W396791571; AP_BR_OSM_W396791573; AP_BR_OSM_W396806458; AP_BR_OSM_W396806459; AP_BR_OSM_W581953108; AP_BR_OSM_W581953111; AP_BR_OSM_W581953120; AP_BR_OSM_W581997861; AP_BR_OSM_W581997869; AP_BR_OSM_W92192394,Nellore Bypass; Nellore Bypass; Nellore Bypass; Nellore Bypass; Nellore Bypass; Nellore Bypass; Nellore Bypass; Nellore Bypass; Nellore Bypass; Nellore Bypass; Nellore Bypass; Nellore Bypass; Nellore Bypass; Nellore Bypass; Nellore Bypass; Nellore Bypass; Nellore Bypass; Nellore Bypass; Nellore Bypass; Nellore Bypass; Nellore Bypass; Nellore Bypass; Nellore Bypass; Nellore Bypass; Nellore Bypass; Nellore Bypass,"the vehicular traffic it has been decided to augment the capacity of Tada-Nellore section of NH-5 from km 52.800 to km 163.600 in Andhra Pradesh by widening the existing 2-lane to 4- lanes divided carriageway, including strengthening of the existing 2-lanes on Build Operate and Transfer (BOT) basis. The project highway starts from km 52.800 near the Tamil NaduJAndhra Pradesh border, traverses in the northern direction and ends at km 163.600 at the beginning of the proposed Nellore bypass. The index plan of the project highway is shown in figure A-1. The 0 (zero) kilometer of NH-5, Chennai-Kolkatta section starts at Chennai. 2. DESCRIPTION OF PROJECT ROAD 2.1 Road Inventory The project alignm",False,False,True
NHAI_AP_TADA_NELLORE,NHAI_Tada_Nellore_NH5_Vol_II.pdf,HISTORICAL_CONDITION_SURVEY,8,IDENTIFIED_BRIDGE_CONDITION_CANDIDATE,BRIDGE; MAJOR BRIDGE; MINOR BRIDGE; ROB,CONDITION; DISTRESS; DEFECT,CRACK; CRACKING; SPALLING; CORROSION; RUST; DELAMINATION; LEACHING; EROSION; DEFORMATION,ABUTMENT; SLAB,CONDITION SURVEY,MAINTENANCE,km 52.8; km 163.6.,,,"2.8 Cross Drainage Structure Culverts The culvert inventory and condition survey was canied out between 3rd and 7"" February 2000. The number and type of culverts along the project road occurring in Andhra Pradesh are given in Table A-4 below. Table A-4 : Numbers and types of Culvert Various details pertaining to the culverts were collected including type, location, general condition, span, length, etc., The general purpose of the culverts was considered to be the provision of a crossing for the irrigation streams and drainage. In a few cases it has been to facilitate the crossing of pipelines. The majority of the culverts have been neglected and not received routine maintenance consequently ",False,False,True
NHAI_AP_TADA_NELLORE,NHAI_Tada_Nellore_NH5_Vol_II.pdf,HISTORICAL_CONDITION_SURVEY,12,BRIDGE_LEVEL_CONDITION_CANDIDATE,,GOOD,,,,,km 217; km 252; km 252.00; km 265; km 226,AP_BR_OSM_W1444463666; AP_BR_OSM_W834616114,MAIN ROAD; MAIN ROAD,"gradients are flat. The area is predominantly black cotton soil and is rich and fertile. At the stretch between krn 242 to km 252, there are hillocks on the left side of the road, slightly away from the main road. where good quality hard rock is available. As such, a number of stone crushers have been established all along this stretch of the road on both the sides. I There is a major river Muniveru, crossing the National Highway in km 226 kver Krishna is running almost parallel to the National Highway. Index Map is enclosed at Annex-A2 / 2. DESCRIPTION PROJECT HIGHWAY 2.1 Road Inventory The Project Highway from km 217 to km 252 has been strengthened to have a carriageway width of 7.0 n~ wit",False,False,True
NHAI_AP_TADA_NELLORE,NHAI_Tada_Nellore_NH5_Vol_II.pdf,HISTORICAL_CONDITION_SURVEY,13,IDENTIFIED_BRIDGE_CONDITION_CANDIDATE,BRIDGE; MAJOR BRIDGE; MINOR BRIDGE,GOOD,RUST,,,,km 226-10; km 240.060-5; km 230.365-1; km 233.220-3; km 246.020-4; km 247.450-3; km 251.640-2,,,"e basis of special classified volume count undertaken by CIDBI for a continuous period of 7 days was of the order of 12,440 vehicles (26,847 PCUs). Traffic flows are mainly heterogeneous in nature primarily dominated by goods traffic. The share of multi-axle vehicles with goods traffic was 6%. Average Annual Daily Traffic (AADT) by using seasonal factor for December was estimated as 13,945 vehicles (30,202 PCUs). The trafic forecasts based on estimated growth rates are detailed below 2.4 Pavement Composition Of Existing Two Lane Carriageway Category Vehlcles PCUs Recently, the existing two lane carriagenay has been brought to 7 m width (with GSB- 300 mm: WMM-300 mm) strengthened with 130 mm ",False,False,True
NHAI_AP_TADA_NELLORE,NHAI_Tada_Nellore_NH5_Vol_II.pdf,HISTORICAL_CONDITION_SURVEY,16,BRIDGE_LEVEL_CONDITION_CANDIDATE,,GOOD,,,,,km 55.300; km 56.050; km 56.150; km 59.100; km 59.725; km 59.250; km 59.825; km 65.000; km 66.250; km 65.350; km 66.800; km 74.350; km 75.750; km 93.475; km 94.250; km 131.225; km 132.475; km 131.425; km 132.450; km 136.225; km 137.200; km 155.200; km 155.950; km 163.100; km 162.850,AP_BR_OSM_W1081167107; AP_BR_OSM_W1086848414; AP_BR_OSM_W1086848416; AP_BR_OSM_W1086848436; AP_BR_OSM_W1086848440; AP_BR_OSM_W1088411426; AP_BR_OSM_W1088411432; AP_BR_OSM_W1088411472; AP_BR_OSM_W1088411473; AP_BR_OSM_W1088411477; AP_BR_OSM_W1088411479; AP_BR_OSM_W1088426820; AP_BR_OSM_W1088426833; AP_BR_OSM_W1088426835; AP_BR_OSM_W1088463022; AP_BR_OSM_W1088463024; AP_BR_OSM_W1089450070; AP_BR_OSM_W1089450073; AP_BR_OSM_W1089450078; AP_BR_OSM_W1089450081; AP_BR_OSM_W1120249872; AP_BR_OSM_W1155071501; AP_BR_OSM_W1155071503; AP_BR_OSM_W1191649245; AP_BR_OSM_W1225609297; AP_BR_OSM_W1232731403; AP_BR_OSM_W1232731423; AP_BR_OSM_W1237976449; AP_BR_OSM_W1237978378; AP_BR_OSM_W1237978510; AP_BR_OSM_W1237978514; AP_BR_OSM_W1237979758; AP_BR_OSM_W1237979762; AP_BR_OSM_W1243542316; AP_BR_OSM_W1243542321; AP_BR_OSM_W1245312598; AP_BR_OSM_W1245312599; AP_BR_OSM_W1273875767; AP_BR_OSM_W1273875769; AP_BR_OSM_W1273875773; AP_BR_OSM_W1273875775; AP_BR_OSM_W1273875815; AP_BR_OSM_W1273875817; AP_BR_OSM_W1273875869; AP_BR_OSM_W1273875875; AP_BR_OSM_W1273875877; AP_BR_OSM_W1306892617; AP_BR_OSM_W1306892623; AP_BR_OSM_W1324235692; AP_BR_OSM_W1329295334; AP_BR_OSM_W1329295340; AP_BR_OSM_W1362529455; AP_BR_OSM_W1362529457; AP_BR_OSM_W1367602016; AP_BR_OSM_W1384358138; AP_BR_OSM_W1451125171; AP_BR_OSM_W1463702254; AP_BR_OSM_W1463702255; AP_BR_OSM_W1467110239; AP_BR_OSM_W1470248110; AP_BR_OSM_W1470248112; AP_BR_OSM_W1470248115; AP_BR_OSM_W1470248117; AP_BR_OSM_W1470254032; AP_BR_OSM_W1470254034; AP_BR_OSM_W1470254037; AP_BR_OSM_W1470254039; AP_BR_OSM_W1470254042; AP_BR_OSM_W1470254595; AP_BR_OSM_W1470254597; AP_BR_OSM_W1492140167; AP_BR_OSM_W1492140169; AP_BR_OSM_W1498208935; AP_BR_OSM_W1498208941; AP_BR_OSM_W1498244122; AP_BR_OSM_W1509394849; AP_BR_OSM_W1509394850; AP_BR_OSM_W1513126572; AP_BR_OSM_W1513126574; AP_BR_OSM_W1513577126; AP_BR_OSM_W1523945375; AP_BR_OSM_W1523945376; AP_BR_OSM_W1524280480; AP_BR_OSM_W1526081025; AP_BR_OSM_W1534018757; AP_BR_OSM_W1534018759; AP_BR_OSM_W1540667922; AP_BR_OSM_W1544023678; AP_BR_OSM_W1544023680; AP_BR_OSM_W1546593842; AP_BR_OSM_W1546593845; AP_BR_OSM_W480403927; AP_BR_OSM_W480403929; AP_BR_OSM_W673858216; AP_BR_OSM_W673858223; AP_BR_OSM_W826596384; AP_BR_OSM_W826596386; AP_BR_OSM_W826596400; AP_BR_OSM_W826596402; AP_BR_OSM_W826596413; AP_BR_OSM_W826596416; AP_BR_OSM_W826596424; AP_BR_OSM_W826596430; AP_BR_OSM_W826596440; AP_BR_OSM_W826596442; AP_BR_OSM_W826596445; AP_BR_OSM_W826596449; AP_BR_OSM_W826596455; AP_BR_OSM_W826596458; AP_BR_OSM_W826596464; AP_BR_OSM_W826596466; AP_BR_OSM_W826596490; AP_BR_OSM_W826596496; AP_BR_OSM_W839529008; AP_BR_OSM_W843783103; AP_BR_OSM_W843783106; AP_BR_OSM_W845261050; AP_BR_OSM_W851480115; AP_BR_OSM_W851518401; AP_BR_OSM_W852274598; AP_BR_OSM_W852304662; AP_BR_OSM_W852304667; AP_BR_OSM_W852304670; AP_BR_OSM_W854500413; AP_BR_OSM_W854500419; AP_BR_OSM_W854500422; AP_BR_OSM_W854500428; AP_BR_OSM_W854500429; AP_BR_OSM_W854500435; AP_BR_OSM_W855374531; AP_BR_OSM_W855376825; AP_BR_OSM_W855376827,Service Road; Service Road; Service Road; Service Road; Service Road; Service Road; Service Road; Service Road; Service Road; Service Road; Service Road; Service Road; Service Road; Service Road; Service Road; Service Road; Service Road; Service Road; Service Road; Service Road; Service Road; Service Road; Service Road; Service Road; Service Road; Service Road; Service Road; Service Road; Service Road; Service Road; Service Road; Service Road; Service Road; Service Road; Service Road; Service Road; Service Road; Service Road; Service Road; Service Road; Service Road; Service Road; Service Road; Service Road; Service Road; Service Road; Service Road; Service Road; Service Road; Service Road; Service Road; Service Road; Service Road; Service Road; Service Road; Service Road; Service Road; Service Road; Service Road; Service Road; Service Road; Service Road; Service Road; Service Road; Service Road; Service Road; Service Road; Service Road; Service Road; Service Road; Service Road; Service Road; Service Road; Service Road; Service Road; Service Road; Service Road; Service Road; Service Road; Service Road; Service Road; Service Road; Service Road; Service Road; Service Road; Service Road; Service Road; Service Road; Service Road; Service Road; Service Road; Service Road; Service Road; Service Road; Service Road; Service Road; Service Road; Service Road; Service Road; Service Road; Service Road; Service Road; Service Road; Service Road; Service Road; Service Road; Service Road; Service Road; Service Road; Service Road; Service Road; Service Road; Service Road; Service Road; Service Road; Service Road; Service Road; Service Road; Service Road; Service Road; Service Road; Service Road; Service Road; Service Road; Service Road; Service Road; Service Road; Service Road; Service Road; Service Road; Service Road; Service Road,priate to a highway of the character of the Project Highway to be achieved throughout the Contract Period; 2.1.11 ensure adequate off-street parking facilities such as rest areas and truck lay bys for both passenger and goods vehicles; 2.1.12 provide adequate bus bays for stopping of buses and bus shelters for commuters to wait under protection; and 2.1.13 achieve a high standard in the appearance and aesthetic quality of the Project Highway and achieve integration of the Project Highway with the character of the surrounding landscape through both sensitive design and sensitive management of all visible elements including those on the existing road. 2.2 Cross Sections The project highway sha,False,False,True
NHAI_AP_TADA_NELLORE,NHAI_Tada_Nellore_NH5_Vol_II.pdf,HISTORICAL_CONDITION_SURVEY,17,BRIDGE_REPAIR_ENGINEERING_EVIDENCE,,,,,,REHABILITATION,km 110.0; km 134.4; km 52.8; km 66.1,,,"s. For other sections the design life is of 20 years. Pavement Design 1 2 3+4 The recommended design are shown in Table B-3 Table B-3 Pavement Composition for Project Highway Design Type Overlay design Flexible pavement rehabilitation New rigid pavements 2.3.3 Overlay Design Design Method IRC:81-1997, TRRL 833, AASHTO Design Manual, Analytical Empirical Design IRC:37- 1999, approved draft, AASHTO Design Manual, Analytical Empirical Design RN 3 1, extrapolated IRC:58-1988, AASHTO Design Manual, Cement Manufacturers' Association Method, PCA design method A number of methods were studied for the overlay pavement design and recommended design is based on the mean of the values obtained from all ",False,False,True
NHAI_AP_TADA_NELLORE,NHAI_Tada_Nellore_NH5_Vol_II.pdf,HISTORICAL_CONDITION_SURVEY,18,IDENTIFIED_BRIDGE_CONDITION_CANDIDATE,,,EROSION,,,STRENGTHENING,km 52.8; km 66.1; km 13.3; Km 110,,,"The recommended designs (values rounded to nearest cm) are shown in Table B-4. Table B-4 Recommended Overlay Design The section krn 110- 120 is presently being strengthened. According to the Specification the strengthening is based on Benkelman Deflections and a projected traffic of 168 million ESALs, using IRC 81. As the traffic projection is higher than our projection, there is no need for additional strengthening. From km 52.8 66.1 120.0 134.4 The methodology adopted for the pavement design can be obtained from the PPR report submitted by the Consultants (SWK). 2.3.4 Rigid Pavement Design To km 66.1 110.0 134.4 163.6 The design for rigid pavement was based on various methods and the recom",False,False,True
NHAI_AP_TADA_NELLORE,NHAI_Tada_Nellore_NH5_Vol_II.pdf,HISTORICAL_CONDITION_SURVEY,21,BRIDGE_LEVEL_CONDITION_CANDIDATE,BRIDGE; ROB,DEFECT,,EXPANSION JOINT,INSPECTION,REPAIR; REHABILITATION,,AP_BR_OSM_W1327825130,Railway Track,All the cross drainage structures for the new carriageway shall be designed for 3 lane capacity. The details of recommended improvements for culverts have been dealt in the PPR report of the Consultants (SWK) 2.10.2 New Bridges There are forty-two bridges out of which forty bridges are across rivers/streams and two across the railway tracks. All the new bridges shall have the width for three-lane and the existing bridges have to be retained after necessary repair and rehabilitation. The rivers are both major and minor. The streams cater for the storm water flow from the nearby agricultural fields or open land. 2.10.3 Underpasses To cater for the pedestrian crossings the main carriageway unde,False,False,True
NHAI_AP_TADA_NELLORE,NHAI_Tada_Nellore_NH5_Vol_II.pdf,HISTORICAL_CONDITION_SURVEY,23,IDENTIFIED_BRIDGE_CONDITION_CANDIDATE,BRIDGE; ROB,GOOD,,,,,Km 217; Km 221; Km 222.7; Km 225.1; Km 226.3; Km 226.8; Km 231.5; Km 233.4; Km 240.0; Km 251.5; Km 252.0,,,urance and fitness for purpose appropriate to a highway of the character of the Project Highway to be achieved throughout the Contract Period; 2.1.1 1 Ensure adequate off-street parking facilities for both passenger and goods vehicles: 2.1.12 Provide adequate bus bays for stopping of buses and bus shelters for commuters to wait under protection; and 2.1.13 Achieve a high standard in the appearance and aesthetic quality of the Project Highway and achieve integration of the Project Highway with the character of the surrounding landscape through both sensitive design and sensitive management of all visible clements including those on the existing road. 2.1.14 Undertake proper safety aud~t throu,False,False,True
NHAI_AP_TADA_NELLORE,NHAI_Tada_Nellore_NH5_Vol_II.pdf,HISTORICAL_CONDITION_SURVEY,24,BRIDGE_LEVEL_CONDITION_CANDIDATE,BRIDGE; MINOR BRIDGE,,RUST; EROSION,,,REHABILITATION; STRENGTHENING,km 21; km 22; km 217; km 221; km 229.6; km 236.7; km 242.2.; km 239; km 238; km 233.400; km 237.00; km 233.4; km 240.0,AP_BR_OSM_W1081167107; AP_BR_OSM_W1086848414; AP_BR_OSM_W1086848416; AP_BR_OSM_W1086848436; AP_BR_OSM_W1086848440; AP_BR_OSM_W1088411426; AP_BR_OSM_W1088411432; AP_BR_OSM_W1088411472; AP_BR_OSM_W1088411473; AP_BR_OSM_W1088411477; AP_BR_OSM_W1088411479; AP_BR_OSM_W1088426820; AP_BR_OSM_W1088426833; AP_BR_OSM_W1088426835; AP_BR_OSM_W1088463022; AP_BR_OSM_W1088463024; AP_BR_OSM_W1089450070; AP_BR_OSM_W1089450073; AP_BR_OSM_W1089450078; AP_BR_OSM_W1089450081; AP_BR_OSM_W1120249872; AP_BR_OSM_W1155071501; AP_BR_OSM_W1155071503; AP_BR_OSM_W1191649245; AP_BR_OSM_W1225609297; AP_BR_OSM_W1232731403; AP_BR_OSM_W1232731423; AP_BR_OSM_W1237976449; AP_BR_OSM_W1237978378; AP_BR_OSM_W1237978510; AP_BR_OSM_W1237978514; AP_BR_OSM_W1237979758; AP_BR_OSM_W1237979762; AP_BR_OSM_W1243542316; AP_BR_OSM_W1243542321; AP_BR_OSM_W1245312598; AP_BR_OSM_W1245312599; AP_BR_OSM_W1273875767; AP_BR_OSM_W1273875769; AP_BR_OSM_W1273875773; AP_BR_OSM_W1273875775; AP_BR_OSM_W1273875815; AP_BR_OSM_W1273875817; AP_BR_OSM_W1273875869; AP_BR_OSM_W1273875875; AP_BR_OSM_W1273875877; AP_BR_OSM_W1306892617; AP_BR_OSM_W1306892623; AP_BR_OSM_W1324235692; AP_BR_OSM_W1329295334; AP_BR_OSM_W1329295340; AP_BR_OSM_W1362529455; AP_BR_OSM_W1362529457; AP_BR_OSM_W1367602016; AP_BR_OSM_W1384358138; AP_BR_OSM_W1451125171; AP_BR_OSM_W1463702254; AP_BR_OSM_W1463702255; AP_BR_OSM_W1467110239; AP_BR_OSM_W1470248110; AP_BR_OSM_W1470248112; AP_BR_OSM_W1470248115; AP_BR_OSM_W1470248117; AP_BR_OSM_W1470254032; AP_BR_OSM_W1470254034; AP_BR_OSM_W1470254037; AP_BR_OSM_W1470254039; AP_BR_OSM_W1470254042; AP_BR_OSM_W1470254595; AP_BR_OSM_W1470254597; AP_BR_OSM_W1492140167; AP_BR_OSM_W1492140169; AP_BR_OSM_W1498208935; AP_BR_OSM_W1498208941; AP_BR_OSM_W1498244122; AP_BR_OSM_W1509394849; AP_BR_OSM_W1509394850; AP_BR_OSM_W1513126572; AP_BR_OSM_W1513126574; AP_BR_OSM_W1513577126; AP_BR_OSM_W1523945375; AP_BR_OSM_W1523945376; AP_BR_OSM_W1524280480; AP_BR_OSM_W1526081025; AP_BR_OSM_W1534018757; AP_BR_OSM_W1534018759; AP_BR_OSM_W1540667922; AP_BR_OSM_W1544023678; AP_BR_OSM_W1544023680; AP_BR_OSM_W1546593842; AP_BR_OSM_W1546593845; AP_BR_OSM_W480403927; AP_BR_OSM_W480403929; AP_BR_OSM_W673858216; AP_BR_OSM_W673858223; AP_BR_OSM_W826596384; AP_BR_OSM_W826596386; AP_BR_OSM_W826596400; AP_BR_OSM_W826596402; AP_BR_OSM_W826596413; AP_BR_OSM_W826596416; AP_BR_OSM_W826596424; AP_BR_OSM_W826596430; AP_BR_OSM_W826596440; AP_BR_OSM_W826596442; AP_BR_OSM_W826596445; AP_BR_OSM_W826596449; AP_BR_OSM_W826596455; AP_BR_OSM_W826596458; AP_BR_OSM_W826596464; AP_BR_OSM_W826596466; AP_BR_OSM_W826596490; AP_BR_OSM_W826596496; AP_BR_OSM_W839529008; AP_BR_OSM_W843783103; AP_BR_OSM_W843783106; AP_BR_OSM_W845261050; AP_BR_OSM_W851480115; AP_BR_OSM_W851518401; AP_BR_OSM_W852274598; AP_BR_OSM_W852304662; AP_BR_OSM_W852304667; AP_BR_OSM_W852304670; AP_BR_OSM_W854500413; AP_BR_OSM_W854500419; AP_BR_OSM_W854500422; AP_BR_OSM_W854500428; AP_BR_OSM_W854500429; AP_BR_OSM_W854500435; AP_BR_OSM_W855374531; AP_BR_OSM_W855376825; AP_BR_OSM_W855376827,Service Road; Service Road; Service Road; Service Road; Service Road; Service Road; Service Road; Service Road; Service Road; Service Road; Service Road; Service Road; Service Road; Service Road; Service Road; Service Road; Service Road; Service Road; Service Road; Service Road; Service Road; Service Road; Service Road; Service Road; Service Road; Service Road; Service Road; Service Road; Service Road; Service Road; Service Road; Service Road; Service Road; Service Road; Service Road; Service Road; Service Road; Service Road; Service Road; Service Road; Service Road; Service Road; Service Road; Service Road; Service Road; Service Road; Service Road; Service Road; Service Road; Service Road; Service Road; Service Road; Service Road; Service Road; Service Road; Service Road; Service Road; Service Road; Service Road; Service Road; Service Road; Service Road; Service Road; Service Road; Service Road; Service Road; Service Road; Service Road; Service Road; Service Road; Service Road; Service Road; Service Road; Service Road; Service Road; Service Road; Service Road; Service Road; Service Road; Service Road; Service Road; Service Road; Service Road; Service Road; Service Road; Service Road; Service Road; Service Road; Service Road; Service Road; Service Road; Service Road; Service Road; Service Road; Service Road; Service Road; Service Road; Service Road; Service Road; Service Road; Service Road; Service Road; Service Road; Service Road; Service Road; Service Road; Service Road; Service Road; Service Road; Service Road; Service Road; Service Road; Service Road; Service Road; Service Road; Service Road; Service Road; Service Road; Service Road; Service Road; Service Road; Service Road; Service Road; Service Road; Service Road; Service Road; Service Road; Service Road; Service Road; Service Road; Service Road; Service Road,"2.3 Construction of new 2 lane bypasses including construction of all cross drainage works (majorlminor bridges and culverts) and development of at grade intersections : 2 3 1 Bypass to Nandigama Town The project reach from km 21 7 to km 22 1.2 passes through Nandigama town. The right of way in this reach is restricted and the reach is densely populated with commercial and residential areas existing on either side of the road. In order to cater the requirements for 30 years concession period, it is advisable to provide a 2 lane bypass to this town on RHS from km 217 to km 221 (5 km) and utilise the already strengthened existing 2 lanes for one direction of traffic. 2.3.2 Bypass to Kanchikach",False,False,True
NHAI_AP_TADA_NELLORE,NHAI_Tada_Nellore_NH5_Vol_II.pdf,HISTORICAL_CONDITION_SURVEY,30,BRIDGE_REPAIR_ENGINEERING_EVIDENCE,RUB,,,,,REPAIR; MAINTENANCE,,,,"The maintenance area shall have a centrally located building to over look the maintenance work shop activities consisting welding shop, painting shop, washroom, tyre repair shops, storage area for lubricants. spare parts etc. A separate storage area shall be earmarked for inflammable materials. The maintenance block shall have enough space to park the equipment's and machinery deployed for maintenance activities. Adequate parking space shall be earmarked for the staff vehicles and visitors' vehicles. Also in addition there shall be adequate and well illuminated covered parking space for all the maintenance vehicles. The secondary base camp shall be established adjacent to the toll plaza comp",False,False,True
NHAI_AP_TADA_NELLORE,NHAI_Tada_Nellore_NH5_Vol_II.pdf,HISTORICAL_CONDITION_SURVEY,35,BRIDGE_REPAIR_ENGINEERING_EVIDENCE,RUB,CONDITION,SETTLEMENT,,,STRENGTHENING; MAINTENANCE,,,,"There shall be underground hel storage area with delivery facilities at the campsites to be adequate to cater to the demands of maintenance and patrolling activities. The base camp shall not havc more than one entry and one csit point. It shall be manned by security personnel at all times. The camp shall be landscaped so as to protect the area from dust and noise from the Project H~ghway. 11. HIGHWAY LIGHTING The lighting shall be provided at intersection in classified urban areas on the Project Highway, grade separators, toll plaza, main adnlinistrative and maintenance basc camp, secondary base camp. Traffic aid posts shall bc provided in accordance with the standards set in Schedule D. 12.",False,False,True
NHAI_AP_TADA_NELLORE,NHAI_Tada_Nellore_NH5_Vol_II.pdf,HISTORICAL_CONDITION_SURVEY,36,BRIDGE_REPAIR_ENGINEERING_EVIDENCE,BRIDGE,,,,,MAINTENANCE,km 52.800; km 163.600; km 217; km 265,,,"SCHEDULE D STANDARDS AND SPECIFICATION 1. INTRODUCTION 1.1 Specifications and Standards for construction, operation and maintenance of the Project Highway (including facilities), between the existing km 52.800 to km 163.600 from Tada to Nellore of NH-5 and from existing km 217 to km 265 from Nandigama to Vijayawada of NH- 9 in Andhra Pradesh are described herein under in this designated Schedule D - Specifications and Standards. 1.2 The following terminology used in the concession agreement will cany the meaning shown against each of them for the contractual and professional understanding in the implementation of Schedule D. i) National Highways Authority of India (NHAI) Employer ii) Concess",False,False,True
NHAI_AP_TADA_NELLORE,NHAI_Tada_Nellore_NH5_Vol_II.pdf,HISTORICAL_CONDITION_SURVEY,39,GENERAL_INSPECTION_OR_SURVEY_TEXT,BRIDGE,GOOD,,,INSPECTION,,,,,"th the regional architecture and microclimate. Locally available materials shall be given preference but not at the cost of construction quality. All brick and stone masonry works shall be of first class type and as per good practice. All steel works shall conform to section 6, Part VI of the NBC and section 1900 and 2000 of MOST specifications for Road and Bridge Works. 3.5.2.2 All building works shall conform to Central Public Works Department (CPWD) specifications for class I building works and standards given in the National Building Code (NBC) as amended andlor modified from time to time. However, whenever any specific provision for any building works is given in the MOST Specifications",False,False,True
NHAI_AP_TADA_NELLORE,NHAI_Tada_Nellore_NH5_Vol_II.pdf,HISTORICAL_CONDITION_SURVEY,40,BRIDGE_REPAIR_ENGINEERING_EVIDENCE,ROB,CONDITION,,,,MAINTENANCE,,,,"ionaire. 3.5.4.2 This shall be a telephone system connected to Traffic Aid Post(s), which shall co-ordinate emergency services like fire, ambulance, police and retrievals of breakdown vehicles, besides emergency highway maintenance operations. 3.5.4.3 The communication system hereinafter referred to as the Public Access Telephone system (PATS), is envisaged to be a toll free telephone system which can be used with a very little effort. It is intended not to have any handset, but on pushing the button of PATS, the telephone system in control room of Traffic Aid Post(s) gets activated. 3.5.4.4 Telephone Instrument The equipment shall be very robust and durable. It shall be housed in a metal co",False,False,True
NHAI_AP_TADA_NELLORE,NHAI_Tada_Nellore_NH5_Vol_II.pdf,HISTORICAL_CONDITION_SURVEY,42,BRIDGE_REPAIR_ENGINEERING_EVIDENCE,ROB,SATISFACTORY,,,,MAINTENANCE,,,,"ings shall be as per IRC:35-1997. These markings shall be applied to road centre lines, edge line, zebra crossing lines and at parking areas (diagonal markings) by means of an approved self propelled machine which has a satisfactory cut-off valve capable of applying broken lines automatically. Road markings shall be of thermoplastic material with glass reflectorising beads as per relevant clauses of Section 803 of MOST specifications. PROJECT VEHICLES AND EQUIPMENT FOR OPERATION All the vehicles used for activities pertaining to the highway operation shall confonn to the Motor Vehicles Act 1988. All the gadgets, equipment or any systems used for operation and maintenance of the highway shall",False,False,True
NHAI_AP_TADA_NELLORE,NHAI_Tada_Nellore_NH5_Vol_II.pdf,HISTORICAL_CONDITION_SURVEY,48,BRIDGE_REPAIR_ENGINEERING_EVIDENCE,BRIDGE,,,,,MAINTENANCE,,,,"Figure D-l - - Control Centre in Administrative, Operation and Maintenance Base Camp at Nellore end Toll Plaza Nellore end Toll Plaza SOS TELEPHONE TAP at Tada end and Ibrahimpatnam Toll Plaza 2 km SOS TELEPHONE TAP : Traffic Aid Post Distance are representative 4.9.1.2 The minimum sizes of the rooms in the TAP shall be as per Section 12 of the NBC and sanitary convenience shall be provided as per clause 5.5.1 (Table 1) of the NBC. The TAP shall adequately house a sub-inspector's room, a constable's room, first aid room, waiting room and a pantry. Covered parking space shall be provided for the vehicle(s) operated by the TAP. 4.9.2 Pedestrian Guard Rails and Safety Barriers 4.9.2.1 The layou",False,False,True
NHAI_AP_TADA_NELLORE,NHAI_Tada_Nellore_NH5_Vol_II.pdf,HISTORICAL_CONDITION_SURVEY,54,IDENTIFIED_BRIDGE_CONDITION_CANDIDATE,BRIDGE,CONDITION,,,,MAINTENANCE,km.52.8; km.,,,"onal Highways No.5 from km.52.8 and ends at km. 163.6 and part of National Highways No. 9 from km. 216 to km. 265, both in the State of Andhra Pradesh. And whereas, having regard to the expenditure involved in building, maintenance, management and operation of the said stretch of National Highway, interest on the capital invested, reasonable returns, the volume of traffic and the period of such agreement, the Central Government has decided to determine the rates of fee and period of fee collection. Now, therefore, in exercise of the powers conferred under sub rule 2 read with sub rule 1 of rule 3 of ""National Highways (Collection of fees by any person for the use of sections of National High",False,False,True
NHAI_AP_TADA_NELLORE,NHAI_Tada_Nellore_NH5_Vol_II.pdf,HISTORICAL_CONDITION_SURVEY,55,IDENTIFIED_BRIDGE_CONDITION_CANDIDATE,,GOOD,,,,,km.52.8; km.163.6; km.217; km.265,,,"1. 2. 3. 4. 5. Notes : 1. The aforesaid Fee will be revised with effect from July 1 for one year. The revised fee shall be computed (""Computed Fee"") as follows: CATEGORY OF VEHICLE (2) A car, passenger van or jeep Light Goods Vehicle (LGV) Truck Bus Earth moving equipment and Heavy construction machinery including oversized vehicles carrying boilers, turbines, generators, etc. Base Fee X WPl, BASE FEE # RATE OF FEE PER VEHICLE PER TRIP (IN RUPEES PER KM) (3) 0.40 0.70 1.40 1.40 3.00 Where WPI, = is the WPI on March 31, 1997 WPli = is the WPI on March 31 preceding the fee-revision date. The Actual Fees to be charged shall be rounded off to the nearest five Rupees. 2. Following types of vehicl",False,False,True
NHAI_AP_TADA_NELLORE,NHAI_Tada_Nellore_NH5_Vol_II.pdf,HISTORICAL_CONDITION_SURVEY,57,BRIDGE_REPAIR_ENGINEERING_EVIDENCE,,,,,,REHABILITATION; MAINTENANCE,km 52.8; km 217; km 253; KM 163.6,,,"SCHEDULE HI PROJECT COMPLETION SCHEDULE FOR SECTION OF NH-5 (TADA TO NELLORE) Name of the Pmiecl : Widening of existing 2-lanes to 4-lanes divided caniageway facility including rehabilitation of existing 2-lanes from (a) km 52.8 to 163.8 on Tada-Nellore Section of National Highway No. 5(NH-5)' in Andhra Pradesh, India and (b) km 217 to 252 on Nandigama-lbrahimpalnam Section of Nalional Highway No. 9 (""NH-9)'on build, operate and transferpOT') basis, and (c ) operation. maintenance and collection of fees of NH-9 from km 253 to 266 on Ibrahimpaham-Vijayawada Section in Andhra Pradesh, lndia SECTION OF NH-5 FROM TADA TO NELLORE (KM 52.8 TO KM 163.6) Sl. No. 1 2 3 4 5 Project Mile Stone Signing ",False,False,True
NHAI_AP_TADA_NELLORE,NHAI_Tada_Nellore_NH5_Vol_II.pdf,HISTORICAL_CONDITION_SURVEY,58,BRIDGE_REPAIR_ENGINEERING_EVIDENCE,BRIDGE; MAJOR BRIDGE,,,,,REHABILITATION; MAINTENANCE,km 52.8; km 217; km 253; KM 265,,,"PROJECT COMPLETION SCHEDULE FOR SECTION OF NH-9 (NANDIGAMA TO VIJAYAWADA) Name of the Assignment : Widening of existing Z-lanes to 4-lanes divided carriageway fadlity induding rehabilitation of existing Z-lanes fmm (a) km 52.8 to 163.6 on Tada-Neilore Secfion of National Highway No. 5(""NH-5)"" in Andhra Pradesh. India and (b) km 217 to 252 on Nandigama-ibmhimpabram Section of National Highway No. 9 rNH-9)"" on build, operate and bansfer (""BOT"") basis, and (c) operation, maintenance and collection of fees of NH-9 fmm km 253 to 265 on ibrahimpablam-Vijayawada Section in Andhm Pradesh. India. I SCHEDULE HZ SECTION OF NH-9 FROM NANDIGAMA TO VIJAYAWADA (KM 217 TO KM 265) Sl. No. 1 2 3 4 5 5.1 5.2 5",False,False,True
NHAI_AP_TADA_NELLORE,NHAI_Tada_Nellore_NH5_Vol_II.pdf,HISTORICAL_CONDITION_SURVEY,64,BRIDGE_REPAIR_ENGINEERING_EVIDENCE,BRIDGE,,,SLAB,,MAINTENANCE,KM 67.260; KM 124.300; KM 151.400; KM 153.500,AP_BR_OSM_W1081167107; AP_BR_OSM_W1086848414; AP_BR_OSM_W1086848416; AP_BR_OSM_W1086848436; AP_BR_OSM_W1086848440; AP_BR_OSM_W1088411426; AP_BR_OSM_W1088411432; AP_BR_OSM_W1088411472; AP_BR_OSM_W1088411473; AP_BR_OSM_W1088411477; AP_BR_OSM_W1088411479; AP_BR_OSM_W1088426820; AP_BR_OSM_W1088426833; AP_BR_OSM_W1088426835; AP_BR_OSM_W1088463022; AP_BR_OSM_W1088463024; AP_BR_OSM_W1089450070; AP_BR_OSM_W1089450073; AP_BR_OSM_W1089450078; AP_BR_OSM_W1089450081; AP_BR_OSM_W1120249872; AP_BR_OSM_W1155071501; AP_BR_OSM_W1155071503; AP_BR_OSM_W1191649245; AP_BR_OSM_W1225609297; AP_BR_OSM_W1232731403; AP_BR_OSM_W1232731423; AP_BR_OSM_W1237976449; AP_BR_OSM_W1237978378; AP_BR_OSM_W1237978510; AP_BR_OSM_W1237978514; AP_BR_OSM_W1237979758; AP_BR_OSM_W1237979762; AP_BR_OSM_W1243542316; AP_BR_OSM_W1243542321; AP_BR_OSM_W1245312598; AP_BR_OSM_W1245312599; AP_BR_OSM_W1273875767; AP_BR_OSM_W1273875769; AP_BR_OSM_W1273875773; AP_BR_OSM_W1273875775; AP_BR_OSM_W1273875815; AP_BR_OSM_W1273875817; AP_BR_OSM_W1273875869; AP_BR_OSM_W1273875875; AP_BR_OSM_W1273875877; AP_BR_OSM_W1306892617; AP_BR_OSM_W1306892623; AP_BR_OSM_W1324235692; AP_BR_OSM_W1329295334; AP_BR_OSM_W1329295340; AP_BR_OSM_W1362529455; AP_BR_OSM_W1362529457; AP_BR_OSM_W1367602016; AP_BR_OSM_W1384358138; AP_BR_OSM_W1451125171; AP_BR_OSM_W1463702254; AP_BR_OSM_W1463702255; AP_BR_OSM_W1467110239; AP_BR_OSM_W1470248110; AP_BR_OSM_W1470248112; AP_BR_OSM_W1470248115; AP_BR_OSM_W1470248117; AP_BR_OSM_W1470254032; AP_BR_OSM_W1470254034; AP_BR_OSM_W1470254037; AP_BR_OSM_W1470254039; AP_BR_OSM_W1470254042; AP_BR_OSM_W1470254595; AP_BR_OSM_W1470254597; AP_BR_OSM_W1492140167; AP_BR_OSM_W1492140169; AP_BR_OSM_W1498208935; AP_BR_OSM_W1498208941; AP_BR_OSM_W1498244122; AP_BR_OSM_W1509394849; AP_BR_OSM_W1509394850; AP_BR_OSM_W1513126572; AP_BR_OSM_W1513126574; AP_BR_OSM_W1513577126; AP_BR_OSM_W1523945375; AP_BR_OSM_W1523945376; AP_BR_OSM_W1524280480; AP_BR_OSM_W1526081025; AP_BR_OSM_W1534018757; AP_BR_OSM_W1534018759; AP_BR_OSM_W1540667922; AP_BR_OSM_W1544023678; AP_BR_OSM_W1544023680; AP_BR_OSM_W1546593842; AP_BR_OSM_W1546593845; AP_BR_OSM_W480403927; AP_BR_OSM_W480403929; AP_BR_OSM_W673858216; AP_BR_OSM_W673858223; AP_BR_OSM_W826596384; AP_BR_OSM_W826596386; AP_BR_OSM_W826596400; AP_BR_OSM_W826596402; AP_BR_OSM_W826596413; AP_BR_OSM_W826596416; AP_BR_OSM_W826596424; AP_BR_OSM_W826596430; AP_BR_OSM_W826596440; AP_BR_OSM_W826596442; AP_BR_OSM_W826596445; AP_BR_OSM_W826596449; AP_BR_OSM_W826596455; AP_BR_OSM_W826596458; AP_BR_OSM_W826596464; AP_BR_OSM_W826596466; AP_BR_OSM_W826596490; AP_BR_OSM_W826596496; AP_BR_OSM_W839529008; AP_BR_OSM_W843783103; AP_BR_OSM_W843783106; AP_BR_OSM_W845261050; AP_BR_OSM_W851480115; AP_BR_OSM_W851518401; AP_BR_OSM_W852274598; AP_BR_OSM_W852304662; AP_BR_OSM_W852304667; AP_BR_OSM_W852304670; AP_BR_OSM_W854500413; AP_BR_OSM_W854500419; AP_BR_OSM_W854500422; AP_BR_OSM_W854500428; AP_BR_OSM_W854500429; AP_BR_OSM_W854500435; AP_BR_OSM_W855374531; AP_BR_OSM_W855376825; AP_BR_OSM_W855376827,Service Road; Service Road; Service Road; Service Road; Service Road; Service Road; Service Road; Service Road; Service Road; Service Road; Service Road; Service Road; Service Road; Service Road; Service Road; Service Road; Service Road; Service Road; Service Road; Service Road; Service Road; Service Road; Service Road; Service Road; Service Road; Service Road; Service Road; Service Road; Service Road; Service Road; Service Road; Service Road; Service Road; Service Road; Service Road; Service Road; Service Road; Service Road; Service Road; Service Road; Service Road; Service Road; Service Road; Service Road; Service Road; Service Road; Service Road; Service Road; Service Road; Service Road; Service Road; Service Road; Service Road; Service Road; Service Road; Service Road; Service Road; Service Road; Service Road; Service Road; Service Road; Service Road; Service Road; Service Road; Service Road; Service Road; Service Road; Service Road; Service Road; Service Road; Service Road; Service Road; Service Road; Service Road; Service Road; Service Road; Service Road; Service Road; Service Road; Service Road; Service Road; Service Road; Service Road; Service Road; Service Road; Service Road; Service Road; Service Road; Service Road; Service Road; Service Road; Service Road; Service Road; Service Road; Service Road; Service Road; Service Road; Service Road; Service Road; Service Road; Service Road; Service Road; Service Road; Service Road; Service Road; Service Road; Service Road; Service Road; Service Road; Service Road; Service Road; Service Road; Service Road; Service Road; Service Road; Service Road; Service Road; Service Road; Service Road; Service Road; Service Road; Service Road; Service Road; Service Road; Service Road; Service Road; Service Road; Service Road; Service Road; Service Road; Service Road; Service Road,"NS & PAVEMENT MARKINGS DETAILS OF TRAFFIC SIGNS AT TOLL, REST AREA & JUNCTIONS GANTRY MOUNTED OVERHEAD TRAFFIC SIGNS TYPICAL DETAIL OF R.C PIPE CULVERT TYPICAL GA DETAIL FOR SLAB CULVERT TYPICAL GA DETAIL FOR SMALL SPAN BRIDGES TYPICAL REINFORCEMENT DETAILS FOR SMALL SPAN BRIDGES LAYOUT PLAN FOR TOLL PLAZA, TRAFFIC ISLAND & TOLL BOOTH DETAIL OF TOLL PLAZA, TOLL BOOTH AND CANOPY TOLL PLAZA ADMINISTRATION AND MAINTENANCE BUILDING - PLAN TOLL PLAZA ADMINISTRATION AND MAINTENANCE BUILDING - SECTION DETAIL OF SEPTIC TANK & SOAKAWAY TYPICAL DETAIL FOR SHELTER LAYOUT PLAN FOR PICK-UP BUS STOPS LAYOUT OF LORRY PARK AT TADA (KM 67.260 - 67.500) DETAIL OF DHABHA AT LORRY PARK (KM 124.300 - 124.500) DE",False,False,True
NHAI_AP_TADA_NELLORE,NHAI_Tada_Nellore_NH5_Vol_II.pdf,HISTORICAL_CONDITION_SURVEY,71,GENERAL_INSPECTION_OR_SURVEY_TEXT,BRIDGE,,SETTLEMENT,FOUNDATION; BEARING; BEARINGS; SUPERSTRUCTURE; SUBSTRUCTURE; EXPANSION JOINT,INSPECTION,,,,,Tada-Nellore a Nandigama-lbrahimpatnam-Vijayawada Section Testing Procedure SI. No. 3.4 3.5 4.0 5.0 6.0 7.0 3.3 l~earin~s lchecking and verification of the bearings to ascertain proper functioning. l~he inspection shall be carried out in Item Expansion Joints Foundation & Substructure Highway Lighting System Traffic Signals Toll System Operations Rest Area Operations Test Checking and verification of the Expansion joints to ascertain proper functioning Checking and verification of the Foundation settlement and rotation Level of illumination Test in accordance with the relevant clauses of IRC: 93 and IS 7537 1. Certified report of Factory Acceptance test (FAT) 2. Post installation site test t,False,False,True
NHAI_AP_TADA_NELLORE,NHAI_Tada_Nellore_NH5_Vol_II.pdf,HISTORICAL_CONDITION_SURVEY,74,GENERAL_ENGINEERING_REFERENCE,BRIDGE,,CRACK,SUPERSTRUCTURE,,,,,,"Tada-Nellore 6t Nandigama-lbrahimpatnam-Vijayawada Section Schedule-J LOAD TESTING OF A BRIDGE SUPERSTRUCTURE The load test shall be carried out to check and establish the serviceability and working strength of the superstructure. 1.0 Test Load The ""Test Load"" is the equivalent static load equal to the impacted working design Live Load (applied in addition to all dead loads) placed for maximum effect (bending moment, shear, deflection, etc. as the case may be) and applied either through an appropriate test loading truck or through loading platforms resting on tyre-contact area plates simulating the actual areas of wheels. 2.0 Load Application and Testing Procedure I. Fix deflection gauges (s",False,False,True
NHAI_AP_TADA_NELLORE,NHAI_Tada_Nellore_NH5_Vol_II.pdf,HISTORICAL_CONDITION_SURVEY,77,BRIDGE_REPAIR_ENGINEERING_EVIDENCE,,,,,,REHABILITATION; MAINTENANCE,km.,,,"yawada Section SCHEDULE - K COMPLETION CERTIFICATE Inlve, (Name of lndependent Consultant) acting as lndependent Consultant on the project, ""Widening the existing 2-lanes to Clanes divided carriageway facility including rehabilitation of existing 2-lanes of (a) NH-5 from km. 52.8 to km. 163.6 on the Tada-Nellore Section in Andhra Pradesh, India; (b) NH-9 from km. 217 to km. 252 on the Nandigama-lbrahimpatnam Section in Andhra Pradesh, India, on Build, Operate and Transfer (""BOT"") basis and (c) operation, maintenance and collection of fees of NH-9 from km. 253 to km. 265 on Ibrahimpatnam- Vijayawada Section in Andhra Pradesh, India, "" through the Concessionaire, (Name of Concessionaire) hereb",False,False,True
NHAI_AP_TADA_NELLORE,NHAI_Tada_Nellore_NH5_Vol_II.pdf,HISTORICAL_CONDITION_SURVEY,78,BRIDGE_REPAIR_ENGINEERING_EVIDENCE,,,,,,REHABILITATION,km.,,,"on SCHEDULE - Kq PROVISIONAL COMPLETION CERTIFICATE l/We (Name of lndependent Consultant) acting as lndependent Consultant on the project, ""Widening the existing 2-lanes to 4-lanes divided carriageway facility including rehabilitation of existing 2-lanes of (a) NH-5 from km. 52.8 to km. 163.6 on the Tada-Nellore Section in Andhra Pradesh, India, on Build, Operate and Transfer (""BOT"") basis,"" through the concessionaire, (Name of Concessionaire) hereby issue this provisional certificate of completion in-terms of sub- clause 17.5 of Concession Agreement dated lDate of Agreement), between the said Concessionaire and the NHAI, on the request of the said Concessionaire subject to the appended Punc",False,False,True
NHAI_AP_TADA_NELLORE,NHAI_Tada_Nellore_NH5_Vol_II.pdf,HISTORICAL_CONDITION_SURVEY,79,BRIDGE_REPAIR_ENGINEERING_EVIDENCE,,,,,,REHABILITATION; MAINTENANCE,km.,,,"SCHEDULE - K2 lp PROVISIONAL COMPLETION CERTIFICATE lMle @hm of Indenandant acting as lndependent Consultant on the project, ""Widening the existing 2-lanes to Clanes divided carriageway facility including rehabilitation of existing 2-lanes of (a) NH-9 from km. 217 to km. 252 on the Nandigama-lbrahimpatnam Section in Andhra Pradesh, India, on Build, Operate and Transfer (""BOT"") basis and (b) operation, maintenance and collection of fees of NH-9 from km. 253 to km. 265 on Ibrahimpatnam- Vijayawada Section in Andhra Pradesh, India,"" through the concessionaire, hereby issue this provisional certificate of completion in-terms of sub-clause 17.5 of Concession Agreement dated ~nfg~between the said ",False,False,True
NHAI_AP_TADA_NELLORE,NHAI_Tada_Nellore_NH5_Vol_II.pdf,HISTORICAL_CONDITION_SURVEY,84,BRIDGE_REPAIR_ENGINEERING_EVIDENCE,,,,,,MAINTENANCE,,AP_BR_OSM_W1081167107; AP_BR_OSM_W1086848414; AP_BR_OSM_W1086848416; AP_BR_OSM_W1086848436; AP_BR_OSM_W1086848440; AP_BR_OSM_W1088411426; AP_BR_OSM_W1088411432; AP_BR_OSM_W1088411472; AP_BR_OSM_W1088411473; AP_BR_OSM_W1088411477; AP_BR_OSM_W1088411479; AP_BR_OSM_W1088426820; AP_BR_OSM_W1088426833; AP_BR_OSM_W1088426835; AP_BR_OSM_W1088463022; AP_BR_OSM_W1088463024; AP_BR_OSM_W1089450070; AP_BR_OSM_W1089450073; AP_BR_OSM_W1089450078; AP_BR_OSM_W1089450081; AP_BR_OSM_W1120249872; AP_BR_OSM_W1155071501; AP_BR_OSM_W1155071503; AP_BR_OSM_W1191649245; AP_BR_OSM_W1225609297; AP_BR_OSM_W1232731403; AP_BR_OSM_W1232731423; AP_BR_OSM_W1237976449; AP_BR_OSM_W1237978378; AP_BR_OSM_W1237978510; AP_BR_OSM_W1237978514; AP_BR_OSM_W1237979758; AP_BR_OSM_W1237979762; AP_BR_OSM_W1243542316; AP_BR_OSM_W1243542321; AP_BR_OSM_W1245312598; AP_BR_OSM_W1245312599; AP_BR_OSM_W1273875767; AP_BR_OSM_W1273875769; AP_BR_OSM_W1273875773; AP_BR_OSM_W1273875775; AP_BR_OSM_W1273875815; AP_BR_OSM_W1273875817; AP_BR_OSM_W1273875869; AP_BR_OSM_W1273875875; AP_BR_OSM_W1273875877; AP_BR_OSM_W1306892617; AP_BR_OSM_W1306892623; AP_BR_OSM_W1324235692; AP_BR_OSM_W1329295334; AP_BR_OSM_W1329295340; AP_BR_OSM_W1362529455; AP_BR_OSM_W1362529457; AP_BR_OSM_W1367602016; AP_BR_OSM_W1384358138; AP_BR_OSM_W1451125171; AP_BR_OSM_W1463702254; AP_BR_OSM_W1463702255; AP_BR_OSM_W1467110239; AP_BR_OSM_W1470248110; AP_BR_OSM_W1470248112; AP_BR_OSM_W1470248115; AP_BR_OSM_W1470248117; AP_BR_OSM_W1470254032; AP_BR_OSM_W1470254034; AP_BR_OSM_W1470254037; AP_BR_OSM_W1470254039; AP_BR_OSM_W1470254042; AP_BR_OSM_W1470254595; AP_BR_OSM_W1470254597; AP_BR_OSM_W1492140167; AP_BR_OSM_W1492140169; AP_BR_OSM_W1498208935; AP_BR_OSM_W1498208941; AP_BR_OSM_W1498244122; AP_BR_OSM_W1509394849; AP_BR_OSM_W1509394850; AP_BR_OSM_W1513126572; AP_BR_OSM_W1513126574; AP_BR_OSM_W1513577126; AP_BR_OSM_W1523945375; AP_BR_OSM_W1523945376; AP_BR_OSM_W1524280480; AP_BR_OSM_W1526081025; AP_BR_OSM_W1534018757; AP_BR_OSM_W1534018759; AP_BR_OSM_W1540667922; AP_BR_OSM_W1544023678; AP_BR_OSM_W1544023680; AP_BR_OSM_W1546593842; AP_BR_OSM_W1546593845; AP_BR_OSM_W480403927; AP_BR_OSM_W480403929; AP_BR_OSM_W673858216; AP_BR_OSM_W673858223; AP_BR_OSM_W826596384; AP_BR_OSM_W826596386; AP_BR_OSM_W826596400; AP_BR_OSM_W826596402; AP_BR_OSM_W826596413; AP_BR_OSM_W826596416; AP_BR_OSM_W826596424; AP_BR_OSM_W826596430; AP_BR_OSM_W826596440; AP_BR_OSM_W826596442; AP_BR_OSM_W826596445; AP_BR_OSM_W826596449; AP_BR_OSM_W826596455; AP_BR_OSM_W826596458; AP_BR_OSM_W826596464; AP_BR_OSM_W826596466; AP_BR_OSM_W826596490; AP_BR_OSM_W826596496; AP_BR_OSM_W839529008; AP_BR_OSM_W843783103; AP_BR_OSM_W843783106; AP_BR_OSM_W845261050; AP_BR_OSM_W851480115; AP_BR_OSM_W851518401; AP_BR_OSM_W852274598; AP_BR_OSM_W852304662; AP_BR_OSM_W852304667; AP_BR_OSM_W852304670; AP_BR_OSM_W854500413; AP_BR_OSM_W854500419; AP_BR_OSM_W854500422; AP_BR_OSM_W854500428; AP_BR_OSM_W854500429; AP_BR_OSM_W854500435; AP_BR_OSM_W855374531; AP_BR_OSM_W855376825; AP_BR_OSM_W855376827,Service Road; Service Road; Service Road; Service Road; Service Road; Service Road; Service Road; Service Road; Service Road; Service Road; Service Road; Service Road; Service Road; Service Road; Service Road; Service Road; Service Road; Service Road; Service Road; Service Road; Service Road; Service Road; Service Road; Service Road; Service Road; Service Road; Service Road; Service Road; Service Road; Service Road; Service Road; Service Road; Service Road; Service Road; Service Road; Service Road; Service Road; Service Road; Service Road; Service Road; Service Road; Service Road; Service Road; Service Road; Service Road; Service Road; Service Road; Service Road; Service Road; Service Road; Service Road; Service Road; Service Road; Service Road; Service Road; Service Road; Service Road; Service Road; Service Road; Service Road; Service Road; Service Road; Service Road; Service Road; Service Road; Service Road; Service Road; Service Road; Service Road; Service Road; Service Road; Service Road; Service Road; Service Road; Service Road; Service Road; Service Road; Service Road; Service Road; Service Road; Service Road; Service Road; Service Road; Service Road; Service Road; Service Road; Service Road; Service Road; Service Road; Service Road; Service Road; Service Road; Service Road; Service Road; Service Road; Service Road; Service Road; Service Road; Service Road; Service Road; Service Road; Service Road; Service Road; Service Road; Service Road; Service Road; Service Road; Service Road; Service Road; Service Road; Service Road; Service Road; Service Road; Service Road; Service Road; Service Road; Service Road; Service Road; Service Road; Service Road; Service Road; Service Road; Service Road; Service Road; Service Road; Service Road; Service Road; Service Road; Service Road; Service Road; Service Road; Service Road,"be conflicting with the main traffic on the service roads. c) On completion of the divided 4 lane carriageway of the Project Highway, the main traffic from the service roads shall be restored on them. 2.5. Operation and Maintenance Stage 2.5.1. During the entire period of operation on the Project Highway within the Concession Period, various important activities that are to be carried out are: a) Regular periodic maintenance activities: i) Renewal of the wearing surface of the road pavement once every 5 years;",False,False,True
NHAI_AP_TADA_NELLORE,NHAI_Tada_Nellore_NH5_Vol_II.pdf,HISTORICAL_CONDITION_SURVEY,87,BRIDGE_REPAIR_ENGINEERING_EVIDENCE,BRIDGE; ROB,FAIR,,,INSPECTION,REPAIR; REPAIRS; MAINTENANCE,,,,"e of the Project Highway by providing a rapid and effective response and maintaining liaison procedures with emergency services. Reasonably smooth and safe movement of traffic during emergency activities such as special repairs during floods, storms, hurricane and earthquakes. Failure of a system due to human error, electrical or mechanical failure. 3.3. The Concessionaire shall keep regular record of accidents that occur including the nature of accident, location of occurrence, time and date in the prescribed format, included in the Maintenance Manual and shall forward the monthly particulars of the same to the Independent Consultant and the NHAl regularly in the first week of the following",False,False,True
NHAI_AP_TADA_NELLORE,NHAI_Tada_Nellore_NH5_Vol_II.pdf,HISTORICAL_CONDITION_SURVEY,88,BRIDGE_REPAIR_ENGINEERING_EVIDENCE,BRIDGE,CONDITION; GOOD; DISTRESS; DEFECT,RUST,,INSPECTION; INSPECTED,REPAIR; REPAIRS,,,,3.6. Close Inspection The close inspection may be visual andlor supplemented by standard instrumental aids for assessment of defects I deficiencies of Project Highway with careful observation of specific element(s). The close inspection may be daily I periodic but it is more intensive and would require detailed examination of element of the Project Highway. It should cover all the aspects of the specific element of project Highway against a checklist. The close inspections are to be carried out quite frequently depending upon the nature of structure of Project Highway. This inspection is to be carried out by the HighwaylBridge Engineer having good knowledge of road structures with theoretica,False,False,True
NHAI_AP_TADA_NELLORE,NHAI_Tada_Nellore_NH5_Vol_II.pdf,HISTORICAL_CONDITION_SURVEY,90,BRIDGE_REPAIR_ENGINEERING_EVIDENCE,BRIDGE,CONDITION,,,INSPECTION,MAINTENANCE,,,,"4. MAINTENANCE Z 4.1. Introduction 4.1.1. The Concessionaire shall maintain the Project Highway in traffic-worthy condition and the Project's Ancillary Facilities in usable condition throughout the Concession Period or any extension thereof in terms of the Concession Agreement through regular maintenance and preventive maintenance of the various items and elements of the Project Highway. 4.1.2. The Concessionaire shall maintain the existing two-lane of the Project Highway during construction of new lanes in such a manner that the unevenness index of the pavement does not exceed 3500 mm per km, or the present roughness value of the existing pavement, whichever is lesser. 4.1.3. The following ",False,False,True
NHAI_AP_TADA_NELLORE,NHAI_Tada_Nellore_NH5_Vol_II.pdf,HISTORICAL_CONDITION_SURVEY,93,BRIDGE_REPAIR_ENGINEERING_EVIDENCE,BRIDGE,CONDITION; DISTRESS; DAMAGED,CRACK; CRACKING; SCOUR; SETTLEMENT,PIER; PIERS; ABUTMENT; SUPERSTRUCTURE; SUBSTRUCTURE,,REPAIR; MAINTENANCE,,,,"4.4.5. Damaged CulvertslBridges The treatment for the damaged culvertslbridges shall be assessed at site after ascertaining the damaged portion as per site exigencies. The repair shall be carried out expeditiously. 4.4.6. Drainage I Side Drains 4.4.6.1. Routine maintenance under this category shall cover pipe drainage system, slot drains, porous drains, gullies, catch-pits, open grills, ditches, side drains and median drainage etc. 4.4.6.2. If the side drains / median drains where provided, and other drainage structures have been silted up in such a manner that it is causing obstruction in flow of water, the same shall be cleared off regularly in order to keep the drains free from obstructio",False,False,True
NHAI_AP_TADA_NELLORE,NHAI_Tada_Nellore_NH5_Vol_II.pdf,HISTORICAL_CONDITION_SURVEY,96,BRIDGE_REPAIR_ENGINEERING_EVIDENCE,BRIDGE,CONDITION; GOOD; SATISFACTORY,,,INSPECTION; INSPECTED,REPAIR; REPAIRS; MAINTENANCE,,,,t of 25 mm of bituminous concrete shall be laid every 5 years after initial construction or where the roughness value reaches 3500 mmlkm whichever is earlier to bring it to initial value of 2500 mmlkm. 4.5.2. Structural Condition of the Pavement I) The structural condition of the flexible pavement of the Project Highway shall be assessed every year by taking Benkelman Beam Deflections and working out characteristic deflections of homogeneous sections of the Project Highway as per IRC-81-1997. Wherever the characteristic deflection exceeds 0.8 mm a bituminous overlay shall be provided appropriately designed according to IRC-81-1997 or its latest versions or amendments to it. II) In the case o,False,False,True
NHAI_AP_TADA_NELLORE,NHAI_Tada_Nellore_NH5_Vol_II.pdf,HISTORICAL_CONDITION_SURVEY,100,BRIDGE_REPAIR_ENGINEERING_EVIDENCE,RUB,CONDITION; DEFECT,,,INSPECTION,REPAIR; REHABILITATION; MAINTENANCE,,,,"4.6.9.8. The operation and maintenance manual shall include a maintenance and management plan for trees, shrubs, turfing and hedges to sustain their development in a manner pleasing in appearance. ""' 4.7. Inspection Reports and Remedial Measures 4.7.1. Periodicity of inspections for maintenance activities by the Concessionaire shall be regulated as per the Concession Agreement and governed by the exigencies of the situation. The said inspections shall be followed by reports to the lndependent Consultant and the NHAI. Based on reports, detailed investigations shall be undertaken by the Concessionaire itself andlor on advice of the lndependent Consultant and the NHAI as the case may be. 4.7.2.",False,False,True
NHAI_AP_TADA_NELLORE,NHAI_Tada_Nellore_NH5_Vol_II.pdf,HISTORICAL_CONDITION_SURVEY,102,IDENTIFIED_BRIDGE_CONDITION_CANDIDATE,,CONDITION,,,,REHABILITATION; MAINTENANCE,km.,,,"Schedule L, TRANSFER CERTIFICATE INVe, (name of the Independent Consultant) issue this certificate, designated Transfer Certificate for widening the existing 2-lanes to 4-lanes divided carriageway facility including rehabilitation of existing 2-lanes of (a) NH-5 from km. 52.8 to km. 163.6 on the Tada-Nellore Section in Andhra Pradesh, India; (b) NH-9 from km. 217 to km. 252 on the Nandigama-lbrahimpatnam Section in Andhra Pradesh, India, on Build, Operate and Transfer (""BOP) basis and (c) operation, maintenance and collection of fees of NH-9 from km. 253 to km. 265 on Ibrahimpatnam-Vijayawada Section in Andhra Pradesh, India, by the Concessionaire (name of the Concessionaire) as per the Conc",False,False,True
NHAI_AP_TADA_NELLORE,NHAI_Tada_Nellore_NH5_Vol_II.pdf,HISTORICAL_CONDITION_SURVEY,105,BRIDGE_REPAIR_ENGINEERING_EVIDENCE,BRIDGE,DISTRESS,,,INSPECTION,REPAIR; REPAIRS; REHABILITATION; REHABILITATE; MAINTENANCE,,,,"Schedule - L Appendix - 3.3 Do nothing repairs andlor rehabilitate 4 Routine (ordinary) Maintenance Operation Investigation 1 Distress-wise Periodic Data Analysis (Principal) lnspection i I Special Maintenance 3 Rating Analysis (refer Appendix 3.4) - I Operation I Special Inspection (emer- gency, major weakness noticed in routinelprincipall periodic Inspection, settle- ment of sub-structure and chanae of traffic Dattern 4 Daily and Periodic (Routine) Inspection Rating Analysis (refer Appendix 3.4) repairs andlor Reconstruction - -1 rehabilitation I 4 Distress-wise Data Analysis FLOW CHART FOR BRIDGES AND CULVERTS MAINTENANCE",False,False,True
